track_id,version,PC1,PC2,PC3,PC4,PC5,PC6,PC7,PC8
19790001,before,-0.12333465,0.72432086,-0.10363463,-0.50475701,0.38927482,0.20356948,0.46265237,-1.1828017
19790026,before,-0.20789586,-0.39218138,-0.16646344,0.077257269,0.64237436,-0.86890042,-1.4749578,-0.21251081
19790048,before,0.57921941,-0.71310461,-0.3398447,-0.69194299,-1.0403884,0.66795724,1.5733452,-1.0653772
19790063,before,-1.0069187,-0.21486204,0.52619169,-0.64894571,-0.016952226,-0.2671219,-0.54695658,-0.47715872
19790079,before,-1.1599657,-0.68149073,-0.22389372,0.013608266,-0.70117066,-1.0112915,1.4776477,2.3609648
19790087,before,-0.49631325,-0.054928672,0.2263557,2.1104076,1.1125805,-0.57898004,0.5817114,-0.24958985
19790094,before,-0.54242628,-0.83896219,-0.2158018,-0.17926481,0.98079761,-0.17714128,-1.6023237,0.2753861
19790097,before,-0.076979176,0.60909147,0.0092798335,-0.88323427,0.37630031,-0.94964835,-0.14910873,-0.14269359
19790101,before,0.66966912,-0.2103572,0.140857,-0.4978315,-0.21869192,-1.2566593,0.023480564,0.23824138
19790119,before,-0.49950307,-0.59380199,-1.0132978,-0.29954851,-0.36909203,-0.56280959,-0.64181303,1.0827181
19790135,before,1.1804853,-0.27587175,0.075710507,-0.30291816,-1.6755913,-1.4920289,0.5805812,-0.67577718
19790140,before,-0.61834939,-1.2932693,-3.165791,0.49972608,0.74111702,1.2832688,0.59933108,-0.1745482
19790144,before,0.17107577,-0.26659845,-0.00648144,-0.0034827639,-0.85958111,-0.059760702,0.027971028,-1.0499292
19790166,before,1.5037528,-1.6139532,1.0932844,-0.23059806,-3.4235032,-0.62251301,1.2552565,-0.61647848
19790168,before,-1.2615217,-0.55037661,0.5024685,-0.94387639,-0.90148973,-0.56587496,-0.13488402,-0.69598134
19790178,before,0.046076127,-1.1760357,0.82168925,-0.41189056,0.84180866,0.567375,-0.19344641,-1.1239895
19790194,before,-0.35118421,-0.43016948,1.3343968,-0.82111755,0.3487232,-0.16404615,0.31512518,-0.36989184
19790205,before,1.0525415,-0.13940274,-0.010812527,0.9049272,-0.18390587,0.26645219,0.46090801,0.12647959
19790213,before,-0.07855184,-0.52570596,0.36703582,-0.74320322,-0.095090418,-0.30550904,-0.20215081,-0.70840076
19790236,before,-0.44008432,-0.41143176,-1.2580452,0.077868676,-0.89672402,-0.40860046,-0.020751711,0.51834956
19790237,before,-0.2808078,-1.0053176,-0.31207131,0.11570353,-0.20927821,-0.74565099,-1.0074407,0.03860113
19790256,before,-0.0019600892,-0.22821936,0.24767033,0.10479874,-0.67031942,-1.0323413,-0.1429112,-0.88805739
19790273,before,0.27137595,-0.49039472,0.73499874,0.35292469,0.35779174,-0.93976532,-0.16635799,-0.35817457
19790300,before,-0.45188141,-0.71574865,0.15868512,-1.1023809,0.52507501,-0.80329833,-0.21032383,-1.2975383
19790304,before,-0.97115602,-0.62308097,0.24508473,1.3215429,-1.652025,-0.8011475,0.39422584,0.93779476
19790322,before,-0.6259646,0.13238237,0.026685612,-0.36877078,-0.60657004,-0.63647224,-0.45734144,-0.59381761
19790339,before,-0.90636779,-0.32768676,-0.91816947,-0.72753481,0.094574691,-0.60060423,-0.5774364,-0.22094819
19790369,before,-0.18144179,0.19908595,1.5619448,-0.86351512,0.58332183,-0.29085036,-0.5347061,-0.4466995
19790385,before,-1.5558363,-0.10671406,0.46960496,-0.80453715,0.075115925,0.051276442,0.59193243,0.92164959
19790391,before,0.045900546,-0.48150199,-0.25450645,-0.33954466,0.27033378,-1.1679491,-0.17227903,0.037662218
19790394,before,-1.3242615,0.58909146,-0.71972143,-0.68174602,-1.0912609,0.19333467,0.044018969,0.5753701
19790406,before,-0.60401505,-0.031331353,-0.56620538,-0.12780138,-0.066630199,-0.76285784,-0.044472241,1.0315296
19790414,before,0.80246662,0.23773319,0.21736759,0.54420005,0.89445402,1.4675021,0.4147961,-1.1117335
19790455,before,-0.72058869,0.4471214,0.38070741,1.0960015,0.18421834,1.212169,-0.37358217,0.047389116
19790473,before,-0.10859444,0.79207143,-0.088181251,0.30116232,0.26158006,1.0933903,1.2125232,-1.5484519
19790483,before,-0.39708554,-0.12683653,0.66712531,1.2225383,0.6345203,0.28610933,0.2029591,-0.3153476
19790497,before,-1.2112676,-0.420471,-0.35815779,-0.21126098,1.3286739,-0.42474966,0.46574965,0.89854387
19790535,before,1.8758929,1.9390282,0.55156328,-1.031356,-1.6566257,-0.34800761,0.065332238,0.85707282
19790550,before,0.016328503,-0.71434465,-1.3535183,-0.71922147,-0.12695096,-0.7117105,0.7647036,-0.80182777
19790561,before,-0.96542402,-0.63359798,0.9374237,-0.11952397,0.17486745,0.58022599,0.34457642,-0.20931069
19790585,before,2.6277384,1.2176003,0.80792776,-0.97438459,-1.0740442,1.228373,1.7778415,0.86147365
19790594,before,0.070990458,-0.80873988,0.22838641,0.046104928,-0.80257438,-0.26640243,0.13218709,-0.096383402
19790613,before,0.78974101,-1.4647701,-0.22681094,-0.6157164,-1.3438433,-0.74455762,0.11786627,0.56721299
19790618,before,0.58295345,0.65963595,0.45353139,0.22686298,-0.56014841,-0.71938744,0.11914281,-0.7559431
19790637,before,-1.303387,-0.98161554,0.8252958,1.3853954,0.79760365,-1.0673927,-0.33743622,1.0180142
19790644,before,2.6066706,-1.0653717,0.70754556,0.1948046,-1.6390925,0.2437008,0.53082911,0.46344111
19790664,before,-0.89325885,-0.47532126,-1.5753675,0.066426798,1.092662,0.15818389,-0.42134041,0.63430144
19790669,before,-0.060154968,2.9831368,-0.79401336,0.17321517,0.11613049,-2.2566207,0.90267905,0.31347092
19790689,before,-0.31435852,1.0801543,-0.69600622,-0.74870077,0.021077925,-0.5325814,-0.4047992,-1.1940179
19790690,before,0.75945261,0.92040914,-0.19236392,-0.62972229,0.16522914,-0.16262926,1.0404613,-0.18390702
19790691,before,0.53320366,-0.065759312,-0.0024961484,0.59829225,0.46971701,0.68513636,0.18158175,-0.54756242
19790697,before,-0.38997532,0.33493202,-0.19539172,-0.17316934,-0.0088956049,0.81743384,1.1713297,0.029150422
19790752,before,-0.29774258,1.1850025,0.13044349,-0.2630508,0.032028099,-0.47618485,0.805442,-1.4944463
19790770,before,0.17964638,0.83575524,-0.4981477,0.65145225,-0.45823323,0.41615334,0.22601564,-0.80926483
19790802,before,0.064183506,3.0220787,-0.60231423,0.13761818,-1.3707622,-0.79379674,0.89942412,-0.53551584
19790820,before,1.3906945,-0.64913245,-1.2535298,-2.0872239,0.1461493,0.5519395,0.62614062,-0.27048369
19790824,before,-0.35939862,-0.37873694,-0.10125084,-0.47734614,0.12616018,-0.31602643,-0.25915242,0.48499728
19790835,before,-0.6638853,2.208911,-0.52583015,-0.15758325,-0.18868585,-0.018619222,0.099830129,-1.1448043
19790842,before,-0.19747878,-0.029667782,-1.358172,1.1576101,-0.31500057,-0.32951689,0.87058692,0.6095356
19790847,before,-0.75881191,1.7124309,-0.20309277,0.22020616,-0.69559516,-0.079150454,1.6361463,-0.53240969
19790898,before,-0.55455012,0.18289185,0.86312901,0.3844689,0.62337813,0.1971413,-0.75785952,-0.39840694
19790903,before,-0.007372959,-1.7122347,-0.22817699,2.1349571,0.07944916,-1.9575172,2.2024212,0.4459976
19790917,before,-0.11387411,-0.35596369,-0.1663806,-0.31017152,-0.2656948,-0.64627695,-0.082085116,-0.48582621
19790918,before,0.60153311,0.023171857,0.62852543,1.5034227,1.1680124,3.1872048,-0.89720886,-0.59588276
19790931,before,1.2864927,1.4894837,0.30758446,0.30560293,0.98613574,1.0276784,0.21177411,-1.7440244
19790933,before,0.97278706,0.36507507,-0.52089693,0.72444591,-0.64850106,0.69010037,-0.69947194,0.40744312
19790946,before,0.79461689,0.39387122,0.013535796,-1.098908,0.94638355,0.5211996,-0.10602862,-0.9294938
19790957,before,-0.74755912,-0.39663148,-0.95172311,2.0207169,0.54137803,-0.30181791,-0.21634845,-0.44180925
19790958,before,-0.75105891,-1.0982145,0.16045698,-0.77106142,-0.3040466,1.6705582,0.60878012,-0.65948315
19790971,before,-0.30147759,0.55208309,0.045097577,0.16090664,0.32095506,-0.37441528,0.40707434,-1.3438326
19790972,before,-1.117452,-0.25314149,-0.50835092,-0.86409634,0.33180652,-0.74464601,-1.2636,-0.12287987
19790977,before,-0.70788981,-0.054526247,0.49275785,0.29404001,0.68527086,0.85681903,-0.52608234,-0.80782375
19790985,before,-0.2931326,0.22688509,1.8824563,0.68709935,0.47592455,1.2688533,-0.070044774,0.81610482
19791000,before,0.68468279,1.8055723,-0.41455255,1.1628275,-0.44863496,0.59770541,0.70993247,-0.53038935
19791008,before,2.6014896,-2.2658205,0.58367641,2.1550224,2.6829483,1.7901058,-0.96829349,-0.040496219
19791011,before,-0.18221052,-0.53427735,0.26570523,-1.3187394,0.022139357,-0.29731851,0.47900081,-0.058573542
19791015,before,-0.073792444,2.8392951,-1.4102778,2.9882118,0.9137701,-3.4070067,0.43001756,1.1281714
19791038,before,1.1642073,0.049835293,1.4295567,-0.83913849,0.60447613,0.66731226,2.0989647,-0.62491625
19791045,before,-0.27567355,-0.43023798,0.37155491,-0.54414471,-0.79062778,-0.24223676,-0.67232139,-0.24489422
19791063,before,-1.2037437,-0.61683057,-0.14094112,0.3142483,0.9076196,-0.85541319,-0.96202945,-0.41027971
19791068,before,-0.47809234,-1.0438773,-0.4790528,0.20696251,0.33290406,0.65011312,0.11840996,-0.57921294
19791072,before,0.043405971,0.44374176,0.39440799,-0.49928721,-1.0763189,-0.13460414,-0.97568938,-0.92258064
19791086,before,-0.63560971,0.11106658,0.4103635,-0.63337948,0.018753115,-0.31418687,-0.22029944,-0.92552112
19791091,before,-1.4317325,0.39802195,-1.0295459,0.19546929,-0.66811303,-0.38063471,-0.2188072,-0.27212636
19791097,before,-0.086894884,-0.89079258,-0.86237817,-0.11585301,-0.22215071,-0.16666489,-0.59449367,-0.80532462
19791133,before,-0.92532274,0.15441455,0.075036454,-0.5727485,-0.54603883,-0.23933502,-0.25541308,-0.59652381
19791146,before,-0.57895761,-0.34635949,0.37428578,-1.2151063,0.39168265,-0.35158001,0.5172646,-1.178672
19791150,before,1.6102214,-1.5999774,0.18757432,0.02328067,-0.48321581,0.044987361,0.59399034,-0.72935892
19800005,before,-1.0247838,0.063488307,-0.38589194,-0.34041881,-0.77050081,0.39439179,0.36413304,-0.61754631
19800006,before,-0.32254503,-0.72785462,-0.072047111,-0.23583033,-0.10730028,-0.25742226,-1.2569027,-0.27831965
19800015,before,-0.77612677,0.049713376,0.51242737,-0.7858328,0.0041521902,-0.58974824,-0.32316914,-0.53529957
19800016,before,-0.67691205,-0.1314356,0.0042706026,0.34230277,-0.17755533,0.40635653,0.22336988,-1.1068238
19800021,before,0.25097941,-0.88128841,1.1786979,-1.3051185,0.7296255,-0.33501061,-0.15724766,-0.3845283
19800028,before,0.14122155,0.21629297,-0.11539704,-0.22295113,-0.57040272,-0.29502381,-0.68847926,-1.3249942
19800033,before,-1.0699375,0.98561909,0.84934073,-0.51525907,-0.7156147,0.38117861,-0.81530841,0.7918283
19800064,before,-0.4855498,-0.196955,0.022513152,-0.1807566,-0.60873291,-0.75141356,-1.6434229,0.18625536
19800068,before,0.34439553,-0.18891034,1.0552104,-1.3932698,1.300886,-0.62823115,-0.096527046,-1.3068588
19800073,before,-0.35882869,-0.67923861,-0.62760891,0.62399275,0.28439533,0.087763966,-0.066291303,-0.47317442
19800085,before,-0.78075105,0.27940982,0.14057273,0.22482575,-0.30367855,0.31559017,0.30029817,-0.89754478
19800090,before,-0.76120411,0.083578752,0.083829097,-0.23214148,-0.21565516,0.27436401,-0.82370064,-1.0767013
19800094,before,-0.35120197,0.25578042,0.086862675,-1.2811803,0.29766302,-0.217376,0.65034376,-1.347417
19800097,before,-0.72321512,-0.58593191,-0.26102121,-0.73618907,-0.79533699,0.29289974,-0.75926736,-0.1412368
19800114,before,2.058013,-0.1298417,-0.14484857,-2.0756109,1.189801,0.20437946,0.54784081,-0.57140211
19800123,before,-0.60856761,-1.4333677,-0.774317,1.3620843,0.293971,1.011152,-0.15056229,-0.94904809
19800134,before,0.13919706,-0.29168325,1.9013748,-0.14220588,-1.5670248,-0.58100206,-1.7021381,-0.78939202
19800155,before,-0.65749872,-0.093210257,0.68505737,-1.391277,0.25938905,-0.33324977,-0.43005649,-0.55162676
19800157,before,-0.78504818,1.4533947,-1.1568562,-0.03327549,-1.5631935,0.91387437,-2.3216402,0.74476199
19800170,before,-0.13859106,1.1527642,1.6130507,1.4165235,1.3168217,0.25101845,0.12391318,0.18942719
19800184,before,0.049983775,0.7824965,0.44796405,-0.76214856,-1.0514742,0.2032248,0.24098251,-0.80673447
19800192,before,-0.23162953,0.62863373,0.96037784,0.84769907,-0.74116826,-1.1957304,-1.0137281,-0.067722916
19800204,before,-0.2139145,-0.2522227,1.8052382,-1.2500769,1.1238634,-1.0649148,0.65326615,-0.22122006
19800213,before,-0.72727142,1.8778358,-2.3406521,0.4298018,-2.0118405,1.6526798,-1.7434804,0.030516497
19800221,before,-0.11299687,-1.0251947,-0.13757837,0.0021584088,0.1821205,-0.18717517,-0.71967155,-0.38463103
19800232,before,-1.904385,-1.2141764,-0.62182697,0.1247868,0.18391266,0.15104608,3.3118969,1.4314727
19800237,before,0.13481888,1.6383909,-0.47127491,-1.1387259,-1.0330997,-0.68345315,-4.3575006,2.1231764
19800256,before,2.4503083,-1.1004087,-0.25359562,-0.79240767,0.7188502,-1.5164199,-0.17065065,0.52831657
19800263,before,-0.9994676,-0.62032876,-0.046380416,-0.79273616,0.1915939,-0.59723631,-0.19349299,-0.5803531
19800291,before,1.0075794,1.9196931,1.9801425,-1.828697,0.48648106,3.171713,0.90915235,0.52161614
19800296,before,0.97330569,0.27177276,0.19989179,1.6326385,-1.7136133,-1.7076221,-1.8382158,-0.39557029
19800300,before,-0.2145106,2.2485495,1.0859781,-1.1707815,0.8262997,-0.13736569,1.245207,0.46484939
19800318,before,1.9356295,-1.3235711,0.19295281,0.052419337,-0.26415756,-1.6588048,-1.3638402,0.28946316
19800361,before,-0.69332807,0.098994103,-0.57576934,-0.6630303,0.018170426,-0.39468684,-0.64456849,-0.24743148
19800370,before,-0.17117974,-0.45767931,-0.058447633,-0.82773363,-0.37697983,-1.1176481,-0.19639669,-0.40401134
19800401,before,-0.35495685,0.10545469,-1.7816823,-1.8788066,2.1683421,-0.78265557,-0.96207948,1.400731
19800411,before,1.9317071,-0.14129764,-0.64517497,0.22629379,-0.44937688,-0.48796293,1.4237424,1.0690469
19800418,before,0.4822564,-0.15328826,0.65317183,1.1395437,-0.12338099,1.5507459,-0.72341514,-0.31094833
19800423,before,-1.1561227,1.8511378,-0.70943718,0.17518759,-2.2705108,0.22653477,-0.073587683,-1.6604726
19800440,before,1.2254422,1.3814142,-0.21264906,-0.10326309,-1.9043147,0.59095383,0.11634222,0.50424384
19800448,before,0.20394226,0.44848366,-0.27752428,1.0596503,0.58036723,0.17980444,-0.11460404,-1.0433366
19800455,before,1.6048776,0.12349541,1.2230386,0.65889794,-1.7672436,-0.70542758,-1.1461226,-1.0523041
19800464,before,1.9719214,0.91082979,1.4814345,-0.81532735,-0.85949134,-0.23168381,-0.4072134,-1.0546159
19800550,before,-0.56499672,2.7162287,-1.1783888,-0.017667362,-1.2421117,0.40395261,-0.017243419,-0.46472285
19800580,before,1.1114863,-1.7849978,1.3849553,0.70281235,-0.92441365,4.3144852,-1.5171103,0.093861299
19800590,before,0.16522655,-2.2186523,2.584237,2.9483484,1.4925179,-1.4179413,2.7832704,1.2438773
19800610,before,0.0003572114,0.34107491,0.16422536,1.772511,1.0345474,-1.3810638,-0.06069865,0.90514989
19800614,before,0.98235768,-0.98476367,-0.32700211,0.7927281,-0.78309958,1.002094,-0.15410811,-0.23221272
19800621,before,4.4685466,2.3113488,0.5801092,-0.14836836,3.1741053,2.6763979,0.49440905,1.1311132
19800636,before,-0.49805363,-0.32176163,-0.3377636,-0.34350998,-1.2943894,-1.0218914,-0.15631102,0.35991175
19800640,before,0.92998621,-0.90971978,0.88507188,2.1073226,1.3999561,-1.3529635,-0.80645605,0.047448299
19800646,before,0.080228498,-0.14015305,-0.21683131,1.9063816,-0.25103045,-0.25205023,-0.89283554,0.54169107
19800657,before,0.7062816,0.58021336,-1.1919563,-1.1743637,1.0727378,-0.61267426,0.12791393,1.1224085
19800683,before,-1.1369468,0.029274943,1.2798221,-0.28524249,-1.1552714,1.8132868,0.010302977,1.5884205
19800695,before,1.4195921,-0.99539825,-0.6704827,-1.0000556,0.5415278,-0.23264853,-0.70590185,-1.6660493
19800703,before,-0.27999642,-0.31799506,-0.14303972,-0.31145996,-0.025559076,1.0136755,0.28540366,0.4212249
19800725,before,1.9771655,-0.61619469,0.065584847,1.0280943,-0.82443128,-0.83152449,0.33497728,0.36283315
19800738,before,-1.0137445,-0.26083079,0.64762774,-0.012352159,-0.14647766,1.0153903,0.20433198,-0.36956242
19800740,before,-0.37899828,0.89633792,-0.9762093,0.32561499,-0.42315295,1.0354861,0.56533217,-1.1825655
19800759,before,-0.94642695,0.30844478,-0.48663774,0.34304478,0.46365135,1.1934243,0.59376991,-0.25428087
19800805,before,-0.8460917,0.24154769,-0.083455979,1.0557774,0.48829472,-0.14458341,-0.25795514,-0.85861479
19800811,before,-0.67683839,-0.18429869,-0.65340734,0.65121762,0.49580882,-0.74489143,0.12736445,0.047534728
19800829,before,-0.33156438,-0.4034138,0.32207873,-0.1159796,-0.21250416,0.20046068,-0.060003245,-0.071524106
19800870,before,1.0286459,1.9491243,-1.5697428,-0.33380122,1.6221182,0.4459017,0.60695787,0.59355916
19800887,before,0.76754224,0.80720463,-0.029056225,2.1074746,0.82106651,0.64958167,0.12934782,-0.55106473
19800898,before,0.24363179,1.0381332,0.5746527,0.10743444,-0.090994692,0.19029405,0.28311883,0.60666113
19800918,before,-1.0952263,-0.37778408,0.35950013,-0.53224871,0.052172485,0.33482131,-0.054994479,-0.32264454
19800936,before,-0.90138649,-0.63499824,0.47401674,-1.0074621,0.051052852,0.44730438,-0.29427588,-0.48196933
19800948,before,-0.0017363595,-0.34814914,-1.7706116,1.1649674,0.9327269,-0.95335503,0.44397598,-0.97821737
19800961,before,-0.41572978,-1.7861269,0.20739145,0.15665843,0.9263449,0.56867373,1.1030761,-0.33451134
19800993,before,0.45258622,0.38564766,-1.2605458,0.75769309,-0.27939637,0.35465958,0.44282576,-1.0537259
19800999,before,-0.27370034,0.47821772,-0.024675053,-0.40439548,-0.46692501,-0.056721558,-0.25954245,-1.0068203
19801009,before,-0.68698694,1.832202,-0.80887653,-0.09804926,-0.97441286,0.66782195,-0.04496188,-0.042447406
19801016,before,-0.98806452,-0.15576347,-0.081162389,-0.90566393,0.66998307,0.0051623651,-1.3752384,1.0460842
19801032,before,-0.12346662,0.057964506,-0.32063132,-0.9420843,-0.52577008,-0.62378081,0.46894458,-0.67545579
19801046,before,-0.28727869,-0.72002351,0.03330149,-0.21180559,-0.28583546,0.09548171,-0.23770545,-0.051118472
19801052,before,0.30757362,-0.40677184,0.37915884,-0.98853888,0.97775808,-0.096060424,-1.0508602,-1.3038492
19801067,before,-0.7523462,-0.58969057,0.70301851,-1.434423,-0.44218361,-0.25884632,0.13408557,-0.68763505
19801082,before,-0.43932858,0.060220519,0.27073612,0.13598913,0.17784477,-0.21212537,0.039167712,-0.33996206
19801085,before,-0.43232741,0.21854944,0.1909485,0.64890386,0.0014921595,0.21157207,0.11695254,-0.86379572
19801101,before,-0.87459975,0.10580631,-0.70418929,-0.37560466,0.51226642,-0.24959633,-0.32543525,-0.3565101
19801105,before,0.32631227,-0.56031314,2.9424631,0.13479229,-2.9554855,-1.4397548,2.5575178,-0.95759578
19801135,before,-1.0098961,-0.69666931,0.76925821,-0.97643852,-0.361897,-0.41268846,0.13213112,-0.47762466
19810002,before,-0.60653629,-0.12357812,1.199365,-0.14370291,0.64018151,-0.58981963,0.15957231,-0.47241693
19810014,before,1.1849651,-0.59557798,0.096712158,-1.292539,0.36633175,-0.6367976,0.00037065424,-0.20179659
19810023,before,-1.2881233,-0.70221649,-0.23782923,0.023536421,-0.69047161,-0.024802934,-0.69153628,-0.56484377
19810063,before,-0.43089531,-0.29136712,0.45767276,-1.0847941,0.3584887,-0.48435785,-0.85465469,-1.0428289
19810093,before,-0.53790518,-0.40226093,0.3277078,-1.2518121,0.45254079,0.15201045,0.06863126,-0.63810353
19810096,before,2.1142187,-3.1042259,-0.087699586,-0.38236725,-1.2856768,-0.53060889,1.2467971,0.467639
19810109,before,-1.2670423,-0.55076822,0.61732718,-0.67097793,-0.24828463,-0.076438099,-0.56667232,-0.88284235
19810133,before,0.87055603,1.2964302,1.6049272,-0.56331891,2.1530273,-0.46995008,-0.068358872,0.55196193
19810142,before,0.77829921,-1.592605,-0.28864132,-1.3706264,0.85897927,-0.38159011,1.9193977,2.5561686
19810160,before,-0.72353018,-0.9654886,0.19063629,2.2419092,0.73478528,-0.04793924,0.85061474,-0.0083278354
19810169,before,-0.72332065,-0.089602488,0.06735007,-0.48123856,0.21550146,-0.15844439,-1.0354863,-0.2625964
19810179,before,0.66940747,1.2332748,-1.3796302,-0.18567654,-0.012546687,-0.86139452,-0.23423411,0.88191114
19810196,before,-0.19665563,0.026582231,-1.2829725,-0.31284542,-0.63696988,-0.36611105,0.56426294,1.2812933
19810219,before,-0.97287102,-0.63049645,0.051400221,0.65419826,0.65134756,-0.84923998,0.056839156,-0.27232379
19810227,before,0.73839332,0.8256878,0.67526067,-0.45273337,1.540748,0.10801279,0.92313753,-0.98863688
19810241,before,0.29509806,-0.77137373,0.65405647,-1.8174722,-0.32401741,0.27108938,-0.12142902,0.73153796
19810260,before,-0.35460797,-0.69497926,0.30568427,0.68183762,-0.55018122,-0.63459458,0.45896396,-0.52566131
19810279,before,-0.12734924,-0.70493051,0.13256696,-0.6514879,-0.067837383,-1.1449788,0.030691781,-0.13532902
19810292,before,-1.1898638,0.28946327,0.075376228,-0.50328512,-0.55476049,0.060401718,-0.69711407,-1.1832499
19810300,before,0.1797543,-0.89378705,0.60786491,0.90088676,-0.59895461,-1.3502682,-0.11287579,0.1203504
19810303,before,0.43910841,-0.56243581,0.74572671,0.22433031,-1.4171006,0.079006479,-0.29948089,-0.93063936
19810315,before,-0.83071788,-0.9625103,0.69292475,-0.22088992,-1.3185813,-0.22010203,-0.21494367,1.1554291
19810332,before,-0.61066376,0.55951942,0.72292541,-0.45639612,0.74942276,-0.92139315,-0.26185239,-0.72503236
19810349,before,1.468241,0.84941338,1.0731239,-1.6018489,1.5586323,-1.4055388,2.0076889,-0.67379404
19810367,before,-0.87992455,0.35463478,-0.12438854,-0.038236639,-0.38531012,-0.60220407,-0.38180467,-0.6991589
19810370,before,-0.45687954,0.32875745,-0.60852407,-1.2749323,1.5401284,-0.29319016,-2.4096879,1.2245389
19810388,before,0.1159328,2.479074,-0.89873487,-0.43066451,-1.3574851,-0.080148776,1.1939017,-0.70739962
19810394,before,-0.026020399,1.236792,0.56088533,-0.23987867,-0.23752044,-0.22818466,0.94617684,0.74902492
19810409,before,-0.49639063,-1.6125407,0.24771283,1.9810598,-1.4762794,2.8026951,-1.676607,-0.36145793
19810414,before,-0.46271001,1.074296,-0.52613781,-0.27490319,-1.002421,0.20397069,-1.5388733,-6.2047685e-05
19810417,before,-0.24379024,-0.5307942,-0.31194497,1.108594,0.11596635,-0.69356885,0.36517922,-0.094291779
19810450,before,1.1652568,0.8386603,1.9243544,0.21041572,0.8878949,1.050931,-0.59393877,0.65980005
19810462,before,0.064399878,1.3147796,0.48093644,0.2502678,0.075435129,-0.8746165,0.28365208,-0.061996675
19810473,before,3.033526,0.94021764,1.0739496,-0.12084847,2.9333667,-0.019151407,0.0093322255,-0.51552616
19810475,before,-0.85321869,0.55147307,1.8620073,0.51544081,-0.28855882,-3.0339811,1.7895639,-0.32597702
19810519,before,-0.28818247,-0.71037996,0.37497225,-0.25332849,-1.1577827,-0.76681048,-0.59000289,0.87089872
19810554,before,-0.30344458,1.4565478,-0.094368523,-0.45083502,-0.32432073,0.86204316,0.079048684,-0.20861809
19810568,before,-0.24436691,0.41732622,-0.34442789,-0.30063506,-0.43496163,-0.39963411,0.0060377585,0.18233865
19810586,before,1.7401758,-0.26050319,-0.30522601,1.9032747,-0.34082149,-1.7417848,0.16879627,-1.2684737
19810597,before,-0.4008634,1.9940935,-0.44912322,0.72340107,-2.3015871,0.98132464,-0.73488653,0.41120575
19810602,before,0.67211672,-0.63071161,-1.2106077,-0.38471342,-1.1059922,1.2346989,-2.5410648,0.67892669
19810609,before,-0.30722417,-0.44864165,-0.7856985,0.51348779,1.0059584,-0.4178276,0.44984285,-0.28660427
19810618,before,0.81807018,1.404846,-0.17742577,1.7305219,-0.38103353,-1.3742836,-0.36525814,0.3006586
19810626,before,1.7135106,0.68112508,-0.18503147,0.43607702,-2.2148725,-0.90423999,0.070306453,-0.51014362
19810650,before,-0.58069091,1.7291796,1.0450114,0.93616416,-0.44221121,-1.3273995,-0.69298403,0.99148022
19810659,before,0.47485198,0.78865333,-0.010154631,0.31599141,-0.75050844,0.32848805,-0.1368567,0.45785876
19810666,before,-0.79439606,0.75308822,-0.11116043,-0.33372418,-0.12815618,-0.19373188,0.055146285,-0.38836286
19810667,before,-0.8893603,-0.35564754,-0.53939032,-0.50111955,0.29578015,-0.95264828,-0.33332619,0.16435871
19810712,before,-1.1180522,0.4025527,0.20515294,-0.44883699,-0.66441186,0.14704991,0.025468904,-0.011830955
19810721,before,-0.4750635,0.13502201,-1.1962866,0.10249564,-0.6314063,0.2555872,-1.5966138,1.4257399
19810733,before,0.11256748,2.770427,0.39147348,1.1963774,-1.7773121,0.63815976,-0.60031437,0.98696604
19810742,before,1.1888484,0.44730608,-0.040681105,0.31531585,-0.49893179,0.56712483,-0.99317001,-1.2557852
19810782,before,-1.2490055,0.4471537,-0.31433066,0.17694066,0.32960584,-0.39371993,-0.39976101,1.5361964
19810790,before,-0.91760022,2.6667933,-3.2957995,1.5405562,-3.0107476,2.3178771,-0.39715249,0.73751685
19810825,before,-0.88363704,0.30630751,-0.80148973,0.67080165,0.97400692,-0.7555686,0.18410443,-0.99455732
19810854,before,-1.314252,-0.6987213,-0.020588978,0.7710139,0.021022782,0.92897724,0.69569833,-0.074912978
19810858,before,-1.2959844,-0.30944326,0.43081174,-0.92394339,-0.36512,-0.038314302,-0.21632704,-0.4735138
19810863,before,3.235213,-2.2101229,0.045307191,1.1678305,0.42789657,0.24209881,-0.88539558,0.22763818
19810871,before,-0.948638,-0.13167198,-0.33160535,1.4774959,0.60232975,-0.035044917,0.53239218,-0.095207595
19810877,before,-0.24109647,1.1062754,1.8040891,2.1217484,1.5249519,1.0434854,0.19551423,1.2405875
19810938,before,-0.2314543,0.59825581,0.010739132,-0.27094921,-0.3172356,0.24022288,0.097629462,-1.0104962
19810971,before,1.0110105,-1.9410184,0.61955134,0.68167862,-2.4959611,0.076111606,2.2216072,1.8886437
19810979,before,-1.1933345,-1.6205572,-0.6081778,1.3007169,0.068329098,1.7680557,-0.75589456,0.56892877
19810994,before,-0.26133332,0.5878101,-0.012536077,-0.3429112,-0.064529268,0.043135982,-0.28512872,-0.68061314
19811003,before,-0.025338107,0.58860441,1.7060891,-0.26228237,1.0676977,-0.12071316,0.25882718,0.27757318
19811013,before,-0.30190672,-0.14556233,-0.37231698,-0.061648762,0.27680184,0.66676229,-1.2161898,-1.1724063
19811021,before,-0.26075052,0.099166903,-1.0443868,0.18724048,0.030236313,-0.57987023,-0.24945809,-1.4274733
19811035,before,-1.1181922,0.26912939,-1.8703351,0.70900121,-0.059248645,0.18082629,-0.52881626,-0.51434414
19811036,before,-0.99215989,-0.43431121,0.66841934,-1.1724744,-0.15847505,0.34234345,-0.6163753,-0.82267004
19811042,before,-0.01111611,-0.17810422,-0.095473904,-0.0014837621,0.19328366,0.56254165,0.2090717,-0.88757068
19811049,before,0.048820904,-0.53245756,0.27486444,-1.3282289,0.83260257,-0.84128239,0.18204257,-1.0427566
19811066,before,-0.30464477,-1.2630939,0.37164252,-0.96060978,-0.71380791,-0.019524774,0.49041743,-0.047696236
19811079,before,0.25209604,0.31618462,0.4093548,-0.23327621,0.13244003,-0.046234035,0.32044614,0.030969382
19811086,before,1.1759687,1.6690018,0.1016506,1.1540185,0.79507247,0.45422208,0.76273041,-0.13818817
19811090,before,-0.87059354,-0.31865237,1.0608092,-0.53940635,0.091438617,-0.48021622,-0.55747241,-0.45455342
19811096,before,0.43252208,0.35117871,0.11188491,0.0068157952,-1.7053946,-0.18921032,-1.3294408,-0.93684404
19811097,before,2.570759,-0.78920786,-1.1227617,-1.7962267,2.8545836,0.82615774,2.8838368,-1.0211087
19811105,before,0.081291771,-0.088423395,-1.1153843,-0.52278653,0.71499152,1.2975083,-0.65079798,-0.34830957
19811108,before,-0.75464052,-0.35980994,-0.54599555,-0.084690273,-0.96657801,-0.49256937,-1.3757807,0.58374202
19811117,before,-1.0697505,-0.57086361,-0.27280877,-0.36705742,-0.48209494,-0.20771917,-1.1985961,0.34718509
19811128,before,-1.0461464,-0.12688018,0.090108706,-1.7829756,0.80296003,1.5816785,-0.68199097,0.56535145
19811134,before,-0.47902249,-0.41741241,-0.3213557,-0.69462026,-0.23820795,-0.5147772,-2.1491808,-1.2160087
19811145,before,-0.80803241,0.38765113,0.48001266,-0.30170054,0.49868916,-0.83335258,0.14669878,-0.71833001
19811153,before,1.4885991,0.32415722,-0.46930164,-0.44013142,-1.4907878,1.1953743,-0.13624344,-0.92371411
19811176,before,-1.1984439,-0.93664657,0.27249549,-0.056886754,0.16842599,-0.41528478,0.19724067,0.0056254744
19811187,before,2.2501755,-2.2470971,0.059947244,-0.23633594,3.4039369,0.80838055,0.074851506,-0.79117812
19820005,before,-0.035814616,-0.36138641,0.63032374,-1.1424089,0.2992551,0.15580137,-0.23227123,-1.0914014
19820023,before,-0.80472365,0.14588756,-0.41817826,0.78810408,0.0047985215,-0.001854051,-0.48509423,-1.2618773
19820026,before,-0.38950263,-0.69828903,1.1261353,-0.67104942,-1.0535538,0.4089337,-0.32922871,-0.5134815
19820038,before,-0.29742427,1.9898152,-1.3274514,-1.9211891,-0.0042217328,2.5789287,-0.16555994,2.0445819
19820050,before,2.4004163,-1.8354104,0.033004811,-0.75832539,1.7466222,1.0916416,-2.5786392,0.50007401
19820052,before,-0.80322002,0.045511381,0.22318794,0.22545409,0.79203493,-0.75324107,-0.14551042,0.064685903
19820081,before,-0.4144125,1.6897159,1.2875437,-0.17023537,-0.25572279,1.2683255,-0.2788924,1.3209117
19820097,before,-0.28634285,-0.19543255,-0.093324122,-0.84332249,-0.24628106,-0.33638921,-0.68620745,-0.97555672
19820099,before,-1.4712495,-0.1600679,-1.4306866,-0.61001254,1.042882,-0.21852723,-1.114032,1.2876728
19820102,before,-0.5593757,-0.012553047,0.12643182,-0.3498295,0.31123859,-1.2576213,0.17095196,-0.86533057
19820109,before,-0.46257488,0.1759283,1.0845572,-0.67778317,0.50816314,-0.23590488,-0.69499378,-0.54291736
19820112,before,-0.099359825,0.84541069,0.23052233,-0.48226,-1.2580853,-0.14320252,0.086343564,-1.2307379
19820128,before,-0.2064629,0.14283959,0.26583159,-0.18035014,-0.70666985,-0.037991583,0.0020286249,-1.194287
19820130,before,0.61854716,-1.1957543,0.85867275,-1.7724739,1.2912886,0.32627704,1.2767441,-0.97645995
19820143,before,0.85791131,-0.55072711,0.45635527,-0.97376641,0.8829938,-0.36796944,0.38869922,-0.86853451
19820175,before,-0.62945518,-0.68331735,0.7163235,1.416922,0.69305628,0.78979898,-0.30111037,-0.22846418
19820206,before,-0.7840753,-0.28785499,1.062918,-0.67472511,0.01560347,0.24943826,-0.31789489,-0.42373209
19820207,before,-0.60660291,0.062472282,2.0693917,0.66491764,0.05530139,1.4991784,-1.5701758,1.1941582
19820231,before,-0.20064376,0.40158134,-0.15551058,0.096461226,0.0014930194,1.2035726,-0.20007211,-1.1714889
19820253,before,0.99333813,-1.2064472,-2.8832569,2.1682102,0.28069641,-1.2611427,-0.63061861,-0.30509695
19820256,before,0.52084616,-1.2789378,-0.61807127,-0.34437494,-0.37942787,0.13320924,-0.20712594,-0.22194425
19820266,before,-0.97018989,-0.56760981,0.015155262,-0.76416997,-0.57965611,-0.50553536,0.18630344,-0.38424237
19820292,before,1.3309689,-1.2631482,-2.0664859,-0.042335723,1.3125723,-0.066235052,-0.9582419,0.12768103
19820323,before,0.7316239,0.58982748,-0.11642399,-1.8538153,1.8301351,-0.78145572,-1.0673399,1.3394522
19820337,before,1.081924,-0.076786764,0.10229743,0.19881811,-1.2648551,-0.091042904,-0.62059958,0.43587553
19820401,before,-0.76557169,0.76671258,-1.1627248,-1.2591237,-0.25807755,1.1714369,1.5622034,0.026615123
19820426,before,0.80643745,-0.37921416,-2.852468,-2.655467,2.3349179,-0.79919264,-2.6337687,3.4087027
19820450,before,-0.29079279,-0.61420554,1.1327803,0.23004525,-0.18956064,-0.57215984,-0.10810615,-0.048173261
19820452,before,-0.54714356,-0.62578099,-0.49669882,1.0865464,-0.070069234,0.49241609,-0.2156305,-1.5161206
19820453,before,-0.016346682,-0.77095348,-0.99222541,2.5611077,1.465484,0.89353804,0.59485927,-1.2694478
19820471,before,1.1875306,0.39981008,-0.074901285,-0.21119798,-0.347847,-1.4438519,-1.7540963,1.8309071
19820482,before,-0.098499699,0.89354398,0.61238253,-1.0599309,0.77504174,0.14447716,0.52041063,-0.66438612
19820514,before,0.052872388,0.57955803,0.7302055,0.63366833,0.83329075,0.006442795,1.4155156,0.40759089
19820516,before,0.13359078,-0.63043942,0.92910786,1.4449982,-0.076485256,0.14925724,-0.96493696,-1.0622102
19820519,before,-0.7444851,-1.3815233,0.21091183,-0.03325456,-0.47440499,-0.69803451,0.24108198,0.61273731
19820527,before,0.049936581,0.2904252,0.83390021,0.78974206,-0.62431569,-1.6003416,-0.69778924,-0.21650758
19820538,before,-0.70140108,-0.58658871,-0.21513653,-0.98798883,0.023709549,-0.38544036,-0.75197194,-0.29833553
19820549,before,-0.13250094,0.28075571,-0.67418765,-0.95715413,-0.64371834,0.41948286,2.2525942,0.24176838
19820563,before,-0.87503809,-0.77546963,0.59061678,2.6435516,1.3528758,1.322419,0.2384929,0.4544134
19820578,before,0.044955633,0.32240844,0.88115764,1.3756245,1.4599541,-1.0725416,-0.3752842,-0.86046532
19820602,before,4.0420313,-1.9246124,1.3725222,-0.064011631,2.1812585,-2.1200058,-0.5703828,0.039465482
19820645,before,-1.293099,0.81181849,1.7283932,1.380095,-0.0066545448,0.11222704,2.2527262,2.051563
19820652,before,-0.34799634,1.1338827,-0.63116909,-0.020043721,-0.39497015,-0.93227469,-0.59753701,0.21309414
19820660,before,1.1715074,-0.62688479,0.087890181,-0.37980812,0.2837891,0.68453408,-1.2841547,0.46391978
19820667,before,-0.44765984,-0.14102503,-0.014729025,-0.15244044,-0.56970625,-0.72061384,-1.2540089,-0.91549681
19820671,before,0.14818111,-0.86614897,-0.052677978,-0.44952715,-0.51272956,0.50529867,-0.13482829,1.4548963
19820676,before,-0.67105318,1.867434,-0.69924437,-0.18000454,-0.95217105,1.0029911,-0.26082451,-1.8917516
19820677,before,0.74336656,-1.7940046,0.13034714,-0.40941373,-0.22411037,0.05188996,0.62080204,-0.45237281
19820684,before,-0.62463651,1.289955,-1.4641335,-0.54466,-0.24196905,-0.051664501,0.57849191,-1.5350834
19820697,before,-0.014287743,-0.52693723,0.16482784,1.3236653,0.4460109,-0.53781787,0.91754336,-0.21233549
19820712,before,1.3088762,1.9606818,0.88993531,0.2590462,-2.5735747,1.8708547,-0.64484117,2.8841449
19820765,before,-0.15227184,2.3433472,0.61871918,0.81197417,0.88584828,-0.93843716,1.6032636,0.44948755
19820786,before,0.86191502,0.29338678,-1.689684,-0.19906847,1.6045273,-0.061309006,2.1944793,0.35664843
19820805,before,0.036996056,-1.7366104,0.04656219,0.63462057,-1.4652974,-0.29576429,-0.051070746,0.67466961
19820808,before,1.502648,1.5465997,-0.20717953,1.5146346,-1.2820764,0.77235357,0.37568736,-2.4529463
19820816,before,-0.65462129,0.28320219,-0.86236054,0.095291978,0.27743945,-0.10794953,-0.78750995,0.17962188
19820822,before,0.065160034,-0.5758238,-0.85924652,-1.5062981,0.5192306,-0.10645703,-1.0908704,0.9818003
19820831,before,1.7752033,-0.64768526,-1.0556026,0.42076525,1.0806465,-1.9319012,0.22382651,-1.2476221
19820833,before,-0.35795145,1.1234893,-0.52699849,0.041384401,0.2785523,0.37083158,0.36301065,-1.7656442
19820835,before,-0.62434476,-1.3078591,-0.65464512,2.1119155,1.0755472,1.3396296,-0.10968348,0.26360426
19820861,before,-0.91251012,0.12661826,0.54744554,-0.089703104,-0.94404086,-1.0097637,-1.2479531,0.14793953
19820863,before,-0.12826057,0.71180269,0.70971565,0.75896386,1.0084823,1.1580708,0.67934257,1.1787907
19820868,before,1.1502602,1.0633933,0.68527133,0.23272871,0.98938946,-0.65439653,0.73694035,-0.22798353
19820881,before,-0.86660246,0.61614192,0.52539258,-0.46659591,-0.56631034,-0.30292183,-0.76639239,-0.44884703
19820888,before,-0.90401527,-0.60817321,-0.29393219,-1.1111191,0.28843622,-0.47075822,-0.25874353,0.33288851
19820891,before,-0.25765647,-0.40058748,-1.560851,-0.76475531,-0.43906797,0.41520175,-0.070892999,1.7274229
19820898,before,0.312431,1.4767147,-0.030487076,-0.47635435,0.47146841,0.075265203,0.38243047,-1.2477242
19820917,before,1.1761826,-0.61258156,0.68500393,-0.49337874,-0.98239345,0.36060977,-0.2011799,0.98073022
19820928,before,-2.0684813,-0.25824637,-0.54534613,0.80794078,0.77758078,-0.15460015,2.7994851,2.7282288
19820953,before,-0.16081404,1.3131048,-0.91211312,0.47236154,-0.61991737,-1.3434373,0.43339853,-1.5178088
19820972,before,-0.066749427,0.72292858,-0.045405971,1.2350165,1.1087979,0.41375272,0.35929021,-1.6786637
19820983,before,1.8151005,1.501263,-1.0327158,-0.88300808,0.51324097,0.089530519,-0.29201342,-0.69178147
19820985,before,-0.49441685,0.25594928,2.1122714,-0.98078494,1.4791595,0.120268,1.8754757,-0.25554141
19821001,before,-0.6351313,-0.68742679,0.23779267,-0.0073847484,-0.55019882,-0.16919981,0.40603353,0.91552824
19821022,before,-0.11935776,-0.89833725,0.036961599,-0.70827214,-0.61693354,0.16081062,0.2267473,0.10259032
19821048,before,-0.99918423,0.18412851,0.19057664,-0.032339159,-0.19017846,0.01406411,-0.55645829,-0.70787829
19821068,before,0.30816909,-1.0874126,0.0020527764,-1.1222094,0.30006541,-0.21911052,0.14134522,-0.18510065
19821079,before,1.9057031,-1.0047682,-0.029198203,-0.7816045,-1.494381,-1.3504357,-0.97886691,1.8958707
19821085,before,-1.5817511,-1.7770689,-0.77155166,2.1315362,1.1163435,0.069755694,0.61912129,-0.34154419
19821089,before,-1.1786432,-0.3854853,0.63842215,-1.1599128,0.12040461,-0.44442195,-0.14410139,-1.1024518
19821101,before,-0.6587536,0.35467115,0.69817943,0.045929554,0.96439946,0.25804706,-0.058363529,-0.61062005
19821107,before,-1.2414823,0.052161689,-0.092211834,-0.68437398,-0.37140349,-0.32937467,-0.57483655,-0.77136233
19821108,before,-0.49863468,0.049754684,3.7157685,-0.45158858,1.1757482,0.52816456,0.10454831,1.4718673
19821113,before,-0.73876742,0.36250497,2.044144,-1.4540215,0.73145292,1.2444214,0.41429554,0.15832458
19821115,before,-0.95039607,-0.085491023,0.42369082,-0.4346079,-0.43463096,-0.039930907,-0.39395516,-0.39890173
19821122,before,-1.3433807,-0.19346542,-0.56309072,0.33577309,0.11846898,-0.68447562,-0.24485799,-0.66282703
19821126,before,-1.1253092,0.6856488,2.1042579,0.041539579,-0.18207445,1.0124639,-0.6927291,1.4496454
19830021,before,-1.3757256,-0.17083908,-0.39435228,-0.57331024,0.082825388,-0.08629696,-0.14433078,0.077999655
19830034,before,-0.16024151,-0.24214615,1.0176964,2.0945782,1.0780855,0.96754679,-0.028296364,-0.34247962
19830040,before,0.27865488,-0.67191892,0.53031461,-0.040731625,-0.24121737,0.33899387,-0.15613685,-0.43708733
19830050,before,-0.56700698,0.21565137,0.27993901,0.1504278,-0.37048008,-1.4527214,-0.073703871,-1.0196688
19830065,before,-0.85138354,1.4076875,-0.73783881,-0.069496538,-1.1351557,0.22832245,-0.073697488,-0.86254632
19830093,before,-0.58749253,-0.43006517,-0.41598515,0.027243489,-0.30105467,-0.068718761,-0.76654601,-1.0016431
19830126,before,-0.26484668,0.56138825,0.25136536,-1.5728674,0.55319256,1.0936191,-0.25023587,-0.66644271
19830133,before,-0.70764773,0.43820251,0.66042591,1.2209464,0.69087667,-0.39050524,0.55740718,-0.20026323
19830149,before,-1.2453992,-0.80673475,1.5364107,-1.0412977,-0.21822859,1.5209155,0.10875564,0.16664152
19830152,before,-0.86908457,0.66024573,-0.28315859,-1.0655414,-0.16014377,-0.11312553,0.1604465,-1.0921413
19830163,before,0.79359862,0.15503971,0.38549836,-1.0629446,1.1491584,-1.1648503,0.11982719,-0.96369142
19830179,before,-1.089574,0.32198766,-0.30029867,-0.41579694,-0.43477663,0.44853759,0.45322085,-0.74180541
19830181,before,0.2915338,-0.80677462,-0.34083972,-1.5555663,0.95099132,-0.76944922,0.37337045,-1.3744915
19830185,before,-1.259472,-0.39015084,0.69968558,-0.87961345,-0.26731564,-0.37304621,-0.61873353,-0.66001847
19830187,before,-0.33845533,0.8905579,1.0336297,-0.12119336,0.36814135,-0.17386527,-0.30375643,0.36536516
19830202,before,1.5423585,-2.4441325,0.05398176,1.3633651,3.0005017,3.4373622,0.67029041,-2.271261
19830204,before,0.14637481,0.092944465,0.058163458,1.3746176,0.44955782,0.17529108,-0.070680565,-0.65441144
19830215,before,-0.128102,0.09484368,0.056673201,-0.074420586,0.021428106,0.6026835,0.55847797,-0.45450562
19830218,before,0.72828841,0.37117193,0.8620011,-1.88876,0.38564869,1.4421988,0.41295914,-0.91545004
19830250,before,0.40192797,-0.38265083,0.25727689,1.335694,0.29350503,-1.8586993,0.45746215,-0.79951666
19830281,before,-0.31531272,0.5317208,1.0181447,0.37647389,0.32331159,-1.2576298,-0.36376947,1.3278215
19830286,before,-0.15021573,-0.13856295,0.65031032,-1.1006301,0.54581452,0.53806811,0.11658063,-0.67266888
19830293,before,-0.46415416,-0.99960469,-0.61243324,-1.1316576,0.16263587,-1.1284707,-0.17803801,1.8787481
19830313,before,0.091383664,-0.07998979,0.94565702,0.65297043,-0.45094545,-1.8066374,-0.28465457,0.51042472
19830333,before,-0.93337456,0.37708791,0.29268409,-0.106524,0.34076717,-0.8949431,0.05183397,-0.92834809
19830358,before,-0.90890256,-0.19474188,0.56552513,-0.31894243,-0.27978114,-0.85913174,-0.57588183,-0.30063442
19830362,before,1.1238293,0.50930631,-1.1639864,-0.54722363,-0.1752741,-0.45679541,0.70793202,-1.7212437
19830375,before,1.4750208,-0.34536553,-0.076400388,-1.3083099,-1.3385084,1.0328058,1.6684445,0.48971314
19830382,before,-0.4934121,-0.18835341,0.65456648,0.13963354,-0.777485,-0.058303256,0.29927671,-0.7485823
19830386,before,0.000439542,1.7978944,0.50484798,-1.3576313,0.81406189,1.805481,1.3236768,-0.64401538
19830399,before,0.040550931,0.53139309,-0.44928694,-1.6448333,0.11359949,1.1921564,0.97839482,-0.39770152
19830416,before,-0.091620181,0.56824648,-0.47874542,-1.7488707,0.24924388,0.15630214,0.37069445,0.14799713
19830417,before,-0.21056864,0.64610694,0.94539638,-0.62295932,-0.22408001,-0.30159663,0.57536736,0.42607044
19830428,before,-1.035802,-0.30915804,0.35677345,-0.18531234,0.52052143,-0.39403842,-0.45625894,-0.32354068
19830443,before,0.67599374,0.58302082,-0.29766981,-0.30781982,0.23249918,-0.23778941,0.98503472,-0.83186269
19830459,before,1.1062507,2.1364422,0.80317822,0.20087551,1.2706276,0.13412454,1.0827411,-0.047549088
19830490,before,0.70458706,1.9054643,-1.4622352,-0.46442405,0.59293593,-0.84116731,0.62748004,-2.3800613
19830505,before,1.0134713,-0.55625995,-0.079745787,-1.4451399,-0.57706627,-0.070728824,1.6003538,0.58149309
19830515,before,1.3928822,-1.5824634,-0.46495408,-0.23617623,-1.5614975,-0.34104557,0.42186929,0.40106663
19830534,before,0.92571221,0.57574025,1.2802259,0.73871521,0.98576015,1.5238266,-0.17944404,1.001717
19830536,before,0.27905418,0.62461862,-0.04847399,-0.77381529,-0.5535256,0.40334285,-2.188634,1.4938428
19830540,before,1.273579,2.8983227,-5.5785942,1.5628009,0.63039948,0.22645885,-0.24029208,-3.4319986
19830575,before,1.9778289,0.59918875,-2.64835,-1.4124165,1.5424628,-1.599875,-0.87644566,1.5950956
19830581,before,0.60319406,-1.5404305,1.5271372,0.97765349,0.91349758,1.3349312,-0.13192119,0.082391458
19830591,before,0.24944416,0.82506692,-0.41815557,0.92568625,0.86758664,0.5687131,0.3293713,0.15044662
19830635,before,0.43841418,0.86928947,1.2611792,0.3666029,0.14805212,-1.2703595,-1.4729876,-0.7896572
19830683,before,-0.19734423,2.1683375,-0.085908068,0.58383321,0.065687282,0.61277785,0.053382024,0.30306493
19830689,before,-0.029097854,-0.89777026,0.57735785,0.25491302,-1.1089983,-0.71984018,-0.31149723,0.088823255
19830693,before,-0.095115504,0.74631193,1.2670322,1.6764142,0.92884716,-2.4353718,0.14575284,0.97074824
19830710,before,0.34318006,0.73003623,-1.6983132,0.39142971,0.60613401,-2.4090058,0.63673695,0.53124445
19830754,before,-1.3177338,-1.1117817,0.85024141,0.2180202,0.31131551,1.4760451,-0.32024461,0.79367955
19830760,before,0.14765075,1.2149707,-0.65018696,0.30563444,0.23829945,-0.27266106,0.75017155,0.60675473
19830780,before,-0.82310565,0.22766301,-0.40017794,-0.25598448,-0.75888261,-0.31738974,-0.6536071,0.29219088
19830793,before,0.6536645,2.1905288,0.070003582,0.62473022,-1.7320291,1.5702364,1.3571501,-0.82433339
19830794,before,-0.52651844,0.92028636,0.72763127,-0.78404044,1.0750548,1.1722183,1.5109907,-0.83152418
19830808,before,-1.102613,-0.60829305,-0.54225698,0.95522722,0.14177673,-0.0048172468,0.3729189,3.4026295
19830818,before,-0.40692811,0.33944418,0.54519933,-0.049693381,0.51500609,-0.9847724,-1.3068512,-0.015601489
19830822,before,0.72433038,2.0452092,-0.21004789,-0.19779307,0.064724621,1.1356507,0.48178961,-0.13771352
19830824,before,-0.79718686,-0.32581171,0.80680042,-0.64089584,0.36781882,-0.2448291,0.34428728,-0.13321143
19830832,before,1.8034834,0.59024119,-0.3602553,-1.2896272,-0.42131579,0.18118579,0.87569455,-0.7472375
19830837,before,1.4627434,-1.0349526,0.95599284,0.1446483,-1.5540818,-0.38657039,-0.46429497,-1.5172117
19830845,before,-0.36944075,2.8646821,-1.2501689,0.5674725,-1.9503975,0.81512014,-0.42552874,0.73889574
19830855,before,0.65278791,3.0833094,0.30890433,0.67764868,-0.69416272,0.64714959,0.45526132,0.80135784
19830875,before,-0.28778798,0.97459454,-0.59760996,-0.5523018,0.18373417,0.087845648,0.17160897,-0.31014995
19830888,before,-0.29303468,-0.80943802,1.7146657,0.34522641,0.93649657,1.9044154,-0.16909579,0.70431591
19830893,before,0.70006751,-0.39756115,0.54057407,0.7713374,-0.24961819,0.95014697,-0.042137294,-0.49173096
19830908,before,-0.56013308,-0.51252551,-1.1076126,-0.099802844,0.83653425,0.038446394,0.19911879,0.98596371
19830915,before,-1.1447742,-0.59316608,0.014839541,-0.022162618,0.64625792,0.085368421,0.12510298,-0.059947851
19830921,before,1.2284256,0.52514337,-0.5807996,-0.49412935,-1.1347395,1.2771997,0.86049874,-0.64586598
19830934,before,-0.095462069,0.20954672,1.3854471,-0.53104298,0.88265282,0.11443341,-0.041356237,0.031380399
19830944,before,0.83199237,0.24865445,1.3185219,-0.38201237,-0.085014597,1.2288112,0.325524,-0.55869461
19830982,before,-1.4379057,-0.52322049,-0.52898399,0.81924533,-0.84238822,-0.17864796,-0.74592187,0.1920606
19831002,before,-0.24097502,-0.071461303,0.12055661,-0.57280358,-0.055765549,0.098863105,-0.44475917,-0.38913811
19831015,before,-0.92062437,-0.52021227,-0.28793266,-0.57311149,-0.033263734,-0.79012777,-0.6801872,-0.48801153
19831039,before,-0.74334511,1.7838387,0.95897023,0.48727712,0.86522033,-0.97626594,0.37722594,-0.50674955
19831044,before,-0.35772168,-0.64889604,0.83325316,-1.9930527,0.072070037,1.9205833,1.0017697,-0.53435878
19831052,before,1.3424537,-1.0079759,-0.66594789,-0.84785621,-0.17033334,-0.18397478,-0.22517217,0.19414482
19831054,before,-0.29437734,-0.20461486,-0.44830456,-0.9105928,0.60543132,-0.66828839,-0.78918995,-0.48006968
19831059,before,2.5074619,0.67728113,-0.11359189,-1.2708096,0.94168806,-0.87975297,-0.75915039,-0.39524109
19831065,before,0.65991823,-0.89634719,-0.85080103,0.76814237,-0.93662427,-0.20128505,-1.0998819,0.27744787
19831094,before,-0.80279088,0.23233238,-0.54864018,0.05363505,1.373493,-1.3555775,-0.52974315,-0.11969419
19831099,before,-1.5974944,-0.96152301,-0.46146307,0.099725135,-1.6742561,0.13433954,0.28638638,-0.19954999
19831112,before,-0.38181247,1.9041135,-0.63499679,1.1112546,0.28702078,-0.70978227,1.1733171,-0.81930755
19831117,before,-1.1267926,-0.10720841,1.2851563,-1.0019002,0.074874733,-0.45960401,-0.2091981,-0.73489401
19831131,before,-0.98258183,-0.68583914,0.61680252,-0.4220404,-0.059537397,-0.1547204,0.10549324,-0.35621268
19831140,before,-0.7303234,-0.17722362,0.31726721,-0.19093417,0.54848432,0.20167544,0.13439931,0.23469072
19831145,before,0.040462743,1.2999709,0.89625435,-0.078857865,-0.6900108,-0.11480917,1.6569361,0.018176509
19831157,before,-1.2962342,0.82647925,-1.0419622,0.20068895,-1.4762774,0.93908677,-0.67597244,0.035154613
19831165,before,-0.33479198,0.18384501,-0.25568557,-0.64162483,-0.16796848,0.35997383,-0.19554805,-0.72934666
19840004,before,-0.58610853,-0.00094549976,0.28659806,0.12041752,0.17440393,0.27891603,-0.31805371,-0.38882196
19840010,before,-1.0543,0.64543771,-0.55855796,1.0602984,-0.024641028,0.69928876,0.80464575,0.069568494
19840018,before,-0.93008396,-0.07603472,0.3255548,-0.46278648,0.2951901,-0.50375953,0.55234753,0.066215899
19840031,before,-0.12168393,0.75518166,-0.26577977,-0.34165268,-0.24389364,2.669069,0.80359448,-1.4670368
19840033,before,-0.76686314,-0.22549172,0.3662105,0.0797993,0.65407207,0.27310124,1.1540408,-0.28874552
19840045,before,-0.37119658,0.18180576,-0.58131804,-0.8153199,-0.26462543,0.54274183,-0.28006963,-0.12208472
19840054,before,-0.95203166,-0.49604529,0.42967076,-1.050022,-0.020964113,-0.19182658,-0.084031742,-1.0964279
19840073,before,-0.38933796,-0.42629162,-1.4694558,0.39520495,0.17105212,0.076958355,0.44887698,-0.30344401
19840077,before,-0.55019399,0.28868867,-0.54527548,-0.77410993,0.5715193,-0.90996095,0.093779831,-1.0374997
19840093,before,-0.24870063,0.049939768,1.7285002,2.7820551,1.2842219,-0.02491559,-0.66344689,0.80636194
19840098,before,1.763694,0.11263262,0.17775913,-1.3819776,-3.2411476,1.1241125,0.66977092,0.023143476
19840114,before,0.3152266,0.26570989,-0.12084038,0.30835119,0.22350715,-1.2887317,-1.148891,0.18582807
19840141,before,-0.81269622,0.341965,1.4054552,-1.6150752,0.18616955,0.67941202,0.98499356,-0.36938368
19840159,before,0.3008778,-0.055722616,-0.96307995,-0.31955069,0.26601593,-0.93850573,-0.72588269,-0.15000709
19840167,before,0.034946206,0.74835682,0.076938131,-1.4340981,1.5178801,0.81092209,-1.2515058,-0.61033959
19840172,before,0.08631056,0.63952105,1.7628565,-0.62443941,0.607362,-2.3524598,-0.92188046,0.54767941
19840174,before,-0.52319183,1.1586295,0.48144066,-1.1184011,0.31935164,1.5770433,1.1984198,-1.5952243
19840188,before,1.4576015,1.5966474,-0.62796163,0.77728501,0.057765953,-2.020945,-0.32863012,0.089555862
19840205,before,-0.81769738,0.14780877,0.39671095,-0.60781427,-0.50520328,0.31698991,-1.0649141,-0.27273344
19840222,before,-0.3047344,-0.97584201,0.41184726,-0.65226567,-0.42403015,-0.58947775,-0.046468738,-0.33983198
19840229,before,0.18727489,1.4090891,-0.49905124,-0.91922029,-0.46725638,-0.96747341,-1.1419593,0.12861847
19840303,before,-0.047227175,-0.77008281,-0.89045189,0.97846748,-0.87411689,-0.062458357,-0.49726133,-1.4419725
19840320,before,0.048751894,-0.47612827,1.3808432,-0.039876914,0.8100979,-0.64768559,-1.1768272,0.58122172
19840350,before,-0.53611738,-0.18498651,0.6182216,-0.76787268,-0.12350891,0.44423068,0.56889429,-1.1931565
19840365,before,0.58436613,2.8355432,0.42684912,-0.26170541,-0.55637603,-0.67416733,0.72309572,-0.3628108
19840379,before,0.79029405,0.45630296,0.19093103,1.0981616,-1.3503264,-1.3591036,-0.55164173,-0.97918168
19840402,before,-0.89631705,-0.47179133,1.0447257,-0.67866397,-0.20667899,1.6626448,-0.12135802,-0.34554176
19840433,before,0.19316374,-1.1062153,0.0094565875,0.32498964,-1.6144367,1.314064,0.75626515,0.33319468
19840478,before,0.65371016,0.34644617,-0.65617748,-0.60236114,-0.26341549,1.4607725,-1.2566802,1.2597992
19840505,before,0.0029768866,-0.35183476,-0.45961665,-0.99996862,0.64540296,0.041090008,0.35173543,0.36211525
19840518,before,0.53811451,1.4415231,1.8268271,1.1190872,1.5855013,1.9566357,0.12952385,0.78865139
19840520,before,-0.28302859,1.0509386,-0.73522796,0.8567477,0.13415606,-2.2533805,0.44843486,-0.54627933
19840531,before,1.1719829,2.432506,0.14382406,0.89097743,-0.7903561,-1.5724134,-0.43310285,0.186144
19840533,before,-0.43122124,0.38881559,-0.676924,-0.26783742,0.42073619,-1.1003088,0.025051974,0.32788846
19840547,before,-1.0350309,-1.5046658,1.1205161,1.5505883,1.1456184,0.70211885,-0.8353884,0.6273932
19840557,before,1.7773289,-0.3044059,-2.6737819,0.22417225,2.0590202,-2.0673394,-1.0569932,-0.57210786
19840570,before,-0.46453716,-0.23937845,-0.56647034,-1.2990407,0.69981598,1.5540458,1.1950051,1.6306363
19840588,before,-0.59827003,0.2449472,0.79434818,0.43067707,-0.07842463,-0.22038088,-0.26860712,-0.45365128
19840606,before,1.445387,-0.44714162,0.82096051,1.6808951,-1.0905556,0.34671036,-0.25646819,0.041154983
19840635,before,0.33250383,-1.4438545,-0.028634148,0.34678323,-0.671983,0.2395303,0.37293232,0.015077795
19840674,before,0.035943948,1.1537354,0.21665933,-0.60189879,0.37577481,1.8861483,2.288534,-0.42788493
19840730,before,1.0638428,1.6289063,1.3539392,-1.4291589,1.4687772,-0.029530225,0.61907177,-0.81239886
19840746,before,2.9517422,1.7679611,-0.83376691,-2.6580634,0.62390155,0.86422358,0.037245525,0.49631291
19840766,before,-0.56154636,-0.69842329,1.0151412,1.0744901,-0.53279355,0.11089759,0.028193427,-0.28714826
19840791,before,0.29007529,-0.71044025,1.1278931,0.022665286,-0.91407862,-0.28946444,0.94168316,-0.49433912
19840812,before,-0.44133433,-0.34331981,0.0069439825,0.3101781,-0.65442978,-0.53477506,0.62179934,0.2263267
19840819,before,-0.040532802,0.67100653,0.51454541,-0.34453299,0.32684666,-0.54036925,-0.76498923,0.41206636
19840820,before,-0.91202148,0.38021751,-0.24335983,-0.97863654,0.1977485,-0.2976217,0.94744335,-0.18040317
19840823,before,-0.36824796,1.0209216,1.1932417,-0.089912219,0.28023917,0.71117581,0.32829658,0.38133227
19840829,before,0.79691755,1.2885288,-0.068471656,0.6742714,-0.38781357,0.36428867,-0.5584002,-0.24740616
19840832,before,-0.82893427,0.23307,0.23967093,-0.37726234,-0.77951249,1.1343125,-0.44686449,-0.4240936
19840834,before,0.60615471,-1.1755308,-1.7789631,-1.4355145,0.095897374,-0.15655625,2.1024778,0.56083455
19840860,before,-0.77900705,-0.71938886,1.9958318,1.0442246,0.59167623,1.1629563,-0.52626517,0.98146798
19840873,before,-1.4503693,-1.4538515,-2.6308399,1.706589,0.61342628,2.6511206,0.74150241,1.4220726
19840876,before,-0.011149275,2.5206315,-0.43458993,2.2255925,1.1032512,1.7987696,0.55485578,0.6701936
19840883,before,0.83196919,1.4152892,-1.3503725,-0.57678112,0.8755811,-0.34680149,-0.049911076,-0.32918621
19840890,before,0.53868086,0.2401953,-0.088158187,0.69056431,-0.08915067,-1.1088892,-0.11410224,-0.74072352
19840892,before,0.38002485,1.6051589,0.11349152,-0.061251075,-0.5035993,2.2125266,1.7400617,-0.87531197
19840897,before,-0.82181763,-0.39003739,-0.015032384,-0.6957589,-0.22580849,-0.56330098,0.41840895,0.25724545
19840903,before,-1.3062368,-0.027779613,1.0586023,0.30787585,-0.16783211,0.17382505,0.20984828,0.48790509
19840906,before,0.62214007,1.5645642,-1.1118489,-0.25760674,0.78253788,0.73488836,0.61715477,-1.6017125
19840943,before,-0.30893806,1.1182037,0.24853937,-0.28245669,-1.6930144,-0.065996648,-0.56106886,0.72661237
19840975,before,1.387443,0.93926635,-1.5734112,0.35436422,-2.5856319,-1.5652928,-0.18489962,-0.86442432
19840990,before,0.55578969,1.3341259,-0.51939155,0.55494503,-0.087847489,-0.21801821,1.3986596,-0.75106562
19841013,before,-0.13094302,0.64353162,3.6344017,-0.061976471,0.50292568,4.1114846,0.031206973,0.86440661
19841041,before,0.86555869,-1.3247949,-0.82757845,-1.1665585,0.8462618,0.041614683,-0.55473814,1.0594543
19841071,before,-0.025209308,0.025471014,1.5631997,-0.4393189,0.77689079,1.3425623,-0.70714465,-0.40402354
19841073,before,0.28072384,-0.41585509,-0.48203764,-0.76919727,-0.2498966,-0.94986188,-0.62218162,0.6753375
19841077,before,0.2131016,-0.53882065,2.5209748,-0.8316061,1.1420851,-0.10598599,-0.045587597,0.11100371
19841096,before,-1.1419903,-0.015474013,-0.80612771,-0.31560776,0.90908956,-0.2349897,-1.8555279,1.5018247
19841112,before,3.1020243,-0.81794335,-0.64598173,-0.069318101,1.2042543,-1.7660889,-0.30817248,-1.6502659
19841134,before,0.17747028,1.9417266,-1.3555352,0.27197105,-0.077049914,-1.3313171,1.0019168,-1.1121905
19841148,before,-0.038417294,1.973074,0.57948936,-0.88630707,0.90931526,1.5853875,3.2853848,-0.57812379
19841156,before,-0.26619771,-0.45530316,-0.14738129,-0.53235733,0.51025365,-0.1537,-0.16166286,-0.82180322
19850005,before,0.016750658,0.25825073,0.57001373,-0.41389246,-0.47519459,1.019113,-2.6302006,0.13908101
19850012,before,-0.87701552,-0.91943513,-1.3302189,0.25671666,-0.31928012,0.0027577933,0.40897604,-0.73199589
19850021,before,-0.60257225,-0.35940406,0.518483,0.99863417,0.74458939,-0.10488401,-0.14470462,-0.27373606
19850038,before,2.0388366,-0.70979711,-0.40141089,-2.4768261,1.6046437,-0.66299957,0.76096788,0.35115309
19850045,before,-1.0106241,-0.57471362,0.70633992,-1.0426093,-0.26384266,-0.0029849147,-0.51759721,-0.92229355
19850063,before,-0.7706985,-0.40227631,0.37460052,-0.13127948,-0.10509943,-0.56841173,-0.12331343,-0.31888024
19850087,before,-0.28839405,-1.2738253,-0.24357661,-0.84829245,-0.25961273,-0.73675256,-0.062095763,-0.46664569
19850089,before,-0.48347992,-0.1419375,0.069537015,-0.6142367,-0.43159763,-0.026455494,-0.58050554,-1.5576765
19850099,before,-0.65939298,0.018072938,-0.22180692,-0.58583276,-0.56218669,-0.83132553,-0.19272227,0.018908763
19850118,before,-0.65760601,-0.30578546,0.21291582,-0.92164414,0.47656327,0.020832592,-0.055973691,-0.86726021
19850122,before,0.020059284,0.068044405,-0.64313809,-1.8193889,0.62689033,0.56279777,1.4418134,1.3129026
19850130,before,-1.1653757,-0.82085252,1.1009477,-1.1077851,-0.37016092,1.1816182,-0.011858567,-0.28221102
19850175,before,1.7719629,-1.1985672,1.8873324,1.4865703,1.3764876,3.0625643,-2.0463523,0.35069063
19850185,before,-0.53031658,0.10527959,-0.050919293,-0.97015107,0.19231921,-0.94672635,-0.021377055,-1.034092
19850231,before,-0.95570694,-0.073819198,0.24672373,-0.44602307,0.27894667,0.63790909,0.019042592,-0.63767474
19850238,before,0.084737289,0.3285931,0.65421944,-1.0849931,0.0020948837,1.1291317,-0.26532106,-0.53816453
19850248,before,-0.99231278,-0.22978591,-1.0459168,0.66455484,1.026047,-0.19788837,0.10130339,1.0459978
19850253,before,0.27142959,2.2619441,-1.0320414,2.2452191,-0.71825055,-0.35241712,1.3705018,-0.82447385
19850265,before,1.9338617,1.0383129,2.0149968,-0.87375967,0.6950235,-3.4968105,-0.068077359,1.458207
19850270,before,0.3904558,0.1817102,-0.39147453,-0.46075783,-0.40218436,-0.59369729,-0.87879968,0.71918152
19850271,before,-0.27938443,-0.085921962,0.86828482,-0.92038319,1.1660911,-1.1290963,0.011521921,-0.73191162
19850282,before,0.80497451,1.2460126,2.0080339,0.41081392,1.4944624,1.3697109,0.070848966,1.2609004
19850286,before,0.41436778,-0.41755613,-0.45749743,0.16081246,0.39622471,0.1726602,1.5662546,-0.60099733
19850296,before,-0.55033005,-0.12805628,-0.025547097,-1.2421425,0.51501054,0.76148278,1.0892916,-1.1947646
19850310,before,0.17341951,1.3954491,0.82202073,-0.95233506,-0.11271202,0.030739088,0.50494853,-0.38712213
19850316,before,-0.22043572,1.6040337,-0.89123252,-0.28961584,-3.1435421,0.80154733,-0.99553529,1.7067743
19850329,before,-0.60895938,-0.48766604,-1.4846897,1.4599868,0.35504519,0.56484826,-1.0875034,-0.093112625
19850342,before,1.2893107,1.8083493,-0.55441632,0.52942513,0.19482517,-1.5979355,0.84094504,0.66273485
19850343,before,1.2040156,0.48266531,3.8004783,0.51633413,-3.3211896,-3.738084,0.887172,0.50815701
19850348,before,0.74918898,-0.11777736,-0.15469699,0.48552792,0.025648536,0.50145842,0.88175079,-0.89460697
19850359,before,-0.80349174,-0.74830367,-0.75124463,0.53120096,0.46462476,-0.83274588,-0.16650084,-0.34639371
19850375,before,-0.62068878,-0.35634575,-0.87564851,0.6014863,0.59538464,-0.73964338,0.32675605,0.68677427
19850402,before,-0.42276188,1.1163417,-1.0930469,-0.31057411,0.9524875,-0.90902799,1.2477022,-0.33712985
19850438,before,-0.44430174,0.50007459,-0.39596447,0.36292954,0.12122121,-0.34212875,-0.16077456,-0.11220991
19850442,before,0.75064952,-1.2742863,1.9576853,0.28098825,-2.6453633,-1.6561336,2.8339206,-1.2431024
19850454,before,0.94383653,0.40187096,0.74133695,-0.27617788,0.54819692,0.060550624,-0.96680865,-0.39135193
19850479,before,0.14035408,0.32091098,0.72088795,0.94832372,0.060929076,-0.048091252,-0.80871916,0.52829455
19850499,before,-1.5492544,-1.3477176,0.57620522,0.4909735,0.2614215,-0.043638453,1.2846151,2.1984789
19850509,before,1.3994264,0.81174044,0.52567966,-0.31249858,-0.4333403,0.23373166,0.22600376,-0.030481332
19850529,before,1.1776517,0.040062563,0.39009618,0.46950971,-0.022229131,0.28410886,0.23668726,0.94294764
19850534,before,-0.35930988,0.53052246,-0.77615865,-0.02375596,0.25347008,-1.1492596,-0.24728601,-0.2076819
19850560,before,0.013098947,-0.27474652,-0.14658092,-0.84904136,-1.1959207,-1.1477839,-1.0221896,0.92115485
19850565,before,0.19882631,3.1800135,0.87889754,0.36537959,-0.50371436,1.5648494,1.2013565,0.9352272
19850575,before,-1.341346,-0.5416013,-0.4820364,0.62044721,0.20795051,-0.60664486,-0.36842805,-0.18889063
19850605,before,-1.1823587,-0.068743848,1.2704752,0.35476476,-0.35861609,0.15678732,0.24286599,0.72045973
19850615,before,-0.00068627362,-0.54212662,-1.0468912,-0.99724623,-1.1722796,-0.5343148,0.79344116,0.21398568
19850639,before,0.87248087,-1.722461,0.27244439,1.2004219,0.15929685,-0.69267763,-2.5468364,-0.27106617
19850648,before,-0.83973434,-0.33511199,-1.6011387,0.99120115,1.6034395,-1.1359049,0.26902062,0.50903846
19850703,before,-0.3855281,-0.25839011,-1.4234697,0.095233043,-0.24961861,1.9905123,1.1393458,-0.48860718
19850710,before,-1.3033365,-1.4493537,0.069464196,0.90210849,0.76505733,1.0408612,0.31112177,1.2620759
19850738,before,-0.066003381,-1.1578595,-1.5267935,1.4232367,1.8134451,-0.58158925,1.414357,1.0169058
19850741,before,-0.16704703,0.93600042,1.7719367,1.4785231,1.7129461,-0.40340523,0.67670908,0.65783672
19850784,before,-1.0211673,-0.26732844,0.30361737,0.40243709,-0.10991048,-0.18343957,-0.78029146,-0.49537265
19850785,before,0.69410873,-0.9657973,0.24579671,-0.11538814,-0.12336963,0.0088692695,0.34853618,0.4909859
19850797,before,-0.016102406,-0.20966929,0.48190547,-0.03739551,0.12848631,-0.22363056,-0.55863299,-0.015978777
19850812,before,-1.2104227,-0.90872605,0.42072569,-0.20961485,0.065969908,0.50218371,0.6891481,-0.43359665
19850815,before,1.5342506,1.7469005,0.90813717,-1.6505562,-0.40065024,0.42948664,0.21315368,0.27754644
19850845,before,-0.82309492,-0.89981401,0.5435688,0.10830402,0.039074424,-0.42326691,0.67734537,0.78485186
19850849,before,1.6126907,-1.7888147,1.1388957,0.63079473,-1.1065783,-1.2832523,1.1525023,0.52551148
19850852,before,-0.11961518,-0.81508443,-1.7090015,-0.02129509,-0.33143067,-1.0582327,-1.4132528,0.77500874
19850885,before,0.39146528,0.94434165,0.74326293,-1.7974979,0.37287833,0.667123,0.54802751,-0.33612519
19850897,before,1.827651,-0.10448372,2.259742,1.6802201,0.60576256,1.2685183,1.6202396,0.46775414
19850905,before,-1.1380683,-0.075198377,0.24781673,-0.95721577,-0.13299135,-0.11275579,-0.55315597,-1.2184867
19850923,before,-1.3767254,-0.77295665,-0.85990985,-0.058951336,0.83021576,0.04402221,1.4293699,1.2684186
19850971,before,-0.86515883,1.0605095,0.036995085,-0.0093527666,-0.97744403,-0.71184635,0.60167028,-0.52463775
19850973,before,0.56136421,2.9402636,0.64199968,-0.3113925,0.55596897,-0.1112054,0.40492074,-0.28063817
19851003,before,0.25417439,1.2363327,-0.034588,1.2619465,0.10002694,-0.66580679,0.55218165,-0.85144905
19851026,before,-1.1802463,-0.27996315,-0.48883377,-0.47857581,0.57643943,-0.36655526,0.15058531,0.85913868
19851050,before,-0.26590425,0.19990536,0.31992727,-0.90680433,-1.1382446,1.3664158,-0.082985113,-0.76640268
19851084,before,-0.7366582,-0.72074077,-0.68177049,-0.64820935,0.3843274,0.63265403,-0.92952605,-0.31087849
19851086,before,-0.45101495,-0.82700581,0.017073681,-1.133356,0.23610664,-1.1995359,0.72661905,-0.38992667
19860006,before,-0.90369234,-0.82890133,0.39916031,0.82259815,0.48121483,-1.1984501,-1.3045183,0.11248376
19860007,before,-0.28928676,-1.3268407,0.087989683,-1.4405441,-0.19703085,0.29230898,-0.096727624,0.66635371
19860008,before,-0.3796517,-0.33351087,0.45000552,-0.61491983,-0.070250113,0.18127016,-0.56350141,-0.38949795
19860009,before,-0.68106258,-0.4423427,-0.12936954,-0.71568222,-0.11280679,-0.28861942,-0.55295125,-0.57826055
19860029,before,-0.18717127,0.054047066,-0.42081535,-0.48717286,0.11867704,0.17841937,0.18660532,-0.28305256
19860056,before,-1.0167545,-0.58737413,0.52806915,-0.9695937,-0.24425603,-0.17216257,-0.34517391,-0.69709863
19860073,before,-1.0556204,1.6932846,-0.77452351,0.2119516,-0.78662667,0.38247588,1.1715322,-1.1759587
19860076,before,0.50868214,0.9927268,-1.0663288,0.70596746,-1.3366818,-0.52838527,-0.13985873,-1.7752354
19860092,before,-0.54669102,-1.3444777,-1.35064,1.9124257,0.69885658,-0.7115978,0.44945384,-1.2473089
19860095,before,-0.13405307,0.64010953,-0.19269981,-2.2789592,4.0861251,-1.8837975,-4.2424334,2.6190599
19860114,before,-0.83548138,-0.49523212,0.29687839,-1.2345589,0.37039943,0.43840888,0.3756255,-0.10444687
19860129,before,-0.085233486,0.42690814,-1.1582395,-0.48064511,0.73790482,-0.40149688,-0.11318344,-1.2889963
19860138,before,-0.34735177,-0.96449789,-0.57611108,0.6532364,0.79301319,0.54071787,-0.45690614,-0.17429974
19860139,before,-1.2554985,-0.52230193,0.72493994,-1.0888916,-0.28616838,-0.15156482,-0.28433964,-0.60762593
19860146,before,0.72967527,-0.1553562,-1.3639204,0.76222183,0.02387197,-0.58552422,0.96331848,-0.1973933
19860154,before,0.74558661,-0.52834577,0.88225167,0.22704415,-0.39176788,-0.5662232,-1.0267188,0.54205522
19860162,before,-0.08404113,-0.24880232,-0.22480808,-0.37298115,-0.39502072,-1.341307,-0.22179393,0.80445581
19860171,before,-0.74620204,-0.26777111,-0.019262524,-0.57647914,0.09460254,-0.13335798,-0.66118291,-1.15027
19860178,before,0.72298023,-0.058419965,-1.0424205,-1.4636884,0.20036678,0.21906239,-0.26296529,0.60427849
19860195,before,-0.28447173,-0.91477094,-1.0644809,0.64616676,0.27676641,0.16871926,0.011126698,-0.58388798
19860202,before,1.0401153,-0.03996472,0.92613317,-0.13093295,-2.6991109,0.12562899,1.2147454,-0.25016125
19860208,before,-0.7186273,0.28782453,-0.055056516,-0.39489234,-1.214223,0.37231628,1.263129,-0.82892902
19860218,before,-0.46567643,-0.77675225,-0.2779799,-0.77665716,0.49951927,0.59177147,1.1152111,1.4364259
19860229,before,0.8702851,-1.0774533,-0.034749891,-0.045278343,-0.40648924,-1.3347302,-1.079816,-0.58578992
19860238,before,-0.23951562,-0.16857828,-0.69912273,-1.5536089,0.58175114,-0.53110071,-0.25337155,0.00084978618
19860251,before,-0.55089857,-0.52519175,-0.62526496,1.0170945,0.6431163,0.22507382,-0.18516914,-0.56262622
19860265,before,-0.22380522,0.030439734,0.36311369,-0.88525896,-0.0092132795,1.6662638,0.12892037,-1.1519034
19860278,before,2.3260139,-0.84468448,0.84925661,0.26473129,1.5854322,0.63614501,0.39005309,-0.13280224
19860295,before,1.0801799,1.333662,0.499473,0.16128876,-1.5192489,0.40038065,-0.75837297,0.50886491
19860298,before,0.54770805,0.8198072,-0.23368184,-0.82966059,-0.28245435,-0.56776846,0.36943787,-0.1657893
19860306,before,0.3685325,-1.6579092,0.77273246,-0.64218407,0.34574092,1.1324005,0.64805071,0.06815169
19860313,before,-1.1439834,-0.50759332,0.26878503,-0.93020206,-0.42672584,-0.69769659,-0.15921157,-0.70235207
19860314,before,-0.53713598,-0.68078571,0.041256584,0.19158312,0.20186776,1.0495964,-0.43639756,0.46720167
19860330,before,-0.43058027,-0.18824865,0.37985615,-0.18554116,0.32286314,0.49684686,-1.1927121,0.68599122
19860345,before,-0.66225998,0.56113241,0.40265578,-0.33490232,0.4103909,-0.69475546,-0.45671213,0.46562065
19860346,before,2.0315593,0.51717216,-0.11137429,0.55402933,1.5069956,-1.9568828,-0.097949335,-0.67648114
19860349,before,-0.35106042,0.068222109,0.031571933,1.2013209,1.0585304,-0.70081235,0.67483468,-0.21051982
19860384,before,-1.3577998,-0.70597641,0.42217728,0.65883791,0.80050754,-1.291335,1.1911166,0.85347206
19860409,before,2.9569261,2.7763822,-0.70486567,-1.1574787,-0.74160312,-0.35436965,1.007727,1.3538462
19860410,before,-0.062592915,-1.0058349,-1.4894205,-1.5161166,-0.022958172,-0.95332554,0.41032928,2.9042117
19860417,before,-0.84620723,1.0863482,1.5272558,0.55612054,0.74153411,0.61142095,-0.15105922,0.57974381
19860430,before,1.5474184,0.66470202,-0.84402827,-2.2550716,0.94980677,0.7833368,-0.45698999,-0.33822028
19860443,before,2.21258,-0.9326493,-0.12608687,1.3713824,-1.1717556,-1.8616866,0.22213938,-1.6413049
19860448,before,-0.81491394,1.7351929,-0.30622965,-0.53587562,-0.88288788,0.8246678,0.38818727,-0.53997036
19860462,before,-0.58146985,0.37615948,-0.07938877,-0.021761979,-0.10095437,0.24916133,-0.19779053,-1.1456574
19860469,before,-0.56670792,1.789961,-1.4971126,0.80623123,0.35730427,-0.75518629,1.2076963,-0.61418959
19860482,before,0.38894242,-1.3296056,-0.86944962,-0.090115431,1.0348014,4.0479408,0.16428114,-1.0114559
19860491,before,-0.36240539,1.3573797,-1.0588676,0.34895145,-0.91600331,0.84133356,0.80366335,-1.0183342
19860512,before,0.423045,-0.71567697,0.20750288,-0.69925654,0.63015147,-0.87851912,1.1741274,-0.47811274
19860513,before,3.949881,-0.8187666,-1.3376926,0.96702362,1.6607234,2.3801353,-2.0266537,1.3992551
19860526,before,-0.24410888,0.0083620123,-1.0516012,1.6368722,-0.024885153,0.76912084,0.52669306,-0.60578811
19860529,before,0.33713563,-0.79102993,-0.7486691,3.5705136,1.5708729,0.80430082,-0.27386017,-1.6557873
19860541,before,-0.17407094,0.11934065,0.51677357,0.15167938,-0.95841817,-0.57346616,-0.097967736,0.89772101
19860551,before,-0.5615971,1.8549357,-1.0769605,-0.08479448,-1.9119044,-0.9785558,-2.7723888,2.1687519
19860563,before,0.36125632,-0.23793919,-2.0565609,1.0018885,0.49748988,0.79283633,1.0098607,-1.4010571
19860584,before,1.0585199,0.45836187,0.21675003,0.43302045,-0.51091167,1.3501768,-0.43153326,0.87330339
19860591,before,-1.4994621,0.15222459,-0.0045649573,0.13255109,-0.046405917,-0.64346106,0.69623232,1.0951429
19860599,before,0.32983827,2.3226177,-1.2569634,2.9352433,-0.68772405,0.70678226,1.4451722,0.2432187
19860601,before,1.4766441,-2.3099881,0.25228132,2.512135,-0.48439387,1.8472046,2.4155535,-0.013845371
19860608,before,1.4440415,-2.7292432,-1.5398818,1.2394583,-0.59648644,-0.030190615,-2.0868285,1.6973496
19860610,before,-0.11997667,-0.59771275,-0.99419658,2.2676752,-0.66580868,1.3165732,-0.48507622,0.17473485
19860622,before,0.77908618,-0.93049924,0.34143563,3.2563993,0.90565564,-1.2378421,0.25072665,-0.17811379
19860667,before,-0.86291183,0.0274362,0.95158191,-0.57515152,0.23528569,0.10328773,-0.041879717,-0.2959029
19860681,before,-0.15182037,0.84403812,-0.17501228,0.4160687,0.34991616,0.35661982,-0.2981833,-1.0113737
19860733,before,-0.39688962,0.32982886,-0.60117757,-0.2467405,-1.9497977,0.096888275,0.63676475,0.86055329
19860758,before,1.2430127,1.283429,-0.98894075,2.0425012,-0.78408886,0.92688624,0.012269508,-0.99016298
19860766,before,0.6083693,1.3094029,-0.14077099,0.16377774,0.36617906,-0.39475458,0.033189024,0.12920766
19860771,before,-0.5178043,0.51751963,-0.92148963,1.1660227,1.3290705,-0.14318659,0.044972799,1.1415571
19860773,before,0.62749885,-0.23907913,0.39430535,-0.23612855,0.66527146,0.96463381,-0.41459321,1.2762592
19860777,before,1.9769517,1.7693721,4.9346146,2.0532762,1.7022244,-2.4589035,-0.02811455,0.66920549
19860782,before,1.2149237,2.1391171,0.34445692,0.86288143,-0.75122113,0.62476755,-0.30226627,-1.1706194
19860784,before,0.55474123,0.88680414,0.62341436,0.79702661,1.1609718,-0.95282741,-0.18181654,0.0092389961
19860799,before,-0.05739814,1.1073664,-0.90487754,-0.75858344,-0.41738833,0.4023044,0.19710207,0.17599218
19860827,before,-0.80399318,-0.37524759,-0.74771852,-0.67630857,0.64779123,-1.1686928,-0.41213237,0.62865987
19860832,before,-0.86229369,-0.69550872,0.87155241,-0.47660336,-0.80300538,-0.050258664,-0.31435516,-0.42318607
19860849,before,0.998328,1.9176623,2.1886173,0.50445014,-0.10147843,1.4151401,-0.0099652807,0.87106056
19860853,before,2.4011682,2.4651214,0.19840608,-1.1413137,-0.66630025,2.0922195,0.62973376,0.075078141
19860864,before,-1.0689671,-0.58932475,-0.47039499,-1.1030176,0.060296923,-0.873981,0.39907551,1.4557845
19860874,before,-0.33011336,-0.96047839,-0.41719132,-0.29702802,-0.050078327,-0.39171436,-0.042262832,-0.13129604
19860879,before,0.98010786,0.69047058,1.3217435,-0.20716902,-0.72392193,-1.7791817,0.16802392,1.5134892
19860892,before,-0.95223546,-0.20266042,0.99832741,0.54145148,0.56430275,-0.6519973,0.061927057,-0.95967507
19860894,before,-0.14264312,0.03829518,0.91155017,-0.85693469,0.29777501,-0.021400875,0.3299105,-0.24463106
19860900,before,1.9387405,-2.1665826,0.57740736,1.2599721,-1.8746376,-1.3751246,-0.092311853,-0.55727426
19860913,before,0.24889371,-1.4321198,1.1766752,-0.47849919,0.80677563,0.94608108,0.63346899,0.42070118
19860918,before,-0.18922535,-0.12427489,0.81078261,-0.8279493,-0.83185082,0.45587175,-0.10514206,-0.30665394
19860921,before,-0.093893779,1.4756305,-0.67371216,-0.78587141,0.83820871,-0.52619772,1.5093062,-0.10492842
19860942,before,-0.61411996,0.61681558,1.6026826,-1.0972422,0.69812773,1.0960241,0.6535876,0.72406231
19860954,before,0.65910123,1.8683717,-1.3393782,1.6329802,-0.60362908,2.4345736,-0.38169184,-0.4403231
19860963,before,2.8855377,-2.2302665,-0.28761503,-0.83694987,-1.3915353,-1.3832357,1.3966596,0.27066767
19860964,before,-0.70714174,0.28642051,-0.31879325,0.085176523,-0.59469556,0.48407648,-0.11062157,-0.99262971
19860973,before,0.022047722,1.454085,-0.44761522,0.58175207,-1.8360827,0.73938623,-0.63284728,0.23366307
19860987,before,-0.19564284,0.43774382,-0.28993014,-0.37153024,0.41736738,-1.0663748,0.42841972,-0.14267132
19860998,before,-0.8500214,-0.56863776,1.2141401,0.45768981,0.13810809,0.68646513,-0.74776747,0.34010011
19861011,before,-0.8268414,-0.067267947,0.65830345,-0.61587551,-0.02393496,-1.0023083,-0.39970467,0.1861584
19861021,before,-0.53614068,0.040082019,0.91230816,-0.55072825,0.12847606,-0.65649507,-0.043687431,-0.24338388
19861027,before,-1.0940137,-0.64394741,-0.45626969,0.55396614,-0.099756105,1.208107,-0.34274823,-1.1448512
19861054,before,-0.36169048,-0.20236209,-0.033152597,-0.12814116,-0.68482122,0.45734908,0.080664155,-0.75561737
19861059,before,-0.65572114,1.1044121,2.514522,0.10782174,0.25637855,-2.6041779,0.40255068,1.7099812
19861068,before,-0.84138408,1.3978107,-0.13907113,-0.010169937,-0.47228419,-0.23493244,0.57009723,-0.6028742
19861076,before,-0.76148672,0.97578978,-0.83049425,0.18477325,-0.79607223,-0.67655101,-0.4173858,-0.13935379
19861086,before,-1.4081736,-0.44582195,0.54848069,0.54450167,0.64589295,0.39366226,-0.047513179,0.01724404
19861089,before,-1.2610569,0.43697403,-0.4723043,0.35210309,0.22948555,-0.28203819,1.0911532,0.20761942
19861094,before,1.8216978,0.52534442,-0.35020506,-0.34342107,-1.9245489,-0.37834225,0.67019444,-0.32265329
19861098,before,-0.62147926,-0.98417693,0.38068738,-0.53621019,-0.071806431,0.052340716,-0.13389269,-0.3184053
19870011,before,-0.17663119,0.60947116,-0.30928898,-1.0922106,0.18765359,1.6622552,0.26622006,-0.59496608
19870019,before,-1.1553306,-0.36467661,-0.040626894,-0.080619564,0.49236761,0.096546947,0.17438429,0.48384888
19870022,before,-0.66609043,-0.32450533,0.76214443,-0.98684822,0.054284524,-0.028617826,-0.40267411,-0.25609973
19870025,before,-0.17576727,-1.4162069,-1.2215796,-0.7408783,0.40303355,0.13510695,0.12200787,0.34874964
19870031,before,-1.1539733,-0.36369137,0.07606141,0.36930099,0.71334242,0.29730255,0.057761256,-0.39103476
19870052,before,-0.86963682,0.39650398,-0.23114208,-0.6483999,-0.47641433,0.73847995,1.5243346,0.49003863
19870092,before,-0.36174404,-1.0399164,-0.94153589,1.0647111,0.20790796,0.14642379,0.35715527,-1.4206504
19870104,before,1.6174646,2.475398,-0.69443179,0.7240494,1.6353593,-0.82563808,0.0509951,1.9712408
19870138,before,0.70724352,-0.20807867,1.1221559,0.35840755,-0.2782633,1.4913858,-1.0081245,-0.70549095
19870150,before,-1.264372,-0.089125449,0.76555541,-0.59842749,-0.4361473,-0.020271906,-0.17856852,-0.37052249
19870162,before,0.21627786,-0.80755829,-2.2904499,0.7450904,0.4636617,2.3676863,0.037359509,-2.6353632
19870195,before,-1.1979139,0.41613255,-0.095444709,-0.26032379,0.15310661,-0.47991044,0.35493702,-0.44116939
19870214,before,0.99206103,-0.40051415,-1.1536635,1.4289724,0.39205083,-0.50253503,-0.90918435,-0.74263436
19870237,before,-0.37505723,0.72825058,-0.044503466,-1.2790347,-0.21979765,0.12456461,0.042876464,-0.47042364
19870253,before,0.281593,1.3874806,-1.5798255,-1.3492789,1.1331269,0.16701408,0.91827818,-0.48048886
19870280,before,-0.88487216,-0.82017413,0.45395717,-0.48725107,0.22858651,0.67294185,0.48286768,0.99800592
19870288,before,1.500402,-1.0140176,2.9625033,-0.69023052,-0.64566537,-2.9395971,-0.64692614,-1.0111899
19870297,before,-0.26357244,-0.010274693,-0.55774249,-0.3432955,-0.42388292,-0.64364397,-1.1965825,0.008673516
19870300,before,1.6858817,-0.4144306,-1.5919391,0.33142836,0.36940585,0.43632603,1.295808,-1.4782556
19870310,before,-0.47770834,0.45802396,-0.56219724,-0.6960713,0.22429563,-0.36950165,-0.38204215,-0.46085598
19870318,before,-1.2587448,-0.74626597,0.33860317,-0.94572092,-0.79988833,0.14359031,-0.46918042,-0.48310482
19870323,before,-1.1327283,1.5773171,-1.7728063,-0.36932615,-2.883754,0.57478925,-0.11692558,3.8572232
19870394,before,-0.68648113,-0.23123702,-0.59352174,-0.5784847,0.14596791,-1.2445056,0.29905377,-0.023468619
19870413,before,-0.83568429,-0.13678447,0.53458826,-0.014819094,-0.11605228,-0.12761752,-0.38539421,-0.25665456
19870459,before,-0.7873462,0.45985132,1.643936,-0.54906344,0.58552982,-0.22622915,0.0049136394,0.22269366
19870477,before,-0.37639756,-0.51017866,0.38071789,-0.29870049,-0.056185174,0.0061070676,-0.47448697,-0.3981684
19870481,before,0.94729166,-0.02003455,2.664571,0.35761976,-1.4241575,0.1849978,1.0401273,-0.70664575
19870483,before,1.0687931,0.064914457,-1.191537,3.192003,-0.27047642,-0.66695662,-0.53204478,-1.0745453
19870495,before,1.4382927,3.0106219,-1.16439,-0.79044535,-0.51108777,0.56312375,1.8764206,-0.75398775
19870533,before,-0.032218016,-3.0635044,0.72735536,1.4743947,-0.2312288,3.6876178,-0.17352319,0.98067183
19870548,before,-0.43196805,-0.74986329,0.33957173,1.3900305,-1.5473202,0.23317738,1.3604952,1.8012928
19870586,before,-0.56061641,-0.46536075,-0.0026869651,-1.3328347,-0.2838725,-0.20645374,-0.31026032,-0.13105276
19870588,before,-0.40881539,2.4828369,-0.47760219,0.75593796,0.21530628,0.056685955,1.6505971,-0.59825708
19870604,before,-0.5573292,1.6510697,-1.2015111,0.03808014,0.55828796,-0.60586612,2.5068918,0.22276052
19870641,before,-1.4732507,0.69887019,-0.8173429,0.6275468,0.97685088,-0.39438203,0.20922503,0.71798146
19870642,before,-0.41832178,0.38866938,-1.3569033,-1.0338584,1.8456785,-1.2138525,-0.61803638,1.7385772
19870646,before,0.93553168,2.8097213,-2.8058012,-0.51488469,-1.1565558,1.1130286,-0.028703985,2.3002888
19870649,before,2.6459125,1.1437122,-1.8014426,1.5138832,-1.1680196,-1.047111,-0.13423068,1.7989491
19870656,before,1.2373449,-0.19594602,0.68391173,-1.5971984,0.35441092,0.52931751,1.1662166,0.35458889
19870666,before,0.067371517,-0.43294975,1.9761511,1.3138403,-0.72423957,1.1939147,1.0265214,1.1632526
19870679,before,0.0785535,-0.24065083,-0.44490951,-0.51936578,0.33247081,-0.36715734,-0.48216064,0.55605665
19870687,before,1.3057988,-0.72782037,1.0463142,-0.93997563,-1.2072942,0.83694791,0.1105058,-0.7704754
19870701,before,-1.2917317,0.23866555,-1.3863582,0.088324087,0.77607728,-0.4965786,0.19033789,-0.17831813
19870709,before,-0.78155487,-1.1861185,-1.3689092,1.0419067,2.621782,0.27581452,0.73106412,2.8389721
19870710,before,2.4496895,-0.86529063,-0.91060227,-1.3058455,1.3925483,0.26450238,-0.28865855,0.84289122
19870714,before,0.073005696,1.5782291,-0.48878276,1.9383342,0.35756919,-4.2311949,0.066369133,-0.54406049
19870741,before,0.60801983,-0.16892737,-0.56426995,0.60330013,0.083006186,-0.46929478,0.52737022,-0.33895642
19870744,before,-0.70967285,0.59152809,0.12469203,0.60885648,1.636315,-0.96045679,-1.4336786,0.39663728
19870748,before,1.8449666,-0.81014835,-0.084525281,0.3334572,0.53731973,-1.5502447,-1.1940247,-0.25338144
19870780,before,-0.16364475,2.2356632,0.73045105,-0.42453865,0.78163137,1.3809166,0.84287516,0.45170615
19870786,before,-0.76309046,0.44454589,0.91874439,-0.024257894,0.39658009,0.13550281,-0.38861821,0.25508594
19870793,before,0.16924812,-0.34662155,-0.44940696,-0.46798317,0.34457544,1.2755684,-0.5663805,-0.31907477
19870818,before,1.1921435,1.4263615,-0.84807596,-1.9157826,0.77464174,0.90038171,-0.28669416,-0.99247394
19870825,before,-0.94810247,0.22377011,-1.3873757,0.89524281,0.81284981,1.0033614,-0.43376685,0.41565081
19870833,before,-1.4558578,0.32417172,0.72028858,1.935104,-2.1468739,1.2855891,2.6297233,2.1047255
19870848,before,1.8009673,1.2927217,0.96067801,0.18000598,-1.7268124,0.80796656,-1.4836867,-0.36295474
19870862,before,-0.46700686,1.5767425,0.67648539,-0.84837612,0.48314727,1.1198586,1.0930841,-0.98494946
19870884,before,0.043521841,-0.4621228,0.70017483,-0.71592891,0.39279293,-0.34917324,-0.021875006,-0.22265327
19870912,before,-0.89979151,-0.34079547,1.1476083,-0.33000858,0.48644108,-0.083952843,0.17149178,0.84065263
19870926,before,0.22763939,1.1607272,0.23686025,-0.049811322,0.063614001,1.3017607,0.54720465,0.69792266
19870927,before,-1.9784763,-0.33771528,0.30373705,0.21146651,-3.162011,0.37125661,2.216839,1.5188363
19870942,before,-0.35706807,-0.92222369,-0.36654242,2.3516358,0.49878233,-0.39081415,-0.65994874,0.16813158
19870962,before,-0.49689825,-0.31468022,0.78023293,-0.37000705,0.51591405,-0.090008248,0.14433778,-0.7253269
19870963,before,0.61023652,1.6834047,-0.32218117,0.63008439,-0.30443316,1.2995985,-0.52324057,-0.3288501
19870978,before,-0.60028322,-0.24697934,-0.46276083,-0.1201655,-1.3460202,-0.54820913,0.24444121,-0.65779393
19870993,before,-0.85621136,-0.24680785,0.74046782,-0.46943222,-0.39113199,1.2745074,-0.24958862,-0.14682604
19871054,before,0.14937456,-1.560451,0.36866059,-0.93386838,-0.25795952,0.059167821,0.3887347,-0.10691895
19871063,before,-0.63516197,-0.44964213,0.55079997,-0.95154992,-0.43774109,0.48467664,0.078087417,-0.047009515
19871082,before,-1.0223625,-0.056929982,-3.3747438,0.98611753,-0.29913119,-0.29763961,0.019515141,-2.1523687
19871086,before,-0.2555123,-0.21506271,2.2655237,0.90570496,0.86085877,2.9179784,-0.39056977,0.91705119
19871097,before,0.60084316,-0.40962393,0.44844518,-1.6389607,0.75550778,-0.3195792,-0.86606262,-0.70372087
19871122,before,0.12452943,-0.83666581,-1.1745752,-1.7508979,1.0207063,0.10039263,-0.36931579,0.60845474
19871136,before,1.0567725,1.9462227,0.76494889,-2.6186999,2.1937575,3.7593854,3.562264,0.045786874
19871150,before,0.26850452,-0.58610077,0.35372145,-0.57891577,-0.070104252,0.14245418,0.17290886,-0.64761863
19871160,before,0.11150677,0.10616881,0.86970112,-0.64235169,1.8641436,0.72552806,1.9843339,-0.92932132
19871173,before,-1.0828825,-0.85530716,0.67276286,-1.3771517,-0.25726054,1.0262575,0.49717243,-0.7312215
19871177,before,-0.69224343,-0.2568843,-0.02776059,1.0576772,0.24350309,-1.0831635,-0.33582573,-0.022614441
19880009,before,0.50622048,0.09643544,-1.2807964,1.3108609,1.3433765,-0.34686582,1.5516862,-0.90152183
19880012,before,0.71851029,-1.4380269,-0.62372261,-0.24627671,-0.62935479,1.6134735,-0.51005142,-0.4808695
19880021,before,-1.0964637,-0.59399475,0.65602286,-1.2592735,-0.49771817,0.2860383,-0.39269824,-0.60692176
19880033,before,-0.59052375,0.1646593,1.8022324,0.13997011,-1.2120525,1.5048707,-0.43871906,0.89867853
19880042,before,0.51021393,-0.56733884,0.18318511,-0.14105062,0.80531515,-0.64034795,-0.81639744,0.523661
19880051,before,0.091419541,-0.035814575,1.2069984,-0.30157425,-0.95646651,-0.94060266,-1.0598555,-1.6248123
19880056,before,0.18610141,0.61488631,0.98236658,-0.3596024,1.2732826,-1.5001722,2.0495994,0.40614125
19880066,before,-0.29502207,0.068928301,0.66693604,0.10539566,0.16087746,-0.40458295,-0.46265442,-0.052551906
19880067,before,-1.100718,-0.13817811,-0.082004127,-0.43191503,0.61000486,-0.70488757,0.88067678,-1.0214251
19880068,before,-0.12959914,0.062760143,0.35499183,-0.52902868,-0.8244644,-0.16926927,0.023699993,-0.14849122
19880079,before,-0.62147302,-0.45943116,0.78677899,-0.75151494,-0.025652799,0.38852135,-0.59270393,-0.94546685
19880103,before,-0.054360484,-0.25237139,1.2225737,-1.0378253,0.7620958,-0.47105267,-0.46955602,-0.27686574
19880154,before,-0.75031505,-0.51061344,0.91176455,-0.15281859,0.37105266,-0.10523429,-0.45646704,-0.78883085
19880163,before,-1.2945976,-0.32426869,-0.050677638,-0.67028194,-0.2240342,-0.25595028,0.19149688,-0.14288109
19880167,before,-1.0546182,-0.56522259,0.80481445,-0.89724534,-0.37035262,0.046068853,-0.32269873,-0.36263591
19880173,before,0.079255795,-0.74412679,-1.1273661,0.53215705,-0.46781411,0.1705923,-0.52345034,-0.80802561
19880179,before,1.11338,0.18761674,0.26436086,-1.1981713,0.37493216,0.88385354,-1.6681509,-0.16444868
19880191,before,-0.64834078,1.2396009,-0.33166064,-0.90660598,-0.070247625,-0.51861384,-0.88630653,-0.35630818
19880194,before,-0.14263497,-1.4109097,-0.61074855,0.2671516,-0.58343549,-0.40660614,-3.7707208,2.5328566
19880215,before,-0.77902056,-0.45307992,-0.10150469,-0.21723131,0.24711279,0.072615514,-0.52699724,-0.42817543
19880225,before,0.16051028,-0.2422393,-0.17559018,0.18385502,0.5071903,-0.64292579,0.12836203,-0.13648966
19880235,before,-0.81139748,0.39847479,0.36081929,-1.478812,-0.97522533,-1.2144822,1.3945773,1.7780281
19880239,before,-0.5016157,-0.21229235,0.29115903,-0.0048126811,0.7562173,1.2266519,0.46032983,-0.22963848
19880249,before,-1.0751868,0.46470549,-0.67324196,0.4491416,-1.657411,0.58972088,-0.94728574,-0.275869
19880256,before,0.78315806,-0.16135448,-0.017439342,0.83163161,-0.75474157,-1.8325645,-0.92560771,-0.56767672
19880272,before,0.6972558,-0.29288836,-0.17579736,0.67105316,-0.53903151,-0.48727295,1.1736954,-0.66320286
19880286,before,-0.93422788,-1.2001937,-1.5951269,1.7795516,-0.90625144,0.45737777,-0.59202115,-1.6999439
19880299,before,3.6177688,0.36280443,0.75026829,-1.1234598,2.7026105,-1.7737788,0.88471555,-0.11079006
19880302,before,-0.10795147,-0.67878572,-0.17221553,-1.3684179,-0.35022492,0.00099732384,0.30671163,-0.37975414
19880333,before,2.9389243,-1.2798444,-1.1525375,-0.66225133,3.7843055,1.0604654,2.3261264,-2.6020973
19880341,before,1.9611147,0.18005019,0.40501417,0.064115361,-1.0294626,1.9338774,1.5953069,0.018905295
19880364,before,-0.60055784,0.07471459,0.18509295,-0.86803062,-0.16905498,-0.87785838,-0.1654564,-0.44126931
19880395,before,-0.50695409,1.0191647,0.45783759,0.50449162,-0.19076398,0.74217804,0.15829747,-0.48350344
19880407,before,-0.39721598,-0.08179527,0.076452063,0.29121266,0.63943176,-0.17727577,-0.68145468,1.0189773
19880411,before,-1.1159724,-0.67565353,-0.87403094,-0.99406861,0.15159216,-0.98514232,-0.19854584,1.0231815
19880434,before,0.21784114,-1.5374043,-0.85110322,-0.96080923,-0.060780504,0.3018756,0.18505503,0.019983159
19880438,before,0.037966032,0.16584501,0.40104035,-1.4069456,1.1695927,3.5898086,1.5938934,-0.73731326
19880444,before,-0.5207409,0.4388084,0.55419465,0.63978365,-0.15325697,-1.0053783,-1.5873768,-0.49879384
19880481,before,2.9512909,-0.33516738,-0.76470132,-2.2758379,1.758005,-0.29415989,-2.2419147,0.017755482
19880490,before,0.63165538,0.028263086,0.28601836,-0.71614426,0.4356184,0.14423122,-0.12660377,-0.4837181
19880496,before,-0.60971288,-0.96154127,0.37107842,-0.46890987,-0.39278038,0.58591599,0.60329703,0.88196186
19880513,before,-1.3408696,1.0544426,-0.66858074,0.85878969,0.42852831,-0.77714364,0.85569906,-0.066542901
19880525,before,-1.0318952,-0.56508375,0.19446228,0.29346174,0.37923651,-0.37375422,-0.058452344,0.027688878
19880528,before,0.029079572,-0.16345814,-0.29415395,0.49245122,-0.14301466,-0.66522534,-0.26026024,-1.2029677
19880558,before,-0.66944265,-0.49960063,-0.080536481,-0.013595546,-0.62227638,0.060245624,-1.0080165,0.0023725163
19880563,before,-0.66491032,2.1265446,0.40918751,0.43807605,-1.6689155,0.45751671,-1.0603251,0.087694162
19880621,before,0.032854345,1.0151644,0.49508125,1.0424525,-0.24957804,-0.57498741,-1.4132854,0.79744332
19880648,before,-0.74786316,-0.3318006,-0.00055543273,1.4736616,1.5712029,1.110543,0.60935301,0.72076493
19880650,before,2.179229,1.8607739,-0.25553353,1.0505855,0.5472173,-1.1235674,-0.10996148,0.27460426
19880666,before,0.22721564,1.7262076,-0.81369972,0.25561504,0.20575801,0.42826582,0.29488334,-0.8351727
19880667,before,1.2435858,1.2343252,0.31622357,-0.17772363,-1.1171415,0.27210933,-2.5873167,-0.38885302
19880698,before,0.061918049,-0.4009805,-1.3140536,1.9699441,1.0358553,2.02708,0.7389488,-0.51444574
19880740,before,-0.90958435,0.56164715,0.25599397,-0.53301527,-0.20593099,-0.72037455,-0.30136493,0.14669816
19880742,before,1.2395197,-0.010657206,0.65468731,0.020245505,-0.75233313,0.4482393,0.36975739,-0.57391821
19880784,before,-0.90779298,-0.99905522,1.3608271,0.96462643,0.53510381,-0.94078017,-0.12555856,0.49585081
19880788,before,-0.69363489,-0.0057271466,-0.61842088,0.19480484,-0.72573927,0.31158611,0.86030587,-0.00014314651
19880800,before,0.53924603,2.5105178,-2.1835209,-0.65928532,0.70811233,-0.76765149,0.48612995,-0.95742805
19880813,before,-0.19927529,-0.72135773,-0.59368193,-0.13123287,-0.15730589,1.8990991,-0.3176274,-1.0235916
19880857,before,1.1313569,0.55275205,0.75816985,0.42823498,0.71344282,-0.90385189,-0.7296406,-0.907215
19880869,before,0.0066519333,0.2116425,1.3826508,0.97197197,-0.22284834,-0.29270308,0.48638677,1.0714513
19880874,before,-0.28257841,-0.3842515,-0.22272545,-1.5456243,0.57414536,-0.22106087,-0.55365463,0.3896574
19880931,before,-0.76044302,0.22119643,-0.21441136,-0.59132426,-0.18666556,-1.4131464,0.43736831,-0.73817667
19880933,before,0.9756464,0.11832351,0.45662361,-0.54960676,-0.15409474,0.19287224,0.043626392,-0.65198909
19880938,before,-0.27128309,0.33431434,-1.0522384,0.46452486,-0.58897712,-0.65799179,0.65202104,-1.0210423
19880946,before,-0.10013252,-0.19880938,-0.83210369,-1.3522733,0.59176764,1.0691167,-0.26704429,1.6187859
19880957,before,-0.3108635,0.076103014,-0.46466915,0.55643273,0.06406275,-0.10812249,1.1628485,-0.54909779
19880964,before,2.5055023,0.36018678,-0.4398482,-1.802833,0.74136946,-1.46788,2.2024093,0.0010659364
19880984,before,0.073019176,0.18189087,-1.3336086,-0.25462344,-0.4547645,1.1125802,-0.59910132,-0.30288337
19880989,before,0.75514279,1.4034325,1.5998433,-0.36263007,0.58150704,2.5520594,-0.81457071,-0.87468085
19880992,before,-1.1278824,-0.62157055,0.5626489,0.51702783,0.61531733,-0.96169752,0.030198377,2.6892433
19881004,before,0.92763141,0.41204492,-0.56563327,-1.1146459,0.55514811,1.1579899,0.19787714,-0.50917209
19881012,before,-1.7549742,-1.1420355,-0.36370474,-0.055833339,-0.136679,-0.79315357,3.2187239,1.3042309
19881033,before,-1.2693907,3.4088527,-1.7768632,0.75095542,-3.1119957,-0.033821146,-1.8490738,3.0759478
19881039,before,1.8525158,-0.90494021,-0.84350598,-1.1691682,0.31966656,-1.5112805,0.69777045,-0.26001492
19881046,before,-0.11961056,-0.56284575,-1.3411161,0.40791173,0.89382997,-1.0488765,-0.69767441,-0.5352945
19881053,before,0.45110226,-0.48821359,-0.45271501,-0.12046786,-3.2369302,-0.17896836,-0.17021167,0.055513618
19881062,before,0.45662226,-3.2184149,-2.1511317,-0.2486489,1.7513121,-0.17335836,0.62829387,1.2649467
19881112,before,-0.24904105,-0.11716981,-0.16886363,-0.96173729,-0.58954269,0.90062385,0.75839411,-0.61239111
19881128,before,-0.50953934,-0.69252026,0.18914095,1.0591082,0.52963079,-0.012600077,-0.46617318,-1.230569
19881132,before,-0.022950916,-1.2491829,-0.85490216,0.80677428,-0.086323762,0.23474142,-0.30656064,-1.0250126
19881135,before,-0.99451613,-0.75637874,1.2135039,2.6779675,-0.12121412,1.4142696,-0.38605918,1.7655909
19881142,before,0.64236271,0.66902928,-0.86858983,0.39959555,0.25647415,-0.93785201,0.47586772,-0.48976787
19881145,before,-0.840974,-0.8838574,0.48211323,0.41765244,-2.7958978,-0.4105247,2.0274716,1.5727326
19890014,before,0.40023415,-1.5218119,-0.45652842,1.1344916,0.93794128,0.61683106,-1.6752116,-0.35992039
19890017,before,-0.47806591,0.15973372,0.42634327,-1.0457438,-0.079065909,0.89316538,-1.5270015,0.41210619
19890023,before,-0.17175272,-0.6008775,0.66150299,-1.3914602,1.1527772,-1.3279339,1.0326437,-1.2236166
19890028,before,-0.77230781,0.09088909,-0.1417096,-0.54024541,0.60473126,-0.71184786,0.024468418,0.18729309
19890032,before,-1.0325737,-0.6085043,1.2544946,-0.37192632,-0.21971895,0.84333221,-0.32189357,-0.37487779
19890053,before,-0.43049393,0.24337782,0.13043333,-0.29701191,-0.67162356,-0.58597756,-1.038486,-0.38361015
19890055,before,-0.98183903,0.047739576,-0.35801905,-0.493579,0.70284243,-0.54245599,2.519282,1.4589058
19890066,before,-0.45596218,-0.7099697,0.8601432,-1.5800806,0.23048994,-0.22963132,-0.0062126107,-0.65227801
19890075,before,-0.82543911,0.25217383,0.111559,1.124577,-0.41007182,0.43695812,0.055988515,-0.013937961
19890079,before,0.12793332,-0.081659573,-0.0064606345,-0.21602088,0.2983695,-0.40271552,-1.004647,-0.24826068
19890082,before,0.53535321,-0.051130009,0.25918289,0.32749817,0.16818184,-1.4987827,-0.98019797,-0.98926032
19890100,before,-0.92919958,-0.71399633,0.41339885,-1.0214748,-0.19381185,-0.12824842,-0.27286429,-1.1097132
19890108,before,-0.12317615,-0.33696876,0.2573524,-0.31115927,-0.9113034,0.32287966,-0.11971494,-0.013651537
19890138,before,-0.37387674,0.64658384,1.8720577,-0.40850044,0.50709843,0.25794866,-0.72468358,-0.11427187
19890139,before,-0.42203912,-0.88808048,1.6368703,-0.61125962,0.61475597,-0.13618002,0.57036061,0.1816574
19890146,before,0.071253185,-0.74399006,-1.0451027,0.56106979,-0.041654375,-0.7122037,-0.31622488,0.53843396
19890152,before,1.3044631,0.15929836,-0.09682396,-1.2508439,0.16412219,-0.14101704,-0.72533141,-0.0050815872
19890164,before,-0.52582251,-0.29288507,0.21050123,-0.92068112,-0.74493147,-0.45146276,0.18143146,-0.33135698
19890178,before,-1.0200727,-1.1169344,0.95542097,-0.42856838,-0.095618147,0.41577034,-0.1801442,-0.068863982
19890180,before,-0.68218047,-0.52593125,0.60923323,-1.1693853,0.18587731,-0.3617913,-0.22126758,-0.61678967
19890206,before,0.343101,-0.36387305,-1.4277449,0.35548297,0.3019568,0.32444632,-0.51955112,-0.5260993
19890269,before,-0.034300852,0.50458821,-1.3752752,-1.1621277,-1.6694942,0.59772387,0.23794248,0.85997891
19890281,before,-0.13962275,0.3358897,0.3838936,0.18876035,-0.94887775,-0.38895642,-0.57738998,-1.1264262
19890284,before,-0.28489084,-0.29513953,-0.090928011,-0.15258512,0.14623777,-0.73872636,-0.086961303,-0.64357055
19890304,before,-0.071236411,1.084991,1.3208777,1.0372439,-0.11749882,-1.0328591,-0.17784568,-0.47426465
19890312,before,1.3482414,0.27679181,0.95457942,-0.018575046,-1.6907519,-1.9239664,-0.74325447,-1.7266002
19890324,before,1.2915309,-1.6954768,0.62259724,1.0184006,-0.55297442,-1.2770718,0.51239625,2.1730813
19890330,before,-0.8920952,0.14018436,-0.44984696,-0.22917325,-0.4238994,0.25660915,0.94979546,-0.7299729
19890340,before,-0.10629549,-1.1270301,0.37697293,-1.0861673,-0.35683507,-0.26219708,-0.22526715,-0.48480285
19890342,before,1.9020284,-0.32836398,2.3397001,2.152826,1.4785953,0.33629512,0.31099895,1.541765
19890372,before,0.23767438,0.42337758,1.0589661,-0.55799309,-0.44062695,-0.79126565,-0.53469771,-0.74119618
19890381,before,0.50598006,0.27045207,-0.17689257,0.26734804,-0.71874987,-0.18939608,0.088227806,-1.1867138
19890383,before,0.6612686,-1.105513,0.38143279,-0.4716137,-1.3161173,1.4008368,1.7319719,-1.2508135
19890398,before,-0.98722405,2.3817845,-0.93026979,-0.32702058,-0.77173221,-0.12805721,0.97624864,0.33645315
19890430,before,1.2607825,0.9215263,0.4438152,-0.42488598,-0.29347531,-0.77375155,-2.1644899,-0.64310646
19890441,before,-1.7463899,-0.3687983,0.23780453,0.44100094,-0.1322763,0.29220119,-0.015296227,0.82621471
19890452,before,-0.96904034,-0.43928437,0.13824396,0.0091578868,-1.362149,-0.29216854,0.42844193,0.89738235
19890465,before,-0.26632281,-0.0017556347,-0.75114304,-0.16196883,0.7165953,0.33467076,0.95045881,0.096415614
19890504,before,-0.013190934,0.44849025,-0.2264549,1.317941,-0.085698741,0.73042239,-0.71291696,0.45748367
19890509,before,-0.26577117,1.738284,1.118137,-0.31406696,0.69069963,-1.2413807,1.1396826,-0.82601104
19890513,before,2.4617116,-0.29880681,2.4384229,1.2456197,-2.7992365,-0.70776724,-0.33173945,-0.23738291
19890529,before,-0.8954788,0.83578,-0.15061166,-0.4000575,-0.52613796,0.060135418,-0.20223135,-0.083173957
19890534,before,1.1188039,-0.76326388,0.13549391,-0.21656797,0.17486981,0.1280225,-2.7667447,0.85212614
19890540,before,-0.78487665,-0.45876726,-0.2200325,-0.22740895,0.58492915,-0.58590696,-0.65159349,-0.70243812
19890559,before,-1.2580392,-0.67879965,-0.094554997,-0.68444562,-0.13442691,-0.41528246,0.12297939,0.40309211
19890568,before,-0.043521168,2.0187715,0.86303398,-0.3378791,0.55463353,0.38968962,-0.25429406,0.68169835
19890577,before,-0.0098171185,0.88457886,1.1227903,0.48054994,0.79299645,-1.0629149,0.35743316,-0.73501615
19890594,before,0.46808007,0.44810207,-0.60317958,-1.0207825,-0.93728215,0.30628718,0.48903398,1.5025846
19890611,before,1.6876573,0.74267323,1.2367434,0.60011725,-1.0036321,-1.7011093,-1.1456589,0.20187302
19890626,before,-0.9041307,-0.44960121,-0.51424305,-0.40154065,-0.36419097,-0.63915792,-0.8541049,0.0031310549
19890646,before,-0.64687372,0.50901798,0.01482992,0.15365709,0.69357997,-1.0186925,0.60408237,-0.028778499
19890683,before,0.72767293,0.31241196,-0.71268424,-0.70179148,1.9852499,-1.716904,-2.0104755,0.84192002
19890691,before,0.89158375,0.84137342,0.54657476,-0.19838101,-1.2564617,0.26045181,0.40223897,-1.1642692
19890706,before,-0.54075004,0.1483596,-0.79132635,-0.75314084,0.83615653,-0.21199522,0.41865554,0.79031599
19890738,before,-0.39956119,0.65368964,-0.054137977,0.6934529,0.43001467,-0.044942019,-0.26715958,1.0260288
19890770,before,0.17917765,0.49323842,-1.3301754,-1.1628406,0.29702664,-0.32180599,-0.97476498,0.21281884
19890781,before,0.54534536,1.450659,0.3432479,0.15833793,-0.13859013,-0.5469591,-0.36741327,0.3901293
19890797,before,0.58900832,-0.26355989,0.16253576,-0.48232937,-0.43681084,0.90460164,-0.23905766,-0.048311961
19890809,before,-0.71178423,0.81406157,-0.55258362,0.42249983,-0.06010675,-0.31700937,-0.042565364,-1.3618466
19890810,before,-0.95955887,-0.44527668,-1.3524249,1.4435744,0.98411902,-0.20354831,0.5487128,-0.60457178
19890816,before,1.2788073,1.4835231,1.8303215,2.5687162,1.3581289,3.0836846,-2.2805537,0.8456606
19890818,before,0.20895072,3.3067478,0.49831318,0.20848495,0.7326583,-0.86044563,0.77930761,-0.12787209
19890827,before,1.0006878,0.45081553,-0.86954215,0.15051864,0.72885054,-1.0434984,0.54101087,-0.93047482
19890832,before,0.32819487,0.48051456,-0.1542833,-0.0086693528,-0.062765327,-0.036166409,0.15486768,-0.39111194
19890844,before,0.67812143,-0.088137427,0.72356919,0.20493829,-1.6297842,-1.1391087,-0.39497193,-0.78055358
19890872,before,1.0545526,-0.16403885,1.0306109,-0.61757843,-0.079063906,-1.2613727,2.1811408,-1.0891924
19890904,before,0.74702439,-1.3161883,2.209818,-0.88643809,-1.1475478,2.6049797,-0.90644182,0.98447549
19890906,before,-0.95260437,-1.2606782,-0.32449885,0.3542654,-1.330724,0.56891678,1.2602725,2.0354284
19890911,before,-0.60175851,0.2733487,0.65303888,0.63125695,0.67468764,-1.1098345,1.1764438,0.18579765
19890925,before,0.58997539,0.84615605,0.37639957,-0.44924415,-0.6898654,0.34719342,0.42662087,-0.2645915
19890963,before,-0.69563411,1.067319,-0.51951161,-0.42627204,0.4196023,-0.11932977,1.1691983,-1.2704987
19890971,before,0.93494053,0.87879706,0.74143168,-1.6984705,-0.68878733,2.3475727,1.7641326,1.2770587
19890979,before,-0.9824908,-0.70112399,0.42860116,0.3097154,-0.55342811,1.1592895,0.65907243,1.0057364
19890988,before,-0.36777465,-1.6145157,-0.38541384,-0.62462037,-1.0820639,-0.20236536,1.4890378,1.6018661
19891001,before,-0.18527224,-0.88826613,0.22886057,-1.1467482,0.37966704,-0.051122377,-1.1255083,-0.58038046
19891007,before,-0.92350425,-0.22651447,0.5647815,-0.58894426,0.31654898,0.035198052,0.30721964,-0.65315668
19891031,before,-1.0046556,-0.35133521,-0.14756569,-0.53800086,-0.25888487,-0.70553568,-0.57432185,-0.75771341
19891036,before,0.10455593,0.10460356,0.77353347,-0.1745683,1.0622042,-1.7150981,-0.27467642,-0.43294252
19891045,before,0.24588521,-1.3367067,-0.20922275,0.7542768,0.36318836,0.82351275,-1.9165587,-0.029609478
19891057,before,-0.015828219,0.009601744,1.4740396,0.15960358,1.405039,-1.4225007,-0.36991004,2.6661148
19891063,before,-0.29976046,-0.61244414,0.7233417,-1.3188515,-0.628971,0.11848091,1.2898073,1.4086789
19891066,before,-0.29098287,0.035397828,0.24185634,0.37328048,-0.46339367,-0.85605528,-0.84040241,-0.33080205
19891075,before,-1.18579,-0.015294526,-0.35701687,0.1282119,0.039204294,-0.65976774,-0.041451212,-0.95472794
19891087,before,-0.91746791,-0.27639036,0.063307958,1.5195149,1.109879,1.280962,0.70169081,0.48407619
19891092,before,-0.54736029,0.2627606,0.44127933,-0.37680961,-0.62756689,-0.036647253,-0.41799422,-0.84852553
19891107,before,-1.4131808,-0.80890706,0.57126453,-0.60759107,-0.40385363,0.030242982,-0.40314516,-0.19297287
19891122,before,-0.55186178,0.46133581,-0.4713057,-0.44721434,-0.9900823,-0.46135335,-0.9004138,-0.96475475
19891130,before,0.73082422,-0.94773065,-0.2899184,-2.1268115,0.40204139,-0.609589,-0.4654317,-0.025186488
19891133,before,-0.066315755,1.1531544,1.5727575,0.051218778,0.14829182,0.13697219,0.27958471,0.61206669
19891150,before,0.046728473,0.85836509,0.67363399,-0.12799528,-0.45055781,-1.2756194,0.53784954,-0.44441435
19900005,before,-1.0648737,-0.20753869,0.089744848,-0.391895,-0.36046148,-0.43508458,-0.48165348,-0.49163659
19900006,before,-0.66009667,0.13870714,-0.092908384,-0.43945386,0.3092697,-0.35457036,0.068757481,-1.3561906
19900009,before,-0.90237167,-0.60903535,0.22431786,-0.35159394,-0.02699267,-0.13715877,-0.1353332,-0.40493104
19900015,before,-0.85374998,-0.67781461,-0.37849649,0.35313608,0.50559254,1.944173,0.32130218,-0.88154177
19900026,before,-1.0994407,0.58131678,-0.5378222,1.2177086,0.061255688,-0.61233601,-0.37372401,-0.9414337
19900032,before,-0.65801915,-0.20238665,1.4286246,-1.3026095,0.55148784,0.95275243,0.53416312,-0.49095957
19900037,before,-0.5124512,0.33156157,2.1972409,-0.12297202,0.089782765,1.7422549,-0.54903757,0.3975975
19900047,before,0.075531378,1.1107983,-1.2181852,0.68998336,-0.97927046,1.0343389,-0.94374773,0.57936898
19900058,before,-0.96114277,-0.24453741,0.2774285,0.047537469,0.36356484,-0.21479853,-1.2345935,0.18115515
19900063,before,-0.63915537,-0.54859819,0.22324704,0.3254276,0.12193898,-0.41266116,-0.26290773,0.05319016
19900066,before,0.23820118,0.046560327,-0.23522809,0.39559277,-0.1687346,0.42289015,-0.054620538,-0.8420655
19900067,before,-0.78465798,-0.75556702,0.14322298,-1.1438329,0.099557428,-0.17844707,-0.22823166,-0.71662528
19900070,before,1.2983182,-0.49368811,-0.41679927,-0.87977147,-0.040361984,-0.73911121,-1.1325944,-0.518251
19900100,before,-0.44160254,-0.57843109,-0.43560179,-1.1124371,0.022392444,-0.89853525,0.010857437,1.4308006
19900112,before,-0.87198407,-0.25061912,0.56363648,-1.3759457,0.15144214,-0.17987788,0.22029456,-1.1146841
19900123,before,-0.85374707,-0.90760198,0.76277901,-0.02601529,-0.29033948,0.16371334,0.027761811,-0.33153378
19900146,before,-0.11090282,1.0290518,-0.77221101,0.038669395,-0.61951274,0.61698029,-0.33900853,-0.99253138
19900180,before,-0.036283333,-0.64702074,-0.61591091,-0.31354752,0.87706032,0.036763177,0.066610091,-1.1630942
19900228,before,-0.86216883,-1.3217319,-2.752767,2.1096092,-0.65503053,1.5025436,-0.36865825,-1.3121831
19900231,before,-0.21845692,0.84906439,-0.62972822,-1.0741225,-0.53550003,-0.089595277,0.53572439,-0.52533169
19900241,before,0.70513341,-1.5416618,-0.32156986,-0.55171499,-1.6137042,-0.20466454,0.98366838,0.27690098
19900247,before,-0.77923002,0.92916776,-0.842252,-0.49086525,-1.2271449,-0.095304479,1.2144254,-0.24376491
19900253,before,-0.46849352,0.032450649,-0.50088968,-0.99059696,1.1870043,-0.57561444,-2.4674692,0.18665462
19900267,before,-0.48371964,-0.11334115,-0.36565277,-0.25610117,-0.0012512728,-0.7841167,-0.47789417,-0.39927217
19900276,before,-0.89120134,-0.87652476,-1.6215491,1.1740129,0.82714111,-1.6624004,0.92414894,-0.95315735
19900290,before,-0.93766264,-0.23283461,0.94610142,0.42424885,0.27617321,1.5019481,0.33869426,-0.071287732
19900326,before,-0.38575697,1.1989642,-2.1876534,0.13219504,0.31217122,1.2861626,0.82114841,-1.4735527
19900332,before,0.14859693,0.29648661,-0.88650503,4.1837768,1.5917164,-0.25062746,0.77165957,1.0474539
19900337,before,-0.60037951,0.01182366,1.0271217,1.2975494,-0.25992239,-1.0817769,-0.41740273,1.2911532
19900345,before,-0.70007569,-0.32337883,-0.27603783,0.22712204,0.36097385,-0.58481956,-0.36704426,-0.76911251
19900349,before,-0.059154819,0.61199961,0.099895198,0.10001939,-0.96278819,-0.2279667,-1.6468097,-0.75113449
19900356,before,0.66392393,-1.6486051,0.82519207,0.55873725,-0.091511205,0.68172463,0.83372317,-0.53969287
19900390,before,1.147201,-0.82754303,-1.058787,-0.54366373,-0.036556378,0.86189819,-0.26039546,0.12681951
19900400,before,4.037319,-3.7171715,-0.059914312,1.4274597,-12.563242,0.55166519,2.046158,2.6717632
19900409,before,2.6514763,-1.4376891,-0.23426063,-0.78882382,-1.8183923,-1.2417374,-3.1115076,1.6850968
19900423,before,1.2479172,0.10458005,0.70912854,-0.71372588,-1.0268538,-0.35116141,-0.50943908,-0.082249494
19900437,before,0.15364414,-0.57089432,-0.94745605,-1.0628731,-0.99786516,-0.21945554,1.1988612,-0.21952944
19900443,before,0.74743878,2.2419816,1.169794,2.3075104,0.8129322,1.2590369,-0.7386554,-0.16254731
19900451,before,-0.45877227,1.4549478,1.6371837,-0.65926932,0.525578,1.4860156,0.29349206,-0.80536157
19900488,before,1.5191803,0.52036984,-0.30566851,-1.816075,1.0268801,2.0625563,2.1623592,0.047223378
19900494,before,4.0610725,-0.094728362,-0.95515641,-3.4107516,3.0248436,1.3438427,-2.4509727,1.3921592
19900502,before,-0.16666531,1.6183118,-1.0633073,0.038303899,-0.57506207,-0.21276187,-0.81782545,-0.46758852
19900518,before,-0.054641759,2.0499743,-0.85959252,-0.42231147,-0.37876588,1.156088,0.42224236,-1.8506604
19900520,before,1.1246055,0.43057151,0.84325143,0.73439833,0.10344491,-0.32146134,-1.2216404,-0.85088782
19900528,before,-0.14772658,-0.65622056,-0.59039659,-0.96134564,-0.15717238,-0.3438044,-0.74570011,-0.23206243
19900541,before,-1.3254709,-0.53892058,0.51072994,-0.31656097,-0.52929777,-0.084407013,-0.28799709,-0.4790254
19900557,before,-1.7053467,0.73735305,-1.4861144,1.3194239,0.62859311,-0.11207261,1.8632979,-0.19712957
19900579,before,-0.99227746,-2.0398115,-1.887279,1.7691051,0.38957718,-0.083381716,1.1128675,0.54900622
19900583,before,-0.5671879,1.0368544,0.15851385,0.2156735,0.4442197,-1.4512474,0.23982391,-0.34931136
19900597,before,0.21339429,-0.099815838,-0.64297759,-1.0027766,0.36096949,0.27931475,0.74809603,-1.1812332
19900624,before,-0.5853963,-0.077926254,0.46678529,-0.54185537,0.077167533,-0.7016353,-0.50441034,0.32868718
19900641,before,1.9969604,1.8231432,2.2602234,0.060202457,-0.58464243,0.1171233,0.7727155,0.42008275
19900661,before,0.63441585,0.42327576,0.41468238,0.43371222,-0.66865776,0.37678817,-0.57006346,-0.54879037
19900687,before,-0.22385943,-0.46201345,0.74118739,1.3246781,-0.21641746,2.0077803,-0.60565577,-0.47683369
19900697,before,-0.65720149,0.90512748,0.57969611,-0.0009499111,0.57936314,1.4799726,0.24272914,0.95279123
19900709,before,0.48091738,0.825336,-0.28286325,-0.65531088,0.53693552,-0.37657997,-0.22963102,-0.63673171
19900711,before,-0.37527211,-0.41247693,-0.077070495,0.79064881,-0.20330376,-0.0050292928,0.40171732,-0.056822788
19900720,before,0.94001046,0.7364306,0.10896883,1.6222653,0.97912853,2.1830316,-0.31004762,-0.50675517
19900742,before,2.2903466,-0.24114191,-1.3857802,-1.8582245,-0.96191826,0.38423616,2.727452,0.50695173
19900755,before,0.32535947,0.54077613,-0.98285421,1.286053,-0.72160306,2.9274957,-0.5508669,0.33232225
19900790,before,1.3833246,0.73240439,1.7553714,-0.77423855,0.80488665,-0.85706499,-3.9787597,-1.4337801
19900812,before,0.30259563,0.65811829,1.4601347,-0.6328698,0.44634865,1.5161963,-1.2293661,0.68593443
19900816,before,0.54211197,-0.59163132,0.35383445,-1.0054094,0.71906069,-0.18722379,-1.011258,0.35373045
19900818,before,1.4309896,-0.055634742,0.95212448,-0.060677346,-0.95804054,-0.321739,-2.3534712,0.99302597
19900839,before,1.5518359,-1.8197499,0.76660262,-0.36179844,-2.4844403,-1.2618586,3.697389,-0.8169849
19900847,before,-0.65809098,-0.12817115,0.38170971,0.029693346,-0.34234053,0.010934209,-0.17944699,-0.56522918
19900875,before,-0.28604779,0.78623435,-0.88333546,0.90023364,0.90366122,-0.33057004,0.6323737,-0.77211677
19900879,before,0.43160485,0.37445691,0.6039187,-0.32530098,0.40859575,0.58151543,-2.6304089,0.8876917
19900919,before,2.1707818,-0.67595168,-0.1739466,-0.57843218,-1.2740236,1.6616446,0.27848643,-0.31012563
19900931,before,-1.1147982,-1.0075708,0.17174264,0.83901222,0.45709394,0.15093882,-0.35927196,-0.048897074
19900940,before,0.27524926,-0.91843123,-0.37916618,-1.0313013,0.30845851,-1.3375578,0.65467658,-0.1820083
19900953,before,-0.87015588,1.8205648,0.15476677,0.052242949,0.19295106,-0.69603421,0.76156795,0.7710018
19900966,before,-0.8110299,0.61991789,0.1765133,-0.58031371,0.16955227,-0.60058481,0.66262991,-0.62001367
19901007,before,-0.88950254,-0.43329655,-0.34672732,-0.56878006,0.23981609,-0.53994118,-0.27967002,0.43002582
19901017,before,1.6762813,-1.8470553,1.4008409,2.1212054,-1.9608936,-1.2203172,0.42055647,0.68614168
19901020,before,-0.46184155,1.2201521,-2.4373739,0.16030478,-1.3728181,0.34627735,-2.4358314,2.8220775
19901027,before,-0.35738343,1.1175164,-0.81806454,-0.45384041,-0.88462932,0.28381776,-0.10393987,-0.051551678
19901038,before,1.8446849,1.4698245,1.7437967,-0.87259983,0.58726796,-0.74319634,-0.22562265,1.5242536
19901047,before,-0.80407245,-0.78313899,-1.3364764,0.62444372,-0.8352112,3.1245773,1.4210631,-1.4079972
19901076,before,1.0218496,-1.6337063,-0.21980911,-1.4158195,-0.49522018,0.34127022,0.62495697,0.83252411
19901100,before,-0.25990114,1.4958908,-1.780838,0.98286598,-0.33285568,0.055543141,0.59848226,-0.13498721
19901102,before,0.27457002,2.4744534,-1.5646245,0.31546487,1.1720216,-1.7568896,2.1014845,1.071522
19901114,before,-0.68325307,0.11979384,0.096043975,-0.45949176,-0.55939737,-0.7084757,-0.36522587,-0.37053049
19901116,before,0.11621873,0.057504315,-0.93060701,-1.2651055,0.57926919,-0.37726619,0.079081831,-0.47241411
19901130,before,-0.085148257,-1.719971,-1.1716599,0.89197801,1.6721142,0.11386898,-0.36512739,2.1403012
19901136,before,-1.1474878,0.45866115,-0.056992111,-0.055945568,-0.67579591,0.39900764,-0.27294405,-0.92336615
19901142,before,-0.93662443,-0.33351479,-1.0820371,-0.10796374,-0.57565275,-0.55576754,1.0082806,-1.003163
19901154,before,-0.93756701,-1.0160131,0.85692735,-0.94602807,-0.62254798,0.53861598,0.16044289,-0.5165191
19901161,before,2.008179,-0.31497584,-0.27094204,-0.70469075,0.32201592,0.37663854,-1.5793281,-0.53836623
19901164,before,-0.4228475,-0.3557182,-0.50933469,0.24923778,-0.37801056,0.86025113,-1.168,-1.303928
19910003,before,-0.45338309,0.88887289,1.4634752,0.31817279,0.43825979,1.4250135,-0.40331122,0.27258933
19910008,before,-0.83268547,-0.094124262,-0.041202946,-1.0346794,0.31677498,-1.323171,-0.95957685,-0.35889363
19910030,before,-1.1700864,-1.3395298,-0.11280498,0.35325762,-0.98649753,1.6401723,0.14759713,0.017928426
19910034,before,-0.56093536,-1.9584975,-1.1828032,0.50822809,-0.084876344,1.1196368,-0.86287193,0.84787591
19910041,before,1.2111673,-0.58423055,-1.1240594,-0.27704617,-1.404116,-1.2703422,0.052886111,-0.11400948
19910052,before,-1.0969434,0.76722035,-0.2393671,0.027294866,-1.4410471,0.51054017,-2.3040206,0.71814709
19910057,before,1.5003794,-0.94763909,-1.404305,-1.8960898,1.3991792,0.59571761,1.01862,-1.5000215
19910068,before,0.92125759,-1.6449237,0.6286542,1.7720946,-1.7969029,-1.2141323,-0.48172105,-1.955522
19910081,before,-0.69006893,-0.48210384,-0.76133816,-0.87206761,1.3870545,-0.88535437,-1.0622154,0.61988289
19910094,before,-0.95302184,-0.36001432,1.3039535,-1.0463386,0.3047595,-0.43730228,0.025668822,-0.44843065
19910096,before,-1.0267563,-0.26809497,1.346462,-1.3731819,0.18641077,0.35198847,-0.1395458,-0.6516296
19910105,before,-0.6125823,-0.72432775,-0.5419784,-0.89895329,-0.17267115,-0.89421945,-0.20908864,0.28762095
19910123,before,-0.93366394,0.31236891,-0.27838969,-0.84133272,-0.9028555,1.1939369,-0.31343363,0.26674098
19910133,before,-0.32609782,-0.22998648,-0.36488168,-0.18561975,0.37781647,0.10870332,-1.3845714,0.11337409
19910151,before,-0.13915031,0.16596479,-0.052501026,-1.3657134,0.88810216,-0.43401057,0.72894088,-0.73221569
19910183,before,-0.37239196,0.32857307,0.32928657,0.77490433,0.66216882,2.2199851,-1.0045651,0.37358652
19910194,before,-0.68132749,0.14664084,0.92869875,-0.92953768,0.33407352,0.45498334,-0.050275066,-0.91543891
19910214,before,-1.3110866,-0.39624639,0.11862718,-0.58960671,-0.1110817,-0.99389348,-0.046339093,-0.2991681
19910222,before,0.44889443,0.32957564,-1.5414126,-0.9047353,0.18931443,-1.7827473,1.3326053,-0.27828553
19910251,before,-0.96536111,-0.22264819,0.26019485,-0.10540884,-0.15912785,-1.088997,-0.33422365,-0.24677398
19910260,before,3.097785,-1.4962017,1.8681454,1.1219397,2.0718417,-0.02488766,0.4817068,-0.94271901
19910293,before,0.18821532,0.16325428,0.93285805,-0.25013309,-0.97649522,-0.88517794,-1.1185821,-0.67967941
19910298,before,-0.77526804,-0.28059538,1.0861965,-0.91213913,-0.25691177,0.56042246,0.11653971,-0.10189102
19910306,before,-0.56041908,0.31318842,-0.80375216,-0.80461075,-0.8052658,0.70841463,2.3871148,0.4254609
19910310,before,0.60114752,-0.33157885,-0.41376942,0.20706009,-2.9436391,0.64260168,1.2936805,-0.87985905
19910317,before,2.3819494,-0.34211432,-0.22424089,-1.2627927,-3.0162701,0.2694117,-0.89035821,1.3666057
19910370,before,-1.0646338,-0.52476296,1.0690736,-0.085181136,0.12802887,0.7370032,-0.65664735,0.037074535
19910374,before,0.19292245,-0.050693702,-0.13249504,-0.097031817,0.47815567,-0.017860526,-0.89325059,0.84272317
19910380,before,1.190891,2.4815521,-1.0178516,0.17377608,0.43321271,-0.49459892,0.24003089,-0.80531613
19910397,before,-0.97123147,-0.25014319,-0.070798081,-0.92451554,-0.3463614,-0.70632913,0.61770057,0.22960559
19910409,before,-0.93842838,0.12398529,-0.35316686,0.17385435,-0.0042508158,-0.48916518,0.27649831,-0.8275251
19910416,before,-0.67190843,-0.056095102,-2.3521654,-0.80997057,0.76243451,0.59667024,1.2262704,2.3079449
19910421,before,-0.62157253,0.79430461,-1.154988,-0.39379845,1.4642937,1.4595077,-0.86118543,1.3702906
19910446,before,0.037008507,0.89674411,1.0330797,0.3057637,0.045077797,0.76032836,-1.1899168,1.0392624
19910449,before,0.085669286,3.0136232,0.19510936,1.8079103,0.6215388,-0.15746286,1.3590808,-0.8630801
19910454,before,0.23164207,0.19854082,-1.8739391,1.8536949,0.019627836,1.5183121,-1.5486959,-0.76181607
19910460,before,-1.079675,0.31567423,0.78419963,0.21987879,0.35706846,0.21837662,0.51046695,0.25051285
19910496,before,-0.44042765,-1.024938,-0.26179736,1.0367483,0.082352658,-0.11565377,-0.37132072,-0.80726374
19910524,before,2.1815697,1.4039894,-0.45779005,-1.0035757,1.2088932,1.5558876,2.9352878,0.94402923
19910541,before,0.013805707,0.23445019,-0.59647875,0.42346516,0.64599149,-0.24327017,0.49945354,-0.4478894
19910571,before,-0.031825197,-1.1683418,1.2076071,0.42830101,-2.3771117,-0.28953865,0.36337307,0.063679329
19910585,before,-1.1806738,0.26133208,-0.45226636,0.15343189,-0.75911359,0.23374499,-1.0819186,0.57180477
19910603,before,3.0007513,-0.69629123,-0.56664424,1.6020412,-1.94487,-0.22648518,0.72452723,0.20182332
19910624,before,0.76661001,1.7696712,-1.6040049,-1.8681562,-0.5116531,0.92616538,-0.84938131,2.4829675
19910643,before,-0.21625556,1.6219929,-1.3103285,1.5614214,-1.8026831,1.1212702,-0.34767126,-0.061096869
19910662,before,1.8004379,0.4056138,-1.1979359,0.24717791,0.35428563,-0.31295444,-0.28254385,3.2871385
19910683,before,-0.15703979,0.94402297,0.11074126,2.3225547,1.0310403,-1.7062374,0.46828179,0.27662487
19910691,before,-0.37246209,-0.26787797,-1.4571291,1.2751304,-0.40651133,-0.1604627,0.64486984,-0.66175854
19910698,before,-0.62109596,1.4758103,0.20873507,0.13398888,0.2427095,-0.47996461,-0.49537282,-1.4504583
19910710,before,-0.46099961,1.1739753,-1.1566965,-0.11277337,1.2733367,-1.3084582,-0.28507325,-0.2411904
19910739,before,-0.052557803,-1.0733302,0.033634064,-0.29284024,0.50475064,1.6667296,0.43785441,0.13270764
19910747,before,0.44722401,-0.10786127,-2.6042588,3.1419114,0.62399243,0.75929777,-1.3782397,-1.0952992
19910770,before,-0.2154994,-0.53519497,0.93071072,0.43524084,-3.3860904,-0.43843664,-0.17922891,-0.30393765
19910777,before,-1.1907677,1.7826613,-1.9238997,0.76105581,-0.98645198,1.8121864,0.48356479,-0.9332305
19910787,before,-0.47651844,-0.68796423,0.8040977,0.63791472,-0.63174943,0.92235455,-1.4063322,-0.27389993
19910806,before,-1.331618,-1.1483531,-1.6332969,1.7499159,0.80836938,1.5226221,1.1746133,-0.32365974
19910825,before,1.79729,-2.0745836,-0.088041486,-1.161125,1.618418,-0.027409858,-1.5059072,0.44040305
19910826,before,-1.1320602,0.98145782,-1.0953612,0.83109767,-1.8674274,0.91003699,0.55987244,-0.39802396
19910836,before,1.1251179,1.8410642,3.0682018,-0.7710643,1.1977589,3.6659232,0.86933257,1.6343043
19910886,before,1.2102346,1.0502309,-0.16632931,-0.5459817,0.62731379,1.0399272,-0.10155522,-0.44105798
19910914,before,-0.84290836,-0.38463328,-0.099077835,-1.2505666,-0.085781934,-0.75925783,-0.53727901,-0.026190202
19910919,before,-0.41561069,1.2784053,-1.0077457,-0.068663789,0.065122847,0.30550854,0.77980196,-0.30321308
19910934,before,-0.86136992,-0.50219956,0.54058074,-0.34072608,-0.7742061,3.0205391,0.20985458,0.043714529
19910944,before,-0.2890852,0.67545546,1.223242,-0.58519565,0.99082231,0.79721618,0.35618171,-0.95118388
19910975,before,-1.199592,-0.33310804,-0.61546498,-0.2432494,-0.08235139,0.42733878,1.0013593,-0.26103062
19910986,before,-0.64900921,-0.2101132,-0.093855372,-0.75636835,0.41092041,-1.102239,-0.032622053,-1.0535165
19910995,before,-0.78484712,-0.72120894,0.18721648,-0.60068134,-0.45475335,-0.75092397,-0.39725742,-0.62386331
19910996,before,-0.485944,-0.75193211,1.1044773,0.38476074,0.82315603,-0.67639808,0.44492509,-0.60040846
19911037,before,0.56069377,3.3851935,0.39826666,-0.022686037,-1.4704267,0.65527227,0.79409433,1.2489306
19911042,before,0.7778182,0.59164617,0.68020453,-0.78057347,0.64546038,-1.4897584,-0.86907704,0.40397333
19911055,before,-0.40048687,0.1198335,0.84436934,0.74903532,0.56548264,0.60536649,0.11381202,-0.29219925
19911059,before,-0.83501113,-1.1135713,1.175046,-1.5523415,-0.0034623734,1.7966429,0.14936552,-0.16448356
19911060,before,-0.76461678,0.49583576,-0.1659626,-0.34469298,-2.0797888,0.52711678,-1.3487899,0.31060023
19911070,before,-0.69198188,-0.57067594,0.21280537,-0.19568778,-0.12316289,0.25321944,-1.0111728,-0.10190899
19911075,before,-0.92185554,0.3540696,0.85916483,-0.32858993,0.086579251,-0.31126218,-0.22113387,-0.74094359
19911082,before,-1.2319733,-0.34780083,1.3167966,-0.85966282,0.24203248,-0.32214611,-0.25133143,-0.22559226
19911089,before,-0.74746662,0.68668041,0.61052908,-0.56333021,0.066148403,-0.22149585,0.17559142,-0.92050845
19911108,before,-0.87988481,0.10982792,0.21090174,0.15679405,0.17266628,-0.10204809,0.26506058,-0.84080797
19911114,before,-1.2157093,0.061809311,0.5043357,0.31958898,1.2727272,0.537133,0.81275535,1.078622
19911115,before,-0.59558246,-0.34372837,-0.54572588,1.2852717,-0.15864437,0.096842965,-0.42041236,0.57518607
19911126,before,-0.81893562,0.32500351,-0.11246523,-0.33598304,0.38199422,-0.70690101,0.67364136,-0.23555636
19911132,before,1.755493,0.12122885,0.39164114,0.38175852,0.041669301,-1.6107311,0.66416787,-0.41465988
19911145,before,-0.32586385,0.42995576,-0.25346024,1.5270626,0.85610599,-0.017141663,0.51673339,-0.97051401
19911146,before,-1.2627634,1.2060303,0.82830517,-0.65691374,-0.66065759,-1.2193562,-0.034242878,1.8752791
19911148,before,-0.35775354,-0.080157719,0.58476622,-1.1091885,0.3622017,-1.0651259,0.38479508,0.15687074
19920029,before,-1.0608304,-0.44129372,-0.42971736,-0.40435146,-0.53268957,-0.56370784,-0.33847229,0.4152262
19920043,before,2.1221666,-1.6465999,-1.2318244,0.43135576,-1.324006,1.5527033,3.371215,-0.1865652
19920068,before,-0.84244106,-0.89800218,0.70313271,-1.3934004,-0.30048402,0.31865817,0.1165839,-0.48689134
19920072,before,-1.0926619,0.17622647,0.079443219,-0.50398757,-0.78978526,-0.35745909,-1.3945702,0.19764181
19920084,before,0.058979797,-0.33727844,1.1471428,2.9388091,1.950137,1.0891018,0.063956373,0.23858433
19920090,before,-1.2924352,0.78812483,0.4039047,0.60266536,1.21789,-0.61760216,1.611025,0.15702981
19920107,before,0.48757804,-0.092740662,0.03273723,0.3721237,0.91314877,-1.2697831,-0.64632555,1.0280017
19920112,before,-0.79405024,-0.26597435,-0.40888285,0.53223521,0.71374529,0.53552876,0.45514796,-0.82475725
19920133,before,-0.085349939,0.10598233,0.25972813,-0.7609337,-0.12779522,0.28507329,-0.19316084,-0.12047933
19920145,before,0.40978162,-1.573158,-0.41155739,0.53408933,1.3633018,0.7151405,-1.2655621,0.94507986
19920157,before,0.86250197,0.39659483,-0.033118145,-0.61390634,-0.86939569,-0.47660557,-0.97199297,-0.44516831
19920170,before,0.14216058,-0.011826245,-0.36264218,-0.70545203,0.76798411,-1.0138782,0.02919345,0.030818107
19920172,before,-1.9131811,-1.6300089,0.12215644,0.34556585,-0.65702325,-0.9636944,2.5266531,0.40438979
19920186,before,-0.90695647,-0.19425243,-0.85752529,0.44694651,-0.032630731,-0.17847398,-0.26316341,-0.4556003
19920189,before,-0.068007811,-0.82099916,-0.27351279,0.49255952,-0.36658025,-0.15432423,-0.73038943,-0.59419384
19920197,before,-0.012110641,0.73856809,0.25382467,-0.27898049,-2.6714683,-0.3905848,-2.2722422,-0.47106328
19920207,before,-0.67848918,-1.6195604,1.8349594,1.1219577,1.7196055,-0.10318448,0.6797753,1.9621215
19920209,before,-0.19495236,-0.31637876,0.79805727,-0.86873335,0.22787804,-0.60331323,0.25106185,-0.72625246
19920229,before,-0.014181369,0.60302793,-1.9451998,2.0486277,-0.65918524,-0.43712739,0.052253115,-2.4902454
19920245,before,-0.35915397,-0.17151099,0.24163083,-0.92449871,-0.1185586,0.48641176,-1.4372642,-1.46058
19920248,before,1.2843895,-0.74009489,1.4223706,1.2870827,1.2655203,1.2248067,-1.342074,0.3327866
19920253,before,-0.66553891,-0.073359632,0.22386677,-0.79968263,-0.34710101,-0.34306987,-0.063861635,-0.71036644
19920268,before,-0.88455099,-0.52502283,1.1358617,-0.79626616,-0.053959691,0.071017055,-0.39081617,-0.59485488
19920295,before,0.49440944,-0.4300328,0.067298731,-0.73510368,0.069406541,-0.46161062,0.18732601,-0.27517109
19920308,before,0.35547444,-1.0609392,-0.50326675,-2.0313233,0.29717782,0.60204976,0.53348181,-0.59344747
19920330,before,-0.66834852,0.71365219,-1.3429902,-2.1977382,2.8842215,-0.58630238,-4.7269578,2.0186668
19920345,before,0.18189061,-0.61500139,0.10144699,-0.42688722,0.038079675,-0.3579751,-0.64476149,-0.4689965
19920346,before,-0.38098362,0.54667798,0.96645169,-1.128629,0.79054474,0.71536333,0.23557672,-0.73737977
19920370,before,1.8825714,-1.2409847,-0.05894103,0.060880681,0.30574255,0.17531736,-0.13121334,-0.90043973
19920379,before,0.042835038,-0.029943654,0.27843062,1.3401858,-0.51621293,-0.73552469,0.86149695,0.54210601
19920380,before,-0.91171799,-0.63478327,0.62816505,-1.3126919,0.083141281,-0.16516954,0.12357393,-0.32403311
19920391,before,-1.4693516,1.4934332,-0.77838681,-0.99456301,-1.190389,3.353773,0.50060834,0.80615216
19920404,before,-0.18538718,1.1521352,-0.90679874,0.19734066,-0.47383864,-0.22730709,0.19043643,-0.68174993
19920411,before,-0.54028502,-0.50901775,-0.34865808,0.029403599,-0.48926738,-0.3495217,-0.55453252,-0.044669287
19920418,before,1.6849563,-1.0977495,-0.64475852,0.094561386,-1.2466731,-0.38282282,1.3575547,1.2159883
19920424,before,0.3835429,1.9367005,-1.2000615,-1.2915495,1.0962788,1.5543427,1.5909951,-0.11960369
19920433,before,0.42753557,1.4448362,0.29564417,1.6204608,1.0094995,0.44406,0.63672022,-0.32518987
19920442,before,0.56267566,0.87401597,-1.6044775,1.9260791,1.6513452,0.6757598,1.7946541,-0.76503981
19920451,before,-0.79103237,0.94601006,-0.90067648,-0.033071559,0.41159993,0.71143162,0.16305868,0.9940228
19920455,before,-0.61695407,0.32881404,0.54528237,-0.05645988,0.35280295,-0.36425878,-0.64990998,-0.29789635
19920456,before,0.26948658,-0.099861888,0.000996491,0.67758184,0.2345063,0.58995649,-0.32403876,-0.99900592
19920460,before,1.3077847,0.80685081,0.69732521,-0.26291146,-1.5776221,0.6861665,-2.0326366,1.8976047
19920472,before,2.9764293,-0.24376289,-1.2087773,-0.4575952,0.79035801,-1.7622012,-0.02278482,0.31020831
19920494,before,-0.79163334,0.013607476,-0.16684704,0.68441976,0.43514348,1.3118699,-0.45176716,-0.21352861
19920501,before,1.6988674,-1.9671009,-0.40056723,0.46318117,0.45542665,-0.8184229,2.4227907,1.692442
19920507,before,1.7435666,-1.5799511,-1.9148154,-0.22810659,1.6249422,2.6400604,3.6504231,-0.42372378
19920521,before,0.2280145,0.98246551,-0.59445041,1.0805661,0.20641481,-0.16451183,-0.8933677,-0.82932606
19920528,before,0.75864673,-0.69982297,1.5771618,0.32278003,1.2886658,1.268199,-0.4060934,-0.14959621
19920543,before,-0.44312523,1.2045749,-1.0770336,-0.23152538,0.89304714,-0.049901258,0.76179608,0.37372067
19920579,before,-0.75514871,2.0877644,-0.3724217,0.57924245,0.019295907,-1.3342583,-0.047036696,-0.81351415
19920606,before,0.20525149,0.84947318,0.74280411,-0.52673131,0.7167173,-0.34695247,-0.71662568,0.40924026
19920614,before,0.56147839,0.32730489,0.073548845,1.960669,0.081541641,1.8306526,0.33394627,0.2357245
19920628,before,-0.082273034,-0.46150351,-2.2680152,-1.3802516,-0.27970239,0.0037459835,-1.5464743,2.9820314
19920670,before,-1.3371236,-0.36635521,0.44888342,-0.69248527,0.20760079,-0.48013007,1.178422,0.5362287
19920679,before,0.1164092,-1.8016948,-1.4649259,-2.4126337,0.89750898,-0.56200564,2.3354049,2.8623027
19920685,before,0.45164042,1.8143623,-1.3134512,-0.77178147,-0.017974008,1.0011161,0.75375738,0.23186541
19920696,before,-0.32718851,-0.032231563,0.6429717,-1.1539235,-0.24437438,-0.083339959,-0.29293135,0.15969621
19920697,before,-0.79451619,-0.043818691,0.19741603,0.3028557,-0.34404496,0.77387706,0.60769226,0.23688696
19920700,before,-1.7280984,-0.46338337,1.0639467,0.84181686,-1.1074045,0.12214997,1.5344458,1.2001643
19920709,before,-1.1563551,1.4129122,-0.42837155,0.92070559,0.81255229,0.20352662,0.13433364,-0.89019541
19920714,before,0.75450626,1.7891878,0.0093225513,0.26337723,-0.66819827,-0.29272901,0.19376677,-1.1076739
19920719,before,0.98416985,0.22589631,0.68966119,0.91772669,-1.0482767,0.14058433,0.12284728,0.047454152
19920727,before,-0.62527067,-0.22275083,0.17391013,-0.6850303,0.25229289,-0.7285,0.091346988,-0.13691469
19920759,before,-0.073349408,-0.64482916,2.5428275,2.1226995,1.7921722,1.3730285,-0.77404359,1.5022106
19920791,before,0.88388128,-0.61041637,0.74169838,1.4804087,-0.92891728,0.24281335,-0.53957749,-0.38134409
19920829,before,-1.0092496,0.13588336,-0.54460246,0.37897181,0.43919894,0.80454009,0.31871217,0.78704368
19920832,before,-0.93922996,-0.23136232,0.26543744,-0.62136142,0.21815947,-0.65814544,0.058048742,-0.68947678
19920864,before,2.1221325,3.5769085,3.5137935,-1.3775467,2.9831011,3.4515437,2.2292574,1.3197579
19920877,before,-1.3658953,-1.1925688,0.042914247,1.1396319,0.231857,-0.11092011,-0.14254444,0.64030012
19920879,before,-0.28232853,-0.99541879,0.62694099,0.16391404,-1.1006452,-0.066507084,0.49668903,0.63131463
19920890,before,-0.29966964,-0.30376886,0.26976366,-0.79762361,0.010812983,-0.025110819,-0.46030561,-0.71336451
19920898,before,3.0428654,1.5005143,1.3789617,-0.33879371,0.38409008,-0.33271987,-0.15725099,0.17773325
19920919,before,-0.73078371,0.08931556,-0.73954653,-1.0425781,0.75566245,-0.8770452,-1.3433824,1.0905081
19920925,before,0.32571569,-0.08755986,-0.0054012727,-1.9398555,1.2086864,0.14795536,-1.1061817,0.66383807
19920931,before,-0.81515786,-2.3791751,-3.0929095,0.8516488,0.77637215,0.66981437,0.76533131,0.45371431
19920951,before,0.2215269,2.3280175,0.58786242,-0.97314431,-0.77438585,-0.16274682,-5.1469956,4.0230982
19920953,before,1.1840715,-1.5112155,-1.6874955,-1.9075757,-0.63905112,-1.0327637,-1.1807084,2.7707744
19920960,before,-0.89616447,-1.1752305,-0.53403998,1.4431284,0.70239906,0.038938916,-0.26093318,-0.71347752
19920967,before,-1.169777,-0.6759475,-1.1547317,0.47889009,-0.12084265,-0.24689092,0.16105799,1.1620584
19920971,before,0.26876535,-0.54441658,-0.29546125,0.40710178,0.22867568,0.19018558,-1.5255181,-0.31453708
19920976,before,0.90760825,-0.16309542,-0.35736999,0.83551044,0.41731063,0.125986,1.5396603,-1.3046069
19920980,before,1.2052141,1.2055379,0.61381539,-0.46889917,1.9400511,-1.0270749,1.0486479,-0.55205179
19921005,before,2.9873787,3.0830449,0.5586332,0.74276111,0.74172562,-1.3306745,1.951033,1.8630384
19921015,before,-0.21567664,0.089304695,0.62958079,-1.3270172,0.11491565,0.30717076,-0.43397012,-0.7146234
19921017,before,0.8705494,-0.1384276,0.92873103,3.5177625,1.7841539,1.3011847,-0.78461814,-0.2623971
19921027,before,0.90167782,0.81781379,1.1249836,2.0987855,0.64308188,-0.37975254,-0.14551332,-0.079236738
19921029,before,-0.93722345,-0.0057258154,0.3641529,-0.18519136,0.41112848,-0.81529723,0.24137005,-0.68453783
19921039,before,0.045313788,-0.99406728,-0.71974894,-1.1573328,0.81414128,-0.46946291,-0.79722515,1.3180194
19921049,before,-1.2622729,-0.50586597,0.92731142,-0.17463143,-0.15848596,0.21915172,-0.6463873,0.19185225
19921072,before,-1.0871523,-1.0880916,0.38526881,-0.020756859,0.19666136,-0.83955658,0.22583357,0.017133173
19921093,before,-0.052726973,-0.37454041,-0.13771157,-0.64704923,-0.85855481,-0.48935383,-0.1098279,0.12266759
19921100,before,-0.22137852,-0.31309522,0.013467898,-0.9377814,0.37674123,0.38185784,-1.574859,-1.303132
19921138,before,0.20502674,-0.47629096,-0.5625448,-0.46645821,0.26375618,-1.1023251,-1.6775458,-0.10515129
19921140,before,-0.54698963,-1.1352808,-0.1050022,-0.88785397,1.1322908,-0.48822253,4.3792118,-0.50856059
19921142,before,-0.042625813,0.11720475,1.2984392,-1.3420214,0.45200764,0.23274541,0.07338972,-0.086048116
19921146,before,-1.5758008,-0.0037843888,-0.74921663,-0.4819798,0.56970122,-0.99393613,0.042743228,1.1783198
19921160,before,-1.1491534,-0.99231419,0.53309667,-0.21990383,-0.5824032,1.6054875,-0.84232441,-0.062763337
19921171,before,-0.50982874,0.30909049,0.057374481,0.18239053,0.47566274,1.0080122,-0.058609397,0.068199499
19930007,before,-1.2117161,-0.72940837,1.2442079,-0.27341497,-0.0031437826,0.27426667,-0.22177278,-0.21328242
19930012,before,-1.2549246,0.45538778,1.0211222,0.47669045,-0.14774412,0.51404335,-0.98049988,-0.21745939
19930018,before,-1.0821442,-0.69667633,-1.0582193,0.74178231,-0.24357246,-0.22524197,-0.87046965,-1.4488831
19930022,before,-0.13839298,0.0037344063,-0.82186372,-0.03988488,0.69229569,-0.39304791,0.29062151,-0.77331397
19930027,before,-1.1405562,-0.67144877,-0.040840891,-0.33408734,0.42193554,-0.88668872,0.6310841,0.76069762
19930039,before,-1.3341479,-0.44812623,0.50594761,1.17784,0.35635364,0.41071374,0.84417216,-0.13718632
19930045,before,1.8015258,2.275498,0.14632314,0.88442676,-0.51147654,-2.1902766,0.94318144,0.81533631
19930052,before,-1.9456019,-0.11273044,-0.78226236,-0.055853665,-1.4158146,-0.2973106,0.072039283,2.2726858
19930061,before,-0.86263908,-0.60869231,-0.85328806,-0.39030417,-0.5543753,0.6423026,-0.75311633,-1.7877794
19930064,before,-0.71960372,-0.4655792,0.098767117,-0.18008599,-0.17704873,0.26376053,0.35188906,-1.1313814
19930071,before,0.7263005,0.25626947,0.69348666,-0.59186378,0.52203544,-1.1811891,1.2777161,0.42821426
19930079,before,0.60377862,0.47156659,0.29727013,-0.76320338,-1.3277645,-0.9815283,0.37767239,-0.97208795
19930080,before,-1.5756304,-1.069599,-0.22516787,1.6689142,0.13601524,0.80480878,1.0304065,0.81610791
19930095,before,-0.85724647,-0.75629539,0.12414154,-0.98385162,-0.14988145,-0.42080399,-0.33681768,-1.0066018
19930124,before,-0.59543077,-0.0075246455,0.10131631,-1.3574317,0.19116311,-0.16527313,-1.8351613,-0.80463407
19930146,before,-0.779112,-0.70039122,0.67377038,-0.93437885,-0.2395936,-0.042270216,-0.34168925,-1.0617599
19930155,before,-0.51510396,0.60872229,2.8881533,-0.11411784,1.4897813,0.21117086,-0.34373274,0.4215637
19930158,before,1.5574436,-0.22357295,1.8228543,2.1534615,2.4762132,1.6442719,-0.087335966,-0.26046429
19930179,before,-0.3785534,-0.26361069,0.52165592,-0.71120892,-0.68719882,-0.77808568,-1.3552441,-0.29440758
19930184,before,-0.4045194,-0.921473,0.54938586,0.22910979,0.48856969,0.46449745,-0.58836475,-0.71450364
19930191,before,0.48660855,-0.37172726,0.94844202,0.41304251,-0.65820587,-0.80139205,0.25711775,-0.66293044
19930211,before,-1.3381435,-0.46765119,0.56546723,-0.48687406,-0.61476241,-0.14875556,-0.71147531,-0.44031947
19930246,before,-1.4530461,-2.1566264,0.42963621,2.327146,0.74183598,-0.69277589,0.1485612,1.4519084
19930261,before,-1.4279614,-0.84784385,0.12747257,-0.21620252,1.3049912,-0.032799297,2.6781877,2.1504058
19930273,before,-0.0061718998,0.054337101,0.45157292,-0.81943142,-0.61894215,-0.84762957,-1.160677,-0.59787646
19930275,before,0.011641718,0.70936363,-0.78753103,0.82044952,-0.20112305,-0.34900063,-0.18180735,-1.2055201
19930289,before,-0.70892116,0.39549073,-0.754929,-0.19663825,0.63596196,0.81736167,1.453511,0.39276454
19930293,before,-1.4085994,-0.51185625,0.53374617,-0.9477329,-0.38314107,-0.31462029,-0.50664405,-0.81881829
19930298,before,-0.39105851,0.12781306,-0.44965548,1.2502494,0.61578564,-1.1601332,0.11369595,-0.78847983
19930314,before,0.19876838,-1.41832,-1.0120701,-1.3560345,0.30648478,-1.489182,-0.30630392,2.0342982
19930344,before,-0.42559856,0.69923842,-0.58371999,-0.82627489,0.48807012,-0.73206537,0.63635246,-1.0754838
19930349,before,-0.81611523,0.77188007,-0.46199911,-0.27023081,-0.52804163,-0.83965432,-0.5337052,-0.67442546
19930356,before,0.92804711,1.1520368,-0.25221359,0.96511963,0.47936877,-0.52860654,-0.11697582,-0.42517811
19930364,before,-1.0349261,1.0159007,0.30301266,-0.24068852,-0.033956019,-0.67172283,0.36620279,-1.1352941
19930366,before,-1.0059676,-0.50143332,0.22101003,-1.1805466,0.0030780474,-0.52632079,-0.10188225,-0.64577699
19930375,before,1.6669202,-1.0335819,0.27601321,0.0698564,1.6066791,-0.8375624,-1.3808526,-1.9093175
19930382,before,0.030116165,0.33896204,0.761498,0.22781549,-0.97188238,0.60714681,0.14936179,-1.1208748
19930392,before,-1.0001261,-0.18826339,0.40489521,-1.1960143,0.14257378,-0.76090462,0.16790722,-0.41442264
19930396,before,-0.090148954,0.22998582,0.28450551,-0.69632691,-0.5298206,-0.083789426,1.4743082,-0.24198656
19930411,before,-0.078309211,1.5519935,-0.45437905,-0.83217266,-1.1810209,0.49520446,-0.94522677,-0.94542988
19930419,before,0.14842389,1.3201015,0.81356525,-0.36342832,-0.3630277,-1.5569324,0.24906232,-0.87891589
19930443,before,-1.6413195,-0.48152868,0.3291882,0.10760784,-1.9279976,0.58104103,0.64440019,0.12816943
19930472,before,2.1090526,3.113533,0.7730282,0.36106278,1.061241,0.10394663,2.157216,0.12254186
19930476,before,3.3758867,-2.0366044,3.2014115,1.0375746,-5.0832482,-1.9544088,-4.5475519,-3.4646829
19930505,before,0.87145969,1.5223778,-1.874406,-1.1036685,0.071965038,0.18707972,1.5236117,-0.95323128
19930515,before,-0.079120093,0.37006922,0.34055536,0.43790957,-0.037570933,-1.1040266,-1.0872556,-0.5336246
19930531,before,3.1664977,-1.1840149,-2.2248854,0.16504383,1.1508605,-4.0101016,0.084832801,0.34594347
19930561,before,1.4402313,0.33750503,2.09611,-0.43577973,1.4563048,-0.47601894,-1.2009876,-0.088358164
19930571,before,2.6479107,0.60308254,1.2628961,-1.203474,-0.1023396,-0.21954236,-1.5367258,0.19391446
19930572,before,-0.98149792,-0.3340416,-0.52628226,0.40741589,-0.27306019,-0.30619073,-0.7429966,-0.515513
19930584,before,0.6740227,-0.8682687,-0.61951566,0.22963296,0.73017909,-0.99222981,-0.275663,-0.34865443
19930602,before,0.56005385,-2.2970317,-1.1254553,2.6654084,2.6301212,-0.73716585,1.7067413,-1.5037854
19930649,before,-0.35002412,-1.3223706,1.1191169,-0.43559495,-2.074181,-0.52302403,2.8373354,1.008582
19930650,before,0.04102883,0.70109733,3.1567905,2.1921653,2.112973,1.3859555,-0.48248913,1.6183833
19930654,before,1.1522441,-0.73302102,-0.11870359,-0.33590527,-1.9238174,-0.4210933,-0.092221819,-0.026664812
19930666,before,2.9636587,-1.9297949,-1.3866639,1.4108786,1.7317755,-0.92347517,-2.1572637,0.65900893
19930680,before,2.2812796,0.027923649,1.2253865,0.56570754,-2.1667298,0.62241169,0.38037998,-0.21920915
19930687,before,1.3058016,-0.62548644,0.80067618,1.3906646,-0.8254825,-1.5528937,0.71445296,0.28037976
19930695,before,-0.56914877,0.78763511,0.47989006,0.12455826,1.0670077,-0.63563427,0.85733984,0.27084245
19930700,before,0.73803661,0.076931621,-0.78955417,0.063773584,-0.64518793,0.69944189,-1.7056282,0.86931847
19930722,before,-0.74985407,0.2309176,0.24720132,0.25091625,0.74314348,-0.50744646,0.069317253,0.73839655
19930733,before,-1.4809854,-1.4953266,-0.59868436,1.3153996,0.1553624,0.66982762,0.58063576,0.21974099
19930735,before,0.36410358,0.94101775,-0.16208368,-0.077545915,-0.3548219,0.34181348,-0.92842753,2.3433841
19930755,before,0.48635477,-1.1835446,0.98636501,1.4261394,-2.5655713,-1.1997198,0.40425751,1.6019395
19930756,before,-1.5682193,-1.3627815,-1.4496155,2.2438,0.66398871,-0.50846996,0.24957779,-0.82421815
19930762,before,-0.53047078,1.9338555,-0.5395776,0.7184137,-0.058237518,-0.6722353,1.360901,-0.10439034
19930790,before,-0.69783857,0.67786367,0.89582441,-0.12510819,0.084242092,-0.65140589,-0.20065844,0.24674801
19930793,before,-0.21953647,0.11330895,0.84804535,-0.85389659,-0.018927048,-0.57112826,-0.71835501,-0.51564988
19930794,before,-0.70682631,0.38897024,1.3746468,0.74763223,-0.083551127,0.67955563,-0.34102674,0.16636125
19930798,before,-1.0126261,0.613041,0.52924257,-0.00039356731,-0.12697799,0.64956738,-0.20769014,0.13776321
19930817,before,-1.280391,-0.37602457,0.2841214,-0.09188438,0.89531992,-0.84264256,0.70456753,1.1458265
19930886,before,0.15389982,-1.0470618,-0.8711631,0.13668694,0.01444632,-0.88870205,0.077516163,0.33224985
19930902,before,-1.2993549,-0.2783739,0.11372899,0.83860065,0.21179479,-0.61370598,0.31562937,-0.2507887
19930909,before,0.50502713,-1.8988019,-0.27827154,2.9600826,0.98593076,0.73275394,0.4493511,1.4219968
19930911,before,0.53368046,-1.294276,-0.20524725,-0.34932186,0.66072379,-0.036044256,0.20213291,-0.6669691
19930925,before,0.33910736,-0.86870501,1.8227999,0.090822013,0.76798862,1.0694102,0.80408479,0.06246714
19930943,before,-1.1547719,-0.33297125,0.38972166,-0.31698606,-0.52722706,0.60462854,-0.73590002,-0.4644025
19930952,before,-0.4735121,-0.083142298,0.71950154,-1.3124429,0.2045897,-0.75178622,-0.068568415,-0.57168007
19930958,before,1.4401705,2.5994138,2.9634928,2.1100845,1.1745684,1.0065912,-0.53125381,2.3095699
19930961,before,-1.0104504,0.13132513,0.77630833,3.9235035,1.2453122,2.0342233,0.63901975,1.3487706
19930970,before,1.9176244,2.4716046,-0.77198514,1.7907418,1.4135583,-0.62038325,0.20863319,0.49901236
19930975,before,-0.83087446,-0.65734889,0.31832111,0.81112062,0.41151563,-0.38133805,0.33093104,0.059734641
19930998,before,-1.0827815,0.12269441,0.45969317,-0.26855389,0.27107538,-0.054079781,0.57738452,0.29681243
19931022,before,1.1703386,0.31421476,0.35963526,2.1296001,-0.098643197,1.9645375,0.52952011,1.1521912
19931037,before,-1.1181028,-1.7250141,-0.23945768,1.4196302,1.0211215,0.85382066,0.65874649,0.45627044
19931042,before,-0.41741702,1.2767154,-0.47953436,-1.3502652,0.80838449,-0.27203524,1.1197417,-1.2616627
19931068,before,-0.69551072,-0.044768422,0.013069419,-0.11922285,-0.65884091,-0.33676964,-0.4762543,0.20740652
19931070,before,0.31645546,-0.018386547,0.18940044,0.54663014,0.69156389,0.2655942,-1.3212346,-1.0249983
19931078,before,-0.084142245,-1.0927853,0.8005554,0.013985046,-0.44920199,-0.038180299,0.13927736,0.66502174
19931081,before,-0.25565602,-0.88763933,-0.89025739,-0.98106611,0.68900915,-0.55000187,0.26262499,-0.50059333
19931090,before,-0.35588784,0.20696372,1.2303269,-0.1900059,-0.21192676,-0.32322699,-0.82865631,0.18054915
19931096,before,0.41830243,-1.233898,-0.99959136,-0.32270595,1.8571049,-0.98707854,0.2697753,0.46942978
19931108,before,0.8772624,1.5937878,0.0044429862,-0.14331492,0.43828874,-1.2397652,-0.92755297,0.44368898
19931114,before,-1.2295764,-0.66589992,-0.77055585,-0.3317618,0.2284777,0.12032642,0.79977778,0.18799449
19931133,before,-0.61831467,-0.6091464,0.29856236,0.88753481,0.11880315,0.73793258,-0.022692482,0.008793151
19931147,before,-0.20759646,0.28041576,-0.53933396,-0.33640106,-0.069149003,0.94918695,0.66306231,-0.51350331
19931162,before,1.4465643,-0.6036643,-0.41963113,1.0773178,-1.8902873,-0.28333624,-1.1321106,0.25829255
19931164,before,4.7368606,-1.4095274,1.8506951,0.63515417,3.313169,3.6764286,-2.3217878,-0.19711731
19931174,before,-0.36862024,0.96382486,-0.22998172,-0.43782327,-0.23546996,0.22941162,0.33835039,0.23802597
19931177,before,-0.53295332,-0.28906377,1.1108602,1.1025161,0.70658638,-0.68199352,-0.079040331,0.12437468
19940008,before,-0.086555668,-0.4629511,2.0211294,-0.54347555,0.71166499,0.047834756,0.19132231,-0.38683244
19940010,before,-1.0881881,-0.63050741,0.80127212,-0.78329537,0.37951471,-0.64132955,0.21725324,-1.2243792
19940020,before,1.0032077,-1.4890604,0.10822669,-1.8443415,0.59135368,1.4689131,2.822965,-1.4941911
19940029,before,-1.0910836,0.087333523,-0.82621534,0.38610986,-0.1115764,-0.72147053,0.089595644,-0.067209382
19940047,before,-0.7270016,-0.75942597,0.53845705,-0.59709016,-0.57466579,-0.34111711,0.0066776339,0.56346314
19940048,before,-0.47372403,0.57513403,-0.93026091,-0.70542493,-0.75332939,0.65733211,0.049489045,0.12166768
19940051,before,2.2688081,-1.8671228,-2.0562131,-2.2195936,0.55234538,0.8624142,-1.4439182,4.9838306
19940058,before,-1.4309529,-0.65734187,0.57280941,-0.24589453,-0.52354685,-0.0039360812,-0.22647242,-0.75791613
19940060,before,-0.72170807,-1.0287013,-0.4730565,0.52885168,0.51147302,0.19621264,-0.41651312,-1.0795779
19940067,before,-0.32796392,0.75257224,-0.028707788,-1.0268441,0.025820264,-0.84123624,0.24079981,0.51277613
19940081,before,-0.78554327,1.6804747,-1.4232865,-0.56910633,-1.112682,1.1996139,2.0069844,1.3890739
19940089,before,-0.10260355,-0.18764774,-0.22777738,0.21139581,-0.34041869,0.018659684,-1.763719,-1.0815856
19940106,before,0.26800766,-0.74440652,-0.93878364,2.8925106,0.53085895,0.13719469,-1.0630875,0.32253684
19940115,before,0.7903939,0.23644139,0.78609084,-0.78754532,-1.0796263,0.47879359,-0.76876078,-1.0546336
19940122,before,0.017470421,-0.52948285,-0.18905522,0.23674061,0.82930949,-1.7571466,0.5493637,-0.035820193
19940134,before,0.82030851,-0.21261829,-0.16765923,-0.63347312,0.2291615,0.36152165,-1.4493684,-1.4213148
19940160,before,-0.3237862,1.4027052,1.6759668,0.52759371,1.5490672,-1.0145072,0.51904102,0.67121616
19940163,before,1.4637264,1.872965,0.22873653,-0.22962035,-0.35270815,-0.80856401,-1.0281231,-0.54638735
19940182,before,-1.3938593,-0.78820335,-0.5200452,0.13926835,0.24855198,-0.031764582,-0.34597708,-1.1606944
19940195,before,0.878028,0.145992,-0.22199177,0.62083747,-0.18422173,0.056227579,-0.014466664,-0.32249587
19940216,before,-0.58149554,-0.61133242,0.18656173,-0.74829073,-0.88264786,-0.7617147,0.26100995,-0.46054035
19940237,before,-0.48675145,0.053684493,-0.78595422,0.30323322,-0.12785926,-0.045654744,-0.20391017,-0.32388216
19940246,before,0.24941384,-0.35536698,-1.0120464,1.292743,-1.6274397,0.68622916,-0.026687106,-0.71643823
19940266,before,-0.5890098,-0.58782524,-0.52603779,-1.3773464,1.2256441,-0.50594751,0.79290275,0.88661253
19940268,before,-1.0266279,-1.1036769,0.41983835,1.0549562,-0.020614354,-0.21103307,0.097473508,1.5139523
19940272,before,-1.1637546,0.18638767,0.10936857,-0.39907264,-0.39690591,-0.72308465,-0.52350541,-0.53556632
19940276,before,2.6743632,-1.1813435,0.51750004,-1.1440269,0.95656119,-1.4995518,0.3851668,0.95452205
19940310,before,1.7004462,0.44735001,1.1091638,1.6700226,-1.1824357,-2.5338202,-0.71003507,0.81664402
19940325,before,0.50864906,-0.31081915,-2.7764425,1.1441327,-0.018399046,1.0057423,-1.0424729,0.93585693
19940337,before,0.24025887,1.2363083,1.0656297,-0.71332091,1.1098733,-0.47176551,0.75307676,-0.91909327
19940367,before,-0.44822358,-0.6417842,-0.034007329,0.75857668,-0.2284025,-1.0458017,0.014551639,0.40495981
19940368,before,-0.028568115,-0.36883203,1.9517712,0.34326113,1.4255189,2.3650011,-0.31014047,-0.14925109
19940373,before,1.1922087,0.84570082,-0.098826735,-0.86470224,1.411274,-0.084100058,-0.66144212,0.6811049
19940374,before,-0.15133684,-1.0001516,-0.54704232,1.3133985,-0.1728706,-0.29133556,-0.54513201,1.1487118
19940383,before,0.74120649,1.5494443,0.6139616,0.75877186,1.1520952,-2.2430074,0.12011645,1.1827142
19940385,before,-0.3274161,0.52348471,2.0168563,0.73503047,0.81744507,1.681931,0.8750109,1.1427389
19940392,before,1.0473203,-0.45533822,0.526279,-1.0807651,-1.1636244,-0.43031528,-1.350059,-0.066442116
19940398,before,-1.1589452,-1.3946825,0.61154112,1.8253667,1.8600411,0.27663914,0.12028362,0.58147663
19940408,before,-1.4152551,1.0715808,2.6927352,2.2488033,2.0144222,-4.1180977,2.2440184,4.1139207
19940422,before,-0.067007772,-0.92409957,-0.38598422,0.34107263,0.15861896,0.18433345,-0.14775056,-0.35870952
19940431,before,0.6449115,-1.2148259,-1.0793072,2.03652,0.1022737,2.2207513,-1.4092437,0.1544433
19940445,before,0.10127645,0.19941759,-0.064071792,0.64754652,1.6789765,-0.64418753,0.45550764,-1.8348163
19940461,before,-0.9816124,0.19257961,1.5183648,-0.48554343,0.093949661,-0.076608726,0.28425285,-0.1385567
19940463,before,-0.4636704,-0.36936307,-0.25235748,-1.1611907,-0.50388632,0.77817577,-0.15492228,-0.018937336
19940466,before,-1.5490862,-0.69569689,0.56996897,0.80933554,0.6142864,-0.55372604,1.5675654,0.51627517
19940472,before,-1.0818465,-1.103623,-1.9095668,2.107166,1.1284043,-0.69690653,0.4457579,-0.7096515
19940477,before,-0.92260579,-0.79022677,0.029527759,-0.5118408,-0.11291714,-0.11214059,-0.61801322,0.27064656
19940479,before,1.2292912,1.278787,-0.91895981,-0.04319674,-1.7281265,0.16855093,0.010266683,-0.35795338
19940517,before,-0.05059157,0.49687532,-0.8235317,-0.58490153,0.54285683,-0.00056461199,-0.34248662,0.15927495
19940536,before,1.3290796,2.2409753,1.6290839,-0.41645821,1.005723,-1.2589907,-2.101207,0.79376802
19940548,before,-0.43353409,-1.8949317,-4.2015448,2.7538527,0.96149185,0.81706214,0.52010316,1.3084866
19940559,before,-0.78079637,1.7441314,0.43268722,-0.34595973,-0.99524986,0.88146183,0.31565865,-0.63436527
19940605,before,-1.1836451,1.5166982,1.1703558,-0.53948045,0.14689287,-1.0749525,0.31499718,1.3458874
19940617,before,-0.099191917,0.17744212,-0.068886562,1.250388,-1.1679363,-0.88243481,1.6686054,1.6026827
19940621,before,-0.25864021,0.25602948,0.97014947,1.8724362,1.0353017,0.031574612,0.86334112,0.99909964
19940640,before,0.21628579,0.0017352543,-0.81067573,1.570613,-0.24205047,-0.43205367,0.31356821,0.066467087
19940674,before,0.80481146,-1.3765491,-0.90704576,-0.51458116,-1.2323574,-1.0326219,1.500056,0.1553317
19940689,before,1.4924407,0.92562283,-0.84410158,-1.7462523,1.093088,-0.33831167,1.1161434,1.3107813
19940726,before,1.0652445,-0.77851408,-0.59015012,0.4561771,0.17027268,-1.2139784,-0.042495372,-0.68909981
19940739,before,-0.71468131,0.57056978,-1.2926331,-0.058799771,0.97620615,-0.20121308,0.26978303,-0.068792595
19940764,before,-0.57033187,-1.7057763,-1.1674845,-1.1096768,-0.60746391,-0.013637089,0.84425778,2.4118252
19940769,before,-0.12853772,1.1218143,0.032730532,0.03222636,-1.4303523,2.3150059,-0.37862768,-0.033320486
19940773,before,-0.18687847,1.0351519,2.5999132,-0.54969568,0.240084,-1.80354,-0.42188141,1.1617211
19940776,before,-0.064759251,1.1560444,0.3458131,-0.40699201,0.38020433,0.029847034,-0.0071367024,0.095821571
19940801,before,0.11646149,0.047430911,-0.19274901,1.685699,1.5034132,0.65391746,0.75180671,0.16979604
19940804,before,0.95670688,-0.4134664,3.8923592,1.5380753,-2.6215999,0.064997473,1.0160894,-1.5446738
19940817,before,-0.59088779,1.1418638,0.34215106,-0.81516083,-0.35538064,-0.22959997,0.26647534,-1.0870953
19940844,before,-0.58544408,0.31961943,1.0067593,0.75030583,0.13427183,0.68940883,-0.22793485,-0.44575721
19940862,before,0.61006663,-1.7009607,-0.10552574,2.3210898,-1.7522794,0.63113095,0.021436932,-0.54489432
19940870,before,0.048847168,2.2209631,-1.3289776,-1.0786364,0.45042305,0.83974886,1.0385557,-1.3687494
19940877,before,0.30198886,0.85188411,-1.1741764,0.26232762,0.2639603,0.77537401,-0.81817588,-0.34045407
19940881,before,-0.5282225,-0.97728279,0.059062659,-0.22155104,-0.59340867,-0.42946076,-0.59716741,0.14154162
19940882,before,-0.47703207,1.5421073,-1.4012567,0.78723826,1.1208977,1.687913,2.09525,-1.1271449
19940891,before,-0.61214765,0.42928834,1.3059937,-1.2404701,0.61361524,-0.19566541,0.44865342,-0.68167492
19940894,before,-1.5154174,-1.0363551,-0.16737393,2.9902167,1.4934291,1.1783462,1.1565175,2.6505394
19940899,before,1.4410033,2.4014631,2.6424579,2.1277664,0.25690316,0.61907546,0.39399037,2.0973038
19940900,before,0.28705373,1.4210977,-0.07629856,1.2040298,0.52191212,0.62403229,-0.5227884,-1.0988123
19940917,before,-0.57970543,-0.29949559,0.50595764,-0.1231627,-0.25962456,-0.044068814,0.21286883,-0.18577786
19940925,before,-0.095555131,0.40611482,-0.15060427,0.56268735,-0.64098704,0.41630582,0.18365854,-0.56238426
19940933,before,0.43936455,0.23618645,-1.3363606,-1.7728339,1.1585059,-1.4466229,0.4383271,0.82009187
19940943,before,0.43380042,2.6930606,0.78664172,0.62124571,-0.049222846,1.416224,1.3305627,-0.022512961
19940952,before,0.39780877,-0.10715187,1.5615546,0.60175772,1.7803272,1.5717028,-0.40038182,-0.18643072
19940954,before,0.025250823,0.81435085,1.3037939,-0.090523738,-0.21764683,0.35873898,-0.41800531,-0.23829968
19940960,before,0.32969515,1.5066449,2.1920297,0.047255913,0.46703686,-2.5945054,-1.5530398,1.9500353
19940990,before,0.70386189,0.57171592,0.60075222,0.35953375,-0.15283172,0.57407713,0.55021746,0.31177383
19941019,before,-0.60775189,-1.1217311,0.097356723,-1.2100369,-0.76214517,0.92181661,0.45857248,0.92163671
19941023,before,-0.27702559,0.29714093,-0.63860988,0.13590794,-0.13439829,0.98174335,-0.32806957,-0.047114068
19941030,before,-0.56032409,1.5180651,-1.4388244,-0.22497599,-1.945928,1.0146403,-1.3413739,-1.8373639
19941031,before,-0.82945102,0.48945219,-0.53907577,-0.2061168,0.19569359,-0.14950385,1.3598792,-0.14709086
19941038,before,-0.99556003,-0.12653661,-0.33596242,-0.096078927,0.31085783,-0.78208522,0.064361168,-0.8493405
19941045,before,0.27975477,-0.45975695,1.2143801,-0.91085183,1.0261423,-0.627867,0.40563791,-0.87985578
19941055,before,0.30946552,0.49413817,1.0864691,1.1674026,0.032980828,-1.1514973,-0.81375048,-0.38582202
19941069,before,0.069119585,1.1936112,-0.038994754,0.63304122,-1.9026999,-0.48186326,-0.28280127,0.74929298
19941076,before,-0.35319287,0.10294803,-0.14221895,-1.1210288,-0.13646369,-0.39461932,-1.4980353,-0.0095109719
19941113,before,-1.3939954,0.18569302,0.46344056,-0.85969019,-0.6673257,0.86387155,0.20966346,0.44594997
19941127,before,-0.97106349,-0.27783643,-0.5704487,-0.80900828,-0.058972677,-0.32429412,0.074022418,-0.65044719
19941137,before,0.41117277,0.85658173,0.90130134,1.0450914,0.12394452,-0.18514411,0.10433301,0.66501381
19941148,before,-0.10290232,-0.51816677,-0.4969639,-0.35472339,-0.023594931,0.92093877,-1.401763,-0.42758809
19941156,before,-1.5693553,-0.55671276,0.13415814,-0.059306117,-0.20172832,0.33358242,0.20942492,0.39980698
19941164,before,0.41464106,0.18664666,0.16702542,-1.9826976,0.98418736,-0.075007425,1.3058509,-0.45340209
19941166,before,-1.4462354,-1.0492579,1.7528704,1.230955,0.67754323,0.11369097,1.837354,0.85773947
19941178,before,-0.60968547,0.91092546,1.201576,0.027747221,0.57734068,-1.442246,0.29023906,-0.51856214
19941186,before,-0.70556742,0.83588291,1.4965705,1.3805849,1.2042861,1.503169,-0.094440072,1.7991471
19950017,before,1.6698144,-0.74785006,-0.030567387,-0.34378218,-0.93053538,-0.27675367,-1.1811652,-0.46085413
19950022,before,-0.83236756,-0.39014288,0.86438389,0.94757086,0.720826,0.044449632,-0.29311303,-0.17297193
19950024,before,1.3332077,0.24014383,1.9088016,0.52920955,-0.7706057,-0.300519,1.7463941,0.062510645
19950040,before,-0.5455461,0.074511648,0.3977035,0.091005505,0.087569236,-0.35641211,0.41554417,-0.084642478
19950051,before,0.68011756,-0.46105608,0.24634307,0.16879032,0.93005841,-1.3403354,0.36429122,-1.2049367
19950057,before,-0.64092618,-0.61013119,-0.29535087,-0.77253851,0.22646386,-0.35133258,-1.0885267,-0.093856795
19950064,before,-0.76735368,-0.57584738,0.60951838,-0.9247601,-0.066061377,-0.29835105,-0.30385975,-0.8580675
19950079,before,-0.24270739,0.046746514,0.59417449,-0.93002913,-0.22513146,0.21333189,-1.2647281,0.94600988
19950093,before,1.5738146,1.4295595,-1.3256179,-0.94396342,0.069605389,0.18727693,-2.0316787,-1.9529064
19950100,before,-0.46111982,0.19423461,1.5990074,-1.6264993,0.9358627,-0.55869545,0.26898968,-0.41100354
19950111,before,-1.1634363,-0.63016857,1.0039149,0.86849271,1.0643752,-0.27058976,-0.014753225,0.63784414
19950116,before,-0.77477417,1.4542202,-0.3453414,0.40430487,-1.3693341,-0.6401992,-2.4202207,2.2283059
19950131,before,0.013569193,-0.63523345,-0.96552228,-0.21365868,0.41037763,-1.451789,0.33145807,-0.34589945
19950142,before,-0.88633095,0.90726045,-0.62050456,-0.15468967,0.25937651,-0.3723321,1.3264519,-1.4200809
19950165,before,-0.61627417,-0.16833167,-0.14430951,0.18838313,0.3336471,-0.77272756,-0.46308771,-0.77535095
19950185,before,-0.44272305,1.0599125,-1.0108934,-0.55695136,0.38936795,0.50996184,-0.78813409,0.010251678
19950191,before,0.38505232,-0.13121536,-0.72394374,-1.4849482,-0.38246285,1.0964544,1.593781,-0.26154969
19950231,before,-0.82460892,-0.80881264,-0.16854643,-0.042654786,-0.41039149,0.29605989,-0.1015198,-1.2995702
19950238,before,-0.88048451,-0.38850249,0.20066578,-1.1361144,0.22155255,-0.6398423,-0.030365194,-0.48362835
19950240,before,1.3545053,-0.33038519,0.44379451,3.0854725,1.3206765,2.8361872,-1.7257721,-1.0997595
19950248,before,-0.18412195,-0.28568008,0.0015683138,-0.4269634,0.22590776,0.20750622,-0.23988804,-0.64465699
19950251,before,-0.94122193,-0.55146597,0.5026389,-1.0431335,-0.17496294,0.77342047,-0.92765824,-1.0442587
19950255,before,0.67498061,-0.24824469,-1.2301397,-0.77827824,0.11318038,0.39436221,0.10271266,-0.99305359
19950265,before,1.2260827,0.43497051,-0.82297034,-0.57005961,1.2249323,-2.045133,-2.4007876,0.17339464
19950277,before,-1.016305,-1.0715513,-0.093584358,0.023084442,0.35005312,-0.39334101,-0.18599079,0.2651738
19950289,before,-1.570154,-1.3462962,-0.16245627,0.70363707,-0.40784554,-0.19836202,1.8742062,0.16727207
19950291,before,-0.26817672,1.0773728,-0.85032464,-0.19260987,-0.60997783,1.0540093,-0.21069206,0.11593137
19950299,before,1.0093619,-0.3510223,-0.77502733,-0.14450897,-0.93546815,-1.016906,-0.72056987,-0.36148374
19950300,before,2.1947781,-4.0222695,-0.092065272,-0.75502516,-3.2264474,2.363067,4.6824866,-0.086330381
19950306,before,2.0436409,-1.6810936,-0.14992711,-1.4631073,-1.8799073,-0.38593728,-0.56895656,0.50992392
19950322,before,-0.93070011,-0.63005362,-0.23769726,-0.63125609,-0.55645248,0.22192452,0.053310819,-0.71270296
19950380,before,1.2871737,1.3682353,1.5108159,-0.39263383,0.74968344,0.10954977,-0.34612167,0.41378664
19950399,before,-1.3458139,-0.74749304,-1.1978905,0.82575687,0.15788373,-0.74275858,-0.41704931,-0.071087067
19950418,before,-1.3254985,-0.35428782,0.80640452,1.165366,0.85784537,-0.048565302,0.30100177,-0.029473115
19950448,before,0.58382397,0.17545364,-0.79724252,0.34300243,0.034040661,0.028228461,-0.16830414,-0.54814156
19950500,before,-0.48685938,-1.1255854,-0.50258915,-0.20189084,1.1633668,0.13847328,-0.039840271,1.9359076
19950507,before,-0.084946971,-0.45070544,-1.1039879,-0.4392926,0.33214811,-0.33241296,-1.5150691,-0.18922882
19950512,before,0.30063231,1.2343072,-1.010571,1.2965336,-0.40875784,1.3605052,-0.22433854,0.33265316
19950547,before,-0.27823692,-0.8818159,-1.0968155,0.12419216,1.1652081,-0.66573596,0.8274142,0.97103307
19950549,before,1.251606,3.9262767,-1.8402105,-0.1693534,-1.6229238,0.25700738,2.5902926,-1.0995443
19950558,before,0.04215476,-0.40539663,-0.50603333,0.041314821,-0.301217,-0.68958847,0.50759833,0.35730073
19950580,before,0.12908661,0.46287294,-0.36506266,0.025194301,0.38485697,0.93026948,1.1844763,0.15538064
19950584,before,2.8163754,1.8061933,-0.087060877,-0.66623851,-0.35284315,0.94636015,3.027318,0.8932477
19950592,before,-0.4867964,0.51050035,-0.50013132,0.018752179,0.21107461,0.216337,-0.057215014,0.066321739
19950629,before,0.30154935,2.3401992,-1.0278326,0.44344049,0.20484686,-0.11927959,-0.042746404,-0.39850164
19950636,before,-0.51291226,0.13458539,1.326234,0.46182708,0.33029617,0.93327421,0.060774657,0.64899132
19950656,before,-0.095245862,1.0238678,0.95733377,0.086264884,-0.72846723,0.29419363,-1.4403189,-0.26626491
19950658,before,0.13603898,0.65934169,0.05996193,0.95866551,0.29030353,0.47721899,-1.9711251,-0.28489936
19950672,before,-0.037729232,-0.0037200477,1.7171159,1.3051138,0.46859503,0.3976902,-0.24646446,0.2440803
19950699,before,0.46005265,0.26030156,0.077013873,1.0985779,-0.19538388,0.33411241,-0.067768559,0.81227903
19950704,before,-1.0110318,-0.04592437,0.19843964,-0.043296405,-0.032256353,-0.58737507,0.4945765,-0.26625888
19950708,before,-1.2169957,-0.60989911,-0.34692656,1.3398452,0.25497646,0.10072317,0.43193554,-0.82524451
19950720,before,-0.54122006,0.26685809,1.6515169,0.97200217,0.052316799,1.082093,-0.32938988,0.70876355
19950728,before,0.69402712,0.39924469,1.5231288,2.038223,1.1736817,1.8681273,0.63498805,1.014411
19950734,before,0.4218525,1.0353212,-0.34716708,4.7127613,2.5379913,-0.1036527,0.71118981,2.9903189
19950766,before,-1.5647089,-0.36425805,-0.342362,0.097841848,-0.08840335,-0.86214244,0.67192661,-0.11687855
19950770,before,0.4657212,0.53924306,-0.072376398,1.9568333,-0.8910892,0.22547933,-1.3729408,-0.065633885
19950774,before,0.62837959,0.83942592,-0.1188354,1.7373506,0.21930255,2.6964153,-0.11241622,-0.56906665
19950794,before,-0.67164402,0.055993803,-2.1818198,-0.51841473,0.4003359,-0.26582668,0.83952081,0.7088201
19950812,before,-0.79467819,-0.97270732,-2.4251714,2.6747782,0.20259113,1.9848159,0.34809218,-1.117844
19950852,before,4.1975025,-1.6000862,-0.066090843,-0.68205089,-1.4692466,1.861651,4.2537919,-0.22318556
19950872,before,-0.25290671,0.54997339,0.061109344,-1.2108303,0.41213525,-0.33526077,0.25197687,-0.44929937
19950910,before,0.22560928,0.33032101,-0.97518696,-1.5540962,-0.26372321,0.26987729,-0.97225207,0.5184765
19950921,before,-0.46588701,-0.37228287,-1.0873551,-0.35909136,0.06598746,0.54248846,-0.40288884,-1.0058453
19950962,before,0.79568967,1.1876028,1.625166,0.32190938,1.4370955,-0.84011544,-0.40395447,-0.6123343
19950970,before,-0.024349051,-0.78085029,-0.71118399,-1.3605646,1.3802163,-0.36599433,-0.15861592,2.1255489
19950995,before,0.0042170094,-0.27643394,0.52853145,0.24317948,-0.29757615,-0.15319836,-0.45367545,0.067019004
19951006,before,-1.0747503,-0.53781149,0.76430938,1.1359794,0.53595609,1.0114104,0.31961097,0.69140894
19951016,before,0.21919111,-1.134811,-0.22338383,0.11600371,0.15723739,0.47401236,0.48840993,0.66060374
19951024,before,-0.50067757,-0.091197291,3.2076998,2.2153978,1.4550607,-1.2716804,-0.82965708,3.5167099
19951044,before,-0.18256502,0.31906691,0.69048922,-1.0267083,0.48232102,0.21983892,0.39608969,-0.72373216
19951060,before,-0.032090099,-1.7733513,2.1334854,-1.1545322,0.1678397,3.3278472,-0.037530154,-0.16615891
19951082,before,-0.49511475,-1.1615717,-1.5182615,-0.3162686,0.14574873,-0.32595108,1.0350295,0.53988214
19951096,before,1.3711059,-1.4236789,-1.4840742,-2.2512233,0.69292659,-0.38331907,0.75201949,1.6040758
19951098,before,0.61158121,0.35043284,-0.58071646,0.56703588,-0.46158125,-1.2129845,-0.71480506,-1.0058118
19951109,before,-1.0341603,-1.2806565,0.3550256,1.1722059,0.43382903,0.68958664,-0.89142614,-0.085001273
19951115,before,-0.48047751,-0.85727288,-1.087008,-0.16360526,0.3423068,-0.65604714,0.0076845944,-0.20884386
19951122,before,2.5007358,-1.8117935,0.3906791,-0.67963003,-1.223056,0.99567887,1.0939643,1.091335
19951147,before,-0.89471256,-0.659211,-0.85954648,0.94485486,-0.096902268,0.73334813,-0.80914166,0.38310609
19951163,before,-1.225536,-0.20818267,0.36380128,-0.55660168,-0.63356075,-0.23842125,0.30241808,-0.16075907
19951167,before,0.53345811,-0.5282509,-0.50374842,-0.44059924,-0.17899814,-0.78392924,-1.7160661,-0.8903207
19951168,before,-0.026369021,-1.4792072,2.7125598,-0.29264103,-0.93800949,0.59531873,0.70813113,0.13305255
19951172,before,-0.75631248,0.33025622,0.26932847,1.386519,1.4905646,1.3164125,-0.46455633,-0.4931095
19951174,before,-0.96707568,-0.54851306,0.85775859,-1.0256953,-0.045262552,-0.34168249,-0.1611319,-0.75786969
19960002,before,-1.2932042,0.57988149,-0.38491813,-0.28622185,-0.93216984,0.40624078,0.0013386342,-1.1672132
19960008,before,-1.7444709,-0.21511327,-1.0954511,-0.99118326,1.0141743,1.0796176,1.5842402,3.6372595
19960009,before,-1.0981409,-0.48410357,0.62348692,-1.2324993,0.10451086,-0.47756123,0.13470007,-1.0362321
19960016,before,-0.44137765,0.2662225,0.24730232,1.124736,0.46325091,-0.70061279,1.0257832,-0.83266103
19960027,before,1.9365551,-1.0480845,-0.48103613,-0.44065032,0.56367811,-0.9171284,-0.015298292,-0.6438354
19960038,before,-0.54179634,-0.12483288,0.26318311,0.7441423,-0.57442752,0.17221261,-0.40656198,1.0943558
19960054,before,1.33884,-1.141988,0.13385307,-0.22414846,-2.2616006,-0.11358619,1.5767468,0.82309318
19960063,before,-0.78760806,0.58769244,1.0263466,-1.0465299,0.14804433,1.1575574,0.16615007,-0.91562048
19960066,before,0.39708911,0.63843742,-0.64711916,1.5345983,-0.1553978,0.84315181,-0.88492624,-1.2504575
19960074,before,-0.86504619,-1.0495244,-0.33632986,1.7907476,0.32997516,1.1589586,-0.68672824,-0.5630287
19960096,before,0.19726004,-0.18782216,-0.93447376,-0.081432576,0.40066697,-0.61115486,-1.6202908,1.109
19960111,before,2.3183965,-1.1303042,-0.55577418,0.52649309,-2.8110389,-1.0234967,0.70122322,-2.2674875
19960141,before,0.5438504,0.034087825,0.037062409,-0.64680136,0.74297281,-0.33171666,-1.9033235,0.76229944
19960155,before,1.7736756,-1.031873,-1.3393082,1.5657718,2.8334066,1.2803391,-0.30905205,-2.7837134
19960160,before,-0.17305954,0.59253159,-0.2736241,0.19242649,-0.58035449,-0.048677444,-0.4713704,-0.75894139
19960165,before,1.7113929,-1.2096055,0.22457057,-1.413169,-0.58386403,-0.83470172,0.3503256,0.12157435
19960175,before,-0.91736423,-0.47988607,0.89004331,-0.71260439,-0.002400349,0.22489081,-0.63486267,-0.80328947
19960185,before,-0.69612622,0.53800352,0.088883913,-0.64989564,-0.31382232,0.010970174,-0.89628849,-0.65919632
19960197,before,0.38680867,-1.9596091,-1.1915422,-0.5703595,1.1976349,-0.53169367,-2.0349914,2.4193127
19960202,before,0.48074296,1.6046512,-0.29449056,0.24744355,-1.2245899,0.56701206,-0.48569466,-0.13628472
19960209,before,0.69849963,0.21471288,-0.74207242,-0.71842341,-2.0150102,0.57439092,-0.85748872,0.52718113
19960232,before,-1.2246227,-0.60032232,1.0812727,-0.68920558,-0.02757006,0.46259888,-0.54554083,-0.73590462
19960242,before,-0.11972053,-0.77992246,-0.38577376,-1.2106402,0.40856744,-0.75000905,0.37231692,-0.51430632
19960258,before,-0.5004017,0.30567332,-0.5585023,-0.20094016,0.50617844,0.35327284,-1.6040236,0.22730626
19960264,before,0.61947859,-0.38041432,0.98277356,-0.85789607,0.046722343,0.34863512,0.032724929,-0.24912521
19960269,before,0.064088653,1.8649179,-2.2222929,1.6604908,-1.1550506,2.171601,-0.2851048,0.67783579
19960284,before,-1.2966252,-1.0800632,-0.41101939,-0.17002084,-0.46895562,-0.39805132,-0.074895088,-0.29765575
19960286,before,-0.042639505,1.3967998,0.76737116,-1.3507319,-1.1123973,2.2812519,-0.90895682,1.2974382
19960290,before,0.93998525,0.06893586,-0.0034215739,1.5209586,-0.29192939,-1.0199269,0.4606906,-0.95644348
19960308,before,0.22852866,1.897045,-1.2309201,0.18620139,-0.41352127,-0.06492171,0.55803538,-0.37045021
19960347,before,2.3458743,-0.16093414,0.69087141,0.73037483,-2.1369014,-0.057208365,0.46023498,-0.6246703
19960356,before,-0.30185457,0.053454733,0.0093273772,-0.26378487,-0.18438521,-1.1032186,0.056841521,-1.0556619
19960363,before,-1.2949239,0.89794316,-0.1314493,-0.34086502,-0.92644729,1.9459414,-0.51822261,-0.011869887
19960379,before,-0.60712395,-1.9653073,-3.9549246,-1.150069,2.5586846,0.28077731,0.35933107,4.0865869
19960383,before,-1.04848,-0.31177922,0.50841714,-0.198184,-0.37821934,0.45148637,-0.12854843,-0.75576061
19960386,before,0.75320081,2.0067005,-3.5551564,-2.5876497,-0.16773452,1.3011591,-2.8609677,7.6909091
19960414,before,0.78291661,0.014171486,-0.012684693,1.6599837,-0.61074824,-0.29813811,0.5852825,-0.97130543
19960418,before,0.47037961,0.77531558,0.2523916,-1.3884533,-0.13436994,-0.4314369,-1.4797554,0.092424957
19960426,before,0.50103436,-0.47470281,-0.46434053,-0.042511228,0.40612612,-0.87687284,0.33058531,-1.6891875
19960450,before,-1.6290661,-0.20943027,-0.42221745,-0.48114152,-0.076765182,-0.92995608,0.12091512,1.1412742
19960472,before,3.783797,-2.8243947,2.0830394,-0.54478315,-2.0057217,0.10269241,-0.24719595,-0.2296727
19960490,before,-1.0297027,-0.7026642,-0.36602759,2.0802266,1.1053993,-0.5063093,0.42912419,0.97302658
19960496,before,0.33822742,0.061126478,-0.64469656,1.1373448,-0.18783817,-0.46708619,0.069852665,-0.17577779
19960501,before,-0.46843629,2.7090373,-0.51702902,0.51960578,-0.30010028,-1.4111339,1.7966222,-0.39140426
19960518,before,2.627014,-0.89102134,1.9924409,2.4534822,3.6651673,2.5193105,-1.3429404,-0.92309245
19960528,before,-0.9490573,0.18044603,0.35711869,0.003295736,1.0234633,-0.52818042,0.29893829,0.26906732
19960530,before,0.9455915,0.19895665,-0.16172929,1.7808207,0.85607834,-1.7681906,-0.34982157,-0.38809427
19960557,before,1.51133,0.99440047,-0.34148194,-0.5036599,1.0138861,-0.56152927,-0.61233496,0.27125813
19960577,before,0.27516712,-0.89672014,0.12033618,1.6344766,-1.2647663,-0.62509095,-0.16804921,0.44617632
19960612,before,1.6117348,-1.238522,-0.045409755,-0.11153983,-1.3841722,0.25060852,0.97859663,-0.23979019
19960625,before,4.5601071,0.6450732,-1.4772319,1.5999513,-3.7169632,-1.3520073,0.45116022,4.5664087
19960627,before,1.3613818,-0.90323613,-0.28136794,2.0457943,-2.3937658,-1.0424064,-0.3992587,1.8104255
19960631,before,-0.68194022,-0.10525562,0.70973699,-0.42888036,-1.1264872,0.26463186,-0.018124764,0.13023951
19960652,before,-0.54504272,-0.60940711,-0.075417995,-0.94652618,-0.68550094,-0.18861027,-0.13489571,0.27125994
19960665,before,1.2048884,0.96013099,0.0013833549,0.91231675,-0.86749754,-0.35828454,-0.61598706,-0.18005289
19960679,before,1.5883872,-0.53288841,1.5726833,0.46694048,-0.43542979,0.65064226,0.51623873,1.4156007
19960715,before,0.93363069,-1.3743016,-1.6471796,-2.5816661,1.0850601,1.0275544,0.93751631,0.8832663
19960734,before,0.1974595,3.250247,-4.6332381,-0.66186782,1.6364477,0.13025943,2.1310782,2.7835345
19960752,before,-0.053012279,1.9186292,-1.7004901,1.1613104,0.42845184,0.7495131,0.16985819,-0.75823026
19960774,before,-0.092558742,0.73006306,-0.46097041,0.16908014,0.0068091843,-0.6314652,-0.3007363,0.054569945
19960782,before,1.6144651,0.1246501,0.43773542,0.22815293,-0.56257137,1.5436106,1.7452887,-0.068185844
19960792,before,2.368263,-0.37610489,1.2331178,-1.7218772,-0.13544605,2.6806839,0.64294788,2.2812208
19960804,before,-0.61657121,-0.38295534,-0.04933602,-0.5743202,-0.7852594,-0.022688227,-0.65326468,-0.33881994
19960814,before,0.0038627132,1.5458784,-0.61427986,-0.017433205,-0.17553224,0.173299,0.84068239,-0.24516399
19960833,before,-0.67121185,0.21477753,0.11336274,0.072584089,-0.36814032,-0.69160822,-0.90049708,0.41791102
19960865,before,-0.61803731,0.51857054,-2.239677,0.80292918,-0.54896891,-0.368492,0.64094804,0.011505912
19960880,before,-0.50626072,0.79469777,-0.055449938,-0.5860734,-0.53751825,0.86828846,-0.76914108,0.098082374
19960887,before,-0.57264758,1.4909753,1.8074296,-0.24218585,0.48048534,0.75409493,0.13440716,0.34300731
19960892,before,2.041919,0.71735883,1.028276,0.044934953,1.6794992,-1.497499,-1.3697873,-0.41364712
19960896,before,-1.3168394,-0.82247376,-0.064463491,-0.67860989,0.0034139566,-0.1851792,-0.00071707334,0.42658438
19960906,before,-0.91808076,-1.0565179,0.095828845,0.68674761,0.14877674,-0.039704873,0.21615141,-0.59833168
19960915,before,0.58906262,-0.79736351,0.3504709,0.22066319,-0.71020084,0.011665768,1.1997772,-0.22858843
19960945,before,-0.13207906,-1.4532116,0.20901286,0.46813575,1.7670652,-0.29203955,-0.37264557,0.17373631
19960953,before,-0.81165274,0.16518239,2.1282947,0.031832483,0.46556024,-1.3446119,0.24435727,1.4051821
19960978,before,0.94074404,-0.90589407,-0.27207319,-2.4126057,2.1865616,0.075311955,3.3986736,-0.66711522
19960988,before,-0.98429201,0.44994081,-0.86314515,0.44076632,0.42310488,-0.17835324,0.14852114,-0.65160285
19960993,before,0.52562037,0.68127945,-0.74814882,0.15102903,0.41299267,0.027347336,0.41998795,-0.58326311
19960998,before,1.58893,-0.52056961,-0.22207507,-2.4969048,0.24425441,1.7883703,0.90966733,0.99081341
19961013,before,0.85797953,-1.659065,-1.9193978,1.0852028,1.5895494,0.75085332,-2.1621272,0.033555707
19961015,before,0.26389726,-0.42246704,0.17947366,-1.8102677,0.56191979,-0.87082961,0.039028847,-0.68164086
19961045,before,-0.3161101,1.1061878,-0.86584411,0.6903912,0.19272439,-0.27630186,-0.21457936,0.16195207
19961064,before,-0.09568571,-0.70732348,-0.43628241,0.432107,0.20172034,1.1300921,-0.52739099,-0.17825067
19961070,before,1.0848519,-1.7684283,1.5322233,0.66281309,-1.6655649,1.0939836,0.34222538,0.09656022
19961091,before,1.2002491,-1.4241462,-0.0091487698,-0.47740352,0.081149445,-0.62940479,0.0020988924,0.037005433
19961095,before,-1.161662,0.20629689,-0.69154428,0.59766977,-0.065940597,0.93256906,0.49283555,-0.43983664
19961096,before,0.19687606,-0.22100776,-0.0046170342,1.3392811,1.0022837,1.2902091,-0.99680924,-0.91059545
19961099,before,-0.047508596,-0.54739829,0.75798531,-0.82186641,-0.034091289,0.12235883,-0.03295576,-0.37633962
19961104,before,0.17780047,-0.96223151,0.30818263,-0.98700487,-0.52167904,0.26964888,1.2904488,0.19630714
19961112,before,-0.57147747,-0.020018758,0.2552416,-0.53754768,0.28966806,-0.43124495,0.074434227,-0.98750557
19961114,before,-1.1832048,-0.89666505,0.53337879,-1.0802001,-0.74459961,0.61747764,-0.13792861,-0.15634042
19961137,before,-0.75296964,-0.34552877,0.17035566,-1.2998681,0.043951921,0.22403003,-0.24362091,-0.93268611
19970004,before,-2.170673,-0.81045906,-0.87159363,0.79262439,-1.4719557,-0.31065227,2.7279793,1.4368794
19970010,before,0.13779919,-0.44594114,0.36761189,-0.30081417,-0.49717209,-0.65644681,-0.68863746,-0.059370348
19970027,before,0.17834551,0.2698929,-0.13781339,-0.81731956,-0.089379108,-0.43062203,1.4356841,-0.9839079
19970029,before,-0.37634839,-0.57092145,0.18038742,-0.76387246,-0.2072323,-0.11215996,0.47618247,-0.594042
19970030,before,-1.5440558,0.99445672,-1.0232979,0.26227241,-1.3348663,-0.024374253,-0.24302958,-0.77142754
19970031,before,-0.64232099,0.21312689,0.37960895,0.61257267,0.2604608,0.16451464,-0.082160307,-0.62488824
19970033,before,-1.201926,-0.26225039,-0.36785682,-0.3375963,-0.4399605,0.70826137,-0.28925187,-1.0229731
19970037,before,-0.63049059,-0.13047162,-1.215477,-0.46661837,0.36912415,0.62771548,-0.44525786,0.51172081
19970064,before,-0.3053363,0.99456169,-0.12019679,-0.64011847,-0.69544061,0.39253177,-0.92237776,0.34445094
19970072,before,-0.37429966,0.76274235,1.3243434,0.017626071,0.086375525,2.1491648,0.099426833,0.80349725
19970078,before,0.37587835,0.57627726,-0.001411995,-0.58294249,-1.2600967,-0.76575681,0.9315578,-0.45002374
19970081,before,-0.48176661,-0.071721108,0.18446725,0.43724368,-0.10656265,-0.57062023,-0.47898098,-0.65473548
19970095,before,-0.83104552,-1.3784117,-0.51203555,0.087335468,-0.2392671,-0.80864257,2.1178696,0.9045584
19970115,before,-0.83286128,-0.44623463,0.43701065,-1.0884601,-0.023295075,-0.50188775,-0.039184739,-0.61501807
19970120,before,0.062680357,-0.65537609,-0.068628374,-0.4742496,0.79465466,-0.27592787,-0.76659406,-0.11036602
19970126,before,-0.15266015,-0.16101253,0.080546819,-0.7243733,0.041793011,0.85254926,-0.04416356,-0.16807165
19970127,before,2.2462366,-1.6714511,0.96263791,-0.96557287,-0.90838969,0.018582169,1.3766109,-0.58330385
19970130,before,1.9722527,-0.63592944,-0.62424203,-0.099839159,-0.049394939,-0.81988577,0.27753305,-0.39058195
19970138,before,-0.8202593,-0.56913988,-0.66177662,0.0049182444,0.063136336,-0.47891896,-0.77900602,-0.93035491
19970140,before,-1.309246,0.32885532,-2.4507734,-0.52705829,1.6774051,-0.48484678,0.26670825,5.0084687
19970147,before,-0.67156624,-0.22753363,-0.62337205,1.081717,0.48282198,0.055716769,0.28458809,-1.3250561
19970153,before,-0.61485875,-0.72435147,0.46282698,-0.95855161,-0.39426427,-0.48729465,-0.1027567,-0.7245814
19970167,before,-0.80180058,-0.4771162,0.1587183,-1.3494626,0.175999,-0.68773128,-0.17973301,-0.5119866
19970181,before,-0.54155964,1.4341221,-0.28427594,-0.43383298,-0.45657226,0.5049055,0.73318586,0.39749767
19970186,before,0.084808732,-0.69562022,-0.76251835,-0.44197817,-0.7642985,0.45993237,-0.7243076,1.070537
19970197,before,-0.34472976,2.4116425,1.1781465,-0.69120509,0.79639446,0.25917781,0.91497457,0.3138058
19970217,before,-0.59751084,-0.075513382,0.50038406,-0.40958746,0.12782356,-0.7521423,-0.51877562,-0.58531596
19970233,before,1.522517,-0.90271026,0.06029481,-1.6849677,-0.02428658,-0.12734537,0.38515524,0.9135951
19970234,before,-0.95393698,-0.22994187,0.41423796,0.43643396,-0.51153453,-0.68353509,-0.28207505,0.51432021
19970239,before,-0.78305093,0.3140243,-0.80181048,0.029853189,0.45503977,-0.52299465,-0.81150594,-0.68718587
19970260,before,-0.44208434,0.77553374,0.37623755,-1.3017014,0.84673067,-0.85743777,0.40011779,-1.2958646
19970289,before,-1.1278683,-0.7884883,0.608217,-0.083011855,-0.42119367,0.12956346,-0.43514941,-0.38280672
19970349,before,-0.12213125,-0.39630491,-0.78045947,-0.37605467,-0.3374983,0.21992947,0.75971553,-0.39163854
19970364,before,-0.085434901,-0.1440847,0.052415462,1.3939139,-0.3180487,1.6588638,-1.2727556,0.35920329
19970391,before,-1.2106765,-0.074749653,-1.9619985,0.39596204,-0.4432074,-0.36336089,-0.43491563,-0.9646943
19970397,before,-1.235533,-0.091089268,0.66844461,-0.34985259,-0.00028638865,0.052015403,0.090431676,-0.52485865
19970408,before,-0.37316328,-0.35297074,-0.63206626,1.4500758,0.3573319,-0.31788381,0.38710893,-0.15783348
19970417,before,-0.14611698,-0.20610872,1.3248558,0.0052213565,0.55605282,-0.32916969,0.47845246,-0.029796323
19970421,before,1.593969,0.73319788,-0.15161627,-1.4020536,-1.7792213,1.5559641,-0.12881549,0.54039279
19970429,before,-0.026272899,2.1493874,0.46681637,-0.073732394,-0.23799704,0.036690137,1.0964968,0.62698956
19970465,before,-0.63336487,-0.38211393,-0.33885617,-0.032158213,0.14046626,0.23191694,-0.8333741,0.30819434
19970470,before,-0.705899,-0.20481409,1.0934971,0.21844362,0.18084435,0.45652612,-0.12993064,-0.18272126
19970472,before,0.25026389,0.13222339,0.98295785,0.43230469,-0.015774761,0.40695862,0.33989884,0.21192448
19970476,before,1.1374676,-0.94222696,0.34635813,1.9248204,0.3206958,-0.73034833,0.13949077,-1.2627233
19970518,before,-0.63475108,0.19925989,-1.4036187,-0.46295199,0.67548651,0.59890908,0.52902195,-0.70770935
19970525,before,0.6723962,0.06355482,1.363101,0.52186833,-0.22929593,-1.5416677,-0.42323092,-1.0920494
19970536,before,-0.19863097,0.34398182,-0.0074984951,0.041669025,1.2047918,-1.1594816,0.40057831,-0.26630314
19970544,before,0.84658043,-0.53435619,-0.13935395,2.1230363,-1.0326677,0.35877039,0.58726451,0.018534282
19970555,before,0.69284577,2.8798269,-0.6612923,1.4007176,-1.2413858,-0.78555275,0.76526907,1.5596663
19970568,before,-0.8815703,0.42348954,0.66177234,-0.15963654,-0.59535526,-0.12481816,0.96146792,-0.73409195
19970579,before,2.7877139,-1.0036378,0.23879154,0.76589424,-0.484168,0.69260274,-0.3411549,1.376642
19970585,before,-1.5518167,-1.1454713,1.3711899,1.0918743,-0.22272419,-0.36625327,1.6856713,1.5809007
19970594,before,-0.59727536,1.465472,-1.4190506,1.0860266,0.62170661,-0.18548741,1.2692807,-0.80269518
19970596,before,2.1795367,0.9771028,0.2250484,-0.0373773,-1.1915404,1.7844704,-2.4857118,-0.69459048
19970614,before,-0.21822848,2.5454128,1.2919537,-0.36649425,0.011540296,0.3024077,-0.50511054,-0.014076215
19970638,before,-0.0019548669,1.3239655,-0.26287101,0.65354311,-0.1944337,0.15473941,-0.13652281,-0.047105293
19970649,before,0.77213583,1.328733,-1.6110085,0.89254049,-1.6887013,-0.91610243,-0.95367417,-1.4671522
19970661,before,0.28991325,0.98958795,0.4914151,-0.070507598,-0.61634455,-0.37106222,0.33702309,-0.80091093
19970674,before,0.45792167,-1.2567516,0.13460339,0.62330153,-1.2597115,-0.42580253,1.2716733,-0.78829926
19970687,before,-1.0503457,-0.52723051,-0.16169575,1.328655,0.22181951,0.21863446,-0.55879175,-0.26943769
19970690,before,-0.81563714,-1.1582002,0.96849932,2.1977563,0.79818261,0.61859336,0.29387174,0.5852856
19970698,before,0.082918637,0.60697827,-0.27151714,0.051766721,0.2116212,1.9113795,-0.035626005,0.11233566
19970724,before,0.7373134,-1.2294514,0.074840517,0.8565993,-0.46096922,-0.57246513,-0.62074462,0.33780731
19970726,before,-0.035569418,-1.1466935,-0.0026958623,0.7671324,-0.72598841,0.43453008,-0.22100569,-0.052557812
19970727,before,-1.1249385,-0.60410794,-1.2859978,1.2302919,1.3701817,-1.5997386,1.5966345,-0.36837525
19970735,before,-0.39394685,3.3598781,-2.4342979,-0.035677916,-2.2954676,0.49854631,-0.34605556,0.28585951
19970755,before,-0.21316534,0.51548479,-1.6283901,-0.19712916,1.7219345,-2.1635829,-0.39387741,0.17762799
19970761,before,0.22752434,0.17400923,0.8716039,0.97154193,1.4474862,-0.52683987,0.21321659,0.22366875
19970767,before,-0.35836886,0.34898634,3.1703193,2.1255003,1.3965387,-3.1257373,1.2197604,2.2055461
19970797,before,0.64676319,1.6701723,1.2747314,-0.33997617,0.10302494,-0.2496065,-0.58680042,2.4647638
19970833,before,-0.84857246,0.3134067,0.87490157,0.0098266084,-0.28947459,-0.14270865,-0.010132074,-0.22243992
19970836,before,-0.00024453671,0.54242413,-0.80302688,0.86167883,0.40034465,-0.41879919,0.31298045,-0.22576191
19970844,before,-1.5651437,0.10666988,0.73548674,1.7704166,1.0391057,-1.9206171,0.96312733,1.9209768
19970846,before,0.98423319,-0.86376587,0.093806967,0.92960787,-0.50805346,-1.1329732,0.028541427,-0.010716872
19970858,before,-0.51297066,0.61247511,0.33797931,-0.61794359,0.012361215,0.10938488,-0.23938116,0.4978741
19970867,before,1.3338921,2.1603168,-2.537096,-0.52213564,-0.13514889,-2.3527719,-0.12740954,0.91886521
19970874,before,-1.150436,-0.086602638,2.4014665,-1.4181137,0.095306056,2.9366529,0.70768906,0.51719114
19970875,before,0.041068082,1.1889962,0.19644863,1.616629,-0.031118421,-0.69005528,0.68648481,0.30367927
19970884,before,-1.119058,-1.2599555,-0.89058857,-0.16726439,0.44477258,-0.31185474,1.1110131,0.31479473
19970901,before,0.73130231,0.48981002,0.043048462,-0.34976659,-0.39791896,0.46570666,-1.6481436,1.345876
19970912,before,-0.9157022,-0.28733985,0.21298922,0.50880529,0.26622353,0.2725942,-0.48902191,0.16368576
19970913,before,-1.190412,-0.5032223,0.56743193,-0.088080644,-0.2661554,0.43955077,0.0063416412,-0.1744085
19970927,before,0.23417724,0.91202676,1.0244706,0.20480468,-0.87497402,-0.63450549,0.10894134,0.7931162
19970942,before,0.08320557,-0.20480772,1.1720982,1.879704,0.48698273,1.812974,0.44139901,0.32051805
19970960,before,0.19792394,-0.56637066,0.45178289,0.95960384,0.84956547,2.7818518,-1.5765579,3.7287881
19970965,before,-0.24739998,-0.47449082,0.060569435,-0.73482669,0.29570257,0.26396805,-0.34569473,-0.51532223
19970967,before,-0.47610072,0.44376505,0.35230722,-0.92571428,-0.51127476,-0.66555302,-0.029875219,-0.12127585
19970974,before,-0.46961291,1.31947,1.5766913,0.13290208,0.41415947,-0.23578829,-0.11697573,-0.051819804
19970994,before,0.91592213,-0.33041084,0.21973828,-0.58636625,0.84304417,-0.93908851,-0.42929596,-0.72920592
19971006,before,-1.34997,0.24113418,0.21459111,-0.12836214,1.5164256,-1.9401969,2.9129806,1.6945485
19971013,before,-0.9760495,0.18736039,-0.42619859,-0.39002464,-1.4718414,0.50645761,0.052907072,-1.2214868
19971033,before,-0.78664682,0.19666652,0.1697899,-0.2649349,-0.079590172,-1.0242208,-0.36131361,-0.48803059
19971047,before,-1.3698517,-0.45833759,-0.52952545,-0.64090336,0.52743538,-0.7684603,-0.73108416,-0.10529514
19971054,before,-1.2155203,-0.521055,1.3882375,-0.89639577,-0.081110728,0.48113008,0.08708323,-0.33196492
19971055,before,0.84929825,-0.3427593,-0.3302558,1.0582551,-0.89456807,0.034910809,-0.4852244,-0.92134339
19971059,before,-0.018700662,0.11133577,0.43450425,-0.3131451,-0.044897108,-0.46036368,-1.0690652,1.2508745
19971061,before,-0.80638825,-1.0702587,0.55324249,0.76928577,0.34295704,0.38439269,-1.1953837,0.12849984
19971065,before,-1.2832698,-0.97560376,-0.89076532,0.53804776,1.2793852,-0.48832895,1.4292214,-0.079048584
19971067,before,0.51345385,0.33904481,-0.22909543,-1.0990408,-1.6337325,-0.20174633,0.72204188,-0.77683294
19971070,before,0.44067669,0.11263223,0.78834884,1.1164897,0.29875443,0.99855965,-0.43920721,0.91475837
19971088,before,0.0037890842,-0.19379665,0.44900984,0.63420044,1.013009,1.6212204,-0.99695484,-0.47063542
19971094,before,-0.41539095,0.52436893,-0.52215233,0.01837929,-0.0059299715,0.47436262,-0.865673,-1.0286855
19971096,before,2.9619366,-2.6927102,-1.5255516,1.480164,3.9459223,2.131155,-0.28499974,-2.4578065
19971098,before,0.11293782,0.92647616,-1.5745634,-0.56391857,1.0965884,1.5227496,1.0887359,-0.51512068
19971108,before,0.9512519,1.8191144,0.78878512,0.013608501,-0.35037923,2.9464443,0.36722765,-0.27190571
19971109,before,0.37901491,2.6494608,1.5928368,0.87868417,1.1126739,-3.2731231,-2.5719083,3.6137816
19971116,before,-0.64858734,0.63461573,1.2133993,0.21528273,0.078369504,1.5396586,1.0083587,-0.032619181
19971118,before,0.61077628,-0.14414817,0.69302312,-0.13400357,-1.4126704,0.62598257,0.38629892,-1.2859282
19980008,before,-1.088299,-0.55948111,-0.29943848,0.0077685728,0.49638882,0.040140335,-0.024304781,0.39622966
19980017,before,0.087654295,-0.19097925,-0.34887798,-1.1345482,-1.3276779,1.8779176,0.52578366,-0.33392815
19980022,before,-1.7967147,-0.13503257,-0.028484705,0.053794198,-0.56589441,-2.06412,4.0140246,2.1217481
19980031,before,-0.099016912,-0.27048475,0.89968742,-0.97302533,0.66345249,-0.56555747,-0.31851553,-0.84163325
19980038,before,-0.93650207,-0.41715271,0.2502999,0.13151381,-0.015086145,0.0037233061,-0.94268573,-0.13094542
19980055,before,1.0233115,-3.2008642,-3.4894111,-0.047684943,-0.36404897,0.72346895,-0.37626293,3.2787585
19980061,before,-1.2366954,-0.54347589,-0.48802807,-0.023522541,0.068650234,-0.30465055,-0.19858073,-0.41920494
19980063,before,0.40221208,0.70716596,-0.73711287,-0.71523024,-2.9316298,0.67550629,-1.2720353,0.61677574
19980067,before,1.12175,1.1281814,0.061694034,-0.90417786,-1.0750047,1.2088139,0.24583359,-1.2664254
19980071,before,-1.1625224,-0.54142765,0.40433082,-0.48392504,0.20143514,-0.5570152,0.56778925,0.7091282
19980074,before,-0.68658212,0.28000897,2.5586762,0.82129871,0.99098178,0.87196133,-0.52667463,1.1849989
19980076,before,-1.3834821,-0.54062194,0.41251096,-0.62631087,-0.16706021,-0.19046452,-0.024035042,-0.8036755
19980077,before,-0.80927284,0.30165565,-0.046561668,-0.40335078,-0.22278935,-0.17304752,0.33837054,-0.53680033
19980096,before,-0.9796555,0.59502682,2.0160542,0.17850541,-0.77434538,-1.2632589,1.7368152,2.3212227
19980144,before,-1.3454786,-0.39590101,0.39707712,-0.922216,-0.37050112,-0.86626639,-0.42149536,-0.10695166
19980158,before,2.1182355,-1.7095252,0.71260238,-0.084964218,-3.2182102,-1.9084901,2.7533406,0.15005703
19980168,before,-0.20386886,0.56866749,0.1100923,-0.99520992,-0.67890833,-0.54868296,-0.05704798,-0.77872049
19980178,before,-0.93562344,-0.075810573,0.87710969,-0.68146006,0.56683356,-0.6491177,0.27779332,-0.82563027
19980184,before,-0.70603672,-0.70469645,0.29391338,-0.78646474,-0.64292937,0.19881505,-0.29827265,-0.85269973
19980188,before,-1.1199274,-0.54717363,0.36140597,-0.70514949,-0.3579855,-0.59922224,-0.3259184,-0.67665456
19980194,before,2.088599,-0.33677316,0.29215132,0.7015741,0.69605126,1.1049808,0.4162379,-0.31737808
19980199,before,0.33641718,1.4271808,-0.45999543,-0.28922898,-0.44109757,0.2405786,-0.65414505,0.35982352
19980204,before,0.53781672,-0.46152254,0.62033715,0.67184038,0.27830848,0.032776451,0.43766573,0.13396687
19980208,before,-0.43253351,0.27154117,-0.60494976,-0.48206434,-0.38836739,0.54574933,-1.424808,-0.64038734
19980211,before,-0.81886955,-0.96658422,0.46742395,-0.029954216,0.3522927,-0.35048978,-0.098006601,-0.183767
19980221,before,-0.71273112,-0.56851904,1.6637648,-0.30493068,-0.98902817,-0.49825904,1.1871223,1.2975285
19980224,before,1.1021151,0.63543205,-0.25751423,-0.64674978,-0.32380521,-0.83637834,-0.44839884,-0.54617833
19980228,before,-1.0352693,-0.18937389,0.72276674,-0.011704461,0.14666903,-0.78644668,-0.30589274,-0.27971088
19980244,before,0.30785451,1.2070386,1.1944959,-0.90847587,-0.26014066,0.74562323,0.078904893,0.7027728
19980249,before,-0.91680445,-0.52730233,0.42861533,-1.2026981,0.40659473,-0.028461756,0.076559879,-0.56943747
19980259,before,1.5635575,-1.1839283,-0.99916141,-0.76170238,-1.2551968,0.6805672,-1.7167442,-1.117196
19980263,before,-0.90879957,-0.24454403,0.056465023,-1.0651108,-0.81489705,-0.56072634,-0.59773071,-0.02146094
19980293,before,-1.6164951,-1.2757,-2.1673356,2.8231996,1.9841937,0.66861362,0.038628969,-0.47572381
19980304,before,0.75123442,-0.50544919,-0.5029163,-1.9209246,0.72468402,-0.74738301,0.35895665,-0.56427333
19980311,before,-0.7609426,-1.465609,0.059076173,0.054257193,-1.9399751,-0.59796366,2.5089837,0.27105954
19980316,before,-0.80995569,0.67974402,0.4850665,-0.8666544,0.33894446,2.0299749,0.21068136,-0.0192361
19980388,before,-0.77792602,0.010555319,0.38832788,-0.63340089,-0.50795467,-0.7518409,-0.19435107,-0.7922662
19980389,before,-1.2554571,-0.41328355,0.60400126,-0.84497074,-0.31967484,-0.6599528,-0.31660636,-0.64128502
19980415,before,-0.38140927,-0.3510011,-0.46184653,0.57938404,1.1284285,0.6688504,-0.43147917,-0.056324255
19980424,before,1.5968663,0.7306655,-1.0457041,-1.3887433,-0.39926072,0.43044033,-0.69906517,-0.04470067
19980459,before,-0.39290907,0.40668006,1.2909488,3.1194715,-0.59390933,-1.5231309,0.76968941,0.93710688
19980471,before,-1.393878,-0.56275615,-1.0675976,-1.5655235,1.3994964,-0.68125255,1.0409925,1.6769288
19980479,before,-0.8487586,1.5461316,1.0859568,0.48887851,1.5655419,-2.3554316,-1.1280756,2.6132801
19980484,before,-1.7686871,-0.6339737,0.19894111,0.26228111,0.020081253,0.84303263,0.87873009,0.51354874
19980485,before,1.4570289,-1.3849689,0.61470029,1.6071354,-1.6008029,-0.67938789,1.3665854,-0.29613849
19980520,before,-0.096331873,1.0632358,-0.63692574,-1.1259535,1.0023627,1.1253356,0.04074748,1.28217
19980543,before,-0.81804025,-0.4638039,0.62692432,-0.59449465,-0.6313568,0.24262115,0.075193398,0.42403342
19980553,before,-0.49060455,-0.47278993,-0.049475809,1.4595392,-0.53158261,1.1856541,-0.99516054,0.86583838
19980606,before,-0.80381629,-0.026924973,-1.7011929,1.4656775,-0.28742815,0.92264342,-0.035172674,-2.1066075
19980652,before,-0.14017266,-0.25630317,0.033962619,-0.99106975,0.46353924,0.0019879773,0.32327307,0.25981406
19980679,before,1.3959077,-0.60010733,0.30116783,-1.089663,0.60157442,-0.58933511,0.010092969,0.72820224
19980693,before,1.307827,0.67400781,1.4625176,-0.40350441,-0.29174963,0.50276612,0.47942837,0.43194181
19980702,before,-0.31747869,0.38477218,-0.016377883,-1.1421867,-0.20341069,0.0089969634,-0.60044331,1.2713075
19980743,before,-0.2383258,0.086113273,-0.54697155,1.0109003,-1.2144434,0.93514539,0.20533373,-0.63477767
19980754,before,0.75767724,-0.050572474,0.0047035691,0.95267499,-1.0515048,0.76025347,-0.71770122,1.0965239
19980756,before,1.8098919,0.10759109,-0.27722025,-0.97503054,1.9279942,-0.53940706,-1.4947404,1.1804522
19980760,before,0.78210836,1.1924377,1.0550186,0.43779346,0.19890458,0.81126395,0.41495807,-0.51775351
19980778,before,0.38117764,-0.033961737,1.0200277,-0.58119997,-0.19360785,-0.76358321,-0.83529534,-0.052278347
19980785,before,-0.82872511,0.26067927,-0.65239227,0.46430696,0.29634489,0.09311854,0.36600266,0.59180461
19980790,before,-0.2697352,0.91349546,-0.43107305,0.21693338,0.57653605,-0.045113099,0.13730935,-0.5077175
19980801,before,-0.56277861,-1.0069714,-0.40800906,-0.62010934,0.64437069,-0.21382265,0.18954832,0.18048719
19980803,before,1.1618101,2.7277983,-0.58454911,3.9944826,0.26208507,-0.45145026,-0.25581146,1.613127
19980807,before,0.93150595,0.89993187,-0.17222538,-0.9549056,-0.2456224,0.31526149,-0.28145527,-0.24430572
19980808,before,0.30419477,1.6300395,0.77516934,-1.5673634,1.4412197,0.99053451,2.1812422,-1.0683949
19980819,before,0.45483228,2.5378224,1.1245939,0.10619872,0.33165969,0.25149004,0.17571446,-0.64245054
19980822,before,2.0481698,0.96936211,1.1314404,0.4278613,0.65232462,-3.3007312,-0.5744948,-2.3897767
19980850,before,0.9740535,1.0321509,-0.60526709,1.5166764,0.29733778,-1.2647694,-0.18212324,-0.87323518
19980852,before,-0.54400848,0.32394332,1.3448506,0.091994992,-1.8910584,0.63525631,0.77133691,0.40386477
19980863,before,-0.36046751,-0.16471588,-0.01518251,-0.50636605,-0.22907481,0.0023930179,-1.258491,-0.17891614
19980887,before,-0.97754841,-0.33629789,0.95890465,-0.14368433,0.069618105,0.51075715,-0.3614197,-0.65507645
19980894,before,-0.37133061,0.40836109,-0.37151199,-0.20398103,-0.44390061,0.15457386,0.18459998,-0.29794172
19980895,before,0.86725674,-1.6352852,1.2049706,-0.27787052,-0.21329804,-1.2314251,1.6448368,1.454053
19980900,before,-0.42922411,0.29901362,-0.33289281,-0.029185261,-0.19964212,0.59090858,-0.90621285,-0.55978833
19980901,before,-0.6531768,-0.583041,-0.11415192,-0.74766634,0.41084723,-0.54516308,-0.097936236,-0.24043476
19980922,before,0.53320621,0.081409032,0.77753364,0.47593728,-0.74491337,-0.43925888,-0.53676682,-0.73557809
19980932,before,-0.20398475,0.23126985,-0.95445009,-0.76863728,0.77623317,0.16866264,1.3521941,0.76312454
19980966,before,1.2942862,-0.43535388,-0.10399069,-0.44576802,-1.0576854,-1.3060197,0.084695668,0.19035491
19980982,before,-0.10969683,-0.69171966,0.019325812,-0.12724028,0.30438876,-0.76433335,-0.47844102,-0.47220133
19981042,before,0.40168542,-0.2242091,2.1549889,0.76872246,0.9929112,-1.1534101,0.59891267,1.2213032
19981046,before,-0.1491626,-0.24517196,-0.18637962,0.019174303,-0.28598008,0.47347854,-1.0309831,0.62341344
19981053,before,-0.60565118,0.67783728,0.056978736,0.7953337,0.86532792,1.1894657,0.92193485,0.25424068
19981054,before,-0.1203603,-0.28954103,1.0788336,-0.87545356,0.037693195,1.0421236,-0.112712,-0.4602582
19981064,before,-0.51547936,1.1112997,-1.5457553,-0.59568428,0.20724308,-0.28423762,0.161666,1.2843008
19981085,before,-0.76420268,0.047418306,1.0877085,-0.15620073,0.14610645,-0.73785701,-0.66343056,-0.47305409
19981089,before,1.6812235,0.65457001,-0.7266593,-0.24741492,-1.0631089,0.43138335,-1.9419217,0.69716968
19981098,before,-0.13415747,-0.17611945,-0.11602568,-0.66486007,-0.7140913,-0.74852328,-1.5615921,0.48336237
19981100,before,-0.029449375,-0.3590647,0.4559677,0.11269988,-0.64866565,-0.31433315,-1.1174553,-0.70913772
19981108,before,-0.98461074,-0.24599062,-1.0451734,0.81654372,-0.39331505,0.85788382,-0.33652049,-1.1816939
19981110,before,-0.18378226,-0.33893125,1.4046691,-0.40008289,0.50299135,0.033252243,-0.371287,-0.38344035
19981153,before,-0.64351946,-0.85339541,-0.61905404,0.95104059,0.050647772,1.1687126,-0.27285358,-0.87245574
19981154,before,-1.1935371,-1.3201362,0.27968788,1.0833517,-0.043376215,1.2310691,-0.23840698,0.0070557954
19990014,before,-0.40867394,-0.5472856,0.50225569,-0.71631238,0.12547126,-0.40084811,0.031515039,-0.84972037
19990020,before,-0.33298782,1.9473864,-0.54613282,0.13248932,-1.1277788,-0.28527778,0.11331442,-0.12491143
19990023,before,1.4204039,-0.96461087,0.78621799,0.76012692,-2.6474511,-1.1706005,-1.0178395,-0.57293021
19990055,before,-0.76203776,0.35003485,1.3136584,-0.0027021737,0.66792888,-0.4751178,-0.24985494,-0.4007461
19990069,before,-0.76729665,0.47402057,0.44539577,-0.44668866,0.14604897,0.39997755,0.88212943,0.48878448
19990083,before,-0.30785659,0.08423529,0.10136849,-0.40781359,0.47131632,-0.23967224,-1.8369042,-0.1902111
19990098,before,2.212459,-0.21858374,-1.1264308,-1.2359852,2.3756169,-4.3509363,0.22402176,1.292634
19990103,before,-0.25613228,-1.5084389,-1.5325488,-0.96940708,0.18381876,-0.045270346,-0.49518013,1.2218105
19990119,before,-0.55684883,-0.62305675,-0.34322603,1.3373975,0.50448699,-0.50290964,-0.49236577,-0.26918101
19990127,before,-0.12758003,-0.61928416,1.1239936,-1.4251926,0.79664892,0.83311096,0.32225178,-1.3067098
19990128,before,2.2487332,-3.0597098,0.91779504,-0.57909303,-3.5782066,0.2888244,1.1052128,2.7441618
19990145,before,-1.1242787,-0.079089369,0.11209043,-0.67109783,-0.43200201,-0.013247982,-0.4142622,-0.77034765
19990153,before,-0.88161254,-0.15457249,0.44038306,-0.29337758,0.44127385,-0.65486092,-0.067178542,-0.9470646
19990164,before,0.36846708,-0.45477669,-0.028040309,-0.12333017,-0.87482432,-0.10771973,-0.35375076,0.85605207
19990173,before,-1.0142178,-0.75970478,0.13815815,-1.2694662,-0.40449565,-0.6242469,-0.16107621,-0.39695498
19990174,before,-0.66396027,0.044144333,-0.35751671,0.4764419,-2.0330769,0.49638455,-5.8949336,0.58115009
19990180,before,-1.0992273,1.1546063,-0.50374005,-0.64651198,-0.75304507,-0.43066455,-1.5028295,0.51907381
19990183,before,-0.46932125,-0.18435314,-0.52493034,-0.94761952,1.0339084,-1.020438,-2.5213657,0.35883244
19990186,before,-0.69644342,-0.2116666,-0.66055493,-0.67536486,0.29985229,-0.066030707,0.49533445,0.028534781
19990192,before,-0.31268077,-0.065210227,-0.14076499,-0.54105918,-0.056883412,0.070842559,-2.0749139,0.54124603
19990206,before,-0.35616129,-0.82737386,0.45155817,-0.97003829,0.27639577,-0.72537935,-0.42238574,-0.94841958
19990216,before,0.15799808,1.3131012,1.8832288,-0.92210472,0.89109725,0.32821463,0.32362181,-0.15913886
19990230,before,-0.29029432,-0.43036776,0.11258897,-0.38660624,-0.21758147,0.77754324,-0.35501002,-0.68440757
19990244,before,-0.026049182,-0.097915099,0.034038811,0.23384895,-0.56241056,-0.92922501,0.82766435,-0.38566719
19990264,before,0.44678951,0.44489978,0.20238666,0.082451838,0.0067114083,1.445076,0.45076646,-1.0225128
19990271,before,-0.51861896,0.23212495,0.87337012,0.414597,0.05355377,-0.81342632,-0.43811058,-0.16280102
19990275,before,0.28785089,-0.31209041,1.4423732,-0.25561139,-1.1642005,-0.6287428,0.042598328,1.213605
19990290,before,0.088678747,0.042712753,0.12887699,-0.029502193,-0.25255414,-1.0579574,-0.57992344,-0.30735702
19990304,before,-0.86114615,-0.44661058,0.36259586,-0.91540334,-0.09562826,0.3037122,-0.13206967,-0.81635888
19990317,before,-0.81938988,0.19654103,-0.36582562,1.3096759,0.87208645,0.012210789,0.54114861,0.53064456
19990320,before,0.54108646,0.36022752,-0.49436588,0.85402855,-0.38902667,-0.15169575,-1.37816,-0.04861074
19990329,before,1.411967,-0.17163734,0.24356058,-0.72902289,-1.0174463,0.50358688,-0.41225841,-1.526798
19990355,before,0.69230997,-0.64508979,0.6283942,0.43087566,-0.88645142,0.46835607,-0.99500477,-0.033529029
19990385,before,0.96685212,-0.2551661,-0.0077051639,-0.65683719,-0.85071352,-0.96124593,-0.21681914,-0.51067705
19990398,before,1.2733317,2.3247729,-0.10861543,0.17901839,0.094333684,-1.188568,-0.20500422,1.287839
19990409,before,0.91540346,0.68246667,1.1346178,-0.74111994,-1.3153234,-0.7052693,-1.4458837,0.29519715
19990438,before,0.018761458,-0.35986927,0.89564515,-0.38397792,0.34092988,0.39704294,-0.40468086,-0.8674609
19990464,before,0.44415731,-0.6132893,-0.7472849,-1.2129904,0.30742591,-0.76075628,0.29368954,2.4215385
19990483,before,2.1536841,-1.5610684,0.034500799,-1.7883903,1.4296877,-0.56631552,0.62825332,0.35136191
19990509,before,1.0101754,0.40300196,0.48391177,-0.28775399,0.64419011,0.00095151024,1.5949051,0.89768518
19990517,before,-1.1081782,-0.58720192,-0.17802387,-0.81690456,-0.34153115,-0.17282267,0.64773435,1.0686115
19990525,before,0.17360214,-0.34053409,-1.0707036,-1.8462563,0.74246589,0.20331146,0.057680663,0.67130511
19990542,before,0.2207622,-1.1320222,-0.63870575,-1.5036458,0.2509709,-0.67723012,-1.148491,2.0241592
19990549,before,0.0086548564,1.0118383,-0.436511,0.41694975,0.09073254,-1.4655157,-0.54772428,0.149971
19990563,before,-0.59278128,-0.64933595,0.53979474,-0.63265079,-0.83818369,0.42019546,-0.31080861,0.084356917
19990583,before,-0.98620895,1.8305592,1.2298131,1.4291213,0.60051391,-4.0002588,1.542877,1.5423414
19990625,before,1.2329721,-1.1777934,-0.16724646,0.15341293,-0.27784976,-0.65113604,-0.2511004,0.755304
19990640,before,-0.044049746,1.5313214,0.76803463,0.15738192,0.054200808,1.4265375,0.2344502,0.79928982
19990647,before,0.84602015,-0.44005613,0.22720868,-0.10314756,0.26930658,-0.8248867,1.0974518,-0.46707867
19990668,before,0.56963959,0.44505555,0.44384638,0.46212867,0.64824918,-0.72538498,0.51102721,-0.72559835
19990712,before,0.90647307,-0.68726211,-1.5262955,-2.0308261,0.4622331,-0.59232574,-3.4328408,2.2990911
19990731,before,-0.50505275,1.343074,-2.4854217,1.1889466,0.48092199,0.67869487,1.2981171,1.0091514
19990740,before,2.0973243,1.1550724,-0.17332771,-0.49794283,-1.9837864,-0.16062532,-1.4006918,1.3011034
19990755,before,0.29609563,-0.68336393,1.8062371,1.8741839,0.025394252,-1.2178324,0.62117545,0.11832341
19990774,before,-0.71531746,0.69216846,0.91858592,-0.24855246,-0.53432222,-0.55446049,-0.42316548,-1.2442201
19990784,before,-0.97211116,0.20128903,-1.1859088,0.82073189,0.45065357,0.12082741,1.5380633,-0.72445242
19990815,before,-0.84992144,0.36973597,1.7624016,0.61591872,-0.6065282,-0.32639258,-0.87898795,0.76162989
19990817,before,-0.17909352,-0.66659871,0.1978961,-0.35324167,-1.0103854,0.091446898,1.1977794,-0.095355984
19990823,before,0.62454915,1.1429987,-0.53507126,0.040788198,0.22778529,0.17937284,0.50434242,-1.2427251
19990828,before,-0.49979693,1.1233616,2.4082285,0.78374058,1.0103634,-1.0052669,0.45574616,1.0698226
19990848,before,-0.75900515,0.83180991,0.96331548,-0.65945396,-0.12036925,-0.69249653,-0.34822004,-0.26110862
19990856,before,0.61669458,2.2905648,-0.72546322,-0.2795677,-0.65156685,-0.12591256,0.52011696,-1.6554152
19990862,before,-0.30813589,0.24367055,1.4679266,0.49328169,-0.62552691,-2.4473315,2.4542439,-0.87620767
19990863,before,1.0306003,0.49714433,-0.76126108,-0.77091595,1.73777,-0.70104705,-0.36876751,-1.5145081
19990879,before,-0.070285631,1.2503557,-0.43570599,-1.5231614,0.9370702,-0.94086747,-2.559673,0.56603141
19990885,before,-1.1583886,-0.31077908,-1.2546919,0.61155302,0.38504155,-0.85608922,0.34697873,-0.15370845
19990893,before,0.49114089,-0.8090257,-0.073209194,1.5710296,-0.03262382,0.74100074,0.19537501,-0.41364088
19990896,before,0.57762574,-2.1550402,0.45118458,1.4433478,-3.1668262,0.35087854,1.656367,0.29272385
19990905,before,-0.77885794,-0.14900136,-1.5226414,0.97235286,-0.41640593,1.7098141,-1.2538276,-0.92236363
19990926,before,2.9308666,-1.1245524,1.4248272,0.23333327,-0.18921838,1.3530304,-0.37242473,-0.16004877
19990928,before,1.5455636,-0.46849727,-0.29339333,0.92889084,0.42043899,1.5878765,-0.4965767,-0.10626508
19990942,before,-0.4229938,2.5615442,4.5444792,0.85285671,-0.062379963,-2.6842753,0.64865312,3.8780179
19990947,before,1.708044,1.9898844,-0.64461242,1.0868483,-0.59647483,0.28982462,0.23873508,-1.2509564
19990957,before,-1.0856187,-0.18870291,0.090319692,-0.66915962,-0.0973144,-0.62296515,-0.52574018,-0.58514236
19990958,before,0.82430553,-0.1288253,0.40839784,-0.49071948,0.72465736,-0.60690467,0.78793559,-0.59587988
19990983,before,0.46344103,0.40966027,-0.25468445,-0.55471445,0.99833732,1.4298878,0.60199165,-0.9810992
19990992,before,-0.72338273,0.49951163,-2.0985119,1.739551,-1.2065333,0.97661385,0.046533554,0.94039117
19991025,before,1.2615295,2.4332561,1.31433,1.0227918,-1.058235,0.084376978,-1.2537738,2.2277858
19991045,before,0.76297273,-0.35832861,-1.8318938,-0.94937573,0.21480185,-1.2668131,-0.95351848,0.75441568
19991048,before,-1.5245763,0.42961173,-0.34984757,1.0112932,0.99549783,-0.89327228,1.2410185,0.55083044
19991072,before,0.24199632,0.58209124,-0.42759206,0.91731365,-0.466033,-0.30232243,0.39439972,-0.20410981
19991088,before,0.39276324,-0.89548927,0.00032149244,-0.55782244,-0.61621029,-0.50116016,0.53206311,-1.0344654
19991089,before,-0.24232352,-0.81812762,-0.238363,-0.57303724,-0.73777939,0.22873699,0.22559099,-0.21757957
19991127,before,-0.4611454,-1.1412704,3.0923523e-06,1.801148,0.045172005,0.092569809,0.22472946,0.031634158
19991137,before,-0.054715564,-0.7251596,-0.76483146,-1.4821455,-0.48335005,-0.10038732,-0.56467212,0.34945721
19991148,before,2.3952287,-0.037713058,-0.041930021,2.0245976,-3.5937667,-0.59661931,0.74400034,-0.57093083
19991174,before,-0.87975872,-0.40727531,0.053842728,-0.78632219,-0.049448679,-1.0769415,-0.44582686,-0.72449302
19991180,before,-1.0113194,-0.40572271,0.052111527,-0.39543186,-0.07621771,-0.68525088,0.17228314,-0.90904694
19991185,before,0.50904326,0.45450905,-1.0210573,-0.34537425,-0.60848801,0.7992808,-1.4834203,-1.3887937
19991192,before,0.21048352,-0.078719655,-0.48431556,-0.061394754,0.93272305,-1.7468693,-0.41446627,-1.4006242
19991198,before,0.873568,-1.4254588,0.99889276,-0.69751103,-1.4873079,-0.28347813,-0.61614153,0.64656833
19991202,before,-0.93138305,0.30126606,0.69074106,-0.059990549,0.14686286,-0.028456294,-0.46574611,-0.42758101
19991207,before,-1.240135,-0.68379396,0.042337838,-0.278337,-0.98740615,0.43459643,-0.18469024,0.42635675
19991216,before,0.65032702,2.0118349,-0.88506926,-1.2077442,-0.80722728,1.437739,-0.10130971,0.37273487
20000003,before,-0.17964306,-1.1909341,0.515739,-1.7477513,-0.1672897,-0.27970433,1.1132331,-1.084482
20000014,before,0.44226526,-0.22427618,-0.1083613,-0.78552742,-1.4531747,-1.193242,3.5118299,-0.45956003
20000029,before,0.78272666,-0.43329018,-0.30927157,0.60204737,0.43379286,-0.36948376,0.29313213,-0.23630366
20000035,before,-0.62427878,-0.15723979,-0.10801085,0.51573137,-0.11993779,0.065267251,-0.46692731,-1.130459
20000052,before,-0.59235852,-1.5028616,1.0354011,0.44320266,0.45271392,2.6487623,-0.3013157,-0.63341316
20000063,before,0.84125299,-1.0734019,1.256133,1.4879996,-0.62163636,0.92350293,-0.17700273,0.0016200294
20000086,before,-1.3062438,-1.3640902,0.24338601,1.6835943,0.93180874,0.64407459,-0.063764814,0.26607375
20000093,before,-0.89961999,-0.69776137,0.54397455,-1.2982545,-0.066020673,-0.17893855,-0.022723371,-0.03309616
20000104,before,-0.57330195,0.82836231,-0.98408479,-0.42471634,-1.3218465,2.0788748,-0.41163801,0.14594861
20000112,before,-0.17267205,-0.50927746,0.067119396,-0.60211052,0.0027035079,-0.78086917,-1.5370356,-2.3490314
20000119,before,0.35402363,0.84381051,1.3624233,-1.6682089,-0.60316182,0.61337412,-0.12019141,-0.45557331
20000157,before,0.1226945,0.36886381,0.43835886,0.62806759,0.20012413,1.3178175,-0.058245588,-0.080001231
20000160,before,2.1779096,-0.84236536,-0.2220435,0.80647512,-1.6760374,-0.90602794,-0.53426964,-1.1919732
20000193,before,0.78200959,-0.32628542,0.91881467,-0.20116114,0.27385337,0.21465764,0.50457047,-0.24088827
20000195,before,-0.022349832,-1.2766657,0.5874193,-0.87510443,-1.3356698,0.27595377,0.59784566,-0.33337304
20000212,before,0.22098762,-0.79017981,-0.4884637,-1.4955099,-0.51123521,-0.65155242,0.2635715,1.6565348
20000227,before,-0.28556595,-0.5554902,0.11226963,-0.63950932,0.57137249,-0.27888884,-0.49998602,-1.5335657
20000245,before,0.7622107,-0.78207632,-1.2208578,-3.3944046,3.278436,1.1984643,0.36348331,2.8818447
20000296,before,-1.1001078,-0.88425004,0.59088836,-0.95855358,-0.34874802,0.63008878,-0.0648117,-0.35243956
20000314,before,-0.92138839,-0.89145113,0.20759355,-0.099516713,-0.40632306,0.020648194,-0.1420975,-0.29030039
20000331,before,-0.20730528,0.26988889,0.39059091,-0.8150723,0.42872073,-1.2822769,0.21445259,-0.8730546
20000351,before,0.059872752,-1.2248853,-2.3171369,-0.27513649,2.9693411,-0.56228606,-0.88743926,3.1123699
20000354,before,0.31067298,2.1779452,-3.5878886,-1.0969926,-1.0649958,1.5774567,0.24234197,-1.2382651
20000362,before,0.094175669,-0.25256476,-0.81135746,-1.2658457,1.1569975,-0.23078066,0.77482563,-0.5031535
20000366,before,0.72489801,-0.27160152,-1.0262244,-0.52717408,1.3513963,2.3907048,-0.77597705,0.66057535
20000407,before,-1.0564217,-0.079079502,0.56459147,-0.50006371,-0.43689828,-0.70490812,-0.64581247,-1.1764176
20000420,before,-0.33880451,-0.037483963,0.77441663,-0.20692752,-0.51163456,-0.6361608,-0.14198238,0.93855263
20000429,before,0.19302301,-0.84522168,-0.23236622,1.0350308,-0.35418744,-1.0284071,0.2264974,-0.13574852
20000441,before,-0.5339877,0.74125495,-0.35596,-0.8067127,-0.49409197,-0.22302166,-0.91156682,0.30075307
20000449,before,-0.69511482,0.16346485,-0.29526903,-1.1459531,-0.31003059,-0.50220666,0.31475334,-0.38127367
20000465,before,0.15124129,0.66971617,-0.46547448,0.75216061,-0.50293852,0.19209786,0.085055014,0.98343943
20000501,before,-1.1076038,0.58565322,-1.0808785,-0.55227724,0.59893559,0.046771332,-0.5005916,0.48228461
20000561,before,0.77892735,-0.90376852,-0.4921421,1.3512683,1.6943321,-0.73504122,-1.7894648,0.24070245
20000580,before,0.7888106,2.5376022,-1.6418372,0.63964946,-0.072635538,-0.67097273,1.2508191,0.25067166
20000591,before,-1.0820638,0.039560674,-0.3573319,-0.13556149,-0.12389484,0.074764551,-0.16620168,-0.99119395
20000595,before,1.4198727,2.8443938,-0.89198642,-0.7581404,-1.8191351,1.0190363,0.99095677,0.74060077
20000602,before,0.054923693,-0.567792,-0.69954044,1.0895177,0.30494766,0.37903819,-0.78991475,-0.40312636
20000633,before,1.5691025,-3.438621,-0.59777739,-0.73300164,-2.288229,-1.3395262,1.5160462,1.9701232
20000699,before,0.63143396,-0.065132264,-0.87106005,0.9125365,0.53621396,1.425554,0.22696134,-1.0384659
20000705,before,2.1522131,-0.37944862,-0.088534685,-1.6592409,0.84040971,0.34710093,-0.45904466,0.72396452
20000706,before,-0.054115284,0.70433825,0.28176906,0.56838164,-1.0003984,0.17148768,-0.0047398602,-0.24703682
20000716,before,1.0566796,0.10451947,-1.275347,1.4563604,1.3227026,-0.83040378,0.011852241,0.96213333
20000720,before,1.4341212,2.0298899,2.9058435,0.60906971,1.0765116,0.9585294,2.0510693,0.82353696
20000745,before,1.4302704,0.59403762,-0.44685552,-1.7432074,-0.50231594,0.85930548,0.60004038,0.22052855
20000747,before,-0.68146519,0.14026558,-0.64361559,0.527007,-0.38191542,1.6210999,-0.8981076,-0.54180257
20000751,before,-0.83291225,-0.84744631,0.31302131,-0.54853221,-0.64663536,0.39268565,-0.29792505,-0.48026083
20000776,before,0.81365789,1.8499529,3.7245356,0.41231251,2.3235641,1.0694354,-0.40819871,1.4583109
20000787,before,-0.46197691,0.051759383,-0.90581398,0.35518401,1.5077328,0.72572978,-0.52149195,1.2028826
20000789,before,-0.72965794,-0.38648087,-0.68632972,-0.69607638,0.57125624,-0.82954833,-0.73706525,0.4194325
20000849,before,1.1389742,0.8578468,0.85951138,-1.5050685,0.047332036,1.1982727,0.77565095,-0.35686884
20000857,before,0.055209618,-0.073303153,-0.37293732,-0.86026653,0.49885146,1.7988774,2.0822557,-0.66547901
20000863,before,1.7505666,1.9759615,-1.5153295,-0.74979684,0.39079908,-0.24431032,1.53027,-1.4555185
20000888,before,-0.049670554,-0.89814114,-1.6812381,1.529646,-0.39741634,0.32402131,0.18289162,0.41486671
20000897,before,-1.6858044,-0.84190989,0.40351327,-0.17050766,-0.85326569,0.52591854,0.33151537,1.9568577
20000910,before,0.39195429,-0.31912435,0.090843871,-0.051612702,-0.71099278,-1.4629391,-0.47747881,-0.77195696
20000923,before,1.0932824,-0.82630366,-1.0334859,-2.5782049,0.54740299,2.5264064,0.86528583,0.31222735
20000934,before,-0.075953172,-0.4033907,-0.13460199,0.31155909,1.697706,0.61607909,0.74270185,-1.2188806
20000939,before,1.8912574,1.426884,-0.11142227,1.3029723,-0.99276356,1.0135044,-0.57810902,-1.3541966
20000944,before,0.42915496,0.51257856,-0.036019495,0.68700143,-0.48814214,1.4706221,0.14574671,-1.6460782
20000957,before,-0.85076238,-0.63327261,0.010601871,-0.58861956,0.31821749,-0.73129723,-0.089006265,-0.70137405
20000958,before,0.77224998,0.93199728,0.70538561,2.8979653,0.61516694,1.4980515,-0.41900157,-0.43678202
20000963,before,-1.3801272,-0.49042538,0.52258431,-0.55091585,-0.67222133,0.26726078,-0.41036704,-0.29269754
20000967,before,-0.042846592,0.28768283,-0.38639638,0.20895648,-0.96976743,0.19315734,0.73483965,-0.72799727
20000975,before,-0.014161083,0.67772627,-0.50884591,1.1010372,0.62774109,-0.15308692,0.35863283,-0.61567085
20000981,before,2.2267579,-3.2054272,0.88330375,-0.55893774,-1.1172982,1.5481594,7.4026093,1.0741185
20000988,before,-1.5271908,-1.0145078,0.76268883,0.37897171,0.042245314,0.44601067,0.072546299,1.1446476
20001012,before,-0.74725233,0.87805109,-0.43833411,-0.96847255,-0.3447826,-0.031567955,-0.29686837,0.88820037
20001018,before,0.77209739,0.30371053,0.069042266,-0.31742825,-0.22002632,-0.29722733,-0.021540692,-0.20448007
20001030,before,0.54908447,-0.50544029,-0.16614588,-0.5813099,-2.7887608,-0.25826807,-0.81447029,1.4513576
20001047,before,-0.37023533,0.88045065,-0.085377567,2.4162925,0.96653215,0.73543881,0.69493234,0.20110216
20001057,before,-0.52476321,0.16407061,-0.30758362,-0.3138852,0.29179426,-0.45562323,-1.4071673,0.91562401
20001064,before,0.69496655,-0.3351604,-1.3017481,0.5348233,-0.28913004,0.49342576,-2.2130364,0.19252903
20001070,before,1.343738,-1.1089991,1.4006268,-0.45668641,1.4205555,2.332717,-1.0594455,-0.25221186
20001071,before,-0.44457576,0.11744264,0.34494353,-0.54246048,0.59986278,0.74411823,1.6234848,-0.99399821
20001086,before,0.081035185,-0.32422002,0.87934527,-0.48647206,0.41027542,-0.081675631,-0.27729506,-0.79000135
20001104,before,0.46026875,-0.53393113,0.7030036,-1.3220424,-0.067631381,-0.22339505,1.0636334,0.27745146
20001113,before,-0.44165076,-0.48530055,-0.7496808,0.89683219,0.39714233,0.24180078,0.12272291,-0.037952341
20001118,before,-1.1242563,0.5535868,-1.4281248,0.42774572,-0.37037711,-0.70320496,-0.0065563901,-0.77988782
20001131,before,-1.4381559,-0.63695137,-1.123896,0.2359107,1.1996719,-1.3560195,-0.38294327,1.2984413
20001150,before,-0.24312677,0.74993775,0.047700447,0.11899342,-0.57280037,-0.6293557,-0.51444227,0.08249666
20001160,before,0.51717584,0.091021022,-1.4011338,-0.085816941,1.4884933,-1.4639774,-1.829394,-1.3150399
20010014,before,-1.3172192,-0.47026446,0.38460881,-0.72383066,-0.097285427,-0.45407572,-0.3325765,-0.93667457
20010017,before,-1.1182993,0.56900303,0.65366717,1.2761993,0.62470831,-0.23173909,1.0856764,-0.085050472
20010040,before,-0.59285685,-0.032614862,-0.27275322,-0.92359998,0.75590809,0.0039917663,0.99932176,0.30278944
20010049,before,-0.96823509,-0.63951106,-0.11225809,1.433739,1.1544282,1.100347,0.086855719,0.35681825
20010067,before,-0.89991134,-0.53587439,-0.36695721,0.42478672,0.69585532,-0.47043002,-1.1370557,-0.27366577
20010069,before,-0.42385565,0.58454676,-1.1802093,0.55855087,-0.43577586,-0.37381536,0.022639136,-0.23735707
20010075,before,-1.3224724,-0.3995409,0.25928413,-0.41955583,-0.39094337,-0.72163003,-0.30360114,-0.73124241
20010076,before,-0.64818946,0.0017790216,0.42604786,-0.66080904,-0.61819092,-0.066592691,1.6544265,-0.045922262
20010078,before,-0.0097951218,-0.86521599,0.56004327,-0.83352623,-0.11741713,0.041447917,0.39499537,-0.66628178
20010096,before,0.36192422,-1.8367368,-2.6488458,0.32887909,1.6979523,1.6791895,-0.39378049,0.84819281
20010126,before,0.011751256,0.94724594,-0.23986706,0.30805185,0.71576698,0.71853596,0.49882044,-1.4938634
20010130,before,-2.0009334,-0.82362426,-1.5223034,1.6210453,0.83507384,-2.0560439,1.3348714,1.5453694
20010140,before,0.22672185,0.36027696,2.4054791,-1.8995695,1.5961089,-0.21885421,0.74261609,-0.4142487
20010146,before,0.31800759,0.14324888,-0.54554581,1.3735615,-0.68498391,-0.062144668,0.21032271,-0.43315037
20010161,before,1.8161392,-0.75769971,-0.19364195,1.0586041,0.15118951,0.12087783,-1.1981367,-0.077311986
20010164,before,0.64991393,-0.10959116,1.6477032,2.4309069,0.89584065,1.5892331,1.3276927,0.60991829
20010174,before,-1.3612632,0.61020108,0.23201021,0.042701456,0.24556061,-0.41815662,0.88974914,-0.11000939
20010179,before,-0.62234393,1.786315,-1.5795603,-1.4850646,-0.2969174,1.7344102,-0.59944909,-0.061049131
20010196,before,-0.67349173,-0.43338881,0.50921504,-0.71387553,0.3305708,-0.38795656,-0.48239271,-0.9072365
20010202,before,0.79352748,-2.1545211,-0.024339957,-0.086172257,-0.12908435,1.0870418,0.86423064,1.1397817
20010204,before,-0.43974598,1.5509016,-1.8270989,0.67201986,-1.0442948,-0.63428762,1.2075794,-1.2944066
20010219,before,-1.0974046,0.18579485,-1.100484,0.15138638,-0.79575001,-0.36806796,-0.65555446,-1.4399774
20010228,before,-0.88425845,-1.6563674,1.5735888,-0.24072915,-0.018892893,3.3220635,-0.34029289,-0.42166734
20010230,before,-0.37016905,-0.4495036,0.085727993,0.095027299,-0.5716605,-0.067823708,-0.070867067,-1.1570575
20010235,before,-1.2298294,-0.3193639,0.48999801,-0.84242064,-0.08592506,-0.71973738,-0.63343124,-0.88133953
20010254,before,0.026204225,0.71339175,-0.46751714,-0.39326184,0.46000239,0.83902095,-1.2483567,-0.3658086
20010270,before,-1.0217836,-0.47703729,0.46749364,-0.78235123,-0.27214494,-0.21915627,-0.47264565,-1.1434736
20010283,before,-0.7901109,0.85707863,0.86852712,-0.058757308,0.45113969,1.5224071,0.77884171,0.21041468
20010287,before,-0.25593626,-0.4125055,0.99240848,-1.5360033,0.88028909,-0.93072119,0.005301088,-0.59863686
20010300,before,1.6836256,-0.86980309,-0.81498637,-1.7226688,1.85996,-0.64479323,-1.285486,0.38672815
20010307,before,-0.3015154,-0.48823703,0.68149354,-0.70079544,0.48915097,-0.13522015,-0.076627455,-0.40149873
20010333,before,0.52052467,-1.3912096,0.17035376,-0.01055108,-0.66408717,-0.10603096,0.52847927,-1.2640715
20010337,before,-0.77762179,0.47753427,-0.5383951,0.43848032,-0.7932247,-0.75179431,-1.0170271,-0.13889869
20010357,before,1.000796,-0.016790883,-0.32100552,0.094559555,-0.81661907,-0.39205589,-0.49701164,-0.30304119
20010391,before,0.18186868,-0.93036895,-0.69922138,-0.397071,-0.16846809,-0.84249757,0.22729288,0.11377485
20010400,before,0.79127464,1.0754409,-1.0379288,0.80309159,-0.6184188,-1.5140162,0.1960769,-1.0308867
20010428,before,1.3636229,-0.17601387,-0.28422844,0.011891984,-0.66562393,-0.91365439,0.45750196,-0.35629839
20010439,before,-0.59992076,-0.076629127,-0.43497668,-0.76629892,-0.079069813,-0.29778224,-0.19442897,-0.40064442
20010467,before,1.8471819,-0.33210201,0.49447412,2.9730985,2.0331825,0.82105843,-0.92287153,-1.0656878
20010483,before,0.46074046,-0.045214014,-1.2121665,-0.45594843,1.6725521,-0.21307773,0.04402004,0.33708731
20010499,before,-0.90613655,-0.54383241,-0.00084436728,2.3081577,0.17525032,1.9144581,0.39082412,-0.26064561
20010500,before,0.078134694,0.62208548,-0.41170581,0.78381887,0.3868948,0.81420822,0.66262014,0.42894345
20010503,before,0.57441426,-0.16882001,-0.53076515,0.39431323,1.2920236,0.12859331,-0.44587423,-0.26649693
20010505,before,-0.013357263,-0.93818484,-0.46771466,1.6863449,0.83651362,1.4409239,0.65455111,-0.72851234
20010510,before,1.4984945,-2.3082738,-1.3894948,2.1918691,2.0129191,1.7849638,1.2470797,-1.2805875
20010512,before,-0.32630727,0.28900962,-1.1396155,1.2388765,0.48778521,0.32600063,-0.1840135,-0.84300441
20010518,before,1.0111235,-0.8167982,0.82216506,2.1268407,-0.32501381,-0.083877428,0.81260162,1.2636502
20010527,before,1.1963754,-0.3029497,-1.2038283,0.23564734,0.52845631,0.14721172,-0.28232136,0.53445014
20010535,before,-0.53963343,0.65385148,-1.121646,2.1200698,1.175072,-0.63355284,0.054085924,-0.63534318
20010567,before,2.1385269,0.32032558,-0.16634552,-2.2778719,1.7606495,0.1320161,-1.0249875,2.2748843
20010570,before,-1.194213,1.1555487,-0.33218894,0.24477923,-0.45878777,0.23374992,0.52717976,2.0961225
20010573,before,-0.56192131,1.6892201,-0.6639209,-0.59265708,-0.99867091,0.56466624,-1.186648,1.1665191
20010583,before,-0.52222228,0.28203456,0.54981584,-0.69546021,0.33986091,-0.80146809,-0.57843528,-0.11764846
20010588,before,1.6537378,0.89692399,-0.27026614,0.77382552,-1.1294546,2.2036282,2.1177572,1.0261883
20010603,before,-0.57965868,-0.42496198,-0.97788637,1.5330926,0.27022573,-0.094117592,1.0408455,-0.20519875
20010608,before,0.95756447,0.82726678,1.5377243,0.94132377,0.18252228,-0.066321613,1.7263137,1.1364971
20010618,before,0.71880525,0.037365558,-0.21744594,0.39210588,-1.0547369,-2.5020464,-0.037378602,1.4945151
20010624,before,-0.33408941,0.36428163,-0.15330711,-0.50391176,-0.016026382,-0.29166788,1.0918319,-0.33343341
20010633,before,0.62898925,0.7945009,-0.49252232,0.19181081,1.0615705,0.6815397,-1.0497399,0.026714935
20010634,before,0.91488063,1.8748856,-1.8497309,0.98242099,0.13069061,-3.4197555,0.63071059,0.44992002
20010669,before,-0.17711966,-0.20100211,-0.044988078,-0.7299844,-0.25306759,0.81209139,-0.67802842,1.0357026
20010695,before,1.5991464,0.14044752,-0.37489947,-1.7356621,0.22646269,-1.1044995,-2.0228165,0.76077474
20010700,before,0.10975002,0.58804613,0.22202824,0.66728495,-0.27236207,0.071116814,-0.40331454,0.35756315
20010722,before,0.27025859,1.2786462,-0.83430524,-0.41909052,-0.60158075,-0.34717839,0.12735075,-0.77088753
20010731,before,0.22841576,0.99453598,1.1359499,-0.76525919,0.25428748,-1.2970545,0.70058422,1.1681594
20010743,before,-0.7593693,-0.75702641,-0.061153202,-0.66640945,-0.46796658,-0.59323114,-0.50774221,-0.41889748
20010759,before,1.0724885,1.9059832,-2.1017598,-0.11524925,0.71950091,-0.55699904,-0.32879296,1.3482277
20010791,before,-1.3944101,-0.79860675,-0.18874196,0.48626598,-0.8271736,-0.42128694,0.65358923,-0.23048806
20010794,before,-0.34770993,-0.026803931,-0.010709462,-1.1958778,-0.35373342,-0.13074501,0.91243085,-0.24169344
20010796,before,-0.16483503,-0.57726708,-1.6528892,-0.16733973,0.37383069,0.59171157,0.58792774,-1.2486955
20010798,before,-0.76795931,0.65939639,-0.63922644,-0.22514465,-0.32907785,-0.01327444,-0.57541721,1.065142
20010826,before,0.84953256,-1.9555258,1.5809677,1.0252219,-3.2752896,-1.4157173,2.2255187,0.038007101
20010860,before,0.48665616,0.19436113,0.21767744,0.46464438,-0.065782154,-1.3405997,0.59767994,0.30657408
20010895,before,-0.95476195,-0.043250272,0.78396553,-0.53766268,0.11517652,-0.037775765,-0.18438391,0.096083713
20010915,before,-0.76714208,-0.18510945,-0.20849205,0.26319352,-0.24011803,-0.25764031,-0.74250623,-0.039079302
20010986,before,0.72055699,3.754209,-2.2405466,-0.40630756,-1.2259641,-0.2406795,-0.25136687,-0.063387368
20010991,before,-0.52326812,-1.0066874,0.71343504,-1.3362023,-0.68631192,1.0233239,0.50699014,-0.19849719
20010995,before,0.62527963,1.4589819,0.00092942725,-0.63780591,-1.5447762,1.3878156,0.70509111,-0.25500124
20011010,before,-0.28748198,1.0753513,-2.3485013,-0.46113868,0.31735246,-0.68887167,-0.3580809,0.66647532
20011025,before,-1.19024,-0.69417034,0.055484375,-0.28157631,-0.092183117,-0.36609898,-0.31204669,-0.33985357
20011035,before,0.18173967,-0.85636374,-0.13280358,-0.40065627,-0.46820079,-1.4293395,-1.4078767,0.44568354
20011044,before,-1.2676511,-0.44414236,0.14710559,-0.44451131,-0.29557143,-0.42790347,-0.54431986,-0.54161215
20011077,before,0.10891098,-1.3618179,-1.0570526,0.70298674,0.0216418,0.49604472,-2.5715979,-0.75734168
20011081,before,-0.0029847878,-1.2012298,-0.58391039,-0.44105635,-0.17742073,-0.047803308,0.49578742,1.1606109
20011092,before,-0.14900492,0.064257762,-0.0072707999,0.28608697,0.06761993,0.24030444,0.30714253,0.24778486
20011093,before,0.47462177,0.4349791,-0.088500881,-0.87769539,0.19885938,-1.0943186,0.44842311,-0.84640848
20011114,before,0.4056228,0.28054448,0.10555937,-0.53990211,-1.1435248,0.66252614,-0.82388678,-0.35421222
20011124,before,-1.0704563,-0.43883695,0.20439759,-0.036854215,-0.66444295,-0.20368965,-0.56865828,-0.25400431
20011130,before,-0.93183891,-0.27474113,0.61076636,-0.87676898,-0.43527958,-0.33837739,-0.40248446,-0.39458881
20011154,before,-0.015962946,-0.27947728,-0.535816,-1.1587011,-0.57145268,0.1028654,0.46208583,0.28340441
20011177,before,-0.06528303,0.86108827,-1.087761,0.43769994,-0.23449185,-0.27130486,-0.19295236,-0.86569281
20011187,before,-1.0140252,-0.28781819,0.33941853,-1.1998341,-0.18091426,-0.09373534,-0.5253554,-0.53158838
20020011,before,-0.37165086,-0.10548613,-0.5059898,-1.2444261,0.70046147,-0.87518417,-0.3918038,-0.20704809
20020015,before,-0.54291448,-1.0182775,0.49484566,-1.2445431,-0.10855715,0.72235171,-0.20450676,-0.22366761
20020021,before,-0.29370873,1.0995712,-1.6090387,0.069451106,-0.8952941,-0.84259248,0.047398765,-0.70656287
20020028,before,-0.075340685,-0.89619683,-0.29234548,-0.95679839,0.23378337,-0.27125177,-0.38473671,0.45407272
20020033,before,-0.46744721,-1.1824812,0.020975902,0.80237347,-1.559511,-0.54884374,1.5557705,-0.38892524
20020038,before,1.1670336,0.70801529,-0.07574481,-1.0807901,1.2301674,-0.10949967,4.0357951,1.0308294
20020070,before,-0.81087768,-0.42050859,-0.46937202,0.044180172,1.2327266,-0.2205584,1.0595474,0.1352127
20020077,before,-0.52237047,-0.37613466,-0.12763732,-0.32475371,-0.93686913,0.28152187,0.13386873,-1.5507251
20020087,before,1.800878,-1.2825478,0.41397634,-0.67463037,-0.76563452,-0.26060195,0.8738845,-0.62566684
20020103,before,0.2908479,-0.42681151,0.43082286,-1.7734146,0.38708553,0.0049370794,-0.70801741,-0.65694634
20020125,before,-0.55506348,0.39576308,0.96061571,-0.58514096,0.40925792,-0.74508318,0.20679978,-0.68321961
20020129,before,-0.51648755,-0.92173907,-2.0388723,1.9868486,1.0470088,-0.7790366,-0.5803011,-1.0874417
20020131,before,-1.035168,-0.56839501,0.58867987,-1.0969683,-0.088362966,-0.0063380484,-0.37193619,-0.7756781
20020132,before,0.89132842,0.38917779,0.43129452,1.971622,0.47415421,0.47347819,-1.4556295,0.39223342
20020135,before,0.98676296,-0.42301152,-0.10412011,-0.098958326,-0.82133702,-1.3902912,-1.9332367,-1.1571227
20020148,before,-0.80874988,-0.70913295,0.51276425,-0.76221772,-0.1683484,0.17388977,0.4176496,-0.98432079
20020159,before,-0.16661124,0.11059714,-0.28404021,-1.1974213,-1.9292017,0.97198837,1.1456233,1.669308
20020164,before,0.30115272,-0.16641421,-0.44510008,-1.7577134,-0.31093693,-1.4996153,0.78842703,2.2217739
20020182,before,-0.90732652,1.3490988,-1.7332392,0.10439148,-0.66486033,0.61926434,-0.63604783,1.1217333
20020197,before,2.3215759,-0.66463841,-0.071233686,1.3262378,-0.093127841,-0.19154917,-0.56747304,-1.9746626
20020223,before,-0.70600172,1.1708672,2.6550289,1.352998,0.91341499,1.0692658,-0.6458825,1.5455976
20020230,before,1.8230042,0.39900191,-0.18195776,-0.38413324,-2.1623145,-0.69334369,-0.088416367,-0.58928562
20020254,before,-0.24397609,-0.5820189,1.1758129,0.29138431,0.92675108,2.4380342,-0.014895321,-0.15987896
20020261,before,1.475914,-1.2755656,0.72640791,0.26375254,-4.1436641,-1.2113322,-0.05762807,-0.74822467
20020268,before,0.23403083,1.3258092,0.53833524,-0.97233337,0.48272589,-0.37962717,-0.73223032,-0.58334654
20020277,before,0.064210474,-0.14501283,-1.9171441,-0.18380632,0.63169462,0.055737064,-0.94733555,1.1334721
20020321,before,-0.30362664,0.042554175,-1.0527795,-0.53366252,-0.65098961,0.65594992,-0.089491989,1.9061188
20020328,before,1.8632547,0.89230397,0.71595621,-1.6975632,-0.54951966,1.7637928,2.4072421,-0.83176732
20020335,before,1.0411821,-0.86254968,-0.16872144,-0.51591084,-1.1973933,0.48727223,0.39387505,0.90307005
20020342,before,-0.33131616,-0.056006375,-1.1070087,-0.89561885,-0.70083737,-0.37636854,-0.62288811,0.18558382
20020352,before,1.1962409,-1.2343677,-1.9681085,-0.62627253,-1.4845537,-0.79534874,0.12843692,3.0620854
20020363,before,1.3683205,0.44762143,-0.16834767,-0.60180953,0.36784356,-0.66175949,0.21519814,-1.044197
20020368,before,-0.12808693,-1.1527765,-1.0435576,0.70503245,0.85309967,-0.37344242,-0.75274493,-0.020382794
20020369,before,-0.42533088,0.98542034,-0.25334579,-0.42880418,0.43479144,0.20486585,0.8954162,-1.3700227
20020381,before,-0.075443502,-0.56566346,-0.028921785,4.6019518,1.8366612,-0.86127628,-0.17259275,-0.06822107
20020385,before,0.78057564,-0.15470801,3.011039,1.5707985,-0.37397237,1.2178607,0.37791333,1.9891021
20020394,before,1.0526268,-1.3858472,0.15714151,-0.91179939,-0.86843007,-0.064769548,0.071960262,1.5406514
20020415,before,0.69906642,2.7219646,2.2060127,0.87305163,1.1926436,0.62714417,0.30095852,1.3742779
20020423,before,1.1262254,-0.14074662,-1.0095913,-0.89357061,0.17860161,0.70729469,2.1225108,-0.10495415
20020428,before,-0.84358093,0.17701769,-0.28509792,-0.48436496,1.3560472,-0.88526787,-0.11321996,1.5414204
20020429,before,1.1557797,0.71703458,-1.0991654,1.0665669,1.4448284,-1.4462102,0.62422255,-1.0249258
20020457,before,0.70920232,-0.93284163,-0.58301602,-0.3191805,-0.22831995,-0.01904866,0.91706205,-0.72219941
20020483,before,0.4974714,-1.035798,-1.7736296,0.41050974,-1.5194153,-0.13607515,2.3240135,1.0204195
20020484,before,-0.43771335,1.7418444,0.025289514,0.1344598,0.42217114,-1.8578635,0.68771535,-1.1756558
20020490,before,-0.31247891,0.70874457,-0.50166401,0.30419553,0.66747082,-1.3107148,1.2192428,0.56586972
20020495,before,2.8172463,0.052641143,-1.2657939,1.0081778,-0.6514609,-0.37955279,-1.4758861,-0.45770437
20020503,before,-0.19417217,0.48510247,-0.45855219,0.14334975,-0.28120266,0.24116789,0.850304,-0.86149936
20020508,before,0.55389287,-0.42986492,0.7920205,-0.3531801,0.58485836,-0.6839986,0.73690146,0.94023588
20020521,before,0.85729823,2.7430662,-0.82646236,-0.57520544,0.58731004,1.2337985,1.7416401,-0.011252345
20020547,before,-0.39218964,1.3791646,1.0456496,0.17833212,0.46801805,-0.8335026,-0.2862508,-0.3892999
20020554,before,1.8787812,0.4966424,0.21209533,-0.25950479,1.8051612,-0.04389112,0.052659297,-0.30103952
20020585,before,-0.069374978,0.67118723,-0.23331923,0.56679179,0.46346228,-0.34173828,-0.37346841,-0.54794833
20020608,before,-2.1147945,0.39486826,-0.41130873,-0.43578881,-0.66979129,-0.29285531,2.64134,1.7401419
20020611,before,0.71924931,0.65139549,-0.056426563,-0.94222631,0.50517733,-0.79371307,-0.74361571,-1.3345853
20020613,before,-0.53718452,-0.99443747,-3.002223,2.200927,0.35960015,1.6896614,-1.1223791,-1.0086517
20020624,before,-0.53277932,0.70114785,-0.72011425,2.1075198,0.75566358,0.22335952,0.80459275,-0.16293207
20020646,before,0.88550713,-0.77862172,-0.97577668,-1.7268283,1.5171439,-0.98334597,-0.30938608,-0.16005763
20020650,before,-0.11668265,1.3901547,1.4722498,-0.29872519,-1.3731516,-0.098988854,0.089653589,-0.33985037
20020659,before,1.3476979,1.222514,0.75946198,-0.90487902,0.5745945,-1.7864602,-0.29628834,0.19361911
20020688,before,0.24591132,-0.50558352,0.85932755,0.93125809,-0.87881815,-0.67138106,0.14899716,-0.30010785
20020716,before,0.25169436,0.93277599,-0.6035567,0.52785073,0.17344653,0.25406094,0.038110537,-0.85172433
20020717,before,1.406066,-0.14531043,-2.203223,-0.173704,2.5234023,1.6002829,-0.48593951,-1.9946408
20020787,before,-0.60209011,-0.3330576,-0.83317998,-0.43671884,0.88504597,0.16304397,-1.6261171,1.2156978
20020803,before,1.8555719,3.1136026,-0.89544964,-0.91456911,-0.26936467,1.6761544,-0.088998757,0.9332179
20020816,before,-0.11292922,-0.49957584,1.0757647,0.28895565,-0.22053513,0.34330515,-0.58000573,1.0758131
20020833,before,0.67771693,4.4502715,-3.169669,-1.0178582,-0.082388092,1.2671655,0.64975608,2.5020137
20020857,before,-0.92952136,0.27761983,-0.15978262,-0.50082441,-0.21759843,0.090626763,-0.62648931,-1.0229318
20020866,before,-0.35841388,0.76469569,0.13292819,-0.59175877,-0.24654544,0.92026153,0.45312024,0.7786802
20020877,before,1.036752,-1.2120811,0.43194791,-1.9990202,0.10482646,0.79484208,0.57442243,2.0686237
20020883,before,0.98249711,0.99856195,-0.62175839,0.051986377,-1.5630965,1.7286182,1.9694326,1.2180641
20020891,before,-0.26556603,0.95628358,0.55842537,-0.54371001,-0.93963277,1.6398446,0.95248238,0.054630012
20020896,before,0.17743966,1.6886923,-0.82500418,-1.2734443,0.13233866,2.4599502,2.0222888,2.214269
20020906,before,-0.55486395,1.1293394,-0.56449219,-0.18402749,-0.63582659,-0.37389107,-0.26802188,0.23722553
20020915,before,-0.588135,-0.37478675,0.61192359,1.5025494,0.55262273,0.19959188,-0.58225512,-0.24120594
20020916,before,-0.37259767,0.40223449,-0.13503064,-0.50845558,-0.087522737,-0.50141275,-1.2219671,0.54224054
20020917,before,-2.0554267,-1.4497488,-0.96841192,2.2422133,0.52843179,0.045995584,1.7994895,1.3584984
20020927,before,-0.92974509,0.5426756,-0.39113954,-0.49438056,-1.1507658,0.086158873,-1.2672012,-0.96212002
20020930,before,1.0135894,0.075573278,-0.82238977,-0.80911159,0.088510855,-0.97402391,0.96777897,0.47565756
20020940,before,2.17568,1.4789433,-1.7545921,-0.35199351,0.021087744,-2.8400222,0.60777061,-0.060945891
20020954,before,-1.0046356,-0.24133946,0.42530595,-0.21489445,-0.4294091,1.6726486,-0.40958486,-0.26763256
20020976,before,-0.73176517,-0.49300031,0.63086792,-0.54349512,-0.068674597,-0.45361104,-0.088849492,-0.66342136
20020985,before,1.206051,-0.26236701,1.4095651,1.9968813,2.3868728,1.7457177,-1.0606763,0.044683334
20020991,before,1.2142529,0.15381258,1.1834037,2.2573001,1.7149033,1.383263,-1.9068397,0.02815993
20020996,before,-0.65274493,-0.28330759,-0.96834831,-0.43628048,1.3762256,0.22157937,-0.31861953,1.5014397
20021005,before,0.41870211,-0.46284074,-1.0370789,-0.28535583,-0.97793181,0.30754567,0.3917646,-0.88737635
20021017,before,-0.95580691,0.10965051,0.45491841,1.2443613,-0.032580659,0.38954595,-0.34515152,-0.45463701
20021019,before,0.12441625,-0.05602155,-1.0779867,1.3176502,-1.6568386,-0.21947564,-1.1920418,0.13416268
20021029,before,-0.89220424,1.1930206,-1.4613652,-0.32694187,-1.1874886,0.034609716,0.10579002,-0.59101139
20021032,before,-0.46937675,-0.64280406,0.005995554,-0.1637293,0.091381659,0.58065367,-0.7168989,-1.0825476
20021039,before,-1.2801321,-0.082201972,-0.016223774,-0.51610781,-0.31627178,-0.75106898,1.0422299,-0.049019928
20021049,before,0.22582325,-0.2807272,0.36083969,-1.7000339,0.89108853,-0.90775545,0.85121877,0.066160514
20021087,before,0.34136335,-0.012691354,0.71363214,-0.32668255,-1.6068061,-0.11869776,-0.34078507,-1.0748202
20021093,before,-1.099704,-0.55133089,1.0398577,-0.8696,-0.15432565,0.69224874,-0.32924794,-0.5877107
20021097,before,-0.78660473,-0.072447468,0.41047512,-0.76939778,0.12674233,-0.6771147,-1.1937114,-0.3469773
20021107,before,0.66158765,0.080288099,-0.7450773,-1.5648426,0.34368706,0.82586255,0.74913309,-0.18426211
20021115,before,-1.1108805,0.20605321,-1.3290954,-0.096829286,-1.2143526,0.61651824,-0.57870897,-1.959672
20021129,before,0.20340547,0.57585924,-0.54009617,-0.73712287,-0.37867813,-0.60632172,-0.98103889,1.4052158
20021138,before,-0.93817851,-0.16410639,0.0065281398,0.15539221,-0.00029317205,-0.36788924,-1.0173552,-0.20055049
20030016,before,0.14405931,-2.1062644,-1.0399162,-0.79441254,1.7427201,-0.33395188,-0.90876672,0.94094281
20030029,before,-0.74103095,-1.1928765,-1.3904359,-1.0323928,0.2678376,-0.15484967,1.0195264,0.82492628
20030030,before,-1.207028,-0.84588617,0.95127819,-0.53357229,-0.39598989,1.3679244,-0.56464804,-0.64665353
20030035,before,-1.1822482,-0.81274491,-1.1029078,0.0046165352,1.0812164,-0.9171758,0.23085178,-0.53901589
20030044,before,0.36585413,1.2706376,-0.7685545,-0.32492781,-2.0012707,-0.24728546,-1.3898873,0.42634575
20030046,before,3.502647,-2.2847394,-2.135305,-1.5526881,2.7247624,2.9362136,1.5995099,1.0268566
20030057,before,-1.0194181,0.17990638,-0.28958674,1.3082965,0.66065143,-1.565183,0.76696905,0.24403519
20030063,before,3.1443492,0.05903961,0.012545223,-0.62971015,-1.5998607,-1.2265887,-0.90839675,-2.0481644
20030076,before,0.19612812,-0.61011454,-0.063843204,-0.62729696,-0.079462205,0.45377849,0.47381048,-0.57113786
20030086,before,-1.247652,-0.1943503,-0.56095937,1.4344652,0.18442703,-0.77380257,0.42656291,-0.5821511
20030090,before,0.59134118,0.6627531,0.85465466,0.252316,-0.61958149,-0.69099956,-0.61540413,-0.91042861
20030099,before,2.9322413,-2.6437356,-1.3918454,-0.040690176,-1.2452038,-0.87660824,1.3606535,0.43610515
20030110,before,0.52359741,-0.52671765,-0.81876797,-0.063331305,0.13383996,-1.6876921,-0.14112403,-1.171989
20030118,before,-1.1060806,-0.14520861,-0.74576338,0.13914829,-0.36336675,0.43439523,0.077942636,-1.6918695
20030124,before,-0.55326432,-0.48573867,0.33438634,-1.3446541,-0.023140409,-0.36789573,-0.71383781,-0.66639879
20030170,before,0.096509233,-0.97528915,-1.5349941,0.54860182,0.19814128,-0.68074094,-0.24752273,-0.54394207
20030219,before,1.2092262,0.27640409,-0.27898155,-0.99940897,0.58508045,0.2066411,-1.4124636,-0.6454386
20030228,before,0.85320939,-1.7790385,-0.58618047,-0.37421605,0.34365133,0.57976396,-2.2894117,-0.35130369
20030230,before,-1.6867755,-0.85776926,0.27378344,1.8014095,-1.5073759,-0.43245451,1.4907086,2.2313769
20030246,before,-0.28838505,-0.36672834,0.46924124,-0.93529604,-0.52972622,0.0059986636,0.47369587,-0.93223234
20030262,before,-0.26080389,0.27961593,1.3049495,0.82122683,0.77239294,0.48044629,0.018129982,-0.34533479
20030267,before,-0.74434102,-0.4646206,0.34623969,1.2275532,0.37630103,-1.7422979,1.0465889,-0.0062948463
20030319,before,0.51850713,0.060960911,0.17190542,-1.3589791,-0.26075396,-0.071770296,-0.22572038,-0.030693295
20030338,before,0.20049622,-0.72597277,0.40988936,-0.151357,0.39628138,0.11413761,0.019857224,-0.4925666
20030355,before,0.019645431,0.60250366,-0.26379164,-0.3022334,-0.34951024,-0.23608788,0.23567201,-0.14046151
20030369,before,2.5754306,-2.5417456,1.7300853,-2.1350352,-0.36615375,2.4816089,-3.1529324,0.67780719
20030388,before,0.35384772,-1.0196717,0.29130369,-0.44121715,-1.1140486,-1.2924641,-0.54497229,-0.50781923
20030392,before,0.088934318,-0.98397981,0.3821685,1.817235,0.87539895,0.67701945,-1.1798718,0.83862406
20030396,before,-0.51306294,0.4208818,-0.1090663,-0.062813798,-0.45890773,-0.19274102,1.3193339,-0.66718154
20030426,before,-0.3010644,-0.25354106,1.0475091,0.30036495,0.74760789,-0.46005627,0.50534084,-0.072579253
20030427,before,2.1448369,-0.29285505,0.36229221,2.5323461,1.7572725,-0.54462036,-0.55474339,-0.31441591
20030452,before,-1.0322351,-0.34556503,-1.3704855,-1.4112686,-0.04478769,-0.32557551,-0.58427883,2.4236435
20030456,before,-0.9348095,-0.31291602,-0.25238083,0.087682515,0.63884151,-0.5755033,-1.127053,1.4356257
20030464,before,-0.77930928,-0.27191096,-1.4460219,0.13703956,0.47033455,-0.6889135,-0.33382499,0.73706038
20030472,before,0.13294324,-0.61979594,-0.019882571,1.47024,-0.16889581,0.37928063,0.093728211,-0.17728256
20030478,before,1.1349271,-2.3773514,-0.44121221,1.083247,1.2203009,3.410888,0.00019525753,-1.2867599
20030486,before,-0.35995862,1.1841836,-0.27426012,0.4665041,-0.31848893,-0.071810249,-0.63763467,-0.0027375445
20030509,before,0.59579842,-1.0652414,1.3226377,0.026054749,-0.037749118,0.95997123,0.75015979,-0.17561558
20030513,before,-1.2067829,0.089620068,0.60695649,-0.38035048,-0.8576766,0.10178351,-0.24044621,0.60267658
20030521,before,-0.00078467249,2.2470251,-0.93162401,-0.27392018,-1.8131157,0.85330943,-3.5497981,3.6256517
20030527,before,-0.94112929,-0.46093907,0.58732198,-0.19733424,-0.73390368,0.27236509,-0.21566158,-0.12858952
20030546,before,0.29359802,-1.0767386,-0.7181693,-0.42477836,0.49313214,-0.65922202,-2.0625555,1.2174196
20030552,before,-0.093381513,0.13434062,0.61461563,-0.29634401,-0.84478321,-0.5313293,0.11736317,-0.37072112
20030573,before,1.3881931,-0.49347703,-0.40854047,-0.021849238,-0.5766128,-1.2182679,0.16805215,0.6492941
20030575,before,-0.95244936,0.34460533,-0.61893253,0.44527097,-0.4119365,-0.004118724,0.61000125,-0.11041912
20030577,before,0.42160594,-1.1020672,-0.70369665,-0.60406266,1.2937842,-0.097489604,-2.1210005,2.2701264
20030600,before,-0.75079848,-0.51588614,-0.025535622,-0.042194845,0.042291236,-0.066993612,-0.029529698,-0.19229614
20030625,before,-0.1135768,0.2171843,0.23338776,-0.48908142,-1.0694789,-0.036019712,0.89079159,1.5199722
20030629,before,0.56065989,0.04431491,-0.23665448,-0.92816542,-0.99540527,0.79285608,-0.041951874,1.5581012
20030653,before,0.16251641,-1.1013933,-0.89561341,-0.79099091,1.3807392,0.60731328,-0.18901024,1.0315496
20030665,before,-1.0285237,0.6794661,1.6473076,0.47615776,1.0133007,-0.74226601,0.27849889,0.93183932
20030685,before,1.3038605,1.0501489,-0.86692141,1.6327109,-0.77593383,0.92313444,-0.67734731,0.4663325
20030707,before,0.014756325,-0.30022983,0.36703723,-1.667077,-1.3985591,1.7875816,1.3258282,0.360464
20030716,before,0.13267076,-1.2477893,-0.44167766,-0.77216953,-1.6106473,-0.7699146,2.3251117,1.365655
20030727,before,-0.26845429,-1.4682069,-1.5050001,2.2302095,1.6688897,0.77424116,0.53051839,-0.29966954
20030729,before,-1.1171042,1.075085,-0.56682045,0.6552006,0.46232535,-1.3163686,0.4621124,-0.51874608
20030750,before,0.24563163,0.49952881,-0.29369378,0.076907285,0.27415379,-0.54998884,-0.91612086,-1.215831
20030762,before,0.20546018,1.4895964,-0.56444346,0.34709384,1.3344008,0.41301131,0.78698398,-0.95211053
20030796,before,-1.1705713,-0.4891262,0.061006966,-0.4408191,-0.51824635,-0.15776394,-0.69940925,-1.024295
20030799,before,0.3573671,-0.71855907,-0.44273864,-0.12938666,-0.33098354,-0.79747093,-0.413317,-0.77923614
20030838,before,1.2593472,0.76366409,-0.91874433,-0.93224192,0.4580075,-0.50952639,-0.31561281,-0.70334283
20030853,before,0.11731178,0.36520171,1.5873783,-0.10446224,0.59756183,-0.46125351,-0.18546504,0.016672622
20030870,before,0.0051164801,-0.13327923,-1.5829332,-1.5365608,2.6173633,0.18746334,0.47398274,0.93800423
20030893,before,-0.22884771,-0.13597071,2.1782415,-1.8138964,0.25629029,2.1628611,0.53628012,1.01658
20030910,before,-0.65414655,-0.35929755,-0.39033281,0.7085129,0.38721625,1.4574237,-0.10084831,-0.93417564
20030921,before,-0.58839432,0.56809294,0.0022307482,0.52087178,-0.43024298,1.066177,0.11175108,-1.4029379
20030923,before,0.77672189,0.3030713,-0.74212093,1.5543593,-0.46102332,1.0337523,0.06068336,-1.9686701
20030928,before,1.7775887,-0.73144077,1.3773996,1.8178006,1.4566487,3.3048113,0.092429542,0.084209791
20030936,before,2.8117618,2.4522005,2.9311713,1.1610838,2.4951177,1.9165157,-1.434645,0.99143305
20030940,before,0.46790544,0.81276862,2.2638062,2.1413124,-0.89118168,-2.0953462,0.80777643,1.351236
20030976,before,0.0094678612,-0.59169491,-0.074772973,-1.0809633,-0.36442034,-0.4591912,0.43959112,0.25101104
20031023,before,-0.9890633,0.70483283,-0.57531631,-0.54717178,1.0153306,-1.6106229,0.7042108,0.81053898
20031043,before,-0.34612887,-0.041050232,-0.48744636,0.51312116,-0.4989388,0.050860402,-0.038339606,-1.0150232
20031065,before,0.50653744,-0.6308448,0.86089506,1.063704,-3.176186,-1.0438258,-0.69454231,1.7390577
20031066,before,-1.2076452,-0.25241716,0.90309515,-0.93258238,-0.55665554,0.63611161,-0.39916385,-0.4710433
20031077,before,2.8891198,-1.9396751,1.075253,0.18411057,-1.3217041,1.9177851,-6.7163605,0.20465019
20031079,before,-1.0290163,-1.1824056,0.079776395,0.60086014,-0.060897771,1.0143078,-0.1585676,0.64496564
20031082,before,0.18121976,-0.7281271,-0.50436056,-1.1240954,0.9324129,-1.374942,-0.8844251,0.34244156
20031091,before,-0.80371353,-0.04453679,-0.65722405,0.48666015,-0.30351277,0.87539067,0.16106079,-1.5543123
20031096,before,1.1686053,1.9040616,0.45221902,-0.33291075,1.7861374,0.14565585,1.6924429,-0.0060230391
20031101,before,-0.28472721,-0.049377869,-0.32288517,0.90623755,0.040210947,0.14609871,-0.59204439,-0.2679185
20031107,before,-0.60731858,-0.46414803,0.18174216,0.45235853,-0.32043387,-0.34829268,-0.011590816,-0.095853762
20031115,before,0.070033653,-0.56616914,-0.27819427,0.39804282,0.0317897,-1.2775526,-0.57835282,-0.52548512
20031122,before,0.18190775,-0.10256942,-1.2965984,-0.25233249,0.7043176,-1.4514814,-0.19424516,-0.78668257
20031138,before,-1.0159484,-0.093486095,-0.24599213,-0.53420717,-0.6216329,-0.64715013,-1.0476667,-0.22750771
20031140,before,-0.81824295,1.168927,-0.46309562,0.72288489,-0.50704622,0.17016149,0.10875348,-0.63931705
20031149,before,-0.082854738,0.33807529,1.1462928,-0.046873677,-1.6462802,-0.50526511,0.26538985,-0.27066848
20031157,before,0.089911991,1.5278836,0.58038536,-0.44264184,-0.11887372,0.82605634,0.7411397,-0.3665867
20031170,before,-1.019626,-0.28818934,0.13225555,-1.370738,0.19186161,0.63562056,-1.718442,0.37494986
20031173,before,1.9084556,0.023901686,-2.4543525,-3.497177,-0.39036997,0.67463642,1.4531658,3.6198007
20031189,before,0.74640174,2.3722492,0.072109779,-0.1539834,-0.8109551,0.63491105,-0.050589756,1.167209
20040002,before,-0.20218668,-0.84179034,1.078448,0.23681698,0.65789772,-0.6875171,0.9558985,0.52534734
20040003,before,-0.50167107,-0.68473778,0.95666355,-0.71873376,0.1360562,0.13871294,-0.54026821,-0.95383511
20040020,before,-0.23803388,0.72419689,-1.4520927,-0.14336686,0.18632143,0.18625259,-0.19036828,0.30763402
20040054,before,0.43745496,0.88246944,1.1911903,0.27805767,0.21527275,0.7592615,-2.2091672,1.2664298
20040067,before,-0.74940753,0.73613768,-0.31113824,-0.59318819,-0.51294667,0.38638227,-0.588726,-0.31948113
20040071,before,-0.04470616,-0.39462607,0.36788718,-0.82125936,0.47006638,-0.82915798,-0.89992703,-0.44827091
20040075,before,-0.17817945,0.040379541,0.99706252,-0.76468827,-0.72806376,-0.7763801,0.027843971,-0.36150331
20040090,before,-0.63687976,-0.23836387,1.0739971,-0.17772812,-0.20313904,0.45722115,-0.10410365,-0.06063205
20040100,before,1.3687341,-1.0141623,2.5124377,-0.58075966,1.4748168,-0.33393746,0.69187594,0.070917566
20040105,before,0.021289561,0.12606204,0.24530144,-0.97848051,-0.3975487,-0.94492715,-0.80591088,-0.46210706
20040137,before,-0.37324703,-1.0965736,-0.042132988,-0.59268888,-1.5116949,-0.89766566,0.57842891,1.0075659
20040144,before,-0.42232587,0.56106408,0.43404608,-1.2363365,0.23531014,-0.027890169,-0.0049056109,-0.9697311
20040153,before,0.0063635076,-1.3269121,1.5032444,2.6791063,0.075347629,-0.78134649,0.18863812,1.3326492
20040159,before,-0.31092593,-0.53374328,0.32683667,-1.2423647,-0.29153896,-0.61545003,-0.75587014,-0.54145643
20040167,before,1.6474149,-1.7663298,-2.1916786,-3.6031972,2.3442424,0.044503027,-0.28364924,4.0209486
20040199,before,-0.88199444,-0.48166437,-0.055489603,-0.748417,-0.22473188,-0.42218848,-0.84912173,-0.13774386
20040201,before,-0.44452009,-0.55867139,0.45673305,-1.2663206,-0.069927393,-0.31341249,-0.35741149,-0.55415334
20040205,before,-0.98716157,0.93034128,-0.083376092,-0.53658032,0.24419344,0.97234862,1.6494209,0.48611467
20040217,before,0.48476509,-1.8438876,-0.6578953,-0.39589296,1.2162073,-0.41705665,0.63599317,0.73513679
20040230,before,-0.86811193,0.054654248,-0.6844646,-0.3912398,-0.24028957,0.19326115,-0.065952568,-0.21911489
20040235,before,-1.3241505,-0.17698537,0.56818393,0.36106498,0.072605231,-1.043131,0.58239462,-0.48018298
20040242,before,-1.2764353,-0.58592513,0.2465798,-0.90003983,-0.51852776,-0.64840132,-0.26031402,-0.90216147
20040248,before,-0.474239,0.96785944,0.089037228,-0.95544794,-0.87780351,0.74385865,-1.3668583,0.16890312
20040263,before,-0.64289654,0.56261679,2.1758929,-1.1320101,-0.81222667,2.2082836,0.60354872,0.21951062
20040307,before,0.2923024,0.33523378,-0.54069515,-0.14239485,0.82939159,-1.5016791,0.085626664,-0.93155919
20040347,before,3.3193626,-2.366459,2.4959367,1.5748324,-3.6033139,-0.77111883,0.77103989,0.031071671
20040366,before,-0.81299289,0.86186978,0.028149981,0.092036396,1.1613725,-1.6311188,-0.43238718,1.4073622
20040372,before,0.12624985,-0.19198064,0.85352832,1.0754412,1.379569,-0.23467363,0.26319289,-0.32628143
20040382,before,-0.093973494,-0.1092963,1.0148577,-1.0025015,0.61470313,0.76681376,-0.20731112,-0.66545974
20040393,before,0.63799305,-2.0688982,0.90408642,3.6538989,1.7735585,1.068865,0.14808699,-0.52854714
20040394,before,1.0289254,-0.63918621,0.69862056,-0.45545508,-0.70145299,0.40165191,2.0284795,-0.74238321
20040443,before,-0.46822862,-0.077716411,1.4213011,1.1398725,0.89573465,-1.5486209,0.80575033,0.24203271
20040456,before,-1.1750335,-0.31728527,-0.055763882,-0.7193965,-1.0825911,-0.52614225,1.4027837,1.045476
20040458,before,0.061661122,-1.0331491,0.63984054,-1.5721653,-1.2731193,0.7224973,1.3245271,0.92360003
20040463,before,-0.98859711,-0.45295266,-0.3654715,0.26664593,0.52121711,0.24599799,0.20085279,-0.35724284
20040471,before,0.028436189,1.8456319,0.28156779,-0.25632505,-0.77704635,1.4965795,0.30261782,-0.87020773
20040485,before,-0.16160599,-0.19739988,0.29863584,-0.3962122,-0.5504372,-0.61820868,-0.2719805,-0.7112653
20040498,before,-0.76317185,-0.26617465,1.0096003,0.4145006,-2.055901,-0.26205995,1.3035454,-0.06627229
20040499,before,-0.57811127,0.43868611,0.41026455,-0.12435039,-0.27507192,-0.18786954,-0.72709144,-0.14058411
20040516,before,-0.54821388,0.61971876,-0.25114761,0.18647269,0.31772475,2.4751251,-2.3535601,3.5540331
20040526,before,0.62896578,2.5644834,0.29691295,0.20590132,0.078295936,-1.136749,0.39494972,1.2351472
20040533,before,-0.83224472,0.7335985,-0.21422307,-0.42726371,-0.75438942,-0.22653615,-0.55176639,-1.0001662
20040557,before,0.46663193,-0.68052552,-1.3754843,2.023677,0.059586983,1.3481747,0.040832102,-0.74176987
20040565,before,0.23155296,-0.12651489,-1.9351117,1.8410682,-2.4280118,-0.24983895,2.5347816,-1.3610195
20040611,before,-0.34566315,0.37763935,1.7702824,2.3219404,2.0654807,-2.6598642,0.54369708,1.1379057
20040614,before,1.1959971,1.085837,1.4074657,1.2108151,-1.8289218,-1.8112472,-0.81061619,0.47622257
20040615,before,0.31028003,1.2222434,0.11399068,1.3574341,1.4423585,-0.89753317,0.015881064,-0.19165876
20040684,before,-0.61771373,-0.32177063,-0.071934901,-0.54139845,-0.75564493,-0.62282552,-1.1076802,0.19162413
20040697,before,-0.64679373,0.35386024,0.94111222,1.1044457,0.29675335,2.0580772,0.012840568,1.9230453
20040703,before,1.0682682,1.8378062,0.32267306,1.2293993,0.97039585,-0.11574282,-0.25823284,1.6295668
20040715,before,2.3067406,-1.4305198,0.97657594,-0.63339473,-0.0032916488,2.6615376,-0.011108816,0.45220039
20040767,before,-0.43535554,0.029889952,0.4928126,0.23494971,1.0774851,-0.21742771,0.18162801,1.1174184
20040777,before,-0.029871043,0.62475088,-2.8123871,2.4001707,-0.4002773,0.37727377,0.64239564,-1.3112666
20040785,before,0.1281182,0.83726368,0.66113152,-0.065731109,0.11608661,-0.34502418,-0.26414929,-0.1740402
20040786,before,-0.4516373,0.034881562,0.55187541,-0.07642364,-0.56101468,0.029185453,0.48034298,0.33807264
20040792,before,0.36009378,-1.7356628,-1.2721416,0.73828549,0.84272691,-0.25945829,0.89442332,0.51267407
20040795,before,-1.0834939,-0.14366804,0.32331954,-0.2219347,-0.26762856,0.61096376,-0.19887109,-0.89707624
20040800,before,0.34877719,-1.4003624,0.084163227,-0.98381686,0.52613854,0.71243531,1.1646325,0.71407311
20040832,before,-0.65391024,1.4631318,-0.62422429,1.7819656,0.87785322,0.26706246,1.400355,-1.3230197
20040843,before,0.69589746,-1.5600512,-0.3657696,-0.87965934,0.1223378,0.5350939,0.51898365,0.64048199
20040846,before,0.30130823,-0.27183077,1.2972822,0.88161086,-0.20226982,0.9143249,-1.6460212,0.48530487
20040855,before,-0.6537439,1.5699133,-2.8585889,0.93537938,-2.4481331,3.573765,-1.0405325,-1.1837584
20040888,before,0.5657753,-1.5762725,-2.0278063,-0.051467804,0.50003829,1.081913,-1.4685836,0.42511773
20040920,before,-1.0626197,1.7045155,-0.56784778,-0.25637822,0.22337609,0.68938915,1.2388152,-0.41225502
20040932,before,2.0985002,-1.2272671,0.85808471,0.97228209,-2.7228492,-0.021391976,-0.63868592,-0.42096995
20040937,before,0.48343224,0.32157926,-1.161974,-0.16164027,1.3179391,-3.2547631,0.92309178,-1.185984
20040950,before,1.0193001,1.1694648,-1.2718287,-1.0337317,0.56082974,-0.45078607,0.92002108,-0.33597329
20040957,before,-0.29165701,-0.15096326,0.008701729,-0.20891477,0.10806094,0.060348099,-0.18439374,0.13459168
20040980,before,-0.77881013,-0.81477326,-0.59258378,-0.24481619,-0.31442622,-0.52903532,-0.53235684,0.18370638
20040984,before,1.9915182,-1.1424082,-1.2533164,-1.1628957,1.9282412,1.3808634,-1.5060442,-1.0487121
20040988,before,1.1118782,-0.80995071,-0.51914518,0.78939371,-0.7405164,-0.3074468,-3.7043268,1.3270565
20040991,before,-0.71677171,-0.39134444,0.26314598,0.033059146,0.60596709,-0.77745285,0.55236846,0.54454343
20041006,before,1.1773637,0.30129878,-0.71791123,-0.0033414991,0.90238688,-0.17474159,-0.33273248,-0.69890331
20041017,before,-0.19362515,0.40793908,0.34161969,1.1125241,-0.29368005,1.5836321,0.48942025,-0.41011857
20041025,before,2.1408897,0.14119177,0.70689578,0.60337308,0.22733879,-1.0003462,0.87633297,0.80434689
20041031,before,-1.0276423,-1.0297769,-0.48649294,0.44485526,-0.37639415,-0.34423323,-0.70251478,0.48481952
20041036,before,-0.0029262211,-0.73053864,0.64198912,0.13438054,-0.056210937,-0.31240319,-0.58835601,0.91340907
20041070,before,-0.99473174,-0.30108553,0.65620062,-0.18062733,0.27228698,0.52120709,0.050059337,0.047073631
20041079,before,-1.0763239,-0.69435151,1.3964811,-0.7672381,0.28720346,0.52244579,-0.24959526,0.31826551
20041087,before,0.82623296,-0.38208764,2.0075179,-0.7240611,0.94750788,-0.60074673,0.10762549,-0.22726832
20041091,before,-1.5315027,1.5680632,-1.9590892,0.46449235,-2.1859983,1.4148589,-1.2478562,1.3091339
20041106,before,-0.20470524,-0.17456455,0.34576672,-0.081492438,-0.083027721,0.1038636,-0.39020255,-0.29364203
20041117,before,-0.68560093,0.3749677,0.45577283,-0.49488701,-0.97268035,0.058083188,-0.67485561,-0.25991149
20041118,before,-0.89441181,-0.61599782,1.1569275,-0.30538169,-0.23279312,0.94813684,-0.2756606,-0.50095317
20041126,before,0.14582176,-0.66828377,0.50293674,-0.16950017,0.16794098,0.10870242,-0.51584964,-0.47905265
20041128,before,-0.7644991,0.4465769,0.85501975,0.19078379,-0.11470941,-0.36044973,-0.40207039,-0.00056504136
20041132,before,0.80528898,0.81855813,1.245258,0.58951831,-0.61042423,-1.2726547,0.012135219,-0.19054694
20041143,before,-0.72273257,0.6870585,0.1200918,1.3432753,0.72038605,-0.92220472,0.30223743,0.3647199
20050002,before,-0.62528936,-0.61171821,-0.31013815,2.2395976,0.41441572,-0.14473752,0.71599815,0.68473739
20050007,before,-1.3660902,-0.49507844,0.8542898,-1.0682609,-0.4944982,-0.28970837,-0.34827986,-0.45324974
20050033,before,-0.85002462,-1.3398155,1.1215307,-1.0555403,-0.9017981,0.96063668,0.56539608,-0.17628153
20050036,before,-0.89944998,0.56804957,-0.52559595,0.35666249,0.23861365,1.5339325,0.5004661,-1.0743728
20050057,before,-0.1385295,-0.0048300509,1.6783146,-1.1339345,1.1643747,0.072524328,0.020930551,-0.92872613
20050074,before,0.71270927,-0.91570705,-1.1223047,1.3833714,-1.0971413,1.3521061,-1.372582,-2.010936
20050084,before,-0.8607069,1.3075278,1.4075932,-0.1270918,-0.61141471,-0.35181369,-2.5834026,1.351325
20050095,before,3.5147286,0.17344205,-1.4050884,-0.52906838,0.69593756,-2.1250634,0.76151242,0.086311319
20050132,before,-1.0672824,-0.54337921,0.0830024,-1.2428437,0.2289148,-0.31414351,-0.87570961,0.018968043
20050139,before,-0.73074781,0.2314367,0.1287977,-0.055010501,0.46901365,-0.44156571,-1.1874434,-0.58419038
20050144,before,-1.1114035,-0.56913397,0.44745094,-0.77108023,-0.19650104,-0.42114631,-0.20823365,-1.1819918
20050155,before,-0.29723072,-0.21259159,1.1484026,-1.6082166,0.31286117,-0.24231467,-0.81611059,-0.81690085
20050161,before,-0.71317012,-0.3638892,0.068426261,-0.51129234,-0.38126902,-0.41208619,-0.70609823,-0.92367993
20050162,before,-0.19336682,-0.52682442,-1.1334651,0.90831316,0.67845558,-0.20671453,-0.81144913,-2.0152134
20050169,before,-0.949061,0.04360309,0.45916497,-0.96740905,0.24004125,0.2945232,0.28545854,-0.78900669
20050203,before,-0.97478892,-0.10947153,0.18437484,-0.34403876,-0.33455294,0.16247567,-0.40204655,-0.56964201
20050206,before,-0.7962148,-0.25210992,-1.0507813,1.7267557,0.98694544,-0.26040137,0.54325405,-1.1481146
20050217,before,-0.12360406,-0.028914686,-0.10198878,2.5543785,0.91986646,2.1442087,0.43216039,-0.92903706
20050222,before,0.56859083,0.38601359,-0.47534364,0.0060582896,-0.34666419,-0.88458158,0.092743109,-0.30137195
20050230,before,0.76433825,-1.4870203,-0.18390031,-0.65391226,-0.41428425,-0.89535651,1.3455854,-0.23853406
20050239,before,0.072021188,-0.65866889,0.49318823,-1.0011152,0.29600683,-0.66832744,-0.19335374,-1.04619
20050246,before,-0.71734602,-0.4583857,-0.13449014,-0.36731229,0.43217922,-0.52273421,0.79238963,0.25223602
20050256,before,2.3831576,-1.4751591,-0.27555861,-1.4805692,0.0011907208,-0.65826002,-0.042872909,0.85244683
20050264,before,-1.1636338,0.078157924,1.3035443,-0.78539254,0.59266821,1.1760365,1.0069267,0.095396461
20050276,before,0.21907463,-0.83565253,-0.97628081,0.2809504,-0.30076036,0.035625646,-1.6973618,-1.1684527
20050282,before,0.63299266,0.5860942,-0.71250582,-1.9962638,1.1647507,2.2738071,2.1998743,-0.16951763
20050290,before,1.9900302,0.33622545,1.7768292,0.94887652,0.59659507,0.19313476,-0.60984978,0.98092823
20050309,before,0.21610681,-0.010528482,-0.24797894,0.3269067,-0.032046481,-0.64220356,-0.93534051,0.02010312
20050312,before,0.11722221,0.22954378,-0.33485749,-0.069836756,-0.82642726,1.0055994,-0.91517744,-0.34381519
20050317,before,-0.66664919,0.18589113,1.4470609,-0.5794021,0.32565967,0.6687056,-0.20078511,-0.13641502
20050326,before,0.43644751,-2.4733135,2.7454448,2.2668718,1.0543987,-0.51083249,0.89472694,0.81003732
20050336,before,1.7824214,0.81167886,0.15132978,1.1796779,-1.7220142,-1.0169362,-1.4865691,-0.3393197
20050346,before,0.71965218,-1.7683686,-0.60653921,-1.3272723,1.0512255,-0.44805688,-1.156816,1.8860661
20050361,before,-0.12857115,0.55657489,-0.24948543,0.52169395,0.45483223,-0.26581544,0.45170107,-0.18920524
20050383,before,-0.78303428,-0.2445186,1.3053767,-0.36779941,0.6457476,-0.21666679,0.13395908,-0.46656986
20050389,before,-0.68934147,0.14712667,-0.34551016,-0.44201504,-0.66118432,-0.90898371,-0.89125889,-0.40619191
20050400,before,0.028867361,-0.12434189,-0.75228654,-0.49728413,1.0890881,0.15034783,0.17247322,-0.086252725
20050420,before,-0.68326546,0.26879461,-1.0697023,-0.8394416,0.35354951,2.0691905,1.2787648,-0.50735233
20050427,before,-0.10513223,-0.70414337,-0.41724153,-0.23425688,0.49967933,0.93395922,1.3017888,0.084929627
20050462,before,-0.57817092,2.360956,-1.7906329,0.76289357,-1.6428731,0.48936977,-0.56287806,0.55514587
20050466,before,-0.3800403,1.1759388,-0.08721435,0.22112073,1.8173393,0.22570197,0.3413344,0.07672122
20050471,before,0.21395426,0.30596635,0.070399774,-0.3742001,-0.2542533,1.099971,-0.16972158,1.0424184
20050485,before,-0.65527418,0.52485862,-0.11585675,0.34550386,-0.26918511,1.1270679,-0.11687971,-0.14594815
20050489,before,2.4531191,-1.6210609,0.42457907,1.5247747,0.53099496,-0.19389384,-0.80934492,0.23941664
20050496,before,-0.23328248,0.031163468,0.061856002,0.77755325,1.276654,0.89588786,-0.778532,0.58517908
20050497,before,0.89513094,0.7874908,-0.73981977,0.25634556,0.058995355,0.3882315,1.1521522,-0.8952722
20050502,before,0.12566819,-0.87107723,-1.2413432,2.5344438,-0.25511885,0.33090899,-0.56989174,-0.58913021
20050516,before,0.34797388,-0.7177105,0.22365034,0.82188382,0.068068264,-0.63799737,0.44827301,-0.23889429
20050523,before,1.3758561,2.2425256,0.8411671,3.5835697,-0.012121617,-2.549086,0.46269878,1.2366727
20050533,before,-1.5389669,0.18406097,0.6532519,-0.1730794,-0.56526975,-0.21553422,0.16248495,1.9709164
20050541,before,-0.90701659,-0.34862384,1.5330975,2.0064175,0.58030894,-0.38187495,-0.28059712,0.8737867
20050550,before,0.17138924,1.9036107,0.63515034,0.72326576,-0.36481966,-1.2407099,-0.092314641,-0.89298683
20050558,before,1.7367407,1.0355375,-1.4425319,-1.2324637,0.45017097,1.1997775,-0.31766223,-0.037871273
20050562,before,-0.39653473,0.47841897,-0.38940522,1.7050891,0.1001127,1.3465296,-1.1218764,0.96473967
20050564,before,0.12135085,1.5662532,-0.12573452,1.4959035,-0.19872716,0.094232687,1.1391036,-0.84797342
20050590,before,-0.82616788,-0.74746302,-0.18028755,0.12262478,0.18326927,-0.59180325,1.2471962,-0.68574305
20050596,before,-0.43599891,1.3462522,-0.2513178,0.079401956,-0.30694879,0.27870842,1.0760588,-1.0038909
20050618,before,-0.050180944,-0.8541942,-0.24250352,-0.085132121,-1.0356666,0.6271656,0.16809242,-0.30652987
20050636,before,0.66340618,-0.73620324,0.062117026,1.9144443,-0.3400346,-0.37297527,-0.60774909,0.27720048
20050665,before,3.9490365,1.6730653,-2.0985028,2.2363037,-0.35745021,-2.9370892,0.41213048,-0.28322411
20050672,before,-0.65738729,-1.0224958,0.12169726,-0.43771502,-0.64347966,-0.15069605,0.19455992,0.11151642
20050694,before,0.64597382,-0.42387983,-0.50679889,0.75177705,0.60120189,-1.2913449,0.76509231,-0.30700501
20050708,before,0.5481644,1.52524,-0.5625841,-0.39539699,-0.43858943,0.09349316,-0.119734,-0.55091331
20050721,before,0.87586189,-0.00076046744,-1.8968281,-0.84742588,1.4090716,0.74567492,-1.4701018,3.3137137
20050729,before,2.0973528,0.35430957,-0.96342024,-1.0892703,-0.57233637,-0.88132238,0.14417025,0.48523978
20050752,before,0.72126689,-0.10775904,-0.86367668,-0.20389301,0.039175828,-1.293267,-0.28892742,-0.8083208
20050760,before,1.7348782,0.12115223,1.2590711,0.20563655,0.66456627,-0.63661422,0.27245452,0.0057546296
20050772,before,-1.0032776,0.1025972,-0.52903068,0.29976124,0.46079493,-1.3164364,-0.12099719,-0.89335445
20050785,before,3.5548308,1.7413455,-0.7046887,0.16000176,3.4603363,3.5998258,-0.040579384,-1.0385225
20050830,before,-0.43496716,0.66025763,1.0828862,0.65308245,0.79248794,-0.21388983,0.012498104,-0.20543791
20050833,before,1.3376771,0.078252922,0.87072942,-0.94954472,0.058697747,1.0398154,1.5149202,0.93612052
20050882,before,-0.85185679,-0.19796048,1.0413178,-0.14259853,-0.084150996,0.30007283,0.065606451,-0.21734862
20050890,before,-0.76973214,0.59562953,-0.035505635,1.799068,1.3328933,-0.12386954,0.46262992,0.15553507
20050893,before,-0.89799706,0.8267284,-1.0969799,1.2588297,-0.23877058,1.6629076,0.64600928,0.20159793
20050897,before,0.79584227,-1.862258,0.48707092,2.3365001,-0.57556929,-0.44862272,-1.1747947,1.7890727
20050912,before,-0.53164698,0.66541723,2.2855428,0.026930869,0.611585,0.21538957,-0.25867344,0.23047714
20050919,before,-0.29469583,-0.61679786,-0.17459562,1.711816,0.39983669,0.26859453,-0.7404396,-0.16939184
20050942,before,1.1735625,0.91515732,0.073219452,-0.60619197,0.13014428,-0.47005449,0.39106389,-0.63353777
20050961,before,-0.10272333,0.30580757,0.175593,0.03737725,-0.35546456,-0.52080296,0.23983562,-0.40454206
20050967,before,-0.98597123,0.43392128,0.4146998,-1.0713339,-0.013901531,-0.73162676,-1.1654049,1.9699596
20050973,before,0.35675907,0.79401042,1.6218847,0.81293556,-0.81148348,-0.71376322,0.0062444461,-1.3837891
20050977,before,2.650016,0.69123547,-0.85503491,-0.27196514,-0.51835084,0.26995375,1.0002002,-0.59261371
20050978,before,0.51222418,0.26739903,1.3184999,1.3778269,0.14544976,-1.1959013,0.5616408,0.13073605
20050987,before,0.48862175,0.011206468,0.68721708,-0.20791661,0.088340181,-1.0298882,-0.12666716,0.084070344
20050998,before,-0.67281694,0.40736019,0.91008103,-0.59430486,-0.33278714,-0.073405005,-0.34706004,-0.37441058
20051008,before,0.039107056,-0.75898925,1.0946308,-0.45655931,-0.13714186,-0.12551421,-0.56203777,0.43785719
20051021,before,-1.1803283,0.12731452,2.3053264,0.026254005,0.27954109,0.27571975,-0.0029868324,1.2803414
20051025,before,0.71406935,0.13100388,-0.27536615,-0.50138598,1.4097887,-0.49231368,-0.22431701,-0.24472684
20051036,before,0.54012035,1.8462403,-0.27215534,0.090822681,-0.88211909,0.76511746,-0.26348248,0.8072104
20051041,before,0.93473695,-0.17449424,0.48647662,0.48979721,-1.0232874,-1.7380959,-0.36517785,-1.1847236
20051053,before,-0.44291502,1.9079498,0.38251966,0.19724924,0.66302591,-1.660786,0.94837689,0.0081577166
20051066,before,-0.6660681,1.7117033,0.90676281,-0.51034739,-1.1366287,1.4866068,-1.1241153,1.8828628
20051069,before,-0.013856769,0.088246859,-0.35203775,-0.20683466,-1.1116979,-0.34746866,-0.95940968,-0.55191081
20051083,before,-0.80225112,-0.18530611,0.099163,-0.83770883,0.054239966,-0.016665932,-0.93662618,-1.0325204
20051085,before,-0.60412903,-0.02388155,0.72313644,0.42757094,0.2545561,-0.36201236,0.76579904,0.90239097
20051087,before,-0.0438596,-0.19794461,-0.020536454,-0.22635713,-0.1407858,0.68541471,-0.87737028,-0.50948698
20051091,before,0.38533867,0.32963722,0.72314397,0.092714906,-1.3252387,0.31204746,0.31651177,1.4479685
20051106,before,-0.45102346,-0.10857366,-0.36385571,0.74698081,-0.22713367,-0.26263225,0.29433395,-0.45309048
20051112,before,0.13775489,-0.15953562,-0.11761774,-0.18763616,0.13492853,-0.56560592,0.44931384,-1.2232287
20051113,before,0.093398136,-0.33900673,-0.086371366,0.10860872,0.60250975,-0.79321348,-0.2804698,-1.0333792
20051116,before,0.35942108,-1.8299958,-1.2441215,-0.27238561,-0.40804497,-0.2132976,-0.24284707,1.3334769
20051124,before,-0.93949658,-0.27201806,0.0090480566,0.33757724,-0.0095338691,0.500603,-0.49081192,-0.43513993
20051130,before,-0.62292687,-0.73622691,-0.9210601,0.035911634,0.90049242,1.4068523,-0.72822779,0.093056883
20060004,before,-0.61465933,-0.81628113,0.10876087,-0.6446913,-0.69396596,-0.66866338,0.80355817,-0.39914041
20060016,before,-1.3397213,-0.35237489,-0.91284003,-0.040166479,-0.97267176,0.24478849,-0.47555071,-0.43831125
20060028,before,0.22476124,0.043314286,-0.3230901,0.0056674476,-0.28882487,-0.66486888,-1.2704123,-0.71905535
20060035,before,1.7972985,0.30850387,0.61178909,-0.24443922,-0.41080524,-0.14139504,-0.40806852,2.1978246
20060040,before,0.59463884,0.12027652,-0.079488207,-1.0291818,-1.9415556,-0.80731736,0.55616904,0.43833378
20060049,before,-1.1878578,-0.38248358,0.36542944,-0.95696965,-0.13918235,-0.69487946,-0.34841533,-1.0034637
20060057,before,-0.047931631,1.6509134,-1.5629286,-0.11667212,-6.4029384,1.5939681,-0.091448667,6.4294315
20060071,before,-0.25314967,-0.16777626,-1.2489859,-0.7498235,0.85804519,-0.11640899,-0.48837585,-1.097207
20060088,before,-0.73991211,-0.30996022,0.87391188,-1.2732777,0.29094915,-0.95650334,0.28398649,-0.69256575
20060099,before,-0.35205519,-0.42567713,0.84238147,-0.171409,0.070300484,0.30587152,-0.23564714,-0.15131075
20060104,before,-0.023253333,-0.091686141,0.91009302,-0.22438325,-0.63461352,-0.72888914,0.31501841,-0.094874807
20060138,before,-1.2545736,-0.54322596,-0.41278558,-0.75630004,0.37697726,-0.36982392,-0.68113511,0.24986462
20060146,before,-0.45546857,-0.81762173,0.59822201,-1.0371724,-0.96250966,-0.46071761,0.19217678,-0.46221273
20060153,before,-0.38217723,0.8283143,-0.8930707,1.2076775,0.55426733,-1.825364,0.5888882,-0.15552745
20060173,before,-1.1728474,0.63049202,-0.76141552,-0.16890447,-0.92224621,-0.35292005,-0.94894004,-0.60844132
20060187,before,-1.3798711,-0.84543517,-0.015650574,-0.18809893,-1.1605935,-0.31277501,1.51471,1.6561859
20060192,before,-0.7385578,-0.58669885,0.19666646,-0.47627078,-0.15242448,-0.51103853,0.43295356,-0.4333252
20060224,before,-0.072913793,-0.24980143,-0.073241846,0.6002206,-0.31565304,-0.51302605,-0.46391542,-1.7876951
20060226,before,-0.98570189,-0.45691928,0.46664326,-0.76331327,-0.34007111,-0.27217474,-1.2508066,-1.1243922
20060234,before,-0.86579754,-0.08588123,0.12404633,-0.50885452,0.50911018,-0.98169514,0.033595594,-1.0082193
20060242,before,-0.021310265,-0.11435742,-0.47849506,-1.1627882,0.099100829,0.20518257,-1.2677685,1.1244542
20060246,before,1.2664386,-0.93899338,-1.2844797,-0.96236374,1.6760079,0.58305979,-3.2630365,0.49901073
20060249,before,-0.072272708,-1.0265163,0.17999455,1.6480501,0.54393874,0.58004255,0.35968565,0.17840807
20060260,before,-0.18604223,-0.54575138,-0.17232842,-1.5340492,1.2764199,-1.1575987,2.1106692,-1.2168592
20060272,before,0.35154396,-2.078169,-0.49630618,-1.8534015,-1.2406249,-0.74726348,2.7503034,1.7561595
20060280,before,1.0719843,-1.6163719,-2.4708051,-3.6647932,1.1034067,0.79122661,1.8717728,1.7880818
20060295,before,-1.050685,-0.56696348,0.67089211,-0.2719606,-0.23617709,-0.42893701,-0.66152015,-0.46713422
20060301,before,-0.35090972,3.6927362,-1.6725505,-0.48540529,-3.5557989,2.0772562,-3.3253558,3.8620515
20060312,before,-1.1651389,-0.44167532,0.10098674,-0.80168495,0.15039142,-0.77820699,-0.068501513,-0.66030184
20060355,before,-0.70927846,0.22019844,0.62852675,-0.33666044,-1.8095285,-0.6265135,0.0036409208,-0.42596437
20060360,before,0.18313887,-0.47390178,-1.5237711,-1.9188125,1.9910258,0.77160671,-2.3308933,1.3142735
20060366,before,-0.8198825,-0.13398417,-0.60777394,-0.414752,0.3425771,-0.15675052,-0.63756864,1.7678363
20060373,before,-0.97124922,-1.4051607,0.22865529,-0.57029901,-1.3090961,0.42791727,1.6825534,0.99776681
20060378,before,-1.4713853,-2.725234,-5.2261314,-0.29828371,2.6500814,0.45613132,2.7105617,3.8719665
20060413,before,-0.15125507,0.066740673,0.035507797,0.2929326,0.27693545,-0.73597894,0.20918482,-1.2352378
20060416,before,-0.39997154,-1.1305401,0.69385895,0.93701666,-0.5113654,-0.71184081,0.5386645,0.63641282
20060438,before,-0.33077964,1.3214091,-0.26141314,0.38474043,-1.2969992,-0.083595803,-0.34884801,-0.46046029
20060442,before,0.59180328,0.15950406,1.1132256,0.89409392,-0.78194042,-0.56327606,-1.3276912,-1.403286
20060451,before,-0.17438621,0.72177289,-0.96550367,1.0717857,0.71331294,0.80479605,0.15245742,-0.10944837
20060482,before,1.768849,-1.5070339,0.73311897,0.76268198,-0.02108092,-0.3435921,0.52384992,-0.7144147
20060498,before,-0.31095584,-0.0072837373,0.56728605,-1.1918188,-0.71550059,0.55760739,-0.73955269,0.5064116
20060499,before,-0.17796106,0.17635324,0.58943468,-0.89006521,-0.49918183,0.66913745,0.72592122,-0.13607188
20060503,before,-0.74492863,0.086744398,-0.4413503,-0.67212682,0.45985002,-1.5426515,-0.89179548,0.84657899
20060538,before,-0.22031413,-0.28996655,0.67540633,0.63403357,-0.21878001,-0.89168392,0.81070397,-0.011605195
20060564,before,1.1019079,-0.5730946,-0.27268231,1.6255681,-0.5399711,1.21932,-1.3814911,1.1329172
20060582,before,2.7954514,-1.7987831,1.0919722,1.4774053,-2.606638,0.14957567,-1.1030673,-0.58004983
20060587,before,-0.97274092,-0.48159738,0.23111821,-0.30313547,0.096977488,-0.41494931,-0.19254912,0.85363187
20060600,before,-1.3470641,-0.55400804,0.89516545,-0.67357925,-1.1425976,0.0586584,0.99888362,0.11054011
20060620,before,0.39741359,0.52265982,-2.2878768,-0.80483424,1.2584422,-0.069235739,0.10442651,-0.27802035
20060645,before,0.89827639,-2.3341092,0.763897,1.4004619,0.35878355,1.3988348,-0.98740619,-0.65496284
20060654,before,-0.69751765,-0.7934164,-0.70592708,-0.92550236,0.65567641,-0.43406846,-0.63963283,0.78452647
20060661,before,-0.81512667,-1.0382463,-0.97416733,1.7157357,0.68827804,-0.044090294,-0.21478553,-0.59297452
20060668,before,1.3418297,2.0283607,-0.21712549,1.9981095,1.416249,-3.1200941,1.5610843,0.16594732
20060669,before,-0.17112621,-0.40795974,1.2654868,0.14993145,-0.18626103,0.64701318,-0.47184013,1.1285872
20060680,before,1.224163,-1.8393737,0.30045209,1.9491718,0.12258111,-0.33886724,0.70847582,-0.30799979
20060708,before,0.011658539,1.2600552,-0.92641994,0.29803049,0.28391662,0.16722126,0.57327669,-1.8555696
20060715,before,-2.1266951,-0.73352236,-1.2138331,1.1235326,-0.99930825,0.30437813,1.8952201,2.5304869
20060731,before,-0.51309667,1.2219875,-0.076449756,-0.45855591,-0.22485105,-0.71904881,-2.3276318,0.77374815
20060739,before,-0.18651187,1.1795883,0.74976669,0.99051742,0.1779533,0.2252002,0.20400945,-0.49795281
20060749,before,1.3334613,1.5270421,-1.422261,0.98970898,-0.19332291,-0.71565388,0.38390505,-0.61470379
20060761,before,1.5683929,0.93781701,2.2403268,-0.065435966,1.4102172,-0.54565177,-0.47003257,-0.25615941
20060769,before,2.2238187,0.95361977,0.31063025,-0.18342638,-0.57237386,-0.74126746,-1.0565812,1.4493447
20060772,before,4.8976865,-0.60711427,0.87838378,1.2415867,0.0071430222,0.57937796,-3.7886625,1.2353608
20060783,before,0.32750389,-0.8764029,0.11349665,1.1542169,-0.18154009,-0.29200836,0.76787323,-0.12157861
20060787,before,1.3658019,1.4774273,-0.43522167,-1.4620102,0.54955927,-1.0857659,0.22264978,0.61677867
20060799,before,0.34386741,-1.4296806,-0.61205158,-0.8924361,0.60899328,0.91243926,-0.67885547,0.6779883
20060823,before,-1.1659131,0.14930179,0.24872469,-0.29786528,-0.20314711,-0.1496148,-0.099734006,-0.84306918
20060827,before,-0.89270458,-0.15217626,-0.41250773,-0.34678628,0.58713431,-0.76482646,-0.19516481,0.79910095
20060829,before,0.039566861,0.32500083,0.54693843,-1.4363986,1.0011568,-0.018580383,-0.48912488,-0.06183338
20060832,before,-0.61388602,0.86572439,0.057916852,-0.21760424,-0.31161455,-0.50348917,-0.31812257,-1.2286801
20060849,before,-0.11973537,-0.93659656,-1.3615747,0.44181999,0.68432339,-0.090939667,-0.79759029,-0.015964248
20060862,before,0.85410392,0.62172,0.8002506,-0.89999178,1.7377046,-1.6224804,0.42628609,-0.24410826
20060872,before,-1.2065302,-0.067756634,1.6146767,1.4491207,-0.43964591,-0.47007169,0.79437828,1.7384006
20060891,before,3.7746239,-2.0149248,1.1401087,3.7347714,-2.1976762,-0.47924089,0.40606128,-0.54948428
20060903,before,-0.33437475,1.4907665,0.72033779,0.82050986,0.87360604,-1.2553824,1.0316794,-0.71293549
20060907,before,-1.1970478,-0.44315394,1.2661866,-1.500554,0.059038034,0.67415167,0.33859275,-0.93926591
20060913,before,1.2051927,3.3751909,-2.8153724,-2.3189187,1.2970338,-0.61606726,-1.6839634,1.927869
20060927,before,-0.42181313,0.97846108,-1.5703919,0.97768518,-1.1107054,0.10912049,0.94346579,0.48827589
20060929,before,-0.10511434,0.012587825,0.25785668,-0.12220554,-0.087287903,-0.2843687,-0.64737404,-0.7398079
20060942,before,-0.94036771,0.62324046,-0.30269033,-1.0307032,-0.52196594,1.5293692,0.18422453,-0.27249734
20060946,before,-1.2912492,-0.47124884,0.65288884,-0.75748727,-0.24271807,0.14664896,-0.61321323,-0.56512284
20060991,before,-1.3364459,-0.28300707,0.51696549,-0.081088836,-0.79189708,-0.69989966,-0.13163831,2.0541225
20061022,before,0.078577874,1.4453631,-1.2020755,-0.76984389,-0.076180757,0.075071128,1.6072171,-1.5463322
20061034,before,0.66624675,-0.46408166,-1.0565613,-1.8085742,0.41168973,0.19034861,0.88340079,-0.11063708
20061056,before,-1.3041862,2.1229455,-0.64531359,-0.47435731,0.09988318,1.4965889,0.11739393,0.31535361
20061067,before,1.2202991,0.47006064,-0.30095459,0.04739892,-2.5228684,0.44052974,-1.749748,-1.564956
20061079,before,-0.21582807,-0.838636,0.68369389,-0.79849159,-0.038010976,-0.29551473,0.1189778,-0.82847692
20061082,before,-0.090478512,-0.25450529,-1.4607623,0.67642308,-0.67926103,-1.255258,-1.6092353,1.2616189
20061096,before,0.3742375,1.1076421,0.46513006,1.1112088,0.67252117,0.52241702,0.63592103,-0.18096552
20061098,before,-1.1498974,1.8588405,2.9679373,-0.50077057,0.77515175,-2.9087402,1.8831009,2.9229512
20061101,before,-0.89714808,-0.62866393,-0.18854577,-1.1623161,1.5455291,-0.99664479,0.44693139,1.2134219
20061109,before,0.18444464,-1.2833118,1.1739151,-0.80921764,-0.61987758,-0.15997465,0.4758794,0.23690491
20061116,before,-0.89449237,-0.35914184,0.4628409,-0.14927824,-0.67317886,0.65431982,-0.71021199,-0.24833979
20061127,before,-0.71789277,0.81447118,-0.93336709,0.051191609,-0.44558497,-0.077857341,-0.97286146,0.095815772
20061128,before,-0.48826823,-0.73552277,0.62734279,-0.89706004,-0.55689811,0.81702442,0.18256908,-0.79524904
20061148,before,-0.91732585,-0.065317175,-0.67021437,-0.21475559,-0.3643039,-0.076376154,0.43402579,-0.65986003
20061156,before,0.08432026,0.53921822,0.043706445,0.52577423,-1.1156626,0.41129434,-1.6574039,0.85201187
20061157,before,-0.59506494,-0.87604995,0.94189605,-0.51375831,-0.1925194,1.0767332,0.30655624,-0.15119551
20061185,before,0.20851543,-0.40623045,-0.38737077,-0.40028767,0.24599654,-1.516773,-0.023610131,-0.64442033
20061195,before,-0.66213205,-0.53578958,0.04332643,0.35707583,0.39612163,0.61854751,-0.22197906,0.68072764
20070032,before,-0.95291882,0.99923634,-1.8429543,-0.68841336,0.34134681,0.22447413,-0.066482615,0.97578173
20070046,before,-0.72807104,-0.69477877,-0.72946285,0.91859995,0.046262397,0.0339776,-1.0204906,2.5867597
20070061,before,-0.02161138,-0.15766353,-0.45520882,0.50026994,0.44663308,-0.30786074,0.44509049,-0.94916453
20070084,before,-0.095620413,-0.18182101,0.19323565,-1.591806,-0.35673076,-0.43344747,-0.095991765,0.026760973
20070092,before,-0.099037107,-0.30691818,0.42483324,-0.38131086,0.41830311,-1.1189517,0.052339505,-0.75301418
20070094,before,-0.18243543,0.041527897,-0.35358374,-0.69134117,0.65970736,0.15137571,-2.0712758,0.15204706
20070106,before,0.10170361,0.58061628,0.16105185,0.8206929,-0.36947435,-0.74279406,0.3293528,-0.27674156
20070108,before,0.88055423,1.3901956,0.097882641,-1.6136796,2.4709007,-0.51172966,2.5589384,-1.1967488
20070131,before,-0.78083485,0.76452994,-0.22327737,-0.032897197,0.71559849,-1.7740452,0.86574531,-1.0134172
20070132,before,0.95943784,1.5520033,-1.1060208,-0.17439045,2.1654083,-1.0654741,0.39782967,0.090831529
20070135,before,-0.0011566305,1.0474284,-0.37429806,0.51928166,-0.19425502,-0.14017408,-1.1499074,-0.93085984
20070139,before,-0.14810745,-0.12781868,1.2227976,-0.45537504,-0.93860589,0.40079925,1.1749027,1.0896111
20070173,before,-0.097267551,-0.83287311,-2.0179459,0.88108863,0.52340375,-0.92612379,-0.12461372,-0.054061331
20070177,before,0.78637512,0.19344889,4.0092755,0.18935851,2.2499993,3.1526035,-1.4222033,0.97354086
20070187,before,2.0610936,1.795773,0.52146048,0.88762887,-0.93157708,-2.5235309,-1.0826989,-0.76918422
20070195,before,0.35932007,0.72169041,0.79905746,-0.93615367,1.3057353,-1.16578,0.48955144,-1.1354157
20070197,before,0.21446698,0.36495783,0.63221383,0.81393788,0.0016109784,-1.2335434,0.26411724,-1.0124484
20070202,before,-0.44799393,0.35745308,0.76626385,-0.03354707,0.14940095,0.014572161,0.56753758,-0.27515693
20070219,before,0.63178902,0.49546416,1.1070211,-0.43412757,-1.787736,0.49141454,0.60510132,-1.5458631
20070231,before,-0.90774809,-0.19731604,-0.80472162,-0.41061042,0.16070307,0.083238909,-0.16326617,-0.41140729
20070250,before,0.27988023,0.29300595,-0.24026446,-0.34013024,-0.1162732,-0.38931296,-0.52997574,-0.76420973
20070262,before,0.314756,0.85619143,0.40855705,1.0276268,0.51199729,-0.35475262,0.2874654,0.034937077
20070265,before,1.5010629,1.6877273,-0.31795756,0.79513211,1.1454119,-1.1492531,-1.1095418,-0.25091507
20070288,before,0.5773982,0.78655343,-0.86864153,1.3214926,-0.047610326,-0.29424979,1.1299398,-0.72358139
20070296,before,-0.37890526,-0.12979164,-0.86013338,-0.90419383,1.9798985,-1.47441,0.86389842,0.012892059
20070304,before,0.73587307,0.77087412,-1.318166,-0.93242006,0.45828931,0.50922723,-0.0806194,-0.90149469
20070305,before,1.6006267,2.1934436,-2.2317291,-0.30898074,1.2463522,2.0167998,-1.1967222,-1.11162
20070308,before,-1.4667442,2.6667033,-1.2950363,0.66716165,-2.5694011,-0.39725179,0.37994374,1.8429387
20070316,before,0.40943676,0.50032482,0.14400904,0.5293703,0.73477144,-0.11224474,-1.1619432,-0.28939274
20070322,before,-0.36077116,-0.34686076,-0.1150915,0.051222595,-0.3552323,0.77946091,-2.2303777,0.12392985
20070327,before,-0.86988956,0.26332645,-0.0083225274,-0.79204985,-0.11804499,-0.61185505,0.18036904,-0.65382792
20070340,before,-0.60932018,0.99116767,-0.37301574,0.41593813,0.49826513,-1.0621246,1.5834535,-0.52376132
20070346,before,0.58269909,-1.3072894,-0.63410083,-0.43111132,-0.35146569,-0.62457065,0.17503626,0.59133914
20070387,before,0.51686221,-0.1531834,2.4457324,1.6521567,-3.762503,-1.1732528,3.8382541,3.4705651
20070399,before,0.59615011,-0.94196228,0.79390528,0.11061503,-0.088688339,-0.3018885,-0.87504025,0.37505935
20070416,before,0.33182024,0.36504385,-0.82423868,-0.35267312,0.97129527,-0.33466657,-0.021591932,-0.88276211
20070434,before,0.94819849,2.005137,2.3826939,-0.69950907,0.11901744,0.81686961,0.58334144,0.21392209
20070443,before,2.8404267,-1.2205965,-0.17670299,-1.7354821,-0.8642146,2.1205886,0.021804068,-0.13956543
20070457,before,0.5137753,-0.65037464,1.9400387,2.1368579,-0.42381002,-1.8968159,0.19017849,0.54674616
20070458,before,0.2226851,-0.011062667,-2.208384,1.6477457,0.98662825,-1.6338631,-0.28219634,-2.8931791
20070474,before,-0.28599325,-1.0747947,-0.60118574,-0.57577448,-0.67230094,0.099724923,-0.47526777,1.7853575
20070492,before,-1.0641105,0.1105767,0.25946934,-0.35100083,-0.16157772,-0.76795647,-0.46353136,-1.2322307
20070498,before,-0.91324617,0.14468091,0.71391509,0.95516481,0.43005734,0.44436684,0.79334741,0.5511127
20070506,before,-0.19375569,-0.1397472,0.86081401,-0.112851,0.64402413,1.5976796,0.80234595,0.45440015
20070509,before,-0.45460959,-0.36895562,-0.64724971,1.5910853,-0.0066253156,0.15844522,0.093414261,0.51191302
20070518,before,2.9288107,-3.4653291,-2.7327324,1.2982687,1.0124913,-0.062134518,-0.84946261,1.6523131
20070519,before,0.87760413,1.0576265,-1.4111194,-0.065927441,1.6776423,-2.5142853,0.90749226,0.82468417
20070528,before,-0.93179897,0.076205616,0.052890906,0.068013814,-0.11209719,0.6970594,1.2950352,-0.69490905
20070530,before,0.01978286,0.76766731,-2.0049293,-0.62634426,-1.5660672,2.4813797,0.45142394,-0.16380853
20070532,before,0.033470162,0.47881482,-0.84201825,1.4437993,1.1829665,-0.11963088,2.2361826,0.73426195
20070557,before,-1.1089429,-0.79624663,-0.79245653,0.48201937,-1.0265318,0.94452347,-0.19775872,-0.391438
20070562,before,0.42432512,-2.2535148,-0.35116132,1.6672689,1.1648305,0.91240421,1.7400671,-0.53547027
20070573,before,-0.72576406,0.19871534,-0.16826906,0.20116933,0.0093116982,0.3557325,0.45354444,-0.55205589
20070575,before,-0.90952804,-0.047283279,-1.2657019,0.45703383,-1.4386913,2.0007128,0.40291282,-0.038639219
20070584,before,1.2375646,0.9523278,3.1359692,0.71524382,0.25256367,-1.7196392,-0.73269876,0.69099563
20070608,before,0.36418116,1.2054033,-0.99451927,1.1047156,-0.39131578,-0.46881433,-1.1011175,0.55532869
20070615,before,-1.1066178,0.070219683,0.81848063,0.30886978,0.78622176,-1.4796029,-0.075391901,1.0125353
20070633,before,1.1322945,0.66793236,1.0131678,0.87276996,-0.73708399,-0.35214613,0.6347794,0.53659689
20070643,before,1.9148306,0.92870432,-0.92763926,-0.20919704,0.060317424,0.72973078,-0.57388165,-0.073687363
20070648,before,0.78858065,-1.5221196,-1.9536916,3.1230529,0.00026503668,-1.3072635,-0.2088694,0.29549928
20070695,before,0.64615788,0.75762772,-0.4730993,0.21000242,-0.20178456,-1.1022809,-0.39691847,-0.30929262
20070715,before,2.3917195,2.6299572,1.2593372,0.56401717,-0.82593294,1.0566551,1.5739483,0.86672157
20070732,before,0.22615091,-0.68807853,-1.3569081,-0.86362157,0.66627421,-1.0996967,0.63390477,1.6455385
20070766,before,0.15409237,-0.62107443,-0.010686722,0.39680035,-0.019508389,-0.31007683,0.055123316,-0.02953617
20070774,before,0.34310504,0.19049077,0.28298289,3.404899,0.81130825,0.082872293,-1.3719886,0.63738218
20070781,before,0.64117661,0.6697768,-0.12326255,0.24199924,-0.35266166,0.66792144,-0.70949951,1.4782395
20070798,before,0.37314384,1.7317811,-1.042977,1.3915169,-0.65994091,0.076085518,-0.75745087,0.55852065
20070810,before,0.48859684,1.7021056,0.25498618,-0.092117248,0.035158912,-0.25327904,0.22095834,0.39247459
20070855,before,2.486341,1.0578647,-0.62193139,0.29184053,-1.7676922,0.65631751,1.1669002,-0.75406469
20070882,before,-0.019877475,2.4944514,-0.77375081,-0.26270729,-1.9127844,-0.054735541,-0.77045176,-0.72894191
20070889,before,-0.65468537,0.39062776,-0.78788878,0.63210621,-0.11150016,2.0477828,0.13813179,-0.35856968
20070922,before,0.58500436,3.0263514,0.67127341,0.016488722,0.55374374,-0.85556156,0.66928819,-0.30808987
20070935,before,-1.361527,-0.88815107,0.18319635,-0.087162613,-0.74480059,0.1960603,-0.13501403,0.17995586
20070941,before,-1.1015587,0.19595091,3.9155646,-0.48441834,0.67929514,0.62781607,0.59162669,2.2114671
20070960,before,-0.78130339,0.27267117,0.28803561,-0.057589195,0.093689873,-1.5619882,-0.074832412,-0.64637663
20070974,before,0.43681952,0.22945078,0.22539142,-0.56533635,0.25833333,0.59288079,-1.2885465,-0.48363097
20070989,before,0.5288345,-0.58597113,-0.07103172,-0.20094112,-1.0458359,-0.53811726,-0.61840347,1.3918392
20070997,before,0.59907563,0.83695362,1.3249885,1.1499668,0.68901942,-1.0374713,-1.4963703,0.30385641
20071009,before,-0.10451078,-0.66164024,2.5106759,1.2394246,1.5131799,0.098168642,-0.27951802,0.90162935
20071021,before,-0.7487517,-0.66806974,0.15112175,0.85781349,0.43708333,0.29201705,-0.56645102,0.15216295
20071026,before,1.5056322,1.7744514,0.71275964,-0.36958614,-1.0819425,0.080298053,1.0074076,0.36342926
20071033,before,-1.0091189,0.56757038,-0.0079532158,-0.36306758,-0.54854851,-0.38113175,-0.46737798,-0.36804835
20071049,before,-0.59257859,-0.75184333,-0.018639382,-0.90400047,-0.23294561,-0.38291655,-0.81823535,-0.88281442
20071055,before,0.82825614,-0.26291176,0.14178478,-0.96074034,-1.7745981,0.99163387,0.30250885,1.0868878
20071068,before,0.18363118,0.0063752164,-0.058137761,0.42337167,-0.57430952,0.022526861,-1.0150136,-0.95837916
20071071,before,-1.2910363,-0.99215303,-0.34296188,-0.1907992,0.50534018,-0.46579932,1.5409251,1.4434948
20071088,before,-0.37214192,0.055946462,-0.12559977,-0.026843586,-0.48799095,0.75641164,-0.23834256,-0.90569916
20071095,before,0.51954041,-1.0601166,-0.42670143,0.69940709,0.17553419,0.026563844,-1.0383144,-0.46513641
20071099,before,-0.41020032,-0.070883413,-0.46762604,0.79041976,0.25595506,0.20422654,1.524476,-0.098636003
20071100,before,-0.45667423,-0.59043815,-0.32757525,0.30547515,-1.146316,0.43736948,-2.257553,0.67695643
20071104,before,1.3601628,-1.108818,0.52768992,-0.047817484,-0.69600458,1.6824912,-2.28843,-0.9125667
20071109,before,-0.04026286,-0.84933429,0.74480343,0.59486709,0.86190671,1.9853405,-0.95999669,-0.4135141
20071110,before,0.082300512,-0.90142366,0.73574414,-0.15735902,-1.2640042,0.18094437,-0.32544448,0.041354736
20071134,before,-0.33063465,-0.89264883,0.91124526,-1.6371226,0.39609968,1.0119021,0.10773055,-1.5279559
20071139,before,0.28518593,-0.5551387,0.65553364,0.0096555805,-0.92617325,-0.74241295,-0.62993637,0.091095
20071141,before,-0.30780752,0.011625872,1.105631,-1.0981914,0.26354328,-0.64832617,-1.0055438,-0.71149278
20071149,before,-0.49493005,-0.60264496,1.1513674,-0.6293922,0.21093451,-0.5497079,-0.19132102,-0.55899038
20071156,before,-0.74552952,-0.27506341,-0.037027751,-1.2216069,0.44402812,-0.52779559,-0.47044832,-0.034274879
20071163,before,-0.9697381,-0.20827056,0.75351942,-0.86928505,-0.17020645,0.17783585,-0.78146574,-0.88621053
20071164,before,-0.62295546,0.27652288,0.10499115,-0.7090016,0.54295067,-0.044488986,0.50605309,-0.38489562
20080009,before,0.12971189,0.77810394,-2.251242,0.94169794,-0.53305288,0.48165022,0.34153787,-1.6834573
20080010,before,2.3952722,-2.1960105,0.33707381,0.80992782,2.673466,1.4690439,-1.4934509,-0.17859644
20080014,before,-0.36947302,-1.0468585,0.56420076,-1.1556439,0.25268818,-0.12731816,0.24132628,-0.77984394
20080015,before,-0.38341875,-0.56348009,-0.31568191,0.60305642,-0.070093271,-0.10653274,-1.3048433,-0.31519634
20080021,before,-1.3548611,-1.0364639,1.2237795,0.25770199,-0.25336947,1.2240493,0.10244048,0.48093743
20080029,before,1.2128288,-0.46253275,-0.94477468,-0.5637793,-4.5858878,0.66593056,1.7759038,0.98157467
20080041,before,-0.2310761,-0.053491645,-1.3425138,0.79153494,0.021135751,0.74077295,-0.11616285,-1.8081269
20080050,before,-0.67623931,-0.56619216,2.0868099,2.5138667,0.057182089,0.021618299,1.0992398,2.2122515
20080071,before,-0.72057905,0.78558685,0.92725229,-0.10746192,0.23027386,-0.33796237,0.40175849,-0.2673045
20080093,before,0.0067448415,0.78952476,0.21633379,-0.057774846,-0.41465258,-1.3426298,0.41183053,-0.96892445
20080105,before,0.84997581,-1.5087117,1.7006589,0.21706605,-0.9798558,0.85703921,0.9595531,-0.38827043
20080109,before,-0.32021059,-0.82143157,0.069810326,-0.0014171451,-0.39666129,0.81522928,0.0051949692,-0.63623084
20080124,before,-1.1209154,0.13017012,-1.0102682,0.30082302,-0.2902668,-0.53598044,0.38416468,-0.83438076
20080126,before,-0.44246888,-0.16420808,0.42534846,-0.49421353,-0.22112161,-1.1203325,-0.69551024,-0.25733926
20080139,before,-0.60762281,0.42357906,-0.84840986,-0.073670481,-0.16978207,0.89770845,-0.23151803,0.38524573
20080152,before,-1.2765349,-0.76226808,-0.028544137,-0.054066805,-0.1887159,-0.94216101,-0.18305897,-0.43553848
20080158,before,-0.74947663,-0.71534027,0.56093381,-1.2013348,-0.20507471,0.15481398,-0.21505783,-0.24673036
20080170,before,-0.92021063,-0.41527899,0.070308721,-1.1821211,0.23020728,-0.87384433,-0.38897885,-0.99162309
20080192,before,-0.58412046,1.905502,-0.15714517,-0.65861809,-0.22333261,-0.82587734,-0.24748054,0.93721437
20080197,before,-0.15211027,-1.1457148,0.48240687,-0.031816102,-1.4344185,-0.33989182,-1.5678426,0.82943969
20080204,before,-1.0336384,1.7434576,0.28944344,0.3541609,-0.046741732,0.47709563,1.3280976,-0.50070131
20080216,before,-0.834757,-0.24326925,0.32912115,-0.44268756,0.16547452,-0.066023267,-0.15314537,0.73438629
20080240,before,-0.55997131,0.46166092,1.6631137,0.028779375,0.60006715,0.16625114,-0.8393486,0.083268369
20080258,before,-0.95159759,-0.34158033,1.178243,-0.54617168,-0.079945765,0.59273274,-0.014283552,-0.040572784
20080288,before,-1.1169172,-0.20199036,0.47699921,-0.74527653,-0.0049960112,-0.67389892,-0.40920525,-0.85696023
20080297,before,0.53041846,0.35021294,-1.5408076,2.2553255,-0.16716595,1.1496834,0.75836509,-1.7628932
20080318,before,-1.0012841,-0.49357009,0.25871452,-0.16950054,-0.062511705,-0.20428447,-0.49949059,-1.1650756
20080328,before,-0.58492012,-0.18069583,0.080618051,-0.91956803,-0.032164015,-0.43524493,-0.24919879,-1.1704735
20080344,before,-1.2395251,-0.43524884,0.14888896,0.28319196,-0.31852415,0.33848636,0.10748208,-0.70827969
20080347,before,2.5275878,1.0134866,0.079599736,0.25376756,-1.4429308,-0.71235042,0.2641596,-0.53455868
20080381,before,-0.64200955,-1.1432304,-1.548331,0.087482182,0.58776274,0.1446305,-0.074706165,0.047718076
20080393,before,0.01467412,-2.5928397,-2.7381261,0.45844594,2.5164423,1.8768456,1.4239173,0.57192735
20080396,before,1.6534678,0.31659511,-0.74240744,4.5978858,0.98537499,-0.99927351,0.67421968,1.1081354
20080425,before,-0.41251455,-0.32118278,-0.5102135,0.12590457,-0.26977813,-0.045284957,0.17465466,-0.039208572
20080434,before,2.9434358,-3.4400982,1.3817668,0.7400429,-5.6491383,-0.93871726,0.8633785,-0.29933997
20080440,before,1.619809,1.0404963,-1.2572224,-0.17075428,0.92469738,0.24102316,-0.46228315,-0.74855853
20080443,before,-0.29262779,0.46698971,1.1838959,0.48562304,-1.1881942,-0.7237844,-0.25051841,-0.28445318
20080468,before,2.9904697,-0.61852952,0.25035843,-0.83049911,0.98334475,1.4525585,1.288369,-1.8947732
20080480,before,1.741928,-0.78348236,-0.16410543,1.6559847,0.13044627,-1.3139796,0.33977659,-0.33237155
20080485,before,-0.11720405,-1.0244863,-0.76246816,-0.37808951,0.23139349,-0.51483451,-0.4781367,0.27193092
20080491,before,2.1844915,-1.5606548,0.74712559,0.36023907,-0.89716362,-0.10595977,1.0733472,0.61106415
20080501,before,0.018369596,0.34443369,0.72608746,0.6920377,0.033995496,-0.84597854,-0.16338948,0.24764419
20080534,before,-1.0085606,-0.63569722,0.63989092,-0.41553209,-1.2810993,2.4557393,-0.17174745,-0.2622464
20080542,before,0.18826685,0.6011508,-1.8293194,1.8772425,-1.3348404,0.81893341,-1.0533923,-0.98363387
20080566,before,0.15778276,-1.0219467,0.25864801,-0.45369737,-1.7879553,-1.0242956,0.3961079,0.31336106
20080567,before,0.28308007,1.4898229,-0.78702697,0.56509781,1.1773613,2.520596,0.0020473076,-2.4231885
20080573,before,0.1447268,0.5610626,-0.59503291,0.073481599,-0.32655961,-0.12504486,-0.32683147,0.78366318
20080590,before,-0.046879124,1.0501047,0.41131707,1.3601732,0.039136773,1.6572834,0.23173071,0.15963004
20080640,before,-1.195498,0.067320153,0.31887944,-0.14066889,-0.50266032,-0.35831917,-1.1040703,-0.78451873
20080642,before,-0.97349489,-0.16528605,1.39207,1.3916541,0.12263253,0.12775876,0.10873293,0.63674253
20080647,before,-0.74163225,0.34499972,0.29163282,-0.48085532,-0.62373903,0.73533006,-0.32699779,-0.77121597
20080649,before,-0.2246306,1.1344634,1.0592859,-0.10655198,-0.14708678,0.27777615,-0.1993273,0.43157446
20080651,before,0.48760932,0.80923739,1.1627595,0.78513543,0.47033149,1.0458759,-0.24250143,0.54010678
20080660,before,1.5914312,1.1889337,-0.22518274,0.93025776,1.5352374,-0.8109097,0.35513131,-0.41317485
20080662,before,0.92857749,0.44426324,0.34005644,0.23897254,-0.24946623,-0.54900243,-0.67136409,-0.17568097
20080672,before,-0.63960759,0.85443317,-1.2145813,1.6185314,0.40808119,-0.70773897,0.93633688,-0.5656689
20080677,before,0.53962002,1.1957222,1.0003829,0.13455374,-0.17791561,1.2698785,0.88587552,-0.28271173
20080689,before,-0.59341029,0.39995867,0.042261898,-0.41079411,-0.2451108,0.51420788,-0.20882847,-1.0669787
20080710,before,-0.6341728,0.88334925,1.2876038,-0.89942301,0.53600176,-0.92639809,0.19872002,-0.7269299
20080717,before,0.82473141,1.5170757,0.24246556,-0.16127085,-1.0704047,1.7252676,-0.077503742,0.33434319
20080726,before,0.0765265,-0.077148927,-1.4535545,-1.4326834,1.9303547,-0.38269424,-0.48126133,2.2485695
20080743,before,-1.6052011,-0.76283308,-0.44434526,0.014085372,-0.53527572,-0.16297918,0.20797033,1.0475903
20080774,before,0.67566318,-1.0885903,1.7992466,0.61751398,0.46419307,1.0093909,-0.3282052,0.16763877
20080794,before,-0.84048993,0.40985734,0.25950256,-0.60923089,-0.11786678,-0.33964656,-0.12562088,-0.87374356
20080807,before,-0.055386571,-0.33191233,0.81074275,-0.44281855,-1.0987152,1.5504214,1.0492622,-0.3226648
20080823,before,0.36166026,1.0891174,-0.40661979,1.2494225,-0.62358008,1.6413035,-1.9565278,2.6701645
20080829,before,0.28279585,-0.70614571,-0.051795394,-0.38826731,-1.0771557,-0.95220934,0.50267901,0.2506635
20080837,before,-0.92948153,0.28015778,-0.19077052,-0.77899273,-0.25669547,-0.63806909,0.77698615,-0.41916263
20080849,before,-0.80605695,0.43354973,0.29012374,-0.67370515,-1.1413938,0.80230001,-1.6790951,1.1949651
20080867,before,-0.13973352,-0.037600404,-0.22692765,-0.41847151,1.3663644,-0.29593336,-0.31538675,-0.3943518
20080882,before,1.6611138,-0.75403819,1.0298213,0.12097966,-1.0861884,0.47765381,-0.092151784,0.84563846
20080889,before,-1.0486513,-0.24546732,0.34963784,-0.26232344,-0.02256772,-0.52431276,-0.50692989,-0.61680201
20080894,before,-0.35271723,0.85496333,0.015277811,-0.56746111,-1.6515357,-0.37947718,-2.3846669,1.3557826
20080898,before,-0.79570287,0.15741917,-0.12415101,0.33637399,0.54187119,-0.57612782,-0.16655825,-0.27155501
20080923,before,-0.61673157,0.89189766,0.70412655,0.37445759,0.91351948,1.0739727,0.2763693,-0.24517309
20080924,before,-0.015897279,-0.49720918,-0.88479614,1.1574467,0.5778556,1.5292968,0.30760048,0.52750066
20080943,before,-0.64911923,-1.5295801,-1.564697,-1.3032788,0.73265115,-0.74436412,0.3827695,1.8438467
20080945,before,-0.048733002,-0.21746279,-0.11437979,-0.71580594,-0.018607779,-0.75194185,-0.30586717,-0.68880204
20080959,before,-0.92458044,-0.38531022,-0.57823205,0.40547625,0.30744075,-0.19019662,-0.82131522,-0.73738683
20080964,before,0.43187731,0.56834732,-0.86252469,0.75006945,-0.34287832,0.85949446,-0.59941873,-0.20448578
20080967,before,-0.44081782,-0.22662985,1.0387688,-1.1569597,0.20908564,1.1570361,-0.3677729,-0.52312235
20080969,before,-0.96462339,-1.1263119,-0.80769007,0.50588153,0.22662321,0.41329215,-0.37663899,0.12427111
20080975,before,1.089157,-2.7747358,0.54548414,3.0423601,1.2677637,3.3525273,-0.65799397,-1.2676288
20080979,before,-0.83051154,-0.55188648,1.031864,-0.94601244,-0.30922422,0.64335023,-0.19933784,-0.41103985
20080982,before,-0.97776442,0.12906443,-0.46006674,0.42332688,-1.1674664,-0.31326861,-0.83247881,0.58231335
20080986,before,1.1952775,1.6359455,-1.0823089,-0.81115806,-0.28128204,2.7408433,-3.4765774,-0.36052126
20080999,before,-0.97429168,-0.20472491,-0.39547518,0.54346095,0.36994795,0.27517927,-0.25377239,-0.95188235
20081004,before,0.0079092441,-0.53822902,0.095882066,-1.4715596,0.30579591,-0.0032583379,-0.084908404,-1.3890144
20081010,before,1.1379368,-1.0686649,0.55419931,0.83715929,-1.5794455,-1.0390348,-1.5449876,-0.57518402
20081020,before,-1.154117,-0.35547096,0.045049315,0.080712713,-1.1659067,0.22575147,1.0340406,0.52712368
20081022,before,-1.3683555,2.8981796,-1.4166105,0.51694731,-1.4860971,-0.10778129,-0.25865553,2.5223506
20081041,before,0.31102939,-0.86665272,0.44136941,-0.42158829,-0.32450136,-0.64649044,-0.063925139,-0.71521637
20081078,before,-0.41482253,-1.2530392,0.47270476,-0.37112061,-0.29013222,0.30292396,-0.2850438,-0.39868733
20081095,before,-0.82770383,-0.035182728,-0.62367772,1.0279487,0.53022106,-0.53776968,0.020746033,-0.50213507
20081103,before,-1.1948599,-0.23602669,0.31915284,0.30489972,-0.11252209,-0.7561093,1.0460317,0.58921155
20081122,before,0.30918774,-0.32514578,-0.57987788,-1.5362562,0.19453417,-0.15869077,0.070018002,0.42090637
20081132,before,-0.5772496,-0.21331355,0.53231998,-1.3442823,0.28006164,-0.14788142,0.092041695,-1.3463452
20090004,before,1.1475651,0.70565047,-0.50562808,-0.24013688,0.72786817,-1.0171036,-0.9393557,-0.6846417
20090014,before,-0.80968191,-0.41684261,-0.87175964,1.4803029,0.20134079,0.64108188,-0.6562756,-1.0897042
20090017,before,0.59538225,-0.45292624,-0.021645661,1.6945252,1.4068374,-0.5572517,-0.090658236,-0.7307611
20090020,before,-0.15707485,0.48374329,0.51202728,-0.2668327,-0.077197914,0.58092722,0.30227795,-0.71459696
20090026,before,-0.67745759,-0.016758175,0.88035196,-1.1186017,0.33181471,-0.79065559,-0.80399754,-1.070931
20090033,before,-0.5379585,0.008203129,0.024015307,-0.042305855,-0.14712601,0.44015229,0.09685719,-0.13054794
20090041,before,-0.86161561,-0.31972901,0.38143848,-1.0677672,-0.023046898,-0.10728287,-0.681717,-0.60931412
20090049,before,-0.32737264,2.5566882,-2.2699899,-0.3641719,-0.67662117,1.2565571,-3.1324674,4.0203494
20090078,before,0.33047213,1.451954,-0.88313094,-0.19106962,-1.2199246,0.65896377,-1.4664101,1.4185944
20090090,before,-0.77875711,-0.82674294,0.0040939488,-1.2819316,0.093326055,-0.71501576,0.37537677,-0.30677179
20090111,before,0.81035864,-0.49793441,1.902109,0.12954722,0.97667964,0.87262971,0.50926803,0.33479696
20090130,before,-0.44480418,-0.26054227,-0.27520599,-0.59994467,-0.29983457,0.48689674,1.7034809,-0.85423044
20090133,before,2.2427335,0.15271733,-0.58811594,-1.9820169,2.3564632,-0.39518067,0.18256387,-0.095064823
20090164,before,-0.38442346,2.2137236,-0.84958168,0.92361377,0.19812797,-0.15127492,0.55220454,0.49588011
20090175,before,1.3102155,-0.65610271,-0.20150394,-0.48728895,0.81516589,-1.9158305,0.65594364,-1.0011037
20090187,before,0.48443904,-0.13864431,-0.41902613,-0.14803074,-0.71425603,0.40013246,-0.88120686,-0.080744425
20090193,before,-0.57384308,-1.4298202,0.18096791,1.4595875,0.18507657,1.2259758,-1.1444028,-0.18121806
20090198,before,0.91265779,1.6663018,1.2049081,-0.11363181,-0.23391775,0.69249039,0.5034203,0.42040027
20090205,before,0.64414354,0.32179468,0.50235581,-0.80928043,-0.75834645,-0.048348694,-0.35515801,-0.76973758
20090207,before,-1.3688194,1.0163169,-1.1486003,-0.86036291,-0.44530404,0.91663768,-0.12705252,1.6797793
20090211,before,0.32113568,-0.054205756,1.2599658,-0.032338102,-0.22083706,1.968435,-0.15085083,1.2220499
20090224,before,-0.20488582,-0.22593203,0.3401829,-1.5275924,0.4683068,-0.15927044,-0.097216601,-1.2121032
20090237,before,0.46924513,-1.8190066,-0.71063376,1.0164373,1.0462769,-0.13846405,-1.587554,0.53868132
20090256,before,-0.20028842,-0.53817709,-0.4536554,-0.027111031,-0.42006677,-0.46968232,-1.1290192,-0.58109963
20090264,before,-0.58475432,-0.700631,-1.2099346,-1.0609117,0.54206956,-0.22791019,-0.59279111,1.5872118
20090269,before,-1.1665895,-0.47896413,-0.87573477,1.0435228,1.1929729,-0.66884039,0.50553233,-0.57557876
20090270,before,-1.1895581,-0.34774039,0.26546409,-0.46760669,-0.22104826,-0.50565389,-0.30605851,-0.98214558
20090272,before,-0.97201797,-0.69638288,0.71976204,-0.91957192,-0.13853355,0.16887205,-0.36463228,-0.63585853
20090278,before,-0.43890611,0.32766371,-0.61700793,0.26337058,-0.29263016,-0.3103919,0.60503376,0.0077688664
20090307,before,-1.0322637,-1.4320677,-2.4628224,-2.8835117,2.3265922,-0.49303057,3.8427292,8.6717231
20090343,before,-0.74645083,0.017595414,0.35642117,0.21085252,-0.2069138,-0.088872666,-0.067570083,0.20908382
20090345,before,1.6701294,-1.3205084,1.8116137,0.93974913,2.6074029,1.3887756,0.10463278,-0.57277809
20090363,before,1.7653233,-1.8564555,-0.1824149,1.0097743,-0.087736106,0.14187508,-3.2205835,0.92202488
20090376,before,1.4500806,0.68577839,-1.1217604,-0.9775809,1.8668593,0.71260283,-2.4810282,0.19123216
20090379,before,-1.0510857,-2.5377472,-2.9023142,1.7759165,-0.10689411,1.9408622,-0.03224213,-0.43347388
20090385,before,2.6429174,-3.6795,-1.894452,0.17259541,0.30705439,0.20407405,-1.9659184,0.17141309
20090393,before,-1.086668,0.32262982,-1.5165413,0.31852573,-0.206783,1.1267617,-0.024549216,-0.25216308
20090427,before,1.8732005,0.36692936,1.0626375,0.62389122,-0.38464425,-0.77109532,1.5574052,-0.053251668
20090447,before,-0.58017389,-1.586832,-1.891454,2.8747877,0.8727639,1.1021908,-0.3922903,-1.2464731
20090460,before,-0.36443231,0.43896491,-0.39098191,-0.92993994,-0.84378931,1.241958,0.2137846,-0.53006575
20090469,before,-0.33247546,-0.10738089,-0.54574016,-0.43450893,0.14567803,0.023233405,0.49307539,-0.75738129
20090475,before,-1.6368486,-1.2213516,-0.63942977,1.7465958,1.1727033,-0.025697441,-0.20130749,1.7660455
20090477,before,-0.35837788,-0.56520663,-0.36676562,-0.91071406,0.063431403,-0.3776068,0.26879316,-0.064905808
20090502,before,-1.2669554,-0.6786392,0.73959147,-0.22922572,-0.45584057,-0.66055582,-0.13953385,0.1089873
20090508,before,-0.1937265,0.24692749,1.5773148,-0.1024575,0.33564927,1.1812396,-0.68551653,-0.35482798
20090521,before,-0.68352216,-0.33885086,0.47391895,0.2370315,-0.23566005,0.041914309,-0.18048022,-0.47865574
20090537,before,0.40061153,-0.10489336,-0.48799639,-0.20583696,0.17219535,-1.8499873,-1.7600434,0.38087386
20090541,before,-1.1464571,1.1083185,-0.5008251,-0.23181052,-0.33950323,1.0426822,0.9210843,-0.41259655
20090553,before,0.24427628,-1.9852941,-2.4370663,0.98062109,1.146293,2.1728733,2.2882006,0.70618194
20090588,before,-0.30450589,0.59542184,-1.3976353,0.77716808,-0.13899678,-1.6066333,-0.13653916,0.067200152
20090591,before,-0.78526441,-0.058154978,0.96671184,-0.23831195,0.068086085,-0.79184481,-1.2284605,0.47341094
20090598,before,1.0396399,-1.3602381,0.99060112,-0.76138019,-1.0895186,-0.73287118,1.3094716,0.058843927
20090612,before,-0.66519555,0.0098464349,-0.54039957,-0.039711301,-1.2331438,-0.42094189,-1.5440528,-0.71631259
20090614,before,0.52496543,0.17251284,-1.3031274,-0.71506904,0.84775335,0.29863089,0.62560764,-1.9544359
20090615,before,-0.21953918,0.37514896,0.37092346,0.1877715,-0.075035618,-1.3149703,-0.41135735,0.01174293
20090622,before,1.1877174,0.12643589,0.26418457,0.21837465,-0.43053171,0.33578296,-0.48980531,-0.62499378
20090623,before,-0.34842723,-0.61603198,0.82745524,0.13097387,-0.19090247,-0.56084725,0.66391224,0.046239727
20090636,before,0.61993217,-0.15257132,0.71723552,0.51622616,-1.9280778,-0.10940969,2.0097253,-0.19700397
20090679,before,2.2054543,0.045343338,-1.6407651,-1.49939,-1.2467479,0.68296536,3.713222,0.95781054
20090712,before,-0.27854585,1.3257803,-1.2227066,0.51957992,-0.31345012,0.65529288,0.10139727,-0.74096142
20090719,before,0.30465439,-0.67442305,0.47369387,-0.57256974,-0.23195255,0.37945329,-0.90289904,0.63862966
20090723,before,-0.78602212,0.37645984,0.50150208,0.43130384,-0.43222506,-0.099008683,0.45065794,-0.46116859
20090736,before,-1.1726945,0.11965438,-0.67121231,-0.25110623,0.98212236,-0.89656544,0.75329345,0.25084163
20090774,before,1.6583673,0.29965735,0.18732583,0.48820358,-0.35111209,-0.25975126,-0.37767087,-0.26148815
20090787,before,0.51810831,0.099165834,1.1222795,0.34060184,-0.088768024,1.024929,-0.18748237,-0.28200275
20090794,before,1.1827411,-1.1499654,0.7154555,1.7929823,0.33591462,-0.70709624,-0.45845264,-0.054872787
20090841,before,0.36630714,-0.021331153,3.2337987,0.43175652,1.8068126,-2.4226995,-0.29993123,2.2077684
20090852,before,-0.2875882,-0.9415421,-0.025720889,-0.45515285,-0.55936249,-0.25530323,0.23882308,-0.46456775
20090859,before,-0.72484255,1.2416741,-0.62140862,-0.15961178,-0.10709272,-0.13773674,0.16345588,-0.96879619
20090887,before,0.98115755,1.1701728,2.1127451,0.41413987,1.2587507,-0.60760783,-0.21790156,0.79021331
20090894,before,0.61629306,1.8673774,-0.13012787,0.34779852,-0.49269453,2.073043,0.44637655,-1.167462
20090910,before,1.6435547,-1.8145284,0.4754787,0.52322822,-2.033159,0.9581753,2.2249212,-0.76175113
20090944,before,-0.64415064,-0.70800244,0.80030136,-0.8405976,-0.40976272,0.46362147,-0.020234423,-0.36592227
20090950,before,-1.0538522,0.96130888,-0.054780246,-0.29666873,-0.43087373,1.4452238,0.44883211,0.63731239
20090969,before,1.7129323,-1.1717355,-0.24293339,0.27332945,-0.35087735,0.16128891,-0.44052258,-1.1698547
20090973,before,-0.6574113,-0.89465479,1.7578187,0.090617576,0.40311717,0.59011367,-0.046386884,0.43864138
20090989,before,-0.4606436,-0.83023775,0.0039358461,0.0277706,-0.13925507,-0.31261608,-0.52709032,-0.92442069
20090990,before,-1.0644143,-0.31701925,1.1067685,-0.30958426,0.16482056,-0.26054982,0.22975888,-0.3481266
20090996,before,-0.76332931,-0.54145834,0.15972391,-1.2868008,0.1172226,-0.0050648628,0.1148891,0.77699469
20091007,before,0.54908841,-0.89069093,-0.22124646,-0.33858297,0.67465883,-0.86904591,-0.75776114,0.88567633
20091018,before,0.21930541,-0.69482857,-0.74120255,0.045183761,0.63036666,0.11722237,-0.23033653,0.23492143
20091022,before,0.22084614,-0.21336475,-1.9677376,0.9367918,-0.21946718,0.63384688,0.24180043,-0.75400894
20091031,before,0.61124227,0.29203914,-0.1615463,0.32691035,1.1404483,-2.067886,1.2358969,0.51626967
20091038,before,0.19413648,-0.033771604,-0.11835425,0.15307766,-0.85602494,0.39314451,-0.46811534,0.44039153
20091053,before,-0.41554328,-0.13434812,-0.15928042,0.25826926,0.079039325,0.74701385,-0.87735736,-0.21513326
20091071,before,-0.26787697,0.040273155,0.45830238,0.71894893,0.4840019,0.43521747,0.1955436,0.85629656
20091073,before,0.26930469,-0.34819148,-0.29808721,-0.43567964,0.13159119,0.59702397,0.7785753,-0.68937298
20091075,before,0.023071209,-1.0575491,0.52761041,0.71451831,0.37079855,1.4865285,0.76258054,-0.47039347
20091085,before,2.4429329,-0.79523944,-1.7695603,-0.32494662,-1.2039002,0.65527107,2.4412175,-1.1067024
20091088,before,-0.71295607,0.79904905,-1.506055,0.044751152,-1.2558347,0.034512814,-1.1439083,-0.17119114
20091109,before,-1.444918,-0.79720881,1.0916229,-0.91524798,-0.62580836,1.2738903,-0.12284035,0.207184
20091111,before,0.19807244,0.88989921,-0.66982263,-0.85150935,-0.48827178,1.5738403,0.70952784,-0.00090501284
20091124,before,0.52784624,0.042510003,-0.94721622,0.16463161,-0.48608218,-0.53543689,-0.66288178,-1.8195325
20091145,before,1.5415978,-0.64641472,0.45955464,-0.68023298,-0.80253628,-0.50858481,1.2239477,-0.57110572
20091169,before,-0.42447544,-0.60006982,-0.75617928,1.3162147,-0.28539303,0.12383309,0.022357763,0.91061937
20091172,before,-0.76966435,0.092218897,0.4739545,-0.67674251,-0.13102589,1.2190502,-0.49403715,0.028914209
20091183,before,-1.2633106,-0.30432475,0.52901687,-1.0303846,0.068592022,-0.25412652,-0.33832558,-0.78747656
20091192,before,-0.20771239,-0.12364953,-0.41771643,-0.35199921,-0.6260657,0.74255957,-0.41308707,-1.1226939
20091196,before,-0.37438492,-0.56959043,-0.97033995,-1.9214892,2.5201233,1.5144286,-0.14880676,2.890782
20091201,before,1.3264467,-0.72568153,1.0201761,-0.3492318,-0.40429999,-1.1677745,-0.52356531,-1.5571142
20100009,before,-1.3784228,-0.68483923,0.39469715,-0.84517791,-0.10401958,0.94203645,-0.011979621,-0.29988825
20100011,before,-0.0071783629,0.56295727,-0.38570618,0.35300614,-1.7455112,0.46851649,-0.12240583,0.48773485
20100015,before,-0.86894647,-0.22203252,0.079749794,0.51503706,0.01002787,0.32839842,-0.083244335,-0.97096701
20100026,before,1.5299569,-0.89977245,-1.2039024,-1.970372,-0.46010683,2.5679632,0.41943769,-0.21332665
20100048,before,-0.51840339,0.78169127,0.27006831,-0.057991345,0.32601804,-1.2967663,-0.68556365,-0.73204108
20100050,before,2.2050694,-0.065487143,0.32493524,-0.54801539,1.6718875,-2.0103901,0.12519424,0.18416989
20100056,before,-0.55631696,-0.015591286,-0.49514528,0.052725486,0.3549808,-0.80506886,-0.3928735,0.24627462
20100064,before,-1.1387227,-0.49492056,0.67401883,-1.1874439,-0.13267954,-0.066034089,-0.41721716,-1.1125009
20100069,before,-0.48226876,0.31266486,-1.614404,1.5405479,-1.0046276,0.35792677,-0.38812045,-1.4012494
20100077,before,-0.59132418,-0.08928802,0.63865221,-1.4962445,0.73340768,-0.051861262,0.40801617,-0.89676542
20100079,before,0.91790258,0.46820856,0.24720708,-0.14051686,-1.2204314,-0.23312424,0.58360216,-1.0882208
20100083,before,-1.0260404,-0.49560627,0.051004216,-0.15660833,1.1092185,-0.3036527,0.64257824,0.11762962
20100087,before,-0.37169107,-0.38112195,-0.67141232,-0.2295445,-1.0300713,-0.26701811,0.84196318,-0.75359723
20100093,before,-0.9310043,1.0224087,-0.36024896,-0.054631677,1.2132155,-0.82289646,1.140659,0.27946667
20100095,before,-0.88218147,0.18990232,0.52076811,-0.42869676,0.36260555,0.22252342,-1.5122317,-0.5276602
20100102,before,-0.81727732,0.15513004,-0.64332418,-0.67469925,-0.44238229,-0.83768946,-1.6591373,1.6744135
20100105,before,0.46748924,0.44714365,-1.8007017,-0.89973983,0.58645552,1.0048572,0.80320708,-0.84287044
20100133,before,1.0278657,1.7975567,0.16074506,0.26388422,0.45728143,-0.3187878,-0.010203752,-0.061931064
20100135,before,-0.60490984,0.28364233,0.19023763,-0.78337819,-0.65353503,-0.0055934317,0.27011127,-1.1798745
20100144,before,0.36942881,1.8409741,0.78298314,0.15097603,1.2943593,-1.5466044,1.3435494,-0.33695053
20100149,before,1.9210918,-1.1949684,0.97793898,-0.21497454,-2.5530394,-0.91477824,-1.2070709,-0.18001201
20100173,before,-1.1419198,-0.50331976,0.37871261,-1.1926367,-0.064412937,-0.30663228,0.12585053,-0.54289703
20100196,before,0.13277207,0.52813998,-0.59166696,-0.60732529,-0.50900931,-1.4352721,-1.2602661,-1.1669221
20100209,before,1.2289287,-1.5748155,-2.0610327,1.3443651,-0.52028932,-0.5043709,-1.6908465,-0.98083719
20100222,before,-0.54636106,-0.7943642,1.5739141,0.5876752,-0.41518984,1.009881,0.27603267,0.44356868
20100234,before,0.11602867,0.73252904,-0.930122,-0.74210896,-0.52960854,0.1681835,-0.35979604,-1.1837965
20100249,before,-0.91175835,0.44221753,1.1893016,-0.22443208,0.13402327,-0.67899446,-0.1401361,-0.28881206
20100260,before,-0.74008396,-0.60929004,1.2118388,1.2555279,0.62078084,-1.0365169,0.82506664,0.70645449
20100269,before,0.0057196651,1.2630142,-1.6179911,-0.65113158,-0.66890487,0.7582449,-0.55126575,0.26183034
20100290,before,0.066711841,-0.7078444,-0.66456622,-1.1339885,-0.28795144,-0.65707311,-0.53009998,0.84663297
20100322,before,0.059610965,-0.72117582,-0.88818012,0.54645549,-0.40028436,0.2634197,0.30936017,-1.6517701
20100328,before,0.23325636,0.13905772,0.98050894,1.5465013,0.078947931,1.0161536,0.12492061,0.83595568
20100350,before,-0.44285612,0.1828166,-1.1303077,-1.2951453,0.91675465,-1.3739764,0.56918606,1.3920511
20100437,before,0.41676715,0.66973991,0.98421349,0.065475246,-1.1257258,0.12799701,-0.98636742,0.24931088
20100459,before,2.5272854,-1.1104432,-0.45386482,-0.81194818,-0.34532949,0.86969474,-0.54513549,1.0101892
20100502,before,0.6942444,-1.0588802,-1.2098448,0.22720801,-0.41545122,-1.4601058,0.9724607,0.057880644
20100534,before,-0.23606972,1.7923641,3.5364787,1.2723973,2.1191432,-3.5616824,0.20739505,3.8122962
20100560,before,0.74504376,0.43703577,-0.52185053,-1.0062941,0.95488155,0.0071241233,-0.11253635,1.1525826
20100601,before,0.61033897,-0.25210639,-1.0730674,1.8836945,0.63069583,0.52639893,-1.6664659,0.14790893
20100609,before,1.5672941,-1.5587416,0.32967404,0.8631653,-5.0534151,0.76014461,1.7043434,0.13787782
20100655,before,1.4786819,1.0383848,1.4583833,1.5015032,1.4598247,0.69434862,-0.68493058,0.75433868
20100664,before,-1.1200811,-0.25995636,0.49559159,-0.70594922,0.058590195,-1.064289,-0.050389179,-0.40261584
20100675,before,0.7434829,0.94257459,-0.43854038,0.084068464,-0.86340281,-0.16978793,0.3590743,-1.7887449
20100676,before,0.076479892,-0.90918907,-0.98886085,-0.16088068,0.11281695,-0.20531364,-0.47526835,1.6493918
20100682,before,1.2085512,1.7659599,0.18382599,-0.050103842,-0.67559398,1.0261627,2.333906,-0.23336459
20100690,before,1.8007893,-0.81422836,2.7595814,0.92729991,-1.9307739,-3.1621233,-0.43776273,-1.3581982
20100705,before,-0.32246354,0.39332482,-2.4375597,-0.064950541,2.4027335,-2.1890372,-0.91858685,0.89006633
20100707,before,-1.1133087,-0.10223789,-0.69276714,-0.30379657,-0.18661567,-0.22908357,-0.10793092,0.022847692
20100715,before,0.37752533,0.17668386,-0.23933456,1.3819794,-0.11832474,-0.17343782,0.20770836,-0.47452646
20100730,before,2.6440239,-1.7770887,0.59994533,0.71101388,-0.71755805,0.019861318,0.088265914,-0.06456893
20100731,before,-0.24250721,0.32712046,2.8149114,1.2097458,0.68746367,0.84036008,-1.163496,0.39946443
20100735,before,-0.70895141,-1.1314732,0.26334753,-0.14469521,-0.83601355,0.48156614,0.98906121,0.416908
20100803,before,-1.1260581,-0.51692977,-1.257759,1.8977296,1.4681291,-0.37486215,0.7897266,-0.24766382
20100814,before,2.2656724,-1.1572756,0.32232335,-0.019495357,1.972621,-1.7853674,-0.53471213,0.54569026
20100822,before,0.59921246,-0.69293597,-1.3560055,-1.3345027,0.4950346,1.8186937,0.41086271,-1.4031396
20100833,before,0.79669577,1.8755583,0.38879068,-0.71774904,0.083343434,0.53155971,0.29896113,-2.3276265
20100840,before,-1.1994685,0.685502,-0.43680699,2.2274753,0.70041505,-2.8116761,1.2343885,0.35615069
20100862,before,-0.74772512,-0.40059297,1.4353348,0.14501346,-1.9440071,-0.35924704,1.136245,1.2917851
20100867,before,1.3228446,0.85842169,-0.009105088,-1.3184598,0.81984967,-0.72254925,0.70374093,-0.3358282
20100872,before,0.46125006,1.81375,0.29242568,-0.2582214,0.56090869,0.06827863,-0.43404375,0.12764705
20100880,before,-0.50548021,-0.78901051,2.2134194,-0.41976883,0.2196166,2.2821039,0.003061857,0.39151045
20100896,before,0.61364841,-1.2833261,-1.2233713,0.30868255,0.49119528,-1.3255258,0.058162389,-0.2067949
20100897,before,-1.2701556,-0.41598069,-0.28604326,0.54378972,0.6561415,-0.4581877,-0.50942912,0.50430785
20100901,before,-0.29815806,0.73498929,0.54145053,1.0502019,0.29445509,-1.0620047,-0.22601296,-0.48850961
20100917,before,0.26582498,-1.3346419,0.047536718,-0.79244495,-2.3188172,0.075294674,0.80588361,1.0399591
20100924,before,-1.1850178,-1.1296066,-2.3570277,3.20743,2.1722244,0.77199492,0.11926522,-0.10128937
20100953,before,-0.24282427,-0.76235365,-0.7805938,-0.75827043,0.15896347,-0.46888836,0.88681296,-0.17935572
20100959,before,-0.13454019,1.8876985,-1.4420092,0.92231331,-1.3495349,1.8164181,-0.94097258,-1.462796
20100974,before,-1.2028573,-0.56526395,0.26901237,0.18177089,-0.10868703,0.17863492,-0.12191737,-0.51105373
20100999,before,-1.1057406,-0.0061745561,0.16434653,0.064853555,-0.0339668,1.0242229,0.0090794829,-0.45318841
20101027,before,0.13171846,1.4698495,-0.51090842,1.1815788,0.70333296,-0.6727848,0.42569649,1.54268
20101040,before,-0.88760671,-0.43132414,0.058870999,-1.099159,0.1098009,-0.37553135,-0.053047388,-0.30326529
20101064,before,0.8527116,-0.18000658,-0.010708447,-0.50350892,0.86453989,-0.49269704,-2.7228198,-0.12795235
20101068,before,-0.58625059,-0.12873711,1.6450848,0.0045344155,0.27889201,-0.12696555,0.2941948,0.2547383
20101091,before,-0.7414086,-0.17729049,-0.57072448,0.32001042,0.21067387,-0.055362735,-0.19476369,-0.59794199
20101110,before,-0.72716437,-0.2237935,0.14033657,0.69907086,0.44604919,-0.57091569,-0.18052228,-0.70354573
20101114,before,-0.39616039,-0.60227437,-0.35350906,0.43154682,0.18692447,0.27929685,-1.0408407,1.5118655
20101141,before,-0.34479462,-0.44414312,0.27405173,-0.76732583,0.11707158,-0.40959321,-0.58432327,-0.82387016
20101161,before,-1.2171402,-0.02970632,-3.3381256,1.2268159,-0.055347062,0.075311491,0.12283763,-0.37217718
20101166,before,-0.73089851,-0.161168,-0.014708502,-0.80030584,0.093398206,0.08533485,-0.60097612,-0.46584725
20101174,before,-0.9382056,-0.82595599,0.82861854,-1.1575416,-0.19061092,0.39901123,-0.1918347,-0.57199995
20101185,before,0.050442109,1.0222273,0.4149143,0.083345031,-0.72511797,-1.2292463,-0.57728309,-0.37021078
20110010,before,-1.1955822,-0.158127,-0.085794731,-0.017389743,-0.47266475,-0.52123212,-0.30669581,-0.31272566
20110013,before,-0.76428743,0.13647058,0.028955704,-1.0369345,-0.2949531,-0.94592939,-0.63876189,-0.5049166
20110017,before,-1.0738472,-0.17470389,0.48498472,-1.2899973,0.044103129,-0.5905961,0.028886368,-1.1543926
20110030,before,-0.43344501,-0.98865944,0.2922081,-1.2947204,0.056063946,0.10886171,0.25604162,-1.0059258
20110037,before,-0.1009848,-0.076086164,0.11205615,-0.44759375,-0.22110402,-0.057004622,-1.5998298,-0.32143071
20110047,before,-0.10223523,0.34276371,-0.83064609,-1.5794831,0.17056706,2.1013146,-0.24938817,0.44005653
20110051,before,0.40670739,0.032359361,0.21996006,-1.2928157,1.6795919,-0.80065507,0.36921188,-1.1753081
20110056,before,-0.13723146,-0.31420563,0.058597047,-0.39102214,-1.0823037,0.14415185,-1.9533176,-1.2033138
20110060,before,-1.0286782,0.0054030036,0.94681436,0.47703026,0.12403626,0.30246683,-0.67747905,-0.15749569
20110064,before,-1.2397406,-0.76285863,-1.4945908,0.57056643,2.0347919,-0.44081762,1.0040116,0.89082022
20110072,before,-0.21593839,0.57521261,0.51031336,1.5471447,0.5601975,-0.35576838,0.40436866,-0.028933294
20110073,before,-0.70198263,-0.097993289,1.092689,-0.50273054,0.11197613,0.45789753,-0.58872824,0.0030726946
20110080,before,-1.2128123,-0.47602638,-1.7660397,1.1610228,0.076777434,-0.060563905,0.13348916,-1.5869575
20110082,before,-0.039578024,0.32205118,-0.58596762,0.26061544,0.85173017,-0.15926404,-0.79803793,-0.43816747
20110093,before,0.17637545,-0.26845921,-0.31584529,-1.2056294,-0.0024484006,0.66654961,-0.14229583,-0.52432662
20110104,before,-0.40129535,-0.53967497,0.38282282,-0.80171565,-0.41980619,-0.39137604,-0.41565326,-0.90381369
20110128,before,-0.26596062,0.52434543,-0.84883798,1.1254527,-0.94074424,-0.13315387,-1.0682845,-1.3132109
20110153,before,-0.97342572,-0.25804194,0.68865616,-0.99757575,0.1847117,-0.26475405,0.49037689,-0.9920736
20110157,before,-0.47063014,-0.46374315,0.16301217,-0.85021392,-0.62317435,-0.43304371,0.40950939,-0.393516
20110165,before,-0.21881518,0.67978575,-0.4743658,0.58699657,0.35335383,-0.88509658,-0.8071661,0.47117771
20110172,before,-1.0436872,-0.51167608,1.0064666,-0.54955004,-0.097894714,-0.068999303,-0.33891796,-0.70404808
20110176,before,-0.35014291,-0.76653784,-0.42194255,-0.18172837,-1.4243153,0.0063380253,-2.7470913,1.4312406
20110219,before,1.6973905,-1.7516207,-1.8181773,-1.2352446,-0.36043903,0.061416795,-0.9894253,1.1633943
20110235,before,-0.96922114,0.077331565,-0.77488347,0.73452836,-0.027617245,1.6782657,-0.0061179297,-1.3450241
20110236,before,1.3432006,0.56107396,-2.0662959,0.53938922,-1.6527047,-0.19431165,-2.2895425,0.59722549
20110244,before,2.2980997,-2.2491435,0.30703071,2.1778735,-3.7131634,-1.1823962,0.27869223,-0.79743931
20110248,before,0.22991227,0.75592625,-0.11709162,-1.1124947,0.0065493645,0.8406616,-0.39169888,0.92170677
20110270,before,-0.96427636,-0.24955107,0.50761515,-0.0076970688,0.13546362,-0.31651055,-0.39709704,-0.85728837
20110277,before,-0.18985537,-0.67566441,-0.22835863,-0.78456064,-0.67039038,0.027716472,1.379383,0.4903029
20110286,before,0.81418015,0.57051879,-0.16530223,-1.9910592,0.96008018,0.29958012,1.4930119,-0.80550739
20110294,before,-0.86678276,-1.8173819,-0.77875891,0.70437339,-1.7795843,1.076883,0.10154345,-0.05514471
20110299,before,-1.086545,-0.11296205,-0.44758308,0.91471102,0.0044628742,-0.6447613,0.43636004,1.3154943
20110304,before,-1.1297166,0.1365129,0.30773427,-0.45227027,-0.30218718,-0.80577285,-1.8291643,-0.85254056
20110306,before,-0.16381237,0.54274235,0.40248671,0.45711919,0.12249501,0.38412827,0.46842682,-1.1993652
20110323,before,2.1462759,-1.8189138,-0.82404542,0.083521322,0.67277297,-1.0074483,0.97828196,-0.21305292
20110332,before,0.23100386,-0.17180501,-0.18056297,-2.2365391,0.69731277,-0.077563258,0.23471672,-0.40769899
20110335,before,-0.62399262,2.561165,-2.5702549,-0.60190131,-2.1231201,0.98365993,-3.8610591,6.5337649
20110374,before,-0.81494835,-1.4152114,-3.1614205,2.2838218,-1.6923873,-0.70989845,1.6004962,-0.7637732
20110398,before,0.76821637,-0.51296987,-0.33570299,0.22659099,-1.0791608,-1.0938426,0.39313291,-0.67252724
20110427,before,-0.3454791,1.8383027,-0.893453,-0.62679022,-0.31917583,0.73625645,0.32552107,0.52315188
20110443,before,0.17973155,-1.1355453,-0.60224026,0.27809551,0.94970898,-1.0578975,-0.39740075,2.547072
20110445,before,0.76920123,-1.672342,0.18002011,-1.1165785,-0.78209205,0.24819884,0.6803725,1.9887786
20110485,before,-0.50809862,-1.4612886,-0.4643419,1.2393618,0.052723361,1.0179846,-2.0342566,-0.4490111
20110494,before,1.2468156,-0.46037597,-1.497554,0.24681367,0.21148964,-1.8326125,0.29028502,0.51938283
20110503,before,-1.0766182,0.012010693,0.85504942,-0.073753796,0.22330215,-1.102561,-0.79760114,-0.15031732
20110508,before,-1.3634671,-0.31593702,-0.081991567,0.070774687,0.063923821,0.067778907,0.04601737,0.024853254
20110518,before,-0.74043923,0.10848878,0.68972021,0.7443767,0.31366204,0.67834316,-0.22413975,0.011594924
20110538,before,0.75583956,1.4413357,-0.67500364,-0.42138453,-1.5083345,0.35934351,0.64474907,-0.32259099
20110541,before,2.1603556,-3.614989,-0.7844199,-0.66034541,0.32810597,-0.099556828,1.5332562,1.0425863
20110550,before,0.085603209,-0.73645181,-0.79905918,-1.7377474,1.259212,0.43349914,-0.43119096,1.322876
20110573,before,3.1684908,-0.1968845,0.81170212,0.22796993,-3.6312828,1.8375479,-0.20855949,-0.064303894
20110579,before,0.63843711,-2.0773132,0.38191582,2.2863027,-6.2918373,-0.95815505,2.568644,0.49324322
20110583,before,1.4202636,-0.12275354,-1.7581334,-0.52872711,-0.27338041,0.13180885,2.464122,-0.31554396
20110587,before,-0.21575216,-0.56911025,-0.017560875,-0.54257218,-0.085994446,-0.37573292,-0.15788906,0.78073231
20110598,before,-0.087804575,-0.69553914,-1.7212813,-0.65531711,2.7512517,-1.2703717,0.43506854,2.1578671
20110649,before,0.11192791,0.99316818,0.22441363,-1.2272957,0.74118395,0.78306962,1.1771876,-0.66781144
20110655,before,-0.79324175,-0.14918018,-1.9512921,-0.59639105,2.8276849,-1.6930137,-0.22861258,1.8179829
20110659,before,-0.57157374,0.94967772,1.9449135,3.0723873,0.91779485,2.4364048,0.14645581,2.3024212
20110666,before,5.3871333,-0.31453525,2.7849406,0.68812186,1.5571503,0.62439273,-1.727967,0.30932594
20110679,before,0.97183358,0.28060276,-0.81904576,0.50479612,-0.3062705,0.028565648,1.9976838,-0.6071564
20110695,before,0.28518543,1.5801886,1.2440278,0.62447642,-0.16396959,-3.2294941,-0.854156,0.37032307
20110699,before,-0.85539345,-0.64702515,0.75025884,1.4532,0.1941148,-0.14236069,-1.1610988,0.47423808
20110713,before,-1.0814346,0.35391887,-0.52826945,-0.33303474,-0.60189697,-0.1763055,0.74397262,-0.52446849
20110715,before,0.89692939,-0.59166483,-0.69282007,0.10422299,0.29518758,-1.3031964,-0.25320632,-0.071042445
20110725,before,0.2310708,0.98868062,0.91643855,0.31920133,-0.44295784,0.009035074,-0.55892448,1.0084231
20110774,before,3.2978524,-2.557193,-0.70396556,-0.88282061,0.64478502,-0.6810538,-1.2066899,0.62156127
20110785,before,-0.19617954,-0.25966077,1.0661303,0.81351546,-0.99613408,-2.5486289,1.6126526,1.9249878
20110787,before,0.76556179,0.3288244,-0.68093446,0.20105177,-2.3795815,-0.29972068,1.8814977,-0.46109134
20110802,before,-0.59044585,0.67500963,-0.94622088,-0.63669035,-1.310466,2.4282792,0.022758281,-1.5333009
20110804,before,-1.0452899,-0.60604043,0.99979138,0.11468899,0.23643052,-1.1892881,-0.77148053,-0.28362335
20110813,before,-0.46874757,-0.74269056,0.6203759,0.376483,0.3517284,0.34032979,-0.24520194,0.19744807
20110838,before,-1.2405825,0.55183644,-0.12425534,1.2954657,0.36669775,0.59516635,0.83682805,-0.8123301
20110880,before,0.18821521,-1.2554174,-0.083721185,0.46444127,-0.24640598,1.5918982,0.6616861,0.57912612
20110888,before,0.046387078,-0.010017556,0.26436508,-0.87802165,-0.61815781,1.1339634,0.26919292,0.21270761
20110899,before,0.73488401,1.1455498,-0.5863232,-0.19644357,-0.54918395,-1.2455993,-0.63178662,0.073789662
20110900,before,0.40199673,1.326384,2.6638969,-0.49230559,0.8366218,1.4642407,0.16847883,0.34872021
20110908,before,-0.13169432,0.44211534,2.3438406,1.4905393,0.91154315,0.7209084,-0.41674997,1.1523836
20110955,before,-1.2510861,0.281481,1.2201916,-1.1649996,-0.68689051,-0.15579133,1.1019367,1.0173323
20110959,before,-0.21251145,-0.90575598,-1.5774364,1.7881112,-0.15467604,1.2483966,-1.8098416,-0.47696284
20110977,before,-0.2327759,-0.40388315,-0.14005206,-1.29393,-0.030559408,-0.049041758,-0.37274137,-0.25971968
20110990,before,1.4812217,-1.3381374,0.46643193,-0.34810975,0.46205572,0.75378353,0.82920301,-0.87041502
20111005,before,-1.3949932,-0.60446288,-0.031916205,-0.51644865,-0.22573094,-0.32477369,0.27799879,0.0072651895
20111013,before,-0.52838801,0.74299571,-0.52984986,0.81880907,-0.30447547,0.74739181,-0.074332312,-0.027214079
20111016,before,0.20748169,1.4389771,0.22797437,-1.3795591,-0.034507859,2.3013637,1.230539,0.60937417
20111020,before,3.0700812,-1.4291666,-0.35669668,-2.5989209,0.071706255,-0.88492248,0.52810026,1.0339722
20111028,before,-0.84790403,-0.85784299,-0.50583711,-1.1267084,0.24344111,-0.57878947,-0.35142273,0.19701107
20111033,before,-0.59646478,0.5907232,0.46731404,1.1089122,0.61778565,-0.074460279,0.03842923,-0.025826492
20111034,before,0.28694474,0.30348278,0.21424981,-1.2032527,-1.3664761,0.5303281,-1.1980412,-0.49314586
20111053,before,0.22950577,0.84262192,-0.082475814,0.022491345,-1.1152157,0.81772538,-0.3840507,-1.2127419
20111066,before,1.3798829,-2.62869,-0.24252165,0.11137648,-0.090246949,0.28178361,1.5592647,0.23846188
20111075,before,-0.74653926,-0.24807257,0.65843628,-0.75891589,-0.051137376,0.1278208,-0.73791162,-0.87821636
20111083,before,-1.3001381,-0.25861868,0.83066533,-0.75041601,-0.14172995,-0.20192866,-0.014461727,0.074208432
20111098,before,-0.36298136,0.7995652,0.42517983,-0.39713286,-1.0887673,1.001067,0.61494927,-0.6635599
20111100,before,-0.90727223,-1.2347888,0.057921734,-0.78852443,-0.55398881,0.20168309,1.1136544,-0.03417167
20111116,before,-1.4793594,-0.40801383,1.3048837,0.79075058,0.27458872,-0.77104574,-0.19863041,2.4483024
20111127,before,-0.38215862,1.5942033,0.62068212,-0.033916003,-0.50435546,1.082157,0.29472246,0.067062477
20111128,before,0.31165891,0.23535559,-0.4611695,-0.42803929,-2.2160451,0.64557119,-1.286099,-0.9212826
20111133,before,0.16111617,0.066240035,0.10147659,0.4586053,0.03244169,-0.57895456,-0.11073037,-1.126422
20120005,before,-0.62491449,0.17780609,-0.79369815,1.4406274,-1.1238489,1.038147,-1.7623731,1.6968431
20120024,before,-0.29192975,-1.8140522,-0.21908219,0.36061866,0.79750567,-0.13535587,-0.82902037,0.23623171
20120046,before,-0.7168924,-0.6520608,1.5498911,1.5634638,0.76134799,0.92517873,-1.4907285,1.3040418
20120056,before,-1.0697085,-1.0695955,0.4268931,0.21180954,0.30083946,0.097440301,-0.26164622,-0.96918865
20120058,before,-1.1908463,-0.22608701,0.83968828,-0.92625359,-0.069918468,-0.8213344,-0.35560135,-0.72031553
20120079,before,2.681211,-0.57284914,3.5014754,-0.4761962,3.068035,0.73878615,-1.2650945,1.4022853
20120088,before,-0.26080745,0.24535703,0.40801946,1.4417826,0.092509194,-0.42414431,-0.05094538,0.55706579
20120089,before,-0.48026375,-0.92812067,0.39413902,-1.2793476,-0.49879762,0.35832156,0.2466352,-0.4848365
20120090,before,-0.59593629,2.2201439,0.020826667,0.18433822,-0.8442325,-0.20064472,-1.2551191,1.3219199
20120116,before,-1.2532562,-0.92500862,0.017395231,-0.8108234,-0.16091739,-0.21499041,0.65929166,-0.083180914
20120120,before,2.4954519,0.086226623,-1.9622638,0.6815736,0.35123119,1.5386661,0.10479664,0.75773868
20120123,before,0.28439288,-1.2282563,-0.26697814,-0.92668317,-0.22909658,-0.55589992,0.56566386,-0.029248304
20120129,before,-0.7932786,-0.34949823,0.67738855,0.58276051,0.82358827,-0.3187821,-0.43239422,0.89540585
20120138,before,-0.48472694,0.40785103,-0.27842588,-0.15847089,-0.38875237,1.978722,0.15392812,-1.1011366
20120151,before,-0.91655782,-0.10899022,2.0721006,0.58677688,0.55420065,2.8207657,0.15065965,1.2769132
20120157,before,0.4661435,0.405171,0.71688218,1.7983427,0.83130793,-0.75143044,0.62731863,0.035818503
20120172,before,0.054870105,0.32819295,-1.0666464,-1.2705263,2.3505863,-1.4038521,-1.2987473,0.84901784
20120185,before,0.85975423,0.41152986,0.12908171,-0.26293251,0.034626729,-1.6091329,-0.092410908,-0.2019076
20120200,before,0.13037152,-1.8865379,-0.78570567,-0.12989453,-0.46275175,-1.1553343,1.7311873,1.7315012
20120206,before,0.4275237,-0.57940379,0.30046383,-1.3861175,-0.32143351,1.1435696,-0.41143192,0.81986169
20120214,before,0.31335365,-0.57470785,1.0705694,-0.12916495,-0.62052342,-0.51974618,1.2805215,-0.044211199
20120227,before,-1.8512622,-0.70533422,-1.0506467,0.47141617,-0.89155649,-0.48343207,2.4135989,0.8873361
20120239,before,-0.22419121,-0.46506502,-0.63633659,-0.23732256,1.4909391,0.32894856,0.02301835,1.2233355
20120244,before,-0.47873473,-0.23791575,-0.21858704,-0.0020039087,-0.61911554,-0.12569845,0.30934674,-0.63138817
20120250,before,-0.72509777,0.16945365,0.63174316,-0.078963317,-0.27450532,0.37002281,-0.27008396,0.14904761
20120275,before,-0.38939919,-0.51170716,0.069569867,-0.70404542,0.24717106,-0.80558949,0.079810077,-0.87497395
20120277,before,-0.086945218,-0.15167372,0.24850975,1.7638692,1.3693784,0.13191542,1.3181151,-0.31183703
20120283,before,1.1923256,-1.1595282,-0.39466828,-0.32516325,-0.1248219,-2.3179797,0.97517833,1.0195021
20120295,before,0.61158265,2.0803592,-0.23233567,-1.0556992,-0.50123667,0.32643799,0.074977233,-1.9074574
20120312,before,-0.39559435,0.78047458,1.7859601,-0.72446672,0.28023654,0.92118493,-1.0161274,0.59165905
20120341,before,1.5603798,-2.3886369,-0.2357282,1.2576984,-3.2927263,0.23224096,1.6982631,-0.020308573
20120345,before,-0.59552248,-0.010909919,0.023101029,0.20038192,0.34206485,-0.35042912,-0.36298422,-1.4041954
20120353,before,-0.50202647,0.53070664,1.6059062,0.66408916,0.50953927,-2.3861607,0.12369689,1.0020521
20120375,before,-1.0809105,0.73641446,-1.7422862,0.7001531,-0.91614664,0.64413451,-0.15021873,-0.98327505
20120377,before,-1.1828474,0.49899463,-0.095931887,0.82612282,-1.9625161,0.55141619,-0.087769498,0.58460716
20120392,before,-0.27755579,-0.44151,0.58239755,0.20519119,0.02664579,0.7355768,0.54918263,-0.43961701
20120398,before,-0.72629676,-0.64343275,0.91266295,0.67346395,0.73269359,-0.39117569,-0.4328246,0.32758009
20120402,before,-0.30657354,0.003312408,0.17435505,-0.16967352,-0.50176104,1.1547829,-1.1537228,1.070782
20120441,before,0.18524142,0.057461542,-2.2937162,-0.84612162,1.7465216,0.58219982,0.95525865,-0.16907424
20120443,before,-0.015129387,-0.3334051,-0.19337012,-0.44013676,-0.58199467,0.15839659,-1.1977417,-1.7019686
20120465,before,0.35660893,-0.17348953,0.2190738,-0.033435873,0.23091667,-0.36952175,-0.81001153,-0.85857499
20120478,before,-0.065379186,-0.92104945,-0.74845878,0.91025762,-1.3889363,-0.61242872,2.9359807,0.60689795
20120520,before,-0.059012011,-0.72090715,-0.40644538,-0.73797388,0.32959271,1.615042,0.064378449,-0.9920807
20120530,before,-0.60075024,-0.30313748,-0.5770825,-0.70406211,-0.13137372,-0.75872245,0.16750134,1.1854988
20120540,before,-0.54413503,-0.032016347,-0.3194833,-0.16635575,-0.55679967,-0.20580106,-1.074566,-1.0310054
20120541,before,0.68328851,-0.2626592,-1.7006643,-0.20479301,1.056863,-0.49847054,-0.83708256,-0.62728275
20120567,before,-0.36251846,0.27919777,-2.3647416,1.285912,0.046387183,0.5158634,-1.2940977,-1.4224849
20120570,before,-1.2836689,1.1874263,-1.3980213,1.5219277,1.4349843,-2.7761174,1.9795136,0.27247694
20120582,before,-0.16005285,3.4634312,-2.1714627,0.48720534,-0.14377112,-0.079334238,3.0755808,-0.53236194
20120596,before,-0.37554253,0.31033656,-0.14644891,0.077344347,0.53418455,0.58325808,0.41075188,-0.78516068
20120612,before,-0.066147122,-1.3453711,0.61867375,0.42957515,0.090097801,-0.46363553,0.092652128,0.55261206
20120613,before,0.11862658,0.57607107,0.25544208,0.70043423,-0.023747748,0.033987481,0.85290064,0.51734948
20120626,before,0.91256182,-0.30228648,0.96261338,-0.13587419,-0.65483664,-1.2775806,0.74710027,-0.27780763
20120628,before,-0.95088197,0.12244681,-0.18496776,-0.7087961,-0.088460898,0.40029142,-0.0056563195,0.8171333
20120642,before,-1.457297,-0.53365291,-0.70294109,0.74777387,0.90109614,0.56886976,-0.47440903,1.905785
20120705,before,0.52606192,-0.79889747,-2.1862504,0.081891673,-2.2913009,-0.05270244,-1.3687542,1.932891
20120723,before,0.68622245,3.1737087,-0.12820577,-1.1888301,-0.22441798,2.4021248,1.3260783,0.6732857
20120745,before,0.097863004,0.39421493,-1.0652568,-0.83984885,0.52193946,-0.20948665,1.0040615,0.50418846
20120755,before,0.5405913,0.070699017,-0.79719046,-1.6515467,1.2078409,-0.50342173,-1.3126633,-0.56320444
20120774,before,-0.501325,-0.0034297065,0.88880438,0.98281053,0.90648647,0.050495671,-0.02588022,0.25972845
20120777,before,0.33081573,-0.07425746,-0.25570401,0.12302151,0.020598535,-1.8936478,-0.52635587,-0.75952681
20120789,before,2.3072663,-3.4072034,-0.74624756,1.4259162,-0.94877948,0.77198584,1.6134076,0.84045977
20120830,before,-1.8201835,-1.4364846,0.15549724,1.7385949,0.097057782,0.66933583,0.88067935,2.1835848
20120837,before,-1.102283,0.96190227,-0.31799311,0.55472249,-0.90227629,0.55161369,-0.72645144,0.59541581
20120847,before,0.0085469909,0.30213598,0.52904477,0.46402653,0.86961822,0.20225006,-0.42023147,0.071457545
20120853,before,0.31728333,-0.073248808,0.83582825,-0.98358976,-0.19395414,-1.1159336,-0.28919089,-0.36027065
20120890,before,-0.39400663,-0.12114799,0.6523426,-1.5089638,-0.14707574,1.8435944,0.034688548,-0.34832042
20120911,before,-0.64215569,1.3015347,-0.32771014,0.36992209,0.64136458,-0.077803404,0.34970752,-1.2733091
20120926,before,-0.66539426,-0.83283647,0.12729068,0.34887302,-0.069073511,-0.15533849,0.0011129696,0.23937628
20120955,before,0.8016697,1.3207178,-2.2294452,0.23029298,-1.0907117,-2.032469,-0.25372774,-0.35934511
20120968,before,1.0952946,1.3471123,-0.3269803,0.95799533,-0.66410769,-0.31520038,0.31345233,-1.5066557
20120981,before,-0.48712331,-0.04978632,0.93506896,0.18358752,0.008859527,0.27542973,-0.073592261,-0.07650016
20120987,before,-0.00086845065,-0.4223688,0.14606713,-0.10321115,-1.1567874,0.15221887,-0.45322666,-0.03679132
20120992,before,-1.1906533,-0.15071249,-0.16218677,-0.71806696,0.13128029,-0.37222012,-0.23907536,1.0982562
20121002,before,-0.70487806,-1.0635233,-2.0064903,0.56891939,1.206383,-0.27975604,0.74620182,1.6804532
20121005,before,-0.26227395,-0.4499578,0.29405466,0.72390102,-0.51362683,-1.0286005,1.2019587,0.43498969
20121020,before,0.075371702,-0.98946921,0.5015831,0.28172386,0.31982127,-0.96718252,0.47914821,-0.5298668
20121026,before,-0.062458313,-0.78841303,0.70462981,-0.40141585,-0.007925821,0.67664547,0.26811723,-0.99992109
20121035,before,-0.66041568,0.62018812,-0.60234466,2.0697845,0.44484452,-1.9042564,0.093124257,-0.097240965
20121041,before,-0.62171575,-0.97721017,-0.00014852058,-0.53959348,-0.68216706,-0.6694366,0.22066975,1.0260447
20121042,before,-0.94165583,-0.80100104,-0.0060464756,0.98022106,0.59769649,1.002456,-0.011658423,-1.0512306
20121090,before,-0.68610164,0.65358575,0.84504732,1.2208018,0.54257387,-0.77645046,0.53565182,0.45506278
20121099,before,0.82062721,1.4071538,-1.7208722,-0.72658954,0.66878108,0.12648581,0.71521354,0.35569044
20121109,before,0.45008138,-0.2909806,0.24320358,-0.83329839,-0.60914681,1.2543509,-0.0054977137,0.46601436
20121110,before,-1.0134008,-0.6547576,0.75953867,0.82167187,0.036731384,-0.82280085,-0.046842112,0.077401019
20121118,before,-0.57092924,0.19034265,0.83914593,0.78405176,0.3767741,0.17356611,-0.66172137,-0.12718365
20121119,before,-1.016593,-0.10460215,0.98449384,-1.0839482,0.21689053,-0.32802039,-0.060004723,-0.85715714
20121141,before,0.1200784,-1.0222779,0.28219167,1.2122327,-0.075288033,0.51513093,-0.091993044,0.036248758
20121150,before,1.9874182,1.7832119,-0.26610519,0.60156971,-1.6693661,-2.3009842,0.074874504,-0.40449926
20121155,before,-0.45416294,0.67338428,-0.78164424,0.88593975,-1.391747,-0.92711449,-1.655175,0.051499398
20121159,before,3.0079056,-1.6846803,-0.58903694,0.39781882,-1.8318698,-0.7019465,0.43407991,-0.32591719
20130004,before,-0.73746057,0.47053968,0.17942435,0.39141059,-0.32134401,-0.5700524,-0.59739482,0.60160658
20130009,before,-0.9965355,-0.22975231,0.29958805,-0.92129069,-0.15014682,-0.011701154,-0.012256457,-0.5365336
20130016,before,0.7850747,-0.65503237,-1.7787015,0.64859723,-0.76958314,2.0467494,-1.7694513,-0.91978562
20130018,before,-0.42975214,-0.31243977,0.97237518,-1.3710389,0.65946998,-0.13044848,0.3599914,-0.94492207
20130022,before,0.41514738,-1.6249447,0.64331698,-1.8090842,0.6794629,0.89999369,1.6049398,-0.28506629
20130043,before,-0.64859676,-0.14442849,0.49410662,-0.58487538,-0.0066614115,0.029247501,0.47146826,-0.4042153
20130047,before,-0.10368235,-0.20085216,1.0756507,-1.646124,0.92471552,-0.528313,0.19075897,-1.2670218
20130057,before,-1.4269984,0.11143861,0.84552107,1.5421084,0.8239906,-0.068759158,0.78252855,1.9049267
20130061,before,-0.038676784,-0.59070461,0.50971524,0.083165741,0.24707378,0.47974657,-1.3546358,0.58064631
20130073,before,-1.4354549,-0.55616647,0.56544063,-0.76875516,-0.37952783,-0.071251295,-0.099020711,-0.69832514
20130096,before,-0.7391908,-0.7621512,-0.46783503,0.89675365,0.14355283,0.40911317,-0.12874521,-0.83283363
20130106,before,-0.8196952,0.27990205,0.23840564,-1.1194922,0.56584495,-0.8187905,-0.38887664,-0.46504234
20130123,before,-1.713042,-1.5494375,-1.296684,0.70083711,0.55790674,0.77790972,2.808212,1.929984
20130135,before,-0.33169816,-1.0485077,0.06615887,-0.12366963,0.1194913,0.30452306,-0.90711146,-1.77154
20130143,before,0.12815396,-0.31709146,-0.14944174,0.26544047,-1.201558,-0.55775863,-0.52950142,-0.89891391
20130162,before,0.58109398,-1.1955307,-1.1302126,0.16493987,-0.98580782,0.052143396,0.17167124,-1.0619389
20130181,before,-1.0213291,1.4500165,-1.6242261,0.12389761,-1.6630168,0.52478666,-2.248104,3.2436306
20130191,before,0.36665247,-0.107666,-0.83300282,-0.7526762,0.93021337,-0.79094669,-1.1445873,1.1400554
20130201,before,0.73644597,-0.22500552,1.4745658,2.5942318,0.94013969,-2.2888408,0.11427152,0.87491151
20130209,before,0.48275515,1.5259541,-0.77833557,0.37531485,0.10586849,-1.5120083,-0.14208491,-1.0861754
20130211,before,0.012178325,0.22294992,2.7821951,0.34324166,0.07769333,0.069824123,0.066929776,0.98456187
20130253,before,0.69223625,1.2158701,-0.24646249,-1.0899021,-0.31492401,-0.87785127,0.5132784,-0.080465637
20130277,before,0.39826899,0.91547516,0.35272814,1.8211878,-1.3442855,0.65033764,-0.62677687,-0.034914387
20130281,before,0.10711599,-0.30860081,-0.22455393,0.23600977,-1.3221118,-1.3279556,-0.4928795,1.5166366
20130286,before,-1.4232514,0.10432356,0.72073225,0.40113104,0.029369295,-1.2003742,0.81167142,0.36848843
20130297,before,0.41941441,-0.021921197,-1.1617675,-2.0693887,0.24547546,0.85277122,3.1071075,1.23126
20130301,before,-0.65789192,0.20967555,0.32062772,-2.9563456,1.720564,1.8676199,-0.013818536,1.0592089
20130321,before,0.86601737,-0.93966438,1.0711809,-0.5300231,-3.1661959,-0.67730926,0.80728241,0.82353843
20130332,before,0.62495388,-2.4468944,-1.1880924,2.6285427,1.0386573,0.091519314,-1.8643514,0.33247944
20130340,before,-0.14823134,-2.1943109,-0.17295942,-1.0487409,0.21642753,-0.24202631,1.799923,2.1872316
20130350,before,-0.83078539,-0.37057036,0.34537566,-0.31577296,-0.6338496,-0.02890619,-0.29248268,0.2904448
20130368,before,-0.78823018,-0.19211447,0.51898362,0.26765663,-0.33094561,0.6109073,-0.17213622,0.43598678
20130375,before,0.25237841,0.25765433,-0.80821267,0.16503751,0.51976777,-0.85950431,0.48905654,-0.94772572
20130385,before,1.1659141,-0.44444336,-0.94047345,-0.17828177,1.3228139,-2.2544435,-3.1441548,-0.42068746
20130387,before,1.1490272,-1.4512966,-0.88017722,-0.23859779,-0.053866322,-0.69285568,-1.9462971,1.5045336
20130415,before,0.73131039,0.16481941,0.12622532,-0.023384292,-0.85846577,0.76310211,-0.47846843,-0.98454562
20130434,before,-0.782043,-0.56386444,0.18617204,0.50225037,0.091068769,-1.0900236,-0.68530562,1.3105058
20130444,before,0.015813088,0.57615917,0.95385186,-0.50298938,-0.62782407,0.62221423,-0.64473184,-0.26720698
20130470,before,2.4109745,-1.0584296,-3.1739672,-2.6677811,3.409567,0.21895533,1.5372362,1.5367865
20130501,before,-0.51871885,-0.85020372,-2.3234185,-0.19148169,1.9120851,-0.49427538,-0.20604452,3.5143545
20130517,before,-1.0439346,-0.41926261,-0.041278963,-0.53086015,-0.12102534,-0.90615954,-0.034761782,-0.38762242
20130534,before,0.76827803,-0.21498707,-0.71664817,1.0634362,0.2122252,-0.25013713,-1.3687098,0.38314613
20130536,before,1.8584666,0.14570954,-2.7684455,-0.65199778,-0.26507692,1.318534,-1.0071513,2.8074189
20130540,before,0.65546711,1.1013142,-1.2038471,-2.3636387,2.2473065,0.84099617,1.0970899,1.1884554
20130613,before,-0.44858705,-0.63691423,-0.3568309,-0.22275833,-0.17660854,0.71914671,0.51721511,0.92278154
20130629,before,0.46407212,0.17769568,-0.84552318,-0.14219363,-0.15570566,0.13119483,0.31430274,0.27045243
20130635,before,2.7886727,-0.6297586,-0.76761333,-0.93234339,2.4646246,2.6857589,1.7811271,-2.5467596
20130656,before,-0.59946011,0.2655121,-1.2877256,0.97345995,0.84763833,0.63944402,0.9022935,-0.12430593
20130666,before,0.81224996,-1.0012094,-1.6092205,-0.51031935,-0.052281485,-1.9917006,-0.54932473,0.065069569
20130667,before,-0.28335687,0.97974045,-3.4887394,1.4506431,0.11662064,1.9157406,-1.09825,-1.0778371
20130687,before,0.51816461,0.32533458,-0.18157747,1.6794659,0.86302836,-1.6487514,-0.29944188,-0.23759017
20130734,before,1.264334,-0.054480132,-0.0035662426,0.24482152,-0.57309462,0.40342059,-0.74583413,0.044273663
20130746,before,1.9534398,-1.2026837,1.5235551,-0.039195881,-1.1878992,-0.51290456,-0.12800102,2.4259314
20130777,before,0.58754061,1.5344125,-0.29292908,-0.045475179,0.10231218,-0.064486544,-0.13191041,-0.73009778
20130786,before,0.61208081,-1.5131089,-0.56928203,2.1699509,0.43121866,0.5513305,0.18422052,-0.97279703
20130790,before,0.19661711,-0.22326213,2.4359532,0.99093285,0.20595544,-1.2819201,1.1163335,0.66480714
20130813,before,-0.20629969,-0.44926479,-1.4362924,-1.4979924,1.9701303,-1.1881216,-0.24416873,1.6393007
20130825,before,0.59350522,0.75808162,-1.3773907,1.9020716,0.45478188,-0.44901525,0.40792902,0.77077823
20130853,before,0.37739625,-0.15408078,-0.18428413,-0.23648072,-0.27382009,-0.81293564,-1.8256114,-0.054493983
20130866,before,0.27387252,1.0319206,1.6800882,0.39361685,1.2424295,0.82929118,-0.56782709,0.3839382
20130878,before,0.15946134,-0.43457524,-0.60684111,-0.17400741,-0.46164681,-0.20420853,-0.42186394,-0.18305018
20130909,before,-1.234967,0.31809839,-0.53050478,1.1380716,0.14602171,0.52429411,0.09481587,0.69391861
20130910,before,-0.11391883,0.45751216,-1.0090577,-0.54096693,0.53752068,-1.1088484,-0.23543637,0.84407137
20130914,before,0.93325614,-1.0325937,-0.43977678,-0.66425171,-0.08770454,-0.53085011,-1.737883,1.1769933
20130920,before,-1.0836986,-0.54815349,-0.11590022,-0.80679069,-0.20692272,-0.38968999,0.036461892,-0.33394266
20130927,before,-0.56888951,0.63482325,-0.48486567,0.55851988,-0.066295178,0.17206668,-1.1699697,-1.336551
20130929,before,-0.24915359,0.4784062,-1.8473648,2.0410136,0.057311584,0.012360001,-0.022157729,-1.8970526
20130952,before,4.185477,1.1992407,0.39115048,-1.1409497,3.2452285,-0.56291336,0.82021425,-0.5160202
20130953,before,-0.55119138,-0.51744311,0.43787354,0.35069802,0.37637922,0.1831666,0.66912167,0.57591808
20130957,before,2.4105042,-1.5927865,-0.88951422,-1.3338611,1.0598655,1.1949622,4.458498,0.44736999
20130968,before,0.43497712,-0.67012434,-0.47171001,-1.0877791,-0.018421541,-0.26532259,0.23053548,0.42342543
20130977,before,-1.1161402,0.0074580856,0.4568711,-0.3557788,-0.79188241,0.34395986,0.98772331,1.39791
20130990,before,0.018908397,-0.083894085,0.8949372,-1.0141609,0.46066571,1.5757367,-0.25478348,0.0047618611
20130991,before,1.4376899,-0.067704229,0.37660035,-1.1195813,1.112227,-1.0564475,-0.418961,-0.60231735
20131001,before,-0.68938753,0.32916454,-1.9325975,0.42116579,0.98067011,0.13356012,1.0047797,0.98972693
20131002,before,-1.3599199,-0.74353871,0.66202253,-0.14060328,-0.38404692,-0.056670865,-0.2231783,-0.35076121
20131017,before,-0.2059457,1.4943947,-1.5025953,0.39821051,-1.3587076,-0.34322981,-0.25724928,-0.10563583
20131018,before,0.44694071,0.32264269,-0.35799808,-1.209345,-0.7490213,0.26581551,-0.37237559,0.44087857
20131031,before,2.9381527,-2.6234894,-0.45865932,-1.0317945,-1.3332434,1.3182632,0.44543429,1.3104182
20131038,before,-0.71122239,0.043107414,0.25673078,-0.81363829,-0.14201942,0.11176728,-1.5761231,-0.79685862
20131050,before,-1.2294232,-0.29845605,-0.47885739,-0.25341759,-0.95144281,0.68784078,-0.64030052,-1.2195085
20131052,before,-1.1969243,-1.0105715,-0.076441511,-0.13760926,-0.15922485,-0.1333582,0.19272924,-0.41257506
20131057,before,1.0304214,1.0613631,-1.6895344,-0.50406011,-2.259122,0.074060895,-0.68414795,3.087401
20131072,before,1.0110454,-1.7706358,-1.3625634,1.5375517,-0.27097602,-0.46506045,1.3303283,-0.518789
20131083,before,1.3988881,1.3464082,-0.2569428,-3.1482744,3.9902201,0.12178773,0.92794235,-0.25862777
20131086,before,0.99544295,-1.1132379,-1.1405496,-1.3704093,-0.71886851,0.7037511,-0.27645559,1.2715564
20131096,before,0.80226535,-0.67199907,-1.3080545,-0.97916138,0.5188871,3.1948921,-0.93863051,-0.57722304
20131099,before,-0.0074762539,-0.72231257,0.031577102,1.1644766,0.59569877,0.048326325,0.45726358,0.55636892
20131115,before,-0.34766152,-1.2131054,-0.29449179,-0.17738463,0.43612021,0.21885566,-0.12533764,-0.34550667
20131147,before,-0.88698068,-0.21849505,-0.22814728,0.58301555,-0.6107008,0.3582082,-0.26400866,-1.4329275
20131158,before,-0.44649634,0.33013673,2.6512585,2.5364779,1.653659,0.52589973,0.03900328,1.2105666
20131161,before,1.1804193,0.27671449,0.60373974,1.9555787,0.023276786,-0.36925515,1.3736375,0.16915587
20131163,before,-1.1124769,-0.21662294,2.8176426,0.58398422,0.67575376,0.066888809,0.28064424,1.6827175
20140006,before,0.2730971,-0.73338358,1.2222522,-1.0023385,-1.3533338,-0.60077321,0.93785713,0.12342093
20140012,before,-0.14852699,0.3277265,0.72244489,1.4146225,0.76352938,-1.0983311,-0.015105414,0.24081124
20140029,before,0.79775494,-0.98393134,-0.68705875,-0.28401834,-2.6999807,-0.063361865,1.7161812,-0.68217422
20140041,before,-1.2363651,-0.19727398,0.22620104,0.42383301,0.20182515,-0.24301625,0.52859989,-0.25099184
20140045,before,-0.59030379,-0.74146115,-0.87269831,0.85106413,0.23831335,-1.1227083,-0.71163884,-0.53255522
20140052,before,-0.11347628,-1.3891894,0.03328239,2.3277391,0.93500005,0.78226848,0.77298288,0.7805891
20140060,before,-0.46938673,0.15619436,-0.84025761,-0.11514389,-1.0652605,-0.13770851,-0.77205018,-2.01109
20140066,before,1.2542485,1.194866,0.45942379,0.30077638,-0.63698068,-0.31949704,0.097935279,-0.18435503
20140086,before,0.61125162,0.68861894,0.088949694,0.67410841,-0.61198476,-1.1222809,-0.029153981,-1.4533576
20140089,before,-0.49561302,-0.089640362,0.30150096,-0.023641616,-0.39448318,-0.51745011,-0.10371908,-0.59548301
20140098,before,0.60054788,0.35833961,-1.0957241,-1.1177595,0.62993768,1.2691878,-1.1916409,1.3559053
20140104,before,-0.79457577,0.42416956,0.58716565,0.18299612,-1.0230448,-0.79433817,-1.1375229,0.50347476
20140118,before,-0.19797062,0.83586103,0.23262459,0.46032758,0.14493632,0.51539019,1.2336231,0.11065022
20140124,before,-0.58879198,-0.89794308,0.61494655,-0.26921457,-0.17521343,0.21676879,-0.82132083,-0.8508102
20140139,before,-0.26433994,0.027128982,1.3184607,-0.31265117,-0.17307529,1.9357366,-1.4486122,-0.29209795
20140156,before,0.97725217,0.12910483,0.27939326,0.29965517,-0.48126044,-0.7440402,-0.92477863,-0.13186762
20140162,before,-0.76927764,0.17639835,0.52937919,-0.5777729,-0.058560477,-0.9542172,0.72966484,0.052745918
20140174,before,-0.56429557,-0.81329322,-0.15853076,-1.3749119,0.28428448,-0.37951664,0.41879101,-0.53667089
20140178,before,-0.67616881,0.91495106,-0.10655288,-0.64557285,-0.45245811,-0.38830073,-0.54998353,1.1342291
20140181,before,0.6803526,-0.20957991,0.35333725,-2.1339095,1.8606094,-0.885519,0.04302209,-1.3476992
20140186,before,-0.096163444,-0.17667282,-0.34758385,-0.64313872,0.29934973,1.291732,-0.86082804,-0.86434769
20140194,before,-0.43491868,-0.35667756,-0.96107198,0.36718318,0.86340329,-0.68114415,-0.74971103,-0.39696046
20140201,before,2.129101,1.1569801,-0.54510084,-0.74559096,-0.82929494,-1.7608727,1.1454779,-1.2050969
20140207,before,1.8326252,-1.546739,0.93109953,0.10002699,-1.7771558,-1.1109171,0.059520508,0.37255408
20140307,before,-0.15382081,1.0080782,-1.0185628,1.1999814,-0.29328839,-0.40581608,-1.2057662,0.37355938
20140319,before,-0.36221783,0.18991397,0.13159451,-0.63366266,-0.26243198,-0.81428991,-2.5612556,1.7705268
20140331,before,-0.25102284,0.74217713,0.9353943,-0.78114132,1.043033,0.15564571,0.92549305,-1.1455941
20140364,before,-1.0676987,1.5071273,-1.1538456,-0.027871045,-1.4187129,1.1367627,-1.2586267,1.0227855
20140367,before,-0.6238838,0.25415074,0.53675465,-0.096449149,0.31106445,-0.25735191,0.056804242,-0.51301367
20140368,before,-0.08878629,-0.90890759,-2.1096522,-0.16759761,-0.069054222,0.51353873,-1.6823075,-1.940154
20140379,before,0.15663161,0.31195046,-0.023437958,-0.17931508,0.13807759,1.0615107,-1.6435829,2.117097
20140385,before,0.90450457,-0.98857238,1.2302973,-0.3389329,-0.65497649,0.70268469,0.32437381,0.79737317
20140418,before,0.93653445,-0.94073496,-0.97591982,0.81756074,1.8058771,-2.3908233,-0.39962685,1.5914541
20140438,before,0.5430796,-1.5665336,-0.26384811,-0.62204808,0.35865898,-1.130642,-0.47320713,2.7225079
20140468,before,-0.77184251,-0.11335761,-0.53676557,-0.30423855,-1.0898587,0.75886222,0.26057128,0.6691809
20140500,before,1.9262317,3.5038211,-0.25627616,0.10480434,0.6095422,-1.8550181,1.8346532,0.91481992
20140515,before,-0.58404395,-0.67522729,-0.083772931,-0.75072214,-0.048008402,-0.97675188,0.42090008,-0.0076602709
20140516,before,0.086748319,-0.36051163,-0.64183283,0.042175176,-0.48039049,-0.27134022,0.41731156,-0.841554
20140532,before,-0.45237686,0.78291391,1.7022073,0.51578097,0.8319806,-1.0596296,-0.70230425,0.3780164
20140536,before,-0.28817341,0.62753393,0.085069385,-0.72822889,-0.43417413,0.19937949,-0.016084332,-0.65107408
20140544,before,-0.65868261,-0.021168657,-0.19589997,-0.33001326,-0.32161704,-0.65956486,-0.58346326,-1.1305228
20140549,before,0.067843478,-0.57881533,-0.50641409,-0.42288331,0.25825631,-0.08688453,0.38670545,-0.65837052
20140598,before,-0.91578873,0.24053148,0.34361313,-0.7350546,-0.45655757,-0.30475397,-0.21782078,-0.89584447
20140607,before,-0.96219781,-0.5287219,-1.3564198,-0.0037310738,-0.70149633,-0.51453489,-0.70438336,-0.15922102
20140615,before,0.77796701,1.8378117,0.14687951,-1.4114702,-1.0863177,0.17946628,0.83305845,-0.50487779
20140623,before,2.5249727,-1.1897126,-0.57539279,-0.33288775,0.3495532,-1.0170426,0.17636746,-0.3386552
20140648,before,3.9278278,1.3611341,-0.63009885,-0.77920623,2.3797265,0.5263252,-0.39548362,-0.99664838
20140651,before,0.21369269,0.098902684,-0.43983613,0.54650263,-0.089541653,0.85868384,0.3019358,0.38073028
20140668,before,-0.69453936,0.924881,0.85541477,-0.56194933,-0.22512755,-0.52128367,-0.90519453,-0.62464209
20140686,before,-0.72707272,1.1685831,-0.69879792,0.39201824,-1.5223635,1.9661781,0.055673143,-0.68419305
20140692,before,0.8361802,0.23081606,-0.12103118,-0.1678727,-0.88229934,1.4152008,1.3366497,-0.14943185
20140706,before,1.0077031,1.4303204,0.87142628,-0.032946917,-0.069648293,1.9728333,-0.44221275,-0.45400161
20140710,before,-0.32063565,-0.46941306,-0.3440011,0.90505532,0.24300036,0.98365545,0.90608199,-0.57317387
20140712,before,1.1460846,0.023406559,0.2298705,0.41991506,-0.29645769,0.13316067,-1.4945551,0.23270287
20140726,before,-1.2250899,-0.46146232,0.58483969,-0.58247179,-0.81923361,0.0063533795,0.11211825,-0.49938536
20140727,before,-1.0904478,0.36052185,-0.39113542,0.49997976,-0.5882892,0.75360832,-0.42573104,0.4731563
20140736,before,-0.32866725,-0.03692768,-0.5338831,0.8949116,0.28057786,1.107314,-0.779814,2.1082787
20140759,before,-0.32957555,-1.2007028,0.53730845,1.235903,-0.84378803,0.64982583,-0.74001916,1.3757672
20140766,before,2.0192959,0.78274217,0.034820833,0.78378627,-0.25620533,-1.1933752,0.0071831473,-0.65409722
20140797,before,1.308988,0.65993024,0.55316671,1.0445776,2.0664863,6.2187886,-1.8715869,0.39971072
20140807,before,0.41182219,-0.21160219,0.14196001,-0.67621518,-0.5468889,-0.049743788,0.16620094,-0.65153299
20140822,before,0.079866296,-0.045632965,-0.053926666,1.2962392,0.35240013,0.015226336,-0.094582218,-1.2739708
20140830,before,2.3796473,-0.051060592,0.16809778,0.11229884,-2.6499485,-0.20954803,2.2721624,-0.25874419
20140838,before,-1.294195,0.46224116,-0.29572492,-0.19588669,-0.65622436,0.032319834,-1.183961,1.8683916
20140840,before,-0.36437015,0.48047517,0.61953168,-1.250937,-0.34270703,2.5182631,-0.66529806,0.33633976
20140873,before,0.37687271,-1.096924,1.5516985,0.56773829,1.6540476,1.1469204,-0.5376259,0.20265872
20140918,before,-1.0946522,-0.55363157,0.49842722,1.1792509,0.18703221,1.2154053,1.5716576,-0.17447718
20140932,before,-0.81618192,0.29924199,0.98754723,-0.36282926,0.24878921,3.2599529,0.94677557,0.41745065
20140935,before,-0.23396685,0.030631363,0.87157822,-0.7117333,0.1685696,0.086996338,0.43356478,0.56399761
20140942,before,-0.16342693,-1.1900185,1.0850542,0.79231771,0.069189074,0.64792814,-0.047511263,-0.17874961
20140950,before,0.0038543156,1.2284362,0.95431341,0.30159358,0.35383496,1.6101079,0.37608973,-0.25333854
20140951,before,-0.79604112,-0.16803489,-0.38591053,-0.59641522,0.80555286,-0.22106991,-0.82315309,0.10906658
20140979,before,0.8425237,2.6970446,-2.0300164,0.29287091,-1.2591526,-0.1856686,-0.14860977,0.47440898
20140997,before,0.56456174,1.5556289,-0.82012976,-0.24257838,-0.16297371,0.37526154,-0.49024484,-0.33386639
20141009,before,-0.62767528,0.51455182,0.58279009,-0.016476833,-1.128638,0.20331749,-1.7739219,-0.18738476
20141014,before,-0.32073676,0.44407022,0.1155498,-0.69756736,-0.1725729,0.13789281,0.17445401,-1.135723
20141021,before,-2.8701277,-1.0899677,-1.293883,1.1067466,-2.4446272,1.0147406,4.5373787,3.1905145
20141035,before,1.2433216,-0.36871607,-0.84010336,-1.2909416,1.4547116,-0.86540128,1.5752824,-1.1012304
20141039,before,-0.42664049,-0.28301794,-1.8951155,1.735618,-0.31632861,0.021985463,-0.43429911,-1.3601966
20141045,before,-0.24205695,-1.7716427,-1.1247663,4.3876829,1.3519282,0.56701597,0.3710575,-0.63772042
20141063,before,1.1046494,-0.30394321,-0.36767926,-1.7596731,0.68699389,-0.57862217,0.033856439,-0.98624468
20141068,before,-0.63240845,0.3309549,-0.36851496,-0.14950569,-0.065043886,-0.65842004,0.24781279,-1.1376509
20141074,before,-0.16629075,-0.35988383,1.3091451,-0.62098956,1.2120075,0.34726727,0.52440819,-0.72477703
20141089,before,1.5450097,0.098100526,-0.47016646,-1.6534697,1.2626533,-1.3899933,1.0873859,-0.1934687
20141103,before,-0.073777555,0.042036769,-0.79682334,-0.24935492,-0.98536201,0.19961225,-0.14106059,0.2813423
20141104,before,-0.99151088,-0.26838199,0.16295703,0.36580858,0.98863764,-0.49538377,-1.77642,0.74096722
20141148,before,-0.45699044,0.55513977,1.4562036,-0.42606013,-2.1226818,-1.0251234,2.511248,-0.69473305
20141160,before,-0.59127951,-0.41541685,0.62878667,-0.89189378,0.44519047,-0.36914596,-0.45545304,-0.2766605
20141165,before,-0.76525915,0.23603388,-0.0047479856,0.4506503,0.41503059,-0.76617835,0.34759147,-1.2114232
20141169,before,0.072184833,-0.2744046,0.26394121,-0.39855735,-0.16835693,0.14622609,-0.055692492,-0.097168037
20141177,before,-1.1294664,-0.16201704,0.28534728,-0.49468095,-0.68570254,-0.42755602,-0.14890795,-0.86314414
20150005,before,0.78683787,0.23909287,0.57370342,0.47443,-1.2451371,-0.63520136,-0.65158794,1.7015812
20150015,before,-0.62915923,-0.00054456502,-0.80687509,0.79407066,0.18150297,0.86203438,0.02063152,-1.2285057
20150017,before,-1.0625128,-0.018661367,1.0733072,-0.85918368,0.33676442,-0.61395944,-0.70428755,-0.76871312
20150024,before,0.3226988,-0.51419713,3.4687159,1.2373429,1.7209047,-0.25191153,0.21813067,1.4282523
20150025,before,-0.19394416,-0.43026465,-1.0206514,1.168223,-0.14055927,-0.38658009,-0.091360597,-1.5476718
20150039,before,1.470572,0.1646621,-0.12506953,-1.4330154,0.57720939,-0.55358795,-0.9360811,-0.024711678
20150049,before,0.41022667,-0.085765698,0.50915883,-0.61946242,0.68950183,-0.060052098,-0.861056,-0.12157042
20150053,before,-1.000983,-0.97836719,1.3213859,-0.97267747,-0.28177245,0.75681326,0.11133609,-0.31657943
20150069,before,0.73847186,-0.82172493,-0.46151165,-1.1705974,-0.74905963,-0.7823226,2.4535161,-0.22028553
20150083,before,-0.97789029,0.068788174,-0.80015736,0.777537,0.2697661,-0.052548949,-0.43671906,-0.93940497
20150097,before,-0.63016697,-0.84668914,0.13890295,-1.4456969,-0.19007866,-0.50125688,0.23421955,-0.063137243
20150100,before,-1.0628438,0.53768312,-0.42940928,-0.23331037,0.3067741,-0.21497658,0.094656702,-0.47332898
20150108,before,0.013480451,0.64497913,-0.21968259,-0.95798418,-0.87407366,-0.075229641,-0.37796391,-1.3913507
20150123,before,-0.30723589,-0.51771381,0.45614092,-1.2298493,0.11184712,-0.26183941,-0.20863603,-0.50224172
20150135,before,-0.92863362,0.33207231,-0.51343812,-0.022400255,-0.020331199,0.71510715,-0.59353027,-0.68609357
20150149,before,-1.0359252,-0.6267048,0.30470002,-1.0106449,-0.14307795,-0.72210533,0.051880159,-0.33575266
20150167,before,-0.38983161,-1.4897701,-0.039243123,0.29216889,-0.09086238,-0.12343673,0.083983265,0.012278664
20150175,before,-0.18613874,-0.25693704,0.3428507,-0.90757014,0.44678891,-0.85949544,0.01373506,-0.78804379
20150185,before,-0.68516437,1.1322835,0.054090503,0.49917428,-0.38750688,-0.36856238,0.32059288,-1.1270936
20150187,before,-1.0762165,-0.57115576,0.58573007,-0.98621619,-0.3351595,-0.27055528,-0.35455649,-0.85748646
20150189,before,-0.99266123,0.78466897,-0.77001301,0.12539772,0.071781604,-0.95150936,0.2841174,0.31069926
20150206,before,-0.2842083,-0.089616434,-0.19360913,-0.11964515,0.6330497,1.7222471,-0.022250924,-0.78882336
20150231,before,1.1252297,0.086239365,1.9966251,-0.9726098,2.2927394,-0.24562088,-0.21434421,-0.47799844
20150252,before,-0.52834859,0.10573937,-1.0326625,-0.5370958,0.42519267,-0.19533615,-0.91208821,1.4336461
20150260,before,-0.26457471,-0.32498372,0.070870128,0.76962778,0.20402118,-0.39900639,0.2740854,-1.0855102
20150266,before,1.1339635,-0.78847494,-0.059229911,0.99048477,-1.3691463,1.0445126,-0.31645316,0.39276351
20150285,before,-1.2018538,2.0994545,-0.52079552,0.20647236,-0.19832895,-0.16233403,1.6868064,-0.26079287
20150306,before,-0.082278246,0.33533014,-0.19064687,-0.29028093,-1.5251023,-0.54008627,-0.16504602,-0.84873809
20150359,before,1.1958791,-0.60846324,-0.54644692,-2.3604853,0.52440079,0.95567133,1.5185212,0.55296559
20150370,before,-0.78104419,-0.67402172,0.17670479,0.34784218,-0.33180894,-0.9029763,0.84197319,-0.21092214
20150377,before,0.4142493,-1.4702037,1.8189896,1.5830957,0.043170166,1.3485941,0.56893219,0.96388426
20150391,before,0.83917627,-0.047396529,0.56534864,-0.37472962,0.95158664,-0.83268226,-0.42017786,-1.3821109
20150407,before,-0.975552,0.20859132,-1.9282659,1.2303997,-0.93965087,-0.063156808,1.7220548,-1.3257601
20150436,before,0.48692873,-0.19672916,-0.0052535242,1.3829192,-1.2490413,0.29791054,-0.32999069,2.1290337
20150441,before,-1.7329999,0.12078036,0.95930198,-0.0086178526,-0.10154963,-1.7024491,2.9438719,0.64477468
20150445,before,0.41613555,1.5725858,0.22586618,1.2389752,1.1329216,0.11541039,0.53305445,-1.8637327
20150451,before,-1.3953435,-0.36584675,0.15041801,-0.32611063,-0.024673147,-0.39675968,0.68992115,0.37093521
20150458,before,-0.91543516,1.5048379,-0.83952431,0.73343838,0.26519202,0.68159505,0.16597142,1.7428616
20150468,before,-0.071411943,0.61771548,-0.43424896,-0.23257192,-0.67329102,0.42986663,-0.028604079,-0.8593185
20150482,before,-0.52763869,-0.32868213,-1.4716737,1.0982847,1.0889584,0.91927171,0.17194915,-0.76228842
20150491,before,-1.5527311,0.051231426,-2.1585764,0.58138226,-0.76727149,-0.29545328,4.0494972,5.5824094
20150499,before,0.020552127,1.8583479,-0.77884493,-0.24087427,-0.11020606,1.8659111,0.93432364,-0.95787388
20150515,before,3.1305021,1.4678653,2.1061533,2.0623211,4.6375507,-0.38551115,0.40132417,0.93096823
20150528,before,2.8403707,-1.6457826,0.10407001,-0.21924228,-1.7195657,-0.58287494,0.042125537,-0.040599354
20150532,before,3.8131589,-4.1764777,0.9197405,0.10492023,-1.4917025,0.90868161,-0.4137386,0.33948949
20150537,before,-0.90523762,0.84833803,0.24161469,-0.012718672,-0.098621733,0.22098711,-0.37680585,-1.0890376
20150546,before,-0.055092069,0.56013314,-2.2516126,1.0027612,0.73673117,0.76696175,-0.62170588,-1.6022749
20150561,before,2.2187933,-2.3162736,-0.87185117,-0.67228339,0.095138314,-0.45980624,2.2528671,-1.0789641
20150566,before,0.06804261,1.2223345,1.5351854,0.65729798,0.015682525,-0.91645298,0.32226661,0.22723457
20150594,before,-0.35466231,0.32906165,1.007503,-1.032466,0.12628438,0.77941113,-0.53346974,-0.8564787
20150608,before,-0.053578874,0.061791801,-0.15450032,0.088418381,-0.23732973,0.56180178,0.64677723,0.11766297
20150614,before,-0.34639806,-0.11407556,0.13694287,-0.89804559,-0.20399291,-0.046544981,-0.37008265,-0.094770721
20150628,before,2.157351,-0.3051123,-1.4179573,-1.051257,1.3142822,-0.57033689,0.083838221,-0.24094583
20150629,before,-1.2974386,0.0011185642,0.067750639,0.054389217,0.16494283,-0.96363448,-0.078502278,0.11981425
20150637,before,-0.54438246,-0.012815829,-0.51726682,2.076697,0.056461303,2.3627016,-1.0707906,2.2363667
20150638,before,-0.74862569,-0.87667274,-0.11210431,0.073073399,-0.29672371,-0.18392339,0.12201005,-0.35247564
20150646,before,1.4422827,0.1558309,-0.14302542,-0.2715026,0.37891301,0.83619609,0.64739261,1.0322526
20150650,before,-0.30452662,0.82703041,0.094960611,-0.22656983,0.34027506,-1.6105925,-0.90451628,-0.74693581
20150655,before,-0.62439749,-0.2093389,0.69628395,-0.089351419,0.89883801,0.16494662,-0.87511035,-0.40920025
20150656,before,1.3240311,-2.523183,-0.78871176,0.0092488302,-0.29243543,0.065887317,0.35611649,1.5053983
20150682,before,0.31836075,1.8067408,-0.3850577,-1.2702471,0.073106826,0.80989506,-0.06406001,-0.39294923
20150699,before,2.3222916,2.7066483,-0.8975346,0.86095352,-0.1158523,-0.33357936,-0.95363935,1.5898832
20150700,before,-0.14064289,0.67628695,0.072366737,0.31498809,0.29497121,0.35676613,0.36863991,-0.62119487
20150717,before,0.469181,-1.3180163,-1.2456761,0.28117232,0.23513462,-1.6147748,0.26490949,-0.33059303
20150746,before,2.2579338,-1.5102277,0.50264678,0.8081692,0.50355505,-0.34794854,0.93578487,0.23596075
20150761,before,0.92852025,0.3850272,-1.4829356,-0.97636649,0.70702096,-0.010777093,-2.0192545,1.7643499
20150802,before,-0.49923745,-0.58726386,0.38790104,0.90720487,-0.54425875,-0.12320891,-0.12076081,-0.1296319
20150805,before,-0.099637504,1.8812348,0.35757157,-0.13643361,-0.27486635,-0.089585924,-0.12115304,-0.22518076
20150809,before,-0.228502,3.4454176,0.76248395,0.093218121,0.35237474,0.15216092,1.1089577,0.031894841
20150821,before,1.823452,3.2141404,1.0002235,0.15210568,0.90943618,1.4139316,2.7281643,0.27115792
20150827,before,2.6896212,3.404905,0.28337719,-0.47192081,0.42130205,0.24789091,2.8320247,-0.44477214
20150829,before,0.12586171,1.098894,-0.58799129,-0.85143336,0.19075131,-1.0754792,1.1112897,0.65036324
20150836,before,0.68752114,1.3550002,1.4164096,1.3573494,0.36234497,3.4779592,-0.13623668,0.72862182
20150843,before,2.2185232,-1.1087417,-0.022850914,0.41829623,2.7308854,4.1967997,0.2540324,-2.6479568
20150871,before,2.2999156,0.21596393,-0.89133428,-1.1604081,1.1077134,2.1141117,1.3489645,1.443556
20150880,before,0.2450171,0.65076699,0.81503203,-0.58714423,-0.33282678,0.91257506,0.61631402,-0.0061803518
20150890,before,0.50781145,-0.25254701,1.2338858,0.88852862,0.38709297,0.45343894,-0.10068175,0.2086209
20150908,before,-0.62423647,0.85095339,1.7423077,-0.64521021,0.33736172,1.5299691,-0.0058403653,-0.050363712
20150942,before,-0.56997409,0.73383991,-0.32301571,0.59497282,0.40219606,-0.083482418,1.1241856,-1.2508482
20150953,before,0.85273087,0.88835529,-0.71751581,0.074545382,-0.15259406,-0.24107999,-0.39960473,-0.22123449
20150984,before,-0.33924363,-0.026035706,0.1380151,0.12485642,0.2339858,1.2086845,-0.036462409,-0.30728043
20150992,before,-0.13072904,-0.99404254,0.82350011,1.3102863,0.88770725,1.3387868,0.43273134,-0.14563529
20151026,before,-0.65371427,-0.89630843,0.36412949,-1.122719,-0.57542887,0.36374332,0.057563277,0.49182508
20151030,before,-0.55653923,0.91435854,-0.10628087,0.50513788,0.10664529,0.074472789,0.15687886,-0.85548295
20151045,before,0.69298792,1.7093266,0.91607299,-0.5574521,1.1580674,0.20163119,0.66986452,-0.25734729
20151050,before,1.536462,0.68855275,-0.0397186,-0.48641759,-0.98173921,0.88253602,-0.2758477,0.62561995
20151054,before,-0.48843456,-0.37947494,-0.13239086,-0.97006114,0.03787876,-0.69556063,-0.4948091,0.15425879
20151076,before,-1.1446206,-0.62008736,0.24386784,0.055232455,0.22835585,-0.50072096,-0.34136665,-0.43310165
20151116,before,-0.54630921,-0.098310794,0.6657396,-0.72450787,-0.10366789,0.74472767,-0.22523555,0.10504765
20151119,before,0.2019992,-0.059137239,-1.7866269,0.3051231,1.3172817,1.4872155,-0.9983357,0.55320046
20151123,before,-0.61763808,-0.12551917,0.77781548,-0.63599763,0.26077682,-0.23043438,-0.34429795,-0.65961025
20151130,before,0.51974149,-0.00095665526,-0.61529581,0.84407175,-0.39647754,-0.17310413,-0.43528763,-0.65736211
20151136,before,0.19510504,2.0049188,1.75627,-1.9459337,1.7986836,-0.82841116,1.5037125,-1.0719531
20151141,before,-1.006922,0.20927162,0.78132224,-0.89617256,0.66366612,-1.0652841,-0.24264141,-0.70132243
20151143,before,1.7321543,0.75201904,2.3804094,-0.67014808,2.8394204,0.081355825,0.051652412,0.18489298
20151148,before,-0.6442325,-0.80322367,-0.02730254,-0.61604346,1.1020184,1.8210309,-0.20138007,2.2895649
20151160,before,-1.2473634,-0.31340599,0.26421432,0.1069196,-0.19763588,0.56239377,-0.011200335,-0.17974618
20151170,before,-0.90758412,-0.25514911,0.70770737,2.8394966,1.1312268,0.75379283,0.72003731,0.61305561
20151175,before,-0.79918752,-1.1512572,1.9014332,2.2827412,1.0143737,1.7011391,0.50496089,0.94291899
20151178,before,0.015879748,0.58255531,-0.70906011,0.29086547,-0.19001947,-0.61918746,0.36226586,-1.369615
20160006,before,-0.84634071,1.0151695,-0.35844391,-0.6122957,0.28671651,0.57544195,0.89101806,-1.0282341
20160030,before,1.2167891,-1.2280498,0.46013434,0.68003101,-1.3773435,0.60074697,-1.2305418,-0.2935678
20160051,before,-0.42519297,0.15948639,0.16434234,-0.14277462,-0.22598075,-0.054605837,-0.64797086,-0.33138548
20160080,before,-0.71616135,-0.20590925,0.62270745,-0.92742338,-0.28208913,-0.56131937,0.79731467,0.16049663
20160102,before,-1.0451127,-0.25998908,1.0800637,-1.2719947,-0.28978856,2.3105218,0.2547158,-0.53339106
20160104,before,-0.18543326,0.4176903,-0.30769336,-0.94171666,0.68692559,0.120803,0.66896814,0.37816113
20160127,before,0.40049202,-0.43676678,0.11972129,-0.12238477,-0.076021185,0.011405754,-1.9813712,0.74996857
20160132,before,-1.2075394,-0.27166261,0.5097623,-0.92114184,-0.21183172,-0.54486343,-0.40102097,-0.57012601
20160139,before,0.53368328,-0.32450226,-0.85448731,-0.59783612,-0.46914784,-0.33944959,-1.4403293,0.56222766
20160145,before,-0.99724211,-0.35769857,0.54452447,-1.1980247,0.024412008,-0.85237595,-0.21922203,-0.87794163
20160161,before,0.5081689,0.40534878,0.98489506,0.4202691,-0.15681386,-1.2802016,-0.18496807,-0.44851027
20160162,before,-0.15055937,-0.7709226,0.97798886,1.0505947,0.17860293,1.4714814,-0.047169225,-0.50714799
20160176,before,-0.61891284,-0.45710286,0.41424057,-1.1673761,-0.3344949,-0.042612031,0.035476239,-0.50040762
20160186,before,-0.87258127,-0.3398887,0.60394279,-0.69801327,-0.61714914,-0.54505132,-0.19446062,-0.080957682
20160199,before,0.90489323,-0.59654766,0.33360477,-1.4860355,1.1041886,-0.89033647,0.45762312,-1.1801239
20160232,before,-0.46629006,-1.2119548,0.38116533,-0.77987874,-0.13752406,0.51120366,0.79600351,-0.50255986
20160253,before,0.48264453,0.13032211,0.17225625,-1.6903496,-0.33047786,-0.22622573,-3.928608,0.40939769
20160288,before,-1.2159146,-0.025670079,0.736398,-0.2357093,-0.26975207,0.4365442,-0.034571182,0.67215039
20160315,before,-0.95211895,-0.5610132,-0.33985525,-1.4100835,0.46319618,-0.019284189,0.90460779,0.24401988
20160317,before,-0.14789903,-0.068389656,-0.20137379,0.056757814,-0.20947071,0.58452951,1.1043161,0.5042455
20160330,before,-0.81727558,-0.68350508,0.23670886,1.7499839,0.65079684,-0.52425215,0.18422928,-0.35114582
20160336,before,-0.20437965,1.4187007,0.67587188,0.24054037,-0.090386775,-1.0012151,-0.19978363,1.2305729
20160337,before,0.75434178,0.87887803,0.26845871,0.12248145,0.74970214,-0.25883204,-0.69244275,-0.7746699
20160404,before,0.20539509,1.5269719,0.20566994,-0.4146925,-0.35398223,-0.39987961,1.404983,-0.39945701
20160411,before,0.82017688,-0.65271566,0.77617645,1.092573,1.4066658,0.12321475,-0.10790493,-1.832017
20160414,before,0.85434223,0.062474464,-0.88899698,0.32780446,0.4922669,-0.17016316,1.1571895,-0.86170145
20160443,before,-1.0151697,-0.52863768,1.8598243,0.32638762,0.18790694,0.079456189,-0.51279446,0.45487279
20160453,before,-0.90414329,-0.1674834,0.093593261,-0.90040579,0.11497364,-0.34701746,-0.72848205,-0.75001408
20160486,before,0.65864183,0.86564653,0.52895524,0.77789989,-0.86556262,0.36351994,-0.21434853,-0.45952506
20160487,before,-0.62458941,-0.70175746,0.055976451,-0.96083995,0.3475412,-0.55472183,-0.38728735,0.7429938
20160490,before,-0.17776096,1.4395337,0.98791919,1.4986958,-1.2416365,0.37083717,-0.053759113,0.88795292
20160498,before,-0.33453713,0.40632889,0.068476478,-0.21686334,-0.56933059,-0.45349508,-0.6912207,-0.55115793
20160523,before,-0.70608946,-0.26830303,0.043154791,-0.29759025,0.31972677,-0.60140966,-0.20498335,-0.32304416
20160527,before,-0.35084727,-0.43077729,0.99834931,0.43383615,-0.50572616,-1.87573,-0.34631572,0.72993672
20160539,before,-1.3112217,-0.83925778,0.066628408,-0.61471489,-0.12253823,-0.47188086,0.22724912,-0.69429073
20160555,before,-0.62659392,-0.75658038,0.77946357,-0.47736385,-1.6644649,-0.43810579,-0.13786032,0.77858369
20160579,before,-0.36283178,0.27269869,-0.84969085,0.82490542,0.68802902,0.49415288,0.57861645,-0.4501247
20160587,before,2.2182259,-0.45403081,0.23171834,-1.6309839,1.4656223,-0.48525365,0.73614746,-0.86865624
20160599,before,-0.38516864,-0.14619056,-0.48608652,1.6867997,0.79058179,0.8770293,0.79706906,-0.46312911
20160609,before,-1.0255065,0.35643089,0.76515892,-0.64740027,-0.59107523,0.031793386,0.2695222,-0.13645307
20160610,before,-0.26158256,0.42617903,0.082360169,0.61386306,0.93065266,-1.122436,0.51834062,-0.77074524
20160644,before,0.1609176,0.93714559,0.10231376,-1.1136178,0.06206507,-0.60516025,0.066593822,-0.31626802
20160647,before,-0.44820941,0.66288179,0.12267506,-0.7109347,-0.37423544,-0.24288386,-0.82567996,-0.27181338
20160649,before,-1.0216897,-0.057275745,-0.30579682,-0.062664598,0.49873659,-0.57206816,-0.52377639,0.62069501
20160692,before,-0.38773084,0.0045771287,0.45912005,-0.034740582,-0.51285173,1.9608567,0.14978135,0.30329058
20160696,before,-1.1019605,-0.22231703,0.66393097,0.4171717,0.60097605,-0.34909251,0.22553769,-0.14484688
20160711,before,-1.0232275,-0.2767788,-0.65521357,-0.36072763,-0.74665312,-0.5741201,-0.22363727,-0.11982073
20160721,before,-0.64296549,0.57441873,-0.56637484,0.5554799,-0.45189036,-1.3915771,-0.95066963,1.5234254
20160729,before,-0.50110557,0.52227517,-0.51050743,1.4635157,0.64013791,-1.2257659,0.22113737,-0.22907299
20160735,before,0.60725299,0.069750782,1.2703649,1.0202034,-1.9239882,0.066465452,-1.0525902,1.4313476
20160742,before,0.06274109,0.52203641,0.43246741,-0.20342303,-0.15168815,0.3373692,0.028785428,-0.17348824
20160754,before,-0.23376327,1.2504626,-0.35515859,-0.062017206,0.48473312,0.29070728,0.58680029,-0.11765796
20160775,before,0.66659659,-0.38275109,-0.36937388,-1.362454,0.40001935,0.28843028,0.66903836,-0.12920583
20160797,before,-0.39283165,0.4999874,0.066738833,-0.42976391,-0.055909574,-0.30495775,0.23460206,-0.56226179
20160800,before,0.058125365,-0.46461917,-0.57918707,-1.1067449,0.13320501,-0.36545906,-0.025883115,0.23922258
20160815,before,0.20520794,0.7137809,0.30187517,0.89236053,-0.50764001,0.46270412,-1.0290121,-0.8675171
20160861,before,-1.2654958,-1.3214375,-0.62811973,0.45268965,-0.95080144,1.0446231,-0.71809603,-0.60428345
20160881,before,-0.76615447,-0.97113696,0.50215266,0.42025314,-0.071601096,0.083495185,-0.14699393,0.81878052
20160903,before,-0.82682844,0.52160852,-0.68215296,-0.94464942,0.86633327,-0.40907268,0.29878945,0.6628387
20160911,before,-0.45051981,-0.25656394,0.54443493,-0.74122808,0.03723261,-0.90880055,0.23686307,0.14369429
20160922,before,-1.4622986,-0.60785201,-0.52896454,0.78765044,0.068649298,0.4059728,1.2454105,-0.29586893
20160927,before,0.38344933,0.18412895,0.88927966,-1.4156771,0.80201719,-0.21601237,0.44792887,-0.59157536
20160980,before,-1.3439666,-0.99276432,0.25633634,0.81924852,0.90309383,-0.46171283,0.40844149,0.36482837
20160994,before,1.4819979,0.47039943,-1.1747539,-1.1801025,0.27798942,0.62283288,-0.95141074,-0.14725302
20160999,before,0.4353709,-0.20818671,-0.031245146,-1.5645344,0.97362703,-0.23641343,-1.3678575,0.022440448
20161003,before,0.12878981,-1.1891243,-1.854743,0.90780909,0.26603708,-0.054155361,-0.83291785,1.5838623
20161008,before,0.9087514,2.7414504,-1.3118342,2.5585707,0.70320922,-0.8904562,1.1233794,-0.8078714
20161021,before,0.42892471,1.0327155,-0.38473258,-1.4492817,2.1653871,-0.92032895,0.72850378,-1.1234495
20161043,before,-0.035505241,0.73434188,-1.0893962,1.0228853,-2.2147348,0.42878785,-0.22637549,0.8183275
20161051,before,1.5606328,-0.41832971,-0.67846853,-0.19140387,0.56249825,-1.2782142,-1.9167579,0.19859605
20161052,before,-0.56772757,-0.38198851,-0.14471392,0.078851107,-0.26939906,-0.5525699,-0.52184014,-0.41400819
20161071,before,-0.77954807,-0.8672511,-0.34281899,0.78405347,0.80227147,-0.30048098,0.16912964,-0.82240875
20161085,before,0.53765956,0.25539002,0.58892494,0.11481264,-0.13892942,0.30327731,-0.95850756,-0.48185615
20161087,before,0.62985745,-2.0740744,-0.45293161,0.7661662,0.80126614,0.25029468,-0.48615931,0.55247492
20161097,before,-0.95236293,-0.26483668,0.23319875,0.013104339,-0.82857195,0.2157359,0.050387172,-0.27632656
20161098,before,-0.19020094,-0.9628433,0.59563143,-1.3853616,-0.4755633,-0.057288432,0.57096704,0.061855517
20161120,before,-0.047536936,-0.39388807,0.15408529,0.25694564,-0.45411311,0.22494043,-0.57797683,0.11406042
20161121,before,-1.2086932,-0.16383724,1.270769,-0.36278437,0.13464532,-0.26580402,-0.045687593,-0.12121755
20161158,before,-0.65789307,0.87075003,-1.7958461,0.062081455,-0.99243438,0.8636741,2.423502,-0.66302791
20161168,before,-0.17283257,-0.06087477,1.1947681,-0.56386079,0.13570935,-0.52939157,-1.01729,-0.18651937
20161180,before,0.2562845,-0.77463879,0.057983498,1.7584036,0.20527365,-0.25244166,-0.25162051,-1.0678419
20170008,before,-0.57874808,0.54619567,0.34539273,0.28216509,-0.17957133,0.9521933,-0.45191005,-0.26921898
20170020,before,0.29431804,-0.95066341,-0.35192987,0.40146135,-0.99644712,0.35426773,0.87954332,-0.075758335
20170022,before,-0.93198697,0.013817645,-0.0034794067,0.38016782,0.6657889,-0.37341915,0.41196467,-0.13753416
20170023,before,-0.22963999,0.26917597,-1.2041545,-1.0442426,-0.66654401,0.80461597,-0.041614474,0.22509985
20170033,before,-0.39776497,-0.80073138,0.28406843,-0.098780401,-0.20968458,0.25163079,1.0015201,0.46552944
20170039,before,-1.154565,-1.0338275,0.13262872,-0.92674431,-0.57043602,-0.38270338,0.40903201,0.026981863
20170049,before,1.3281566,0.016302042,0.20780829,-0.64253549,-0.57269016,-1.81177,-0.54114094,-1.3087932
20170056,before,-0.59750716,0.0046487511,-1.3441025,0.7602812,-0.83859499,0.26841125,-0.12220881,-0.57780458
20170082,before,-0.19319876,0.92248367,-1.4588222,0.50511793,-1.1498531,-0.29314492,-1.758723,-0.14261632
20170098,before,0.9210438,-0.17729837,-0.046484693,-0.85623917,0.20807586,-1.2919785,0.21381714,-0.44709339
20170117,before,-0.80644596,-0.49033975,0.60675626,-0.94484772,-1.0230931,-0.20086505,0.24563142,0.26860699
20170135,before,-1.4559294,1.6462253,0.29960941,0.80025355,-0.24410204,-0.031617287,0.71384471,1.499895
20170154,before,0.47362819,-1.3658037,-0.9685962,0.59564847,-0.4481152,-1.5223849,-1.1398237,-1.6084534
20170193,before,-0.93091453,0.081906091,2.2291745,-0.26259479,-0.30914066,2.9311106,1.6362034,1.2681232
20170225,before,4.9061908,-2.8506259,-0.0014510401,-1.8476503,5.0495604,0.24204294,-4.6966907,-0.84674389
20170228,before,-1.148324,-0.71602162,-0.0034866332,-0.47635982,-0.36872852,-0.55945004,0.32751162,0.85835739
20170242,before,0.10662548,-0.70255883,-0.067883006,0.21872373,-0.91012297,-1.0555872,-1.4350378,-0.76591983
20170245,before,-1.2984418,-0.53123208,0.40242756,-0.2744833,-0.094088607,-0.46496513,-0.37715874,-0.23070796
20170285,before,0.93550399,2.1852949,2.8192664,-0.044187534,1.4906765,2.1679938,-0.42850353,0.25726435
20170288,before,0.091071531,2.7564685,0.35570142,-0.14688261,1.5396609,0.88885522,0.78658374,0.39928148
20170296,before,1.6016291,-0.14196687,-0.47573183,-1.9891433,1.7765419,-0.081429256,2.4635003,-0.27576008
20170299,before,0.60095285,0.62759486,0.44911043,0.15219652,-2.1281415,1.1456432,0.16938273,0.24663732
20170319,before,0.46220218,0.86589325,2.1322941,-0.50452056,1.2730973,0.64642749,1.1258593,0.86238504
20170342,before,0.98167489,-0.82398024,-0.34155887,1.2534156,0.36185208,-1.1837747,0.25483389,-0.27270518
20170348,before,1.2643732,0.053745347,-0.98870989,-2.2283178,0.58818076,-0.27796981,2.0675601,1.2728164
20170375,before,-0.091529332,0.78475386,-0.87422926,0.029538799,-2.1053901,0.059167336,-0.59020884,1.6588401
20170409,before,0.96089542,-0.87278703,1.2413344,0.50320548,-0.84005636,-1.0027536,0.55398831,0.61545222
20170410,before,-0.066265929,-0.69765979,0.87918089,-0.75754959,-0.17079834,0.83122326,0.0065515041,0.18726916
20170432,before,-0.0065616103,4.8963762,0.93280814,-1.158562,-1.0509266,-0.65957605,2.6750999,0.2754709
20170467,before,-1.0294098,-0.10413619,0.41017196,-0.31405163,0.16898636,-0.73226044,-0.23864225,-0.2281383
20170482,before,-0.24935277,0.072355193,-1.0866346,0.014511443,-0.62801635,-0.061199632,-1.6160275,-1.0990541
20170485,before,-0.31874935,0.42758621,-0.93955899,-0.49936544,1.0657884,0.87595434,-0.47637433,-1.0601115
20170491,before,-0.73253184,0.040033271,0.75555052,-0.73670309,-0.10132467,-1.0068425,0.95684659,1.0401424
20170504,before,0.9533181,-1.1393758,-1.9174021,-0.94445879,1.9709921,-0.33837149,-0.10476002,2.6306454
20170510,before,-0.15966974,0.62264735,-0.056967043,0.90027314,0.11386334,1.2487692,0.47863351,-0.83005807
20170514,before,-0.41882126,-0.81154867,0.32411771,-0.70686665,-0.36953932,-0.25386593,0.59826074,0.048849202
20170520,before,1.1510157,0.13064594,1.0389355,3.1013325,0.46497276,-1.670855,0.52256167,0.79795037
20170534,before,-0.31066184,0.84216593,-0.076076184,1.178933,-0.2416878,1.5682136,0.63703976,-0.17885858
20170548,before,0.61196949,1.7097338,1.1455933,-0.071995149,-1.2653449,-1.0134624,-0.53960588,0.84223811
20170556,before,0.72138916,1.0547355,-0.64020701,0.042809449,0.6777099,-0.81778402,-0.0992126,0.36155176
20170575,before,0.37346546,0.26403735,0.066331251,1.3884984,1.1587219,-0.40034787,-0.76514611,-0.40296883
20170587,before,0.67445053,-3.2209098,-1.9679399,0.60313458,0.33699215,0.0078935196,2.2158775,4.9859194
20170596,before,-0.66157967,2.0124743,0.23578001,-0.45002437,-0.46797669,-0.55211594,-0.93350977,-0.72212552
20170673,before,-0.67745585,2.6965815,-2.5213349,1.1684242,-2.1511615,2.6973788,-0.58987935,1.8565179
20170676,before,0.56705457,0.6008382,-2.2178255,0.83093324,-0.41452189,4.1539451,-0.4947753,0.47389857
20170684,before,0.52049716,1.4315403,0.046763025,-0.50159293,0.19053824,-1.3695103,-0.53150258,-0.99082287
20170696,before,0.56783967,0.60689871,0.31296592,-0.18057842,0.36042445,0.54026451,-0.51772697,-0.094726899
20170699,before,-0.60449604,-0.48522929,-0.8935642,0.12369385,0.72989659,-0.38834789,0.10244899,0.09760464
20170707,before,0.68624704,0.23213935,0.062550851,0.96078806,-1.0030187,1.8297031,-2.1506812,0.003281856
20170717,before,-1.0667256,1.2800391,0.2411571,0.49363607,-0.83167265,0.65927002,-0.032141571,0.3094583
20170749,before,-0.54951252,-0.65145759,-1.45579,0.82482508,1.5854274,0.078009246,-1.6920562,0.22042572
20170756,before,1.4945843,0.27916599,0.81333131,-0.13742444,-2.2170941,0.26400768,1.3787837,-1.3331198
20170760,before,2.3060353,-0.34610471,-0.18065116,-1.1130323,-0.47342915,3.075407,2.4661952,-0.10026534
20170794,before,2.5022222,-1.0466231,-0.11557668,2.3318518,-0.92219437,-0.24127788,1.026615,-0.3207307
20170824,before,-0.68785262,-0.18431503,0.26781001,0.19164962,-0.011214382,0.27339853,0.019513466,-0.16025624
20170832,before,1.0093174,0.41292437,-1.2926471,0.092372291,-0.84511592,-0.52929882,0.59666187,0.034664972
20170843,before,-0.13947112,0.86370726,0.18846006,2.0463447,0.74115466,1.6846199,1.2653381,-1.1871577
20170845,before,0.16640658,-0.43461148,0.2638655,-0.09701094,-0.39950314,0.050641016,-1.4771482,-0.67331848
20170858,before,-0.60003632,0.78113801,-0.53050934,-0.28617485,0.10055211,0.33356577,0.4434045,0.43516234
20170866,before,0.45774554,0.0022352235,-0.44573643,-0.68604618,-0.86930403,-0.44787287,-0.0061107041,0.58540705
20170881,before,0.99666367,0.19928407,1.1824448,1.1291267,1.265992,1.0973153,-0.25915602,0.24458327
20170885,before,-0.4208248,0.31235449,0.89268191,-0.82167783,-0.26318355,-0.0046460577,-0.10326689,-0.20932773
20170899,before,1.4191868,0.043071712,0.74505115,0.19220971,0.037554714,-1.765411,-2.1188276,-1.1734213
20170922,before,0.22776974,0.95700469,0.40650512,-0.85436659,-0.18826065,-0.055969045,0.070180656,-0.87146968
20170957,before,-0.96203896,0.10939441,-1.1717932,0.9949938,0.4613408,-1.2449581,1.1810668,0.21811276
20170979,before,-0.010147807,0.35176771,-0.560883,0.1410818,0.18239875,-0.44082572,-1.3835004,-2.0151976
20170984,before,0.59563397,0.15874483,3.6202633,-2.0949519,1.0194522,3.3637136,0.8439608,0.87959384
20170998,before,0.26045139,0.65008651,-0.52391255,-1.3355667,0.18483474,0.24939615,-0.4708745,-0.38096912
20171007,before,0.52555697,0.28610898,-0.36688345,-0.39690163,-1.2643631,0.4818857,0.01408004,-0.75843118
20171038,before,0.60755947,0.050812972,0.22615635,-2.1819185,1.4422103,0.86702887,1.5732038,-1.4625507
20171054,before,0.87652508,-0.51838799,-1.2179418,2.3842119,0.34524644,-0.0033787871,-0.38986024,-0.34711048
20171068,before,-0.35696413,-0.74221093,-0.99656832,1.4813055,-0.1525965,-0.56848608,-2.6432774,0.37357841
20171078,before,0.82534653,-0.022221291,-0.8759165,-1.0265466,0.10070163,0.33373835,1.7392368,-1.4416715
20171085,before,0.75490503,0.56918748,0.77431696,-0.48795743,0.84733144,-1.4634145,-0.53879952,-0.52909252
20171097,before,-0.64851791,0.50065771,0.82408438,-0.32708216,0.13118725,0.21644421,-0.66890549,-0.14821598
20171104,before,-1.0561402,-0.41792867,0.5677058,-0.045229992,-0.055075813,0.1911584,-0.76722831,-0.36696535
20171124,before,-1.1658173,-0.20962728,0.5520058,0.17153593,-0.29953842,-0.53771448,-0.23861085,-0.2031506
20171126,before,-1.2353667,-0.41140769,0.79194667,-1.1921372,-0.14174594,-0.041539422,0.042578189,-0.44716246
20171130,before,-0.1673463,-1.6028228,-2.6015081,-1.559326,0.60358456,-0.60409911,2.3782637,3.6175933
20171155,before,-0.85257995,-1.2348222,-1.9141089,3.146096,1.3718919,1.5914112,0.87317255,-1.0473066
20171171,before,-1.5224404,0.37395166,-0.63968035,0.28871478,-0.21731356,0.81442503,1.4809996,0.68911694
20171179,before,1.3034949,-0.42885392,-0.80172801,-0.62883066,-2.8413152,1.6985403,0.59808785,-0.72216664
20171182,before,0.0069082419,-0.96802733,0.78611519,-0.4023072,0.20461995,0.55374948,0.04808497,-0.71604216
20171189,before,-0.6256275,-1.3030556,-2.2607422,1.768679,0.4406204,0.42428751,-0.51515239,-2.7069248
20171190,before,0.53580238,-0.41414711,-0.49266927,2.0135718,0.83335617,0.31732068,0.036391985,-0.12965468
20171195,before,-0.92160281,-0.36498624,-0.43008779,-0.21439083,-0.4641211,0.98995741,-0.22779745,-0.96730291
20171200,before,-0.80711203,-0.4926245,0.66362785,-1.0243419,0.15742938,-0.34959858,0.013260199,-0.77389564
20180009,before,-1.1659692,0.35940273,-0.45900524,0.11536876,-0.39118928,-1.4315828,2.1891718,0.95192456
20180010,before,-0.46262601,0.33751734,-0.57035688,-0.41991892,0.52976679,-0.85781561,0.62390602,-0.66677815
20180016,before,1.052645,-0.05083026,0.40581711,-0.77128292,-1.5770125,-0.74717745,-1.0128828,-1.3238483
20180039,before,-1.2728845,-0.4521375,0.50455231,-1.0697807,-0.3885301,-0.27265648,-0.55821274,-0.70092033
20180050,before,0.14408567,-0.6497936,0.77131218,-0.62667502,0.69251186,0.043164155,-0.37732108,-0.87870109
20180082,before,0.57774392,-0.13464257,-0.24889961,-0.50808476,-0.17231944,-0.78484461,-0.36579767,-0.21031876
20180096,before,-0.80726431,-1.6918521,0.23117389,-1.2978092,-0.62447958,0.98986793,1.0817697,0.67211538
20180099,before,-0.68973797,2.0828186,-1.8549689,0.33361694,-2.2670974,1.4057631,-1.0411306,4.3763073
20180117,before,-1.0116705,-1.7045123,-0.73698158,1.3782582,-0.9131801,1.5617667,-1.9134529,-0.6051283
20180129,before,2.5145833,-0.25836014,-0.8470739,-0.22474244,-1.0610584,-0.61457173,1.8762265,-0.5625343
20180138,before,0.01101024,0.28208096,0.0019188284,-0.41650793,0.95763672,-1.9077667,-0.30958317,-0.72631506
20180148,before,-0.53932143,-0.9563783,0.45485626,-0.88394904,-0.87478323,-0.084135471,-0.34501024,-0.49172807
20180154,before,-0.12352339,-0.37757823,0.80378124,0.26012992,-0.41460171,-0.60102653,-0.36477512,-0.12396472
20180159,before,0.29310957,0.15894809,0.19723559,-0.78483131,0.19119568,-0.91273813,-0.041004333,-0.59475883
20180170,before,0.82573517,-0.97205328,1.1705026,-0.29411628,0.3392002,0.16317738,-0.64213458,-0.68781325
20180175,before,-0.83298359,0.21472079,0.97192858,-0.18623453,0.64551576,0.046263805,-1.05377,0.155355
20180178,before,0.1532692,-0.71228923,1.5408536,0.38817101,1.8134728,0.15080414,0.30779616,-0.13031642
20180181,before,-1.2536835,-0.25479905,0.68301699,-0.52051846,-0.03285551,-0.47212953,-0.27713662,-0.86536681
20180182,before,-0.92976066,-0.40336458,-0.74496301,-0.31440907,0.73880953,-0.18987275,-0.86779917,-0.308672
20180194,before,-1.3042363,-0.61025555,0.58052477,-0.45637349,-0.19855134,0.1728521,-0.17000432,-0.7986341
20180196,before,-0.86030441,0.5950156,0.22409761,1.6036752,0.64726914,-0.32472163,0.49609498,0.77822772
20180200,before,0.24650459,-0.31403919,0.57615803,-0.66333866,0.25335482,1.1326952,-0.027692937,1.1423957
20180203,before,-0.21680246,-0.67724196,-0.15445065,-0.11032085,-0.83046692,-1.0798755,-0.6582344,-0.17393108
20180236,before,-0.18946032,0.6507763,-0.45448272,0.88588558,0.2469783,-0.12568534,0.1558128,-0.86954667
20180244,before,1.7206559,-0.18691604,-1.9058713,-1.1694373,1.1564881,0.26740373,1.8138179,-0.28191736
20180249,before,-0.57079707,-0.99071511,1.1825344,1.2649801,-0.96366272,-2.0424709,1.655185,0.69785229
20180263,before,0.95816515,-0.32464405,-0.82838486,-0.40952536,0.04784452,1.6596857,3.2272443,0.082490638
20180278,before,0.28467376,-0.94400093,-1.9078553,0.031883985,-0.43697684,0.03328758,-0.090913459,-0.76716898
20180287,before,-0.80099672,-0.40091539,0.69194043,-0.87056219,-0.027779862,-0.022797499,-0.082090253,-1.0927244
20180300,before,1.2968396,1.4250633,-2.2258923,1.3235374,-5.3739824,-1.0186703,2.8307956,-1.6156858
20180309,before,-0.35797188,0.16567936,-1.5184012,-0.43647751,0.8424104,-1.2085176,0.55471086,-0.66812721
20180333,before,0.092435817,1.7994067,-0.20782663,0.12109128,-2.4687901,-0.16578579,-1.3543533,2.8198944
20180339,before,-1.4408678,-0.92660404,0.69387403,0.53870397,0.044864129,-0.41728003,0.21703222,0.060723754
20180346,before,-1.2565934,-0.69983508,0.2512792,-0.57821821,-0.3159545,-0.12969708,-0.35369981,-0.61235168
20180368,before,0.68435511,1.514428,0.27053109,0.11727039,-1.078266,-0.65458675,0.9765022,-1.4213701
20180409,before,-1.0962507,-0.22227323,0.53571393,-0.80885057,0.074755957,-0.13473345,-0.54869032,-0.16236456
20180415,before,1.526787,0.30411791,0.20687275,-0.67460515,0.22953292,0.040011575,0.35263493,-0.28391362
20180435,before,-0.46941663,-1.1576747,1.1968523,-0.56213126,-1.4031779,-0.43867175,3.0744051,0.0054379476
20180438,before,1.8205225,0.086183518,-0.26202893,0.1774205,0.25559171,-1.5586586,0.10486694,-1.1439463
20180441,before,-0.74774017,-0.15280532,-0.72407308,-1.0048701,0.25317347,-0.41355247,0.39952687,-0.13025164
20180445,before,-0.81198022,0.0081426617,0.74165411,-0.38807509,0.066780378,-0.51366406,-1.3504692,-0.32098027
20180468,before,-0.92685601,0.87679322,0.27505913,0.77868697,-0.33357127,0.092718832,0.43512942,0.7920914
20180516,before,0.15316359,-0.66196326,-1.0673131,-0.26359298,0.72502674,-0.40190365,0.36313607,-0.37141383
20180545,before,-0.0027202502,-0.95825418,-2.3499181,-1.1137748,2.1280073,0.57559181,-0.46702852,1.9440831
20180548,before,-0.10938866,-0.37335327,-2.1949491,1.9027356,1.0598863,0.34750922,0.50549607,0.3814296
20180558,before,-0.8450185,-1.5772954,-1.219174,3.2095704,1.5627558,2.1980933,0.55207453,-0.0077897397
20180563,before,0.22015767,1.1236543,1.4952835,0.83455586,1.099293,-0.070698876,-0.22856677,0.13637508
20180566,before,-1.0095575,-0.032937505,0.42655297,0.55480369,0.18161404,-0.57628195,0.091100079,0.67230058
20180576,before,0.16743241,0.32213476,-0.57658201,0.84066298,0.08169811,-0.063010057,-0.4917478,-0.49567695
20180578,before,-0.31534507,0.53461046,1.5940858,-1.1675267,0.7930696,0.44046643,0.50089368,-0.44041885
20180602,before,0.21833007,1.112611,-0.9516932,2.9217902,0.52650714,-2.2686569,-1.045263,0.01695865
20180608,before,1.7331717,-0.4494713,0.30974125,0.73345745,-0.85249789,0.21504578,1.0344627,-0.24211566
20180610,before,0.5711691,-1.1682073,-0.14528143,-0.1402758,-0.010275391,0.61884332,0.78954303,-0.81831273
20180628,before,2.056661,-0.15537919,-0.40237965,2.0492199,-0.068236283,-0.17545847,1.4108543,-0.21854328
20180654,before,3.0815082,-0.70443585,0.94904518,-0.26101304,-2.2858372,0.25269672,-0.9602252,1.3233667
20180688,before,1.496909,0.18528701,-0.72368924,-1.3034217,2.3348373,-0.0036982743,1.2093362,-1.1044359
20180707,before,-0.2971788,0.43288923,0.51970908,0.72189279,-0.68737749,1.6012775,-0.53664275,0.36136745
20180723,before,-0.9123997,0.25640029,-0.27352609,0.54672383,0.14530564,-0.23450251,-0.50230677,-0.035617164
20180725,before,-1.5276275,0.60395353,0.79724305,1.4582962,1.5236976,-1.0174079,1.1964459,2.3055644
20180733,before,1.5376267,0.75270233,0.98722743,0.52808078,-0.9608759,0.84762431,0.11743142,0.22880899
20180747,before,-0.823417,-0.62508227,0.63719833,-0.19367776,-0.99742506,0.038605819,-0.52706718,-0.70485766
20180759,before,1.7875556,-1.8375431,0.0082518635,-0.18859646,-1.9101259,-0.1996771,1.2236112,-0.30913225
20180803,before,0.61720816,1.5080773,1.0489887,-1.1731123,0.12427156,1.1944672,0.45872819,0.415101
20180813,before,-1.0710684,-0.76184904,-1.9318544,1.0011329,-0.59049639,0.67430338,0.11797338,-0.51377383
20180849,before,1.4126313,0.2671512,1.4940762,1.5756508,1.9276576,0.88307825,-0.89713311,0.23853839
20180864,before,-0.53534326,-0.46527645,-0.15460335,-0.35799949,-0.19709496,-1.2843573,-0.55035904,-0.82024727
20180872,before,0.093038122,0.026611318,0.33027553,0.61849124,0.96689223,2.0616687,0.63241551,-0.2655968
20180891,before,-0.96302959,-1.2639968,0.51840685,1.1166608,0.03796103,1.6398912,-0.30278205,-0.2313366
20180897,before,0.16619791,1.4723436,-0.47469421,-0.13823193,0.96520107,0.69909367,1.0854916,-1.4939697
20180898,before,0.75081032,0.47372323,0.35891529,1.2245112,-1.0187876,-0.82986246,-0.70113864,-0.55832787
20180910,before,1.2496682,0.33430916,0.6677552,1.8197486,2.183312,1.2435446,-0.56766171,0.32674723
20180941,before,0.42141259,1.0036247,0.18657407,-0.51515549,0.23859547,0.25164696,-0.086034225,-0.31378299
20180970,before,0.39864938,0.19038935,0.77490926,-0.58012844,-0.60745868,0.68278184,-1.5371557,-0.090111179
20180989,before,0.29231466,0.74697613,0.53943205,-0.72150429,1.3070517,-1.163958,0.74405292,-0.55019827
20181005,before,-0.11303899,-0.24327509,0.84668435,-0.68850585,0.043969013,1.783004,-0.043721708,0.021796047
20181011,before,-0.18341573,0.69391032,-0.46033941,-0.19483594,-0.83396412,0.26818046,-0.94109898,-1.2817217
20181039,before,-0.05988428,1.1333858,-0.47082006,-1.5371656,-0.34848623,0.30017756,1.1378594,0.53670972
20181046,before,0.72918502,-1.6868382,-0.76509426,1.006604,-1.2823332,-2.0369311,0.69682355,0.38127425
20181048,before,-1.2849635,-0.79458729,-0.11469057,0.18781846,-0.047611111,-0.23706996,0.0057518178,-1.0142916
20181052,before,1.6782949,-0.073133719,0.73679372,-2.5379603,-0.39584982,1.9355312,0.34709248,1.1543859
20181060,before,-0.36284883,0.22976123,-0.34492786,0.09371527,0.19086621,0.5202659,-0.0051963665,-1.6299861
20181068,before,-0.42490693,-1.5855886,-1.0271829,2.117702,0.95038435,1.1558343,-0.22039031,-0.91464821
20181089,before,-1.1453028,-0.46215984,1.5962856,-0.5107239,0.22904837,0.6779848,0.28249967,0.073184005
20181098,before,-0.70319081,-1.3068415,1.7739951,-1.3380276,0.10505806,2.7352762,-0.063097305,0.41443831
20181118,before,0.16402965,-0.89644925,0.028295388,0.12101699,-0.072186489,-0.7693196,-0.41793152,0.38945406
20181128,before,-0.94059542,-1.1073266,1.9555065,1.5859399,-0.18088294,0.11716718,-0.39942323,0.55676011
20181134,before,-1.0332304,0.56020297,0.62471256,0.43976335,0.28279428,-1.3032357,-0.37820426,-0.30858864
20181135,before,0.2205277,-0.6277185,0.29204529,-0.2858363,-0.30007386,-0.10618692,0.17017806,-0.16729569
20181141,before,0.18179222,0.91400246,-0.76589862,-1.2770271,0.41903348,-0.24517523,1.036752,0.23450468
20181155,before,-0.2621564,-0.16615223,-0.097452955,-0.46431514,0.58300508,1.6614647,-1.2543174,-0.70374755
20181188,before,0.22588578,-0.17794633,-0.25520429,0.76638782,0.018772881,0.17619477,0.027008004,-0.81663709
20190008,before,1.5567589,1.7327965,-1.2287274,0.42852456,0.099492,-1.5197147,0.63752632,-0.89345943
20190012,before,-0.22627263,0.52912034,0.79657317,-0.41277247,-0.58396802,-1.1675988,0.24488512,0.33209357
20190014,before,-1.315707,-0.29337762,-0.54722265,1.6959501,1.1261486,-0.30472925,-0.07913882,0.41237599
20190028,before,-0.43730093,0.39590423,-0.42433765,-0.090693686,0.91966126,0.56735496,0.097533729,0.55608218
20190036,before,0.41354105,0.56922061,1.2250522,-0.063870569,0.41248451,-1.1868295,0.5117143,0.93188225
20190042,before,-0.099638862,-0.50131109,0.030281273,0.098262692,-0.20166816,-0.52760203,-1.0028085,-0.54464368
20190052,before,-0.24247337,-0.33327735,0.64417108,-0.9901067,0.19809905,0.025700257,-0.4273307,-0.52753043
20190069,before,-1.5337939,-1.1201213,0.080779229,-0.17239311,-1.1555591,0.71664221,0.36303291,-0.41036998
20190077,before,0.36859664,-0.30559964,-1.1156091,1.1612941,0.46302538,1.0090053,-0.41596868,-0.64318736
20190087,before,-0.49793347,-0.54983263,-1.4696032,1.065028,-0.078839841,-0.38195939,-0.29485588,-2.2004612
20190094,before,0.5653663,-1.1366223,0.0082746134,0.68905512,2.2754544,0.96793652,-0.38428301,-1.7582854
20190096,before,-0.71269926,-0.19127412,-0.10481159,1.7437069,1.2297853,-0.47218967,1.3766623,-0.39859002
20190110,before,-0.93226402,-0.17459972,0.11019449,-1.1283493,-0.098856926,0.011484782,0.16436101,-0.78631596
20190116,before,-0.20630292,0.40096334,0.62298225,-1.2359109,0.61587052,-1.0190559,-0.26447665,-1.194444
20190118,before,-0.53793383,-0.28424545,-0.01595736,0.56883177,0.62543018,-0.64121466,-0.40097237,-1.0814903
20190122,before,0.13054116,-0.75619829,-0.46437113,2.0055098,0.42709808,-1.062696,-0.40903563,-1.5807203
20190151,before,-1.0639269,-0.30897136,0.93752276,-1.352934,-0.41002233,0.39673763,-0.3518637,-0.80746457
20190156,before,-0.17324549,0.69567712,-0.53304545,1.3751544,0.1626622,1.252915,-1.2433777,0.40730197
20190160,before,-0.64191611,-0.21086874,0.3876442,-0.25280286,0.049988094,-0.30971592,0.20426236,-0.37252451
20190172,before,0.92146593,-0.14420245,-0.51516281,0.014280947,-0.56702977,-1.1424999,-0.49976415,0.11478348
20190190,before,0.14484768,-0.60023099,0.1459848,0.42049552,0.20462464,-1.8739805,-0.45945782,1.3977956
20190197,before,-0.24313315,0.0097430411,1.2983496,-2.6964063,0.20344577,2.7746526,0.62122437,0.34666356
20190202,before,-0.066305508,0.48781941,-1.0076385,-0.67201733,0.83230608,-0.036754116,-0.41410233,-0.44413584
20190237,before,-0.7552301,0.034465822,-0.074647221,-1.1920824,0.13196209,0.16130621,0.42512894,-0.26912884
20190239,before,0.54339201,0.14267098,0.90347176,-0.13662969,-2.0230543,-0.43373953,-0.25865663,0.32436929
20190277,before,-0.46960179,-1.033884,-0.05337092,0.97017378,-0.011291966,0.25676394,1.6798267,-0.043337718
20190325,before,1.7592253,-1.3326291,-0.32248856,-1.0678747,0.93515988,-0.93652249,-0.8865062,-0.99708067
20190332,before,-0.64965617,-0.95297157,0.66844457,-0.92180349,-0.59526078,0.38226728,0.44362138,0.26161884
20190337,before,-0.80117589,0.073358396,-0.39075567,0.38707241,-0.47690201,1.3988665,-1.6649571,-0.76707515
20190348,before,-0.19479238,1.4781879,-0.25608593,0.63472265,-0.12279198,-1.6087757,1.5491204,0.0059516908
20190397,before,1.3308748,-0.96169552,1.601968,-0.85904602,-0.3404463,0.76819594,3.6025061,0.43788195
20190464,before,0.46117135,-0.5113604,0.35089167,0.055840848,-0.40778217,-0.69617831,0.055389968,-0.41216096
20190490,before,-0.57539701,1.3136099,4.0531039,2.0694082,1.2725676,-3.5933368,0.19949552,4.1193983
20190492,before,-0.7335972,0.13912907,1.6048931,0.098551277,0.31139283,0.0062907111,-0.41392617,0.44041234
20190503,before,3.0888176,-1.0852144,-0.34211897,0.32508623,-0.37904131,-1.967498,-0.54451965,0.40988643
20190509,before,-0.614317,0.23980828,-0.35554894,-0.47639821,-1.0762708,0.59381976,-1.4903256,0.034350841
20190512,before,-0.42631611,-0.010549416,-0.18896311,0.92877093,-0.012250089,1.7071651,0.96580241,-0.41837398
20190517,before,0.049761308,0.097199489,0.14505973,0.42714866,-0.43304655,-0.41652901,-0.20028784,-0.10728886
20190519,before,-0.84079508,-0.077481879,-0.14722438,0.65215833,-0.15360011,-0.3939096,-0.35909725,-0.14380066
20190529,before,-0.13192601,0.81821021,-0.52877813,1.0763359,0.52023745,1.228733,0.099939851,0.44681175
20190532,before,0.87218253,1.2292416,-0.68426919,-0.20236524,-0.86816588,-0.052322424,0.74018886,-0.23657117
20190536,before,0.56167183,0.55482897,-0.49588788,-0.84205311,-0.027366759,-0.39240191,0.57714942,-0.4348659
20190568,before,0.73988907,-0.070891758,0.18265596,-0.4946321,-0.70337483,1.656092,-0.82779352,0.34035365
20190574,before,0.063559819,-0.36421193,0.29603487,0.73511905,-0.23264303,-1.2048373,-0.69548445,-0.38715961
20190580,before,0.31679727,0.97068222,-1.1295696,0.61126505,0.67229582,-1.1855049,0.98408076,-0.41858175
20190605,before,1.3862614,1.0192701,1.0585306,1.4533074,-0.92706116,-0.71599636,0.11070588,0.67630915
20190620,before,-0.09509559,0.31143148,0.87426574,0.26291402,0.19102506,0.42907214,0.15352483,0.25704793
20190626,before,-0.070811968,0.22125838,0.41686694,2.9224187,1.3247644,-1.4525912,-0.053915806,0.53623638
20190639,before,2.8577888,-1.0138472,-0.66388669,2.9007952,-1.476537,-2.8937839,1.2254551,0.34321474
20190657,before,-0.068406477,0.63115063,-1.4673825,0.69509593,0.17034765,0.95687169,0.17991847,-1.4385086
20190661,before,0.79216747,4.173659,-0.51509673,0.30241008,-1.0784971,0.98063176,0.97121911,1.4154529
20190674,before,1.503733,2.0737322,1.6272286,1.8837723,1.3655724,-0.64892653,1.540757,0.73851926
20190677,before,-1.0705909,0.57612437,-0.0070544679,0.30499306,-0.35180174,0.084215552,0.19485866,-0.51230127
20190683,before,-0.83318565,-0.13332066,0.88155297,-0.44764678,-0.14874681,0.073588003,-0.46082691,-0.15294033
20190687,before,-0.45575115,-0.29395616,-0.68626677,-0.23800889,1.4037353,-1.2595385,-1.0677532,0.74669899
20190691,before,-0.018749554,-0.63169155,0.64573239,0.060050324,-2.2464071,-1.2171648,1.0281309,0.032874067
20190695,before,-0.57582595,0.89043222,0.76302403,1.7273535,1.5557334,0.95409255,0.98125651,0.84715896
20190716,before,0.17816346,1.7510411,-1.2718992,1.1633829,-0.18805402,1.4816219,-0.53467617,1.1882935
20190725,before,-0.05149699,0.85989014,2.6602935,0.74799927,0.74760694,1.891629,-0.80861702,1.3375798
20190742,before,1.4642871,0.40894903,0.69942892,0.11241925,-0.059252218,-1.2319268,-0.53952281,-0.42237351
20190746,before,-1.3697295,-1.6627671,0.44229533,1.0128408,0.47661205,1.2903377,1.3930892,2.841345
20190777,before,-1.0317728,0.80343612,-0.23148018,-0.2857141,-0.50010031,0.10069626,-0.55611886,-1.1850543
20190785,before,-0.65152157,-0.30568625,0.38309836,-1.6338295,-0.10350033,1.6988481,-0.43659727,-0.24886635
20190836,before,0.17782536,0.023052173,1.5880908,-0.48135068,-0.94427534,0.77041552,1.0457148,-0.22993411
20190844,before,1.7976122,1.3181689,-1.3255397,0.59286759,0.13765871,-1.5764435,-0.17643113,-0.4506334
20190853,before,-0.34036699,0.22618159,0.80612708,1.2112141,0.67455647,1.4398181,-0.55257603,0.072706517
20190857,before,-0.75410278,0.092674675,1.7630454,-0.33396852,0.41939182,1.5190429,0.66628036,-0.58184923
20190870,before,1.6598735,-0.29088454,0.91049072,0.1324324,-1.9098898,-0.80832915,-0.79070688,-0.4218704
20190875,before,0.22622303,0.37388594,0.65703718,1.5037895,0.37296573,-1.0779181,-0.80586985,0.23873154
20190879,before,1.9571027,0.013644559,-0.06607821,-0.037128691,-1.0701568,0.24791189,-0.049223337,0.16478073
20190900,before,0.16865408,-1.8918827,-0.39359498,-0.14247763,-1.3785017,-1.0359756,0.32153703,1.6142685
20190904,before,-1.1374249,0.40535128,0.73616701,-0.55299674,-0.36651561,-0.14714936,-0.4642644,-0.57272158
20190943,before,-0.21542008,0.76717585,0.96236444,-0.27425567,1.1018694,-1.0096017,-0.61043106,-0.85376776
20190968,before,-0.79385761,0.28843775,0.66242301,-0.55622222,0.32696818,-0.6357137,-0.508314,-1.3554503
20190970,before,-0.40880178,-0.64416939,-0.97194812,-0.33412092,0.27424015,-0.57664207,1.3548832,0.7177582
20190987,before,-0.84922773,0.28648756,-1.1092722,-1.1645633,-0.089779292,-0.60751903,-2.4387977,2.0724304
20191004,before,-1.1698241,-0.026831944,-0.50308738,-0.66091661,-0.12466849,-0.99817497,-0.25031136,0.91837485
20191010,before,1.0374893,-1.2705096,-1.1502618,1.1635507,0.76704629,-0.50983418,0.4207091,-0.87060646
20191014,before,2.6005661,-2.0877597,-1.0912151,0.29178641,0.22078162,-2.0509836,-0.86954688,0.85238977
20191015,before,-1.0888665,1.1317432,-0.83249949,-0.10094206,-1.1526404,0.84589019,-0.95370786,0.85010156
20191039,before,0.22834646,1.0900552,-0.5558367,1.6180498,-0.16577262,-0.42716852,-0.24672735,-0.94536247
20191042,before,-0.14523781,0.63644209,0.66033823,0.6458029,0.13056659,0.097172524,0.26768025,0.48871652
20191052,before,-0.29212151,-0.33108608,1.0434572,-1.5601983,-0.34392681,0.82331775,-0.36244307,-0.25191268
20191057,before,-0.04370349,-0.6280181,0.092279216,-1.6609835,0.53384751,0.0032179046,0.19758501,-0.37965576
20191070,before,-0.59307226,-0.69430209,-1.4240379,-0.9262643,0.1583798,-0.034908655,-0.61044235,-0.66765075
20191087,before,0.98796086,0.8858302,0.25717547,0.9636529,0.1569214,0.15041691,1.566681,0.80063224
20191097,before,-0.38617678,0.40786403,-0.36252303,-0.95746818,-0.12705229,-0.23198305,-1.087209,0.25500276
20191103,before,0.27767949,-0.67097167,-1.0775255,-0.95019797,0.69246841,-0.13440379,-1.314438,1.3179307
20191104,before,-0.074522017,-0.30096596,0.31931366,-0.32831949,-1.5733299,-0.88554083,-0.30937588,1.3188643
20191110,before,-0.078726828,0.04104744,1.2543779,-0.83979903,1.0822555,0.079849812,0.45859478,-1.00899
20191150,before,-0.94562255,0.46670787,0.60508422,-0.24185811,-0.11347058,-0.79441273,1.1473118,0.23939798
20191155,before,1.4331079,-1.1143644,-0.31113714,-1.4246262,-0.41633486,-0.030632901,1.3503705,-0.38839878
20191179,before,-1.3904455,-0.79341381,-0.066044013,-0.21797048,-0.75537914,0.65542119,-0.8877066,-0.57001776
20200115,before,-0.55229987,-0.28518473,0.60957028,0.34189874,-0.034164612,0.87060017,-0.97291885,-0.27689531
20200222,before,0.22905184,-0.45284851,-0.061172195,0.68140483,-0.72295963,0.59351015,-1.2542701,-0.78104485
20200367,before,-0.69448428,0.07320745,-0.067876538,-0.47319546,-1.855644,0.29927643,1.5101884,0.30431284
20200502,before,-0.53113751,-0.73224923,-0.10214612,0.82769306,0.040807572,-0.38957195,-0.7227434,-0.95465501
20200561,before,0.094038497,-0.090924412,0.74574057,-1.747612,0.8407294,0.079997191,0.75308456,-0.4250513
20200598,before,-1.1756278,-0.66264828,0.0096374936,0.49389413,-0.33310366,-0.74205181,0.7785793,0.31315298
20200632,before,-0.21547677,-1.3820987,-1.4102684,-0.88211594,-0.24195543,-0.49745692,0.56873037,0.81147591
20200759,before,-0.12502586,-0.087923212,1.8627239,-0.051390358,0.96934082,1.298778,-0.0095614079,0.26617133
20200790,before,-0.9653889,-0.69258826,1.0243217,-0.32015798,0.014675694,0.62071293,-0.54609007,-0.41316019
20200994,before,1.8848981,0.016878234,-0.056465921,1.0113171,0.90889503,-0.42081922,1.0729212,0.45684346
20201027,before,-0.88532057,-0.48966708,0.54552938,-0.66832112,0.072813555,0.50725612,-0.18760469,-0.84037426
20201113,before,-0.51800734,-0.64329506,0.053828092,-0.030180936,0.50521303,-0.35673669,-0.37835834,-0.99736945
20201192,before,0.098388955,0.44805817,-0.24694826,0.10640226,-0.70457712,2.1708991,-1.8025028,0.67979995
20201245,before,1.532418,-2.6785086,0.60542839,0.54196235,-1.9072493,-0.12434614,0.70610768,-0.74985082
20201322,before,0.96200039,-1.1797509,0.86928154,-1.1177412,1.0803589,-0.17081293,-0.18001388,-1.0299159
20201416,before,0.81006362,0.27391685,-0.35070542,-1.1484096,1.1627773,-0.66658661,0.49822834,-1.2941894
20201535,before,-0.2665382,-0.54360884,0.17846581,-0.17350812,-0.2798035,-0.75068167,-0.0092789221,-0.61546087
20201732,before,-0.55299408,-0.65194371,0.24104252,-0.46797676,-0.16443842,-0.32338591,0.030116493,-0.097450723
20201882,before,-0.43904456,-0.08559422,0.60928714,-0.42655643,0.41329091,-0.61844025,-0.85260391,-0.38408363
20201884,before,-0.54360985,-0.88124273,1.1542187,-0.54626416,0.15036831,0.37855989,-0.39828204,-0.081151043
20202023,before,1.4992238,-0.66062371,-1.1559556,1.6658043,-0.14413732,-0.60629164,1.053387,-1.0245032
20202177,before,-0.60944711,-1.4757781,-2.0050877,3.5250939,1.6772068,0.41801581,-0.047666255,-0.54056253
20202267,before,-0.036151719,-1.0702865,0.18070068,-0.19998136,-0.13415056,-0.52230776,-0.056504756,0.13530375
20202365,before,1.3016536,-1.364901,-0.45246644,0.19641934,-1.4388427,-1.2654263,0.03615705,1.076292
20202523,before,-0.11641239,-0.65784625,-0.10686949,-0.29319036,-0.22854436,-0.60275459,-0.60940796,0.038865148
20203146,before,-0.26530658,0.62747162,2.2983241,2.8352562,-0.32172106,2.6744298,0.098480092,5.2278242
20203373,before,1.8515617,-0.37234038,1.1688272,-0.46083856,1.4860009,0.95460185,0.4808068,-0.65593775
20203389,before,0.35246665,-0.4955266,0.96148114,0.26478991,-0.44728646,0.49972654,0.13891497,0.42435679
20203660,before,-1.2457469,-1.7986384,-1.465179,-0.46940163,0.60901325,0.34325455,2.0444543,2.7045848
20203738,before,-1.4365818,-0.55877643,-1.4094043,1.101809,-0.19080503,-0.26058326,-0.38935927,-0.41044587
20203778,before,0.18022364,0.010182853,0.014482048,1.5648356,-1.1989281,-1.1908898,-0.54400037,0.15773151
20203947,before,1.1441772,-0.52403233,-0.039926154,0.84855972,-1.7796773,0.61521315,-1.0886236,0.0061142143
20203983,before,-1.4603694,4.6715436,0.21330932,-0.23497485,-3.5776825,1.4340002,-2.1703532,3.2570236
20204062,before,-1.094149,0.076272655,-0.79446578,0.083804169,0.18847547,-0.6633414,0.30039184,-0.91071563
20204069,before,-1.0055308,-0.59701789,-0.83195493,0.41562837,0.16910148,-0.32340327,0.90191309,0.0074757579
20204079,before,-1.1940713,-0.27689916,-0.40003866,-0.017952584,0.0012184387,-0.7516994,0.1659439,0.38275631
20204121,before,-0.0051005412,-0.50505528,1.801053,1.9881859,1.6382818,0.8786298,-0.070011052,1.305348
20204418,before,-0.93078171,-0.79948176,0.92250193,-0.096326074,0.69033162,-0.17083082,-0.9277267,0.14430688
20204458,before,-0.28386979,0.65290997,0.46470863,-0.32603293,-1.6732495,0.05872739,-0.35918832,-0.15396049
20204474,before,-1.7402567,0.05810211,-1.988732,0.10414161,2.1976347,0.50972581,2.8308464,2.6753009
20204603,before,0.76181226,1.622707,0.0039279583,0.53023693,0.84848905,-1.1347887,0.89898942,-1.1032572
20204655,before,3.051824,-0.66029924,0.40033552,-1.4487572,-0.35903569,-0.44832331,3.2999821,0.38812835
20204777,before,-1.2181326,-0.71959826,1.2902639,0.22598583,0.59638516,-0.15160027,-0.13680073,0.37829925
20204795,before,1.6131322,0.3375186,-0.36197486,-0.50227093,0.57690489,0.98271332,-0.41882165,0.55752573
20204833,before,-0.30467757,0.84317702,2.4379279,1.2546967,-0.21817386,-3.4984403,0.015708894,1.1862827
20205052,before,0.9205484,2.5185851,1.4785238,1.1617091,0.4160637,-0.076723553,0.50609741,-0.15826267
20205386,before,1.5184784,1.4123269,-0.63561643,-0.010560236,-1.4200483,-1.0979944,2.6433444,1.1345507
20205692,before,-0.63276045,-0.47349533,0.72556233,-0.53605863,-0.75738743,-0.13466702,0.42604251,0.92658297
20205754,before,-0.45610204,0.69572001,-1.3195621,-0.39104764,0.18855877,0.1384426,1.7795465,-1.1499124
20205822,before,-0.96037298,0.21129031,-1.2520066,0.89068901,-0.61338087,1.4321757,-0.27979944,0.83583833
20206010,before,1.0667058,-0.0069198758,0.61396329,0.70275304,0.028186182,-1.8383825,0.31404404,-0.70694684
20206145,before,-0.21213071,1.1862018,0.063979757,-0.36739451,0.27766218,0.87497213,0.56305756,-0.67808593
20206498,before,1.4225221,-0.11392295,-1.1940518,0.046473175,-1.0385818,1.5979697,0.26203946,2.5760249
20206517,before,-0.59963253,1.3445255,0.7346887,0.092448862,1.1554535,0.40717952,-0.38445952,-0.39482593
20206591,before,1.4139505,2.5174899,-2.0919501,0.71689506,1.7046193,0.024853469,1.0432495,-0.22538543
20206945,before,0.49405991,0.13266306,-0.18313747,-2.2540018,1.2589778,-0.41950761,-1.7040312,-0.39261864
20207012,before,-0.20560534,1.0663157,0.050156801,0.78112001,0.047340194,-0.57226179,-0.30787109,-1.698913
20207084,before,-0.10019489,1.1595656,-0.46541098,0.47742898,0.28644852,-0.92610905,-0.93282284,-0.81519481
20207121,before,-0.65507563,0.11020048,1.3993281,-0.72586441,-0.069287245,1.8821493,-0.20826794,-0.054759124
20207167,before,-0.57330047,-0.38367302,-0.87320772,-0.046751281,1.0249057,-0.40539255,-1.1072012,0.57949836
20207340,before,-1.7104677,-0.593289,-0.34207148,0.19878828,0.17529281,-0.040101071,1.4634991,0.47854215
20207440,before,0.93164338,-0.01020077,-1.7808732,-1.7538579,1.1630063,-1.011055,0.47147511,0.56509117
20207514,before,0.43071987,1.679382,-1.1021375,2.1461329,0.61909537,-0.68209112,-0.042430209,-1.1371265
20207711,before,-0.46066731,1.7713267,-0.16122148,0.18983088,-1.0838114,1.1639766,0.28799537,0.12103146
20207822,before,1.5129146,-0.75821569,0.023068883,0.52094523,0.06562277,-0.90977537,-0.34901338,-1.2020265
20207824,before,-1.005498,-1.6925184,-1.04577,0.37901011,-0.00041431375,0.52382169,-0.64683422,0.1795736
20207954,before,-0.98868445,-0.5242993,0.71841026,-0.059776988,-0.80197903,-0.14184982,-0.140707,-0.15867858
20208066,before,1.8419404,2.2011413,2.3527713,1.9257136,1.046913,-0.26577403,-1.3660366,0.89752484
20208276,before,-0.2964231,0.78580019,-0.46182888,-1.0014303,0.096699125,-0.79313468,-1.3016729,1.7823211
20208309,before,-0.20027432,0.32848975,0.24579448,-0.64605748,-0.060001796,-0.47512799,-3.1170164,-0.78657083
20208517,before,-0.68284116,-0.070977628,0.42873813,-0.39634856,-0.52782594,-0.45133016,0.14658822,0.12549534
20208688,before,-1.127272,-0.33707085,0.44945989,-0.55774711,-0.13736112,-0.20880043,-0.014540979,-0.56889954
20208758,before,-0.02259764,0.66404838,0.17298801,-0.28099662,0.24716053,0.19294123,-0.17034681,0.066335567
20208841,before,0.49463356,-0.40559407,0.39757302,-0.33838268,0.70731689,0.42910146,-0.62514253,-0.73251703
20208961,before,0.12126205,-0.065154881,0.50121856,-0.5102711,-0.37107716,-0.18982972,-0.43988979,0.45903805
20209125,before,-1.2307609,0.15430418,-1.4973104,0.62022293,-0.04795373,0.32075771,0.15326439,-1.869424
20209135,before,1.1350216,0.27536339,-0.0084554566,-0.36868715,0.78377391,-1.0099849,-0.13844297,0.2638414
20209220,before,-1.1170035,-0.700976,-0.017445203,-0.090933424,-0.029777615,-0.079350184,0.52844977,-0.52020873
20209245,before,0.64422509,0.39332551,0.2390612,-1.5938521,-0.81603202,0.79285333,-0.64607023,-0.27235663
20209372,before,-1.4894967,0.23511326,-0.68293597,-0.38194133,0.24992553,-0.80345854,1.0414264,0.95007746
20209489,before,-0.65946592,1.3559403,-0.21088298,0.55959735,-0.74019211,-0.36260532,-2.1996906,1.4213213
20209569,before,-0.27668572,-0.56868642,-1.1036739,0.57634629,-1.396123,0.36818049,-1.4261548,0.7474003
20209664,before,-1.2076555,-0.38145079,0.35048071,-0.67959329,0.12287909,-0.73699817,-0.0089197936,-0.60527103
20209676,before,0.56949527,-0.29758471,-0.085730778,1.3998511,0.4455062,-0.33985282,-0.68725103,-1.204514
20209703,before,0.89049984,-0.66347155,-0.79869284,-0.56016024,-0.67955868,-0.55826928,2.2351765,-0.40419923
20209838,before,-0.98605378,-0.61822375,0.66848747,-1.2624104,-0.021458682,0.13760539,-0.30163716,-0.60679673
20210007,before,-0.35697198,-0.83239389,-0.30273384,1.6484205,1.245433,-0.92686589,-0.30676577,-0.16308987
19790001,after,-0.20377352,0.084662148,0.12440824,-0.11490908,0.63824049,-0.092645408,0.49944873,-0.77785143
19790026,after,-0.13278332,-0.19739742,-0.33870358,0.31560894,0.3238634,-1.134557,-1.2658622,-0.43372147
19790048,after,0.66760853,-0.91621741,-0.57336306,-0.69033722,-1.0876888,0.23251808,1.2367606,1.3273224
19790063,after,-0.88272513,-0.72564872,0.51254336,-0.30474696,0.17513962,-0.37412669,-0.47815343,-0.13000206
19790079,after,-0.90094871,0.18149928,-0.2644251,-0.95559382,-0.72914237,0.015425339,1.2719045,0.85355384
19790087,after,-0.43679949,0.95966924,0.35324416,1.9761095,-0.48844466,-0.91229853,0.58788174,0.40392142
19790094,after,-0.50052415,-0.65330146,-0.58790055,0.51248333,0.53438236,-0.41137978,-1.5509751,0.16491619
19790097,after,0.076459749,0.14199167,0.31769568,-0.84867668,1.0939893,-0.70068731,-0.082083312,-0.20911826
19790101,after,0.9005604,-0.3572973,-0.027983704,-0.9001966,0.13778538,-1.1313076,-0.042921167,0.038974824
19790119,after,-0.4492426,0.06880528,-0.91931221,-0.75413653,-0.23263817,-0.34311045,-0.73742579,1.5505457
19790135,after,1.3549902,-0.2456895,-0.024441889,-1.4446581,-1.2306373,-1.4129762,0.70285514,-0.28805425
19790140,after,-1.2683721,0.60539863,-3.3994068,0.74457457,0.034621198,1.1606371,0.70964071,-1.4930062
19790144,after,0.20624775,-0.3646595,0.017796584,-0.33086869,-0.82890447,-0.44453905,0.14621378,0.09455144
19790166,after,1.6857673,-1.6522436,0.098898905,-1.7230388,-2.8892499,-0.34721319,1.5887888,-2.6997276
19790168,after,-1.0894439,-1.0610848,0.4828948,-1.0325695,-0.5152649,-0.59122038,-0.061730967,0.2107555
19790178,after,0.13269537,-1.6069679,-0.033951541,0.80902564,0.096459669,0.051284027,-0.14879503,-1.4194552
19790194,after,-0.16386175,-1.4102023,0.95870539,0.096428777,0.42412485,-0.19664601,0.33466332,0.054375094
19790205,after,1.2271397,0.74662164,0.011100014,0.27539913,-0.94736856,0.31571191,0.28739634,0.18615747
19790213,after,0.0043288146,-1.0198256,0.012625337,-0.34286695,0.048136686,-0.48058985,-0.096335605,-0.84434445
19790236,after,-0.55151581,0.63893502,-0.89004686,-1.0205594,-0.64323639,0.036352247,0.1300085,0.52354044
19790237,after,-0.19294268,-0.45021538,-0.67217624,-0.032612804,-0.54286141,-0.93794472,-0.97965876,-0.20231257
19790256,after,0.13667432,-0.22275273,0.30609917,-0.34088024,-0.53674212,-1.2358966,0.0048961466,-0.23382663
19790273,after,0.32483461,-0.54806931,0.3957891,0.62730971,-0.31156913,-1.107452,0.062191373,0.6133926
19790300,after,-0.3891898,-1.3270223,-0.2116079,-0.18870448,0.58729302,-1.1599392,-0.035402085,-0.46092047
19790304,after,-0.68237781,0.33891966,0.31307816,-0.2508485,-2.0765691,-0.65452304,0.2004783,0.519833
19790322,after,-0.54458258,-0.18072037,0.25662466,-0.71336688,-0.1915223,-0.77536784,-0.33599844,-0.30650938
19790339,after,-0.98223302,-0.21521906,-0.76341416,-0.50683011,0.5254648,-0.57776657,-0.42571568,0.24616321
19790369,after,0.036185168,-1.0841577,1.375482,0.068970576,0.97417816,-0.40603333,-0.50715863,-0.26700399
19790385,after,-1.3929714,-0.44415159,0.62320069,-0.52876332,0.43100229,0.61892235,0.49354258,0.68444927
19790391,after,-0.032841914,-0.37141545,-0.41162462,0.031517202,0.5624151,-1.0673712,-0.092653153,0.6874862
19790394,after,-1.3952122,0.59596426,-0.061013661,-1.5042714,-0.061042844,0.66189297,-0.036597848,0.36756371
19790406,after,-0.54268358,0.18707117,-0.40751406,-0.4363925,0.0086379795,-0.55574207,-0.10113845,1.0656931
19790414,after,0.69310262,0.21706137,0.064091539,1.1549367,0.2215881,1.0145452,0.33926049,-1.1405724
19790455,after,-0.80281707,0.53229862,0.59565869,1.1923764,-0.48778966,0.87238614,-0.49673816,0.11641432
19790473,after,-0.40346678,0.053600805,0.18326927,1.0955482,0.36897305,0.3860733,1.0946282,0.0027482805
19790483,after,-0.41390272,-0.076207476,0.43790177,1.5406815,-0.46056838,-0.23355397,0.13767231,-0.37889277
19790497,after,-1.0029433,-0.068350546,-0.3870744,0.43811394,0.57410322,-0.31590846,0.2460317,0.96144522
19790535,after,1.9819515,0.94066851,1.0907089,-2.3081496,0.24052102,0.44787686,0.040445899,-0.36598758
19790550,after,-0.2059521,-0.51788323,-1.5363533,-0.35335509,0.31688988,-0.75095703,1.0366929,-0.27531696
19790561,after,-0.77985883,-0.93745012,0.69890389,0.3950307,-0.36339532,0.40425286,0.16900949,0.5357868
19790585,after,2.8513001,0.6114011,0.85699269,-1.7254522,-0.08066975,2.0969443,1.3719653,-0.93571293
19790594,after,0.21860795,-0.62902447,-0.058547881,-0.21938244,-0.89043483,-0.38651437,0.015961991,0.16961267
19790613,after,0.86174075,-1.0573987,-0.89481232,-1.1168089,-0.97239729,-0.44377421,0.051631727,0.17093678
19790618,after,0.8617735,0.36084545,0.91251625,-0.40370865,-0.42541454,-1.0075356,0.085331529,1.2571556
19790637,after,-0.89041687,0.046732918,0.67390465,1.0092613,-0.36955504,-0.82501107,-0.26491541,-0.15290339
19790644,after,2.7370737,-0.37040096,0.098927463,-0.70266551,-1.5957277,0.77006179,0.4230105,0.1524244
19790664,after,-1.2488842,0.2957413,-1.6659514,0.48740981,0.80800421,0.28275527,-0.27547667,-0.58070365
19790669,after,0.12119191,2.569376,0.75485985,-1.0660222,1.4152705,-1.877704,1.0166454,0.72102467
19790689,after,-0.4284558,0.20575653,-0.12371972,-0.5742399,0.55358987,-1.140232,-0.41673747,0.98316226
19790690,after,0.74084228,0.18426022,0.053686297,-0.24965702,0.77088327,-0.15073539,1.0095174,0.37331705
19790691,after,0.4902552,-0.0518057,-0.2423356,0.85655609,-0.29943299,0.030650835,-0.051359807,-0.16522782
19790697,after,-0.50698381,0.23144988,0.13961152,-0.026108595,0.29645445,1.0178262,1.0509475,0.50396013
19790752,after,-0.37418358,0.20765581,0.62231592,-0.067373568,0.39367347,-0.92067847,0.88786497,0.34091589
19790770,after,0.00033277283,0.77571788,-0.17963849,0.30955524,-0.57898376,-0.10395898,0.13582806,-0.3836522
19790802,after,0.20766221,2.41251,1.1573797,-1.8025616,0.038372772,-0.75746804,0.75915744,1.4431943
19790820,after,1.1641538,-1.1172301,-1.8545455,-1.025319,1.3761737,0.82512972,0.76082065,-1.7732393
19790824,after,-0.26703128,-0.51357453,-0.41938634,-0.39817741,0.044073712,-0.33652042,-0.32149315,-0.57516402
19790835,after,-0.95647279,1.1198637,0.3054634,-0.35244124,0.43793331,-0.57227049,0.11808226,-0.34912056
19790842,after,-0.28462762,1.3508355,-0.86476449,0.13812025,-0.70758529,-0.22538155,0.70649432,1.5407861
19790847,after,-0.77386224,1.2357088,0.95352453,-0.59296897,-0.033170911,-0.13243131,1.4313715,1.4139781
19790898,after,-0.3997644,-0.23284719,0.81988793,0.82302902,0.10981477,-0.27526035,-0.85313851,-0.30589208
19790903,after,-0.0094844647,0.24968483,-0.49993824,1.0500496,-1.4551049,-1.6285483,2.4254053,1.3982879
19790917,after,-0.023053628,-0.34754118,-0.23923918,-0.50028132,-0.1390564,-0.81388864,-0.082090389,-0.28590644
19790918,after,0.52454445,-0.014172165,0.40655194,2.9757542,-0.45471445,1.9683202,-1.3767927,1.1060927
19790931,after,1.1193499,0.26910558,0.47690332,1.5115965,0.53396975,-0.11068689,0.10512868,0.79739166
19790933,after,0.84690518,0.78421919,-0.4593447,0.17504063,-0.74537552,0.52490251,-0.78191914,0.23630299
19790946,after,0.71192116,-0.68816306,-0.20485381,0.18340273,1.3537295,0.11168735,-0.13589851,-0.60424287
19790957,after,-0.95070931,0.89605909,-0.89966542,1.7028941,-0.94513155,-1.012744,-0.1887422,0.013631497
19790958,after,-0.8565504,-1.4453443,-0.38250549,-0.073612129,-0.36389645,1.4035673,0.39342843,-0.7761893
19790971,after,-0.40666425,0.10650813,0.33341411,0.47971061,0.43858575,-0.78725117,0.55973239,-0.27396331
19790972,after,-1.0931117,-0.33625612,-0.3362293,-0.59548072,0.65195517,-0.73762456,-1.1393238,0.65458809
19790977,after,-0.9610757,-0.59681877,0.02553211,1.0077284,-0.083429342,0.22063182,-0.44560087,-1.6357343
19790985,after,0.019448204,-0.3244996,1.7789957,1.2156808,-0.13397187,1.1619177,-0.49561357,1.2100661
19791000,after,0.76187452,2.0792225,0.52275872,-0.2045422,-0.56969001,0.24684638,0.38139553,0.24466927
19791008,after,2.0873023,-0.6600396,-1.1155733,4.2230641,-0.38544669,1.4199597,-0.66933759,-0.65738217
19791011,after,-0.2980745,-1.2588959,-0.14506717,-0.45775917,0.64848462,0.087785145,0.79525177,-0.6258208
19791015,after,0.25261004,4.7895429,0.63034297,0.34848641,0.90917704,-2.8216225,0.64564239,0.38282299
19791038,after,1.2762956,-1.0748155,0.91469781,0.41756986,0.80157402,0.92747622,2.1280816,-1.2388866
19791045,after,-0.091930872,-0.64728451,0.26129537,-0.88128745,-0.59045351,-0.29787955,-0.67667656,-0.24391706
19791063,after,-1.0231234,-0.22211556,-0.32673541,0.52508642,0.021310835,-1.2550983,-0.89396223,-0.81429752
19791068,after,-0.62596656,-0.49815619,-0.78883605,0.69734924,-0.33497825,0.37606921,0.16459369,-0.25609722
19791072,after,0.27788091,-0.23724756,0.5029768,-1.0796939,-0.49189931,-0.56838002,-1.0284438,-1.4593374
19791086,after,-0.60233623,-0.61901776,0.45991916,-0.25470312,0.18496458,-0.60087746,-0.13467737,0.12942665
19791091,after,-1.5072317,0.87839066,-0.31861867,-0.77593511,-0.3714572,-0.43078251,-0.19986896,-0.048203853
19791097,after,-0.099158158,-0.49730344,-1.1675393,-0.18953398,-0.6413643,-0.75651294,-0.66190018,-0.21420686
19791133,after,-0.78790634,-0.12888055,0.41996036,-0.92044302,-0.043399659,-0.26016714,-0.20781082,-0.053611557
19791146,after,-0.50268663,-1.2432212,0.15457202,-0.28590422,0.72904087,-0.47584971,0.71765462,-0.42574073
19791150,after,1.5085368,-1.0769701,-0.73748814,0.23667944,-0.53210245,0.1194577,0.75888228,-2.0163109
19800005,after,-1.0598961,0.018784708,-0.10601752,-0.70547044,-0.56977088,0.2582371,0.27473666,-0.092593708
19800006,after,-0.27181699,-0.60099201,-0.32482697,-0.10061267,-0.17775235,-0.43177216,-1.0896856,-0.44113138
19800015,after,-0.67140803,-0.70240123,0.55259787,-0.37604412,0.43015116,-0.68469962,-0.22594561,-0.0041333313
19800016,after,-0.70149294,-0.11501988,0.093255238,0.38638508,-0.63446782,-0.11767078,0.16478656,0.071885268
19800021,after,0.39399369,-1.8440439,0.49895662,0.17746061,0.89306547,-0.31514886,-0.034972233,0.035917878
19800028,after,-0.043497807,-0.13017432,-0.16794862,-0.39238115,-0.37761097,-0.67725654,-0.47600649,-1.0994774
19800033,after,-0.81540748,0.18888359,1.428206,-0.92460102,0.090060378,0.62559629,-0.94383904,0.45341132
19800064,after,-0.22475491,-0.098564009,0.14178482,-0.89083665,-0.22160974,-0.77689846,-1.5343207,-0.48921755
19800068,after,0.57310938,-1.5611688,0.53673173,0.19019369,1.4251969,-0.93900562,0.12778518,-0.80730275
19800073,after,-0.40260176,0.097785784,-0.75910746,0.62455786,-0.51468196,-0.28987192,-0.14054203,-0.11522542
19800085,after,-1.0025684,-0.011443196,0.3768932,0.40690443,-0.15857141,0.13640725,0.44560978,0.097033658
19800090,after,-0.81298624,-0.42707012,0.13488626,-0.0016730041,-0.17006121,-0.34602057,-0.87372479,-0.21160461
19800094,after,-0.46102382,-0.82026378,0.067643053,-0.41375673,1.0495557,-0.38654678,0.77199132,-0.76640353
19800097,after,-0.64584456,-0.65004785,-0.26926665,-0.90196695,-0.53743292,0.18014373,-0.84491257,0.68370231
19800114,after,1.7804955,-1.0460534,-0.72863729,-0.23390434,2.602083,0.75045348,0.88661353,-1.633449
19800123,after,-0.70004531,-0.33508069,-1.1857161,1.4748868,-1.1986763,0.023870786,-0.41212981,0.17310602
19800134,after,0.41293106,-0.92127508,1.565144,-0.73858135,-0.90630554,-0.49932869,-1.4181708,-2.3546506
19800155,after,-0.50491144,-1.1812411,0.54690196,-0.59112873,0.71012485,-0.44548773,-0.38824941,0.055222083
19800157,after,-0.86012464,1.6195919,-0.30219538,-1.5022591,-0.48748481,0.88532721,-2.4868884,-1.2640531
19800170,after,-0.040239898,0.58117088,1.7966317,1.8862983,0.37752639,-0.075164222,0.059516996,0.18957406
19800184,after,0.021122516,-0.15523946,0.70809768,-1.0633818,-0.1823566,0.22624122,0.35661584,-0.56450259
19800192,after,-0.047970011,0.44734605,1.2555654,-0.20428891,-0.661668,-1.2041773,-0.73346406,-0.72422254
19800204,after,0.042789659,-1.5492767,1.3683311,0.21126354,1.377295,-0.72975127,0.86743444,0.035305089
19800213,after,-1.2167433,2.4386874,-1.1758632,-1.2917345,-0.33547945,1.6065885,-1.6983767,-2.6931567
19800221,after,-0.14168293,-0.73136501,-0.62082753,0.2539895,-0.2329841,-0.41710916,-0.56441132,-0.70501514
19800232,after,-1.8719328,-0.29442598,-0.71298998,0.1377877,-0.61249542,0.78873377,2.9529145,1.9310561
19800237,after,0.13803587,1.1736829,0.22702018,-2.5543507,1.1793397,0.15522886,-4.052926,-1.359179
19800256,after,2.3348905,-0.95325889,-1.2646159,-0.38051143,0.71123223,-1.2544583,-0.083548212,0.024833482
19800263,after,-0.8818684,-0.91520112,-0.20733674,-0.37831885,0.16955133,-0.80846602,-0.14120889,0.11874325
19800291,after,1.4367394,-0.51658013,2.1943936,-0.26885953,1.9682483,3.354422,0.19835488,-0.43191704
19800296,after,0.92333799,1.0157018,0.38597003,-0.30888012,-1.6764605,-1.7858193,-1.1617988,-1.6261053
19800300,after,-0.026684329,0.43574019,1.7970084,-0.51347485,1.9856141,0.32602849,1.1519441,0.12404487
19800318,after,1.9369205,-0.76988561,-0.52024006,-0.20760838,-0.54352496,-1.5449022,-1.0883277,1.0385812
19800361,after,-0.95019799,-0.0078393307,-0.31333633,-0.33249641,0.79483207,-0.12632874,-0.28567288,-0.09976155
19800370,after,-0.16421011,-0.7549244,-0.24370663,-0.78588246,0.12629373,-1.0810407,-0.0099334722,-0.19804213
19800401,after,-0.55470774,-0.084666727,-1.7889915,-0.45310068,2.7437707,-0.29290897,-0.91861975,0.85982114
19800411,after,1.9190075,0.87869111,-0.5641148,-0.8780027,-0.48120573,0.30748966,1.3062673,1.425769
19800418,after,0.52286512,0.10209082,0.38524424,0.97546138,-1.1776157,0.97742004,-0.92137388,-0.96557167
19800423,after,-1.6146637,1.4666457,0.34121569,-1.4525414,-0.63549049,0.20655019,0.28278545,-2.9648617
19800440,after,1.3234443,1.3578677,0.51046543,-1.6710402,-0.97931512,0.91767798,-0.17820778,1.2158695
19800448,after,0.051600582,0.68191819,-0.18834356,1.1234184,-0.41698683,-0.53677078,-0.12290806,-0.13054801
19800455,after,1.5398577,-0.29758395,1.0150244,-0.27978753,-1.6348357,-0.89868062,-0.5109239,-0.6799043
19800464,after,2.086955,-0.67614624,1.2140118,-0.96245559,-0.1271353,-0.51210757,-0.2809816,-1.5403241
19800550,after,-0.9490389,2.0314398,0.11868867,-1.1124042,0.11316791,0.23348832,-0.011477048,-0.31062247
19800580,after,1.0309515,-1.3585832,0.36939058,1.1971822,-1.8521728,4.0038298,-1.779965,-0.98941439
19800590,after,0.44074268,-0.89092515,1.5223331,3.2249331,-1.6846897,-0.85738708,3.1379299,2.1808445
19800610,after,0.25951266,1.1186373,0.46997257,1.4860795,-0.014556381,-1.5545429,-0.28705325,2.1490482
19800614,after,1.098153,-0.032263485,-0.55960272,0.076335826,-1.3974707,0.61837169,-0.48718618,0.56613631
19800621,after,4.2417291,2.1568973,0.57542191,1.8834725,2.9212955,3.7352848,0.51585021,-0.91992737
19800636,after,-0.49652713,-0.16214207,-0.13438275,-1.1366835,-0.58090771,-0.63821668,0.14089643,0.3738348
19800640,after,1.0693838,0.029526934,0.2903337,2.5392481,-0.67121633,-1.8251041,-0.66387107,1.6696981
19800646,after,0.10675581,1.2987857,0.08183503,0.83171054,-1.0177254,-0.1455209,-0.71431347,-0.068636772
19800657,after,0.6824229,0.63042537,-0.80760577,-0.67636187,1.9870416,0.1471335,0.21991003,0.67777104
19800683,after,-0.99142995,-0.46943983,1.2741146,-0.45871626,-0.41516953,2.4218808,-0.34083836,-0.089742867
19800695,after,1.1607679,-1.5522767,-1.5025044,0.023622709,0.58188621,-0.99566108,-0.39009056,-0.49044188
19800703,after,-0.3882234,-0.23280454,-0.21065126,-0.16168827,-0.099144242,1.1964876,0.14251839,0.55669538
19800725,after,2.0927708,0.50379228,-0.17617259,-0.10880893,-1.3594532,-0.62507042,0.26144004,0.62643301
19800738,after,-0.89054975,-0.59361136,0.65046174,0.23014592,-0.35322709,0.72517643,-0.058097051,0.41304623
19800740,after,-0.52052437,0.87543254,-0.46644595,-0.18073486,-0.47709963,0.33225896,0.28681265,-0.29404496
19800759,after,-1.2337656,0.27825615,-0.26466729,0.7712597,0.15433268,0.92205494,0.52059861,-0.24744133
19800805,after,-0.94113505,0.38602603,0.06394389,1.0514049,-0.21501675,-0.78629631,-0.20646964,-0.60000541
19800811,after,-0.67431733,0.55678102,-0.43820141,0.29451531,-0.06350371,-0.78939932,0.15045985,0.35626793
19800829,after,-0.23035255,-0.5649877,0.26404219,0.030890267,-0.48698391,-0.010502554,-0.14712622,1.1223259
19800870,after,1.0701607,1.5461901,-1.1074901,0.24809245,2.1734638,0.45075503,0.60816287,-1.8081676
19800887,after,0.64718724,1.4476571,0.32935287,2.0785468,-0.11928607,0.11196683,0.062508267,0.0040765708
19800898,after,0.36551592,0.77193319,1.0456719,-0.24253403,0.088943743,0.45817211,0.0088714873,1.3904653
19800918,after,-0.97615135,-0.6817688,0.32995525,-0.15111308,0.032776971,0.21693635,-0.1522128,0.15921657
19800936,after,-0.83787674,-1.2625965,0.16013904,-0.32451367,0.15697569,0.28360709,-0.34950864,-0.31953041
19800948,after,-0.4749095,1.0652327,-1.5384349,1.1335004,0.13654944,-1.1026501,0.91100998,-0.22142139
19800961,after,-0.48402677,-1.5460212,-0.72854478,1.2825209,-0.33695563,0.1762267,1.0132093,-0.094603746
19800993,after,0.33467335,1.2246556,-0.82485163,-0.1441762,-0.59052541,-0.059716094,0.33041818,-0.26117874
19800999,after,-0.35591091,0.00018860876,0.29421892,-0.55237821,0.13742869,-0.21977363,-0.11069036,-0.62669511
19801009,after,-0.91514458,1.5499371,0.34830363,-0.99091925,0.40085496,0.92081263,0.039445862,-0.46182425
19801016,after,-0.88279793,-0.24155834,-0.010696418,-0.48028518,1.0151894,0.40394834,-1.380877,0.31208131
19801032,after,-0.2453085,-0.2903913,-0.26226281,-1.0256485,0.42408075,-0.305496,0.84522023,-1.4587007
19801046,after,-0.21730668,-0.57350086,-0.18785049,-0.23602182,-0.50582077,0.060640488,-0.21930688,0.24132205
19801052,after,0.28981791,-1.3238488,-0.26788922,0.27702701,0.95823576,-0.68185032,-0.86764349,-1.6940406
19801067,after,-0.78479104,-1.5417804,0.39419685,-0.76202752,0.26107603,-0.1322047,0.31018157,-0.33282122
19801082,after,-0.35808435,-0.073802538,0.40117475,0.1628551,0.060555047,-0.36206316,0.017547725,0.464938
19801085,after,-0.4460437,0.2076831,0.3255689,0.44120672,-0.48762781,-0.27737991,0.047481642,-0.24722397
19801101,after,-0.87632191,0.14791027,-0.49146478,-0.24212735,0.4490795,-0.46267245,-0.36980181,-0.17661382
19801105,after,0.64570312,-1.5497596,2.5355469,-1.1421827,-2.6225636,-0.94174937,2.9924231,-0.89411348
19801135,after,-0.92874342,-1.3258428,0.4979654,-0.54848313,-0.14620766,-0.34753646,0.22684595,0.062645163
19810002,after,-0.41193183,-0.70952674,1.098384,0.44520544,0.4166303,-0.65826043,0.2553074,0.16005829
19810014,after,1.2735848,-1.1089943,-0.46381385,-0.58290396,0.83564074,-0.57771632,0.007988061,-0.3931896
19810023,after,-1.2327915,-0.25367193,-0.16238292,-0.46004008,-0.6448367,-0.12887054,-0.6269931,-0.50026564
19810063,after,-0.27629609,-1.1422508,0.20164663,-0.38688947,0.53574727,-0.89782825,-0.75220604,-0.54774841
19810093,after,-0.62800364,-1.2500498,-0.0062550173,-0.21202718,0.82850105,0.087054913,0.1458626,-0.61460366
19810096,after,2.0417338,-2.3695688,-1.6877236,-0.39051328,-2.0495926,-0.43376198,1.3067004,1.1447353
19810109,after,-1.1189853,-1.0302645,0.5519423,-0.36770915,-0.1826704,-0.33174823,-0.54490894,0.012358555
19810133,after,1.0825453,-0.049213996,1.5386119,1.0278303,2.2060536,-0.21150048,0.0098294208,-0.1181732
19810142,after,0.82563308,-1.8242684,-1.2231475,0.10168975,0.31376981,0.023443607,1.4551011,4.4158954
19810160,after,-0.69764034,0.33856634,-0.06234237,1.951021,-1.1792451,-0.39033255,0.80211719,0.36557799
19810169,after,-0.65854658,-0.47884042,0.061263471,-0.14995521,0.28195012,-0.43022308,-1.0254446,-0.016139718
19810179,after,0.50590953,2.0112267,-0.54878248,-1.1312646,1.254035,0.1218587,-0.028539245,-0.64409828
19810196,after,-0.28852396,0.77816429,-0.85858441,-1.0731959,0.027012543,0.36451535,0.52737107,1.5714823
19810219,after,-0.96845204,-0.19923903,-0.14488798,0.75480847,-0.28306373,-1.0916224,0.1769999,-0.21553493
19810227,after,0.66147556,-0.4079122,0.42859322,1.0371563,1.6729811,-0.23285524,0.96294276,-1.3131151
19810241,after,0.1071745,-1.7036058,-0.15593929,-0.97394256,0.69966583,0.96106796,-0.0089065552,-0.95173764
19810260,after,-0.22780613,-0.23645395,0.15590622,0.2177134,-1.0019171,-0.72981124,0.60810673,-0.37740757
19810279,after,-0.11285776,-0.87378141,-0.1662763,-0.36272004,0.16430336,-0.97934647,0.2560494,0.12586552
19810292,after,-1.2137714,-0.29647571,0.35270419,-0.57798916,-0.20592927,-0.36157752,-0.65542514,-0.31406589
19810300,after,0.36263699,-0.39446312,0.23123409,0.54746798,-1.1634556,-1.4378957,-0.013478514,0.34425699
19810303,after,0.6831867,-0.5516802,0.48442384,-0.70394297,-1.6217906,-0.26640419,-0.29679009,-1.2015392
19810315,after,-0.52084011,-0.78666114,0.50689775,-0.83294561,-1.2378721,0.2153099,-0.30188106,1.2441854
19810332,after,-0.4506654,-0.2953322,0.88768973,0.18926944,0.66584627,-1.1928957,-0.14116226,0.40617157
19810349,after,1.5266491,-0.78499844,0.82156798,-0.022799479,2.485065,-0.95958427,2.3094409,-1.0996605
19810367,after,-0.89303615,0.091797729,0.20650884,-0.36381115,-0.29418574,-0.8811416,-0.24260389,0.21930351
19810370,after,-0.61954974,-0.27515635,-0.54575407,-0.18915308,1.9922761,-0.11564949,-2.167972,1.0234302
19810388,after,0.088663009,1.9678833,0.48638785,-2.0031596,0.22785613,0.14878743,1.1565543,-0.26234789
19810394,after,0.24634278,0.85842338,1.2485848,-1.05353,0.62618419,0.4090884,0.80431668,0.093799387
19810409,after,-0.62769267,-0.21291521,-0.054197111,1.8100778,-2.3067545,2.2188849,-1.9639822,0.0084747891
19810414,after,-0.44644327,0.74862853,0.11391987,-1.0352661,-0.20015522,-0.05924198,-1.6131809,0.15729353
19810417,after,-0.23774495,0.35235432,-0.45012333,0.83193831,-0.58107102,-0.82941273,0.45505837,-0.61075715
19810450,after,1.2333083,0.14382036,1.8074857,0.87400722,0.45818766,1.4661001,-0.43722317,-0.11832303
19810462,after,0.36143399,0.93944993,1.0746862,-0.44915812,0.34237602,-0.80554575,0.28433492,-0.49763053
19810473,after,2.9914707,0.32018732,0.65454109,1.9654281,2.5315656,0.15913639,0.31791094,-1.1064527
19810475,after,-0.52033395,0.17067001,2.4120632,-0.63360238,0.11821968,-2.1137752,2.5329263,-0.26974319
19810519,after,0.11258086,-0.58968052,0.11953517,-1.0878729,-0.95034712,-0.57202914,-0.69677175,-0.21967499
19810554,after,-0.23411809,0.81301221,0.79898349,-0.6731306,0.53959507,0.86134536,-0.15707781,1.0700061
19810568,after,-0.20301224,0.35754788,0.051453663,-0.87039438,0.025873061,-0.2796003,-0.095222812,0.77551751
19810586,after,1.5672134,0.99122098,-0.30167774,1.0511794,-0.83149604,-1.8963677,0.67705374,-0.63045459
19810597,after,-0.91289697,1.7681619,0.53890952,-0.94080073,-1.1613539,1.2231693,-0.46358642,-0.91469668
19810602,after,0.54135628,-0.29094815,-1.2457075,-0.50228815,-0.5399926,0.76696475,-2.8213371,1.6303045
19810609,after,-0.46525196,0.1873881,-0.8612483,0.8686038,0.38834887,-0.54042676,0.61024815,-0.13331922
19810618,after,0.92720558,2.0989313,0.73005429,0.38976171,-0.34443859,-1.2556751,-0.11107595,0.90250689
19810626,after,1.9509788,1.038734,0.29139557,-1.7022007,-1.6493124,-0.95110636,-0.011236591,0.014697554
19810650,after,-0.2829768,1.5074431,1.9155297,-0.35243308,0.36323265,-0.73875847,-0.41977858,-0.89773657
19810659,after,0.60428816,1.1851594,0.58337672,-0.74992216,-0.56494482,0.66687564,-0.28808368,0.736882
19810666,after,-0.81702945,0.36312777,0.39672713,-0.52241131,0.39640088,-0.19609572,0.066064502,0.13938108
19810667,after,-0.83373236,-0.29805769,-0.53879125,-0.32700006,0.33205886,-0.99270635,-0.34414607,0.61472521
19810712,after,-1.0419705,-0.1019726,0.54914504,-0.8502509,-0.081971508,0.16639518,-0.11914188,0.39324355
19810721,after,-0.51086341,0.8352882,-0.94004221,-1.1823236,-0.43396823,0.44252911,-1.7630432,-0.20051867
19810733,after,0.27847316,2.5519549,1.9135191,-1.1056457,-0.72113992,0.86892374,-0.85804033,0.95655385
19810742,after,0.87173351,-0.031650156,-0.16387265,0.3790391,-0.61109653,-0.16261487,-0.76164382,-0.3733147
19810782,after,-0.99618826,1.155734,0.37319806,-0.52080901,0.34619861,0.20643825,-0.6454461,1.2748748
19810790,after,-1.4542925,4.038729,-1.3051329,-1.834885,-1.6456292,2.191241,-0.89852356,-0.8524199
19810825,after,-1.1604569,0.53381878,-0.74537065,0.75612915,0.1528425,-1.2851567,0.40702077,-1.2558502
19810854,after,-1.1968761,-0.063471873,-0.008945372,0.56744498,-0.77487284,0.69689141,0.39265236,0.37606691
19810858,after,-1.1324574,-0.83797722,0.49821739,-0.72632152,-0.058788185,-0.10344205,-0.27591975,0.41747353
19810863,after,2.7570928,-0.016732801,-0.96218554,1.4000983,-0.51334973,1.277359,0.037649198,-1.2099157
19810871,after,-0.98487798,0.80157864,-0.14552883,1.0365039,-0.47467582,-0.22297852,0.51439392,-0.29640768
19810877,after,-0.091542929,0.81165259,1.9457193,2.8355732,0.091037669,0.77961395,-0.077667722,1.1969773
19810938,after,-0.2796297,0.018475798,0.31401056,-0.17760086,0.077024799,-0.14495196,0.021539234,-0.1379161
19810971,after,1.3461809,-0.75628675,-0.22365822,-0.70589075,-2.8813371,0.71272654,1.579602,0.83873709
19810979,after,-1.1906298,-0.066472828,-1.1083395,1.0361112,-1.1188665,1.4802962,-1.0075449,-1.615775
19810994,after,-0.21264905,0.14649642,0.3506429,-0.37758825,0.31528283,-0.20199907,-0.32347028,0.017463278
19811003,after,0.21824827,-0.38067464,1.7518154,0.54043395,1.1989525,0.24309826,0.40376969,-0.07952958
19811013,after,-0.47630551,-0.42192824,-0.50920179,0.57402827,-0.087233659,-0.21649201,-1.3164149,0.13208176
19811021,after,-0.52023985,0.24777029,-0.83649216,0.139593,-0.0884199,-1.1431841,-0.0047609186,0.046381136
19811035,after,-1.5179946,1.3166377,-1.2552265,0.016039836,0.034978247,0.023932762,-0.37283926,-0.77485723
19811036,after,-0.92629057,-1.2984967,0.44229246,-0.52139999,0.27116224,0.13145075,-0.63699852,-0.69178215
19811042,after,0.0028900737,-0.18406361,-0.16770892,0.12833171,-0.085603284,0.16201296,0.099976849,-0.7953123
19811049,after,-0.06356422,-1.4210971,-0.1887722,-0.091687796,1.1473271,-0.89948668,0.50199515,-0.25361771
19811066,after,-0.088877683,-1.5243994,-0.24504676,-0.85816219,-0.64853678,-0.0028626123,0.35806441,-0.43630484
19811079,after,0.46447407,0.13746832,0.68235884,-0.1709456,0.41397321,0.15940999,0.30259624,0.72733653
19811086,after,1.0577898,1.7216481,0.60565778,0.80326065,0.34987363,0.40803585,0.78275663,-0.40562414
19811090,after,-0.65738224,-0.96884827,0.88902155,-0.22611028,0.0025713896,-0.62920894,-0.5016978,-0.085951473
19811096,after,0.4906421,-0.042964755,0.22548518,-1.1272052,-1.132145,-0.657039,-1.2372472,-0.88668027
19811097,after,2.3012843,-1.3491137,-2.1501337,1.3099067,2.4847381,0.59241987,2.69132,0.80723883
19811105,after,-0.18995193,0.11891636,-1.1453497,0.19320936,0.72620522,1.1301299,-0.64759585,-0.62221556
19811108,after,-0.69215456,0.23056829,-0.33438601,-0.91300032,-0.50855287,-0.21998177,-1.2350242,-0.23575698
19811117,after,-0.93793561,-0.26628156,-0.20985539,-0.7183903,-0.28194075,-0.12430228,-1.1675348,-0.057838717
19811128,after,-1.1312858,-1.0647599,-0.083328028,-0.32983965,1.4781626,1.8033654,-0.84958417,0.00028442821
19811134,after,-0.49896907,-0.61633146,-0.48924066,-0.63345967,0.1489097,-1.0062177,-1.9631548,-1.4101621
19811145,after,-0.80660223,-0.28233596,0.56190372,0.11257794,0.40466093,-1.0159134,0.29055193,0.052264442
19811153,after,1.4665346,0.098819796,-0.54776405,-1.3311509,-0.90677834,0.79161947,-0.35610855,-1.5543452
19811176,after,-1.0554898,-0.74062275,0.05505282,0.14600897,-0.35992034,-0.45726689,0.18093784,0.3859711
19811187,after,1.9996489,-1.7284154,-1.6381124,2.686171,1.4763321,0.56447213,0.40281605,-1.1664974
19820005,after,0.043937889,-1.272997,0.37411008,-0.13045032,0.70192812,-0.075922761,-0.11413945,-0.34367126
19820023,after,-0.84174789,0.45623429,-0.14858884,0.47281223,-0.44578158,-0.6960051,-0.4597258,-0.91262791
19820026,after,-0.21235907,-1.3277683,0.71545064,-0.64070876,-0.80032578,0.27564786,-0.41706614,-0.83640808
19820038,after,-0.51583199,1.1724832,-0.69500224,-1.4614944,1.9235307,3.4241883,-0.63880729,-0.54547086
19820050,after,2.3757632,-1.7241415,-1.3612968,1.3271789,0.78696937,0.67119496,-2.6661528,0.77660205
19820052,after,-0.68563125,0.089604134,0.30194699,0.33622286,0.4995383,-0.74685996,-0.043087855,-0.21046946
19820081,after,-0.09063304,0.6992214,1.9774381,-0.50291534,0.36112828,1.5655777,-0.68070071,0.73802779
19820097,after,-0.27285902,-0.7474813,-0.16757501,-0.6064567,0.099538153,-0.69619144,-0.56852898,-0.38464772
19820099,after,-1.7332458,0.60536104,-1.0041241,-0.25188918,1.532669,0.57988766,-0.80566113,0.53978624
19820102,after,-0.48741302,-0.26105066,0.26120057,-0.23384895,0.46637006,-1.2931353,0.44857731,-0.24514061
19820109,after,-0.29361318,-0.7601715,1.0044345,0.0066268002,0.71850371,-0.38940521,-0.64219424,-0.30964861
19820112,after,-0.28110808,0.0088974541,0.48763864,-0.96850666,-0.46925114,-0.29308386,0.27527493,-0.60901224
19820128,after,-0.22528953,-0.42738478,0.29856222,-0.36528755,-0.63389692,-0.52828131,0.055189825,-0.27659678
19820130,after,0.55559012,-2.2800106,-0.23744768,0.31445468,1.466998,0.40046178,1.3963488,-1.8511987
19820143,after,0.81901422,-1.1724137,-0.17524884,0.21050987,0.97622897,-0.40409287,0.59591493,-1.1364229
19820175,after,-0.53973231,-0.22434784,0.33872419,1.822735,-0.81897395,0.20021253,-0.48981076,0.084881561
19820206,after,-0.68291325,-1.0740973,0.85203117,-0.051899703,0.075723224,0.14207,-0.32326543,-0.040006969
19820207,after,-0.028388441,-0.29130904,2.1124518,0.9405064,-0.28671681,1.4470805,-2.013051,1.2387383
19820231,after,-0.33855532,0.12495815,0.0062633507,0.16468473,-0.14522272,0.62837524,-0.28117494,-0.81387951
19820253,after,0.72206929,1.5052811,-2.8989835,1.0912572,-1.0720439,-1.865155,-0.57507661,0.64826152
19820256,after,0.42726573,-0.96839331,-1.203535,-0.18942822,-0.92058933,-0.19874294,-0.28270942,1.2044192
19820266,after,-0.91953444,-0.76041149,-0.044606936,-0.78486818,-0.19662056,-0.37286198,0.32511039,-0.1242437
19820292,after,1.0721534,-0.1984001,-2.7001853,0.71663498,0.58340857,-0.61606735,-1.2209911,1.1122073
19820323,after,0.96938048,-0.24186932,-0.074090597,-0.70817111,2.3699821,-0.3351337,-1.2740174,2.3636391
19820337,after,1.1966585,0.1827413,0.045733484,-0.7415098,-1.3629621,-0.0064153904,-0.68891227,0.83225068
19820401,after,-1.0030652,0.49952712,-0.57793663,-1.1141469,1.0791891,1.8756236,1.6789659,-1.2756863
19820426,after,0.67640293,-0.23742699,-3.0879756,-1.131069,3.3675394,-0.039189748,-2.6641144,3.0607956
19820450,after,-0.053409355,-0.73636468,0.81439382,0.061936382,-0.44285948,-0.49873701,0.040424087,-0.35339509
19820452,after,-0.70409026,-0.047331044,-0.59660015,1.0803471,-1.1301338,-0.41623415,-0.18991406,-0.565048
19820453,after,-0.36898483,1.014965,-1.2013256,2.9081185,-0.87146284,0.011663802,0.52689865,-0.46211461
19820471,after,1.2543411,0.18113683,-0.15124495,-0.69967625,0.11851503,-1.1589377,-1.6898929,1.6253719
19820482,after,-0.042410841,-0.52040988,0.63249131,-0.052814819,1.3828586,-0.039984142,0.48135006,-0.89429017
19820514,after,0.10390842,0.55623745,0.94746526,0.75613858,0.75557888,0.38729875,1.3257233,-0.25581318
19820516,after,-0.013996152,-0.29370556,0.41800658,1.4567176,-0.91404303,-0.25328561,-0.56341802,-2.1470959
19820519,after,-0.46308727,-0.86843799,-0.086489444,-0.35609323,-0.95922813,-0.58191685,0.08485991,1.4619808
19820527,after,0.27218677,0.29618192,0.97507314,-0.14560419,-0.6532519,-1.5817129,-0.34463425,-0.66056989
19820538,after,-0.66999241,-0.78830068,-0.36631197,-0.66578224,0.38596834,-0.31045574,-0.55599092,-0.17803351
19820549,after,-0.15668796,0.026401078,-0.27298652,-0.95883117,0.16850639,0.86767488,2.0019512,1.6601298
19820563,after,-0.97080619,0.43354536,0.099156291,2.9734013,-0.99034911,0.85718762,0.054081927,-1.1446384
19820578,after,0.19946745,0.25118393,0.85324583,1.9898199,0.24377624,-1.7466168,-0.23523267,0.089297323
19820602,after,4.1332819,-1.7763316,-0.30821411,1.7358446,0.64674345,-2.14091,-0.34438572,2.0464138
19820645,after,-1.0252145,0.71206531,2.156499,0.54215941,-0.32209281,0.84581554,1.8562526,1.3324113
19820652,after,-0.22012987,1.1046868,0.063700478,-1.0368885,0.1735559,-0.90687944,-0.60948704,0.03297991
19820660,after,0.96054154,-0.62155799,-0.49508114,0.30536976,0.083991144,0.74096755,-1.2526355,0.96365679
19820667,after,-0.51853763,-0.16156392,0.075888643,-0.39128252,-0.12879883,-0.81583716,-0.95290021,-0.70652118
19820671,after,0.184137,-0.56272736,-0.46109371,-0.54690954,-0.37162281,0.91890033,-0.40051699,0.73248647
19820676,after,-1.1992083,0.59814941,-0.052588703,-0.31923342,-0.19757182,0.036450267,-0.23422874,-0.915888
19820677,after,0.7291899,-1.6230297,-0.85303001,0.19067638,-0.70634558,-0.15433691,0.58803817,-0.11744903
19820684,after,-0.98847448,0.67583381,-0.74776805,-0.59908882,0.31902751,-0.69059941,0.58949829,0.24963975
19820697,after,0.16015979,0.3333928,0.03997822,0.96440989,-0.93775117,-0.77442388,0.81632249,0.85562729
19820712,after,1.482729,2.2535249,1.6161287,-2.0556512,-1.0047788,3.4980651,-0.8526225,-1.8028109
19820765,after,-0.023920322,1.8022633,1.459189,0.11910178,1.0171916,-0.59234944,1.5945073,-0.57048814
19820786,after,0.71844777,1.2206772,-1.3841998,0.17311667,1.0809311,0.3672151,1.8741865,2.0274826
19820805,after,0.29853196,-0.75726838,-0.50780296,-0.20349657,-2.2123845,-0.43351122,-0.33804468,1.0830544
19820808,after,1.3254944,1.3444974,0.65528136,0.46700377,-0.9225379,-0.21058945,0.44399731,-0.028670755
19820816,after,-0.72804101,0.77812955,-0.53830033,-0.12794891,0.65393529,0.14101277,-0.52741645,-1.5604708
19820822,after,0.10203786,-0.78918001,-1.1856355,-0.85738075,0.87265202,-0.13818859,-1.4341422,1.389521
19820831,after,1.4474806,0.15758702,-1.3726863,1.0866815,0.7966496,-2.052438,0.77940386,-0.080574786
19820833,after,-0.66565597,0.44009046,-0.11888053,0.38891572,0.25985643,-0.38979876,0.41128493,-0.48136907
19820835,after,-0.95760047,0.25773078,-1.2475712,2.4840244,-0.7968198,0.88889382,-0.14589684,-1.3024892
19820861,after,-0.72165114,-0.026271586,0.74455743,-0.91833638,-0.48682834,-0.84173224,-0.98269627,-0.99918528
19820863,after,0.03878634,0.74566974,0.92582594,1.1753239,0.44755792,1.3549238,0.32010044,0.55660774
19820868,after,1.2446312,0.7662827,1.0132678,0.71352695,1.3826134,-0.19562886,1.0736297,-0.76807817
19820881,after,-0.77351204,-0.18876288,0.88136641,-0.57734269,-0.052518188,-0.5078173,-0.70533804,0.35207226
19820888,after,-0.91436118,-0.96665005,-0.51903237,-0.48298168,0.65598618,-0.39045974,-0.28067291,0.59827505
19820891,after,-0.40718632,0.47062741,-1.3968605,-1.2656963,0.30549243,1.2424427,-0.13539496,0.55657617
19820898,after,0.18764151,0.28799362,0.37075135,0.18255809,0.65628942,-0.58798235,0.22876415,1.0646107
19820917,after,1.5143043,-0.63596176,0.30780561,-0.92410062,-0.46233796,0.72264028,-0.51756207,-0.19668578
19820928,after,-2.0668845,0.97532267,-0.25347639,0.54310512,0.18516664,0.9850093,2.502723,1.0332943
19820953,after,-0.30529907,1.3077872,0.0049686288,-0.47400925,0.059188752,-1.6322516,0.73433407,-0.24659655
19820972,after,-0.31795634,0.52251073,0.071766616,1.9091213,-0.10865885,-0.6517194,0.32981592,-0.064249076
19820983,after,1.7968083,0.56513382,-0.74640311,-0.47313152,0.95923871,-0.74306341,-0.73620194,1.2856831
19820985,after,-0.34143523,-1.5379177,1.6877434,0.81229779,1.3867689,0.25813822,1.8679172,-0.016124914
19821001,after,-0.61107198,-0.28351296,0.12993075,-0.27905936,-0.51086032,0.39766654,0.42434139,0.76017614
19821022,after,-0.0009673487,-0.97783928,-0.30494828,-0.69172666,-0.48923194,0.15388548,0.081916886,0.10110906
19821048,after,-0.95335886,-0.12884841,0.41607344,-0.11108539,-0.12561834,-0.32524344,-0.53389261,-0.2511143
19821068,after,0.38784638,-1.4299269,-0.61231679,-0.21285209,0.44107481,-0.24317974,0.204252,-0.19077512
19821079,after,2.2880912,-0.7343923,-0.71667329,-1.886848,-1.1595558,-1.0114066,-1.274197,0.79524788
19821085,after,-1.777902,0.014598607,-1.4366294,2.1106251,-1.3531219,-0.55902557,0.58859492,-1.1858021
19821089,after,-1.0624291,-1.2646635,0.51531696,-0.49445794,0.32148395,-0.66433799,-0.019228153,-0.15190728
19821101,after,-0.65682331,-0.42005391,0.60438479,0.86904033,0.31970939,-0.34755156,-0.20915024,-0.061953958
19821107,after,-1.2295981,-0.3536773,0.14544986,-0.74384818,0.035140337,-0.52173405,-0.49377033,-0.16096435
19821108,after,0.055771447,-1.5908142,3.2265652,1.0195053,0.83723657,1.0681418,-0.057976334,0.88721593
19821113,after,-0.49795063,-1.4546898,1.8411095,-0.046652308,1.1374278,1.361053,0.14176446,0.006790752
19821115,after,-0.81855348,-0.4230925,0.53051546,-0.5401267,-0.14731909,-0.087237352,-0.39122193,-0.24636306
19821122,after,-1.5033625,0.30859871,-0.29730836,0.20346065,0.31713773,-0.54002523,0.19594288,-1.3811163
19821126,after,-0.73303041,-0.14404859,2.3466641,0.060073328,0.17181097,1.453654,-0.95133078,0.18461415
19830021,after,-1.3506661,-0.14728319,-0.15864468,-0.44846279,0.28340905,0.0055004795,-0.17304907,0.39742329
19830034,after,0.023477978,0.29640956,0.86097823,2.6526711,-0.44190124,0.28792306,-0.29283308,0.051617897
19830040,after,0.35091518,-0.68003143,0.15250905,0.13017248,-0.45769343,0.17311414,-0.20203524,-0.47289286
19830050,after,-0.5398977,-0.12232744,0.37399589,-0.2932412,-0.47423915,-1.7736023,0.20313046,-0.52674748
19830065,after,-1.0409144,1.1491957,0.15137218,-1.1240358,-0.1911017,0.11048984,0.0010148341,-1.1102389
19830093,after,-0.59468188,-0.25767887,-0.38029355,-0.031283644,-0.3905014,-0.56360312,-0.72008923,-0.06505706
19830126,after,-0.4353083,-0.69273276,0.23394343,-0.43157895,1.5207866,1.137086,-0.22457318,-1.3809473
19830133,after,-0.68228728,0.63022158,0.79982664,0.95580198,-0.079052353,-0.45597031,0.67798627,-1.0694063
19830149,after,-1.029225,-1.7067105,1.1288132,-0.24287979,-0.22921517,1.6023272,-0.17299645,0.39101386
19830152,after,-0.94142405,-0.18732984,0.070000413,-0.89732162,0.63912839,-0.29535458,0.24121714,-0.7087277
19830163,after,0.87913562,-0.7730094,-0.01334194,-0.094927511,1.7304623,-1.1853188,0.46089209,-2.3712808
19830179,after,-1.1676695,0.090525399,0.049241566,-0.52295691,-0.16501881,0.35333743,0.37527105,-0.083051472
19830181,after,0.20283632,-1.5752988,-1.0334169,-0.13901669,1.2976444,-1.0369292,0.66744896,-1.6400205
19830185,after,-1.1737357,-0.99924198,0.60101267,-0.67008627,-0.027491325,-0.38235613,-0.44390689,-0.47768569
19830187,after,-0.13241256,0.1636713,1.2683063,-0.10879439,0.3498746,-0.14438361,-0.48637223,0.83612426
19830202,after,1.0200279,-1.9454024,-1.797203,4.9259041,-0.33386713,1.6889204,0.54642483,-0.4094665
19830204,after,0.10245536,0.64388957,0.12327318,1.3998359,-0.64947501,-0.36981757,-0.14492414,0.476448
19830215,after,-0.18114783,0.039854618,0.20967567,-0.0017774451,0.084663011,0.64680862,0.54028667,-0.053289164
19830218,after,0.64607187,-1.240175,0.43725654,-0.52667491,1.4265485,1.5155084,0.44111161,-2.377459
19830250,after,0.44560489,0.43798685,0.31137794,0.88859013,-0.45722328,-1.8783915,0.84405934,0.44142993
19830281,after,0.069276475,0.26698569,1.1422965,-0.11474889,0.16275171,-0.96709655,-0.33721215,0.57839655
19830286,after,-0.1192313,-1.1342755,0.35580125,-0.067479904,0.77879106,0.34546533,0.072569245,-0.53222664
19830293,after,-0.35183517,-0.69195225,-0.82358204,-1.1075088,0.27506364,-0.46871943,-0.2825274,2.3847184
19830313,after,0.3093255,0.24224588,1.1176847,-0.33248829,-0.56934227,-1.2814961,0.092341945,0.96469404
19830333,after,-0.90000522,-0.12972797,0.57537868,0.055304303,0.42842172,-1.140065,0.21554891,-0.15778271
19830358,after,-0.83290739,-0.63732732,0.5196794,-0.38249874,-0.13875054,-0.91707711,-0.35075202,-0.18642613
19830362,after,0.89602572,0.39610081,-0.96512598,-0.73617071,0.599512,-0.67657463,0.95757027,-1.6421642
19830375,after,1.3225466,-0.8150331,-0.43090164,-1.1594676,-0.098032966,1.7908248,1.8067835,-0.14640604
19830382,after,-0.46111762,-0.47145941,0.61570451,-0.036285883,-0.8596881,-0.22686443,0.39207005,-0.15463915
19830386,after,-0.16142633,0.010111269,0.79974077,-0.0012410904,1.7320173,1.7880787,1.1607458,-1.3392198
19830399,after,-0.1083134,-0.3042879,-0.30720564,-1.0057789,1.2293586,1.4606071,0.86045085,-0.91792575
19830416,after,-0.32891532,-0.36801193,-0.35580963,-0.98168722,1.5584295,0.6522981,0.55462347,-0.39926573
19830417,after,-0.083886372,-0.31906505,1.0620254,-0.45614244,0.26733274,0.015951313,0.62031435,0.77758424
19830428,after,-0.94053025,-0.45558382,0.36171833,0.21579699,0.33719774,-0.48200748,-0.34744589,-0.00060931735
19830443,after,0.64314755,0.20056548,-0.14291674,-0.13122718,0.60171798,-0.37289443,1.0292245,-0.97925044
19830459,after,1.2251465,1.2329789,1.3207945,0.85122098,1.8331112,0.40420091,1.1772154,-1.4721727
19830490,after,0.19800108,1.1692461,-0.72334844,-0.09301239,1.8903526,-1.1912575,1.2116444,-2.2403639
19830505,after,1.0885065,-1.285605,-0.62552834,-1.0787782,0.14410219,0.19626237,1.4994917,0.15643317
19830515,after,1.324949,-1.1181918,-1.3008272,-0.85278359,-1.6998636,-0.37211149,0.36375501,0.26229181
19830534,after,1.0971539,0.31996921,0.96121916,1.3352703,0.26772673,1.4409941,-0.59770064,-0.93684116
19830536,after,0.49360024,0.26419924,0.24654477,-1.1750164,0.06194806,0.57929358,-2.5119713,1.6382629
19830540,after,0.25397242,4.2794731,-4.0540165,0.68789725,1.1663069,-1.4116274,-0.015673883,-3.6453398
19830575,after,1.6183863,1.0140842,-2.5449684,-0.68880696,3.3683732,-0.79265032,-0.63453058,-0.78581007
19830581,after,0.62369596,-1.5143726,0.37488711,2.3033997,-0.77993872,0.85061395,-0.28457441,0.55839871
19830591,after,0.24575174,1.1841206,-0.11338982,0.9276855,0.39931767,0.28134088,-0.037621717,-0.052339984
19830635,after,0.47137446,-0.083523032,1.1675331,0.35228406,0.027731952,-1.5814764,-1.0402572,-0.32166959
19830683,after,-0.33932903,1.5141408,0.73532768,0.088055848,0.40738232,0.47403047,-0.010466179,-0.12404891
19830689,after,0.087714757,-0.57349946,0.27911816,-0.55972044,-1.1516963,-0.51836351,-0.094181027,-0.31107713
19830693,after,0.19043832,1.0760953,1.6848431,1.3542153,0.46755228,-2.0134058,0.40877435,1.1793561
19830710,after,0.025941694,1.4728005,-1.3617873,-0.1928508,0.9991739,-1.9183744,1.101386,-1.0510749
19830754,after,-1.1657434,-0.87717038,0.31076576,0.62550688,-0.61281189,1.4539342,-0.65714201,-0.45435217
19830760,after,0.12748426,1.2711677,-0.27684417,-0.28213219,0.48939826,-0.0014478629,0.79661791,-1.2456602
19830780,after,-0.75134477,0.26550626,0.057693506,-0.91996864,-0.22486086,-0.27596568,-0.7227808,0.76429846
19830793,after,0.55679124,1.408186,0.94365506,-0.63361729,-1.325185,1.0422433,0.95740031,0.59765483
19830794,after,-0.65552803,-0.6996168,0.63059116,0.71282498,0.99649174,0.69391643,1.2653208,-0.36568226
19830808,after,-0.73989398,1.1458192,-0.25725443,-0.13255434,-0.310656,1.0852315,-0.042406162,1.2842155
19830818,after,-0.31125489,-0.022199487,0.59673414,0.041836147,0.66705299,-0.94503469,-1.0066534,-0.77884181
19830822,after,0.67223656,1.6024769,0.67165102,-0.493846,0.82955503,1.2824144,0.19415737,-0.15655117
19830824,after,-0.63300644,-0.86509533,0.63933593,-0.1545031,0.34671326,-0.14457624,0.36806573,0.1947642
19830832,after,1.5467065,-0.19530165,-0.53725235,-1.0074708,0.74378956,0.43797057,1.0257813,-1.055133
19830837,after,1.3384808,-1.1573529,0.29236211,-0.41991287,-1.3746809,-0.52006031,0.064706821,-1.5675852
19830845,after,-0.32121009,2.9542022,0.54999001,-1.7382257,-0.72194534,0.80114457,-0.92609831,1.5270189
19830855,after,0.58330526,2.6017491,1.5611548,-0.75656511,0.54600317,1.2306245,0.36192059,-0.49855457
19830875,after,-0.38729408,0.53035808,-0.056518195,-0.45212951,0.80625592,0.016463041,0.092663692,0.30138109
19830888,after,-0.11274537,-1.102134,0.93772416,1.3807979,-0.14292542,1.7852417,-0.52673797,-0.67558356
19830893,after,0.65617962,-0.31923082,-0.016638589,0.67176417,-1.0173762,0.49571504,-0.12468239,-1.7835828
19830908,after,-0.65981455,0.068211145,-1.1706061,0.32793532,0.28634525,0.047251633,-0.070569328,1.6635622
19830915,after,-1.1390195,-0.47921563,-0.2089842,0.48551526,0.015923216,-0.090528352,-0.014147839,0.092332053
19830921,after,0.91064371,0.32435449,-0.35910539,-0.68734022,-0.23268928,1.4433771,0.91556963,-0.54261112
19830934,after,0.10069714,-0.76536216,1.1587676,0.4387745,0.95606631,0.14250405,-0.070473461,-0.24231945
19830944,after,0.94980006,-0.81511071,1.0592976,0.2240123,-0.41851353,0.79678254,0.05755186,0.8656532
19830982,after,-1.3930213,0.46909432,-0.18463249,-0.15456409,-0.9851058,-0.17447998,-0.72170312,0.47822514
19831002,after,-0.27885085,-0.57295657,0.04070805,-0.26908913,0.15467523,-0.10090357,-0.44568575,0.047127717
19831015,after,-0.90340408,-0.57240684,-0.33908634,-0.4501071,0.062424243,-0.94520307,-0.52593512,-0.013280448
19831039,after,-0.76958591,0.82274489,1.5358871,0.66178881,0.75479532,-1.1238473,0.54193412,-0.065760151
19831044,after,-0.39780733,-1.9700042,0.27254676,-0.56524304,0.55950498,1.888864,0.67010823,-0.17980447
19831052,after,1.2351762,-0.80006804,-1.2814119,-0.51811571,-0.27570338,-0.12802666,-0.12564048,0.70302501
19831054,after,-0.43308931,-0.66069968,-0.6712737,-0.2169371,0.95500012,-0.9377877,-0.70058286,-0.46628031
19831059,after,2.3970771,-0.21614603,-0.35156474,-0.33173987,1.9022162,-0.87623763,-0.62860433,0.27586828
19831065,after,0.75730216,0.15491922,-1.0827857,-0.15380071,-1.3260783,-0.60311573,-1.3476037,0.4752487
19831094,after,-0.75436599,0.48747805,-0.20373092,0.33822888,1.19535,-1.3617348,-0.34539448,0.31654501
19831099,after,-1.5898705,-0.2473954,-0.42894033,-0.93907297,-1.543813,0.29496854,0.33308621,-0.859482
19831112,after,-0.61536793,1.9772169,0.29304493,0.27125994,0.22359679,-0.88093228,1.3101072,-0.59686923
19831117,after,-0.8844543,-1.1823598,1.252063,-0.4301318,0.34884236,-0.53892326,-0.12788946,0.091523889
19831131,after,-0.92176787,-0.99863474,0.32619746,-0.043251866,-0.15622011,-0.20981789,0.12378294,-0.30840506
19831140,after,-0.71103611,-0.30212656,0.33147076,0.34185826,0.45813461,0.36385927,0.14823505,0.41830441
19831145,after,0.15140862,0.58788363,1.5053273,-0.77476005,-0.070206297,0.28019884,1.5546312,0.98307255
19831157,after,-1.505361,1.2272054,-0.2071826,-1.0428802,-0.71262218,1.0170507,-0.70091169,-0.74116773
19831165,after,-0.48804121,-0.15112793,-0.10894598,-0.54697664,0.41515834,0.30405358,-0.13440708,-0.95420389
19840004,after,-0.56169036,-0.082453613,0.33628824,0.4103357,-0.14810056,0.071958022,-0.32144047,-0.042611986
19840010,after,-1.1008182,1.2059664,0.044300643,0.24633904,-0.20459579,0.6316711,0.6177495,-0.29370493
19840018,after,-1.0362377,-0.55008477,0.29381358,0.18591328,0.59963702,-0.22851283,0.74335288,0.40907668
19840031,after,-0.52529023,0.14528742,-0.10059489,0.32401345,0.0059545477,2.1947398,0.53741043,-1.0396131
19840033,after,-1.0004559,-0.6395136,0.042718746,0.83445496,0.2589543,0.13312195,1.2082989,-0.62866084
19840045,after,-0.31171702,-0.004592112,-0.40961555,-0.88799229,0.16342447,0.48827201,-0.47696007,0.08307964
19840054,after,-0.89619755,-1.1596233,0.26287271,-0.45644441,0.24183913,-0.32292928,0.062850856,-0.40084533
19840073,after,-0.75886621,0.43271454,-1.4613922,0.29575912,-0.19932083,-0.01057556,0.59995232,-0.43664508
19840077,after,-0.55497673,-0.11320377,-0.26160844,-0.21325664,0.85669751,-1.1507646,0.21648689,0.40250212
19840093,after,-0.0043105531,0.59159843,1.5331115,3.0028847,-0.53975196,-0.40533377,-0.71459579,0.082424217
19840098,after,1.9609793,-0.46855209,0.11182585,-2.8649253,-1.6376035,1.5828731,0.52034156,-1.2140519
19840114,after,0.36401272,0.39271506,0.063177265,-0.094551748,0.47348194,-1.2629345,-0.85931083,-0.12973073
19840141,after,-0.70153493,-1.4072648,1.2922041,-0.59286011,1.0280464,0.78969012,0.83392256,-0.22800487
19840159,after,0.12400031,0.0023368565,-0.96264228,-0.37611374,0.48372631,-1.0458665,-0.37498678,0.0081367274
19840167,after,-0.13286315,-0.26042116,0.22118639,-0.0098747418,2.6260665,1.0665868,-0.90273972,-2.2061933
19840172,after,0.67298891,-0.43878705,1.8847526,-0.7172819,1.0198484,-2.076961,-0.7950756,0.72429794
19840174,after,-0.71546187,-0.4486232,0.68138438,0.071692664,0.91506101,1.1922318,1.1031744,-1.0948295
19840188,after,1.5993591,2.5805112,0.47179829,-0.86874602,0.50454446,-1.4215759,-0.11578151,0.62759626
19840205,after,-0.64080118,-0.45872675,0.55730849,-0.68495283,0.015610104,0.035275683,-1.2199556,-0.30842366
19840222,after,-0.2224491,-1.1702479,-0.043356716,-0.43714925,-0.31532862,-0.60378884,0.00087281286,-0.3340411
19840229,after,0.14341762,0.5565191,0.083520678,-1.3575032,0.82643544,-0.96606075,-1.0793091,0.65369876
19840303,after,-0.28770678,0.017745785,-0.94976615,0.40278517,-1.3860088,-0.77954032,-0.28398262,0.046740979
19840320,after,0.23549494,-1.6911952,0.59276821,0.9662582,-0.18290025,-0.28879565,0.39816807,0.85935407
19840350,after,-0.44113589,-1.045197,0.51862823,-0.055272476,0.20396905,0.1593579,0.57367322,-0.33041502
19840365,after,0.82073808,1.5460407,1.666234,-1.1453399,0.96647881,-0.52942544,0.71982639,-0.0028464711
19840379,after,0.92642378,0.94364753,0.77546497,-0.67733056,-1.3219878,-1.5265404,-0.2375734,0.58525685
19840402,after,-0.77060134,-1.1989165,0.8164461,-0.024460411,-0.13325393,1.417577,-0.4653204,-0.0057773385
19840433,after,0.30448025,-0.58152791,-0.37288897,-0.35448172,-1.8131083,1.268435,0.4301417,-0.14410004
19840478,after,0.50354583,0.41985366,-0.51958844,-0.43668166,0.53377062,1.8132305,-1.5139627,0.78204366
19840505,after,-0.048166644,-0.35835455,-0.55989714,-0.40995426,1.098487,0.52542609,0.4798972,-0.022334715
19840518,after,0.64672375,0.68926118,1.9595374,2.213311,0.79784757,1.814268,-0.25788093,0.54198038
19840520,after,-0.29422788,1.4989605,0.12507361,-0.11705767,0.53528607,-2.1208153,0.87113075,-0.1989171
19840531,after,1.4787337,2.2952989,1.3138481,-1.0168886,0.19252001,-1.4322002,-0.38777691,-0.50455907
19840533,after,-0.41474123,0.49069398,-0.21972502,-0.46366215,1.0195882,-0.80215832,0.2247033,0.044768072
19840547,after,-0.7588068,-0.68211534,0.42376967,2.1174851,-0.54024892,0.41936752,-0.92463639,-0.77066442
19840557,after,1.6537787,1.0144125,-2.6263923,0.81052449,1.8027514,-2.3637458,-0.64408309,-0.00053513622
19840570,after,-0.74471873,-0.46403711,-0.69752244,-0.24173182,1.3124372,2.4507117,1.0806266,0.56655366
19840588,after,-0.41964455,-0.044255499,1.057012,0.42632392,-0.034826217,-0.44977781,-0.29358347,0.52548495
19840606,after,1.5863324,0.57422465,0.64084087,0.47607546,-1.9781065,0.37398794,-0.25886887,-0.036196852
19840635,after,0.37346953,-0.71120134,-0.62320274,0.046948275,-1.3565316,0.18061856,0.30071181,-0.04601089
19840674,after,-0.0016337494,0.1558745,0.59117936,0.14160822,0.77176674,1.8357307,1.8855176,0.076768058
19840730,after,1.1015963,-0.70924332,1.196824,0.44236477,2.3431876,-0.22325282,0.69626644,-1.0568655
19840746,after,2.5267843,0.23278509,-0.9149833,-1.2884956,3.085435,1.6602033,0.19523009,-1.4567315
19840766,after,-0.32426711,-0.41580114,0.85476199,0.7674939,-1.2435203,-0.18872817,-0.06695414,0.2388922
19840791,after,0.25441928,-0.98001958,0.73857244,0.11696735,-0.71444305,0.032394747,1.2721678,-0.58865338
19840812,after,-0.37950335,-0.058194782,-0.067055672,-0.2896254,-0.89923838,-0.48099869,0.59550998,-0.20490553
19840819,after,-0.0069348102,0.013566065,0.47896263,-0.17023892,1.1406441,-0.3623764,-0.6640943,-2.005086
19840820,after,-1.0910012,-0.23627779,0.0090411921,-0.3595362,0.92522677,0.028573623,1.119872,0.59387246
19840823,after,-0.16397754,0.062029792,1.4862349,0.32751467,0.38405257,0.6771134,0.04395121,1.0570213
19840829,after,0.71960803,1.3022436,0.58299472,0.033040519,-0.29855587,0.21940142,-0.55357395,0.49917376
19840832,after,-0.86088593,-0.28891766,0.39489619,-0.40086368,-0.43941058,0.86822613,-0.63480162,-0.14434933
19840834,after,0.58608608,-0.88257482,-2.3345466,-0.94243762,0.31039241,-0.028403598,1.7698035,0.53703251
19840860,after,-0.39905995,-0.71364673,1.6161279,1.7047104,-0.50605969,1.0942005,-0.84822373,0.7726374
19840873,after,-1.7708892,0.96597178,-2.7437281,1.514594,-1.3448441,2.2194543,-0.00067908358,0.66142173
19840876,after,-0.045061401,2.8184921,0.61321635,2.0581104,0.49816999,1.3539033,0.060803305,0.056698095
19840883,after,0.65403159,0.96165648,-0.99970712,-0.35148915,1.5223763,-0.49683416,0.10214143,-1.2806982
19840890,after,0.41176258,0.06515175,-0.082421344,0.67957886,-0.59637527,-1.69063,0.15337121,0.84370615
19840892,after,0.29766544,0.74754929,0.64292484,-0.049499378,-0.15488513,1.8857066,1.3422877,-0.62953141
19840897,after,-0.78125584,-0.63891566,-0.11206836,-0.60458722,0.036317127,-0.39372217,0.39226381,0.40163347
19840903,after,-1.037624,-0.14692329,1.2149269,0.25969056,-0.40377688,0.29560901,-0.033667332,1.0919886
19840906,after,0.32280487,0.98559813,-0.53363279,0.52574186,0.69450798,-0.015646382,0.45600352,1.1399031
19840943,after,-0.16413054,0.62989954,0.8393494,-1.6496254,-0.47013747,0.29286249,-0.53482711,-0.64422267
19840975,after,1.2735517,1.4928761,-0.73609259,-2.0459305,-1.368948,-1.7053862,0.051129073,0.40867305
19840990,after,0.52328359,1.343504,0.13509148,-0.24297287,0.033974524,-0.40176283,1.3031717,-0.25431455
19841013,after,0.2073779,-1.5007836,3.2208113,1.9186368,0.087826952,3.7555418,-0.76287711,1.2665895
19841041,after,0.73433422,-1.0204336,-1.553179,-0.21669093,0.54729146,0.33529601,-0.6052365,1.7106779
19841071,after,0.088098808,-1.1386002,1.1269014,0.83925111,0.57336436,0.95067549,-0.84023201,-0.71165579
19841073,after,0.36053409,-0.32369322,-0.5986829,-1.0313604,-0.087955057,-0.74658064,-0.64755537,1.202983
19841077,after,0.54167811,-1.893988,1.8554404,0.78107348,0.72632696,-0.1057019,-0.059868237,1.309923
19841096,after,-1.1678816,0.22016302,-0.7597141,-0.061564518,1.1215114,-0.0093128266,-1.8091157,-0.07195185
19841112,after,2.8410762,-0.18705216,-1.4779279,0.54003384,1.1425047,-1.8243247,0.34552134,-3.0031162
19841134,after,0.065941244,2.2057734,-0.15627466,-0.83028083,0.80616633,-1.2327667,1.1813942,-0.77438197
19841148,after,-0.1812587,0.40597519,1.1136171,0.41039386,1.5358907,1.8066941,3.0491939,0.19123456
19841156,after,-0.25510563,-0.51246137,-0.3280538,0.074439712,0.27212223,-0.32960808,-0.035618418,-0.32752558
19850005,after,0.12425157,-0.21186963,0.54414341,-0.3798979,0.25051349,0.96259733,-2.549864,-1.4637696
19850012,after,-1.1626755,0.027957857,-1.3493948,0.062763933,-0.55487878,-0.071145986,0.60666174,-0.29898643
19850021,after,-0.47818418,-0.054497771,0.3290367,1.2525898,-0.36706789,-0.50981199,-0.15924857,-0.44704684
19850038,after,2.0661674,-1.7036891,-1.3239253,-0.43645328,2.3762565,-0.32167895,0.83647892,0.27666794
19850045,after,-0.91097979,-1.2869988,0.50210454,-0.53904426,0.030760189,-0.17493839,-0.4485477,-0.38096606
19850063,after,-0.69941778,-0.51135275,0.33681201,0.0037730272,-0.089102596,-0.64654724,-0.096425671,0.29439062
19850087,after,-0.18603902,-1.2119864,-0.61310433,-0.68325381,-0.3471249,-0.80823606,0.046389781,0.55360331
19850089,after,-0.38111348,-0.72295674,0.10749246,-0.42471004,-0.14522874,-0.65785871,-0.58316112,-0.65700368
19850099,after,-0.62074813,-0.096662888,0.013546149,-0.92803942,-0.12398245,-0.66637479,-0.10391964,0.56389082
19850118,after,-0.68990618,-1.0734803,-0.0041714187,0.053445465,0.54084983,-0.33175384,-0.058508055,0.14443283
19850122,after,0.029334832,-0.58347454,-0.77010676,-0.86007143,1.2540915,1.0939914,1.1239712,1.6202499
19850130,after,-1.0435468,-1.5945749,0.68792556,-0.46674303,-0.25354304,1.1637584,-0.19620202,-0.41951031
19850175,after,1.8823258,-0.68448156,0.86350659,3.0819544,-0.61542977,2.6644709,-2.1478428,-0.35811847
19850185,after,-0.50344,-0.5649625,0.027253422,-0.56283087,0.70039878,-1.0964627,0.18236706,-0.28974441
19850231,after,-0.89974669,-0.54084942,0.25922332,0.042879863,0.19169691,0.33452908,-0.08080666,-0.42505715
19850238,after,0.03441212,-0.94071249,0.4150619,-0.22396814,0.57796808,0.89510813,-0.29351195,-1.3447486
19850248,after,-1.0147711,0.99280359,-0.62422978,0.72174303,0.65678732,0.25771872,0.13527084,0.6642763
19850253,after,0.14483954,3.0914695,0.32785098,0.27180126,-0.49417524,-0.5548388,1.3158268,-0.38765388
19850265,after,2.3376187,0.16094433,2.203762,-1.0244833,1.7446888,-2.1275873,0.4642623,1.64595
19850270,after,0.36823972,0.1052141,-0.24683429,-0.78042101,0.12237427,-0.37097805,-0.74669089,1.151534
19850271,after,-0.14707189,-1.1653928,0.54638226,0.28756523,1.1029132,-1.3829683,0.17901614,-0.025090787
19850282,after,0.98929,0.37929721,1.8489402,1.3308866,1.1665581,1.7327347,-0.14478776,-1.1037289
19850286,after,0.28063833,-0.079778799,-0.57502332,0.3502016,-0.08425056,0.12272514,1.6344959,0.21120104
19850296,after,-0.78101928,-1.0641835,-0.19478885,0.084505235,0.91040011,0.59142628,1.1007152,-0.52480887
19850310,after,0.32838788,-0.0015825364,1.2505752,-0.79021201,0.62819714,0.016453338,0.38851118,0.66353455
19850316,after,-0.28748188,1.8907632,0.32458284,-2.9178193,-1.260023,1.6657145,-1.1557714,0.92985361
19850329,after,-0.75999634,1.1589898,-1.2002718,1.0363065,-0.41231584,0.25934226,-1.0623404,-0.36534802
19850342,after,1.4714894,2.3770085,0.34407172,-1.0453071,0.68496928,-0.91283593,0.91887233,-0.49403545
19850343,after,1.8095454,-0.42786807,3.6031442,-2.1875709,-2.1932008,-2.668013,1.282973,-1.5014639
19850348,after,0.55290391,-0.0019178444,-0.53018562,0.45650076,-0.53623093,0.1910196,1.0157234,-1.8775189
19850359,after,-0.87504345,0.044381981,-0.78370015,0.49024149,-0.16748604,-1.0231973,0.010326752,0.019645965
19850375,after,-0.72512151,0.54946985,-0.72525561,0.49635335,0.15478011,-0.48349339,0.46418664,0.78177197
19850402,after,-0.6004917,0.98067109,-0.3563986,-0.061873443,1.4687529,-0.67905385,1.4814161,0.30767616
19850438,after,-0.51819683,0.71810287,-0.032704086,-0.0030464225,0.33643246,-0.25623261,-0.012381867,-0.79418118
19850442,after,0.75614464,-1.7937243,1.4532328,-0.67077525,-2.3429748,-1.2302967,3.5341271,0.3728189
19850454,after,1.1011995,-0.31707846,0.62846775,0.40070097,0.85532157,-0.17742979,-0.87736491,-0.78751557
19850479,after,0.49849385,0.47894005,0.97286326,0.56498695,-0.36456405,-0.23873563,-0.98175416,0.65905591
19850499,after,-1.1871272,-0.52808424,0.30456271,0.54386575,-0.45475473,0.70152993,1.0102257,1.6781769
19850509,after,1.6592499,0.30884255,0.81893886,-0.6291063,-0.032827103,0.32020068,0.079817815,0.43954677
19850529,after,1.1698466,0.456218,0.28436553,0.19018479,-0.29372418,0.80001829,0.20775213,0.87176616
19850534,after,-0.36613244,0.71976229,-0.49368232,-0.50390178,0.58589976,-1.1292286,-0.056082919,-1.5801391
19850560,after,0.10030561,-0.46658904,-0.31449353,-1.3780099,-0.24819628,-0.8981727,-1.0513957,0.21711768
19850565,after,0.29009857,2.0297958,2.2291966,-0.30863357,0.56754116,1.9116602,0.74074364,1.2544643
19850575,after,-1.4077923,0.18408966,-0.35533869,0.15152001,-0.16718248,-0.59903218,-0.090647631,-1.0232511
19850605,after,-0.88479819,0.015851111,1.4204652,-0.093783501,-0.26930411,0.74068814,0.22214852,-0.34631193
19850615,after,-0.26062181,-0.48627484,-1.2134105,-1.2675618,-0.14637997,0.0091310451,1.1457286,-0.45718199
19850639,after,0.86087069,-0.91427597,-0.67802812,1.1599512,-1.2840634,-1.3517422,-2.2301178,-0.44216959
19850648,after,-1.2613199,1.0730065,-1.4010122,1.0485808,1.1007862,-0.73253792,0.75058819,-0.67072069
19850703,after,-0.50074406,0.33458122,-1.3256196,0.069159419,-0.53553546,1.532074,0.61848504,0.20662168
19850710,after,-1.2039791,-0.49868039,-0.53169593,1.2011992,-0.74118296,0.95482613,-0.11143081,0.37861097
19850738,after,-0.23073162,0.53217161,-1.7701215,1.9159947,-0.01788681,-0.76407013,1.0866748,2.7374378
19850741,after,0.1568871,0.80247886,1.8956991,1.8995893,0.53713436,-0.31091836,0.59747906,0.41483248
19850784,after,-0.85960199,-0.085249162,0.39918228,0.17873829,-0.35979158,-0.47481037,-0.77453845,-0.27735591
19850785,after,0.68414411,-0.60073105,-0.25770101,-0.058736198,-0.22253659,0.391532,0.37248403,-0.21552913
19850797,after,0.096291637,-0.42852902,0.34641645,0.32143897,0.18380543,-0.38213165,-0.64970438,0.36301524
19850812,after,-1.1127976,-0.89459399,0.16871454,0.33115044,-0.51197879,0.35961334,0.48109748,0.91744286
19850815,after,1.4389905,-0.41749215,0.9134157,-0.91314879,1.106825,0.59598157,0.22294578,0.10944416
19850845,after,-0.59754825,-0.40843427,0.41010279,0.032232677,-0.27677463,0.089756379,0.66278546,0.33656617
19850849,after,1.7963461,-0.95908105,0.17465018,-0.04739937,-1.2751171,-0.68099247,1.2205531,-0.79003448
19850852,after,-0.18917593,0.14447348,-1.7907459,-0.41966767,-0.20229648,-1.1753291,-1.4383112,1.1688158
19850885,after,0.25688269,-0.63716809,0.71079697,-0.67690375,2.1410063,1.2163839,0.75233332,-2.5495018
19850897,after,1.804632,0.47767663,1.98338,2.2476664,-0.25181356,2.0426236,1.6195087,0.3311168
19850905,after,-1.0812419,-0.82901468,0.34232286,-0.49052633,0.21987707,-0.50302874,-0.52368175,-0.055594204
19850923,after,-1.3644394,0.036170366,-0.76573899,0.082890198,0.47183723,0.55721704,1.2797759,0.88405276
19850971,after,-0.87794007,0.71434974,0.76289467,-0.95610097,-0.10041943,-0.50766544,0.80223689,-0.55041942
19850973,after,0.51741478,1.3517503,1.415832,-0.10668521,1.4195544,-0.08545404,0.46556625,-1.024295
19851003,after,0.15195505,1.1726756,0.50129495,0.8103045,-0.14339831,-1.0958891,0.70376647,-0.010708502
19851026,after,-1.3119653,-0.079335208,-0.39688615,-0.12178017,0.60529614,0.11345192,0.26596089,1.0090174
19851050,after,-0.33916268,-0.67846254,0.33805134,-0.87896156,-0.52140595,1.1321009,-0.22829027,-0.34620016
19851084,after,-0.94234456,-0.80342378,-0.94973321,0.13899267,0.28339384,0.29515638,-0.8835953,0.23452988
19851086,after,-0.40218388,-1.2480119,-0.36289247,-0.51579695,0.48796006,-1.0466907,0.96699801,-0.155158
19860006,after,-0.61755695,-0.31037108,0.19323556,0.60111001,-0.40443868,-1.4747809,-1.15063,-0.034243173
19860007,after,-0.060594648,-1.6963822,-0.63883348,-0.87630979,-0.10562646,0.30941077,-0.43409791,0.34487766
19860008,after,-0.32077302,-0.83324861,0.22911293,-0.22883273,-0.0038589844,-0.025552847,-0.58998929,-0.37312924
19860009,after,-0.62109423,-0.64355979,-0.14212953,-0.53901972,0.022227039,-0.4597477,-0.50671399,0.39196679
19860029,after,-0.24365741,-0.011072358,-0.2991419,-0.17176715,0.39945028,0.21618236,0.21487722,-0.0027561212
19860056,after,-0.87179982,-1.171377,0.38457964,-0.55417304,-0.077782038,-0.35431172,-0.34365573,0.27484187
19860073,after,-1.4397991,1.2614479,0.1397575,-0.45818436,-0.20946643,0.1235803,1.1842875,-0.457389
19860076,after,0.3914091,1.2894907,-0.4731658,-0.85654018,-1.1936747,-1.2467564,-0.072081113,-0.98975718
19860092,after,-0.98766836,0.41647864,-1.6918604,1.7422352,-0.99441062,-1.2065885,0.91812465,-1.351552
19860095,after,-0.25042717,-0.29158853,-0.27581949,-0.11850875,4.876635,-0.88144664,-3.7975753,1.2459601
19860114,after,-0.82335054,-1.0988946,0.086035983,-0.39466655,0.71727461,0.62855765,0.38183869,-0.22552114
19860129,after,-0.37885005,0.2666899,-1.0278325,0.004560257,0.94618274,-0.77103999,0.15370768,-1.1968461
19860138,after,-0.40247335,-0.21246843,-0.94009098,1.1952441,-0.26575632,0.042557998,-0.6638632,0.38612725
19860139,after,-1.1479837,-1.2450334,0.62132256,-0.6216344,-0.00042849908,-0.21270122,-0.26408378,0.42988941
19860146,after,0.67313836,0.91291082,-1.1303958,0.026160678,-0.52820222,-0.77217643,0.86100617,1.1870043
19860154,after,0.97527169,-0.38173813,0.53422,-0.18273496,-0.64405484,-0.39930527,-0.91212913,-0.15891304
19860162,after,0.095117263,-0.097050382,-0.21825584,-0.8426334,-0.0029399568,-1.0636595,-0.25954275,0.65243063
19860171,after,-0.74347172,-0.70545557,-0.083541628,-0.1776667,0.13924035,-0.58195365,-0.53153879,-0.47286984
19860178,after,0.63295491,-0.28734199,-1.1843304,-1.0264417,0.99507664,0.54736491,-0.24455179,-0.089389493
19860195,after,-0.37073516,0.076608335,-1.2572309,0.58341422,-0.48515827,-0.23972189,-0.0025623149,-0.39035262
19860202,after,1.1447935,-0.51115427,0.78379559,-1.4724622,-1.9469303,0.31261634,1.1074494,-0.6510425
19860208,after,-0.78214449,-0.20482628,0.18585553,-0.82919262,-0.88475113,0.17646295,1.1215009,0.29965405
19860218,after,-0.41825365,-0.83805128,-0.72277627,-0.04319343,0.041308147,0.71541363,0.51729278,2.1407875
19860229,after,0.8956132,-0.48221342,-0.48768117,-0.43834616,-0.70277034,-1.3384908,-0.74925578,-0.53336916
19860238,after,-0.37772151,-0.68750301,-0.78072106,-0.70460431,1.1883488,-0.34864057,-0.036211522,0.62061133
19860251,after,-0.65026167,0.46363761,-0.61097066,1.1497537,-0.37339536,-0.08903362,-0.086732308,-0.45609475
19860265,after,-0.29044639,-0.86641541,0.12275446,-0.12589005,0.39685891,1.291197,0.020182343,-1.8483019
19860278,after,2.057951,-0.67028582,0.1704602,2.1641033,0.96892183,1.0650765,0.87776767,0.68374104
19860295,after,1.1824354,0.88228654,0.89018233,-1.1962876,-0.78588294,0.56430063,-0.7788522,-0.85504286
19860298,after,0.65560563,0.36994258,0.18099422,-1.1098772,0.69136061,-0.29011754,0.3585352,0.18901402
19860306,after,0.48388379,-1.7972725,-0.022627053,0.7295745,-0.12693364,1.1095179,0.39519133,1.287259
19860313,after,-1.0252932,-0.95074056,0.24125843,-0.77714313,-0.11206463,-0.75342425,-0.017639261,0.17019042
19860314,after,-0.63213277,-0.56025053,-0.36926139,0.75975615,-0.37357774,0.75815069,-0.73227992,0.44215609
19860330,after,-0.31792975,-0.28410671,0.24822128,-0.038989269,0.33006914,0.6041061,-1.2247015,-0.60044396
19860345,after,-0.41839913,0.064875036,0.71360097,-0.2718509,0.73521622,-0.66116929,-0.58505547,0.81573676
19860346,after,1.9922498,0.81033652,-0.085982138,0.78251081,1.1954969,-1.9894618,0.22901598,-0.04579812
19860349,after,-0.3884088,0.4407065,-0.0002512372,1.1856669,0.053900201,-0.99531684,0.77778458,-0.80760709
19860384,after,-1.2332814,-0.1227225,0.33372906,0.68690791,0.11477282,-0.73853504,1.4463464,0.23009535
19860409,after,3.0087054,2.5950138,0.43388907,-2.5508937,1.3754999,1.0605251,0.88301876,0.35336149
19860410,after,-0.14981435,-0.51798604,-1.9414753,-1.3313276,1.0510462,0.15477959,0.21156831,0.87882572
19860417,after,-0.61907396,0.28231553,1.7363367,0.72286675,0.47719746,0.5242292,-0.3603587,-0.64367141
19860430,after,1.1869808,-0.56425302,-1.087576,-0.71875189,2.4871978,0.98458124,-0.29297194,-1.4344033
19860443,after,2.0971562,0.12425982,-0.50366566,0.15547273,-1.9270047,-2.1354739,0.86264647,-0.65729052
19860448,after,-1.041845,0.81208712,0.60913979,-0.94313033,0.51353996,0.88536261,0.40741153,-0.49820644
19860462,after,-0.7140848,-0.12595905,0.063107768,0.17425544,-0.17523018,-0.36462964,-0.19428287,-0.15262146
19860469,after,-0.69819155,2.2201377,-0.34893569,0.096030464,0.86404371,-0.7543551,1.310107,-0.88343254
19860482,after,-0.25714246,-1.2990065,-2.0268525,1.8993912,-0.070212329,3.0678703,-0.21911421,-1.5518116
19860491,after,-0.57013876,1.2794538,-0.23351113,-0.51636476,-0.65985201,0.32368613,0.53242042,0.49030632
19860512,after,0.30101601,-1.084871,-0.36291684,0.22871864,0.62028109,-0.68754695,1.4686735,-0.29849317
19860513,after,3.4403485,1.1714193,-2.0512438,2.0656757,0.12901511,2.661824,-1.9869696,0.90779535
19860526,after,-0.33826997,1.1718265,-0.73030617,1.0408724,-1.089625,0.18396413,0.30040562,0.26015543
19860529,after,0.050751432,0.98850167,-1.120457,3.9685184,-1.2726638,-0.70715235,-0.20624895,-1.0975052
19860541,after,0.17428068,0.16197314,0.55793874,-0.70358281,-0.76681279,-0.41565777,-0.44242116,0.21064177
19860551,after,-0.55443554,1.8342766,0.12496879,-2.2447055,-0.3775149,-0.50611808,-2.721631,1.5274303
19860563,after,-0.22700361,0.73771497,-2.1254141,1.2504699,-0.66114987,0.019541079,1.0624684,0.18082892
19860584,after,1.2331493,0.89250146,0.44949815,-0.26233714,-0.68829235,1.5368671,-0.852783,0.55311126
19860591,after,-1.1043286,0.56466683,0.55195942,-0.65010148,0.11749995,-0.13771071,0.48012164,0.80039259
19860599,after,0.09619066,3.5087988,0.0091801826,0.90586087,-1.0770302,0.41798929,1.0926527,0.16053577
19860601,after,1.2998439,-0.41027211,-0.77937908,2.2915777,-2.6403124,1.6505639,2.153205,0.48354649
19860608,after,1.2817108,-0.58394849,-2.7497465,0.96536684,-1.9148171,-0.34740674,-2.3539211,1.9187616
19860610,after,-0.30353673,1.2769426,-0.82971887,1.2121513,-1.8773307,0.99466215,-0.57940114,0.1060405
19860622,after,0.77320097,0.89080626,0.0061732901,2.8728952,-1.5919617,-1.6271396,0.60127342,0.96431807
19860667,after,-0.72582132,-0.76543958,0.9008357,-0.044993143,0.31215909,-0.018335075,-0.13516312,0.1270451
19860681,after,-0.22210866,0.52828986,0.18028425,0.5271578,0.20507446,-0.23782423,-0.28758459,-0.57207753
19860733,after,-0.33972749,0.63367129,-0.14326219,-1.6905587,-1.158314,0.60721586,0.54980852,0.57742298
19860758,after,0.9986998,2.2175889,-0.31685382,0.57662536,-1.4658502,0.22286983,-0.15621082,-0.068462789
19860766,after,0.68830899,0.94761697,0.38881006,-0.18515411,0.72674985,-0.53148655,-0.14472384,0.49670745
19860771,after,-0.66625527,1.5410221,-0.45302899,1.0334108,0.8813691,0.20219113,0.045340316,0.21747062
19860773,after,0.75345539,-0.2413307,0.094783984,0.29598632,0.63549801,1.3426407,-0.60136642,0.20265969
19860777,after,2.8246333,0.15775029,5.1061574,2.755719,0.75243182,-2.2568775,0.43962497,2.2878847
19860782,after,1.2185264,1.4078089,1.3058639,0.15759169,-0.21743876,-0.051882698,-0.42109332,1.0284349
19860784,after,0.65252662,0.71679831,0.93179146,1.1940113,0.95936039,-0.9412434,0.073515707,0.46010509
19860799,after,-0.31918766,0.69780182,-0.4645551,-0.69835111,0.48263055,0.63146842,0.20409775,0.58186585
19860827,after,-0.92471587,-0.27866162,-0.78902942,-0.20421875,0.81252178,-0.94227853,-0.25040637,0.97847219
19860832,after,-0.70520804,-1.0287711,0.62125301,-0.53029295,-0.66444745,-0.11497241,-0.3808004,-0.27483896
19860849,after,1.0807096,0.75693165,2.5445537,0.28842791,0.056306354,1.7485224,-0.15160708,-0.24278697
19860853,after,2.3435888,1.1603678,0.92701948,-1.089981,0.91281997,2.4045917,0.24903259,0.87157844
19860864,after,-0.9562013,-0.4876316,-0.48498027,-0.98991504,0.4770962,-0.14956659,0.41363904,1.4231898
19860874,after,-0.39272565,-0.3992371,-0.64924611,-0.3034192,-0.2153778,-0.15390628,0.17251691,-0.3762669
19860879,after,1.5542203,0.23179615,1.5395489,-1.3976801,0.013082921,-1.1241208,0.057677853,0.917634
19860892,after,-0.88256775,-0.47794146,0.88044265,1.0146807,-0.1231111,-0.98365684,0.27745578,-0.31966821
19860894,after,0.011549351,-0.71495495,0.88339425,-0.18018357,0.38603628,0.11007481,0.32005168,1.0879347
19860900,after,1.9458003,-0.99861556,-0.45086512,0.10583956,-2.8481948,-1.5275152,0.21896601,0.087190182
19860913,after,0.45981856,-1.5697883,0.36710927,0.74816078,0.16893958,1.1271739,0.44336974,0.37779549
19860918,after,-0.045178533,-0.97546963,0.49933183,-0.76309803,-0.21875124,0.48889649,-0.06407637,-1.5868474
19860921,after,-0.20732526,0.78389185,-0.10493932,-0.33413509,1.9478924,-0.16996334,1.6288607,-1.0449484
19860942,after,-0.35009147,-0.88935919,1.5513998,-0.098528238,1.0647842,1.3167015,0.34091048,0.28066368
19860954,after,0.46582998,2.5824965,-0.5013392,0.15950881,-0.88645393,1.6816109,-0.9230337,-1.1980406
19860963,after,2.5803544,-1.4471568,-1.5139361,-0.95834378,-0.8274025,-0.38959658,1.9235931,-0.5844897
19860964,after,-0.80306731,0.17987692,-0.075165806,-0.25509423,-0.44109473,0.1153601,-0.076012637,-0.92676304
19860973,after,-0.11204252,1.6590927,0.39334602,-1.3593225,-1.0050809,0.92882868,-0.58169258,-0.85560158
19860987,after,-0.15169287,0.14361775,-0.04668833,-0.32363831,0.50507382,-1.1087162,0.44792015,0.71365444
19860998,after,-0.62665004,-0.76522681,0.89868395,0.78528069,-0.27918584,0.48659171,-0.89941745,-0.11461712
19861011,after,-0.59004289,-0.55185719,0.74023233,-0.59025923,0.2268818,-0.86846798,-0.3563396,0.7256923
19861021,after,-0.44854087,-0.69882116,0.77392132,-0.19929234,0.39951522,-0.57537025,0.067737584,-0.46853913
19861027,after,-1.2660069,-0.27487213,-0.54930083,0.64452611,-0.825777,0.47094368,-0.44038548,-0.87091279
19861054,after,-0.33223436,-0.33066867,0.016235831,-0.29674518,-0.6981414,0.093861275,-0.056317076,0.27730777
19861059,after,-0.0072132967,0.32286836,3.0624448,-0.86327107,0.76128542,-1.436786,0.70468649,0.94241024
19861068,after,-0.81212079,0.93148786,0.73671695,-0.61201813,0.27655084,-0.26624205,0.56480369,0.060603107
19861076,after,-0.74210708,1.2443561,0.0084720206,-1.1251833,-0.3531914,-0.68656603,-0.37803362,0.021616272
19861086,after,-1.2288055,-0.12152679,0.52701605,0.83092876,-0.10716405,0.31034976,-0.12305419,-0.58575387
19861089,after,-1.3038721,0.74968632,-0.033085875,0.2199529,0.12212994,-0.11142645,1.0183147,0.15295484
19861094,after,1.8877472,0.41847138,-0.16295372,-1.6451277,-0.84385556,-0.15364062,0.82441169,-0.61354546
19861098,after,-0.55335965,-1.1695433,-0.082591615,-0.096813227,-0.18616772,-0.057857041,-0.14964883,-0.51627251
19870011,after,-0.46183485,-0.23546482,-0.28273031,-0.32943955,0.60918362,1.490817,0.055068564,-0.24066058
19870019,after,-1.0577977,-0.22597055,-0.015827333,0.33154246,0.11146527,0.10915845,-0.01461329,1.0613825
19870022,after,-0.50293024,-1.0866937,0.55731365,-0.49294682,0.37324177,-0.070085171,-0.44649716,-0.21602073
19870025,after,-0.38027019,-0.73802592,-1.616854,-0.10859988,0.29971685,0.40059465,0.24087426,0.89892738
19870031,after,-1.3181051,-0.20387176,-0.028706071,0.94032821,0.18235501,0.18006933,0.20764798,-0.76128853
19870052,after,-0.95002584,0.18316791,0.16247903,-0.64417055,0.10191456,1.2330731,1.3252485,0.91382601
19870092,after,-0.59325224,0.019223625,-1.2081621,1.0764745,-0.91519717,-0.50363045,0.46651492,-0.86005326
19870104,after,1.5941249,3.4393761,0.70947469,0.20311125,2.1413808,0.52960886,0.24017698,1.7527062
19870138,after,0.74971878,-0.77310992,0.69690781,0.72120627,-0.61274393,0.84788142,-1.0983858,-0.85965356
19870150,after,-1.1332587,-0.6686863,0.85845035,-0.50968892,-0.091122462,0.010336173,-0.1730129,-0.074333928
19870162,after,-0.53981287,0.19424926,-2.6431818,1.7031788,-0.62327313,1.1640943,0.17374791,-1.8941276
19870195,after,-1.1664593,0.15346195,0.33044152,-0.24560626,0.44701379,-0.46281049,0.43254252,0.10914317
19870214,after,0.95309975,1.2200532,-0.99637695,0.59214211,-0.47522057,-0.76246658,-0.65228419,-0.53946421
19870237,after,-0.48016679,-0.2843814,0.14033837,-0.96125133,0.95529141,0.31661246,0.23696898,-1.5423493
19870253,after,-0.29210394,1.0435724,-0.89194362,-0.51929349,2.7416267,0.98637689,1.4409054,-1.6373963
19870280,after,-0.77141242,-1.0141326,0.086413079,0.017826646,0.0351212,0.81541593,0.15824127,0.62904584
19870288,after,1.9284921,-2.4715693,1.6627352,-0.74025356,-0.89018291,-3.048537,-0.11770039,-1.3198552
19870297,after,-0.2689847,0.13094179,-0.36546356,-0.82241637,-0.16524073,-0.66900842,-1.0791181,0.41222284
19870300,after,1.371818,0.56067342,-1.8698974,0.37794136,0.041776407,0.21750984,1.4868235,-2.4331682
19870310,after,-0.56925212,0.11216893,-0.23567345,-0.51661024,0.59328834,-0.48026599,-0.33566579,0.72445011
19870318,after,-1.2069104,-1.1000394,0.20939695,-0.8619309,-0.39797316,0.16127391,-0.44231266,-0.23576595
19870323,after,-1.2319604,2.5096712,-0.34201705,-3.1726364,-0.89986991,2.1666465,-0.50573041,1.7746972
19870394,after,-0.65793239,-0.096706077,-0.35244272,-0.63216733,0.50000799,-0.98736577,0.49167316,0.83610519
19870413,after,-0.63697938,-0.35191107,0.61528732,-0.048392193,-0.024987134,-0.31869708,-0.51708287,0.039750673
19870459,after,-0.58552589,-0.6694303,1.6099111,0.1230992,0.67751636,-0.061586866,0.020393525,0.013317584
19870477,after,-0.32392073,-0.84670092,0.086630252,0.088065895,-0.24963502,-0.36784576,-0.57561834,0.30219804
19870481,after,1.1557845,-0.79687004,2.5094677,-0.36990279,-1.3753752,0.53319291,1.3206843,-0.056400913
19870483,after,0.81640101,1.8632153,-1.0747944,1.6196418,-1.7931531,-1.5733816,-0.22884558,-1.9272469
19870495,after,1.2916711,2.144967,0.17662723,-1.5711965,1.4401159,0.86702537,1.8487483,-1.1801078
19870533,after,-0.11280066,-1.562993,-0.74108493,2.0746631,-2.5516474,3.378809,-0.6994623,0.24827805
19870548,after,-0.26821587,0.55449749,0.45932967,0.11588205,-1.6403348,0.98484263,1.0298974,1.5449559
19870586,after,-0.58076545,-0.99796633,-0.18248672,-0.87080682,0.39984776,-0.025914798,-0.18801689,0.0047043163
19870588,after,-0.55634635,2.0264259,0.87523812,0.055900134,0.91151723,-0.011833797,1.6089908,0.28646212
19870604,after,-1.0568283,1.1660747,-0.55394371,0.33460345,1.2098489,-0.37556709,2.5631137,0.40795271
19870641,after,-1.7083918,1.2595794,-0.071571531,0.43290812,1.1508293,0.098388838,0.49271325,0.28789988
19870642,after,-0.53231451,0.62326088,-1.0300887,-0.38355701,2.6091019,-0.38312991,-0.45033383,0.86040213
19870646,after,0.55715279,3.6601239,-1.3758287,-2.3726827,1.2801946,2.6411386,0.039922636,-2.9639078
19870649,after,2.7192656,2.9148451,-1.0804863,-0.66232842,-0.88614244,-0.48368107,-0.18558388,0.96601564
19870656,after,1.2744025,-1.293745,0.15196966,-0.3825521,1.2112897,0.99794157,1.1428011,-0.17875656
19870666,after,0.19446454,-0.2095171,1.5794747,1.0266967,-1.4607817,1.7364795,0.96559074,-0.18604063
19870679,after,0.07653476,0.065082117,-0.39052641,-0.44973374,0.71076624,0.13288153,-0.2619876,0.19406082
19870687,after,1.4374727,-1.4317724,0.40318421,-0.76880241,-0.36165243,0.81918452,-0.0051764309,-1.5457344
19870701,after,-1.5486707,0.78155106,-0.86541416,0.18608455,0.91309049,-0.31848254,0.57410196,-0.71090558
19870709,after,-0.90181943,0.76640059,-1.5801554,1.9093005,1.0105719,1.0325704,0.52527975,1.8057653
19870710,after,2.3301465,-0.84625216,-1.7744331,0.10649377,1.4214384,0.43643481,-0.43414289,0.60083075
19870714,after,0.20222575,2.3762495,0.53434684,0.29634011,0.4098278,-4.143294,0.77430403,-0.57857975
19870741,after,0.55093708,0.40125724,-0.57544697,0.41036689,-0.15935451,-0.64535915,0.51570048,0.11169489
19870744,after,-0.50361679,0.62409212,0.18036625,0.87837149,0.86263229,-1.2962346,-1.4095026,-0.80375707
19870748,after,1.8270753,-0.30637445,-0.71948581,0.64646585,0.067105226,-1.7759773,-1.0024808,0.36175203
19870780,after,-0.2949507,1.0849814,1.2801605,-0.099874141,1.6453605,1.96711,0.84923473,-2.3956886
19870786,after,-0.58018187,-0.13808658,0.99714223,0.23241619,0.19056896,0.0041408338,-0.53666981,0.34158444
19870793,after,-0.038190094,-0.29422406,-0.59904047,0.21073083,0.49316201,1.2466391,-0.56118548,-0.5334489
19870818,after,0.80886742,-0.16166623,-0.93037861,-0.80195771,2.1270082,0.64453656,-0.15988024,-2.583435
19870825,after,-1.3209819,1.0508558,-1.0487684,1.122738,0.39098241,0.83887417,-0.47082549,-0.080730784
19870833,after,-1.3210849,1.4514265,1.2900591,-0.37942311,-2.0879121,2.3713765,2.3004319,-0.87541557
19870848,after,2.0383975,0.47586231,1.2387488,-0.94882325,-1.1023062,0.36324781,-1.7030949,-0.1966771
19870862,after,-0.70999019,-0.1888269,1.0415871,0.11819299,1.2100548,0.86200902,1.0239944,-0.67116372
19870884,after,0.13989551,-1.1289163,0.27896419,0.15995687,0.39470122,-0.48218562,-0.088845849,0.56983935
19870912,after,-0.31196925,-0.54718151,1.1982991,-0.087626461,0.33697009,0.12080898,-0.21952819,1.487571
19870926,after,0.3917166,0.64563822,0.61082012,-0.10443742,0.2852892,1.2574837,0.070009237,0.30610329
19870927,after,-1.9165452,0.18249973,0.77346641,-1.6104343,-2.2504257,1.5040344,2.1199374,0.91100752
19870942,after,-0.12920586,0.82775358,-0.40184629,1.7044527,-1.2115285,-0.92343276,-0.77848281,0.52464814
19870962,after,-0.43649589,-0.87988768,0.56842368,0.42426401,0.39059064,-0.31789126,0.15921835,-0.033006944
19870963,after,0.54111514,1.5902889,0.42582792,0.055262258,-0.17491427,0.9000134,-0.82772722,0.075149836
19870978,after,-0.70850845,-0.13235609,-0.23468403,-0.72058286,-0.82548556,-0.60473465,0.38545036,0.3657399
19870993,after,-0.81013322,-0.70728939,0.62389904,-0.25101352,-0.21179774,1.2225015,-0.44036275,-0.49450521
19871054,after,0.29470085,-1.787,-0.47367086,-0.33132621,-0.45072691,-0.069312216,0.21919245,0.069478168
19871063,after,-0.54090245,-1.0351185,0.33482776,-0.62927889,-0.11124743,0.52078119,-0.04583909,-0.086875565
19871082,after,-1.7131329,1.5229572,-2.6255969,0.11189756,-0.35606921,-1.0458494,0.28516765,-0.25269065
19871086,after,0.087984273,-0.71764186,1.8737702,2.131858,-0.26286668,2.5396802,-1.0910962,1.2140209
19871097,after,0.71371741,-1.3880376,-0.1530051,-0.51227555,1.3579983,-0.48741695,-0.86307623,-1.5399501
19871122,after,-0.070742697,-0.94919575,-1.514248,-0.41111443,1.465961,0.40571696,-0.38035084,1.6363998
19871136,after,0.85325902,-0.4512941,0.78482529,0.43116825,3.37687,4.3775026,3.1124619,-1.1081149
19871150,after,0.2865391,-0.9709623,-0.087025058,-0.097881186,0.1477325,0.069130156,0.27187081,-1.1720334
19871160,after,-0.18790608,-0.93487404,0.40402517,1.5689707,1.1581625,0.72426531,2.1600134,0.94538982
19871173,after,-1.1144543,-1.7249128,0.26417304,-0.45810788,0.14518133,1.0754132,0.5493627,-0.81484597
19871177,after,-0.5561264,0.5504207,0.16199028,0.41399209,-0.21251959,-1.110404,-0.1936483,-0.45504381
19880009,after,0.38588028,1.4165188,-0.98870889,1.3000978,0.18905719,-0.58829512,1.4895316,0.43969554
19880012,after,0.84842239,-0.84766205,-1.2598982,-0.10731006,-1.1190648,1.0792651,-0.89695191,-0.75928273
19880021,after,-0.93874196,-1.3510436,0.49912877,-0.85474247,-0.069089702,0.20016315,-0.42123634,-0.11761224
19880033,after,-0.1724183,-0.29598426,1.8997315,-0.42207801,-0.79985752,1.6918702,-0.93406518,0.048507935
19880042,after,0.56694594,-0.59888386,-0.31388317,0.39329816,0.44471867,-0.73564115,-0.8585429,0.53907953
19880051,after,0.08802601,-0.99602869,0.94395928,-0.59045836,-0.70006154,-1.3392789,-0.55223671,-1.2966059
19880056,after,0.24365047,-0.14302649,1.0427413,0.42875454,1.5431529,-0.87600593,2.2429936,0.46825966
19880066,after,-0.094481386,-0.26024951,0.66468581,0.16250073,-0.13375957,-0.67307061,-0.61986842,1.0944109
19880067,after,-1.2426209,-0.67381604,-0.17093824,0.25105773,0.34631753,-1.0267188,1.0412159,-0.094655097
19880068,after,0.14891207,-0.31242763,0.44291186,-0.93844786,-0.44068164,-0.19136984,-0.074872853,-0.3820297
19880079,after,-0.54832731,-1.19066,0.54960856,-0.079278337,0.061566633,0.07286978,-0.55627971,-0.41290132
19880103,after,0.14182852,-1.3039505,0.8354019,0.036313741,0.99324137,-0.45980796,-0.31985511,-0.3163718
19880154,after,-0.60099693,-0.90755003,0.65977611,0.46682108,-0.044565895,-0.42966755,-0.39511407,-0.27994418
19880163,after,-1.1724304,-0.55186494,0.052550961,-0.59520937,-0.099612742,-0.31456626,0.047054151,0.79683033
19880167,after,-0.96812915,-1.184914,0.61070926,-0.51000197,-0.11781554,0.023793596,-0.35563012,0.18661872
19880173,after,-0.032681885,0.21665889,-1.2101727,0.10333395,-0.92201279,-0.2990956,-0.54578963,-0.31025123
19880179,after,1.1709128,-0.76024088,-0.050653421,-0.30116751,0.69475412,0.46103068,-1.8676662,0.19912289
19880191,after,-0.68109116,0.47041553,0.37983428,-0.9394572,0.89992396,-0.50223776,-0.78486749,0.82154998
19880194,after,0.0051642338,-0.57005194,-1.2060877,-0.47457238,-0.94920342,-0.5321376,-4.0374008,1.610242
19880215,after,-0.85819594,-0.42056891,-0.16265977,0.13279042,0.15731878,-0.0075656872,-0.36333157,-0.47630295
19880225,after,0.15116524,0.042104847,-0.20600349,0.18875908,0.40841248,-0.5602971,0.29900393,0.011508955
19880235,after,-0.72982067,-0.56121885,0.60701536,-2.0709686,0.23771918,-0.19182874,1.5245949,1.7675156
19880239,after,-0.7061521,-0.4961606,-0.012595219,0.8756631,0.41719696,1.147653,0.4873301,-1.3272472
19880249,after,-1.2474498,1.0804569,-0.025294743,-0.95518618,-0.91435847,0.79198611,-0.71905555,-2.1835016
19880256,after,0.80502652,0.48671994,0.086219638,-0.09956754,-0.54963943,-1.7646331,-0.40396374,-0.60584722
19880272,after,0.65096868,0.35228927,-0.22236017,0.0094365766,-1.2263903,-0.51858332,1.272712,0.094472296
19880286,after,-1.3260094,0.37958558,-1.7596722,0.91253016,-2.0573398,-0.52088558,-0.39260677,-2.0748961
19880299,after,3.4552005,-0.34543129,0.031728463,0.9859181,3.2276971,-1.0567904,1.2544616,-0.46693832
19880302,after,-0.10395921,-1.2724684,-0.62682751,-0.97951494,0.06962257,-0.053455104,0.31343115,-0.52798564
19880333,after,2.358614,-1.1938682,-2.7268486,2.8532839,2.3701362,0.38753747,2.609728,-2.9221751
19880341,after,1.8754697,0.62573242,0.32589075,-0.64828329,-1.2280434,2.4943819,1.341548,0.16460738
19880364,after,-0.52548799,-0.42894838,0.38681518,-0.71586628,0.26943422,-0.76877948,0.0047969641,0.81005119
19880395,after,-0.52187098,0.5368194,0.92549238,0.31288321,-0.18159404,0.40566283,0.035754302,-0.039405169
19880407,after,-0.34798405,0.29511713,0.16755316,0.40979973,0.45159815,0.17441605,-0.59555083,0.50173352
19880411,after,-1.1119544,-0.4126192,-0.79623994,-0.87760426,0.5009238,-0.49351579,-0.099643804,1.5859522
19880434,after,0.24429591,-1.0698982,-1.3293023,-0.55349068,-0.26280146,0.29586787,0.029781891,1.1235178
19880438,after,-0.22170267,-1.1856995,-0.16809224,0.56984067,1.1697261,3.2418093,1.0651423,-2.0605936
19880444,after,-0.28171517,0.49403559,0.90117684,-0.009199992,-0.11115354,-1.2268851,-1.41172,-0.69579995
19880481,after,2.7934484,-1.453163,-1.9122159,-0.03830072,2.8032427,-0.5973679,-2.2782401,-1.3141611
19880490,after,0.56846808,-0.49578295,0.070492939,-0.059705434,0.71351109,0.14808834,-0.10983257,-0.33616661
19880496,after,-0.33662906,-0.9912157,-0.014738907,-0.35589672,-0.85528557,0.58522209,0.079352004,1.5695745
19880513,after,-1.3955106,1.5958335,0.17211169,-0.0091431461,0.40258011,-0.56291399,0.98599844,-0.57985109
19880525,after,-0.84822317,-0.24408956,0.20138547,0.37632727,-0.11949375,-0.40934365,-0.043867135,0.46845509
19880528,after,-0.034818025,0.0081936121,-0.2832468,0.36582538,-0.47510687,-1.1515769,-0.021819984,-0.41703883
19880558,after,-0.63245761,-0.34026035,-0.16385522,-0.22687509,-0.49492242,-0.18019284,-1.1550082,0.1429522
19880563,after,-0.70962802,1.3382474,1.4559497,-1.0267247,-0.79692201,0.26659803,-1.1552323,0.33564941
19880621,after,0.26902174,1.2385142,1.0219369,0.12343698,-0.217454,-0.48369344,-1.3608008,-0.026100768
19880648,after,-0.82579777,0.47667258,-0.16727258,2.0560506,-0.014788834,0.90680307,0.30645614,-0.0074618212
19880650,after,2.2816921,2.2399003,0.42732941,0.07470704,0.7254632,-0.90794307,-0.049865238,-0.032361591
19880666,after,0.092664381,1.3637119,-0.10598298,0.10226995,0.79119776,0.088119914,0.34030941,-1.349598
19880667,after,1.32197,0.21142262,0.66463396,-0.50431925,-0.21873326,-0.38693389,-2.5376848,0.64662578
19880698,after,-0.32998405,1.0983412,-1.355843,2.2881825,-0.43901435,1.4219671,0.51608409,-1.1656544
19880740,after,-0.81682084,0.088478266,0.70165458,-0.74218112,0.6006829,-0.36861636,-0.032867759,-0.19931128
19880742,after,1.298988,-0.31703408,0.37762227,-0.061187326,-0.80544958,0.32414601,0.36002431,-0.31938382
19880784,after,-0.67279,-0.68592347,0.91323206,1.1292487,-0.56831351,-0.83057012,0.092218495,0.02022911
19880788,after,-0.91644023,0.30850469,-0.33384036,0.03733798,-0.41027884,0.44413147,0.79651212,1.0880387
19880800,after,0.16104543,2.1354881,-1.0093966,-0.82278012,2.2959251,-0.69406789,0.82542419,-1.6036975
19880813,after,-0.47137239,-0.63984479,-1.0052432,0.35801662,-0.47774472,1.2512492,-0.50650589,-1.3117381
19880857,after,1.2333523,0.23379311,0.86418537,0.92211057,1.0189448,-1.0769937,-0.43404843,-0.68474404
19880869,after,0.48255114,0.39152091,1.520952,0.2134343,-0.73231957,-0.029546701,0.22115226,1.1736092
19880874,after,-0.45415865,-0.86869962,-0.48641272,-0.70516373,1.3776841,0.33582629,-0.21742271,-0.58812197
19880931,after,-0.80364607,-0.20499208,0.11158916,-0.66190709,0.24887752,-1.4410735,0.65359982,1.0209272
19880933,after,0.9358155,-0.56681626,0.21024637,-0.25343876,0.20250995,0.064424139,0.12993162,-0.8239388
19880938,after,-0.3520341,0.73838247,-0.52285888,-0.36151501,-0.734261,-1.1278602,0.65081813,0.76451151
19880946,after,-0.28735743,-0.30252782,-1.0724026,-0.51359502,1.3536657,1.6931834,-0.41377513,0.044999226
19880957,after,-0.4066126,0.31191224,-0.2954646,0.45665954,-0.36412688,-0.43019559,1.0704058,0.80094551
19880964,after,2.5904461,-0.27294194,-0.70490594,-1.3086526,1.848065,-0.74501832,2.3370191,-0.66506523
19880984,after,-0.17562508,0.38888057,-1.2030371,-0.49833464,-0.19644796,0.76247526,-0.83954453,0.18454647
19880989,after,0.80388048,-0.59172335,1.6303036,1.1412422,0.83838322,1.6152449,-1.2373915,0.31294623
19880992,after,-0.64238238,0.13251103,0.58842155,0.18186971,0.24896041,-0.14964941,-0.1771081,1.6691127
19881004,after,0.69329472,-0.25440127,-0.7139718,-0.00091315505,1.2959512,1.0901091,0.15943025,-1.0477256
19881012,after,-1.6492951,-0.1847458,-0.27085592,-0.33583196,-0.39203228,0.27064536,3.2694086,1.1053615
19881033,after,-1.1375724,4.7378245,0.80504246,-3.5251605,-0.65430028,1.4259151,-2.0441216,-0.094641903
19881039,after,1.6063756,-0.61888655,-1.4234063,-0.69037479,1.2842965,-0.90638696,1.1360187,-1.3342678
19881046,after,-0.39529608,0.26551761,-1.3745716,0.656694,0.42690784,-1.2795261,-0.35615842,0.18192951
19881053,after,0.27723768,-0.2033936,-0.41202357,-2.0166824,-2.404806,0.028677254,0.058830861,0.17681385
19881062,after,0.2579892,-1.524273,-3.3610564,1.2795593,-0.081571297,-0.3508609,0.35851283,3.8787294
19881112,after,-0.25280078,-0.68471314,-0.23331476,-0.68352486,-0.36469365,0.62664636,0.47516601,0.74041897
19881128,after,-0.64201263,-0.32550771,-0.15665613,1.464589,-0.5690562,-0.70706051,-0.26972012,-0.93417489
19881132,after,-0.19707764,-0.32430877,-1.3086746,0.69281172,-1.165516,-0.45860596,-0.25390672,-0.78118814
19881135,after,-0.71738057,0.28681563,0.92347888,2.0548553,-1.6789417,1.1445768,-0.92015448,0.41669644
19881142,after,0.64100604,1.2734946,-0.43769288,-0.35762671,0.40852439,-0.883864,0.56495491,-0.96296313
19881145,after,-0.40718702,-0.091887964,0.54505143,-1.5981465,-2.6159807,0.38425971,1.6831493,1.172665
19890014,after,0.30943803,-0.38732226,-1.1568673,1.7755603,-0.5334437,-0.10886023,-1.7304459,0.11846
19890017,after,-0.37691979,-0.61890198,0.37831099,-0.60977193,0.56900258,0.89961456,-1.6489361,-0.40357566
19890023,after,-0.026758785,-1.6757278,0.14470319,0.072295613,1.0866822,-1.5051578,1.2697198,-0.043447175
19890028,after,-0.83266407,-0.15177121,-0.048786399,-0.081590624,0.63778778,-0.54681854,0.1586736,0.75114703
19890032,after,-0.81578347,-1.1456783,1.0352241,0.084953626,-0.35239363,0.67245132,-0.48874258,0.0086937869
19890053,after,-0.3100988,-0.064304459,0.3779101,-0.83933712,-0.38117445,-0.78960891,-0.96620542,0.1055158
19890055,after,-0.95004293,0.26653351,-0.058428648,-0.17976356,0.8205517,0.42694479,2.420392,1.9600639
19890066,after,-0.33647704,-1.7111525,0.41585429,-0.51542468,0.68790891,-0.19287355,0.081116201,-0.31422233
19890075,after,-0.97680587,0.66033398,0.2612204,0.33134332,-0.76601467,0.37744314,0.1167661,-1.2805817
19890079,after,0.14379324,0.032841742,0.075618396,-0.052989154,0.31524151,-0.37053372,-0.85596515,0.2218534
19890082,after,0.61395379,-0.31980413,0.050962456,0.31197092,-0.13750575,-2.1260926,-0.75533441,-0.12740156
19890100,after,-0.84219525,-1.3028454,0.19447985,-0.47166904,0.033386807,-0.37682604,-0.17236203,-0.34376727
19890108,after,0.072373867,-0.38565229,0.16789331,-0.7078671,-0.69635567,0.3245377,-0.25805144,-0.56747498
19890138,after,-0.17357222,-0.72237688,1.8059663,0.50772191,0.58075006,0.1181289,-0.75075217,0.23804855
19890139,after,-0.34021673,-1.6357725,0.95621318,0.54884579,0.39973379,0.15118904,0.70359645,-0.073459126
19890146,after,0.013342355,0.2054877,-1.0515726,0.17661626,-0.77117601,-0.95089114,-0.40429361,2.3375652
19890152,after,1.3794867,-0.31497211,-0.22251358,-0.90160777,0.76782896,-0.042955043,-0.85732389,0.4478666
19890164,after,-0.45683777,-0.78173986,0.17762811,-0.92202986,-0.092561375,-0.3162839,0.31593091,-0.23950845
19890178,after,-0.85409119,-1.4113366,0.51238079,0.10570136,-0.52709247,0.27532554,-0.32642187,0.82767322
19890180,after,-0.57112506,-1.3031234,0.28340713,-0.42140104,0.5057117,-0.39824102,-0.092917304,-0.64349015
19890206,after,0.17041398,0.58799412,-1.3245824,0.30669881,0.0047562097,0.061625451,-0.49310529,0.16007932
19890269,after,-0.12207989,0.62627562,-0.88556129,-2.2906489,-0.19487891,1.218303,0.14568574,-0.10168413
19890281,after,-0.19034903,-0.01582705,0.50386824,-0.43046909,-0.55652274,-0.62406291,-0.24718704,-1.5993247
19890284,after,-0.28175331,-0.32259859,-0.17155021,-0.11288514,-0.03570087,-0.98277145,-0.046027974,0.054306942
19890304,after,-0.086907368,0.50504681,1.5441257,0.78234252,-0.40264353,-1.189436,0.087532626,0.19720722
19890312,after,1.4647101,-0.66685148,0.97309674,-1.0088432,-1.3237612,-2.54856,-0.34927408,1.131858
19890324,after,1.4462438,-0.41242644,-0.20933325,0.36712135,-1.3006874,-0.48634806,0.49009895,1.3942668
19890330,after,-1.1617404,-0.00029926005,-0.24557422,-0.17628991,-0.15650057,0.28309817,1.1281902,-0.47749134
19890340,after,-0.079556618,-1.4757873,-0.18494377,-0.57320415,-0.089717184,-0.19445607,-0.076484334,-0.52877559
19890342,after,2.1364292,0.45871042,1.9147192,2.8346501,-0.29545111,0.91595927,0.34071697,2.0588576
19890372,after,0.29994586,-0.62512767,0.95966838,-0.7340995,0.15023429,-0.89358463,-0.2780309,-0.95129727
19890381,after,0.47499376,0.25034429,0.083340992,-0.19977043,-0.51832459,-0.54262933,0.19595724,-0.28437657
19890383,after,0.35490465,-1.5371345,-0.3751078,-0.13865059,-1.1183228,1.2911734,1.89665,-1.7780768
19890398,after,-1.1392095,2.0281995,0.43415569,-1.3627884,0.41291217,0.34017354,0.87178514,0.964054
19890430,after,1.4650485,0.18312613,0.56116939,-0.6240597,0.48499495,-1.014409,-1.7662738,-1.39255
19890441,after,-1.6678422,-0.039874947,0.32924316,0.2849419,-0.47071775,0.44915982,-0.17876381,0.45513003
19890452,after,-0.71984401,-0.0627589,0.19923028,-1.0307934,-0.99641326,0.16185686,0.26111888,-0.22571357
19890465,after,-0.49438302,0.16411132,-0.70698463,0.32488671,0.49598918,0.42662405,0.8792473,0.72429832
19890504,after,0.13513489,1.235605,0.10522713,0.53045027,-0.53207955,0.56799412,-0.91908035,-0.51851318
19890509,after,-0.096294792,0.31215177,1.7186866,0.029153605,1.4650522,-1.2164815,1.3358847,-0.49298099
19890513,after,2.6130793,-0.3155466,2.1073918,-0.75524067,-3.0377332,-0.37916553,0.16954422,0.56713309
19890529,after,-0.90470457,0.32016436,0.19672347,-0.72667151,-0.062548236,-0.040068756,-0.2780329,-0.36436152
19890534,after,1.241989,-0.94527032,-0.49408273,0.32125613,-0.30589629,-0.44843872,-2.902215,1.9530069
19890540,after,-0.79748513,-0.53104794,-0.32407199,0.227305,0.18020087,-0.96594378,-0.49699763,-0.042123708
19890559,after,-1.2085815,-0.72483714,-0.13775246,-0.48994258,-0.070677483,-0.2083581,0.13101582,1.1939323
19890568,after,-0.12910112,0.77636194,1.2423113,0.20959079,0.81580362,0.54196379,-0.36738233,0.80634298
19890577,after,0.10679226,0.054047783,1.2100989,0.9332284,0.16648986,-1.4926923,0.50476422,0.31154665
19890594,after,0.22380612,0.45698818,-0.36912212,-1.5914944,0.53253894,1.5122596,0.66513507,-0.47822582
19890611,after,1.9937421,0.63568028,1.3630823,-0.59570602,-0.85163458,-1.4655155,-0.93091671,0.21777457
19890626,after,-0.87735284,-0.29513113,-0.43442748,-0.48265578,-0.17917985,-0.7865566,-0.89121612,0.92010697
19890646,after,-0.69930621,0.42558298,0.33723122,0.35412789,0.74906168,-0.84340004,0.75330006,0.60388233
19890683,after,0.58458369,0.28821112,-0.80175907,0.14962239,2.7446855,-1.2604321,-1.5747992,-1.0080904
19890691,after,0.95306839,0.0049163757,0.72415183,-0.58105181,-0.66218854,-0.068982912,0.38921387,-0.79507625
19890706,after,-0.59132963,0.28093887,-0.5795333,-0.38573212,1.4063686,0.37184426,0.47868845,-0.18662441
19890738,after,-0.35927652,0.91020248,0.24781668,0.50148272,0.27816937,0.08795145,-0.40979957,0.35680412
19890770,after,0.094202509,0.35395903,-0.97274477,-0.96625008,1.5380309,-0.084555424,-0.83321571,-0.20651595
19890781,after,0.76942587,1.0910946,0.95038755,-0.49605449,0.53622062,-0.3877134,-0.43927554,0.19273106
19890797,after,0.65161183,-0.54749817,-0.1511538,-0.2939097,-0.10351758,0.76288517,-0.45214296,-0.89444404
19890809,after,-0.92165712,0.53563253,-0.19182193,0.13216512,-0.37383776,-1.08249,-0.0022060213,-0.31829868
19890810,after,-1.3036404,0.92041572,-1.3294124,1.1732698,-0.33419047,-0.49849793,0.7777043,-1.37679
19890816,after,1.315293,1.3982067,1.9414017,3.5058007,0.012506323,2.4655705,-2.5351672,0.056250804
19890818,after,0.30601339,2.0161416,1.7866328,-0.16970948,1.7408176,-0.7686057,0.82292095,0.0054789335
19890827,after,0.88138352,0.57440812,-0.71917081,0.26887349,0.6974032,-1.2710235,0.76896868,-0.059103627
19890832,after,0.31125293,0.2599256,-0.0032836074,-0.11685143,0.092648416,-0.20225394,0.14615863,-0.50341668
19890844,after,0.83964376,-0.23229429,0.68001813,-0.8457189,-1.2494427,-1.1990702,-0.14750727,-0.79655923
19890872,after,1.155424,-1.069505,0.62643909,-0.18155134,0.21725639,-1.1335258,2.5222847,-0.73614771
19890904,after,0.79481199,-2.0140592,1.1359548,-0.11916879,-0.44608441,3.0616309,-1.3563339,-0.87561185
19890906,after,-1.0097084,-0.21021585,-0.51022158,-0.43548342,-1.2791941,1.361773,0.98441274,1.493684
19890911,after,-0.54272596,0.14729305,0.77571237,0.78748394,0.10988809,-1.0094574,1.2363367,1.4176612
19890925,after,0.68859048,0.2419348,0.71319969,-0.84423548,-0.085659435,0.37537696,0.24579786,0.1796232
19890963,after,-1.0912158,0.35082249,-0.10682932,0.12385147,1.0914224,-0.18187504,1.4371986,-0.84960452
19890971,after,1.1910401,-0.5823204,0.78242535,-1.0130507,0.48219397,2.7391769,0.93508631,1.3299962
19890979,after,-0.78697209,-0.23515515,0.40356233,-0.041161889,-0.78404114,1.4536818,0.29159342,0.86279394
19890988,after,-0.32910663,-1.031394,-0.87892914,-0.86435,-0.98633572,0.49198769,1.31505,1.6659335
19891001,after,-0.069880082,-1.3993525,-0.25960615,-0.30219251,0.40275695,-0.38786921,-1.0919438,-0.095412464
19891007,after,-0.81484401,-0.83590868,0.4789284,0.023053682,0.25778774,-0.17188443,0.25940134,0.079889544
19891031,after,-1.033029,-0.54849883,-0.10235569,-0.56257443,-0.11546483,-0.86641109,-0.35927365,0.18765892
19891036,after,0.30580074,-0.47448241,0.54296518,0.31805549,0.87516483,-1.8966165,-0.14033848,0.10607247
19891045,after,0.28080229,-0.77643369,-0.82956124,1.1876389,-0.96982917,-0.11571545,-2.1655106,0.85402892
19891057,after,0.46483496,-0.13588613,1.3273966,0.57777823,0.94963943,-0.65949,-0.46234817,2.0768874
19891063,after,-0.018996535,-1.1592414,0.3529205,-1.0998266,-0.055288982,0.74481152,0.85896421,1.0549355
19891066,after,-0.025942974,0.17294709,0.43392033,-0.35919024,-0.44699344,-1.0710317,-0.829406,-0.10171539
19891075,after,-1.1830752,0.083428362,-0.11182781,0.0093643154,-0.13649188,-0.99288157,0.055421591,-0.26362174
19891087,after,-0.90541991,0.39482278,-0.13689725,1.7815615,-0.43333709,0.86127847,0.29282008,-0.142351
19891092,after,-0.4841118,-0.43287799,0.56649138,-0.45552531,-0.2625059,-0.40300441,-0.42436588,-0.14553027
19891107,after,-1.2140331,-0.97026311,0.46122895,-0.58968333,-0.45820146,0.03845934,-0.43960944,0.39659004
19891122,after,-0.63128232,0.1224316,-0.038805294,-1.0432724,-0.27747253,-0.739244,-0.71313307,-0.22069724
19891130,after,0.75557954,-1.7568877,-1.0335131,-0.92085669,1.2675398,-0.47303956,-0.28215476,-0.65558119
19891133,after,0.086282682,0.20495816,1.8488384,0.19773275,0.49085208,0.41546272,0.15450102,0.89065916
19891150,after,0.27939615,0.3204191,1.1095736,-0.96251588,-0.06533713,-1.1517151,0.69450872,0.13259417
19900005,after,-0.99332376,-0.40321576,0.20729453,-0.5024273,-0.20550733,-0.5639237,-0.38938367,-0.11467397
19900006,after,-0.74300843,-0.42932477,-0.057097644,0.040252847,0.43180727,-0.79323932,0.2281572,-0.90077929
19900009,after,-0.79911524,-0.68954236,0.11012813,-0.1699517,-0.27136212,-0.28834308,-0.15500833,0.30913141
19900015,after,-1.0747731,-0.34644926,-0.65380165,1.0325422,-0.38205737,1.3613678,0.079074274,-1.1134339
19900026,after,-1.2575811,1.2144679,0.033521645,0.6164926,-0.017495425,-0.74500227,0.048498752,-1.80862
19900032,after,-0.58564105,-1.6577036,0.998472,0.10727494,0.70652798,0.85659745,0.42461216,-0.30738567
19900037,after,-0.18304718,-0.83537473,2.160935,0.60904239,0.12920257,1.5953717,-0.97156235,0.88005689
19900047,after,-0.064537987,1.9564625,-0.38936441,-0.68710724,-0.52575421,1.1878807,-1.008318,-0.44227493
19900058,after,-0.81257667,-0.27596465,0.26541613,0.28240158,0.10637927,-0.41867145,-1.2923899,0.29679748
19900063,after,-0.44220669,-0.2860064,0.12217871,0.28416446,-0.40956396,-0.61457356,-0.37252622,0.40730279
19900066,after,0.28514973,0.22365049,-0.19246701,0.14999413,-0.49699097,-0.10166157,-0.21315823,-0.47583729
19900067,after,-0.72290039,-1.3021321,-0.16515972,-0.44526842,0.24231096,-0.40203117,-0.20722536,0.070124719
19900070,after,1.3693972,-0.847339,-0.89910527,-0.56958062,0.13443789,-1.1752148,-1.0674841,-0.032232128
19900100,after,-0.46705874,-0.59565591,-0.56812895,-0.78227001,0.47303199,-0.22161379,0.065438355,1.898204
19900112,after,-0.78378703,-1.2861467,0.38013428,-0.58571984,0.6647342,-0.27582077,0.37198332,-1.0099745
19900123,after,-0.82263904,-1.013946,0.40315492,0.26022776,-0.50355637,0.08522128,0.047376042,-0.24106836
19900146,after,-0.30382738,0.8912111,-0.18300891,-0.49816659,-0.024827895,0.25307881,-0.35725495,-0.46463243
19900180,after,-0.30700761,-0.67156783,-0.95630656,0.63799116,0.67604037,-0.3360293,0.31827354,-0.9078349
19900228,after,-1.536219,1.1150958,-2.6078207,1.3691107,-1.7155572,0.76827712,-0.25145583,-0.58100896
19900231,after,-0.21402009,0.39095477,-0.048216343,-1.5007615,0.84210431,0.17822857,0.60249573,-0.99773311
19900241,after,0.70450742,-1.0032414,-0.92406929,-1.1527045,-1.4588874,0.15185503,0.8998781,0.5820008
19900247,after,-0.77511189,0.80562265,-0.080778181,-1.5268302,-0.56742359,0.0098693218,1.0158241,0.6657148
19900253,after,-0.3607378,-0.12655334,-0.49387733,-0.45054998,1.6602542,-0.55612863,-2.3050009,-0.94646985
19900267,after,-0.4718317,-0.10265789,-0.25680493,-0.40216919,-0.0021318558,-0.96524845,-0.36948077,0.31416957
19900276,after,-1.1087762,0.71531951,-1.3709618,0.75883185,-0.081702199,-1.772971,1.2743412,0.45852316
19900290,after,-0.90854311,-0.54376078,0.79885928,0.93658559,-0.26547478,1.216228,0.045400063,-0.037256616
19900326,after,-0.93875877,1.2486642,-1.6360648,0.22225532,0.70933312,0.69071284,0.86536315,-2.5563701
19900332,after,0.33815076,2.8209047,-0.39107632,3.2530041,-0.75043071,-0.75118037,0.29279367,1.5302725
19900337,after,-0.15183518,0.41010031,1.3278269,0.53423173,-0.15030527,-0.76115461,-0.41867274,0.97443965
19900345,after,-0.73339089,-0.079111833,-0.19697367,0.27094839,0.079700537,-0.86480731,-0.16947308,-0.25587278
19900349,after,-0.078094105,0.4568317,0.38252338,-0.78494753,-0.19502209,-0.31288828,-1.3099938,-2.4515852
19900356,after,0.49943223,-1.2500058,-0.11900499,0.95770306,-1.3756708,0.56902635,1.0145824,-0.39205438
19900390,after,0.72597613,-0.24466578,-1.4721163,-0.13804006,0.41749987,1.2443492,-0.092127076,-1.3811001
19900400,after,3.8926639,-0.80912941,-1.2231907,-5.9645963,-10.026937,2.4274011,2.1448542,-3.3025324
19900409,after,2.8165379,-0.81160539,-1.2003882,-2.1770411,-1.4313201,-0.85396632,-3.1900023,0.60788527
19900423,after,1.48554,-0.50010801,0.55310565,-1.177802,-0.56705615,-0.31851632,-0.5371698,0.37985255
19900437,after,0.057305031,-0.67485467,-1.1166816,-1.2351449,-0.34016157,-0.11482989,1.2337765,0.061735183
19900443,after,0.63406471,1.6723945,1.7154553,2.3973927,-0.16246342,0.41239213,-0.86879066,0.48736712
19900451,after,-0.38842875,-0.54016676,1.8614542,0.55544685,0.84365556,0.96439347,0.013224529,0.091922855
19900488,after,1.4475397,-0.40879933,-0.48639844,-0.1191457,1.3544208,2.3234627,1.7660885,1.2959445
19900494,after,4.0960203,-1.4524728,-2.2161607,-0.33444638,4.0974269,1.6323855,-2.4056838,-0.89307845
19900502,after,-0.33216559,1.5462154,-0.13898536,-0.8590357,0.22497515,-0.31860829,-0.69289075,-0.21344029
19900518,after,-0.4978934,0.74046396,-0.12723016,-0.1342743,0.36091714,0.26141386,0.30202121,-0.024455871
19900520,after,1.0576242,0.045501995,0.6773599,0.81035837,-0.46857205,-0.81812549,-0.93897034,-0.24317457
19900528,after,-0.2370277,-0.77691104,-0.90653802,-0.65815878,0.18217046,-0.49369133,-0.70314844,-0.10478423
19900541,after,-1.1696649,-0.76247734,0.50219801,-0.33142514,-0.51159284,-0.2583884,-0.34666162,0.30040138
19900557,after,-2.2069101,1.6988556,-0.94152749,0.77224339,0.17675795,0.096762242,2.1369902,-2.0025739
19900579,after,-1.316077,0.14344145,-2.379202,1.3478607,-1.4416404,-0.31881155,1.0729422,0.42010415
19900583,after,-0.48132722,0.70098636,0.72197042,0.043930134,0.67281058,-1.4313327,0.47076729,0.15943834
19900597,after,0.10335341,-0.61831695,-0.82465263,-0.24914096,0.88924549,-0.064585802,0.70630724,-1.3717393
19900624,after,-0.45048451,-0.53030141,0.42481736,-0.40925767,0.2776221,-0.52399584,-0.38739576,0.36327498
19900641,after,2.1182477,0.59459164,2.4670905,-0.53696066,0.03991758,0.82299633,0.99088918,-0.69840818
19900661,after,0.74964105,0.29641044,0.65526077,-0.063966214,-0.70726103,0.037237776,-0.6431,0.34938699
19900687,after,-0.27646215,-0.24893206,0.43868155,1.4995058,-1.4694458,1.2749628,-0.8220948,-0.069689881
19900697,after,-0.56462599,0.58228164,0.87580413,0.14246697,0.76498681,1.8631633,-0.017681749,-0.92159821
19900709,after,0.48062154,0.32541132,-0.035206413,-0.44382297,1.1485499,-0.42860946,-0.14245466,-0.67746109
19900711,after,-0.45842407,0.10323584,-0.17616436,0.39716758,-0.69549441,-0.12862993,0.37436706,-0.20205121
19900720,after,0.79090147,0.8827834,-0.004787955,2.0235937,-0.56273897,1.1860175,-0.72122104,-0.29458587
19900742,after,2.0226677,-0.29147055,-1.7338405,-1.7526556,0.47810816,1.3607915,2.7617774,-0.61504337
19900755,after,-0.15044592,1.4363649,-0.75974965,0.80037139,-1.5249954,2.5936187,-0.87325066,-0.011132865
19900790,after,1.4234168,-1.4494829,1.0238713,0.53345761,1.300012,-1.9050105,-3.4974595,-2.2064571
19900812,after,0.40353834,-0.45329153,1.448369,0.36369744,1.0106789,1.7178686,-1.279355,-0.01619529
19900816,after,0.47662303,-1.1467702,-0.16708163,0.31333318,1.116607,-0.06005352,-0.83135495,0.51964059
19900818,after,1.8260218,-0.29629872,0.63032683,-1.0474541,-0.78221906,-0.36246891,-2.5154736,0.036632602
19900839,after,1.2019251,-1.8953675,-0.17565885,-0.8875465,-2.0634497,-0.41297619,4.5112472,-0.3080367
19900847,after,-0.70871645,-0.45209259,0.30550807,0.075572538,-0.54882869,-0.2582638,-0.064634819,-0.14002316
19900875,after,-0.64989286,1.0181075,-0.4447672,1.1401115,0.40325611,-0.70320548,0.86193262,0.057931165
19900879,after,0.62855415,0.074406153,0.60351685,-0.15088789,0.78015823,0.67236379,-2.7289955,0.063804444
19900919,after,2.1089482,-1.0609691,-0.94718744,-0.45157749,-1.4626574,1.120264,-0.12271604,1.2882324
19900931,after,-1.04367,-0.22674902,-0.074088953,0.90490487,-0.55179481,-0.0092938959,-0.33586217,-0.44290365
19900940,after,0.21481372,-1.0370119,-0.85594931,-0.39705707,0.53499348,-1.1700245,0.79328406,0.36732432
19900953,after,-0.51646648,1.7022852,1.1681441,-0.89895558,0.82473271,-0.10558104,0.6131766,-0.1719703
19900966,after,-0.7800714,-0.067429799,0.51721006,-0.44024404,0.84443758,-0.62910887,0.63179457,-0.30652677
19901007,after,-0.93303579,-0.48553154,-0.40223136,-0.15668209,0.35464158,-0.42489625,-0.24170757,0.90788919
19901017,after,2.0439483,0.0074148001,0.89497597,-0.15313758,-3.1959478,-0.64614286,0.58187336,0.73044566
19901020,after,-0.75878138,2.7037016,-1.3012419,-1.7242298,0.23413039,1.4243703,-2.4008864,-0.21608425
19901027,after,-0.45801456,0.69161771,-0.19271692,-1.0143901,-0.1489688,0.085773277,-0.31918333,1.2737825
19901038,after,1.7743773,-0.18123707,1.4433837,-0.33483548,0.56222567,-0.25498799,-0.23644802,2.8665191
19901047,after,-1.2367946,-0.013669635,-1.3497446,0.5966158,-1.5758997,2.3587524,0.9553739,0.34108982
19901076,after,0.94169031,-1.4655109,-1.1430673,-0.90212994,0.23278202,1.10163,0.73470096,-1.5180295
19901100,after,-0.41884724,2.4024908,-0.5595707,-0.26165362,-0.18110127,-0.043926595,0.43487959,0.76608306
19901102,after,0.21216006,3.0473377,-0.27642907,-0.71837001,2.2052918,-0.70139062,2.2853251,-1.3387078
19901114,after,-0.66098105,-0.33664811,0.21501308,-0.74491798,-0.2303312,-0.87804003,-0.3030529,0.43894111
19901116,after,-0.12703098,-0.40982464,-0.9631199,-0.43834865,1.3143059,-0.3425734,0.27125467,-0.55703138
19901130,after,0.0077805549,0.039658429,-1.7622857,1.528069,-0.11172901,0.16211523,-0.8171957,2.3540564
19901136,after,-1.2714303,0.17564685,0.33331379,-0.34675789,-0.29762249,0.15962138,-0.24580436,-0.57204475
19901142,after,-1.0725167,0.11856969,-0.70500111,-0.46381132,-0.40090617,-0.66557209,1.1390046,0.70339314
19901154,after,-0.78466755,-1.5575194,0.43927015,-0.50849946,-0.53394586,0.46819973,0.055297432,-0.21414531
19901161,after,1.7687019,-0.51875164,-0.83847442,-0.028216313,0.50025843,0.17017476,-1.443839,-0.36787247
19901164,after,-0.56652567,-0.18400672,-0.52271946,0.30668679,-0.7152467,0.04500369,-1.2764762,-0.088217574
19910003,after,-0.21542381,-0.075221267,1.6822305,0.95592044,0.35169499,1.0936785,-0.74894725,0.67220013
19910008,after,-0.61276061,-0.6020779,0.0019534643,-0.71624679,0.59610369,-1.4815304,-0.89810403,0.53040107
19910030,after,-1.1572711,-0.61062528,-0.39013769,0.0062921434,-1.4159704,1.5023463,-0.17673992,0.038973056
19910034,after,-0.63991444,-0.52723342,-1.6953355,0.5595687,-0.9864225,0.87953509,-1.1636155,1.0236744
19910041,after,1.1316064,0.27864452,-1.1380733,-1.6270773,-0.91013634,-0.81278827,0.47250706,-0.019572249
19910052,after,-1.0345898,0.81371566,0.39986152,-1.1094584,-0.7065877,0.50531522,-2.3897575,-0.21047426
19910057,after,1.088789,-1.4685118,-2.2831184,0.25602249,2.1419643,0.45816064,1.3240698,-2.3032661
19910068,after,1.018511,-0.71078969,-0.061504496,0.15404104,-2.99834,-1.9676359,0.096055145,-2.3384128
19910081,after,-0.78127036,-0.42253229,-0.86370724,0.062370109,1.3571466,-0.70948366,-0.90461359,1.2056454
19910094,after,-0.7827184,-1.3316753,1.0515669,-0.26207208,0.4295284,-0.37526041,0.11946319,0.13149536
19910096,after,-0.82374615,-1.5275131,1.1457399,-0.38737646,0.58960353,0.30095709,-0.16166262,-0.19610785
19910105,after,-0.56761292,-0.66622279,-0.66604797,-0.79167189,0.16112982,-0.73542363,-0.18867999,0.89702407
19910123,after,-1.0451742,-0.1242722,-0.091305644,-0.97913607,-0.14061594,1.3557077,-0.40682322,-0.26640358
19910133,after,-0.34144526,-0.087800816,-0.38083159,0.049352166,0.3468567,-0.047507667,-1.4103352,0.1740332
19910151,after,-0.0082800005,-0.89225624,-0.20879225,-0.14967778,1.2173145,-0.72934754,0.71560612,-0.16107098
19910183,after,-0.4486937,0.45652606,0.30927412,1.2134069,0.025907093,1.9229068,-1.3049236,-0.83134527
19910194,after,-0.64921972,-1.053848,0.77168821,0.0089289209,0.44928437,0.11449053,-0.086811945,-0.3179783
19910214,after,-1.2572827,-0.62712068,0.1657549,-0.43808253,0.06163771,-0.94519108,0.087108311,0.57427207
19910222,after,0.4353654,0.5112419,-1.0705605,-1.1786858,0.93452007,-1.4504945,1.5335082,1.1551667
19910251,after,-0.80466496,-0.27554143,0.39442623,-0.34779176,-0.081689655,-1.0574295,-0.13570716,0.12058824
19910260,after,3.0491906,-0.79239403,0.6921233,2.8434722,0.26062456,0.11361251,0.84731145,0.39985665
19910293,after,0.38987311,-0.54374329,0.90555354,-0.80005714,-0.64081231,-1.1578812,-0.96706382,-0.26297197
19910298,after,-0.66308233,-1.0925888,0.92854928,-0.48824997,0.23049153,0.70148619,0.010816332,-0.146303
19910306,after,-0.66394493,0.42747066,-0.39160851,-1.0761645,-0.15196214,1.4070985,2.2328936,0.76664412
19910310,after,0.6612288,0.0011771586,-0.26479674,-1.53414,-2.8788377,0.2487595,0.96119319,0.89631228
19910317,after,2.4349859,-0.3247246,-0.40359549,-2.915635,-1.7394038,0.95335142,-1.0027471,1.4371699
19910370,after,-0.85726906,-0.79441319,0.84459547,0.23683819,-0.16939489,0.63295933,-0.79041139,-0.24499923
19910374,after,0.2437798,0.35581778,-0.031984358,-0.22243622,0.61292489,0.48792769,-0.77400573,0.056677207
19910380,after,0.91984589,2.352603,0.01856462,-0.46903497,1.515309,-0.31077893,0.50908951,-1.5963124
19910397,after,-0.81692553,-0.43062326,0.036620847,-0.98749206,-0.059325265,-0.38854288,0.56455158,1.0356086
19910409,after,-0.95564585,0.16142878,-0.049126598,0.10910355,0.054712862,-0.7484714,0.31333441,0.37125158
19910416,after,-1.3257827,0.75172939,-2.1791089,-0.6310217,1.3968435,1.7866871,1.4300503,0.43850127
19910421,after,-1.0268714,0.79232243,-0.74828405,0.53055424,2.1038395,1.9296755,-0.76992,-0.35966388
19910446,after,0.20247085,0.41342995,1.2623156,0.30963922,0.17245364,0.90488317,-1.3131571,0.30677994
19910449,after,-0.22478306,2.2443246,1.2338914,1.5922895,0.3147106,-0.79420689,1.3984363,-0.41134669
19910454,after,-0.22658753,1.8416369,-1.4173883,1.1579641,-0.98853183,0.85651069,-1.4822111,-0.44854221
19910460,after,-0.88676055,-0.072572639,1.005463,0.26625007,0.060663467,0.18274089,0.35175198,0.35202393
19910496,after,-0.63917119,-0.26301984,-0.6404204,1.0753596,-0.85055881,-0.62037632,-0.26046203,-0.58514908
19910524,after,2.174075,1.4709109,0.11876141,-0.28314385,1.3774818,2.5920214,2.4290837,3.3538029
19910541,after,-0.12248108,0.41468594,-0.52115499,0.59568107,0.45547912,-0.51852008,0.47530629,-0.35582014
19910571,after,0.064451304,-0.90775998,0.6943172,-0.731883,-2.2922232,0.083489338,0.57220923,-1.2012177
19910585,after,-1.0935501,0.69758886,-0.048595018,-0.76103244,-0.53126658,0.33092985,-1.1429585,-0.80560427
19910603,after,2.8720974,0.84139986,-0.86395185,-0.24237737,-2.6572247,-0.15705713,0.83642469,0.52552692
19910624,after,0.54787863,1.4889313,-0.96068614,-2.3536493,1.8734198,2.2366761,-0.98621035,-0.92348322
19910643,after,-0.47898276,2.344832,-0.38546392,-0.50980927,-1.7314967,0.67589793,-0.56095411,-1.0815393
19910662,after,1.8159804,1.4565053,-1.1212686,-0.2849431,0.37461189,0.46801537,-0.9784825,2.750486
19910683,after,-0.19251928,1.8178839,0.56841276,1.4997741,0.13852834,-1.7062429,0.680437,-0.52517381
19910691,after,-0.55743041,0.96209219,-1.1305798,0.39602775,-1.0035392,-0.56773738,0.62101322,-0.12660557
19910698,after,-0.82273114,0.35916462,0.79279865,0.61197457,0.39045548,-1.2545209,-0.33801571,0.60033942
19910710,after,-0.74274875,1.0765538,-0.55098071,0.18163655,1.6681052,-1.2517572,0.058446086,0.13424849
19910739,after,-0.28570471,-0.9037403,-0.6785537,0.48162519,0.10190741,1.7504407,0.32748541,-1.1322389
19910747,after,-0.050404954,2.3573605,-2.1479276,2.3852621,-0.96535469,-0.32432774,-1.279047,-0.43693098
19910770,after,0.10349822,-0.46855273,0.78243996,-1.6168157,-2.7921984,-0.4568384,-0.21127531,-1.9518355
19910777,after,-1.9703594,1.9436052,-1.0305749,-0.11528029,-0.52370929,1.4597729,0.59559468,-2.3583459
19910787,after,-0.32806383,-0.49380777,0.62818422,0.57300688,-0.90878606,0.55108124,-1.5276459,-0.21928105
19910806,after,-2.0573491,0.45327563,-2.0909949,1.9106351,-0.79955397,1.1616659,1.2280561,-1.6478842
19910825,after,1.6425559,-2.0095811,-1.473046,0.95290494,1.2254834,-0.080526266,-1.3507755,0.8215427
19910826,after,-1.5896379,1.3105148,-0.29166445,-0.6049421,-1.1536609,0.82594178,0.5922693,-0.79230175
19910836,after,1.3852408,-0.64010028,3.0583621,1.239096,1.5478825,3.9599458,0.2919796,1.4855247
19910886,after,0.88831105,0.47534236,0.063240498,0.230169,1.5059159,1.1352138,-0.15061474,-0.84716187
19910914,after,-0.68749162,-0.85416942,-0.14208524,-0.93831378,0.39680437,-0.7013034,-0.45698782,0.52793418
19910919,after,-0.69553461,1.2594844,-0.21798948,-0.30785691,0.78274162,0.52793682,0.87023138,-0.34335126
19910934,after,-0.9566011,-1.0216798,0.13438996,-0.045280688,-0.99999916,2.6464167,-0.3325769,-0.42490376
19910944,after,-0.35664037,-0.88398007,1.0305578,0.80314706,0.90280899,0.27924341,0.26280699,-0.34283903
19910975,after,-1.5118377,-0.15596122,-0.59050536,-0.10384995,0.072799026,0.66312049,1.171747,-0.60803698
19910986,after,-0.75446905,-0.56419907,-0.10981487,-0.2727662,0.80135316,-1.0818684,0.35534562,-0.71387379
19910995,after,-0.66902688,-0.85828857,0.054113968,-0.65789868,-0.29096185,-0.81825158,-0.23768287,-0.087344422
19910996,after,-0.43351523,-0.91921657,0.63874625,1.070906,-0.026975606,-0.83275065,0.67032795,-0.3068259
19911037,after,0.83546739,2.7067652,1.9934671,-2.0505662,0.18702598,1.4995708,0.46345705,0.17548341
19911042,after,1.0369645,-0.19180306,0.56349163,-0.64221971,1.0524596,-1.3613647,-0.83780956,-0.21377636
19911055,after,-0.31644638,0.0036919299,0.84280564,1.0848551,-0.24391871,0.24408266,-0.065399991,0.62960346
19911059,after,-0.71147809,-2.127442,0.4692133,-0.28872879,0.19772955,1.7792763,-0.12171386,-0.79535484
19911060,after,-0.65329155,0.40105468,0.40455017,-1.7491067,-1.2147285,0.53071331,-1.5333226,-0.02372947
19911070,after,-0.57207028,-0.61462591,0.02230398,-0.090034166,-0.24408343,0.019378974,-1.0610228,-0.32534827
19911075,after,-0.85035147,-0.41409687,0.93347643,-0.096565965,0.26665397,-0.40855114,-0.039908189,-0.72970084
19911082,after,-1.0512576,-1.2049271,1.131771,-0.2236011,0.24734846,-0.26166239,-0.20620633,0.33293385
19911089,after,-0.6873791,-0.32130995,0.86474579,-0.16747402,0.54776783,-0.45064424,0.21918773,-0.38636881
19911108,after,-0.91066486,-0.10852628,0.33793885,0.39310225,-0.17223121,-0.42421394,0.30230474,0.14727649
19911114,after,-1.0250831,0.076393239,0.4246782,0.93763057,0.44153915,0.61215354,0.39410312,0.077219168
19911115,after,-0.59089871,0.59680215,-0.49727171,0.65914307,-0.77405047,-0.13173592,-0.5101603,-0.3677632
19911126,after,-0.86603564,0.055168005,0.13454991,-0.11512636,0.85185773,-0.46199615,0.91608906,-0.74809373
19911132,after,1.8699518,0.48022156,0.38980827,-0.26361419,-0.0099565684,-1.3296367,0.91061947,-0.32800872
19911145,after,-0.52940845,0.88144981,-0.15850141,1.56298,-0.13787109,-0.57207514,0.63598033,-1.533307
19911146,after,-0.89687069,0.64164401,1.6211753,-1.658473,0.47362785,-0.2249924,-0.057157809,1.1295283
19911148,after,-0.32282614,-0.82303743,0.51532379,-0.47267487,1.0373408,-0.60164961,0.61859663,0.37475592
19920029,after,-1.127496,-0.13466151,-0.28037317,-0.68233575,-0.01177845,-0.13211245,-0.14193878,0.38835284
19920043,after,1.9343295,0.30744904,-1.4977351,-0.33161272,-1.8918192,2.3360623,3.2892016,1.5243362
19920068,after,-0.70700181,-1.6882702,0.25874412,-0.73605248,0.07695541,0.3315238,0.10131621,-0.65860228
19920072,after,-0.90177329,0.04967941,0.41015027,-1.1033638,-0.16857801,-0.24548727,-1.3524199,-0.37317802
19920084,after,0.20557834,0.68930506,0.78581689,3.6002279,-0.53571733,0.40498857,-0.26892851,0.02447581
19920090,after,-1.3458002,0.71720918,0.75662844,0.88397822,0.82320359,-0.25708388,1.7301726,-0.21446385
19920107,after,0.59067744,0.29645152,-0.010322599,0.5551385,0.47546415,-1.0907572,-0.65384938,2.0053614
19920112,after,-1.112725,0.014655459,-0.48225643,1.1578571,-0.13650422,0.15617391,0.53496859,-0.07700597
19920133,after,-0.015986314,-0.46221768,0.28271066,-0.47751908,0.36442573,0.29367741,-0.23416649,-0.027507978
19920145,after,0.34592298,-0.54115288,-1.1822663,1.4099044,0.12865854,0.58635741,-1.3751224,0.62112444
19920157,after,0.9834265,-0.046431233,0.0058417696,-1.1451291,-0.51361872,-0.77864648,-1.0798642,0.30264324
19920170,after,0.2304893,-0.030602545,-0.30045648,-0.35919098,1.1861046,-0.75085641,0.14179202,0.013579907
19920172,after,-1.8869431,-0.71440405,-0.19655179,-0.41206818,-1.235204,-0.22083277,2.7973139,-0.069871399
19920186,after,-0.98974097,0.44288788,-0.73044,0.013375892,-0.53127449,-0.50827768,-0.23602145,-0.65267547
19920189,after,-0.14094061,-0.3854935,-0.58736518,0.31391331,-0.93890397,-0.60553403,-0.59043182,-0.47591435
19920197,after,-0.028298327,0.22308712,0.77549792,-1.9720603,-1.2766876,-0.42959073,-1.9038248,-0.70562766
19920207,after,-0.052264681,-1.1350141,1.0103508,2.0445143,0.022232439,0.19216681,0.39515133,1.3961221
19920209,after,-0.045213948,-0.99637576,0.58911744,-0.11087839,0.57198684,-0.54280417,0.41846068,-0.42910752
19920229,after,-0.33966451,1.8404134,-1.2741916,0.43287199,-1.6018171,-1.6880673,0.1266666,-0.66647891
19920245,after,-0.34138084,-0.96487368,0.13200541,-0.22028405,0.4219513,-0.057060766,-1.3249198,-1.1515016
19920248,after,1.5739376,-0.54827768,0.62908607,2.2952043,-0.33020146,0.54216367,-1.7655303,1.255968
19920253,after,-0.58365463,-0.61333931,0.3302605,-0.64944444,0.094057032,-0.41324081,0.036704443,0.05760484
19920268,after,-0.70497397,-1.2594213,0.89253671,-0.1822785,0.059911282,0.0063003738,-0.33770985,-0.23307416
19920295,after,0.6149216,-0.69208633,-0.23868855,-0.50778163,0.21398262,-0.52767086,0.1041555,-0.31229296
19920308,after,0.30859732,-1.826579,-1.2843673,-0.73644505,1.0682084,0.61654043,0.64220902,-1.9746227
19920330,after,-0.94786443,0.14025786,-1.2349728,-0.38235697,4.2559682,0.12287981,-4.3894267,0.13165008
19920345,after,0.07635945,-0.90177283,-0.37837181,-0.019585331,-0.13382511,-0.58750896,-0.4204228,-0.23951397
19920346,after,-0.29892257,-1.0206504,0.66691596,0.13557187,0.95205454,0.31163387,0.10865047,-1.3645203
19920370,after,1.6335474,-0.73069552,-0.94576422,0.77247504,0.079355784,0.18771221,0.23869584,-2.1378796
19920379,after,0.053864913,0.64126168,0.35096064,0.34803122,-1.0354096,-0.45971782,0.98885743,0.24883776
19920380,after,-0.77582977,-1.4010055,0.36471811,-0.55654398,0.35613926,-0.15534769,0.071521539,0.43101547
19920391,after,-1.564006,0.8046631,0.0087845523,-1.5015741,0.36595692,3.7135431,0.079098139,-2.0708749
19920404,after,-0.46393406,1.1763065,-0.2102526,-0.43876674,0.30248884,-0.14697303,0.46471992,-1.1614052
19920411,after,-0.42152086,-0.032594499,-0.25080804,-0.48469731,-0.47116421,-0.35041482,-0.51998721,0.24002921
19920418,after,1.6906895,0.15776097,-1.0020519,-1.0606861,-1.1570469,0.49385654,1.3233955,0.24551152
19920424,after,-0.0066242556,1.4379445,-0.40748031,-0.5844456,2.4386401,2.2530861,1.5249961,-1.2368946
19920433,after,0.41567764,1.5632058,0.83031807,1.4796262,0.13195747,0.044131189,0.46151117,0.22428486
19920442,after,0.36463933,2.316181,-1.087095,1.6682672,0.30316395,0.27420254,1.6235056,-1.2749103
19920451,after,-1.1114632,1.1749311,-0.28616211,-0.16076617,1.1663901,1.3780929,0.31153076,-0.93018588
19920455,after,-0.50325384,-0.18164175,0.68551239,0.25137743,0.37048177,-0.6324003,-0.67152401,0.46387158
19920456,after,0.24290188,-0.14175526,-0.14035491,0.95785034,-0.57705349,-0.31436554,-0.54845792,0.2999112
19920460,after,1.6349636,0.68825072,1.0142029,-1.5977918,-0.48418496,1.2918773,-2.3968117,0.37474516
19920472,after,2.818683,0.77628967,-1.4422691,-0.38950866,1.2322376,-1.0769104,0.10520562,0.16988958
19920494,after,-0.87033298,0.3166064,-0.12353312,0.92927536,-0.32388948,0.85676416,-0.68250478,-0.3917953
19920501,after,1.6818567,-0.56533319,-1.4229738,0.65660667,-0.65849043,-0.14947464,2.1539784,1.3526802
19920507,after,1.3388904,-0.28712098,-2.7060996,1.4334753,0.33495124,2.7232019,3.2751413,0.3167581
19920521,after,0.19368383,1.1640044,-0.048340264,0.70786107,-0.15957457,-1.0004122,-1.0241137,0.7529186
19920528,after,0.84289869,-1.0255351,0.82677938,1.8160999,0.13681641,0.94031316,-0.57759585,0.4919792
19920543,after,-0.70550847,1.2428142,-0.20836506,0.082642326,1.6841579,0.4575325,0.87858797,1.2037698
19920579,after,-0.77986572,1.6303544,0.65419664,-0.35254017,0.61565832,-1.6060082,0.13962292,-0.9339026
19920606,after,0.40832548,-0.074317992,0.89755395,0.083047995,0.77538804,-0.45783947,-0.82046999,1.2918078
19920614,after,0.54690413,1.4392829,0.29716356,1.47107,-1.1478294,1.6648416,0.066668779,-0.15888349
19920628,after,-0.36119336,0.31607498,-2.1335931,-1.4364081,0.89793921,0.94358687,-1.5849313,2.341876
19920670,after,-1.1686066,-0.74392272,0.45333311,-0.15367055,0.23808632,-0.15956139,1.0621943,1.5742361
19920679,after,-0.06974201,-1.8382211,-2.2595908,-0.84926496,1.4733889,0.4937309,1.9644514,3.7955914
19920685,after,0.17067175,1.6691205,-0.35588905,-1.1164661,1.149053,1.5653793,0.66312628,0.39146788
19920696,after,-0.23595886,-0.86682117,0.50268752,-0.77041226,0.38874078,0.079427025,-0.35813533,0.13886786
19920697,after,-0.68190253,0.19381811,0.458621,-0.13199806,-0.67277766,0.80710731,0.32737509,0.8362083
19920700,after,-1.5631817,0.043864753,1.1820059,-0.18922794,-1.2358788,0.92510204,1.5185872,-0.30075688
19920709,after,-1.6925099,1.1351214,-0.0038890837,1.1316524,0.49993569,-0.18423145,0.44815187,-1.9677461
19920714,after,0.73221841,0.94882846,0.61669012,-0.35006268,-0.29736241,-0.88254287,0.1697886,0.4082499
19920719,after,1.0248156,0.63167384,0.90635396,-0.081140461,-1.1365108,0.37073895,0.17990268,0.38840958
19920727,after,-0.59918768,-0.58275663,0.12415425,-0.26279433,0.64842137,-0.58074846,0.20434696,0.019884122
19920759,after,0.43922466,-0.51218532,1.8794761,3.1983776,-0.2763128,0.91939088,-1.2655778,1.2343334
19920791,after,0.99703538,0.076260622,0.56397642,0.67863638,-1.8632945,-0.097511636,-0.5068405,0.6334339
19920829,after,-1.092166,0.42329512,-0.32398624,0.42499588,0.1207066,0.77137631,0.05857731,0.27369549
19920832,after,-0.94521769,-0.75205653,0.1728255,-0.15288776,0.28110724,-0.81795027,0.17310684,0.010474278
19920864,after,2.3890789,0.078412477,3.9457661,1.9368226,4.0053831,4.0798184,1.6518027,1.3130377
19920877,after,-1.1762115,0.067344029,-0.16744259,0.57955482,-0.84782312,-0.010991988,-0.22181668,-0.13304031
19920879,after,-0.015729383,-0.6844499,0.28233446,-0.39079923,-1.3632253,0.12972443,0.3256651,0.38314742
19920890,after,-0.35113022,-0.85664455,-0.016552235,-0.18612314,0.32976761,-0.22011542,-0.41667351,-0.80079042
19920898,after,3.2835177,0.26126477,1.3592926,-0.089386572,1.0930119,-0.23801196,-0.12300246,0.162202
19920919,after,-0.7061551,-0.034516695,-0.52326383,-0.72914528,1.2899268,-0.54381233,-1.2603426,1.0834809
19920925,after,0.32566693,-1.2251113,-0.45106836,-0.41041798,2.0229412,0.22128867,-1.242868,0.25569245
19920931,after,-1.5781308,0.042949133,-3.5606755,1.2600382,-0.2319336,0.87018659,1.0985211,0.40327948
19920951,after,0.57293689,1.0720845,1.1750017,-1.8126102,1.1580007,0.40387818,-5.4017678,0.7047636
19920953,after,0.96509114,-1.3718757,-2.5826355,-1.8240061,0.20197758,-0.36068857,-1.1962129,2.0095869
19920960,after,-1.1386356,-0.0026508519,-0.94635971,1.5070964,-0.8581078,-0.46897655,-0.056115731,-0.88960937
19920967,after,-1.3389283,0.39698952,-1.0821833,0.11462207,-0.37293783,0.015957841,0.021826467,1.1973027
19920971,after,-0.034727981,-0.091000657,-0.54767911,0.39824412,0.080144705,0.15129474,-1.0135074,-1.3001826
19920976,after,0.82699056,0.37971956,-0.3687267,0.84100276,-0.69310885,-0.30603476,1.5207408,0.70471715
19920980,after,1.2067197,0.18469337,0.64654184,0.75318679,2.0967766,-0.99245663,1.1604983,-0.37696701
19921005,after,3.3679355,3.6672846,1.9121174,-0.87125756,1.8010966,0.44016162,1.9809402,-0.21265947
19921015,after,-0.16233526,-1.1846066,0.44918951,-0.36977741,0.78909141,0.064989759,-0.42100808,-0.31706047
19921017,after,1.2177168,1.1187098,0.94928951,4.4459744,-0.80589093,0.14200469,-1.2096929,2.369519
19921027,after,0.93642585,1.2045377,1.228019,1.4770296,-0.39116976,-0.50740457,0.097005322,-1.120683
19921029,after,-0.81276312,-0.30745548,0.4545141,0.020829215,0.40008791,-0.91399907,0.36279782,-0.49458256
19921039,after,0.082098292,-0.7482649,-1.10129,-0.46836392,0.90137041,-0.065041942,-0.84045988,1.3511262
19921049,after,-1.0454513,-0.78056582,0.78797849,-0.112575,-0.21856321,0.22570179,-0.68686946,-0.24283296
19921072,after,-0.79787061,-0.70663273,0.21952428,0.023172741,-0.32298373,-0.76581913,0.23049338,0.62587916
19921093,after,0.1065476,-0.43777455,-0.1987822,-1.170827,-0.35022658,-0.35010718,-0.1091809,-0.26561009
19921100,after,-0.18974941,-0.93325503,-0.27422412,-0.14545753,0.6236756,-0.20064207,-1.5017971,-1.768744
19921138,after,0.19593571,-0.35912386,-0.7728436,-0.35575626,0.33710902,-1.3346776,-1.55832,0.25902311
19921140,after,-0.55153389,-1.4920255,-0.5733079,0.65791081,0.40024747,-0.46623882,4.0764207,3.5162856
19921142,after,0.10494009,-1.3289697,0.91255348,-0.18458649,1.0516307,0.32005542,0.058928311,-0.61663069
19921146,after,-1.4938936,0.30473193,-0.40924743,-0.53722931,0.93435429,-0.46882604,0.033757474,0.71383447
19921160,after,-1.2335057,-1.0204881,0.15455086,0.05606914,-0.53607965,1.6110886,-0.85406301,-1.4333484
19921171,after,-0.46694789,0.29634379,0.14506184,0.4679443,0.45325683,1.0031272,-0.10823269,-0.96964869
19930007,after,-0.91982115,-1.0731293,1.0152093,0.097335606,-0.27846375,0.22362183,-0.31094146,-0.04604751
19930012,after,-1.1624774,0.06391203,1.2130853,0.39905277,-0.080328584,0.41773174,-0.90710997,-1.2414896
19930018,after,-1.2537251,0.156456,-0.9308032,0.40004041,-0.7524651,-0.91174396,-0.73156093,-0.3520678
19930022,after,-0.28506574,0.34606441,-0.61854695,0.13252814,0.68729052,-0.46425294,0.45770184,-0.64992008
19930027,after,-0.88230479,-0.40614985,-0.035363291,-0.25336602,0.44376077,-0.44123481,0.66872057,0.2946046
19930039,after,-1.3096178,-0.0019429868,0.40772702,1.0247821,-0.70716787,0.21409277,0.73154851,-0.40260579
19930045,after,2.2552053,2.9350281,1.4551166,-1.423771,0.40620685,-1.303179,0.80814666,0.37240376
19930052,after,-1.7838935,0.59959109,-0.25016504,-1.3779059,-0.75394478,0.49184017,-0.16991612,1.490949
19930061,after,-1.0884371,-0.67191317,-1.0152395,-0.24674739,-0.58639316,-0.16337067,-0.68793382,-1.490002
19930064,after,-0.80712427,-0.74858851,-0.11239602,0.085483766,-0.40450648,-0.17523081,0.37283274,-0.35410056
19930071,after,0.85636608,-0.36637053,0.51157769,-0.4109025,0.66687006,-0.86181259,1.2510389,0.55668854
19930079,after,0.7540787,-0.24920093,0.41332272,-1.4856729,-0.58867831,-1.0950509,0.41245063,-0.29275832
19930080,after,-1.543209,0.29691372,-0.32224153,1.3684423,-0.96712485,0.84600729,0.81214034,0.030706814
19930095,after,-0.81016452,-1.1319765,-0.10085561,-0.57635111,0.11184315,-0.57514452,-0.16934869,-0.61957996
19930124,after,-0.3492089,-0.82467882,0.14257696,-0.81193082,0.85512727,-0.55581549,-1.823894,-0.44361902
19930146,after,-0.72413481,-1.3418988,0.40298108,-0.32819925,0.028549144,-0.17188802,-0.14662729,-0.63451917
19930155,after,-0.1173312,-0.88710587,2.6128392,1.2564833,1.0256915,0.23772523,-0.42496843,-0.18519106
19930158,after,1.7659655,0.098900825,1.3967093,4.1029215,0.15553541,0.92530498,-0.39423226,1.9838192
19930179,after,-0.14037901,-0.79699894,0.40543581,-0.98514016,-0.2199323,-0.91199007,-1.2029517,-0.6467204
19930184,after,-0.32587468,-0.83206085,0.15833929,0.93847956,-0.26883956,0.021201824,-0.59460823,-0.26962355
19930191,after,0.71380305,-0.31345477,0.81788915,-0.17265688,-0.74373986,-0.82297915,0.37775759,-0.31275184
19930211,after,-1.1578461,-0.79181692,0.57619536,-0.60410077,-0.42659383,-0.29663682,-0.74868982,0.070459818
19930246,after,-1.270868,-0.29922812,-0.2812423,1.9841483,-1.3173199,-0.57113209,0.21877301,-0.27829462
19930261,after,-1.2720614,-0.43057422,-0.064658157,0.51513343,0.57600367,0.85084557,2.3451959,2.1355993
19930273,after,0.16816972,-0.61269047,0.37185538,-1.0251932,0.039261989,-0.93188711,-0.93887644,-0.97380117
19930275,after,-0.24275245,0.9634254,-0.452975,0.13568546,-0.34742669,-0.87141983,0.024231587,-1.3186961
19930289,after,-0.94372225,0.56242354,-0.40086223,0.1845801,0.60277937,1.1557371,1.3240271,0.82134242
19930293,after,-1.2804597,-1.0775041,0.50808273,-0.70150375,-0.18684846,-0.47808426,-0.45090342,0.22499014
19930298,after,-0.40841839,0.67303387,-0.25794466,1.1013473,0.041656531,-1.5871167,0.32397231,-0.65550494
19930314,after,0.32437816,-1.0390967,-1.4936794,-1.122313,0.38250622,-0.93683973,-0.4403298,2.9817311
19930344,after,-0.54558773,-0.17826172,-0.47722024,-0.24960179,1.0904162,-1.0197661,0.8911804,-1.7605608
19930349,after,-0.90565404,0.45005063,0.091368475,-0.80062067,0.11283141,-0.93905317,-0.24339573,-0.57521902
19930356,after,0.91651852,1.4862342,0.28392576,0.65074673,0.24004706,-0.63885692,0.022368951,0.087690585
19930364,after,-1.1209444,0.1250065,0.76771048,-0.25029095,0.25081702,-0.96955575,0.51843789,-0.21920682
19930366,after,-0.89983825,-1.1271936,0.11336497,-0.65247003,0.2247098,-0.68419219,-0.09616343,0.65077555
19930375,after,1.5235731,-1.3699863,-0.58639267,1.5978035,0.50638292,-1.884282,-1.0029553,0.70534258
19930382,after,0.085045792,-0.21008864,0.86112793,-0.15751652,-1.043354,0.14414719,0.10658919,-0.29654168
19930392,after,-0.91924571,-1.002652,0.40775467,-0.636223,0.54205517,-0.71635281,0.24994083,0.69201076
19930396,after,-0.10869341,-0.35914691,0.38239574,-0.60103622,-0.12409029,0.20043156,1.5197286,0.78721249
19930411,after,-0.27535798,0.51979635,0.12486114,-1.3979179,-0.01338103,0.11717175,-0.89588225,-0.78146119
19930419,after,0.37936322,0.26309942,1.2298981,-0.90864325,0.57864462,-1.5122573,0.5751847,-1.5597717
19930443,after,-1.6174825,-0.24625089,0.46300703,-0.99812021,-1.624239,0.93235767,0.62565977,-0.419932
19930472,after,2.0422563,2.4101525,2.0230069,0.71309181,1.9111977,0.98138563,2.3506265,1.6627676
19930476,after,3.2254965,-2.3595665,2.1587204,-1.6119836,-4.3217901,-2.2090482,-2.5481042,-3.7245949
19930505,after,0.58475605,1.0809828,-1.3320426,-1.0305405,1.2897028,0.29417015,1.6563274,-1.7624949
19930515,after,-0.027951212,0.37859008,0.59601079,-0.059128804,-0.17837652,-1.1696781,-0.69154256,0.17087536
19930531,after,3.149974,0.22782162,-2.9473015,0.15815914,1.0014772,-3.9988267,0.49730843,-0.11917625
19930561,after,1.6288668,-0.91867067,1.435641,1.0023806,1.3399655,-0.49881603,-0.96022693,-1.078401
19930571,after,2.7049358,-0.54357627,0.6891409,-0.91889076,0.96605921,0.063203543,-1.4769889,-1.4410747
19930572,after,-0.99049034,0.12009704,-0.46009916,-0.15881264,-0.5417537,-0.63760762,-0.65256701,-0.87056794
19930584,after,0.55459365,-0.18622326,-0.90251976,0.63589641,0.027640327,-1.0539656,0.064463677,0.94118552
19930602,after,0.21024547,-0.13221418,-2.2113365,3.728222,-0.67175789,-1.6704142,1.9521451,0.22308159
19930649,after,0.078158779,-1.2919784,0.69690355,-1.505942,-2.1423434,0.13277343,2.4751353,1.3872394
19930650,after,0.5160969,0.17305118,2.8669326,3.3854564,0.28495691,1.145813,-0.9045686,0.93364079
19930654,after,1.2693642,-0.71912646,-0.53614201,-1.2348455,-1.4857263,-0.5102328,-0.064593162,-0.52514891
19930666,after,2.7094093,0.28438388,-2.2543618,1.9047133,-0.43652968,-1.1897163,-1.8680083,2.7206431
19930680,after,2.2974791,-0.15120448,0.813078,-0.673563,-1.9452822,0.78776072,0.53889527,-1.4588247
19930687,after,1.5786721,0.1704885,0.58292812,0.37382051,-1.4038327,-1.469552,0.66628306,0.91760653
19930695,after,-0.34160373,0.40357619,0.79132336,0.32400353,0.83843687,-0.55588922,0.78018063,0.77259945
19930700,after,0.70170008,0.7624354,-0.6105228,-0.64814516,-0.29600605,0.92749844,-1.7838112,0.083811679
19930722,after,-0.43801358,0.4397987,0.45548386,0.2111251,0.33739014,-0.34745909,-0.10285079,0.5393831
19930733,after,-1.5809018,-0.22549555,-1.0969825,1.1288725,-1.1937104,0.41883353,0.49526392,-1.0834368
19930735,after,0.37825979,1.1521967,0.31121169,-0.69953094,0.20330617,1.1175496,-1.0736296,1.5486508
19930755,after,0.98399129,0.0054234925,0.60159133,-0.83341243,-2.7654285,-0.70259593,0.15386853,0.072043955
19930756,after,-1.8896053,0.63925314,-1.6645641,1.8096136,-1.2388521,-1.1150673,0.43782146,-1.2414203
19930762,after,-0.42176203,2.1104866,0.70376216,-0.43388395,0.47593387,-0.42696674,1.3271024,0.10262986
19930790,after,-0.24014893,0.15429562,1.3442566,-0.45994188,0.44656228,-0.59574108,-0.35301455,0.51407679
19930793,after,-0.069938526,-0.942438,0.69768185,-0.3379864,0.34723939,-0.84559613,-0.71592558,0.35688244
19930794,after,-0.36196387,-0.0054169319,1.6196537,0.66891015,-0.22623845,0.46809638,-0.55375599,0.40325358
19930798,after,-0.96138787,0.056838041,0.81177009,-0.043254838,-0.16277004,0.49945353,-0.34214481,-0.039097823
19930817,after,-0.83467922,-0.066079184,0.35367009,0.14036662,0.53590982,-0.41552502,0.51277445,0.99013823
19930886,after,-0.034965569,-0.25969185,-1.292756,0.16270957,-0.15494016,-0.81342524,0.10866512,0.044576391
19930902,after,-1.191858,0.2220318,0.26076942,0.38904979,-0.42021235,-0.7501975,0.31721299,-0.0062509967
19930909,after,0.76825444,0.83951145,-0.72835733,2.4727217,-1.6778463,0.63382023,-0.053253254,2.4821185
19930911,after,0.36722008,-1.0178877,-0.9586883,0.50956654,0.31617121,-0.10562715,0.39815257,-1.414021
19930925,after,0.52450118,-1.297958,1.1930707,1.4154341,0.11833799,1.1100068,0.62542361,0.37552092
19930943,after,-1.0839322,-0.68109872,0.36670521,-0.26118646,-0.60229113,0.24095705,-0.91066626,0.20370782
19930952,after,-0.37048192,-1.1385572,0.52955045,-0.58106415,0.70520144,-0.74420322,0.054545459,-0.025453682
19930958,after,1.9897531,1.9320358,3.5637128,1.9102996,0.68028343,1.4008659,-0.83239744,0.95305857
19930961,after,-1.0217562,1.6004394,0.7899701,3.7364354,-1.3942174,1.5172237,0.10228157,0.30906958
19930970,after,2.0254423,3.7026712,0.64806885,0.85982466,1.2782447,-0.12358871,0.20803716,1.0525856
19930975,after,-0.84126581,-0.16335334,0.072169728,0.86515097,-0.39029564,-0.45337257,0.33837094,-0.28776118
19930998,after,-1.2198187,-0.41032589,0.3969623,0.10871372,0.1781872,0.081447523,0.60412272,0.31343616
19931022,after,1.3090468,1.6729935,0.64104162,1.4054258,-1.3366157,1.9746199,-0.20164606,2.2999167
19931037,after,-1.1766314,-0.35405439,-0.96895021,1.7662381,-1.2125679,0.5108663,0.38267714,0.14700802
19931042,after,-0.84386008,0.24506175,0.14941945,-0.43590785,2.3018179,0.19293699,1.6240061,-0.99205064
19931068,after,-0.59984965,-0.0013239068,0.21690788,-0.68303192,-0.35096342,-0.23454155,-0.41009283,0.20742138
19931070,after,0.28127718,-0.23635137,-0.068407055,1.0203293,0.046085814,-0.61763495,-1.3453087,-0.51248878
19931078,after,0.16888149,-0.96239291,0.22303442,0.018047407,-0.77816684,0.069952071,-0.042249098,-0.070394535
19931081,after,-0.45210134,-0.87429474,-1.2378013,-0.17394041,0.99524398,-0.54628903,0.41713357,-0.2684303
19931090,after,-0.054155035,-0.48809276,1.2758124,-0.17357141,-0.0076461563,-0.35034438,-0.8020196,0.32045989
19931096,after,0.2488583,-0.67915811,-1.5466162,0.96226241,1.2779354,-1.0013864,0.31879335,1.4338011
19931108,after,1.1584214,1.3003275,0.68526177,-0.86602443,1.3304705,-0.95041881,-0.86324795,-0.071010241
19931114,after,-1.4180756,-0.21244501,-0.67349288,-0.070048201,0.28244421,0.49806952,1.0215861,0.0036518474
19931133,after,-0.58913599,-0.21283446,0.073332459,0.94608902,-0.71982489,0.44925364,-0.14805503,-0.20063158
19931147,after,-0.42091867,0.23467105,-0.34576904,-0.33906874,0.31629052,0.97854873,0.57465785,-0.86004146
19931162,after,1.6371662,0.55933029,-0.57580552,-0.79836996,-2.0998817,-0.4673174,-1.2658752,-0.42406814
19931164,after,4.5049195,-1.686827,0.055036189,4.6730974,0.95082672,2.8184296,-2.4498259,2.1489228
19931174,after,-0.26088514,0.71053718,0.40034739,-0.82148568,0.347281,0.45469898,0.1731547,0.67045171
19931177,after,-0.28101367,-0.021096989,0.95157395,0.97952838,-0.2296231,-0.75100069,0.01263376,-0.54303906
19940008,after,0.07433444,-1.5721243,1.4612627,0.63264232,0.33762541,0.016704667,0.35228342,0.049007591
19940010,after,-0.89148627,-1.3258925,0.56089687,-0.060467593,0.24451353,-0.91399374,0.33183177,0.00057780468
19940020,after,0.77839632,-2.2328835,-1.0065511,0.10157356,0.79311129,1.5265039,2.8054353,-1.6841232
19940029,after,-1.2895759,0.62458203,-0.48209788,-0.016333838,-0.23346696,-0.66970403,0.24262532,0.45346236
19940047,after,-0.63985027,-0.99826139,0.2686995,-0.47205784,-0.34456367,-0.14682554,-0.14138687,1.0431789
19940048,after,-0.62994469,0.47224795,-0.50092784,-1.0535024,0.09979218,0.82048961,-0.01317926,-0.28806865
19940051,after,2.0930352,-0.88100972,-3.0428659,-1.4876422,1.0098593,2.2679441,-1.9654866,4.313004
19940058,after,-1.4206518,-0.81252613,0.45240321,-0.23951067,-0.57771743,-0.062485378,-0.084599732,-0.58724373
19940060,after,-0.79928997,-0.29331602,-0.71960074,0.8600949,-0.39340155,-0.27887034,-0.26509209,-0.68119796
19940067,after,-0.27017434,0.14518007,0.42539203,-0.9914162,1.1442526,-0.23957532,0.43255561,0.096092925
19940081,after,-0.8464071,2.0509458,-0.171276,-1.7626291,0.67260676,2.3386279,1.6691999,-0.10108261
19940089,after,-0.14627646,-0.17765046,-0.29209419,0.0088071297,-0.4986423,-0.65855241,-1.6081266,-0.91342778
19940106,after,0.10631806,1.7625501,-0.76035639,1.7625962,-1.0869525,0.0059394745,-0.86243939,-0.15643276
19940115,after,0.91961472,-0.71468505,0.58217985,-0.92503219,-0.42807553,0.13373789,-0.77513636,-1.4391358
19940122,after,-0.051178163,-0.16146894,-0.36870937,0.62118555,0.23655387,-1.6375978,0.82327156,1.1927183
19940134,after,0.85754427,-0.67528477,-0.47890543,-0.011885686,0.23151413,-0.42614778,-1.4844107,-0.93011161
19940160,after,-0.077812139,0.60204471,2.0333446,1.1208471,1.1652766,-0.68849217,0.62224073,0.92850629
19940163,after,1.7459234,1.0234502,0.77889389,-0.92859821,0.46903942,-1.1173552,-1.0293885,-0.53430081
19940182,after,-1.4302109,-0.41814791,-0.61394637,0.27206581,-0.49100099,-0.62456605,-0.36052272,-0.33960642
19940195,after,1.051908,0.53353924,-0.00075476766,0.10525096,-0.49565859,-0.29612153,-0.25299675,1.5269722
19940216,after,-0.44449983,-0.88385365,0.067522058,-0.90971583,-0.51613844,-0.73731945,0.34258914,0.13812587
19940237,after,-0.49139417,0.66229173,-0.53863529,-0.26013449,-0.2078317,-0.1347278,-0.1498077,-1.2029119
19940246,after,0.014690232,1.1391984,-0.82600482,-0.22418506,-2.3964104,0.58216241,0.10999305,-0.75362365
19940266,after,-0.51284589,-0.71953565,-0.60893798,-0.26170653,1.3566233,-0.049496535,0.74705222,1.6898595
19940268,after,-0.93803316,-0.00890566,0.26764474,0.6951187,-0.89462187,0.32550388,0.095009673,1.4347715
19940272,after,-1.1419003,-0.19053843,0.34805421,-0.64492941,0.021313161,-0.78430676,-0.31467608,-0.65143025
19940276,after,2.6720913,-1.4032544,-0.55498741,0.19970917,1.3591055,-0.80058716,0.60221211,0.26371509
19940310,after,2.0210024,1.1920215,1.3430351,-0.6670366,-1.3850404,-2.0335462,-0.24006379,-0.14469406
19940325,after,0.28874103,1.8318617,-2.5241083,0.30509817,-0.98809965,0.75700296,-1.4138786,0.99329815
19940337,after,0.36038368,-0.31137877,1.2138446,0.4450075,1.1193553,-0.77412212,0.78779914,0.91452366
19940367,after,-0.3159587,0.054724656,0.0072212607,0.29629902,-0.65461248,-0.93735808,0.074920471,1.1776276
19940368,after,0.10838352,-1.1895171,1.1896165,2.095387,0.10674466,1.7293077,-0.7259898,-0.259133
19940373,after,1.3192423,0.17922319,-0.091999498,-0.088557105,1.7372931,-0.10252514,-0.92479089,0.61236779
19940374,after,-0.19981728,0.30759732,-0.79720636,0.79475404,-0.90216981,-0.066423666,-0.32656395,-0.26708204
19940383,after,0.98979531,1.436132,1.0789102,0.54561003,1.7376946,-1.5331599,0.50829813,-1.6260629
19940385,after,0.020680969,-0.12866738,2.0072054,1.4079213,0.33025975,1.8131871,0.40533086,0.74133326
19940392,after,1.1154326,-1.050133,0.055141396,-1.4576541,-0.46325859,-0.26167845,-1.0764589,-0.92708889
19940398,after,-0.9981663,-0.24069501,-0.08356365,2.5663355,-0.57705949,-0.037483969,0.010607646,-0.91240782
19940408,after,-0.72509805,1.3620106,2.9971219,1.0513937,0.96251023,-2.3204571,2.6347579,0.40848916
19940422,after,-0.042981708,-0.37867107,-0.64944738,0.35461617,-0.61488046,-0.21095253,-0.25921711,0.66826753
19940431,after,0.40914773,0.70168168,-1.5330164,1.7819922,-1.5524979,1.6005495,-1.6729823,-0.80590815
19940445,after,0.0067941559,-0.17537188,-0.36666783,1.7326463,0.49632688,-1.7298713,0.54694381,-0.96322961
19940461,after,-0.65633898,-0.72743692,1.6751778,-0.068109119,0.36921001,0.026700634,0.20276963,0.78451596
19940463,after,-0.57345389,-0.79191727,-0.37177159,-0.78221408,0.15263975,0.88187046,-0.21436016,0.0097233492
19940466,after,-1.33527,-0.060469827,0.55308879,0.8010157,-0.28465698,-0.1999412,1.567056,0.45543808
19940472,after,-1.4438013,1.1693551,-1.8390881,1.9433797,-0.44708139,-0.97683051,0.83084006,-0.83947196
19940477,after,-0.93380535,-0.75846558,-0.22606785,-0.21061533,-0.13782244,-0.1318907,-0.76722668,0.69269003
19940479,after,1.3011819,1.7270394,0.0241759,-1.8596696,-1.0463753,0.37749816,-0.094675551,1.1024399
19940517,after,-0.12744595,0.54948509,-0.45018522,-0.47800646,0.7882432,0.13956796,-0.42326309,0.62104812
19940536,after,1.5352883,0.80289706,1.9530027,-0.22827339,1.8949011,-0.94181508,-2.0238349,-0.3015766
19940548,after,-0.77446561,2.1788465,-4.1397186,2.0429184,-1.2905746,0.51979901,0.086027433,1.586739
19940559,after,-0.87262459,0.59529781,1.1613626,-0.73877987,-0.00073386367,0.7703673,0.23572935,-0.54314944
19940605,after,-0.8402702,0.53860193,1.8653264,-0.75674624,0.97889522,-0.40468707,0.14572565,1.4887766
19940617,after,0.18050407,1.1834299,0.44771455,-0.47894932,-0.99563088,-0.17507264,1.4244092,1.0971017
19940621,after,-0.3277392,0.52728057,0.80045193,1.9759282,0.3413417,0.27675948,1.0294871,-1.5776787
19940640,after,0.20856415,1.325636,-0.39084745,0.50612335,-1.1239267,-0.50963264,0.30253006,1.2463662
19940674,after,0.68954407,-0.76065049,-1.5661958,-0.94707037,-0.95798898,-0.64158417,1.6349238,-0.53759936
19940689,after,1.3043922,0.093935511,-0.86735694,-0.54422332,1.9859483,0.26984801,0.92806056,2.5542513
19940726,after,0.97507457,-0.29154575,-1.0471594,0.55909611,-0.29993071,-1.5977079,0.18927352,-0.24913391
19940739,after,-0.94770553,0.71747612,-0.75621833,0.31208459,1.0434637,-0.30274403,0.30275079,0.92610678
19940764,after,-0.73690804,-0.86490391,-1.5901645,-1.1011782,-0.14837496,1.0706867,0.70136403,1.9485572
19940769,after,-0.31477426,0.45087393,0.3529852,-0.60524352,-0.98385001,1.9172566,-0.7553843,-0.51866806
19940773,after,0.38018078,-0.42042981,2.7508683,-0.80754178,0.85483568,-1.1306711,-0.21680943,0.45559813
19940776,after,-0.098899095,0.29883026,0.72081685,-0.041645707,0.92405025,0.1741065,0.10230825,0.084810654
19940801,after,0.10321092,0.99447167,-0.19043228,1.8739394,-0.062362818,0.36315395,0.60496242,-0.28422723
19940804,after,1.0850124,-1.3006669,3.3581486,0.80890217,-2.688774,0.23476131,1.7114009,-1.7913552
19940817,after,-0.85402144,-0.4498805,0.51373286,-0.44601578,0.37018387,-0.62200879,0.50352584,-0.65384888
19940844,after,-0.57593371,-0.21555907,0.98597411,1.1002814,-0.43278277,0.11604529,-0.37259398,0.2537042
19940862,after,0.35011318,-0.04346579,-0.76061704,1.1283027,-2.9369004,0.27849356,0.19280794,-1.2888573
19940870,after,-0.47164629,0.9154067,-0.53508773,-0.37830244,2.0424401,0.68634045,1.2497911,-1.5404973
19940877,after,-0.075502763,1.1384399,-0.82854175,0.18925418,0.42391644,0.62502667,-0.6773549,-0.79136021
19940881,after,-0.48231246,-0.72298548,-0.24330543,-0.3099086,-0.63030344,-0.38788591,-0.56316025,0.31452753
19940882,after,-1.0451727,1.6815252,-0.82400419,1.3085416,0.27094994,1.1063689,1.7605967,-0.22421998
19940891,after,-0.43683672,-1.0693246,1.2562863,-0.18369929,1.1330382,-0.17973764,0.55506392,-0.53646181
19940894,after,-1.3206202,1.2788997,-0.20444759,2.7669471,-0.62983945,1.4742721,0.57803853,0.95410443
19940899,after,1.9311126,2.1880111,3.4772363,1.3422509,-0.070645307,1.3731448,0.20162275,1.9193648
19940900,after,0.27841346,1.184044,0.52885766,1.0664897,0.26695731,-0.31084239,-0.70509319,-0.062235829
19940917,after,-0.45977447,-0.46357574,0.49748049,-0.037904204,-0.17725734,-0.078527462,0.080876019,0.69077493
19940925,after,-0.1845969,0.42359979,0.022701701,0.026774671,-0.72968957,0.045433086,0.074053908,-0.4594986
19940933,after,0.11257851,-0.19811247,-1.2092043,-0.78523086,2.3496578,-0.7728306,0.75450639,1.4372386
19940943,after,0.19097908,1.4756992,1.4594493,0.2986284,0.20395745,1.2957942,1.1615073,-0.49265845
19940952,after,0.38566526,-0.73825562,0.81169315,2.1839318,0.65015234,1.1188134,-0.46083894,-1.6994525
19940954,after,0.26492671,-0.40189506,1.4624565,0.31428613,-0.078717775,-0.13980635,-0.6284566,1.1224823
19940960,after,1.2616501,0.60590127,2.727105,-0.62601044,1.0289061,-2.0898669,-1.6887211,1.4687723
19940990,after,0.82053663,0.43096421,0.75359681,-0.036156377,-0.47761827,0.59026118,0.31306345,0.59303776
19941019,after,-0.48763131,-1.3795862,-0.38305844,-0.91110294,-0.40289127,1.1709375,0.044768484,0.8238283
19941023,after,-0.34609281,0.44336295,-0.3583394,0.049419621,-0.13019305,0.65507326,-0.64234526,0.89882657
19941030,after,-1.041056,0.72403237,-0.61564901,-1.0450077,-0.82864254,-0.063521801,-1.3308579,-0.40094241
19941031,after,-0.88752105,0.40631955,-0.088511505,-0.2204078,0.38299175,-0.087459168,1.2662566,0.87321107
19941038,after,-1.1091358,-0.124551,-0.27132313,-0.0083421373,0.22839237,-0.98460019,0.2564788,-0.71115397
19941045,after,0.36125887,-1.4185538,0.69349299,0.4452616,1.0058708,-0.73295558,0.52123469,-0.12703732
19941055,after,0.62147972,0.58251894,1.3222611,0.61594001,-0.41495111,-1.3978163,-0.74376203,0.2884424
19941069,after,0.2988989,1.554437,0.81641401,-1.4664322,-1.1885108,-0.12961625,-0.35565195,-0.23680506
19941076,after,-0.30411366,-0.52920666,-0.17202809,-0.90588218,0.42061124,-0.51395013,-1.448635,-0.043864914
19941113,after,-1.3011642,-0.3872131,0.65323255,-1.1363282,0.013523379,1.1772722,0.020012868,-0.74024342
19941127,after,-1.0755252,-0.45414073,-0.47493194,-0.56105789,0.30027233,-0.34937802,0.23897204,-0.056344319
19941137,after,0.65808878,1.1902425,1.2973276,0.28535009,0.13968057,0.2009119,-0.004966804,-0.56686116
19941148,after,-0.1790793,-0.48368504,-0.7852108,-0.021706107,-0.1732804,0.40635118,-1.5632461,-0.44212918
19941156,after,-1.4592578,-0.52994911,0.12732873,-0.088296636,-0.52289732,0.27114805,-0.0094526139,0.60074331
19941164,after,0.34274251,-1.2591391,-0.20677794,-0.33233035,1.6614041,-0.0087601057,1.2577856,-0.19661756
19941166,after,-1.0842391,-0.67529388,1.405179,1.4487951,-0.45472928,0.5105486,1.7003297,0.4581919
19941178,after,-0.3691949,-0.014989479,1.5935159,0.21669346,0.60567326,-1.5726577,0.4130482,0.8002775
19941186,after,-0.4542576,0.92169031,1.6978905,1.7592825,0.56375462,1.9500483,-0.34946721,-0.34131293
19950017,after,1.8351089,-0.72818754,-0.45877876,-0.766076,-0.74040045,-0.61959181,-1.1113378,-0.41107902
19950022,after,-0.7109772,-0.29601029,0.63044552,1.3131275,-0.45466227,-0.3618005,-0.31869317,-0.23810837
19950024,after,1.2758182,0.010452725,1.4654662,-0.3114622,-1.014363,0.51538203,2.158799,-2.4960321
19950040,after,-0.44894649,-0.025699671,0.49277082,0.024654819,-0.26244595,-0.35665686,0.43648762,0.31824836
19950051,after,0.63086376,-0.46307364,-0.1291963,0.96143638,0.50745025,-1.5643217,0.77730236,-0.75344961
19950057,after,-0.51779343,-0.69028981,-0.44267842,-0.42886272,0.19534104,-0.54294287,-1.1292992,0.44948892
19950064,after,-0.6615505,-1.1919126,0.39239587,-0.37770105,0.17678879,-0.44678047,-0.2171652,-0.28600185
19950079,after,-0.0074012458,-0.50905644,0.56371922,-0.82338508,0.38142397,0.44958579,-1.4610491,0.48014779
19950093,after,1.0258606,0.74909926,-1.0797406,-0.63608991,1.5997576,-0.20430804,-1.4700708,-3.2115652
19950100,after,-0.23335354,-1.4959682,1.2908039,-0.39065893,1.4469966,-0.41687618,0.39860848,-0.6628268
19950111,after,-0.83893821,-0.16360546,0.81360119,1.236506,-0.014632815,-0.2056509,-0.085005356,-0.022245691
19950116,after,-0.51605247,1.8436665,0.73345647,-1.4433929,-0.43632985,-0.16770806,-2.6285103,1.6187463
19950131,after,-0.078858042,0.079143671,-0.89217028,-0.30200622,0.44703553,-1.1535422,0.73631174,0.30074831
19950142,after,-1.2181143,0.46632476,-0.11335107,0.1597093,0.77459643,-0.46199258,1.6766756,-1.1615325
19950165,after,-0.71209774,-0.096067425,-0.097418987,0.44125889,0.21496812,-1.0684888,-0.33030195,-0.042881698
19950185,after,-0.70412354,0.94215665,-0.39862808,-0.22043721,1.2392487,0.73071028,-0.63073842,0.0331197
19950191,after,0.11891108,-0.63836905,-0.81354123,-0.88281681,0.54422772,1.3509705,1.4250464,0.048603008
19950231,after,-0.85185992,-0.69339967,-0.31055014,-0.0093647278,-0.72115719,-0.2112054,-0.08232863,-0.18630645
19950238,after,-0.81028484,-1.0882876,0.021822938,-0.51794896,0.46992994,-0.76558714,0.027716188,0.2585893
19950240,after,1.2592853,0.77034565,0.11321948,4.0832073,-1.1355227,1.3896239,-1.9882147,0.52632255
19950248,after,-0.15184686,-0.49836746,-0.14694869,0.0095314981,0.21621156,0.001820285,-0.17721718,-0.62701051
19950251,after,-0.86878952,-1.2594223,0.22337176,-0.50726398,-0.10637136,0.3262327,-1.0128902,-0.88427199
19950255,after,0.36031719,-0.40576785,-1.3711103,-0.19430321,0.5793057,0.10973286,0.2973807,-0.55237127
19950265,after,1.2121541,0.3265517,-0.99674091,-0.2061982,1.8701923,-2.1395417,-2.2384258,-0.95517144
19950277,after,-0.7580435,-0.59886611,-0.32419649,-0.10285777,-0.13602095,-0.42272797,-0.211005,-0.19656337
19950289,after,-1.5572295,-0.32691719,-0.23068852,0.35087903,-1.3167456,0.038511853,1.7813732,1.8634808
19950291,after,-0.50120322,1.0498247,-0.3084958,-0.80121013,0.0053611827,1.1667348,-0.22962938,-1.0522727
19950299,after,1.0801535,-0.025703392,-0.90384215,-1.0297073,-0.64630802,-1.2361614,-0.60836693,-0.56154572
19950300,after,1.8492236,-3.0979746,-2.1819967,-1.1801295,-3.3540297,3.1322288,4.7287462,-2.5805626
19950306,after,1.9211959,-1.6117857,-1.245617,-1.8008915,-0.67325658,0.31659176,-0.22614012,-2.132916
19950322,after,-0.89062498,-0.79345913,-0.26743392,-0.54935155,-0.36512901,-0.096500974,-0.097670813,0.45412696
19950380,after,1.4593593,0.0047174574,1.5002629,0.4039061,1.0642658,0.22655393,-0.31885777,0.55928345
19950399,after,-1.3946012,0.45900182,-1.0271297,0.22140981,-0.28125245,-0.8555729,-0.25813973,-0.6280788
19950418,after,-1.1717933,0.069183751,0.73749905,1.3862391,-0.40489764,-0.2066819,0.2324205,-0.029748201
19950448,after,0.44819865,0.63366349,-0.70362117,-0.028666711,-0.19916229,-0.23061623,-0.18494133,-0.19477756
19950500,after,-0.42646469,-0.42726149,-0.97989675,0.43837267,0.38947216,0.50547501,-0.37467429,1.5840237
19950507,after,-0.1824012,-0.14731441,-1.3504169,-0.28885158,0.20959719,-0.79990919,-1.6458917,-0.42887881
19950512,after,0.16483196,2.2028416,-0.18499943,0.050824523,-0.38798,1.420909,-0.41553528,-0.57526144
19950547,after,-0.35255356,-0.035270094,-1.389028,0.63448768,0.12435479,-0.61563164,0.67015211,1.8343798
19950549,after,0.81674972,3.3090932,0.01968767,-2.2643018,0.21997656,0.42037241,2.5080409,-0.37164378
19950558,after,0.15147498,0.58744483,-0.089330719,-0.74362946,-0.4203673,-0.01195859,0.66852605,1.9338775
19950580,after,0.047825937,0.5471736,-0.12125638,0.084154698,0.33950385,1.0600854,0.98749043,-0.075732012
19950584,after,2.862385,1.5729297,0.47300923,-1.1502348,0.46028592,2.0000571,2.7465308,1.1641407
19950592,after,-0.59943121,0.57162004,-0.0098863274,-0.030108329,0.35491499,0.23957945,-0.091584068,1.0926291
19950629,after,-0.042139438,2.2801148,0.25027664,-0.24747131,1.3187233,0.1557434,0.30332089,-0.76506329
19950636,after,-0.26618339,-0.28575893,1.3442503,0.85336455,0.10736338,0.92004514,-0.1927424,0.79954972
19950656,after,0.084000496,0.13567521,1.325853,-0.22793318,-0.23844382,-0.080077496,-1.4719491,-0.053192097
19950658,after,0.052010069,0.60122546,0.11164757,1.0249383,-0.075323961,-0.23711067,-2.0405744,-0.67175058
19950672,after,0.23433489,-0.12075959,1.5504043,1.528224,-0.45215969,0.12950795,-0.37867157,0.31987657
19950699,after,0.66612707,1.0420755,0.36805347,0.36677142,-0.53417614,0.4776498,-0.31947944,0.84248716
19950704,after,-0.8422365,0.064886399,0.47537791,-0.27774439,-0.062178185,-0.41923226,0.56798448,0.17332284
19950708,after,-1.2554474,0.27479245,-0.32749759,1.0035119,-0.79717076,-0.39598056,0.37862928,-0.42753635
19950720,after,-0.28269178,-0.010991911,1.8315633,1.2555353,-0.20865519,1.0464232,-0.65359154,1.5048141
19950728,after,0.7450441,0.69275806,1.2332054,2.5846845,-0.52963676,1.7281123,0.27634576,-0.0062173618
19950734,after,0.31386096,3.4346594,-0.34157449,3.9070161,-0.40417241,-0.088012846,0.41703004,-1.3914692
19950766,after,-1.4963517,-0.056313218,-0.18229759,-0.28478011,-0.41568617,-0.90071908,0.65379872,0.50579416
19950770,after,0.56041459,1.7775394,0.60365345,0.3428129,-1.6326297,0.10048222,-1.2299484,0.4924007
19950774,after,0.30069026,1.0238612,0.00016831155,1.8906534,-0.865758,1.8758207,-0.31135621,-0.63414382
19950794,after,-0.87476143,0.7335583,-1.7257552,-0.79318924,0.8592179,0.033844634,0.7174421,0.97615148
19950812,after,-1.5197279,1.3419111,-2.4549904,2.1589085,-1.782654,1.0328943,0.31140096,-1.3514939
19950852,after,3.737698,-1.4519393,-1.5778548,-0.24612811,-1.9065641,2.3220786,4.1542649,0.32773496
19950872,after,-0.32900792,-0.48880837,0.18418122,-0.45853493,1.1597102,-0.33496605,0.33947124,0.14229027
19950910,after,0.034560098,-0.032868432,-0.92710442,-1.4063666,1.4865881,0.90685138,-0.63403967,-2.7428496
19950921,after,-0.6883321,-0.10922018,-1.1126161,-0.049107593,0.18602726,0.19633039,-0.35195277,-1.0028946
19950962,after,0.95489094,-0.062255546,1.5882496,1.3191273,1.2365341,-1.2576767,-0.23215402,-0.25914337
19950970,after,-0.06583418,-0.51611241,-1.0113479,-0.52078877,1.6649285,0.52569146,-0.25286573,1.938851
19950995,after,0.030851681,-0.45995864,0.21459487,0.2409915,-0.73547337,-0.36927561,-0.44262367,0.32267032
19951006,after,-0.93060984,-0.12108543,0.59325552,1.375894,-0.55697044,0.87497262,0.027690042,0.2706131
19951016,after,0.052844036,-0.67534094,-0.78249428,0.5941869,-0.041750032,0.59265617,0.28516981,0.66590699
19951024,after,0.63994723,0.75812186,3.31917,1.7173059,0.55756523,-0.065073983,-0.90277091,1.2239647
19951044,after,-0.14763393,-0.76185518,0.58243694,-0.20458851,0.85673842,0.10113568,0.338903,-0.71140028
19951060,after,-0.024707553,-2.9094574,0.74004763,0.75647657,-0.29393828,3.0800402,-0.45063921,-1.2205012
19951082,after,-0.68031118,-0.1540413,-1.5759697,-0.41094044,0.019107424,0.062750575,1.0872262,1.2186532
19951096,after,1.0117335,-1.6229075,-2.4957079,-0.71197971,1.4649226,0.32105463,0.8857155,1.3396734
19951098,after,0.64991605,0.64992757,-0.27110271,-0.2695611,-0.44442862,-1.6683038,-0.483137,-0.25904513
19951109,after,-0.86986166,-0.40391932,-0.018185585,1.4258511,-0.88988223,0.21384339,-1.0333792,-0.23513663
19951115,after,-0.49621223,-0.20509314,-1.1709908,-0.11113905,0.034084256,-0.76152921,0.087057321,0.38097776
19951122,after,2.424968,-1.4461892,-0.51775764,-0.39567602,-0.92488648,1.8250477,1.1756218,1.6279596
19951147,after,-0.90411636,0.39225062,-0.90447247,0.59280605,-0.73136387,0.43525068,-0.97327442,-0.69518645
19951163,after,-1.0859013,-0.38003178,0.46170586,-0.85046317,-0.25869839,0.08113567,0.41039778,-0.75741991
19951167,after,0.52843044,-0.72605506,-1.0539563,-0.56397791,-0.35462224,-1.5242582,-1.6286906,-1.3077356
19951168,after,0.18151117,-2.0696281,1.8339317,0.19759181,-1.0878735,1.0982738,0.78845628,-0.34350282
19951172,after,-1.0717186,0.35803132,0.071388323,2.543572,-0.14272763,0.53662272,-0.52030301,-0.59436008
19951174,after,-0.81711179,-1.3178959,0.64118898,-0.43507959,0.1514446,-0.42490926,-0.065166827,-0.16698985
19960002,after,-1.4905526,0.30354657,0.14802879,-0.66200219,-0.25845037,0.24461747,0.10792763,-0.81664865
19960008,after,-1.7228242,0.20615726,-0.89221433,-0.30099667,1.0898861,2.1889694,0.89948863,3.2825801
19960009,after,-0.98567178,-1.3580821,0.47029435,-0.47765694,0.32868201,-0.6400437,0.24748664,0.18175808
19960016,after,-0.4248153,0.44704717,0.49854065,1.0752936,-0.35471189,-1.108964,1.015705,0.98774788
19960027,after,1.9210949,-0.67042935,-1.1871601,-0.062903186,0.28567569,-1.0274856,0.11553019,-0.46515139
19960038,after,-0.28868891,0.56841317,0.45113101,-0.031155145,-0.74150698,0.4273614,-0.70941931,0.62600977
19960054,after,1.4856531,-0.62716039,-0.32692574,-1.4626411,-2.1211018,0.41347806,1.2856917,0.97660023
19960063,after,-0.78126382,-0.93183929,1.0982854,-0.086053848,0.68347915,0.82617861,0.022373254,-0.2522821
19960066,after,0.20829305,1.075554,-0.35890425,1.0797785,-0.89020645,-0.24067566,-1.0369559,-0.25337344
19960074,after,-0.95804257,0.070725596,-0.63475863,1.8265879,-1.2077771,0.32175093,-0.83474155,-0.82754794
19960096,after,0.21652315,0.46103039,-0.86636391,-0.24171497,0.47013081,-0.40167559,-1.5527367,0.94934306
19960111,after,2.3454516,-0.29017525,-0.95152756,-1.5227369,-2.9329421,-1.5959814,0.88369403,-0.96729832
19960141,after,0.53694227,-0.31442279,-0.23304044,0.058907579,1.1179477,-0.31177502,-2.0029699,0.54829629
19960155,after,1.0295987,-0.47333586,-2.5047964,4.2391019,-0.052355556,-0.73958072,-0.20101223,0.01768737
19960160,after,-0.11146198,0.49399605,0.22549209,-0.34339886,-0.36517786,-0.48816983,-0.58325935,0.80704967
19960165,after,1.7872093,-1.5321275,-0.70593522,-1.1186011,0.10564724,-0.44609309,0.48546899,-1.1300893
19960175,after,-0.76918628,-1.1628833,0.66694105,-0.1718991,0.032439008,-0.046357499,-0.62960354,-0.56571758
19960185,after,-0.73734124,-0.32773887,0.26943753,-0.47894513,0.057513521,-0.41893886,-0.89194037,0.072353537
19960197,after,0.34392855,-1.1673892,-2.1036619,0.34984482,0.23230148,-0.51081502,-2.2806897,3.6802284
19960202,after,0.47991939,1.4690035,0.59682416,-1.0620629,-0.41181902,0.59427923,-0.46477585,0.19195832
19960209,after,0.82104648,0.19205145,-0.55467715,-1.7723186,-1.0558811,0.60930514,-1.0763331,0.41022913
19960232,after,-1.0619748,-1.2694857,0.86788386,-0.046371654,-0.094637363,0.23045896,-0.58395427,-0.18075404
19960242,after,-0.24883673,-1.1097453,-0.77928634,-0.28915412,0.80846882,-0.6308944,0.6320019,-0.40326778
19960258,after,-0.62729027,0.099600775,-0.44247201,0.16098096,0.49360421,0.024678811,-1.606902,0.056906422
19960264,after,0.68098111,-1.2409133,0.46734009,-0.10556602,0.28174801,0.26082838,-0.05269664,0.13789507
19960269,after,-0.22298997,3.5485433,-0.8382102,-0.36299532,-1.0904998,2.1896076,-0.76437247,0.246729
19960284,after,-1.2189754,-0.58284738,-0.48168691,-0.40328119,-0.78638221,-0.51756447,-0.094213565,0.98719561
19960286,after,-0.01769601,0.35456982,1.4058479,-1.7942778,0.58089879,3.0655507,-1.2070938,0.011203679
19960290,after,0.8231266,0.51684667,0.03778602,0.74349383,-1.1192633,-1.489935,0.74472199,0.64551507
19960308,after,0.084885329,2.08325,-0.11278238,-0.90716217,0.36923279,0.14617325,0.67983833,-0.5299717
19960347,after,2.3640719,0.0036088793,0.22539716,-0.43660479,-1.8360412,-0.038872117,0.58993212,-2.4951537
19960356,after,-0.29492971,-0.22204394,0.091837708,-0.34703811,0.17166514,-1.2840023,0.26234757,-0.85326263
19960363,after,-1.5626246,0.38870657,0.2774673,-0.7450982,-0.35879243,1.8273492,-0.74492264,-0.8856505
19960379,after,-1.3013661,0.055280673,-4.4625394,0.35903064,2.1265566,1.5151736,0.18702914,3.6885544
19960383,after,-0.98234615,-0.65531738,0.51178359,-0.039069955,-0.4600441,0.18539361,-0.14332256,0.06039862
19960386,after,0.47705186,2.4338742,-2.5658956,-3.2952272,2.8142835,3.5880653,-3.4886649,4.4666226
19960414,after,0.88759402,0.86607813,0.17912966,0.33029724,-1.3907337,-0.72627656,0.5892168,-0.43037896
19960418,after,0.4936247,-0.68642999,0.20386223,-0.98207257,0.7199265,-0.71755791,-1.4402474,0.27845504
19960426,after,0.30921486,-0.50836876,-0.82927758,0.48490242,0.27881094,-1.3507215,0.67133832,-1.4237645
19960450,after,-1.6926466,-0.10439614,-0.18042734,-0.42181447,0.43222144,-0.40654611,0.13463461,1.7151125
19960472,after,3.6660815,-3.1358563,-0.068579351,-0.41468377,-1.9572931,0.51354372,0.42581879,-2.6225068
19960490,after,-1.0007491,0.55120186,-0.59816141,1.95892,-0.51869538,-0.73506024,0.36384933,0.11476475
19960496,after,0.23157675,0.75680373,-0.52787178,0.41560656,-0.71002032,-0.79702616,0.073188548,-0.1851253
19960501,after,-0.54083933,2.0926733,0.92378913,-0.75064866,0.7701011,-1.3072104,1.8785814,0.5548943
19960518,after,2.5642733,-1.0192712,0.43009943,5.873529,-0.11440573,0.72856859,-1.6541811,1.1371937
19960528,after,-0.95602811,0.022320359,0.43473325,0.51585311,0.68250248,-0.31592489,0.42383759,0.39561321
19960530,after,0.84075685,0.97643403,-0.15483461,1.6661137,0.30908874,-2.1166074,-0.15163893,-0.10935028
19960557,after,1.3979714,0.7346134,-0.025589807,0.10552658,1.9375048,-0.15291051,-0.44508067,0.47799512
19960577,after,0.31274377,0.56421399,0.0900586,0.2418947,-2.0434564,-0.32450121,0.09251651,0.43838513
19960612,after,1.6143997,-0.94764512,-0.80646995,-0.63132034,-1.7523539,0.076280139,0.78191176,0.31433387
19960625,after,5.1368462,3.6540414,-0.88824817,-3.4074436,-3.4751996,0.43703451,-0.26089308,2.9293222
19960627,after,1.5281254,0.97632377,-0.53315509,-0.40650012,-2.4273474,-0.47489521,-0.41393407,-0.34905392
19960631,after,-0.51109624,-0.52455224,0.68551489,-0.84449503,-0.70533152,0.40471902,-0.098852256,-0.36301705
19960652,after,-0.52724938,-0.91288242,-0.34124861,-0.85478507,-0.23247505,-0.036600684,-0.091748932,-0.0064410934
19960665,after,1.3735345,1.2376035,0.58782255,-0.40944845,-0.84339744,-0.58024356,-0.72083759,1.2017963
19960679,after,1.8561274,-0.17839528,1.2146955,0.15007873,-0.87186383,1.4443328,0.38815251,1.1869372
19960715,after,0.57223841,-1.8623961,-2.6662418,-0.51231994,1.8711949,1.4344001,0.93066833,-0.19086562
19960734,after,-0.54005437,4.3558692,-2.7704741,-0.90790082,3.4297048,1.6759381,2.1035173,1.8466143
19960752,after,-0.57770437,2.5347363,-0.63319539,0.36644907,0.68697043,0.63600138,0.41500373,-1.9009901
19960774,after,-0.051796597,0.82050763,-0.0050979964,-0.32902962,0.19885738,-0.66051226,-0.31439561,0.15878326
19960782,after,1.7751618,0.0051389898,0.32466287,0.053984545,-0.71326818,1.3468703,1.1640388,0.46409348
19960792,after,2.2856868,-0.85765186,0.52590926,-0.82081474,0.62827216,4.0993937,0.26056228,0.58282062
19960804,after,-0.65356682,-0.53199373,0.008416129,-0.61312102,-0.16394087,-0.028952808,-0.59401789,0.19721964
19960814,after,-0.16045163,1.3521179,0.22444425,-0.51452058,0.41710256,0.30371545,0.82216374,0.60137393
19960833,after,-0.55786769,0.2341874,0.39538032,-0.39288974,0.028444812,-0.53872127,-0.72986514,-0.094064115
19960865,after,-0.90000709,1.6863826,-1.6447488,-0.68645306,-0.62508789,-0.46776004,0.58008225,-0.43609126
19960880,after,-0.5721363,0.10072807,0.18813049,-0.64224626,0.058556026,0.71341191,-0.92860685,-0.31941634
19960887,after,-0.50226675,-0.014165775,2.0682792,0.28586886,0.761907,0.85942723,0.017594848,0.012225857
19960892,after,2.0093148,-0.15039568,0.74791456,1.1653881,1.0546491,-1.7795719,-0.96108928,2.4517062
19960896,after,-1.3238516,-0.84523541,-0.29863853,-0.34017173,0.026063873,0.024789728,0.012704689,0.47185244
19960906,after,-1.0078145,-0.58470286,-0.16970385,1.0365502,-0.71000206,-0.35721743,0.31973041,0.39856497
19960915,after,0.45898631,-0.42579854,-0.1079561,-0.019938019,-0.87687463,0.37285859,1.4162438,-1.1281985
19960945,after,-0.0016759902,-0.86184414,-0.46996832,1.6549641,0.14045033,-0.62652819,-0.42922895,1.2472472
19960953,after,-0.2535899,-0.28351889,2.1911728,-0.081451056,0.49586629,-0.54360369,0.31645604,1.0020647
19960978,after,0.80023913,-2.1760817,-1.292187,0.36795863,2.3368133,0.17774131,3.3496434,-0.06324551
19960988,after,-1.2210276,0.76155589,-0.42088089,0.48069147,0.21269342,-0.38821388,0.30437584,-0.23432675
19960993,after,0.42289181,0.98711479,-0.3857563,0.048924852,0.53195644,0.045400335,0.43371709,-0.52840415
19960998,after,1.2257782,-1.4046161,-0.86863176,-0.85854781,1.772745,2.6742308,0.75860481,-0.10954884
19961013,after,0.43183802,-0.05894395,-2.6862544,2.0777408,-0.16370691,-0.10908759,-2.214546,0.80521814
19961015,after,0.29347436,-1.4368561,-0.28786226,-0.65431608,1.2421718,-0.8178856,0.22790081,-0.47704095
19961045,after,-0.51939284,1.584375,-0.15908991,0.12723902,0.44380968,-0.071292159,-0.013995064,-0.45288197
19961064,after,-0.19886406,-0.1701075,-0.65506611,0.70449637,-0.56144615,0.73327183,-0.67272292,0.18978333
19961070,after,1.4080694,-1.1682574,0.60052753,-0.17185776,-2.4841258,1.0949492,0.07359083,-1.284858
19961091,after,1.2030053,-1.0935941,-0.85962725,-0.18418889,-0.17310271,-0.53802149,0.047960439,-0.18820238
19961095,after,-1.2492325,0.81953455,-0.22787466,0.081551776,-0.30597882,0.78965676,0.34012568,-0.71774006
19961096,after,0.19375809,0.27356013,-0.087857842,2.165634,-0.35376921,0.3389169,-1.1825559,0.22671035
19961099,after,-0.069101155,-1.1917809,0.29306234,-0.10930797,0.2455969,0.079103632,-0.07368474,-0.41336586
19961104,after,0.094710141,-1.5434481,-0.43986961,-0.44695533,-0.11405855,0.49334438,1.2878403,-0.85362804
19961112,after,-0.59588514,-0.62685057,0.16639235,-0.032384111,0.40713381,-0.73038157,0.15343314,-0.54856554
19961114,after,-1.0676197,-1.3224579,0.30325241,-0.82670765,-0.46011393,0.65226264,-0.30122179,0.41120986
19961137,after,-0.75052353,-1.2433336,-0.058244787,-0.58479168,0.37595609,-0.092167185,-0.21460234,-0.63146743
19970004,after,-2.1511203,0.69260339,-0.57116974,-0.7196895,-1.6159484,0.6539898,2.7467619,-0.39599161
19970010,after,0.22448181,-0.6666212,0.036024122,-0.63108456,-0.49788852,-0.74798457,-0.62955289,-0.16184362
19970027,after,0.1322808,-0.25483646,-0.024030021,-0.43624424,0.61836478,-0.26328128,1.662018,-0.66729554
19970029,after,-0.33441473,-0.89518031,-0.055674837,-0.39125098,-0.027119802,-0.14883805,0.50701928,-0.30141791
19970030,after,-1.8311739,1.2942575,-0.026286607,-0.93814813,-0.48196725,0.020644771,-0.081527281,-0.46350633
19970031,after,-0.62530949,0.17789629,0.49887804,0.64415413,-0.32467898,-0.23661908,-0.12546616,-0.094388284
19970033,after,-1.3453449,-0.48774376,-0.35265074,-0.2926295,-0.47181021,0.21513309,-0.34006813,-0.6153163
19970037,after,-1.002826,0.13585227,-1.0840867,0.059905866,0.46797105,0.72252803,-0.44258344,1.3184387
19970064,after,-0.17443829,0.45758509,0.33129441,-0.99929812,0.16421521,0.41930049,-1.0623497,-0.22487787
19970072,after,-0.23146324,-0.16217118,1.4887655,0.46252838,0.15156439,2.0319576,-0.43404216,0.95003325
19970078,after,0.56955283,0.057780206,0.33442992,-1.3725689,-0.41908743,-0.70047111,0.94741503,-0.21685916
19970081,after,-0.44912664,0.00095020343,0.25913607,0.17111486,-0.38370759,-0.83420854,-0.30837203,-0.31984163
19970095,after,-0.94743129,-0.58355649,-0.87444818,-0.095715376,-0.80591002,-0.22093556,2.2435833,0.77089755
19970115,after,-0.72874715,-1.0686984,0.28784866,-0.63488714,0.287339,-0.51503698,0.05893955,-0.098256202
19970120,after,0.084599453,-0.91482633,-0.52370097,0.43933322,0.30850971,-0.68848952,-0.79542562,1.017366
19970126,after,-0.0039452696,-0.46123698,0.009872599,-0.38806747,0.092838599,0.74066275,-0.25851047,-0.027893357
19970127,after,2.3602394,-1.8606634,-0.13301637,-0.81888921,-1.2033207,0.19845848,1.350633,0.50772367
19970130,after,1.9150787,0.011364429,-0.95521947,-0.35596462,-0.059749511,-0.64858074,0.4555831,-0.18676192
19970138,after,-0.87611145,-0.24630623,-0.62679538,0.090945149,-0.15443616,-0.88341021,-0.60186018,-0.082479541
19970140,after,-1.3252561,1.7549309,-1.8479019,-0.5376517,2.0130684,1.0846405,-0.29529065,3.6314132
19970147,after,-1.0400021,0.18858847,-0.749589,1.1068904,-0.71535278,-0.69608412,0.45676434,-0.86539723
19970153,after,-0.52464409,-1.2480641,0.16926529,-0.64603713,-0.14808284,-0.52129948,0.092615415,-0.41039216
19970167,after,-0.80241186,-1.1695956,-0.058510893,-0.66546126,0.7071812,-0.56648198,0.074221844,-0.29471865
19970181,after,-0.57529116,1.0999499,0.457817,-0.82980371,0.36747505,0.98766162,0.66487948,0.36512582
19970186,after,-0.077946517,-0.29339372,-0.89620998,-0.61211989,-0.41344164,0.74659791,-0.75211416,1.1449015
19970197,after,-0.24134359,0.72758898,1.9922342,-0.27268729,1.8078032,0.63325888,0.85754434,-0.20863773
19970217,after,-0.49956695,-0.455374,0.47354893,-0.23035457,0.23878453,-0.81743335,-0.36462965,-0.48383983
19970233,after,1.6007534,-1.254604,-0.5890563,-1.011792,0.53182868,0.48897842,0.41107039,0.75785657
19970234,after,-0.71763425,0.055742467,0.51750615,-0.16866058,-0.58806445,-0.52595372,-0.34513922,0.35223712
19970239,after,-0.97160703,0.22450597,-0.70468907,0.33837608,0.54541698,-0.95080611,-0.62941665,-0.9433431
19970260,after,-0.42283999,-0.72487485,0.44518641,-0.17044521,1.3722013,-1.1960249,0.57083639,-0.53626869
19970289,after,-1.0252047,-0.79472021,0.41672237,-0.14928864,-0.65136406,0.026683091,-0.42030565,-0.12997589
19970349,after,-0.22582605,-0.2121023,-0.82633895,-0.46417851,-0.3074767,0.14582894,0.75943213,0.046161258
19970364,after,0.015672204,0.72866199,0.067123997,0.75731769,-1.2302869,1.2776341,-1.5862441,-0.95608363
19970391,after,-1.5326419,0.90320878,-1.3983119,-0.36298653,-0.23512784,-0.59622518,-0.17033823,-0.95248677
19970397,after,-1.0417218,-0.56668875,0.79198143,-0.17144335,-0.04883885,-0.10959251,0.017926407,0.22772034
19970408,after,-0.55205351,0.85883211,-0.55936913,0.86917656,-0.41207422,-0.26874058,0.64294916,-1.316277
19970417,after,0.081743356,-0.87382068,1.0004839,0.72618698,-0.062755599,-0.55715168,0.40504691,0.78238476
19970421,after,1.878279,0.20253464,0.018716734,-2.1870351,-0.2650442,1.9933077,-0.43402197,-1.287782
19970429,after,0.14315287,1.6413874,1.5421241,-1.0975356,0.70444899,0.72864513,1.001304,0.12702651
19970465,after,-0.60888889,-0.072643956,-0.40378297,-0.048203462,-0.13484427,0.15195032,-0.87570929,-0.10375376
19970470,after,-0.55759173,-0.55706684,0.98481052,0.61446428,-0.096546917,0.29232902,-0.24192476,-0.098087233
19970472,after,0.36727536,-0.079451425,0.90054046,0.39612224,-0.43378803,0.41631523,0.24427514,0.49504635
19970476,after,0.93270906,0.070624666,-0.11010137,1.7681464,-1.2975205,-1.1429141,0.69422624,0.2024369
19970518,after,-1.0036534,0.37680257,-1.0711613,0.096807694,1.2105624,0.72988079,0.80645326,-1.1574817
19970525,after,0.8563827,-0.43161342,1.2727443,0.31013089,-0.60524396,-1.8890286,-0.037612653,0.45626485
19970536,after,-0.34591914,0.12618725,0.13377245,0.579804,1.2221863,-1.0129661,0.79590798,0.069564379
19970544,after,0.85530614,0.87774062,-0.098822387,1.0777752,-2.2828807,0.16461591,0.5114253,1.6175351
19970555,after,0.71746409,3.5265102,0.88654352,-0.79251784,-0.43217092,0.037342395,0.63143113,1.0850809
19970568,after,-0.80395536,-0.072618284,0.93982999,-0.44994094,-0.18751476,0.028756223,1.0579942,-0.37085594
19970579,after,3.0525295,0.041556873,-0.55961247,0.033695539,-1.2230451,0.84853863,-0.77431945,0.20369499
19970585,after,-1.0450878,-0.44236322,1.2326747,0.59457059,-0.70761168,0.33514679,1.4667567,1.414063
19970594,after,-0.83259525,1.9431307,-0.59659136,0.46415691,0.36960929,-0.48580038,1.3341784,-1.2582195
19970596,after,2.0868647,-0.019194503,0.21280908,-0.16522686,-0.89213204,0.62484087,-2.8943151,1.3118806
19970614,after,-0.04335305,0.72668604,2.1496044,-0.19472416,1.0185391,0.14332704,-0.6456535,0.76446979
19970638,after,0.19992598,1.4968892,0.60289142,-0.42247822,-0.041330111,-0.0018842257,-0.332596,-0.042094022
19970649,after,0.35104783,1.6334659,-0.7419787,-0.86723838,-0.90543513,-1.5306548,-0.47028378,-0.43526503
19970661,after,0.31494909,0.22707333,1.0678479,-0.3897989,0.15485206,-0.44913943,0.50897168,0.74738775
19970674,after,0.36499163,-0.58236904,-0.34674299,0.038468294,-1.4624884,-0.32985985,1.4989733,-1.2084897
19970687,after,-1.0711071,0.22786472,-0.37280104,0.81152389,-0.95619593,-0.31712405,-0.597238,-1.4210117
19970690,after,-0.57780594,-0.022765711,0.57050105,2.2095726,-1.1656992,0.35223449,0.077601161,0.45147429
19970698,after,-0.24783472,0.34407027,-0.27238507,0.53239962,0.15243191,1.73863,-0.21658183,-0.44545391
19970724,after,0.80900053,-0.13732442,-0.45858703,0.22750423,-1.5101763,-0.52016937,-0.45479046,-0.14491097
19970726,after,-0.08424199,-0.37552266,-0.42931711,0.35763089,-1.4882635,0.28613207,-0.21417361,-0.079843225
19970727,after,-1.175825,0.71889124,-1.1670126,1.1958778,0.15310275,-1.7882322,1.628306,0.78441782
19970735,after,-1.0112884,3.1619301,-0.54306374,-2.4529521,-0.2100913,0.69226564,-0.35533084,0.10888131
19970755,after,-0.43559411,1.1221928,-1.110224,0.085007546,2.171971,-1.7527341,0.053193879,0.15876682
19970761,after,0.27571701,0.22676701,0.66319082,1.5032555,0.659409,-0.61409457,0.18538549,-0.20760667
19970767,after,0.34231114,0.59414876,3.178934,1.2499298,0.37370222,-1.9370202,1.6352829,0.11002907
19970797,after,1.0920856,1.1093596,1.8680359,-0.98474368,0.8627039,0.80612701,-0.83434313,1.4701549
19970833,after,-0.60665595,-0.14672215,1.1273933,-0.05312341,-0.016764539,-0.15975306,-0.039920961,-0.072845426
19970836,after,-0.10938685,1.2145035,-0.36443779,0.28344457,0.14851859,-0.49461843,0.32687322,-0.3794993
19970844,after,-1.3145456,1.0018134,1.0324172,1.3238218,0.17264059,-1.2285211,1.07737,0.69337855
19970846,after,1.0539251,-0.034744576,-0.16136627,0.48968665,-0.83834784,-1.179043,0.064439144,0.72583319
19970858,after,-0.30481948,-0.11828479,0.52522331,-0.52292652,0.46804751,0.14079614,-0.3540833,-0.013166661
19970867,after,1.4812691,2.518656,-1.5702323,-2.0328214,1.5376797,-2.0030757,-0.15741433,-1.3904175
19970874,after,-0.97373976,-1.9041048,1.9592377,-0.034287729,0.30472588,3.0647932,0.15352877,0.010435357
19970875,after,0.53065323,1.8730319,1.1353322,0.037866507,-0.32032457,-0.68232885,0.45367665,0.61792684
19970884,after,-1.217692,-0.65545231,-1.2927848,0.14973583,-0.4678051,-0.43433516,0.93315066,0.83534362
19970901,after,0.8350337,0.38873253,0.23467794,-0.66524048,0.73130863,0.90162405,-1.7304442,-0.4044093
19970912,after,-0.71247551,0.12423343,0.29596791,0.39191718,-0.31660592,0.15127089,-0.61693524,0.17918302
19970913,after,-1.1481126,-0.69798091,0.47427083,0.17449939,-0.42507988,0.28625447,-0.1595207,0.48026003
19970927,after,0.49987756,0.77453555,1.6032699,-0.99911823,-0.35178456,0.024121484,0.1786494,1.0810983
19970942,after,0.12254714,0.44564549,0.88454885,1.8869378,-0.95126262,1.6646216,0.15949283,-0.93485567
19970960,after,0.50150144,0.40823529,0.078900038,1.496068,0.1858635,3.2773586,-2.4058268,1.8319218
19970965,after,-0.2714416,-0.98086841,-0.23150782,0.00808628,0.36166318,-0.066653467,-0.41622741,0.13001801
19970967,after,-0.34644066,-0.38351227,0.57907389,-0.90869245,0.17329617,-0.59686081,0.0065427643,0.76355872
19970974,after,-0.06724613,0.16291878,2.0813035,0.30605129,0.70722489,-0.37552196,-0.21827574,0.65437971
19970994,after,0.93211264,-0.67432096,-0.21657433,0.2792259,1.0822894,-1.1104352,-0.31482091,-0.73396852
19971006,after,-0.98337252,0.28471013,0.54954213,0.22636978,1.4194436,-1.0314981,2.7344759,2.2672471
19971013,after,-1.1932818,-0.21518646,-0.17206854,-0.85700984,-0.928575,0.1215394,0.086913438,-0.55283094
19971033,after,-0.57948116,-0.15996844,0.32733908,-0.51036608,0.044268889,-1.3071876,-0.37621109,-0.23978106
19971047,after,-1.2704214,-0.37394873,-0.43166146,-0.32412747,0.48513138,-0.86372924,-0.71097637,0.6379143
19971054,after,-1.029342,-1.3895656,1.154972,-0.23560388,0.09565106,0.53171478,0.019102652,-0.017596299
19971055,after,0.65887963,0.29483842,-0.52424187,0.2924721,-1.3833671,-0.43658834,-0.35887004,-0.7574996
19971059,after,0.221434,0.096731129,0.58853436,-0.58815952,0.19482413,-0.040567539,-1.1590445,1.3099581
19971061,after,-0.79334156,-0.53203731,0.12577148,1.1627866,-0.52362366,0.17215154,-1.177209,-0.33221948
19971065,after,-1.2921857,0.055756301,-0.95686583,1.0886646,0.22019079,-0.46752737,1.4225089,0.55839834
19971067,after,0.58015984,-0.34844666,-0.14972495,-1.7486754,-0.40240292,-0.13090791,0.79690243,-1.6192798
19971070,after,0.67437178,0.50926095,0.89376697,1.187858,-0.23217588,0.93341945,-0.870942,1.7369887
19971088,after,-0.035538066,-0.19132224,0.087690796,1.4969872,-0.013268763,0.90402621,-1.3134885,-0.72603098
19971094,after,-0.45487194,0.50892072,-0.21129423,-0.21391849,0.012454539,-0.024191165,-0.94531799,-0.97009189
19971096,after,2.1733446,-1.3293841,-3.7243317,4.8054029,0.020752574,0.23522915,-0.26557532,-0.71241882
19971098,after,-0.24229961,1.0279637,-1.0601909,0.18974293,1.4203746,1.5385975,0.8416644,-0.042294228
19971108,after,0.95950397,0.91869663,1.1159654,-0.14559062,0.20251686,2.8278558,-0.075040155,-2.1988417
19971109,after,1.18837,2.2200366,2.3758894,-0.51949256,1.3166999,-2.5448833,-2.976044,1.533226
19971116,after,-0.68196361,-0.21307756,1.2713449,0.66948434,-0.072935545,1.4360945,0.75808788,0.052720033
19971118,after,0.70540391,-0.71594393,0.38247681,-0.59070831,-1.3868182,0.088829179,0.24625068,-1.3732613
19980008,after,-1.1788731,-0.27434637,-0.40390261,0.42445208,0.033053566,0.072731649,-0.028432514,0.7710559
19980017,after,0.048601397,-0.51911594,-0.46626287,-1.3508974,-0.7068791,1.9455212,0.30007817,-1.0271219
19980022,after,-1.4455889,0.69210866,0.59323147,-1.3508387,-0.088453767,-0.42862323,4.0227491,1.4627452
19980031,after,0.013646868,-1.1995612,0.55943475,0.085884923,0.99660096,-0.67094546,-0.11225375,-0.74221047
19980038,after,-0.97344799,-0.33034835,0.16240544,0.35597779,-0.10641033,-0.12546982,-0.93044398,-0.14583951
19980055,after,0.54689074,-0.40663705,-4.3212076,-0.098057731,-0.96830912,1.3762168,-0.68379573,4.5897449
19980061,after,-1.2924904,-0.15068961,-0.39635472,-0.036460238,-0.13554137,-0.38867731,-0.089807848,0.013212398
19980063,after,0.33352163,0.42318461,-0.29540485,-2.4840577,-1.4230553,0.77425082,-1.3293759,-0.27757065
19980067,after,1.1663586,0.16779777,0.33404012,-1.0146913,0.10496339,0.99157332,0.14708419,-1.5328755
19980071,after,-0.87532763,-0.52062982,0.47068291,-0.35827184,0.1950446,-0.14756694,0.46946352,1.1979214
19980074,after,-0.39289049,-0.50071807,2.251034,1.5878203,0.038927933,0.87493089,-0.74661332,0.13608842
19980076,after,-1.306193,-0.90624366,0.33720298,-0.40639914,-0.18080905,-0.33835588,0.02814878,-0.11073555
19980077,after,-0.85738625,-0.10775366,0.227073,-0.40674974,0.14725072,-0.25250129,0.36091786,0.11462809
19980096,after,-0.26057789,0.32661857,2.4092825,-1.1648189,-0.35920055,-0.044730915,1.487563,0.57318857
19980144,after,-1.2138243,-0.82168507,0.45484098,-0.83215743,0.053274484,-0.71369531,-0.326399,0.63099334
19980158,after,2.4153832,-1.4969233,-0.22961078,-1.8368134,-3.2581181,-1.5085997,2.9118264,0.091364142
19980168,after,-0.13256239,-0.28929801,0.36544839,-1.2472218,-0.091961752,-0.74038825,-0.050327831,0.38706781
19980178,after,-0.85870062,-0.94770299,0.70415097,-0.016136563,0.49955065,-0.82268395,0.42137649,-0.60015424
19980184,after,-0.62571149,-1.0907186,0.1097872,-0.6020624,-0.39959594,-0.060808629,-0.32501408,-0.21801724
19980188,after,-0.93777287,-0.88807168,0.3380333,-0.63178482,-0.22382798,-0.7512199,-0.28253329,0.2844124
19980194,after,1.9260083,0.24279438,-0.099201969,1.2529543,-0.48587144,1.0778962,0.38781423,1.7465231
19980199,after,0.49409982,1.250086,0.24419563,-1.1231411,0.57546826,0.41219208,-0.75138386,-0.87702989
19980204,after,0.50427128,-0.10986788,0.27795312,0.71945386,-0.18412765,0.090350969,0.31546963,-0.32087889
19980208,after,-0.50552192,0.10575088,-0.33782944,-0.64413919,-0.007745583,0.1709195,-1.4670833,-0.11761799
19980211,after,-0.76867238,-0.9198819,0.02117711,0.32477439,-0.27719583,-0.49284705,-0.059880204,0.072783098
19980221,after,-0.15459741,-0.99568599,1.4025759,-0.7821976,-1.0329802,-0.083779054,0.75539405,1.2908281
19980224,after,1.1836964,0.22002651,-0.11130309,-0.95717022,0.26614564,-0.97967683,-0.4582723,-0.16555719
19980228,after,-0.93728337,-0.48213101,0.71878743,0.18879725,0.025105485,-0.84749332,-0.18154614,0.16426034
19980244,after,0.4711344,0.10863791,1.3707152,-0.9245202,0.71094078,1.391218,0.12657215,-1.4163959
19980249,after,-0.84010824,-1.2740373,0.1472404,-0.32623329,0.51717899,-0.131092,0.0914498,0.071799701
19980259,after,1.5590903,-0.81436793,-1.6477016,-1.1647877,-0.99186044,0.13331687,-1.755002,-1.715066
19980263,after,-0.81104508,-0.68341918,0.10988823,-1.2641103,-0.074047271,-0.40213611,-0.48376751,-0.0020028061
19980293,after,-2.218377,1.1115203,-2.6496489,2.863749,-1.1131307,-0.32469972,0.01601599,-1.963439
19980304,after,0.74169583,-1.3137042,-1.0736362,-0.72084017,1.5094644,-0.74497601,0.46398943,-1.1386179
19980311,after,-0.65689244,-0.7691074,-0.18527858,-1.144415,-2.0564826,-0.066115933,2.4202303,0.42588896
19980316,after,-0.85956063,-0.59615853,0.41154321,0.034359114,0.77021308,1.8463815,0.023019222,-1.6866139
19980388,after,-0.62557194,-0.49597707,0.60497244,-0.71894763,-0.050310071,-0.85666028,-0.11436231,0.32968524
19980389,after,-1.0650686,-0.89475611,0.64512541,-0.75437943,-0.047763035,-0.65460076,-0.19440972,0.10282653
19980415,after,-0.56487489,0.094218046,-0.7228278,1.1630988,0.34292533,0.42140589,-0.34975898,-1.0921429
19980424,after,1.2429055,0.2710954,-0.98446626,-1.3331409,1.0898687,0.77274202,-0.56257874,-1.4793558
19980459,after,-0.13510855,1.4714041,1.7888806,1.3787113,-1.4417242,-1.208383,0.94332861,0.76140484
19980471,after,-1.4511861,-0.49476192,-0.96484369,-0.38750884,1.8315397,0.20751284,1.0689344,2.7892022
19980479,after,-0.34956803,1.1030207,1.6294493,0.399554,1.6336224,-1.7497777,-1.2033277,1.8198683
19980484,after,-1.6918637,-0.14131891,0.22216471,0.31167629,-0.50912943,1.0879767,0.6610617,0.096576471
19980485,after,1.6850784,-0.41572801,0.14164109,0.67215297,-2.4232963,-0.9709516,1.1488537,1.5984106
19980520,after,-0.27606968,0.54460577,-0.39311306,-0.41400763,2.0587016,1.7658714,-0.1143887,-0.73926958
19980543,after,-0.7251022,-0.86772302,0.46772993,-0.54805888,-0.39032511,0.43468599,-0.096376508,0.6946161
19980553,after,-0.46490389,0.45171184,-0.18690344,0.73538899,-1.5248547,0.91248182,-1.198771,-0.68204623
19980606,after,-1.1487439,0.89412772,-1.3813979,0.93919306,-1.0615782,-0.27240577,-0.081766319,-1.514633
19980652,after,-0.19628094,-0.69070532,-0.16680572,-0.24628161,0.88649111,0.31847259,0.37743458,0.062749457
19980679,after,1.5062616,-0.71039506,-0.19984583,-0.35305946,0.89064228,-0.048493576,-0.043834541,0.7020838
19980693,after,1.5705779,0.041748487,1.3116994,-0.55188547,0.25017141,1.0216719,0.31054528,-1.3406508
19980702,after,-0.210672,-0.16786907,0.17278028,-1.1390414,0.63584069,0.4180717,-0.74714853,0.93069586
19980743,after,-0.40773436,0.60014915,-0.20243385,0.21325494,-1.7246879,0.41514541,0.034720732,1.0963766
19980754,after,0.79406966,0.75593604,0.10951957,-0.06295606,-1.0508502,1.1122748,-0.65480429,-0.098749129
19980756,after,1.6805619,-0.041584566,-0.62120018,0.29010316,1.9952163,-0.18665469,-1.4835073,1.521918
19980760,after,0.89673959,0.17818802,1.193508,0.83241356,-0.075699956,0.20739399,0.12263099,0.67365066
19980778,after,0.43832857,-0.90616161,0.63608662,-0.32350773,0.18903962,-0.81605032,-0.77422586,-0.2545682
19980785,after,-0.94123315,0.63484794,-0.34564494,0.19966114,0.093871197,0.1522263,0.26927639,0.52836271
19980790,after,-0.4163463,0.94770244,0.11461508,0.13601459,1.0411969,0.11389707,0.42442136,-1.6726735
19980801,after,-0.65702818,-0.90239496,-0.90429075,0.15276914,0.39334266,-0.16242958,0.22840517,0.043324204
19980803,after,1.3886168,4.9365506,1.2539852,1.4181864,-0.62442916,-0.19612208,-0.56803852,1.9755592
19980807,after,0.85984674,-0.20818335,-0.011407736,-0.47637343,0.59955563,-0.017513599,-0.4253294,1.4060948
19980808,after,0.10102054,-0.51507505,0.83112828,0.24826019,2.2361353,0.96623793,2.1953897,-1.3297101
19980819,after,0.56065199,0.88779317,1.8460943,0.12767275,0.83212085,-0.18730137,0.069479729,-0.11360893
19980822,after,2.2336289,0.0055623557,1.3661083,0.46387846,0.80157294,-3.9163686,0.19269117,0.88981361
19980850,after,0.82937216,1.8165958,-0.033862535,0.63485137,0.039440893,-1.4182187,0.15479224,-0.89741781
19980852,after,-0.37475211,-0.22663071,1.677245,-0.50285414,-0.80394103,1.0475744,0.59752139,0.46639007
19980863,after,-0.39415039,-0.47019377,-0.1096739,-0.29262593,0.11253379,-0.19619572,-1.2208869,-0.18416352
19980887,after,-0.79343989,-0.86255447,0.88750597,0.36287087,-0.21317686,0.11116132,-0.48117735,0.29005729
19980894,after,-0.44450936,0.4458463,0.081031955,-0.70286292,0.14946576,0.29967625,0.18643883,-0.053694661
19980895,after,1.1505926,-1.3685527,0.21696557,-0.39547969,-0.67613716,-0.55513216,1.3912198,1.2327517
19980900,after,-0.46242687,0.0033991499,-0.088279207,-0.014106414,-0.21488941,-0.006923117,-1.0817543,0.54364623
19980901,after,-0.75032671,-0.80952152,-0.29249627,-0.039681699,0.68741263,-0.46480809,0.080295364,0.24758485
19980922,after,0.57514473,-0.22104701,0.62970972,0.07029823,-0.90252098,-0.80490141,-0.42733581,-0.18678922
19980932,after,-0.46083526,-0.063379288,-0.79242043,0.050499952,0.86940856,0.32324384,1.1229611,2.4852065
19980966,after,1.4234341,-0.22409434,-0.27509379,-1.3619233,-0.49173115,-1.0192265,0.12700233,0.3259875
19980982,after,-0.20349169,-0.64426801,-0.36728616,0.37393533,0.24422855,-0.93068675,-0.34557845,-0.44320446
19981042,after,0.97777162,-0.28257408,2.0373078,1.1112693,0.20060287,-0.66046298,0.5316198,2.8668222
19981046,after,-0.11906047,0.15094182,-0.11979823,-0.10456179,-0.32727859,0.55039576,-1.1629702,0.92497056
19981053,after,-0.58284344,0.93356958,0.45791559,0.83556287,0.34350776,1.1716046,0.6159876,-0.0038080208
19981054,after,-0.085374473,-1.1961185,0.68135425,-0.00025908356,0.3389451,1.0162029,-0.14690841,-0.90330939
19981064,after,-0.70295106,1.2830527,-0.8056806,-0.81822282,1.045218,0.29003402,0.12727017,1.3141182
19981085,after,-0.57516912,-0.57908047,1.0617418,0.15986066,0.15300617,-0.89016099,-0.50417423,-0.42999101
19981089,after,1.7763879,0.79351729,-0.53604136,-1.2777818,-0.27409983,0.34592314,-2.2126264,0.21708626
19981098,after,-0.013504488,-0.22427039,-0.084136585,-1.0909871,-0.050224299,-0.52276865,-1.4531719,0.028885517
19981100,after,0.12252363,-0.45314489,0.33351767,-0.22335078,-0.68844579,-0.7499446,-1.0892865,-0.47388757
19981108,after,-1.2441791,0.45878595,-0.78601354,0.48338827,-0.75685135,0.25506707,-0.35724098,-0.3952451
19981110,after,-0.081941832,-1.1694773,0.96418317,0.58063746,0.32149155,-0.1057045,-0.29178322,-0.15839657
19981153,after,-0.75384455,-0.073456228,-0.76763218,1.0819491,-0.93918287,0.42712837,-0.47960526,0.16748829
19981154,after,-0.99585772,-0.3293357,-0.00070446313,0.88301062,-1.2748277,0.90884565,-0.55963032,0.33620367
19990014,after,-0.37859085,-1.0516587,0.17045283,-0.16002756,0.29260705,-0.53322997,0.1542867,-0.86912969
19990020,after,-0.2561761,1.7920643,0.70309958,-1.4287954,-0.19092333,-0.21446637,-0.015621238,0.77701181
19990023,after,1.7826598,-0.29698569,0.40487144,-1.3683894,-2.6171858,-1.2456292,-0.79204305,-1.8847638
19990055,after,-0.48911888,-0.39010108,1.4430212,0.57935515,0.5053412,-0.65702133,-0.2311324,0.35554318
19990069,after,-0.82634478,0.059627527,0.6091923,-0.15490706,0.41249502,0.92261327,0.88562046,-0.17600593
19990083,after,-0.17536875,-0.41851158,0.0030020682,-0.049963379,0.48415855,-0.78764114,-2.0021135,0.12219113
19990098,after,2.1007308,-0.23418503,-1.6334051,-0.0060496204,3.230412,-3.577189,0.65180703,1.086645
19990103,after,-0.41556932,-0.82535522,-1.9250511,-0.64622511,0.24129435,0.24235261,-0.57357779,2.1098268
19990119,after,-0.41603887,0.41399953,-0.35277205,1.0653652,-0.50266402,-0.92482068,-0.48339822,-0.29564989
19990127,after,-0.011944574,-1.9214323,0.55815926,0.22686245,0.82077544,0.46303825,0.32607699,-0.68897471
19990128,after,2.5330593,-2.3946141,-0.68114605,-2.0144423,-3.4605215,1.312857,0.83046425,1.0938832
19990145,after,-1.0970506,-0.57702597,0.25513555,-0.59960255,-0.10353383,-0.25321945,-0.39618661,0.058952552
19990153,after,-0.8581942,-0.60054376,0.39139593,0.15572571,0.26365583,-0.934026,0.08281303,-0.11044418
19990164,after,0.62670605,-0.035691598,-0.19623122,-0.86696248,-0.78028732,0.16435568,-0.53641916,-0.45543965
19990173,after,-0.9325445,-1.2290858,-0.019649354,-0.92535229,0.060539844,-0.557065,-0.035967841,0.31856688
19990174,after,-0.60297862,0.50572781,-0.030592,-1.0676703,-1.0617991,0.055074118,-5.7603927,-1.0968065
19990180,after,-1.0480098,0.96337726,0.34836121,-1.4780944,0.45764541,-0.094212802,-1.492187,0.3057026
19990183,after,-0.587288,-0.52472534,-0.71105866,-0.24037443,1.4515294,-0.99819689,-2.1240768,-0.20043432
19990186,after,-0.78218373,-0.21024308,-0.559319,-0.34411218,0.53612987,0.09686716,0.54805918,0.40499166
19990192,after,-0.18980546,-0.2174754,-0.092625476,-0.58700866,0.26838027,-0.051074744,-2.1940399,0.52255905
19990206,after,-0.30258423,-1.3650199,-0.0026795177,-0.18489151,0.4257478,-0.86954817,-0.16240965,-0.82742271
19990216,after,0.3996529,-0.52747047,1.886559,0.27676594,1.3417254,0.36366059,0.28492847,-0.44730766
19990230,after,-0.25276988,-0.73575692,-0.15889438,-0.19753773,-0.12439152,0.37685452,-0.44967703,-1.4122262
19990244,after,0.14925146,-0.082448727,0.074384537,-0.43895801,-0.76064732,-1.1611445,0.79360939,0.012281667
19990264,after,0.36652372,-0.11379601,0.18531127,0.4444242,-0.13251812,0.96050808,0.37741422,-0.84213401
19990271,after,-0.37866628,-0.043163327,0.92765014,0.26070632,-0.11613768,-0.89647917,-0.29545231,-0.38498494
19990275,after,0.77685991,-0.61766789,1.1691192,-1.111693,-0.82067586,-0.072228029,-0.031025757,-0.37264315
19990290,after,0.17477701,-0.025956117,0.24336385,-0.37160396,-0.13659587,-1.0878499,-0.35981436,0.3368937
19990304,after,-0.82639152,-1.077664,0.2300883,-0.3564307,0.1973926,0.10007967,-0.13706131,-0.21547797
19990317,after,-0.72856902,1.168331,-0.021632947,0.85638472,-0.11325919,0.075699269,0.47765331,0.10577489
19990320,after,0.52427857,1.025703,-0.2644559,-0.16357556,-0.80786451,-0.34942664,-1.2263705,-0.62780197
19990329,after,1.4790715,-0.76815692,-0.1037547,-0.90714957,-0.46670061,0.12751883,-0.24266407,-2.1778211
19990355,after,0.84873032,-0.53279024,0.27600374,-0.24845029,-1.0140759,0.31305321,-0.90375486,-0.71227733
19990385,after,0.89978685,-0.72127023,-0.27971252,-1.0615893,-0.45017522,-1.0418479,0.043862112,0.22777448
19990398,after,1.580788,2.1327998,0.7951041,-1.1492454,1.0473936,-0.6592235,-0.30778635,-0.18145493
19990409,after,1.0988848,-0.46875572,1.1314739,-1.4146779,-0.25554355,-0.58181715,-1.3048706,0.35131369
19990438,after,-0.00017812622,-1.1812615,0.38109411,0.56824098,0.14802296,-0.035693424,-0.28984755,-1.0467099
19990464,after,0.56202372,-0.20249078,-0.94234854,-1.2873701,0.64255368,0.21529473,0.03424851,2.5314373
19990483,after,2.2586335,-2.0124478,-1.2113426,-0.055389188,1.3135376,-0.41706855,0.54662471,0.42915019
19990509,after,1.1282412,0.55991662,0.58093711,-0.29734769,0.75254988,0.88289261,1.419914,0.82523564
19990517,after,-0.94282634,-0.50568452,-0.15330304,-0.82231215,-0.039551552,0.3379775,0.55766555,1.2634538
19990525,after,-0.032148825,-0.74369255,-1.3618738,-0.72011859,1.7223878,0.66340319,0.10705944,-0.094678779
19990542,after,0.35653388,-1.0969769,-1.3062217,-1.0274606,0.78558864,-0.13899818,-1.2995893,0.75393831
19990549,after,0.081011078,1.2550654,0.12658712,-0.45132765,0.30264379,-1.3541853,-0.37333179,-0.17541475
19990563,after,-0.43681172,-0.98840266,0.3446955,-0.52002034,-0.53842641,0.33340345,-0.57927491,0.62090073
19990583,after,-0.53419922,1.7268929,2.2916498,0.14720994,0.89077698,-3.1104145,1.8455364,1.7224971
19990625,after,1.3008162,-0.58556525,-0.78836318,-0.23089172,-1.0020099,-0.76129428,-0.46474649,1.6042441
19990640,after,-0.13257841,0.60956558,1.1054327,0.5352979,0.24474619,1.4704654,0.033592621,0.53666877
19990647,after,0.84308137,-0.53478851,-0.25439616,0.18236381,-0.1181049,-0.76871806,1.3889095,-0.61814639
19990668,after,0.58955152,0.12412696,0.47701327,0.99116304,0.69421563,-0.97778406,0.58795068,-0.17222277
19990712,after,0.74739559,-0.61531024,-2.0163082,-1.4833343,1.7209826,0.037876025,-3.3107815,0.4011873
19990731,after,-0.79832696,3.0629701,-1.4166,0.090911487,0.12506892,1.1186249,1.0296271,-0.087344417
19990740,after,2.1337367,1.3420225,0.36234533,-2.1535975,-0.19732929,0.88069621,-1.2086432,-0.54383205
19990755,after,0.57518332,-0.21178359,1.5074181,1.5052176,-1.3010991,-1.1326363,0.90176873,1.3465415
19990774,after,-0.63903747,-0.33720894,1.2537514,-0.17674642,-0.075486961,-0.91565098,-0.22563314,-0.0018402782
19990784,after,-1.4036712,0.64018452,-0.86750511,1.0906009,-0.1133185,-0.26200141,1.5619189,0.5269582
19990815,after,-0.50703141,-0.00074901441,1.9773853,0.012911493,-0.31152184,0.031123884,-0.72104291,-0.49266
19990817,after,-0.1739533,-0.82651545,-0.02041336,-0.39015633,-0.79831356,0.10769351,0.99297963,1.0917886
19990823,after,0.5040518,0.81592073,-0.11404018,0.18113656,0.91449124,0.022771607,0.76380227,-2.1381087
19990828,after,-0.11581912,0.12682572,2.6205648,0.98968487,0.74680091,-0.68576306,0.48397561,0.48624837
19990848,after,-0.67000446,-0.3086671,1.2701127,-0.46752982,0.51090373,-0.67345153,-0.22077727,0.46991351
19990856,after,0.47779573,1.4201829,0.44996571,-0.85936586,0.73932698,-0.35778211,0.76614629,-0.32312528
19990862,after,-0.29769963,-0.32997528,1.6999652,0.022485405,-0.16216983,-1.935881,3.1557497,0.14451426
19990863,after,0.82837331,-0.19852987,-0.90484686,0.81092384,2.1028501,-1.2618227,-0.068386259,-1.1239212
19990879,after,-0.24830566,0.17369235,-0.041447627,-0.72914402,2.5502782,-0.61201692,-2.1529493,-0.1094085
19990885,after,-1.2961599,0.68460209,-0.98433555,0.04701363,-0.072943931,-0.85480559,0.51561278,-0.42142891
19990893,after,0.33406626,0.22255118,-0.40337553,1.4592497,-1.3753469,0.36566473,0.17888697,0.19749277
19990896,after,0.88863951,-0.7102275,-0.27938458,-0.50198159,-3.9747811,0.32077267,1.233129,-0.18579535
19990905,after,-1.2359665,0.84454393,-1.3722168,0.45718037,-0.8602798,1.0854926,-1.1987388,-1.7139725
19990926,after,3.0426799,-1.4709486,0.27584308,1.1782206,-1.2930422,0.7777206,-0.65245369,1.5702056
19990928,after,1.3864073,0.13288845,-0.75596863,1.1939919,-0.45280392,1.1195291,-0.68232558,-0.33767682
19990942,after,0.87049234,1.1405392,5.7768191,-0.98111732,1.1912986,-0.800521,0.70168634,1.8582761
19990947,after,1.3713431,2.1737589,0.052699514,-0.017041101,-0.19844305,0.10068578,0.48407614,-2.3422207
19990957,after,-1.004947,-0.53269322,0.19365477,-0.54683446,0.077522847,-0.74303681,-0.41605649,0.20639615
19990958,after,0.76845714,-0.51629537,0.10685266,0.35848867,0.78461433,-0.50952551,0.89795894,-0.025149984
19990983,after,0.15128974,-0.4085398,-0.55227892,0.7479728,0.82475444,0.83713967,0.35699223,-0.87772944
19990992,after,-0.8714165,2.0883334,-1.3567404,-0.0500634,-1.2051707,0.725025,-0.41137691,0.25021585
19991025,after,2.0903508,2.4271001,2.6372989,-1.2603184,0.091074601,0.77978376,-1.6358513,1.1189936
19991045,after,0.33956538,0.25990678,-1.9148346,-0.76252067,1.4035137,-0.50944789,-0.39670037,-1.0862425
19991048,after,-1.5325568,1.4618329,0.31597824,0.48459853,0.82921795,-0.081838423,1.5802327,-1.3171354
19991072,after,0.20298299,1.3762877,0.20738386,-0.37478056,-0.34490002,-0.014876577,0.55675539,-0.32260455
19991088,after,0.46055441,-1.0059046,-0.46145373,-0.56248808,-0.55794446,-0.71372999,0.64148914,-1.058971
19991089,after,-0.18067172,-0.74155353,-0.44245373,-0.635792,-0.5135433,0.25769749,0.18454177,0.37211968
19991127,after,-0.41240042,0.1996003,-0.28556641,1.3698707,-1.2326403,-0.19747533,0.088342455,-0.10516119
19991137,after,-0.083026662,-0.96460437,-1.0962558,-1.1424942,0.34301324,0.030034906,-0.57818967,-0.19546317
19991148,after,2.3871429,1.5632968,0.26883809,-1.1299874,-3.4619172,-0.16625547,1.1747844,-0.82368075
19991174,after,-0.84866467,-0.77815019,0.0074978142,-0.52958709,0.28893942,-1.1497061,-0.21562423,-0.089350191
19991180,after,-1.0505242,-0.68965271,-0.0036448552,-0.14345808,0.0022329126,-0.86429196,0.38168809,-0.4124033
19991185,after,0.33906073,0.060944681,-0.92220179,-0.42268597,-0.48826281,-0.27290275,-1.6579619,-0.27026362
19991192,after,0.092168947,-0.057681793,-0.55604135,0.42940326,0.94811998,-2.0711397,0.03872565,-1.076796
19991198,after,1.2861816,-1.5702695,0.11607339,-1.286954,-1.3372285,-0.15861536,-0.82119474,-0.56134434
19991202,after,-0.81182236,-0.24266755,0.84185298,0.10692355,0.10931627,-0.28481399,-0.47871746,-0.0026009467
19991207,after,-1.1956368,-0.53716226,0.044178802,-0.52690915,-0.80805547,0.61972188,-0.28583663,0.72855836
19991216,after,0.67012229,1.2845013,-0.043605394,-1.6597668,0.91902886,1.7052966,-0.41025308,-0.4756896
20000003,after,-0.27233449,-2.1058138,-0.18147366,-0.62771531,0.55116193,-0.074246788,1.4127052,-1.2774432
20000014,after,0.25839453,-0.65298088,-0.14865484,-1.209754,-0.76455135,-0.64828679,3.5965861,2.1704084
20000029,after,0.78454181,0.54145898,-0.3718209,0.33099047,-0.35367539,-0.25660471,0.38635763,0.35854547
20000035,after,-0.71131327,-0.0236874,-0.033309936,0.40149493,-0.56174932,-0.47866723,-0.36635804,-0.34457444
20000052,after,-0.77560492,-1.4731598,0.014210143,1.6146799,-0.81788581,2.0752707,-0.5403804,-1.5648382
20000063,after,1.0317871,-0.42507104,0.59273371,0.97538734,-1.7771575,0.67107892,-0.27355188,-1.1479123
20000086,after,-1.2013399,-0.11326882,-0.16595219,2.0311466,-0.78841829,0.3272866,-0.20187623,-0.30954199
20000093,after,-0.82101906,-1.3868358,0.23662612,-0.64482756,0.28251455,-0.084689492,-0.06521604,0.39015458
20000104,after,-0.70575199,0.80432411,-0.45853508,-1.0955031,-0.47506397,1.9828312,-0.77460403,-0.50324047
20000112,after,-0.35101825,-1.3096732,-0.30466873,0.1152684,0.048879421,-1.6973362,-1.0566427,-0.71406186
20000119,after,0.40840944,-1.1374847,1.2214091,-0.97721503,0.50778595,0.63970122,-0.085491324,-0.47953405
20000157,after,0.10509552,0.52120464,0.5379496,0.65061642,-0.24190387,1.1435128,-0.36141411,-0.24111758
20000160,after,2.1449779,0.093890017,-0.54210845,-0.66694286,-1.7572948,-1.0912556,-0.18026237,-0.87181213
20000193,after,1.0182117,-0.62772986,0.52716501,0.10804937,-0.10325307,0.10692411,0.29219642,0.068862267
20000195,after,0.07050224,-1.5233773,-0.01553377,-0.91488904,-0.95045885,0.49646591,0.70307948,-1.2525103
20000212,after,0.34376953,-0.92920884,-0.81158489,-1.4332378,0.27129282,0.049182653,0.28170653,1.2399014
20000227,after,-0.35422955,-1.0430326,-0.30042017,0.20981179,0.56736681,-0.74981412,-0.2455933,-1.8008918
20000245,after,0.34344335,-1.7357859,-2.0557736,0.11888353,4.106961,2.3036954,0.19249123,3.0973019
20000296,after,-1.0623019,-1.4487969,0.19224369,-0.37174501,-0.18183131,0.58294417,-0.07574104,-0.58595336
20000314,after,-0.82373172,-0.73399517,-0.0094234237,-0.12466567,-0.64825228,-0.12322222,-0.214947,0.064259278
20000331,after,-0.14357245,-0.50080466,0.43781371,-0.39090817,1.0492872,-1.2111591,0.55677847,-0.9865155
20000351,after,-0.095054529,0.14488326,-2.826824,1.1323551,1.7957412,-0.23289038,-1.3139123,3.8534121
20000354,after,-0.36630248,2.0903557,-2.5072231,-2.1321428,1.1094517,1.3869196,0.25486466,-2.8815477
20000362,after,-0.11433103,-0.72713057,-1.0550619,0.012092332,1.4541353,-0.27735252,0.81444222,0.060594629
20000366,after,0.32481295,-0.15010138,-1.4997058,0.86648731,1.116892,2.3278629,-0.97345229,-0.27303592
20000407,after,-0.91948702,-0.64136238,0.67715266,-0.50568793,-0.14764873,-0.97011029,-0.45236692,-0.4498539
20000420,after,-0.047554498,-0.35737668,0.79267539,-0.46856713,-0.31918827,-0.41921721,-0.29552059,1.179358
20000429,after,0.16238005,0.024151189,-0.49279161,0.52100211,-1.1866369,-1.2151537,0.33721401,0.35482938
20000441,after,-0.49798381,0.26697225,0.1435317,-1.1271915,0.20634964,-0.14464835,-0.91878327,1.1379917
20000449,after,-0.72400814,-0.40374343,-0.10807126,-1.0276096,0.48331048,-0.34861698,0.44680436,-0.1077135
20000465,after,0.30858421,1.236931,-0.039454048,-0.099581099,-0.67914044,0.26349929,-0.21396062,0.36967883
20000501,after,-1.4084519,0.4239171,-0.68640978,-0.098950673,1.1488829,0.21966952,-0.34175457,0.37692249
20000561,after,0.49983447,0.56764105,-0.88424083,1.8635899,0.25836288,-0.66439978,-1.2678579,-0.11668311
20000580,after,0.7444738,2.9029701,-0.4565829,-0.66253167,1.2881483,-0.18594919,1.3763532,-2.4619917
20000591,after,-1.1490734,-0.11534375,-0.18532809,-0.20123104,-0.15884048,-0.35832364,-0.16163645,-0.59868591
20000595,after,1.6000359,2.373486,0.36111881,-2.4109396,0.17811006,1.6690476,0.59740216,-0.96048546
20000602,after,-0.089663064,0.33201485,-0.94271266,0.99700011,-0.62950037,-0.13967284,-0.77157481,-0.7647879
20000633,after,1.4648537,-2.2015888,-1.8673588,-1.4616562,-2.2666506,-0.26975112,1.8416471,2.9012075
20000699,after,0.41889195,0.58082151,-0.75447077,1.2394181,-0.16178948,0.79508562,0.094571796,-0.061165667
20000705,after,2.0917988,-1.0634747,-0.78369653,-0.34578015,1.4454845,0.59418877,-0.60924894,0.96001941
20000706,after,0.057098702,0.68823424,0.75315679,-0.38853093,-0.79743374,0.079779239,-0.042178469,-0.21986022
20000716,after,0.7680929,1.4964845,-1.2036726,1.1777455,0.30685961,-0.61066593,0.20064724,0.8568804
20000720,after,1.6879482,0.79408698,3.3061652,1.2519704,1.3386199,1.8379105,2.0027631,0.29042422
20000745,after,1.2297473,-0.30021665,-0.57467105,-1.3331798,0.98316649,1.3410605,0.57350128,-0.9890954
20000747,after,-0.8454835,0.16944326,-0.42983394,0.57788325,-0.62677654,0.7947784,-1.1854969,-0.041947325
20000751,after,-0.79142824,-1.0263888,0.12431206,-0.34166328,-0.48988713,0.23503876,-0.38967378,0.37282594
20000776,after,1.213634,-0.17678844,3.5441882,2.2506406,1.9253306,1.3567035,-0.49449434,-0.39752356
20000787,after,-0.65846158,0.72826237,-0.84960813,0.97125192,1.3179531,1.041927,-0.55249341,-0.40663579
20000789,after,-0.75565293,-0.44137737,-0.71081784,-0.20707054,0.52753719,-0.90149359,-0.72695701,1.3963654
20000849,after,1.2854079,-0.34059188,0.78709687,-1.0113406,1.0893104,1.6328404,0.76497027,-2.0358598
20000857,after,-0.47883104,-0.82391208,-0.76136175,0.6286524,1.148127,1.8220631,2.0709637,-1.6997092
20000863,after,1.647634,1.4107092,-0.86896441,-0.91609068,1.7251749,-0.38650696,1.5592904,-2.2683253
20000888,after,-0.227265,0.9755189,-1.712269,0.40787921,-1.0885358,0.22126405,0.11152433,-0.52293174
20000897,after,-1.6317953,-0.53266403,0.29509749,-0.35323963,-0.66609907,1.2657491,0.083081807,1.3035695
20000910,after,0.50319864,-0.39592727,-0.015089306,-0.55585838,-0.63054208,-1.7440812,-0.25283235,0.013599971
20000923,after,0.78006654,-1.4593271,-1.8932257,-0.90153728,1.6991127,2.9625616,0.60720275,-1.9044402
20000934,after,-0.33174748,-0.71018208,-0.78829435,1.7169324,0.20179545,-0.31217321,0.72799045,-0.85484865
20000939,after,1.675598,1.2408494,0.28238714,0.37408582,-1.094849,0.11782673,-0.62908773,-0.30949588
20000944,after,0.19644337,-0.016897224,0.024459233,0.72461921,-0.89004998,0.31112326,-0.098087523,0.58808718
20000957,after,-0.85017479,-0.86759666,-0.20434319,-0.041584003,0.296989,-0.87279501,0.10765232,-0.20513713
20000958,after,0.86741126,1.3736252,0.82415164,2.6544621,-1.0866523,0.3451709,-0.83413187,0.10449043
20000963,after,-1.3068944,-0.7902852,0.49468568,-0.58294961,-0.43075677,0.25693857,-0.46675409,0.02585546
20000967,after,0.028472025,0.39731561,0.053535544,-0.48675454,-0.69618513,-0.024220615,0.64110999,0.30094755
20000975,after,-0.10452354,1.083681,-0.22375688,0.80701218,0.0071574682,-0.60740642,0.30802012,-0.87381942
20000981,after,2.2251405,-2.7213874,-0.79120656,0.32895923,-2.5943178,2.4293339,6.780974,4.127218
20000988,after,-1.1976136,-0.56183649,0.5326882,0.3988954,-0.54640414,0.70942316,-0.18759015,0.66376191
20001012,after,-0.69175356,0.53258178,0.1260706,-1.1923277,0.78446422,0.45931872,-0.36186765,0.012219947
20001018,after,0.88318409,0.20352887,0.17051587,-0.60872267,0.091453184,-0.24867824,-0.12396087,-0.094737796
20001030,after,0.61035781,-0.28239444,-0.30824744,-2.2143419,-1.6850754,0.46356596,-0.62050073,-0.6196967
20001047,after,-0.37352267,1.7558411,0.40077917,2.2445547,-0.24694944,0.35101844,0.4324397,0.21338495
20001057,after,-0.5130677,0.2828028,-0.10602879,-0.39436667,0.39380756,-0.2297353,-1.386642,0.98780407
20001064,after,0.56926873,0.6645107,-1.2489407,0.086616822,-0.59299511,0.034169927,-2.4087055,0.89040801
20001070,after,1.3709129,-1.7735391,0.40167114,1.9661244,0.8472929,1.848098,-1.3251974,0.22284891
20001071,after,-0.39899775,-0.52517397,0.36045438,0.3238106,0.37936334,0.51402487,1.4017138,0.54958938
20001086,after,0.17131674,-1.01569,0.45197374,0.31394664,0.39455079,-0.34714742,-0.20043041,-1.1168714
20001104,after,0.510521,-1.3316274,0.1802379,-0.62488475,0.62653504,0.24051773,1.0982868,-0.28122191
20001113,after,-0.57746666,0.39597597,-0.73259764,0.89869261,-0.27565982,0.086839189,0.21364526,-0.27128886
20001118,after,-1.3992758,0.96655038,-0.85279036,-0.2675658,0.14276305,-0.84239639,0.31706472,-1.3898445
20001131,after,-1.4570067,0.34062252,-1.2922134,0.027842152,0.55338923,-1.0346428,-0.26543735,-0.59445839
20001150,after,-0.21249034,0.67895968,0.47298448,-0.53830051,-0.18114628,-0.478444,-0.37254031,-0.43589828
20001160,after,0.26041359,0.24868649,-1.5533479,0.53914664,1.1668032,-2.2137978,-1.4553048,-1.2200049
20010014,after,-1.1782037,-0.92159938,0.33635022,-0.49668867,-0.047763812,-0.69810339,-0.26611839,-0.061778527
20010017,after,-1.1927647,0.71538577,0.84285197,1.048482,-0.035258385,-0.13601541,1.1873494,-1.0589767
20010040,after,-0.7202512,-0.43752292,-0.30214151,-0.037136192,0.93394427,0.30222262,0.96297034,1.131126
20010049,after,-1.1168759,0.27954612,-0.31513893,1.9134239,-0.32164187,0.82468347,-0.082518654,-0.075877423
20010067,after,-0.95369543,-0.13133829,-0.51149576,0.75455484,-0.072583322,-0.8966689,-1.0490715,-0.15259758
20010069,after,-0.63104179,1.157102,-0.62586131,-0.36734492,-0.37374386,-0.48779633,0.072961411,0.22101648
20010075,after,-1.2375994,-0.6259057,0.34574487,-0.41465687,-0.30039302,-0.88323963,-0.21868231,0.43893636
20010076,after,-0.55829816,-0.44555786,0.56437313,-0.70697508,-0.19560932,0.29498124,1.6080917,0.58101963
20010078,after,0.044693376,-1.3890054,-0.067401857,-0.26632271,-0.087846342,-0.10687093,0.40961806,-1.1956637
20010096,after,-0.18658916,0.073988934,-3.2828916,1.5503029,0.56094778,1.635907,-0.52789252,0.94478177
20010126,after,-0.35827454,0.60551931,-0.0098293888,0.76060783,0.63851656,0.34393744,0.71131425,-1.8703763
20010130,after,-1.872021,1.0333709,-1.2751197,0.7079267,-0.23828943,-1.7818199,1.2877961,0.73083598
20010140,after,0.49875132,-1.967785,1.8947618,0.34178208,2.1303765,-0.02766144,0.88888406,-0.24978113
20010146,after,0.39580253,1.0932965,-0.19119568,0.16797497,-1.3422362,-0.42981609,0.075735848,0.42668071
20010161,after,1.9080138,-0.014728723,-0.63270289,1.1361069,-0.95117123,-0.58917981,-1.4156027,1.6482048
20010164,after,0.79375745,0.84841889,1.4388465,2.2858901,-1.096612,1.6827351,1.0748465,-0.15609423
20010174,after,-1.387473,0.3077211,0.60118617,-0.055920019,0.26416554,-0.27090245,0.95735461,-0.090648401
20010179,after,-0.8774009,1.0874851,-0.67522758,-1.529357,1.6812439,1.9770466,-0.58686987,-2.30167
20010196,after,-0.54291235,-0.98732291,0.30143368,-0.022781403,0.25054715,-0.68747339,-0.37436688,-0.22777797
20010202,after,0.6496484,-1.437644,-1.0595006,0.45309011,-0.88055273,1.4432154,0.72470478,1.1684962
20010204,after,-0.82877757,1.8353933,-0.76517633,-0.86066568,-0.44743331,-0.9759236,1.3400723,-0.27305796
20010219,after,-1.2633035,0.42589435,-0.65946934,-0.52743081,-0.70364085,-0.95683741,-0.5112866,-0.63983026
20010228,after,-0.76187326,-2.0207264,0.66701758,1.0408394,-0.90091125,2.8392413,-0.82833486,-0.61677888
20010230,after,-0.45130436,-0.48431486,-0.071839217,-0.15071309,-0.92236953,-0.47904189,0.076689523,-0.64699453
20010235,after,-1.1057068,-0.91212524,0.46768981,-0.58783866,0.031570372,-0.93018164,-0.50696259,0.0056168844
20010254,after,-0.11653328,0.40169106,-0.17405225,0.02476979,1.0754977,0.6248787,-1.3200538,-1.2008438
20010270,after,-0.96414006,-1.0655646,0.36766372,-0.40426829,-0.103572,-0.51542247,-0.34761222,-0.24541428
20010283,after,-0.70377716,0.1604131,1.1838982,0.34363492,0.39972685,1.5404435,0.44635957,0.032991606
20010287,after,-0.11196712,-1.5874745,0.53125965,-0.20690284,1.1130173,-0.95343691,0.1137717,0.22868132
20010300,after,1.3329517,-1.1939808,-1.7076187,0.20253448,2.6262461,-0.47327872,-1.216493,-0.2602695
20010307,after,-0.27325114,-1.1216139,0.27690416,0.19088943,0.50166676,-0.23388831,-0.0087792402,-0.31958257
20010333,after,0.35443593,-1.3455832,-0.71543143,0.088127946,-1.3207474,-0.49927724,0.78839996,-1.2173021
20010337,after,-0.88601207,0.83424086,-0.066649552,-0.43018629,-0.24311278,-0.65265945,-0.68220517,-1.3745368
20010357,after,1.0512065,0.048498624,-0.38539809,-0.51897255,-0.95120816,-0.75763092,-0.53132402,0.78528581
20010391,after,0.12714899,-0.57074989,-1.1263269,-0.28001922,-0.049810998,-0.67391383,0.40454052,-0.39081865
20010400,after,0.72834242,1.652908,-0.37403962,-0.61410498,-0.42763389,-1.7475162,0.36774651,-0.56652626
20010428,after,1.3755925,0.12477518,-0.43954427,-0.55475338,-0.42343898,-0.90230349,0.42335545,-0.37198343
20010439,after,-0.75763279,-0.6018224,-0.50983489,-0.40757777,0.23539576,-0.58054683,-0.14062623,0.19868329
20010467,after,1.818539,1.1430932,0.080371124,3.8177282,-0.33717497,0.0096283929,-0.84318926,-0.32877554
20010483,after,0.26430734,0.057392136,-1.420908,0.54312654,1.4853735,-0.2749797,0.074050984,0.15891541
20010499,after,-0.9858356,0.5312698,-0.12100124,2.0326897,-1.2821869,1.2702289,0.12377662,-0.93389732
20010500,after,-0.092187382,1.0612296,0.031203242,0.69196948,0.22679632,0.98251929,0.57115255,0.83463209
20010503,after,0.25954535,0.085551941,-0.82645168,1.2226368,0.72145569,-0.13692824,-0.28147163,-0.47105849
20010505,after,-0.23158929,0.27537751,-0.8066906,2.325276,-1.0679746,0.77240213,0.42308532,0.44989403
20010510,after,0.91896226,-0.36290487,-2.7646392,3.6094035,-1.1391198,0.65950386,1.130272,-0.46782864
20010512,after,-0.56666457,0.98552853,-0.76455753,1.052299,0.013185006,-0.2821555,-0.16403481,-0.23724947
20010518,after,1.1902792,0.57566387,0.55746771,1.3137032,-1.5538079,0.23788268,0.6102825,1.4769175
20010527,after,1.0460826,0.89578011,-1.2955129,0.040192744,0.17772208,0.47679732,-0.36224067,-0.12415188
20010535,after,-0.82387021,1.979364,-0.5769753,1.5079308,0.21027137,-0.90243487,0.36995434,-1.8952204
20010567,after,1.9316525,-0.63034945,-0.68922536,-0.54636143,2.9180888,1.0932054,-1.042305,1.370906
20010570,after,-1.072373,1.7918544,0.67123585,-0.88829011,0.16386884,1.324679,0.33483287,0.95028388
20010573,after,-0.6025479,1.4530436,0.3399032,-1.613882,0.33794023,1.0586036,-1.3417917,0.5557958
20010583,after,-0.42044803,-0.54344085,0.59484605,-0.33025149,0.55594985,-0.95215922,-0.57805744,0.78083939
20010588,after,1.5354137,1.5007816,-0.19559335,-0.52968304,-1.7990869,2.4580078,1.5242151,-0.22519443
20010603,after,-0.77434664,1.1045083,-0.66159101,0.84070509,-0.55697564,0.035664809,1.1694,0.30809473
20010608,after,1.0213083,0.74535207,1.5099729,0.9328422,0.085424542,0.89681815,2.0146062,-0.90582214
20010618,after,0.7874606,1.0222442,0.12114154,-1.6750448,-0.14160664,-1.2883162,0.41138475,-0.39622401
20010624,after,-0.31365685,0.1142875,0.16161107,-0.56505755,0.3585549,-0.079657156,1.1450289,0.27002037
20010633,after,0.43691309,0.69677721,-0.3959207,0.84334866,1.0760785,0.47839052,-0.98919023,-0.57321895
20010634,after,0.90941302,3.0600961,-0.62038087,-1.0639683,0.73288954,-2.8366127,0.91668927,0.085195761
20010669,after,-0.12322976,-0.48353637,-0.26185238,-0.52350232,0.10191744,0.92595451,-0.99549289,0.085597251
20010695,after,1.4058479,-0.62025707,-0.81566949,-1.027113,1.8159969,-0.60663197,-1.6225385,-1.0551716
20010700,after,0.42161377,0.82132391,0.78392047,-0.086418224,-0.42910054,-0.0217734,-0.61339302,1.6254672
20010722,after,0.10348367,0.88443336,-0.087268889,-1.0091853,0.44670243,-0.38022214,0.2887105,0.34413779
20010731,after,0.62369555,-0.039837586,1.249979,-0.92113047,0.76722794,-0.79392209,0.54308873,1.0198152
20010743,after,-0.67732945,-0.8309723,-0.27466645,-0.68652306,-0.21068316,-0.57699361,-0.32853062,-0.51498933
20010759,after,1.157048,2.7327061,-0.99318068,-1.0414278,1.9779115,0.17802399,-0.35866963,-0.42702902
20010791,after,-1.3804751,-0.2772922,-0.21355899,0.012122653,-1.0676961,-0.43615116,0.69120176,-0.013313437
20010794,after,-0.44172806,-0.95074023,-0.16615002,-0.63457816,0.16967187,-0.1502392,0.92036754,0.56476893
20010796,after,-0.5599265,-0.19536131,-1.8461784,0.50601269,0.43534924,0.11494297,0.61948767,-0.78220486
20010798,after,-0.84013794,0.59160539,-0.22822382,-0.69778858,0.31287722,0.22391346,-0.61619636,0.55112855
20010826,after,1.0688083,-1.1254966,0.77361941,-1.0906948,-3.5435737,-0.61822223,2.6221116,-1.3425292
20010860,after,0.52984209,0.56225638,0.29669652,0.049304162,0.1122872,-0.77936855,1.0130715,-1.0510007
20010895,after,-0.74594461,-0.47094134,0.81398059,-0.35833707,0.37455371,0.21844582,-0.10297433,-0.62890049
20010915,after,-0.71482678,0.11250668,-0.048262064,-0.075058693,-0.41508025,-0.45011821,-0.75284705,0.33119659
20010986,after,0.60699864,3.4994089,-0.12178045,-2.5580767,1.0124154,-0.024854831,-0.32474307,0.22831032
20010991,after,-0.44359074,-1.7865256,0.14276906,-0.72387919,-0.41257514,0.96666583,0.24153413,0.010004942
20010995,after,0.65070417,0.56558306,0.58361368,-1.2272797,-0.36961611,1.3427827,0.42575749,-0.37574406
20011010,after,-0.59224866,1.681786,-1.5914431,-0.83955362,1.4807259,-0.13987739,-0.070569687,-0.69210033
20011025,after,-1.078811,-0.66197637,-0.049904865,-0.2662218,-0.27921795,-0.51380536,-0.27589826,0.044897874
20011035,after,0.22994659,-0.61762367,-0.38301881,-0.80290858,-0.38199095,-1.2906932,-1.1659187,1.073492
20011044,after,-1.1228884,-0.58188122,0.21738495,-0.49271462,-0.20375283,-0.57840282,-0.48739817,0.076913082
20011077,after,-0.057508533,-0.24657715,-1.5760068,0.68722821,-0.87115925,-0.28953888,-2.4213228,-1.4591855
20011081,after,0.077433376,-0.63124854,-0.94526332,-0.37285946,-0.54879195,0.15208869,0.14882791,2.3111103
20011092,after,-0.10858943,0.33049211,0.27395647,0.3134162,-0.070577836,0.38015872,0.2487794,1.5308061
20011093,after,0.5388471,-0.25821588,-0.061671623,-0.62221491,0.829566,-1.1477233,0.61283115,-0.61800461
20011114,after,0.47406614,-0.16709236,0.2305835,-1.1380295,-0.64647403,0.43562611,-0.95607726,0.41746933
20011124,after,-0.95368259,-0.29040421,0.27595991,-0.39393401,-0.58106346,-0.21502347,-0.49492031,-0.27127806
20011130,after,-0.7554067,-0.90842967,0.59454455,-0.74761641,-0.072449966,-0.37191816,-0.35395483,0.10755424
20011154,after,-0.10341556,-0.45814676,-0.50673774,-1.2061073,0.1988814,0.49773152,0.46669062,0.60348178
20011177,after,-0.14952581,1.1800975,-0.35880725,-0.38849872,0.016318805,-0.6526565,-0.23497743,0.4901496
20011187,after,-0.96375728,-0.96592127,0.28728664,-0.77968039,0.41060345,-0.095248637,-0.45786301,-0.39455815
20020011,after,-0.41950558,-0.54877583,-0.52971926,-0.55712012,1.2694686,-0.72956576,-0.12197358,0.0046440866
20020015,after,-0.53945729,-1.5513683,-0.029075188,-0.50992125,0.20590633,0.78183058,-0.26488937,-0.57294613
20020021,after,-0.49160976,1.2704998,-1.03212,-1.1612767,-0.7114444,-1.2930867,0.0040674635,0.0077515715
20020028,after,-0.06087166,-0.98623616,-0.73787515,-0.3921301,0.1045427,-0.22192865,-0.39325019,0.95661993
20020033,after,-0.50999531,-0.3409023,-0.25278471,-0.23142511,-2.1527443,-0.44073843,1.6484281,-0.21831188
20020038,after,0.87744463,0.40927913,-0.066476591,-0.15219258,1.2945909,1.2265477,4.112891,2.0998205
20020070,after,-0.7970179,-0.1162907,-0.55754024,0.85396383,0.47461256,-0.3142991,0.91000654,1.0092675
20020077,after,-0.56258381,-0.62608463,-0.10447461,-0.40377275,-0.79986586,-0.20377786,0.19820422,-0.13845627
20020087,after,1.8285316,-1.2955337,-0.41717166,-0.5173719,-0.58385237,-0.1124916,0.97321423,-0.9340077
20020103,after,0.37200652,-1.4518282,-0.011018032,-0.63528877,1.2883468,0.04812658,-0.5131534,-1.2997408
20020125,after,-0.38447881,-0.54017399,0.96518359,-0.098885309,0.84898357,-0.67618578,0.48445485,-1.3358406
20020129,after,-0.79539433,1.0648373,-2.0877424,1.6917668,-0.52073647,-1.5784976,-0.34318765,-1.0980591
20020131,after,-0.94668262,-1.2676602,0.37398181,-0.52085313,0.17883759,-0.13889691,-0.30839991,-0.34536664
20020132,after,0.87197252,1.4228985,0.61869533,1.6374206,-0.48629343,0.48873149,-1.2532354,-0.3227088
20020135,after,1.1585753,-0.44588688,-0.27404484,-0.78970119,-0.78843062,-2.0312884,-1.7891617,0.46163395
20020148,after,-0.7684126,-1.2562353,0.22131693,-0.19638769,-0.13644166,-0.016334616,0.46596911,-0.3996788
20020159,after,-0.013035427,-0.14096188,-0.19216908,-1.9792113,-0.59684526,1.7501327,0.77873005,-0.23218238
20020164,after,0.27271615,-0.50838341,-0.63065689,-2.2042882,1.1149412,-0.034364104,1.095572,0.59856625
20020182,after,-1.1086655,2.0606851,-0.64252179,-0.94502889,0.26961449,1.0886966,-0.70674091,0.075978581
20020197,after,1.9803636,-0.14854621,-0.73247398,1.1456205,-1.0389472,-0.96107709,-0.10491889,-1.240988
20020223,after,-0.50889073,0.5508784,2.7381094,1.7129418,0.4872968,1.5445643,-0.62660996,-1.4089324
20020230,after,1.9583584,0.37073992,0.050854687,-1.8890312,-0.89982147,-0.48776443,0.085404726,-1.2940084
20020254,after,-0.22137968,-0.99115942,0.49908742,1.548009,-0.34862961,1.8637445,-0.45923661,-0.52584705
20020261,after,1.8905079,-0.94665145,0.16550749,-2.3436369,-3.5833833,-1.3466752,0.040624056,-2.1436934
20020268,after,0.3102749,-0.15914738,0.81606774,-0.31052504,1.078427,-0.70168202,-0.6982372,1.035949
20020277,after,-0.10650075,0.82486785,-1.7059344,-0.18419595,0.69781946,0.31617872,-0.95236841,0.85765697
20020321,after,-0.33043574,0.50438903,-0.71168592,-1.0037068,-0.16312886,1.2075033,-0.41836733,2.2270693
20020328,after,2.0178123,-0.63106088,0.63575951,-1.1667023,0.37278803,1.7718493,1.9369713,-0.50306326
20020335,after,1.0354691,-0.42772844,-0.44829885,-0.95992879,-0.64781511,1.1062779,0.32721447,0.2056751
20020342,after,-0.45602997,-0.21976486,-0.99262755,-1.1934707,-0.12034523,-0.48959262,-0.58594888,0.65934477
20020352,after,1.1346135,0.16983015,-2.189933,-1.7653332,-0.54745513,0.13502273,-0.49874514,3.391245
20020363,after,1.2814966,0.037276305,-0.22895766,-0.31821625,0.81946209,-0.70271549,0.45634237,-1.0672373
20020368,after,-0.28443635,-0.070287265,-1.3325054,1.0427919,-0.24829684,-0.72678764,-0.6972183,1.3226339
20020369,after,-0.6600184,0.057933627,0.05354161,0.26202588,0.82324608,-0.24623068,0.93075402,-0.54391569
20020381,after,-0.10768377,1.7527088,-0.16394708,4.3168472,-1.1054075,-1.7374977,-0.093097182,-0.3501172
20020385,after,1.3162544,-0.02762738,2.7731091,0.97031923,-0.99526649,1.8978292,0.0022931776,0.84553254
20020394,after,1.0995049,-1.2637447,-0.71584794,-1.0763501,-0.69779984,0.60156357,-0.036104211,0.27851715
20020415,after,0.93740214,1.5076498,2.9399883,1.1034328,1.3986961,1.1116635,0.18330109,0.28443556
20020423,after,0.93326675,0.16091811,-1.0507885,-0.60597734,0.60790392,1.2061677,1.9406149,-0.085261472
20020428,after,-0.60672439,0.36555422,-0.013596873,-0.12151779,1.4344794,-0.35771659,-0.32278102,1.3570304
20020429,after,0.96878715,1.7313345,-0.67077675,0.8964855,1.2446114,-1.4240396,0.95170673,-1.5385731
20020457,after,0.54633154,-0.62828498,-1.0794912,-0.24399718,-0.37925689,-0.075049399,1.0598357,-0.86738234
20020483,after,0.26385268,0.59523573,-1.7221293,-0.7857664,-1.4847158,0.54740716,2.2181366,1.8026933
20020484,after,-0.50617172,0.86377327,0.88142218,-0.0050689028,0.81651326,-2.1447518,1.0206948,0.51508708
20020490,after,-0.404323,1.029772,0.060779254,0.0060993769,0.93375698,-0.82264339,1.3350911,0.58400499
20020495,after,2.7214179,1.3676465,-1.1557188,-0.21752052,-0.73459664,-0.62770308,-1.4272141,-0.14680392
20020503,after,-0.32507764,0.31689251,-0.14117355,0.049737854,-0.13203076,-0.060533508,0.88533149,-0.33923999
20020508,after,0.91178578,-0.72510475,0.53413182,0.064622354,0.29240194,-0.50107291,0.49202589,2.1394512
20020521,after,0.81575532,2.4152752,0.41891892,-0.89311914,1.7373444,1.7517104,1.3395196,-0.55798496
20020547,after,-0.22664977,0.38603111,1.5361007,0.33151217,0.76635635,-1.0012425,-0.1430643,0.052364287
20020554,after,1.9843106,0.037519515,0.067349476,0.89321139,1.1645824,-0.34729119,-0.10229986,2.5953202
20020585,after,-0.21966206,0.6634058,0.072783541,0.62301738,0.35526166,-0.60964588,-0.18909176,-0.42249144
20020608,after,-1.7247365,0.79974737,0.18953757,-1.4963055,0.089269166,0.88571545,2.3463309,0.15903424
20020611,after,0.70485289,-0.32235976,0.034888596,-0.28639368,1.4068881,-1.1983124,-0.58925498,-0.68635284
20020613,after,-1.0979555,1.5214832,-2.9048707,1.7337969,-1.3551083,0.64966504,-1.2355592,-0.98836806
20020624,after,-0.7323825,1.8545122,-0.20589832,1.4408933,-0.38853503,-0.037209047,0.72262043,-0.39211212
20020646,after,0.6391076,-1.2241979,-1.6773761,-0.020915216,2.0081905,-0.89963294,-0.010769175,-0.47126412
20020650,after,0.070975936,0.028820131,1.8027025,-1.0128428,-0.3066198,0.01730053,0.19528673,-1.5536051
20020659,after,1.5240633,0.21383312,0.80444207,-1.1000067,1.6591215,-1.2958447,0.10840182,-2.0655102
20020688,after,0.31881319,-0.13560992,0.76010351,0.11531647,-1.3634559,-0.57566339,0.47621795,0.13130476
20020716,after,0.080456406,0.68456741,-0.41331074,0.41770344,-0.16108547,-0.50343876,-0.055541405,-0.62500598
20020717,after,0.80449945,-0.17165415,-2.8388008,2.2587648,1.6327128,0.22387171,-0.47554833,-1.143452
20020787,after,-0.58159955,0.14500563,-0.95272767,-0.20887718,1.2065279,0.55743918,-1.5041104,-1.3329814
20020803,after,1.5863654,2.6498856,0.38726645,-1.4939995,1.6620087,2.6443149,-0.22739636,-0.64646369
20020816,after,0.061325037,-0.55247419,0.72947746,0.47084069,-0.33215151,0.55963503,-0.66960644,0.11299737
20020833,after,0.68853991,4.6465215,-1.2183072,-2.6475182,2.6457719,2.5294979,0.25877907,-3.5168272
20020857,after,-0.98956158,-0.13526373,0.053269352,-0.42799626,0.15010228,-0.16460634,-0.48557514,-1.0492205
20020866,after,-0.37962131,0.32515028,0.53240515,-0.648877,0.50161554,1.3453769,0.25913338,0.2837739
20020877,after,1.0985765,-1.7047226,-0.41712469,-0.96497863,0.83219384,1.622448,0.011181311,1.6607744
20020883,after,0.94818752,1.4238683,-0.069114392,-1.1988157,-1.1210958,2.3520339,1.4133898,1.5142771
20020891,after,-0.26627917,0.085393479,0.81105337,-0.86477741,-0.019581616,1.8734791,0.73464039,-1.1207642
20020896,after,0.056447184,1.5341425,-0.13065964,-1.3158553,1.7120448,3.9693756,1.7149506,-1.0474028
20020906,after,-0.60890287,0.87593866,0.13117626,-0.95634758,0.25257939,-0.24227724,-0.19769212,-0.24297775
20020915,after,-0.59225009,-0.043998029,0.37973161,1.802381,-0.6533393,-0.4454208,-0.68149666,0.28936248
20020916,after,-0.1995561,0.29891107,0.35163805,-0.73294957,0.46645939,-0.27662417,-1.1972622,1.1126992
20020917,after,-2.1996997,0.73237472,-1.0652596,1.662146,-1.3335649,0.28226091,1.6985686,0.12470216
20020927,after,-0.95477449,0.10897029,0.14893451,-1.1552492,-0.19595068,-0.25183127,-1.1735217,-0.55933036
20020930,after,0.92245206,0.18154358,-0.70014276,-0.8163625,0.84774572,-0.38378127,1.1388438,0.5815585
20020940,after,2.1318776,1.9124598,-1.086094,-1.6552363,0.98615704,-2.4037104,0.88744147,-0.053970041
20020954,after,-1.0909817,-0.66431235,0.27303109,0.10290921,-0.32966085,1.3800042,-0.64654665,-0.67328293
20020976,after,-0.66730961,-0.94397053,0.43743181,-0.18364603,0.033744834,-0.5351351,0.0010807465,-0.17664005
20020985,after,1.0329896,0.25862545,0.67857307,3.4704297,0.25411329,1.272933,-1.1633049,-0.57164556
20020991,after,0.94969996,0.54261021,0.72599112,3.4440534,0.0574873,0.81752885,-1.7176669,-0.46759894
20020996,after,-0.71997342,0.22854684,-0.93277204,0.27081503,1.2826249,0.69365895,-0.41099301,0.95954309
20021005,after,0.31234968,-0.047858783,-1.0027845,-0.67867401,-0.4569933,0.230453,0.47825988,-0.92811459
20021017,after,-0.95136971,0.33962473,0.61998775,0.94776042,-0.7163764,-0.087720109,-0.42283847,-0.22678666
20021019,after,0.1539246,1.2591993,-0.58855119,-0.56492352,-1.7632201,-0.44937977,-1.1938713,0.01902938
20021029,after,-0.99321397,1.2424146,-0.47211788,-1.49263,-0.047154018,-0.026158529,0.081368878,-0.55667721
20021032,after,-0.54411063,-0.71588662,-0.34944464,0.26278388,-0.13017787,0.089927087,-0.68238639,-1.5245313
20021039,after,-1.172512,-0.12527883,0.2893782,-0.77000169,-0.078974805,-0.39242005,1.1163947,0.57612154
20021049,after,0.27226944,-1.3560209,-0.13685515,-0.34966824,1.5498681,-0.62115924,0.96323996,-0.26246277
20021087,after,0.41652166,-0.67237557,0.50646532,-0.88490145,-1.1445203,-0.41180891,-0.20861242,-1.5116569
20021093,after,-0.95914452,-1.3099648,0.77809549,-0.29062,-0.074922914,0.54270239,-0.40933017,-0.46612668
20021097,after,-0.57279064,-0.60652909,0.41285714,-0.58666259,0.32769875,-0.84264034,-1.1365123,-0.06840416
20021107,after,0.63863673,-0.26821251,-0.83008668,-0.80529402,1.1498369,1.159097,0.74934274,-1.0255798
20021115,after,-1.3765435,0.32604341,-0.83276344,-0.74731694,-0.76635801,-0.11440872,-0.56233405,-0.87179714
20021129,after,0.19426816,0.63202674,-0.26185477,-1.3361769,0.61757081,0.092099647,-0.86306293,-0.00035571053
20021138,after,-0.89129881,0.018598326,0.14447897,0.012680079,-0.13751345,-0.43297307,-0.83641997,-0.30090709
20030016,after,0.15586651,-1.4447674,-1.8788329,0.63881447,0.65012487,-0.53500363,-1.1792816,3.2521768
20030029,after,-0.8445376,-0.77343208,-1.608331,-0.47854396,0.13685292,0.067844186,0.89166127,2.2524425
20030030,after,-1.0891838,-1.2921581,0.64062544,-0.083506884,-0.51630731,1.0807223,-0.74937704,-0.56065565
20030035,after,-1.4858177,-0.1673623,-1.2321784,0.55342842,0.43400875,-0.9591268,0.60253327,-0.17699193
20030044,after,0.27217622,1.3826321,0.032842932,-2.3283963,-0.78833737,0.15384089,-1.1938119,-0.28473838
20030046,after,3.2058467,-1.0298921,-3.5394298,1.11667,1.4891143,3.2826213,1.0495195,2.3450604
20030057,after,-0.94410411,1.0282699,0.10971898,0.64194812,-0.064980792,-1.4881671,0.91093898,-0.12540854
20030063,after,3.146988,-0.33690975,-0.306743,-1.6397087,-0.52035464,-1.5155413,-0.40250451,-2.2247433
20030076,after,0.2984023,-0.79548193,-0.36845822,-0.29152151,-0.057122521,0.20543408,0.25543543,-0.022275354
20030086,after,-1.281019,0.81109639,-0.20397692,0.70768177,-0.4946674,-1.0017387,0.5606943,-0.66475844
20030090,after,0.7711812,-0.039738194,0.89356379,-0.21675519,-0.50662272,-1.2512866,-0.59941015,-0.49529992
20030099,after,2.8217343,-1.1230943,-2.537534,-0.70635287,-1.7183634,-0.67708067,1.4990372,0.79520269
20030110,after,0.47525031,-0.01295257,-0.91179006,-0.3299367,0.094392972,-1.8670872,0.18999095,-0.81377695
20030118,after,-1.4374294,-0.12659614,-0.6296374,0.090912091,-0.39428063,-0.13018026,0.27774327,-1.1592892
20030124,after,-0.4466429,-1.2845457,0.041566267,-0.70035381,0.49209518,-0.47436985,-0.55714229,-0.66267719
20030170,after,-0.13388381,0.2364083,-1.5352768,0.41038242,-0.29216468,-0.89143661,0.014789089,0.57906852
20030219,after,1.0617924,-0.5522387,-0.62232962,-0.15846537,0.97826831,-0.30586132,-1.4455338,-0.47705149
20030228,after,0.68938944,-1.2119011,-1.4948097,0.48019359,0.10659765,0.24280284,-2.1752288,-0.89107898
20030230,after,-1.4805429,0.77368089,0.46080048,-0.0073363705,-1.8100077,0.60398653,1.4587133,0.08266875
20030246,after,-0.22506732,-1.0550476,0.19339395,-0.69259488,-0.12212068,-0.060540265,0.58814518,-1.2490761
20030262,after,-0.10096997,-0.23989606,1.2285763,1.4920408,0.044457669,-0.0062895307,-0.13178612,0.30057774
20030267,after,-0.61322239,0.18628001,0.38856446,0.81554279,-0.36715551,-1.6332691,1.2859037,0.28591986
20030319,after,0.65598297,-0.72176388,-0.0088212929,-1.0319974,0.68012475,0.11195575,-0.18476028,-1.0493072
20030338,after,0.22261904,-0.77386737,-0.086276063,0.39401578,0.13289893,-0.023134379,0.063470657,-1.0807267
20030355,after,0.081956422,0.38341871,0.069981732,-0.68366827,0.053065089,-0.22813926,0.17543097,-0.029206929
20030369,after,2.5906121,-3.4774173,-0.35505482,-0.50018512,0.10430817,2.5167565,-3.415213,-1.8509359
20030388,after,0.38374691,-1.0563922,-0.22172065,-0.85927697,-0.8902261,-1.2680535,-0.18848271,-0.87190309
20030392,after,0.23372888,0.053111178,-0.18649803,1.8443961,-0.9171514,0.11943465,-1.5285846,0.30463205
20030396,after,-0.49940736,0.28029677,0.25773088,-0.47211893,-0.30454578,-0.19271894,1.3054848,0.25857698
20030426,after,-0.21379475,-0.54847466,0.75517503,0.9319176,0.16550442,-0.52086166,0.54093016,0.28905407
20030427,after,2.1673544,1.0842158,0.063510623,2.6942392,-0.10430692,-0.98879335,-0.48563884,0.60747229
20030452,after,-1.2431082,-0.19231389,-1.2327854,-1.2664197,0.9354438,0.59662729,-0.49389433,2.1050317
20030456,after,-0.75314162,0.21913433,-0.19471485,-0.053745949,0.41533578,-0.28673389,-1.2445753,0.81399895
20030464,after,-0.98198885,0.54910496,-1.1779707,-0.063306242,0.47578597,-0.45116596,-0.16581846,0.69664887
20030472,after,0.18414504,0.46258957,-0.11412961,0.90100282,-1.2591933,0.15278219,0.058893769,-0.40651184
20030478,after,0.98262946,-1.3768103,-1.6986612,3.06185,-0.83520394,2.147164,-0.455191,-0.6333119
20030486,after,-0.3383536,0.93599213,0.23289535,-0.21641529,-0.23557423,-0.47464124,-0.77132495,0.084736607
20030509,after,0.61722849,-1.3130756,0.55444262,0.74947298,-0.60296261,0.98878125,0.72110627,-0.39605704
20030513,after,-1.06123,-0.23629303,0.90045685,-0.82557454,-0.30189307,0.45883584,-0.25590113,0.34771234
20030521,after,-0.051972316,2.3591755,0.22169179,-2.337304,0.2558748,1.8878549,-3.6505259,0.27018293
20030527,after,-0.84564689,-0.63335501,0.54684879,-0.29452057,-0.59313191,0.23929885,-0.3407797,0.34653675
20030546,after,0.18661602,-0.39694982,-1.0865159,-0.1597894,0.34631183,-0.36025476,-1.9068634,1.2287874
20030552,after,-0.068985537,-0.38269945,0.58708181,-0.80723282,-0.37456005,-0.3571027,0.41941385,-1.0351784
20030573,after,1.408479,-0.015246845,-0.71101959,-0.52637679,-0.24649032,-0.99161695,0.069902125,0.381905
20030575,after,-1.0389876,0.7262237,-0.15832835,-0.21260006,-0.58086458,-0.052094157,0.5105987,0.70112665
20030577,after,0.24706921,-0.52771484,-1.3045538,0.1422982,1.0888431,0.52337893,-1.9861338,1.645998
20030600,after,-0.78292471,-0.63366854,-0.19073245,0.28013841,-0.16002617,-0.356148,-0.086379291,0.62068521
20030625,after,-0.11424966,-0.032328924,0.21887496,-0.91930897,-0.69955783,0.58950999,0.66079541,1.4768896
20030629,after,0.77344581,0.044382877,-0.31938501,-1.3950941,-0.11327162,1.4759446,-0.29146212,-0.47293217
20030653,after,0.069137373,-0.90618069,-1.5810695,0.45428321,0.86663607,0.54498011,-0.42142738,0.59927064
20030665,after,-0.43785559,0.38552478,2.0595059,0.49225443,0.60976421,-0.42214806,0.091168783,0.85935498
20030685,after,1.2137129,2.2567803,-0.21265149,0.28350415,-1.1767221,0.83394697,-0.98866729,0.81668795
20030707,after,-0.0020070784,-1.2196573,0.021778714,-1.3531669,-0.12171785,2.3416458,1.1754532,-1.3229029
20030716,after,0.21097315,-1.0326817,-0.89539818,-1.387803,-1.2967892,-0.1141828,2.2230722,1.5583743
20030727,after,-0.42504906,0.76043617,-1.9271381,2.4940789,-0.81345828,0.087383435,0.32703343,-0.18273335
20030729,after,-1.0916958,1.2989649,0.33283539,-0.18732888,0.63819224,-1.3041618,0.69007319,-0.47988038
20030750,after,0.10894775,0.22526559,-0.14933919,0.067655491,0.28552877,-1.0345783,-0.63970292,-0.70470415
20030762,after,-0.21980259,1.1639088,-0.11149492,1.0204381,1.2544406,0.23002264,0.98723606,-0.61148208
20030796,after,-1.1255405,-0.71827728,0.033648793,-0.45482375,-0.4402205,-0.5454626,-0.67995939,-0.18429075
20030799,after,0.43156949,-0.53660193,-0.71693496,-0.22718676,-0.460174,-1.3032451,-0.47498705,0.11796888
20030838,after,0.87617422,0.33315826,-0.82214847,-0.57169672,1.6493954,-0.24621859,0.18075453,-1.8742081
20030853,after,0.34992808,-0.55828888,1.5392817,0.57539101,0.82535171,-0.50484008,-0.2494077,0.4689465
20030870,after,-0.53064569,-0.20072692,-1.7160202,0.56289236,3.1791764,0.96439134,0.80073461,0.74845125
20030893,after,0.00085101453,-1.9203166,1.6984336,-0.22217626,0.92652418,2.5005966,-0.03979863,0.86670567
20030910,after,-0.85091415,0.08655103,-0.44155313,1.092444,-0.42729937,0.87180258,-0.21857073,-0.48663933
20030921,after,-0.86433056,0.0036481857,0.15921864,0.58401125,-0.7320764,0.17426526,0.022490136,-0.30580304
20030923,after,0.48258003,0.6893894,-0.69082793,1.1872391,-1.3944905,-0.22859464,0.018361979,-1.1727143
20030928,after,1.8829347,-0.018496159,0.79222773,3.0764192,-0.52622976,2.8222799,-0.43211842,1.3576639
20030936,after,2.9022774,1.2174486,2.8429927,2.7490655,2.0984751,2.1184107,-1.4029926,-1.7192379
20030940,after,0.90375134,1.1818777,2.7042274,0.2764966,-0.99789901,-1.1833658,1.1691731,0.27158076
20030976,after,0.032720351,-0.99315729,-0.49776392,-0.77155552,0.11108763,-0.29825167,0.36470318,-0.096797636
20031023,after,-0.99958495,0.75350574,0.093990818,-0.44905543,1.4816994,-0.87475949,0.94606763,1.2783465
20031043,after,-0.3712504,0.33165935,-0.23444699,-0.0076644739,-0.65395171,-0.37271419,-0.026478283,-0.31286989
20031065,after,0.90061314,0.35980181,0.71809043,-1.4760958,-2.7401188,-0.27613826,-0.67038974,-0.85970869
20031066,after,-1.1092037,-1.0699986,0.91376806,-0.63406823,-0.13516819,0.56648243,-0.47312896,0.27222131
20031077,after,2.9326579,-1.3944251,-0.071679332,0.15390111,-1.2982991,1.3905211,-6.5221181,-0.93323173
20031079,after,-1.0753129,-0.50843205,-0.34381584,0.61341857,-0.92936306,0.96178955,-0.29864637,-0.37756858
20031082,after,-0.033947916,-0.99826116,-1.0039632,-0.30279525,1.1853829,-1.1174508,-0.35835674,0.27264739
20031091,after,-1.008044,0.073812691,-0.54240298,0.47008765,-0.89878636,-0.0080007042,0.029710514,-0.38954133
20031096,after,1.2261745,1.1151855,0.88170369,0.52473472,2.3039931,0.51151135,1.5913104,-1.1652417
20031101,after,-0.21213274,0.45385439,-0.16707298,0.71706589,-0.37388989,-0.34225183,-0.73689967,0.085923858
20031107,after,-0.41967441,0.058663049,0.31389023,-0.12639484,-0.52768359,-0.24866288,0.086088947,-0.34804939
20031115,after,-0.032122607,-0.016361289,-0.33678027,0.135991,-0.060323347,-1.2358486,-0.13761022,-0.4295219
20031122,after,0.006986753,0.24923094,-1.1302557,-0.044245135,1.0202207,-1.5621974,0.13257375,-0.2591719
20031138,after,-0.94324389,-0.21769845,-0.030355487,-0.93540397,-0.06729938,-0.66643914,-0.87792872,-0.40298391
20031140,after,-1.2382641,1.0518377,0.021187257,0.13484006,-0.3436612,-0.040050073,0.32904876,-1.2842651
20031149,after,0.0090104782,-0.18297509,1.4021884,-1.0472734,-1.1813706,-0.26518515,0.46956205,0.31648652
20031157,after,0.21056466,0.39959174,1.0503224,-0.52485434,0.47564635,0.67180988,0.47641374,-0.36598506
20031170,after,-0.9904376,-0.8689561,0.018107377,-0.72687979,0.84266903,0.79792766,-1.6955166,-0.36691587
20031173,after,1.8037277,-0.17135927,-2.6367771,-3.2412763,2.1846637,2.4701881,1.1374415,0.77922417
20031189,after,0.89457242,1.8341043,0.98035702,-1.3826673,0.55498108,1.2234325,-0.18650505,-1.1267602
20040002,after,0.12422671,-0.65465621,0.76599675,0.61894796,-0.15249121,-0.42140268,0.87227168,1.3875835
20040003,after,-0.37629364,-1.3519341,0.55357979,0.015987213,0.068144219,-0.1426665,-0.45129038,-0.62768714
20040020,after,-0.2488288,1.5262574,-0.72860185,-0.7364458,0.62687125,0.60508385,-0.1319882,-0.4683933
20040054,after,0.7893981,0.63785381,1.5248571,0.20970449,0.36472882,0.92684754,-2.4432529,1.156385
20040067,after,-0.65296993,0.26842693,0.13551553,-0.82920787,-0.14795853,0.03084374,-0.86389586,0.35540654
20040071,after,0.031461182,-0.93726853,-0.0651785,-0.14289778,0.60736264,-0.99489866,-0.7628705,-0.83216159
20040075,after,0.0071751216,-0.77411134,0.91790257,-0.87687192,-0.092987074,-0.62447062,0.18459787,-0.4507695
20040090,after,-0.48163975,-0.67601775,0.96679553,0.061250236,-0.027043939,0.54500662,-0.11355633,-0.52609544
20040100,after,1.5563293,-2.0158048,1.4085954,1.3821292,0.89020114,-0.05003172,0.89872447,0.34922772
20040105,after,0.27567642,-0.61604296,0.32168874,-0.96027855,0.13644447,-1.1713387,-0.79950506,0.66211286
20040137,after,-0.043689305,-0.74009582,-0.27163802,-1.536976,-1.3246916,-0.47688605,0.39424907,0.92328008
20040144,after,-0.37355751,-0.61115847,0.50010214,-0.57679972,1.1378926,-0.062809729,0.19216029,-1.6637137
20040153,after,0.3380791,-0.15557085,0.95141862,2.2400792,-1.9249775,-0.82158291,0.16779711,1.6174713
20040159,after,-0.061856058,-1.2510318,0.033467881,-0.91515423,0.028168577,-0.88934474,-0.77560794,-0.037846905
20040167,after,1.3100615,-2.071459,-3.4923174,-0.84741365,3.2635913,1.2545012,-0.52378592,3.4223561
20040199,after,-0.86927057,-0.66709646,-0.073191634,-0.62923476,0.067869012,-0.36407278,-0.65153945,0.14368792
20040201,after,-0.40813727,-1.2868225,0.13910703,-0.57918432,0.51711727,-0.31930366,-0.27855843,-0.48118735
20040205,after,-1.0923649,0.55220858,0.39195259,-0.19010753,0.73454619,1.5318629,1.482533,0.76240669
20040217,after,0.44528556,-1.2620484,-1.5251517,0.61924409,-0.01217178,-0.54069282,0.37623772,2.5418376
20040230,after,-0.96754293,0.14625551,-0.44636134,-0.53312793,-0.10530717,0.14822235,-0.096641089,0.28983755
20040235,after,-1.0862323,-0.1335356,0.79896958,-0.037859975,-0.13925568,-1.0648239,0.64065818,0.35183845
20040242,after,-1.1818613,-1.0298639,0.21740914,-0.74759475,-0.22836907,-0.78418164,-0.11772594,0.093829897
20040248,after,-0.43837477,0.22309737,0.49512876,-1.2417929,0.43677506,0.91185984,-1.3781432,-1.5410685
20040263,after,-0.43254046,-1.3608455,2.1484738,-0.51327897,0.12704687,2.3619143,0.30859747,0.045525087
20040307,after,0.12597399,0.34854792,-0.2750549,0.19273664,1.2616407,-1.3792028,0.61848826,-0.54062128
20040347,after,3.5034693,-1.3731771,1.1583359,-0.66582966,-4.3576573,-0.10819854,1.2793767,-0.94587288
20040366,after,-0.78834788,0.83362293,0.40229292,-0.15215177,1.0506794,-1.053705,-0.23668484,0.60395291
20040372,after,0.16169808,-0.061414446,0.52292503,1.7820671,0.1178685,-0.56318805,0.33249181,-0.0075408729
20040382,after,0.097509072,-1.2050506,0.76049316,0.16971228,0.64811345,0.39994165,-0.38382681,0.07264097
20040393,after,0.61916244,0.0030765926,-0.075209544,4.7024968,-1.8424241,0.16006451,-0.016951963,1.4720061
20040394,after,0.99421215,-1.1183231,0.23974918,-0.067538178,-0.66179549,0.48252667,2.1089758,0.25461002
20040443,after,-0.22424835,-0.09556567,1.3920423,1.4121525,0.0750437,-1.4909198,0.95639985,1.0086122
20040456,after,-1.0284757,-0.23921073,0.16694911,-1.2889292,-0.67177795,0.18611138,1.2697276,1.6608043
20040458,after,-0.0076437325,-1.7611737,0.038607797,-0.98994909,-0.23849385,1.3067433,1.0570149,0.84568943
20040463,after,-1.1266239,-0.086225622,-0.38748165,0.57567009,0.011876566,0.17284752,0.39959816,-0.41725076
20040471,after,-0.21372474,0.76286831,0.8648366,-0.59133444,-0.091315976,1.24776,0.17071812,-0.39579871
20040485,after,-0.028117731,-0.57168336,0.32029016,-0.63702445,-0.43903692,-0.85946997,-0.18929351,0.46549997
20040498,after,-0.60563661,-0.01268896,1.2105923,-0.9294519,-1.3991122,0.37879473,1.4772952,-0.99276352
20040499,after,-0.39826849,0.16788174,0.79092923,-0.51142104,0.015433299,-0.19994074,-0.71430138,0.036304289
20040516,after,-0.58843058,1.0412303,0.037777272,0.2064561,0.63562034,3.2433594,-2.8151938,0.8477539
20040526,after,0.73535687,2.0057351,1.3936605,-0.33091753,1.7319568,-0.28300099,0.4890449,0.26645208
20040533,after,-0.83723384,0.24555031,0.20168414,-0.91997373,-0.10616421,-0.48031771,-0.4862767,-0.68763431
20040557,after,-0.031927644,0.94534169,-1.5714506,1.6863916,-1.4234986,0.7405322,0.082868594,-0.54644625
20040565,after,0.03105812,1.5425271,-1.4017423,-0.60375495,-2.9779694,-0.73061066,2.3871726,-0.030819638
20040611,after,0.13432213,0.96617301,1.9081951,2.2166829,0.59823548,-2.3503325,0.79058485,0.41732676
20040614,after,1.3814286,1.2982249,2.0771104,-1.0685739,-1.2452033,-1.0222476,-0.14054124,0.12283542
20040615,after,0.49738012,1.2893167,0.42871588,1.3308037,0.68418303,-1.3988253,-0.062736223,-0.69856502
20040684,after,-0.62145683,-0.32489407,-0.083270267,-0.87707049,-0.14327915,-0.40053841,-0.93059566,-0.23348546
20040697,after,-0.62914585,0.69755248,0.87221129,1.1542808,-0.56846815,2.3960499,-0.45216128,0.37670024
20040703,after,1.2423703,2.2345741,0.93318387,0.66885783,0.802,0.49934042,-0.21421106,-0.39049925
20040715,after,2.0014384,-1.3920721,-0.22581228,0.60155792,-0.13819817,3.3753925,0.22201774,-1.4671523
20040767,after,-0.3334528,-0.082047758,0.39858368,0.78041608,0.78679048,-0.014589052,0.069745441,0.4820474
20040777,after,-0.63348727,2.3096476,-2.1062349,0.90216127,-1.221325,-0.63917263,0.54259654,-0.26349755
20040785,after,0.25779491,0.22782462,0.94619135,-0.087573801,0.39359733,-0.44763674,-0.35148182,0.4319866
20040786,after,-0.4684138,-0.11761317,0.61773311,-0.24947498,-0.084707533,0.44729824,0.50058857,-0.13605838
20040792,after,0.14459101,-0.15489535,-1.9918142,0.96144324,-0.52276084,-0.19956273,0.83900874,0.41554822
20040795,after,-1.034201,-0.5821114,0.37250519,-0.037484888,-0.28407951,0.15829512,-0.31311119,-0.13810498
20040800,after,0.22860763,-1.4613414,-0.756608,0.11517223,0.0585745,1.073549,0.99908463,1.0445725
20040832,after,-1.1466347,1.4955308,-0.13060454,1.7027151,-0.070320832,-0.49226288,1.5000139,-1.4407528
20040843,after,0.77898723,-1.1559025,-1.0645237,-0.35465975,-0.10907647,0.80910801,0.3525579,0.8915032
20040846,after,0.65277328,-0.24790804,1.0298519,0.68075734,-0.87993918,0.55274139,-1.9238729,0.2301302
20040855,after,-1.4842264,2.0972582,-1.8833315,-0.55240655,-1.7448905,2.5382387,-1.3006575,-1.9137696
20040888,after,0.16892063,-0.11736105,-2.4046103,0.22924654,0.037904883,1.0496332,-1.5459765,1.5962814
20040920,after,-1.4129368,1.0845268,0.099597203,-0.21836494,0.93471438,0.92224002,1.404182,-1.8637401
20040932,after,1.9198806,-0.39512803,0.20362745,-0.57946831,-2.7929925,0.26384766,-0.1699198,-1.4395069
20040937,after,0.25626933,0.52768045,-0.87830328,0.12195315,1.6979617,-3.0390941,1.7292756,-0.40289396
20040950,after,0.88676586,0.87235667,-0.79739338,-0.8863631,1.7750683,-0.12789214,1.0256913,-0.90907179
20040957,after,-0.24168029,-0.096158996,0.055906167,-0.14175054,0.1498758,0.11690653,-0.27005123,0.43597594
20040980,after,-0.71912595,-0.13122361,-0.49470981,-0.55848274,-0.34697477,-0.28054525,-0.41630751,0.79884957
20040984,after,1.7063745,-1.3870423,-2.3938888,0.94464037,0.81694696,0.23800446,-1.9080947,1.2826933
20040988,after,1.0989124,0.29794292,-0.85952779,-0.0046112087,-0.79174791,-0.56336208,-3.9545149,0.92735746
20040991,after,-0.547054,-0.456374,0.11805781,0.18700524,0.20346932,-0.76225627,0.44630276,0.7780395
20041006,after,0.87908596,0.31937153,-0.77821408,0.62166447,0.92722726,-0.50030879,-0.29421769,0.15812259
20041017,after,-0.34673362,0.51174566,0.45294567,0.73416158,-0.79782488,1.2501628,0.31062731,-0.86218668
20041025,after,2.3785882,0.74034708,0.6939466,-0.032244543,-0.063429986,-0.33884504,0.95923112,0.73510772
20041031,after,-0.94944292,-0.19764661,-0.55805508,0.025485654,-0.86131322,-0.47051085,-0.80582391,1.1722654
20041036,after,0.34826834,-0.36052485,0.44508312,-0.11726565,-0.29176971,-0.040709344,-0.70172681,0.70924882
20041070,after,-0.98282292,-0.60634781,0.50986694,0.29905917,0.12050864,0.55150899,0.01105974,-0.28506298
20041079,after,-0.88867051,-1.3842728,0.97268454,0.038839938,0.16140773,0.66084698,-0.35080945,-0.0046482692
20041087,after,0.93137526,-1.4859058,1.2087249,0.65248001,1.1285109,-0.33855266,0.33764863,-1.4739352
20041091,after,-1.7855709,2.5675474,-0.57388283,-1.7996544,-1.1037105,1.7771446,-1.5358402,-0.26496889
20041106,after,-0.087359612,-0.38729183,0.24327333,-0.057941293,-0.20593425,-0.18266259,-0.51470984,0.019679655
20041117,after,-0.5392719,-0.1401124,0.75616609,-0.9781477,-0.42829429,0.02254093,-0.70160031,-0.045690652
20041118,after,-0.7705884,-1.1539077,0.93656398,0.33112668,-0.36494461,0.77718828,-0.33100251,0.12461056
20041126,after,0.13791814,-0.71063085,0.062478094,0.26736396,0.097558071,0.025153126,-0.44508275,-0.96975223
20041128,after,-0.68841734,0.02674037,0.94679199,-0.072221089,-0.12132043,-0.30560582,-0.24043544,-0.8501259
20041132,after,0.9720556,0.47770006,1.404613,-0.4996505,-0.72175392,-1.1161229,0.32281407,-0.34849658
20041143,after,-0.50957197,1.4008775,0.73870559,0.66777958,0.25478879,-0.72975388,0.35085039,0.092351795
20050002,after,-0.56760307,0.88092223,-0.26151222,1.7155167,-0.81306837,-0.31690701,0.44998223,0.93309155
20050007,after,-1.2840351,-1.2307817,0.74451047,-0.77081262,-0.14421982,-0.21060935,-0.24550811,0.2807783
20050033,after,-0.77217732,-1.9002286,0.47585863,-0.55948194,-0.70980694,1.1285896,0.45805731,-0.51362597
20050036,after,-1.2498847,0.42720677,-0.38477095,0.56957442,-0.18434666,0.98566991,0.37484681,-1.3000773
20050057,after,0.0030166116,-1.6161412,1.1230182,0.49179996,1.0699365,-0.24670093,0.090137496,-0.69911406
20050074,after,0.50847047,0.20853125,-1.3806489,0.88384723,-1.94566,0.11618795,-1.439911,-1.2908946
20050084,after,-0.5454182,0.53818126,1.9730731,-0.81660233,0.22881105,0.024227637,-2.566289,0.011297362
20050095,after,3.0351627,1.1309335,-1.4850895,-0.34351361,2.0313134,-0.69084581,1.7847906,-1.4687351
20050132,after,-0.97272363,-1.0687231,-0.084179137,-0.56349286,0.5576829,-0.31994849,-0.84866688,0.44879509
20050139,after,-0.70152354,-0.10088242,0.23109572,0.27474249,0.30488001,-0.87729141,-1.1186252,-0.11154105
20050144,after,-1.0404431,-1.0766147,0.33866082,-0.38929374,-0.058072656,-0.66404978,-0.06016641,-0.25450195
20050155,after,-0.14548423,-1.5836612,0.77084269,-0.54323138,0.911546,-0.34867143,-0.69043138,-0.77252177
20050161,after,-0.6794807,-0.65363724,0.051964141,-0.50966854,-0.24875854,-0.72409061,-0.57465511,-0.13512366
20050162,after,-0.46595315,0.14225378,-1.2710146,1.250215,-0.28263993,-1.2672021,-0.61643764,-0.99003192
20050169,after,-0.95644915,-0.95155762,0.39532231,-0.28029623,0.5183421,0.071521152,0.28705071,-0.3969463
20050203,after,-1.0192901,-0.56873496,0.10074373,-0.30779662,-0.30656016,-0.14348953,-0.37381812,-0.68662975
20050206,after,-0.99007784,0.71606954,-0.96470414,1.9327076,-0.4610806,-1.188044,0.47368316,0.18500789
20050217,after,-0.20594525,0.93355401,-0.10169398,3.0310704,-0.71635216,1.0866806,-0.056203424,0.21130459
20050222,after,0.53908119,0.47699852,-0.19109106,-0.35619422,0.29078507,-0.84436016,0.16562141,0.14036171
20050230,after,0.85555962,-1.2938218,-0.97402797,-0.71750348,-0.78243012,-0.90525629,1.3169786,-0.091007243
20050239,after,-0.0063556315,-1.2706425,0.018747269,-0.11384607,0.76268746,-0.68174994,0.11149134,-1.2082015
20050246,after,-0.65860433,-0.45588552,-0.17989939,0.0060122987,0.15341643,-0.44947021,0.67946946,1.4679062
20050256,after,2.6096802,-1.5043734,-1.29823,-1.0834191,0.19358794,-0.4983352,-0.31123917,0.97910339
20050264,after,-1.0210496,-1.0889557,1.1664789,0.20506765,0.46325822,1.1397509,0.72665129,0.23640937
20050276,after,-0.045684361,-0.43517611,-1.4382002,0.34850328,-0.48270748,-0.68571607,-1.4333686,-1.8795646
20050282,after,0.4026096,-0.54692171,-0.71337478,-0.1102443,2.0871838,2.5092542,1.87103,0.17602693
20050290,after,2.3262346,0.54071521,1.813114,0.98330381,0.082751714,0.64069279,-0.68456082,2.2367275
20050309,after,0.00083590859,0.076640561,-0.26473777,0.10539747,0.060804001,-0.57912692,-0.34264951,-0.68493
20050312,after,0.098181499,0.24840361,-0.16369448,-0.59027637,-0.7651982,0.68662204,-1.1261294,0.26235904
20050317,after,-0.37292556,-0.87856521,1.4407904,0.14379161,0.39277159,0.47339332,-0.43119344,0.65322393
20050326,after,0.63452568,-1.5844203,1.3394797,3.2216213,-1.9633572,-0.40406467,1.17167,1.3465806
20050336,after,1.8123149,1.3535068,0.45570589,-0.76047981,-1.1958016,-0.96835255,-1.2569042,-1.7104214
20050346,after,0.83157158,-1.6189693,-1.5939863,-0.20140256,0.36043929,-0.37790297,-1.5689278,3.2035745
20050361,after,-0.25089368,0.61535571,0.014187879,0.57668202,0.24435489,-0.35314436,0.53313449,0.26732099
20050383,after,-0.59601674,-0.99456226,1.0683006,0.57432283,0.1632274,-0.39255979,0.12856586,0.80391941
20050389,after,-0.63563923,0.00728809,0.0090476072,-0.78889419,-0.18239975,-1.1126968,-0.91047168,1.0789392
20050400,after,-0.2312012,-0.058532156,-0.8278868,0.42692562,1.2154235,0.32962572,0.40089625,-0.3599172
20050420,after,-0.82553995,-0.021172785,-1.054597,-0.20878017,0.57974378,1.8029968,0.86237973,-1.656562
20050427,after,-0.21348042,-0.49328433,-0.73297096,0.37003727,0.1772795,1.0408336,1.201779,-0.16250134
20050462,after,-0.66557345,3.0322897,-0.33598659,-1.7233526,-0.69115144,0.56966777,-0.79228668,-1.1519222
20050466,after,-0.22119664,0.84355162,0.036476194,0.90821011,1.2264378,-0.17699139,-0.033706774,-1.1875912
20050471,after,0.29542257,0.15569836,0.15609215,-0.42381435,0.075688375,1.3953707,-0.45477793,0.33945865
20050485,after,-0.83964308,0.33776484,0.10318866,0.19273611,-0.32156173,0.8516152,-0.22518614,-0.1280918
20050489,after,2.44267,-0.28077756,-0.4838185,1.7380257,-1.1006137,-0.39393271,-0.82176449,1.2612757
20050496,after,-0.40182145,0.2457353,-0.17534706,1.5285059,0.25546212,0.64884526,-0.81069873,-0.28667009
20050497,after,0.79010418,0.91376993,-0.20472419,0.12008587,0.055503816,0.12187736,0.99422425,1.1614233
20050502,after,0.03666373,1.3582453,-1.0236808,1.392349,-1.6507587,-0.24686295,-0.58630252,0.14572941
20050516,after,0.26193612,-0.14342946,-0.13387969,0.79263503,-0.39917214,-0.73774184,0.42811385,-0.13286269
20050523,after,1.8530932,3.478029,2.0758247,0.76428768,-0.627948,-2.1688972,0.59596016,0.91188612
20050533,after,-1.3483663,0.094706553,0.93827687,-0.53645516,-0.037623277,0.54991384,-0.080093053,1.3676278
20050541,after,-0.60225879,0.2453848,1.4008875,1.8339224,-0.74072645,-0.32759848,-0.20834723,0.076262284
20050550,after,0.23187505,1.2304093,1.4545004,-0.20200862,0.064982355,-1.4439169,0.16774172,-0.42355326
20050558,after,1.7978053,0.56394875,-1.077674,-0.78096191,1.2496502,0.77864535,-0.97677917,1.077514
20050562,after,-0.43945275,1.3763707,-0.027063233,1.0143426,-0.70112307,1.1138822,-1.3658732,0.26024058
20050564,after,0.028866014,1.4695293,0.44175059,0.67992118,-0.52154889,-0.41674321,1.1158258,-1.227679
20050590,after,-0.91092993,-0.57891554,-0.31837932,0.39922744,-0.27534993,-0.73653259,1.3744294,0.70128513
20050596,after,-0.54500782,0.85012001,0.42505285,-0.29774764,0.13621937,0.082816316,1.0752513,-0.30424856
20050618,after,-0.0077726231,-0.53817189,-0.61707479,-0.47404822,-1.2107287,0.41917198,0.035242532,-1.106485
20050636,after,0.74002137,0.82242424,0.028862526,0.90107171,-1.3651694,-0.34314615,-0.53922088,0.52817203
20050665,after,4.0546255,4.1887498,-1.1274481,-0.70474903,-0.38769304,-2.5133976,0.74353161,-1.5397956
20050672,after,-0.56432466,-0.94278598,-0.19116847,-0.3757382,-0.60756945,-0.096897731,0.093532146,0.57686106
20050694,after,0.46378473,0.24146835,-0.76204039,0.80533776,0.080721331,-1.3071494,1.0307454,-0.1389374
20050708,after,0.50116221,0.87439618,0.18878434,-0.59766816,0.3686327,-0.17251063,-0.17907647,1.0519018
20050721,after,0.51642534,0.98911873,-1.8266349,-0.20317209,2.1345084,2.0468073,-1.4676919,1.3531361
20050729,after,2.1787077,0.41515813,-0.97937552,-1.6416658,0.75372145,-0.32511904,0.20446418,-1.2637388
20050752,after,0.48092923,0.11993758,-0.88056354,-0.26257084,0.6257487,-1.2039679,0.24281174,-1.0904939
20050760,after,1.8943175,-0.31204546,0.81023007,0.63424407,0.14516521,-0.59840653,0.41141842,0.10232266
20050772,after,-1.0523084,0.289596,-0.31638837,0.17445807,0.18597556,-1.6343133,0.12689718,-0.72992126
20050785,after,3.0026695,1.3312016,-1.0019191,3.0972035,2.8275711,3.1704931,0.074864637,-2.8887496
20050830,after,-0.32437109,0.17014606,1.2400841,1.0656076,0.30238034,-0.45639034,0.034359487,0.31385428
20050833,after,1.2101316,-0.63863992,0.28450385,-0.28520246,0.44146357,1.7356426,1.3589906,-0.60496198
20050882,after,-0.72127266,-0.78508143,0.93528401,0.25293039,-0.20974969,0.1227767,-0.052264222,0.40138674
20050890,after,-0.74536445,1.4416056,0.4256309,1.710906,0.21364113,-0.21991025,0.48715996,0.054591806
20050893,after,-1.0362813,1.4773883,-0.661037,0.22129017,-0.79633752,1.2379338,0.24548561,-1.5018179
20050897,after,1.3668997,0.11205675,-0.10110387,1.0902341,-2.2146836,-0.51651527,-1.4238716,1.0658701
20050912,after,-0.22860808,-0.59709464,2.2633228,0.79763238,0.4408638,0.15367954,-0.35793781,0.60958546
20050919,after,-0.21852461,0.35689093,-0.36533907,1.3938165,-0.91974811,-0.40141753,-0.84873953,-0.56827
20050942,after,1.1316645,0.29911709,0.20482614,-0.5539689,0.97658347,-0.32832519,0.51398001,-1.4188704
20050961,after,0.032038534,-0.056993859,0.3971078,-0.16879626,-0.14821195,-0.85322525,0.090324204,0.87463776
20050967,after,-0.42725864,-0.082328912,0.69452744,-1.3862459,0.89836571,-0.17262247,-1.3545136,0.76641133
20050973,after,0.41584695,-0.064541884,1.6340153,0.42709739,-1.0705853,-1.1730061,0.34093036,-0.9720682
20050977,after,2.4726161,0.91143452,-0.75316569,-0.60796869,0.23908919,0.52834105,1.099934,-0.76845953
20050978,after,0.7347648,0.51532996,1.4620332,0.72508206,-0.6347632,-1.0687961,0.71592352,0.98825184
20050987,after,0.68881406,-0.22333684,0.5803168,-0.29736993,0.25369563,-0.79056672,0.037276149,-0.056876524
20050998,after,-0.59523414,-0.35089741,1.0449013,-0.50777292,0.24264265,0.13826957,-0.12532119,-0.59681322
20051008,after,0.1980174,-1.2347427,0.45754397,-0.038114344,-0.10756013,0.011601228,-0.45047649,-0.88783003
20051021,after,-0.7813954,-0.66293663,2.2868512,0.40488504,0.1127349,0.69558325,-0.22794474,1.3090787
20051025,after,0.44040083,-0.078291471,-0.51389409,0.60648602,1.6971788,-0.34553113,0.010146466,-0.77363598
20051036,after,0.73371284,1.7580164,0.59789345,-1.1770522,-0.018006444,1.0359669,-0.58644833,-0.6600676
20051041,after,1.0449704,-0.1867995,0.48693394,-0.45452691,-0.91073697,-1.9700787,0.086861849,-0.1126434
20051053,after,-0.31913827,1.2770756,1.2464087,-0.34964818,1.1928073,-1.3793652,1.0789447,0.14658173
20051066,after,-0.55056342,0.94189528,1.6333065,-1.176673,0.037063327,2.1634139,-1.4535279,0.36003665
20051069,after,-0.028137173,0.14217725,-0.18288158,-1.0660305,-0.62010044,-0.4248054,-0.72829912,-0.7649781
20051083,after,-0.8430855,-0.78776588,0.053090726,-0.31936758,0.3422954,-0.3607255,-0.81195849,-0.49444691
20051085,after,-0.26611739,-0.019005399,0.88215632,0.4118873,-0.0478725,-0.25632059,0.44671755,1.8647549
20051087,after,-0.0061648797,-0.36862693,-0.18758752,-0.14220295,-0.36470205,0.23203345,-0.99517125,-0.57535336
20051091,after,0.74702157,0.35046122,0.84682923,-1.0187948,-0.7992969,0.80791567,-0.095873419,0.38020113
20051106,after,-0.41659057,0.62253008,-0.0512651,0.11869399,-0.50250061,-0.30030245,0.33344053,-0.081844773
20051112,after,0.13985424,-0.45100007,-0.27047898,-0.020022675,-0.17755461,-1.1199253,0.48321588,-0.32362118
20051113,after,-0.018749677,-0.42826691,-0.40417019,0.63986337,0.26239573,-1.2836562,-0.097157068,-0.7658885
20051116,after,0.36150967,-0.59452932,-1.7543557,-0.50388412,-0.70187878,0.11879172,-0.37799175,1.4440334
20051124,after,-0.88882071,-0.043132098,0.056420342,0.23351537,-0.35617676,0.19507872,-0.55846704,-0.56630148
20051130,after,-0.84459494,-0.20387948,-1.2253675,0.81215355,0.33788973,1.0804622,-0.95503937,-0.74531055
20060004,after,-0.60204506,-0.91080515,-0.10279879,-0.70129063,-0.36567221,-0.40816617,1.0475613,-0.28456384
20060016,after,-1.3894918,0.15039363,-0.62099724,-0.76839979,-0.83227263,0.041035709,-0.51085311,-0.50958773
20060028,after,0.16091847,0.10955034,-0.27507172,-0.43054646,-0.058156832,-0.90190204,-0.95860173,-1.0588981
20060035,after,2.1529406,0.13979523,0.47631359,-0.74754929,-0.16279042,0.17385118,-0.9399036,2.1101414
20060040,after,0.67756595,-0.34453578,-0.032230974,-2.0471763,-0.80739309,-0.35641579,0.59905769,0.28020106
20060049,after,-1.0675813,-0.9620566,0.36797502,-0.63730353,0.11066752,-0.866606,-0.20093196,0.099876238
20060057,after,0.07706904,3.3344871,0.10432447,-5.1053668,-3.1806099,4.4095136,-0.59913518,1.7116577
20060071,after,-0.47620556,-0.2468428,-1.3164779,0.094699461,1.0722607,-0.4838653,-0.22717099,-0.75423414
20060088,after,-0.58216565,-1.3068521,0.73657832,-0.43559312,0.64255974,-0.91029586,0.47165385,0.51641146
20060099,after,-0.11976026,-0.76111753,0.59934559,0.18338482,-0.22002733,0.09022155,-0.37918376,0.10255918
20060104,after,0.24357494,-0.531077,0.7657164,-0.49678004,-0.41568167,-0.6359086,0.35376759,-0.60222916
20060138,after,-1.1019932,-0.50897712,-0.35829185,-0.46140332,0.30429488,-0.43301085,-0.82449519,0.99139622
20060146,after,-0.25766707,-1.3144026,0.25332368,-1.0714442,-0.50752962,-0.41847023,0.19107467,-0.54415229
20060153,after,-0.30902546,1.9230274,-0.12852328,-0.14182471,0.32670747,-1.6361552,0.76770712,-0.85210732
20060173,after,-1.3229888,0.48518719,-0.27069064,-0.82978971,-0.33711131,-0.64691506,-0.84352311,-0.63469817
20060187,after,-1.0732579,-0.13837419,0.063856405,-1.158456,-1.0866712,0.50583793,1.2331063,1.1952173
20060192,after,-0.7543668,-0.8516071,0.010179895,-0.18405936,-0.019802891,-0.51638367,0.54093408,0.01111331
20060224,after,-0.1071566,-0.170608,-0.090837043,0.44476635,-0.84657618,-1.3026145,-0.25240947,-0.33692372
20060226,after,-0.90481601,-0.93640807,0.38792945,-0.53223567,-0.024062534,-0.55112691,-1.0906482,-0.71071505
20060234,after,-0.90694784,-0.64697151,0.019670443,0.030453895,0.41922028,-1.3235299,0.19369603,-0.24859828
20060242,after,-0.025081599,-0.54749506,-0.60446965,-0.77873316,0.49730809,0.23920414,-1.4393939,1.6042115
20060246,after,0.97524523,-0.92484884,-2.0980063,0.72714942,1.3890172,0.052963321,-3.2014248,0.49552896
20060249,after,-0.13601108,0.052408459,-0.17778026,1.7103857,-0.89698725,0.37599618,0.30754954,0.58459528
20060260,after,-0.33592678,-1.3672316,-0.54086975,0.16094476,1.4965579,-1.0546588,2.4342739,0.17181652
20060272,after,0.50583338,-1.9219221,-1.3556845,-1.9043418,-0.92500284,0.23631663,2.5508216,2.0122943
20060280,after,0.53282295,-2.2561302,-3.5577069,-1.231951,2.8658301,1.7330758,2.0374208,0.18291016
20060295,after,-0.90952023,-0.82927271,0.50323997,-0.16597314,-0.31541047,-0.57465783,-0.58282902,-0.33021107
20060301,after,-0.30581166,3.7762877,0.40253189,-3.9211749,-0.52836799,3.0945216,-3.9763138,-0.27225704
20060312,after,-1.1538259,-0.80532276,0.065477431,-0.37733489,0.28027815,-0.82795,0.10724763,0.26502438
20060355,after,-0.62612484,-0.27071171,0.88517088,-1.182266,-0.83378325,-0.50091639,0.032292062,-0.26019617
20060360,after,-0.04356633,-0.56653433,-1.9303445,-0.21824323,2.5910395,1.1164609,-2.2224776,-0.45781488
20060366,after,-0.71543816,0.071312099,-0.49602743,-0.37593679,0.36713476,0.12965377,-0.93014406,1.8199027
20060373,after,-0.79845189,-1.0654644,-0.087301648,-0.90299372,-1.2259775,0.96112775,1.3495073,1.1597383
20060378,after,-2.520521,0.36203261,-5.69897,1.2392132,1.6347633,1.6890268,2.5104263,4.4897072
20060413,after,-0.19845449,-0.069994461,0.017931974,0.49098501,0.16657347,-1.1455577,0.36434817,-0.96035454
20060416,after,-0.27313461,-0.29590056,0.3139916,0.30850863,-1.2474272,-0.35898651,0.58829977,0.0019639352
20060438,after,-0.31751711,1.1838844,0.64101885,-1.0169717,-0.77331661,-0.25986164,-0.38532041,0.56705293
20060442,after,0.33566863,-0.54599972,0.68477184,0.71448925,-1.1025962,-1.2850875,-0.79111569,-0.92594981
20060451,after,-0.29796244,1.6679763,-0.40510856,0.66163438,0.30949672,0.77310899,0.11168614,-1.1169325
20060482,after,1.6604745,-1.1226157,-0.45738332,1.0359786,-1.1635951,-0.59181809,0.81048594,-1.6622338
20060498,after,-0.1847601,-1.0068409,0.34472139,-0.9211866,-0.024474467,0.51532197,-0.96616832,0.52748309
20060499,after,-0.11794745,-0.59278344,0.57253992,-0.62687584,0.40054016,1.0070909,0.79958533,-1.3153227
20060503,after,-0.61112167,0.16728768,-0.16134598,-0.80690891,0.91272504,-1.0834997,-0.63715217,0.68473607
20060538,after,0.043366154,0.18445698,0.8862137,0.0091995449,-0.66698629,-0.58498774,0.89098119,1.2522605
20060564,after,1.1682668,0.75315792,-0.46638273,0.91924906,-1.2609268,1.0681396,-1.6605036,0.32946294
20060582,after,2.7701776,-0.57984536,0.1571684,-0.10046832,-3.3373417,0.28387571,-0.52720107,-1.603966
20060587,after,-0.73590384,-0.24172193,0.3426005,-0.35847099,0.23969121,0.071254137,-0.13896309,0.83288525
20060600,after,-1.1822944,-0.91103221,0.94561836,-0.89876084,-0.7592774,0.45782304,0.89659519,1.0094644
20060620,after,-0.050202072,0.81968858,-1.8218565,0.18327159,2.105445,0.083151167,0.2969219,0.91184876
20060645,after,0.73841142,-1.2303505,-0.44715185,2.1775474,-1.3406783,0.9817038,-0.72618436,-1.2996
20060654,after,-0.88074914,-0.83969936,-1.1188633,-0.40871275,0.80420337,-0.20053521,-0.44242469,-0.26282832
20060661,after,-1.0736824,0.33817201,-1.2106791,1.6461817,-0.76869672,-0.5764115,0.013876203,-1.0462571
20060668,after,1.3793244,2.6552216,0.62394173,1.2009824,1.3120641,-2.6628394,2.0662332,-0.33569888
20060669,after,0.17783216,-0.61805823,0.97138523,0.12209785,-0.34991388,0.80329979,-0.70102735,0.36131219
20060680,after,1.0334538,-0.31477554,-0.61164519,1.8143657,-1.6540384,-0.47245915,0.97268609,-0.56040082
20060708,after,-0.29167869,0.77738765,-0.41729071,0.46133438,0.49241727,-0.65324061,0.63114832,-0.91692148
20060715,after,-2.2356202,0.86357664,-0.93433011,0.10326067,-1.273426,1.1540442,1.5663777,1.6281003
20060731,after,-0.36286644,0.69477136,0.59386341,-0.93721025,0.83004354,-0.69057913,-2.3569266,0.38673418
20060739,after,-0.13764614,0.5709558,1.130173,1.0065532,-0.17058398,-0.34050705,0.099695154,0.23777597
20060749,after,1.1695586,2.3651637,-0.55926428,-0.34968787,0.09340441,-0.72997843,0.43658596,-0.61510298
20060761,after,1.7445107,-0.56155847,1.8649091,1.2871763,1.3750789,-0.72739442,-0.34421856,-0.17578887
20060769,after,2.656587,0.89340474,0.70402495,-1.1403815,0.10845616,-0.33296074,-1.3542876,1.9570965
20060772,after,4.7745604,-0.29821533,-0.22552503,1.6582125,-0.55889209,0.15752606,-3.7857623,2.3929578
20060783,after,0.18148254,-0.19220412,-0.15383237,1.0512645,-0.89776049,-0.31451356,0.9677592,0.54092477
20060787,after,1.3964083,0.83562544,0.093414681,-1.5030692,2.1403719,-0.33479537,0.23442607,0.07204648
20060799,after,0.088864988,-1.2014461,-1.4707419,0.29628853,0.71204043,1.0077507,-0.82616893,-0.025841426
20060823,after,-1.1504456,-0.23818082,0.43005964,-0.27400203,-0.17145085,-0.38033133,-0.0608097,-0.16225301
20060827,after,-0.97544147,-0.11641443,-0.3122583,-0.028486508,0.7527279,-0.45166599,-0.0038961255,0.68777924
20060829,after,-0.056878249,-0.96120359,0.25485336,-0.089726104,1.7065301,0.049853803,-0.4091873,-0.57042065
20060832,after,-0.69036842,0.13048789,0.47208852,-0.35643167,0.21491466,-0.88844593,-0.11865504,-0.65725276
20060849,after,-0.23918024,-0.10114806,-1.5730998,0.49413171,-0.087706577,-0.59242443,-0.84103132,0.53305255
20060862,after,0.93466323,-0.61808079,0.5788368,0.66049045,1.8526919,-1.7063403,0.50655603,1.3241292
20060872,after,-0.88175847,0.441808,1.8977307,0.65282811,-0.48958681,0.35023284,0.73455858,0.88157112
20060891,after,3.5102576,0.55113162,0.4031121,1.8121602,-3.8625897,-0.13906695,1.0947425,1.0777666
20060903,after,-0.37870855,0.83562261,1.2235035,0.97824125,0.6581423,-1.4727838,1.2178837,0.29151815
20060907,after,-1.0763578,-1.7214286,0.95868719,-0.49164675,0.38055219,0.58816921,0.26476016,-0.32459658
20060913,after,0.63264467,2.8232175,-1.3973533,-2.0583383,5.2700489,1.0612641,-1.0338711,-2.9084425
20060927,after,-0.33588782,2.0346055,-0.6300081,-0.81730631,-0.94038659,0.070272458,0.51287374,0.67259317
20060929,after,-0.11299789,-0.38841228,0.23044203,0.15712546,0.15563201,-0.66759629,-0.57572075,-0.30444896
20060942,after,-1.1011787,-0.24222682,-0.17338621,-0.77116676,0.31794449,1.406018,-0.0065908281,-1.4166819
20060946,after,-1.1354513,-0.96715104,0.59293404,-0.47655854,-0.096756302,0.010456017,-0.62950749,-0.11498796
20060991,after,-1.3314779,-0.11123308,0.54229381,-0.66785928,-0.36572313,0.28752484,0.014969458,0.70906545
20061022,after,-0.24426078,0.66577124,-0.60734079,-0.68936386,0.91167381,-0.20673299,1.6943512,-1.2418842
20061034,after,0.32592828,-0.80438544,-1.3817562,-0.7502155,1.6523965,0.79899608,1.18464,-1.1379263
20061056,after,-1.6301512,1.3275576,0.21594416,-0.44448035,0.9659438,1.5908421,-0.13294212,-0.36290514
20061067,after,1.1594123,0.040202059,-0.11971043,-1.2139186,-1.9722009,-0.52969797,-1.7726388,0.08950114
20061079,after,-0.17131424,-1.3559142,0.23356468,-0.084981743,0.16768488,-0.39477265,0.19914728,-0.41186778
20061082,after,-0.13372738,1.0370511,-1.1158678,-0.46811023,-0.49594656,-1.0525739,-1.5644396,1.3874987
20061096,after,0.37034485,1.1082254,0.73294927,0.90007431,0.092305265,0.32550586,0.48215513,-0.78528654
20061098,after,-0.084595662,0.5833026,3.9085579,-1.3027626,1.824093,-1.2092802,1.811649,1.8527055
20061101,after,-0.80909561,-0.89841844,-0.45232276,0.0096327108,1.3683414,-0.56597496,0.41267832,2.091091
20061109,after,0.34934768,-1.6207155,0.462676,-0.47672654,-0.52609611,0.13241013,0.3985138,0.15610095
20061116,after,-0.86875548,-0.57410375,0.41137737,-0.12845418,-0.48814533,0.49907091,-0.78331995,-0.26158782
20061127,after,-0.76714885,1.0015002,-0.27922647,-0.66261537,-0.083324313,-0.22283558,-1.0563227,0.35070455
20061128,after,-0.49524711,-1.4206012,0.16699782,-0.33288678,-0.39538502,0.60046899,0.13526022,-0.81835113
20061148,after,-0.94003751,0.015322611,-0.36738226,-0.36898123,-0.28505524,-0.34474184,0.33680738,0.69466607
20061156,after,0.2656954,0.93793384,0.55519924,-0.63409577,-0.88319153,0.46196931,-1.8106067,0.74803046
20061157,after,-0.58757852,-1.244105,0.48054988,0.21470643,-0.22584003,1.1717191,0.22099663,-0.38242251
20061185,after,0.1642363,-0.35163002,-0.49672905,-0.20358997,0.45345172,-1.5846151,0.18179391,0.24088153
20061195,after,-0.85442309,-0.23415409,-0.33021604,0.64997353,-0.29525163,0.72462012,-0.14275762,-0.45114344
20070032,after,-1.222993,1.4465888,-1.0377232,-0.90353099,1.1959702,0.865283,-0.050799619,0.5723602
20070046,after,-0.54929054,0.70841781,-0.71445821,0.0058898928,-0.39056704,0.52780678,-1.2687329,0.76044828
20070061,after,-0.052239408,0.25116909,-0.43500722,0.41411949,-0.13676269,-0.6901353,0.49312721,-0.54449455
20070084,after,0.019547528,-1.1218305,0.0036667554,-1.2492248,0.52806605,-0.30609268,-0.033638911,0.018759396
20070092,after,-0.10513972,-0.67768808,0.15645077,0.14843046,0.5020559,-1.1986091,0.27070381,-0.6211995
20070094,after,-0.17631379,-0.3976922,-0.50640313,-0.0072437119,0.73085334,-0.23914761,-2.0894664,-0.00628927
20070106,after,0.16001916,0.58925456,0.44393391,0.20753074,-0.26334447,-0.88090104,0.389374,-0.031480396
20070108,after,0.88608693,0.08496089,0.21990068,0.52389398,2.9409762,-0.23398377,2.6748311,-0.51249738
20070131,after,-0.94476816,0.17884902,0.1393152,0.42200877,0.5418481,-2.0695652,1.1443257,0.8331158
20070132,after,0.88593676,1.5352408,-0.68022218,0.61887565,2.050574,-0.95470754,0.50392957,0.36471892
20070135,after,-0.13223247,0.81008666,0.00094448634,0.10114321,0.099293518,-0.7073476,-0.99543259,-1.3503789
20070139,after,0.14004345,-0.40488096,1.2069916,-1.135547,-0.52869944,1.1787066,0.99889747,0.49413568
20070173,after,-0.4260421,0.61732888,-1.9212441,0.67026013,-0.10461075,-1.2221987,-0.088302091,1.5898972
20070177,after,1.2124741,-1.6115084,3.0162511,2.915828,1.0057678,2.7795928,-1.9450764,-0.05775435
20070187,after,2.3657058,1.5391333,1.3221166,-0.99253182,0.050213187,-2.7417838,-0.9084836,0.091386954
20070195,after,0.37778097,-0.67706329,0.70132979,0.40897927,1.7553888,-1.3811524,0.69097996,-0.54875502
20070197,after,0.39660881,0.28545499,0.85926206,0.31733503,-0.58268514,-1.6128901,0.45688508,0.12355828
20070202,after,-0.38041506,-0.1637069,0.93566307,0.27351817,0.43899443,0.12614878,0.6576523,-0.39069504
20070219,after,0.75202365,-0.59356885,1.1203111,-0.96908981,-1.031839,0.20426665,0.65488922,-1.7208943
20070231,after,-1.0757558,-0.17653782,-0.78764354,-0.062183054,0.16801277,-0.096319723,-0.080963784,-0.34334688
20070250,after,0.33172262,0.015559607,-0.17991323,-0.43239703,0.16205079,-0.68727577,-0.44922994,-0.78798122
20070262,after,0.47091576,1.0037375,0.65522371,0.65856532,-0.27204995,-0.56504694,0.16740916,-0.25085747
20070265,after,1.5988383,2.090197,0.20537721,0.0096285362,1.2753493,-1.1598436,-0.94129575,-2.4631699
20070288,after,0.51114722,1.8745848,-0.22478916,0.17881419,-0.5736325,-0.32055275,1.1807006,-0.16896883
20070296,after,-0.57926197,-0.25871569,-0.86293115,0.336439,2.1582069,-1.1354799,1.2971672,0.44032355
20070304,after,0.465337,0.51543372,-1.0292156,-0.43673771,1.3575108,0.41318219,-0.037090097,-0.91629539
20070305,after,1.0094076,2.4196446,-1.6084847,0.29643278,1.9604559,1.8049043,-1.1710084,-2.6896066
20070308,after,-1.5189286,3.478354,0.92312673,-2.710251,-0.98909614,0.64651798,0.15013611,2.3176816
20070316,after,0.27942244,0.59543593,0.32648449,0.62006648,0.84292219,-0.092918241,-0.87198061,-0.66803915
20070322,after,-0.45360322,-0.11510683,-0.15588837,-0.15988015,-0.35482609,0.67729337,-2.0468412,-0.96881783
20070327,after,-1.0535107,-0.4198808,0.26003521,-0.35935464,0.54570107,-0.51108377,0.50314251,0.97367107
20070340,after,-0.78026806,0.64826061,0.013584262,0.38339146,0.66994309,-1.1467518,1.7681899,-0.6291412
20070346,after,0.67186133,-1.0067113,-1.0974438,-0.33803259,-0.83723543,-0.84239641,-0.022006131,2.9097016
20070387,after,1.2852418,0.70636571,2.7974806,-1.5547694,-2.9703063,0.92662331,3.6993936,1.3968755
20070399,after,0.57128542,-0.72123456,0.18305021,0.27587675,-0.21640123,0.052077766,-0.57030891,-1.08104
20070416,after,-0.019123122,0.10368991,-0.7764837,0.54877484,1.269304,-0.52351514,0.2961915,-0.34746175
20070434,after,1.2559314,-0.010015985,2.4684762,-0.51875884,0.8307563,0.99242536,0.36559862,-1.7142427
20070443,after,2.4424086,-1.6153203,-1.3584036,-0.84859604,0.14476683,2.5384758,0.050754429,-1.4407568
20070457,after,0.79826379,-0.029456108,1.6045436,1.0363235,-1.3332711,-1.4313575,0.8616105,-0.63047224
20070458,after,-0.14368227,1.0029553,-2.0182867,1.7427428,-0.11580293,-3.1791985,0.016603649,-0.97456921
20070474,after,-0.10016061,-0.41349547,-0.86313013,-1.0763573,-0.52539257,0.58276991,-0.82750047,0.97537073
20070492,after,-1.0006202,-0.39883999,0.44418829,-0.31527122,-0.072843339,-1.1723979,-0.3188852,-0.13058837
20070498,after,-0.85918781,0.1953489,0.77046136,0.95888354,-0.24474903,0.48307299,0.67441793,-0.16087797
20070506,after,-0.21766486,-0.73942848,0.49362833,0.81172686,0.15593964,1.423915,0.33993729,0.3596849
20070509,after,-0.52567452,0.81851332,-0.6136492,1.0143121,-0.91648664,-0.015525614,0.0020098748,0.06195922
20070518,after,2.5418694,-0.46524065,-4.1653704,1.6564123,-1.5446894,-0.41625794,-1.1985922,4.5649959
20070519,after,0.7620348,1.5846222,-0.98412759,-0.23584775,1.8227823,-1.9032285,1.0895717,0.62711616
20070528,after,-1.0331217,-0.316977,0.22107257,0.27187246,-0.33370912,0.33441788,1.1179041,0.93698235
20070530,after,-0.36739814,0.67351967,-1.5295307,-1.1523769,-0.63901249,2.1143681,0.011797558,0.2787985
20070532,after,-0.23377298,1.2089911,-0.80422778,1.8219681,0.40378972,0.021238046,2.1863036,0.065053247
20070557,after,-0.98550734,0.002255301,-0.57595749,-0.26169943,-1.0612187,0.53261366,-0.49523523,0.27112265
20070562,after,0.34101802,-0.67124912,-1.4154929,2.3973782,-1.5085093,0.27750546,1.5115202,0.42710232
20070573,after,-0.77653758,0.065092539,0.048557759,0.32632532,-0.24255219,0.0011666566,0.3869341,0.15606977
20070575,after,-1.232356,0.85470442,-0.79168277,-0.29734694,-1.1483516,2.1037171,0.23117156,-0.22253324
20070584,after,1.9171875,-0.19745611,3.1130602,0.49275249,-0.019998319,-1.6324827,-0.67668556,1.3091907
20070608,after,0.46693301,2.0030177,-0.16896461,-0.22620996,-0.30430303,-0.61712838,-1.2974265,0.5197949
20070615,after,-0.8236772,0.079066747,0.95855457,0.30226866,0.46042908,-1.1034279,0.025363536,0.89373451
20070633,after,1.5194084,0.62541869,1.1415799,-0.17155251,-0.64882103,-0.16485566,0.5371904,-0.94437069
20070643,after,1.8809272,1.1258641,-0.57552548,-0.46213474,0.78523037,0.73698456,-0.76649372,-0.52380131
20070648,after,0.82853912,1.7221431,-1.859444,1.6016002,-2.0605432,-1.6933449,-0.30357173,2.3283575
20070695,after,0.48295731,0.93299373,-0.078130972,-0.141712,0.30756555,-0.8704209,-0.041771035,0.1445401
20070715,after,2.7502515,2.1044429,2.2069854,-0.65738639,-0.11979875,1.6525353,1.0881867,1.3223892
20070732,after,-0.0092431297,-0.13798813,-1.5321354,-0.35799246,1.1676307,-0.36965954,0.63526692,1.8551422
20070766,after,0.16079093,-0.28959614,-0.2586563,0.33338856,-0.64472844,-0.50017127,0.015264733,1.0538174
20070774,after,0.37821608,1.5829052,0.36202511,2.9931109,-1.031359,-0.74727823,-1.7236239,1.2923992
20070781,after,0.8374051,0.8208689,0.22852816,-0.41043535,-0.20562809,0.809583,-1.1698932,1.57946
20070798,after,0.34735835,2.7662004,0.184839,-0.469021,-0.35109814,0.2769602,-0.86550861,-0.0018570813
20070810,after,0.62382621,1.1069827,0.79380513,-0.46426168,0.8323123,0.032303616,0.19088181,-0.65309887
20070855,after,2.2677273,1.2330534,-0.46832624,-1.0852382,-1.1194823,0.69144697,1.0591486,-2.0011725
20070882,after,-0.069750682,1.5670688,0.51793699,-1.8750725,-0.17074809,-0.47690222,-0.84263294,-0.15320623
20070889,after,-0.89007698,0.7142749,-0.5057057,0.60305172,-0.49641275,1.5544523,-0.18464042,-0.46028374
20070922,after,0.82149864,1.4210311,1.6528756,-0.31535777,1.0989167,-1.220814,0.5107731,0.84916428
20070935,after,-1.2413242,-0.51527533,0.15980881,-0.60484363,-0.77197777,0.38722889,-0.17395612,0.12117048
20070941,after,-0.55583741,-1.4455157,3.5344489,0.43446766,0.58212825,1.5930328,0.36571135,1.1826837
20070960,after,-0.75485911,0.026251268,0.57573535,-0.22132538,0.33673621,-1.4874335,0.3205082,-0.38473001
20070974,after,0.50056733,-0.62364013,0.060416804,0.052668687,0.061570088,-0.15094403,-1.5276854,0.65909863
20070989,after,0.89839999,0.064363044,-0.073804937,-1.5624781,-0.65970247,0.057103086,-0.717514,0.31632704
20070997,after,0.8394795,0.49488155,1.439121,1.1658502,0.31529955,-1.3084276,-1.3646358,0.40421073
20071009,after,0.42354118,-0.719865,2.0192032,2.2934637,0.035627352,0.011263027,-0.50558889,1.3684753
20071021,after,-0.59244612,-0.064174551,-0.024941006,0.86699764,-0.4847126,-0.0052152513,-0.6469637,-0.47473209
20071026,after,1.8050519,1.0898218,1.3836774,-1.6123104,-0.03659835,0.52912281,0.70745864,0.37080678
20071033,after,-0.93103541,0.26367491,0.50307006,-0.77564109,-0.039910963,-0.40897639,-0.41903665,0.14375394
20071049,after,-0.56757217,-1.0385272,-0.29468498,-0.58502285,0.054290628,-0.5812113,-0.65103545,-0.78335836
20071055,after,0.92841008,-0.14341474,0.025262597,-1.7561461,-0.63952492,1.9776274,0.31902702,-1.3838619
20071068,after,0.25419029,0.091143799,0.084881058,-0.11682169,-0.63761082,-0.51263978,-0.92973843,-0.45366616
20071071,after,-1.3222952,-0.3118247,-0.49153356,-0.069175746,0.31030497,0.36905622,1.5754052,0.91407641
20071088,after,-0.53894643,-0.10276137,-0.03277854,-0.087305204,-0.38042466,0.41815653,-0.2123636,-0.7661146
20071095,after,0.42155366,-0.25835725,-0.84146718,0.92055572,-0.66062334,-0.45258104,-1.0258171,0.64233329
20071099,after,-0.63860579,0.58403023,-0.44463728,0.67150473,-0.61435843,0.2010058,1.4346951,0.74719317
20071100,after,-0.4861737,-0.14698349,-0.49211565,-0.33875041,-1.0290797,0.09367118,-2.6302431,0.98729787
20071104,after,1.3378452,-1.1374359,-0.21859288,0.34822451,-0.96770187,0.93950833,-2.4359864,-0.55108765
20071109,after,-0.20510548,-0.78188108,0.065987774,1.6992271,-0.16900901,1.4807555,-1.0494091,-0.88983423
20071110,after,0.28843826,-0.7927754,0.34666996,-0.65462069,-1.0540307,0.28466955,-0.42275634,-0.75828164
20071134,after,-0.25427804,-2.1093679,0.24638179,-0.084738847,0.65098892,0.62783947,0.073423149,-1.2176553
20071139,after,0.46686345,-0.72677753,0.2934058,-0.51229663,-1.0836823,-0.89275604,-0.57984692,0.3229313
20071141,after,-0.11984368,-1.0427618,1.0381061,-0.34312585,0.82327365,-0.68873719,-0.78866736,0.059666451
20071149,after,-0.32028991,-1.2151292,0.79900048,0.014596197,0.236278,-0.54918778,-0.047893291,-0.31090487
20071156,after,-0.77288045,-0.80447251,-0.089659715,-0.50337014,0.90079082,-0.34307689,-0.28201535,0.36527363
20071163,after,-0.84872148,-1.0807794,0.67599183,-0.34067444,0.050714311,-0.16349643,-0.76451148,-0.13356904
20071164,after,-0.68554205,-0.41522112,0.087999037,0.036104953,0.48588381,-0.16138105,0.49083062,0.81915052
20080009,after,-0.26620382,1.8706463,-1.4507981,-0.14271653,-0.67918604,-0.12085216,0.35225548,-0.19451763
20080010,after,2.3048491,-1.2978075,-1.1683178,3.2544581,0.36086825,0.69505601,-1.6710973,1.0125412
20080014,after,-0.35132194,-1.6613913,-0.024749523,-0.16816464,0.35672786,-0.1823932,0.40347991,-0.64733354
20080015,after,-0.3163169,-0.031204107,-0.46053001,0.33398729,-0.68046444,-0.59974344,-1.3083416,-0.48683357
20080021,after,-1.1130632,-1.0650924,0.85063191,0.50409242,-0.62552118,1.2807963,-0.13837665,-0.076173351
20080029,after,1.0230143,0.13443478,-0.8767554,-3.1192035,-3.0182582,1.7082737,1.9485435,-0.073543198
20080041,after,-0.41568607,0.60060663,-1.099972,0.63614415,-0.49168548,-0.18941411,-0.17359657,-0.89741599
20080050,after,-0.29725848,0.50910245,2.0540117,1.6545706,-1.4270286,0.77961275,1.0071928,1.5708282
20080071,after,-0.54609929,0.10521515,1.2569212,-0.07768157,0.31765604,-0.31708741,0.3813454,0.14230124
20080093,after,0.041324947,0.5167525,0.71688247,-0.88316737,0.33609269,-1.1292544,0.80151913,-1.1297128
20080105,after,0.88003319,-1.7888819,0.71180559,0.3690124,-1.7123366,0.84097168,1.0810535,-0.12458579
20080109,after,-0.33988945,-0.57053747,-0.18826847,-0.072526041,-0.70721624,0.64595305,-0.0096009315,-0.88870471
20080124,after,-1.3021549,0.70370219,-0.48213949,-0.2516312,-0.14499237,-0.51883749,0.67324849,-0.58794641
20080126,after,-0.32898925,-0.54935646,0.40184188,-0.44645651,0.20830486,-1.0828936,-0.47564891,-0.056899088
20080139,after,-0.83908623,0.72226081,-0.54448498,-0.31536783,-0.088443887,1.0343179,-0.31482157,0.17257642
20080152,after,-1.1413167,-0.47485756,-0.051373887,-0.25283153,-0.39858452,-1.0152723,-0.043072618,-0.00018558292
20080158,after,-0.6435549,-1.3306954,0.23093829,-0.6465656,0.16520756,0.23575925,-0.19136392,-0.39369963
20080170,after,-0.93777302,-1.0292014,-0.035098705,-0.52529495,0.76103422,-0.89507598,-0.062599696,-0.57107171
20080192,after,-0.25714813,1.5953891,1.0808074,-1.492412,1.0438283,-0.12924673,-0.33046988,1.2511158
20080197,after,0.029624532,-0.83885282,-0.028306402,-0.82792897,-1.33968,-0.22262,-1.5680449,-0.5756779
20080204,after,-1.350404,0.95176945,0.97529551,0.26541252,0.18674592,0.42774696,1.3471325,-0.28856024
20080216,after,-0.65719354,-0.37019276,0.37777385,-0.12799942,0.20864083,0.20756728,-0.17721253,0.88391615
20080240,after,-0.30858078,-0.49343967,1.5970766,0.76168742,0.34451357,-0.056805472,-0.91654817,0.2244922
20080258,after,-0.74532146,-0.99671826,1.0180723,-0.010900716,-0.14013826,0.57712201,-0.15743532,0.40914185
20080288,after,-1.0474823,-0.79450421,0.4868935,-0.4039146,0.24444109,-0.81983641,-0.26543068,-0.11966726
20080297,after,0.16466109,1.6545838,-1.0600147,1.4389429,-1.0377725,0.23858198,0.72134604,-0.69005129
20080318,after,-0.90226913,-0.66446817,0.24541364,0.067265697,-0.17444799,-0.64519495,-0.45228746,-0.26324704
20080328,after,-0.57076598,-0.91370322,-0.035324545,-0.43468928,0.24935256,-0.84507792,-0.16653066,-0.34425206
20080344,after,-1.2396825,-0.30017057,0.1795035,0.087372717,-0.58221348,0.063911874,0.053712052,-0.40615382
20080347,after,2.6432646,1.1460481,0.30568979,-1.5223541,-1.0804707,-0.57603171,0.35162513,-1.1394203
20080381,after,-0.9788838,-0.079543732,-1.7979691,0.43223725,-0.084557045,0.10565109,0.038491406,0.30597447
20080393,after,-0.67764918,-0.83660047,-3.8700619,2.612707,0.37660033,1.4451887,1.2016867,1.1773622
20080396,after,1.9542771,3.7924998,-0.006927317,2.3766087,-1.6529691,-0.88379937,0.50271056,1.172064
20080425,after,-0.46006874,-0.032233717,-0.48511488,0.045532716,-0.15039132,-0.089263306,0.14411015,0.050936075
20080434,after,3.2525015,-2.1567135,-0.18413896,-2.6538296,-6.2688191,-0.57428619,1.1604929,-1.1287174
20080440,after,1.3348648,0.96036548,-1.0990859,0.40307429,1.3136743,0.03586233,-0.16000797,-1.1673977
20080443,after,-0.12495955,0.27803718,1.4831313,-0.78451435,-0.79790903,-0.52029465,-0.078115045,-0.8329501
20080468,after,2.8229975,-1.0462635,-0.69340054,0.72453137,0.49878919,1.197706,1.4294871,-1.2907253
20080480,after,1.7609838,0.22487073,-0.55500525,1.3367114,-0.96465441,-1.7858264,0.39518499,1.0648671
20080485,after,-0.070649959,-0.61730773,-1.0494695,-0.2178904,-0.20574593,-0.70888541,-0.62389135,1.7653366
20080491,after,2.3234581,-1.2097629,-0.35037395,0.10451223,-1.8773207,-0.097439928,0.9703636,1.0387981
20080501,after,0.078153599,0.20899123,0.67266983,0.33119825,-0.4185965,-0.85588232,0.012626473,-0.15499058
20080534,after,-1.1039042,-0.97905085,0.51076493,-0.21695288,-0.81050992,2.4214171,-0.43178432,-0.14747915
20080542,after,-0.12543188,2.11346,-1.1344493,-0.045707038,-1.6866952,0.16322882,-1.0838684,-1.2891872
20080566,after,0.32258378,-0.9138323,-0.096691574,-1.1960347,-1.3538342,-0.82002987,0.24534961,0.68682511
20080567,after,-0.4020106,0.59064202,-0.68840596,2.2114296,0.11837614,0.9390386,-0.1688216,-0.59675901
20080573,after,0.20941242,0.96773112,-0.15890579,-0.57237617,0.055856885,0.23858042,-0.36221645,0.50299569
20080590,after,-0.21574663,1.1933607,0.70531909,0.9468133,-0.54827281,1.4542975,-0.015204654,-0.90801959
20080640,after,-1.1499951,-0.18362628,0.5351454,-0.47677898,-0.24510846,-0.56175114,-0.93277608,-0.67647497
20080642,after,-0.78508036,-0.059683502,1.3700943,1.3040747,-0.73231064,0.043203714,-0.045144698,0.88951824
20080647,after,-0.77118651,-0.42335424,0.4377755,-0.32327771,-0.43894529,0.2790441,-0.45971928,0.30030956
20080649,after,0.10274644,0.52874961,1.5486443,-0.60189754,0.29003278,0.49589449,-0.38856963,-0.020368511
20080651,after,0.78356956,0.62502608,1.2547073,0.61682206,-0.13215683,0.90546107,-0.60850383,-0.039067379
20080660,after,1.5420911,1.5403427,-0.032339213,1.0679201,1.2701678,-0.93304598,0.29926169,-1.225989
20080662,after,0.92090226,0.22916932,0.38253245,-0.20092021,0.036181145,-0.56622207,-0.449491,-0.53116583
20080672,after,-1.0290388,1.6285078,-0.75366446,0.70605736,-0.19530455,-1.0846203,1.0728135,-1.2974241
20080677,after,0.82991882,0.17106694,1.3122316,0.34170928,-0.18761325,0.75658162,0.37053569,0.70257897
20080689,after,-0.66650306,-0.27932226,0.26255562,-0.18914547,-0.0064859082,0.036979724,-0.22962985,-0.099379953
20080710,after,-0.52546001,-0.66644733,1.4199287,-0.1730244,0.95290819,-1.0357758,0.34215372,0.34110176
20080717,after,0.7547555,0.99061807,0.96191074,-0.87547627,-0.14573263,1.9913682,-0.24477112,0.71187887
20080726,after,-0.13519843,-0.057998849,-1.3954411,-0.055489858,2.3833346,0.3445671,-0.52843456,3.3580281
20080743,after,-1.7434291,-0.25525299,-0.42898412,-0.11345528,-0.55430651,0.16927228,0.11362245,1.6449157
20080774,after,0.80496748,-1.1119475,0.86571544,1.2240847,-0.57934658,0.94193695,-0.36663921,-0.85928314
20080794,after,-0.79629748,-0.36627678,0.50879358,-0.34878863,0.23439177,-0.64302299,-0.071290644,0.26905173
20080807,after,0.017451314,-0.83501159,0.64857165,-0.37435125,-0.7152785,1.6056185,0.81282594,-0.34547556
20080823,after,0.31532773,2.1978852,0.24413191,0.3702735,-0.46619533,2.3276403,-2.0069268,0.39426564
20080829,after,0.38388225,-0.64125997,-0.35665663,-0.86856275,-0.81346923,-0.8498345,0.42461942,0.45387707
20080837,after,-0.99035942,-0.16989998,0.10054042,-0.73646754,0.36665344,-0.42870986,0.93173755,0.24765366
20080849,after,-0.66880589,0.1255971,0.59055342,-1.2299014,-0.24107257,1.1610203,-1.8291614,-0.10973538
20080867,after,-0.2430127,-0.46479784,-0.46238383,0.80985267,0.92629553,-0.71632775,-0.30719247,0.48947393
20080882,after,1.9639348,-0.69668978,0.4351172,-0.31821959,-1.3899773,0.51552291,-0.5167153,1.4245437
20080889,after,-1.001832,-0.53644967,0.32892987,-0.058290055,-0.092268766,-0.72947813,-0.39173783,0.027158929
20080894,after,-0.18870906,0.62221086,0.54738827,-1.9498052,-0.27414672,0.096460934,-2.2526555,-0.47604177
20080898,after,-0.72943808,0.26594564,0.080992138,0.33466601,0.19901788,-0.78238227,-0.10506251,-0.23181807
20080923,after,-0.62443717,0.11564533,0.76167083,1.118794,0.2822246,0.54856058,0.027623658,-0.40465291
20080924,after,-0.15657053,0.53565528,-1.0311326,1.3647504,-0.67518016,1.112834,-0.13638413,0.69227318
20080943,after,-0.87341276,-0.91079189,-1.9066901,-0.59181432,0.83402564,-0.050326729,0.36916756,2.9364166
20080945,after,-0.035864859,-0.56001285,-0.16102998,-0.49825894,0.36432539,-0.85316673,-0.13229566,-0.06016321
20080959,after,-0.97879588,-0.039448335,-0.57967341,0.44606109,-0.18635288,-0.72125439,-0.71052776,-0.64890459
20080964,after,0.34022377,1.2998346,-0.34132487,0.046945776,-0.75451625,0.61186892,-0.72758217,0.89415489
20080967,after,-0.28092043,-1.34477,0.77161143,-0.080464098,0.68158503,0.97254462,-0.50398295,-0.65860784
20080969,after,-0.95800793,-0.20813593,-0.92985486,0.61288539,-0.56256449,0.041988832,-0.61062586,1.0420808
20080975,after,0.99655991,-0.73418985,-0.70250704,4.4175636,-2.1559196,2.049281,-0.93548724,0.34590814
20080979,after,-0.77524709,-1.3109297,0.73080684,-0.29777651,-0.037017778,0.61741954,-0.30067126,-0.070101327
20080982,after,-0.91261306,0.70883432,0.036181752,-0.85180895,-0.92324451,-0.14883723,-0.79515474,0.13987849
20080986,after,1.061644,0.78427669,-0.75361727,-0.61782047,0.62573604,1.7506514,-3.9286533,-1.0577824
20080999,after,-1.1377394,0.093715274,-0.36934143,0.76659736,-0.33543972,-0.2217416,-0.1683208,-0.58256294
20081004,after,-0.016074231,-1.5063928,-0.39973747,-0.36288162,0.86044579,-0.35538561,0.069761938,-1.6076384
20081010,after,1.3093055,-0.49663041,0.0020442051,-0.44712734,-2.0968072,-1.3953803,-1.2616379,-0.97616531
20081020,after,-1.1097116,0.025177568,0.21663835,-0.76489231,-1.0206137,0.66722334,0.95498602,0.12511967
20081022,after,-1.2460447,3.7267889,0.62473531,-2.2017682,0.25598464,1.1788906,-0.31552195,-0.52077954
20081041,after,0.19052781,-1.0236282,-0.061939279,-0.081380951,-0.16746259,-0.53121771,0.31825079,-0.99287254
20081078,after,-0.36745861,-1.3024604,-0.1162417,0.076684268,-0.46157137,0.13968264,-0.30968567,-0.55410453
20081095,after,-0.87490756,0.73371841,-0.33607656,0.78439683,-0.021572343,-0.76824801,0.13804839,-0.29500063
20081103,after,-1.0893128,-0.040608071,0.43338525,0.03423892,-0.40545292,-0.45834247,1.0177674,1.2224011
20081122,after,0.21342665,-0.73043793,-0.85324343,-0.93001934,0.78860108,0.17105589,0.083180968,0.56260081
20081132,after,-0.62440684,-1.3303536,0.26470408,-0.34549626,0.75526363,-0.35087919,0.31339767,-1.0015156
20090004,after,1.1697707,0.60334009,-0.36656953,-0.19898928,1.0638353,-1.1746501,-0.64461946,-0.73831926
20090014,after,-1.1496029,0.56058483,-0.94171518,1.3532618,-0.76268081,-0.022938452,-0.47364897,-1.8564836
20090017,after,0.49355442,0.43518971,-0.35325921,2.1269602,-0.28990487,-1.080503,0.11191103,0.11954175
20090020,after,-0.11628463,-0.29698808,0.6221746,-0.030507133,-0.008236,0.15802796,0.093334564,0.4827501
20090026,after,-0.4567853,-1.0878035,0.81218752,-0.40668782,0.67809476,-1.0743342,-0.6421312,-0.19836477
20090033,after,-0.49507123,0.13843798,0.25659919,-0.046198349,-0.22020137,0.49323679,0.041494411,0.58196023
20090041,after,-0.78793144,-1.0255488,0.23174369,-0.52905811,0.2641978,-0.31930671,-0.68744303,-0.099205402
20090049,after,-0.29743412,3.5887358,-0.49457121,-2.03449,1.100282,2.4843188,-3.5975238,2.1321102
20090078,after,0.56607251,1.6193546,0.068362561,-1.5335328,-0.043743553,0.87207882,-1.9578627,1.4761644
20090090,after,-0.74438102,-1.2495544,-0.21408462,-0.64041423,0.38485562,-0.59275268,0.48780152,0.7868344
20090111,after,0.81765067,-0.80491393,1.3380449,1.3137162,0.52688516,1.3160784,0.52568057,0.14197411
20090130,after,-0.44951782,-0.58514687,-0.36971339,-0.40470119,-0.16838242,0.37431349,1.6456133,-0.66458524
20090133,after,2.1014744,-0.69786576,-1.2499595,0.15100908,2.9116227,-0.21026373,0.21346464,-0.59142324
20090164,after,-0.3232205,2.5665079,0.49946741,-0.34351851,0.65686154,0.048036433,0.39212735,0.53831197
20090175,after,1.2072205,-0.5151716,-0.64387673,0.20843207,1.2351022,-1.6834197,1.0914983,-1.1874195
20090187,after,0.6207283,-0.0072110191,-0.41538016,-0.51030646,-0.70241454,0.053575204,-1.1442664,0.5731236
20090193,after,-0.63606118,-0.46362724,-0.40658212,1.7013622,-1.1978494,0.68450174,-1.1433191,-1.0238799
20090198,after,1.1154464,0.83092249,1.7037526,-0.41672251,0.24540783,1.0114164,0.27880156,0.30114373
20090205,after,0.68269928,-0.51065269,0.42902816,-0.85509763,0.013892003,-0.1597358,-0.30790391,-0.76460869
20090207,after,-1.584182,0.83653605,-0.55032665,-1.1607541,0.51191605,1.4416394,-0.35748495,0.44400913
20090211,after,0.47456693,-0.52602112,0.83989311,0.3866389,-0.49649727,2.0392498,-0.58058893,0.050960577
20090224,after,-0.20181747,-1.4730903,-0.055089024,-0.30682558,0.88004318,-0.5361222,0.01554694,-0.77740509
20090237,after,0.45721225,-0.50211764,-1.4820472,1.6181939,-0.53228568,-0.61171209,-1.5582152,1.2292818
20090256,after,-0.16131021,-0.22252143,-0.52156016,-0.36212009,-0.63734728,-0.86031495,-1.0775014,0.060708839
20090264,after,-0.65946866,-0.30055797,-1.3271994,-0.60272642,0.67459962,0.21439237,-0.73475619,1.8504417
20090269,after,-1.4182961,0.52092842,-0.77885744,1.1500793,0.34371143,-0.76509972,0.79891484,-0.70035419
20090270,after,-1.0982831,-0.67953057,0.32406343,-0.32978468,-0.17123196,-0.78380579,-0.21099811,0.019525535
20090272,after,-0.83552787,-1.3253924,0.42854956,-0.38663384,-0.076550319,-0.028394677,-0.40026001,-0.18386905
20090278,after,-0.38848228,0.61749437,-0.15732249,-0.48906535,-0.28531635,-0.38618738,0.43980682,1.2508011
20090307,after,-0.54812222,-0.50782802,-2.9506185,-1.9344815,2.2357713,1.9858479,2.231149,8.107009
20090343,after,-0.71749881,0.16863989,0.56893303,-0.16636105,-0.17262948,0.20701546,0.077289013,-0.30809741
20090345,after,1.6333795,-1.2247325,0.59005476,3.477853,0.15906787,0.97475146,0.24075951,0.64599874
20090363,after,1.7198982,-0.52151687,-1.0438833,0.87739167,-0.79500368,-0.028607126,-2.8856512,-0.084832124
20090376,after,1.3375936,0.64943286,-1.2155388,0.12773581,1.9724454,0.51278453,-2.7397515,0.15127871
20090379,after,-1.680889,0.14937275,-3.4476464,1.7027329,-1.8798523,1.2269635,-0.18938091,-0.13300219
20090385,after,2.1825062,-1.7658854,-3.6035761,1.0423921,-1.0380467,-0.11591811,-1.6053094,1.4027228
20090393,after,-1.4206407,0.92545778,-1.0818058,-0.16240132,-0.0017181867,0.9619637,-0.13657094,-0.85335751
20090427,after,2.0859865,0.4310178,1.034043,-0.16799118,-0.28734949,-0.38852182,1.564479,-0.66193017
20090447,after,-1.1617541,0.6363599,-2.5432749,3.0045135,-1.767863,-0.24923883,-0.40893859,-1.8063418
20090460,after,-0.45127834,-0.22089776,-0.15486561,-0.99204586,0.063131,1.1129767,0.068636945,-0.73373401
20090469,after,-0.49457912,-0.17137723,-0.50980096,-0.14756979,0.25302872,-0.059285137,0.60397566,-0.25098949
20090475,after,-1.498448,0.47474781,-0.8259935,1.7712031,-0.32094026,-0.011116414,-0.4657279,0.64289782
20090477,after,-0.39874986,-0.70043564,-0.46095891,-0.62800126,0.38991225,-0.22318794,0.35612473,0.57376142
20090502,after,-0.99936436,-0.79091992,0.65179018,-0.32644135,-0.44580312,-0.5517891,-0.13491691,0.67776869
20090508,after,0.0071085502,-0.59284522,1.4563817,0.61252484,0.26917827,0.95809794,-0.81697581,-0.48516987
20090521,after,-0.61776989,-0.44224447,0.38209096,0.26108355,-0.52725476,-0.25209027,-0.19643957,-0.077978194
20090537,after,0.32329776,-0.17502281,-0.55408826,-0.42045231,0.41952027,-1.8805656,-1.3147464,0.66288351
20090541,after,-1.2924874,0.64704681,0.19917077,-0.43330774,0.041843422,0.86731033,0.65804321,0.4512558
20090553,after,-0.3239243,0.33572298,-2.9364979,1.5626755,-0.76209407,2.3275658,2.0039595,1.6770721
20090588,after,-0.67572767,1.5691515,-0.77483645,-0.15923934,0.1334713,-1.1950262,0.39865515,-0.29009673
20090591,after,-0.47452502,-0.49236265,0.88187938,-0.2499167,-0.04331848,-0.79642404,-1.1917489,0.1000948
20090598,after,1.1416258,-1.4886184,0.11715608,-0.9133916,-0.79085847,-0.14038893,1.4527956,-0.9814838
20090612,after,-0.75765863,-0.072900169,-0.27693444,-0.7918741,-0.87723287,-0.90916839,-1.3514092,-0.17146556
20090614,after,0.3492538,-0.13061999,-1.3886655,0.17877042,0.91505381,-0.49534067,0.5144974,-1.1408359
20090615,after,-0.093313272,0.19835068,0.62945851,-0.23604434,0.015616172,-1.318539,-0.25649601,0.44724881
20090622,after,1.1620971,0.016708585,0.17630066,0.14194543,-0.52751545,0.045555885,-0.42774672,0.14531235
20090623,after,-0.13494399,-0.61240357,0.66966146,0.043487655,-0.60279012,-0.47080087,0.57269154,1.4634014
20090636,after,0.73958604,-0.20323383,0.77071965,-0.47471617,-1.9003291,-0.017939021,1.921868,1.1023251
20090679,after,1.9683351,0.3800086,-1.6938303,-1.8908931,0.099257976,1.9914959,3.6824154,0.06132843
20090712,after,-0.70679597,1.2642046,-0.52648261,0.22572617,0.24091462,0.31307013,0.21865953,-0.89599933
20090719,after,0.47906993,-0.96309989,-0.026665834,-0.28985311,-0.18415261,0.23383727,-1.2478262,0.35192127
20090723,after,-0.72326352,0.28950444,0.8451985,-0.015939045,-0.36168136,-0.038442755,0.57693184,-0.5058503
20090736,after,-1.2225715,0.15046184,-0.45520738,0.13400719,0.87704291,-0.80006815,0.76586022,0.54240068
20090774,after,1.6696845,0.52479133,0.10941406,-0.0074745244,-0.2601714,-0.22194558,-0.25584802,-1.042513
20090787,after,0.5363281,-0.46459213,0.81577391,0.64184882,-0.53084617,0.6273833,-0.35392823,-0.092843563
20090794,after,1.1488274,-0.078514127,0.05902038,1.5602884,-1.039269,-0.83186977,-0.18758362,-0.28149957
20090841,after,1.1913789,-0.81917476,2.7211746,0.97376962,0.78842809,-1.8967222,-0.43955105,2.964264
20090852,after,-0.29233708,-0.96118486,-0.3949292,-0.34251069,-0.50042176,-0.39837032,0.21530736,-0.05273044
20090859,after,-0.91752043,0.74033355,0.072194043,-0.35025038,0.3674236,-0.4672625,0.23888238,-0.029365921
20090887,after,1.3043958,0.33198535,2.1907475,1.1715611,1.4698296,-0.07390053,-0.0029500978,-0.52114381
20090894,after,0.40078908,0.96934265,0.37956331,0.26902005,-0.32885609,1.2229849,0.086332808,-0.21547486
20090910,after,1.6151774,-1.1401071,-0.614984,-0.25562036,-2.548119,1.0355302,2.2607092,-2.5828875
20090944,after,-0.47230865,-1.2688282,0.52625291,-0.37297158,-0.19074987,0.39378768,-0.14059631,0.084313286
20090950,after,-0.96106623,0.71601034,0.530329,-0.78070769,0.081440921,1.6880354,0.093571588,-0.5318259
20090969,after,1.5421502,-0.60292387,-0.96383578,0.35324969,-0.60803253,-0.14281161,-0.21680062,-1.5945658
20090973,after,-0.33063573,-1.177631,1.2975755,0.83172343,-0.26492462,0.65853337,-0.21172475,0.75422682
20090989,after,-0.43140786,-0.62548371,-0.31481782,0.019235925,-0.36306775,-0.65816307,-0.42217063,-1.1209047
20090990,after,-0.96243632,-0.86916495,0.92641345,0.026593983,0.03425309,-0.2485649,0.27202395,-0.24717308
20090996,after,-0.75664962,-1.0613122,-0.075024596,-0.54559748,0.59844074,0.35040763,0.030693952,1.1101918
20091007,after,0.49331894,-0.59428298,-0.76367463,0.090705004,0.67401252,-0.58322651,-0.6543068,0.26343355
20091018,after,0.21719338,-0.22826677,-0.99675933,0.4083959,-0.21880556,-0.25394608,-0.50815045,1.5025737
20091022,after,-0.18497852,1.0425119,-1.7718794,0.3479223,-0.55835939,0.30622334,0.334432,-1.0110482
20091031,after,0.4483175,0.6706171,-0.14438332,0.22234213,1.0185899,-1.323242,1.743394,-0.34727398
20091038,after,0.36103441,0.18526177,-0.0053598498,-0.40942607,-0.93618021,0.24025705,-0.72067688,1.1211913
20091053,after,-0.44272211,0.050582092,-0.11095993,0.39978191,-0.25702188,0.40414615,-1.0040095,0.13059993
20091071,after,-0.14925519,0.28217708,0.4559142,0.64359701,-0.2372484,0.47649869,-0.038312643,0.86315878
20091073,after,0.051916442,-0.56664284,-0.64023689,0.027499343,0.094279459,0.41185746,0.76020741,-0.67597892
20091075,after,0.15636124,-0.68474532,0.12653072,1.4607972,-0.73524083,1.0057666,0.42987795,1.132517
20091085,after,2.3065603,-0.062616697,-2.208593,-0.73468043,-0.71153977,0.48830278,2.2166979,-1.8508823
20091088,after,-0.8923318,1.0671684,-0.82663776,-1.1148097,-0.57426858,-0.29426665,-1.1712724,-0.32829079
20091109,after,-1.3358711,-1.4401315,0.80269649,-0.49854511,-0.56567771,1.3391186,-0.37298983,0.48632987
20091111,after,-0.063366179,0.38472474,-0.46846518,-0.77158006,0.11812989,1.6354283,0.42960231,-0.031065532
20091124,after,0.43956641,0.27220141,-0.78900311,-0.30226896,-0.25127109,-1.2558555,-0.54744879,-1.1309965
20091145,after,1.5843119,-0.74827531,0.082206457,-0.71641249,-0.068443836,-0.04528847,1.4470594,-1.0513816
20091169,after,-0.51872744,0.84115258,-0.78562735,0.49796355,-0.95819161,0.32036513,0.0096430913,-0.69779199
20091172,after,-0.75613454,-0.51676767,0.4833102,-0.25257915,0.39780507,1.2521221,-0.63957457,-0.5823786
20091183,after,-1.1949436,-1.0697756,0.44950555,-0.47031092,0.23562295,-0.41612144,-0.24370681,-0.020006401
20091192,after,-0.33309641,-0.40138826,-0.51857002,-0.39475135,-0.52875511,0.21492376,-0.37102999,-0.8672092
20091196,after,-0.48429186,-0.93298969,-1.4883948,0.29328217,2.500804,2.0886383,-0.68352381,2.8417986
20091201,after,1.2234372,-1.2869766,0.42419581,-0.27913076,-0.71021421,-1.4336403,0.052781151,0.020047214
20100009,after,-1.3993263,-1.1811264,0.14946439,-0.19479387,-0.14773786,0.79653423,-0.16306594,0.14635362
20100011,after,-0.12425196,0.94491264,0.11863959,-1.0653443,-1.0685445,0.79738293,-0.1411788,-0.12497697
20100015,after,-0.93003224,-0.20294146,0.070397403,0.62979393,-0.5595408,-0.21362505,-0.080761259,-0.35983466
20100026,after,1.2097557,-1.1443876,-1.8571665,-1.0136632,0.7301375,2.8281735,0.28418631,-2.3522573
20100048,after,-0.50123964,0.11059335,0.63073075,0.050608689,0.5215352,-1.6612596,-0.49669537,0.45965074
20100050,after,2.3105064,-0.18950857,-0.14375673,0.27636818,1.8617259,-1.6291355,0.30693339,-0.35622378
20100056,after,-0.59469855,0.17493462,-0.38511547,0.068912311,0.2291061,-0.8680744,-0.42566424,1.0833108
20100064,after,-1.0214103,-1.3445766,0.52449129,-0.57025769,0.16692838,-0.30306369,-0.33189467,-0.32051955
20100069,after,-0.78841295,1.5823418,-0.97268778,0.300623,-1.3668889,-0.27090535,-0.34479717,-0.42104399
20100077,after,-0.56020814,-1.3759671,0.34167356,-0.11111382,0.96501415,-0.24161215,0.48074041,-0.18687268
20100079,after,0.92110367,0.062114743,0.37035012,-0.78992368,-0.87821935,-0.33743577,0.77709406,-0.16292309
20100083,after,-1.0105586,-0.46151622,-0.07876613,0.71822535,0.66209293,-0.18724676,0.74901559,0.28062271
20100087,after,-0.38402275,-0.22360565,-0.56474871,-0.80498404,-0.88821365,-0.50177848,0.77415404,0.1183951
20100093,after,-1.2262474,0.73784247,0.13212243,0.55964639,1.1915168,-0.52088831,1.2288808,0.88584981
20100095,after,-0.80868812,-0.48983347,0.48945222,0.12411486,0.37046299,-0.2317351,-1.5660642,-0.40078859
20100102,after,-0.82250895,0.32462157,-0.24168464,-1.2666633,0.39298017,-0.22140733,-1.481702,1.1176762
20100105,after,0.059818096,0.2885729,-1.6560846,-0.022164103,1.2638955,0.81352374,0.82331507,-0.98758716
20100133,after,1.2562719,1.6096116,0.93326577,-0.34450646,0.98532199,-0.15399841,-0.061598979,-0.32209434
20100135,after,-0.6662732,-0.55225895,0.31520307,-0.72054305,-0.068645623,-0.22572047,0.41665074,-0.68966535
20100144,after,0.35985611,0.83931586,1.229209,0.63056427,1.9803777,-1.2772581,1.6279402,-1.4970208
20100149,after,2.0298616,-1.2875103,0.26620768,-1.5415243,-2.1869104,-0.87132706,-0.90162476,-0.34492206
20100173,after,-1.0992984,-1.1677282,0.27374508,-0.58787107,0.31513035,-0.24294185,0.23187761,0.25426225
20100196,after,0.2219455,0.37844264,-0.14367896,-1.3843371,0.51991914,-1.5444768,-0.88116873,-1.4708405
20100209,after,1.003437,0.3737546,-2.3154614,0.82288994,-1.165455,-1.2135856,-1.5048017,0.59631409
20100222,after,-0.19514685,-0.76080279,1.2370016,0.44843276,-1.0272932,1.0246235,-0.036826104,0.25136324
20100234,after,-0.033936517,0.26129242,-0.61765874,-0.85762311,0.41472578,-0.21202684,-0.35224343,-1.1244129
20100249,after,-0.72195046,-0.32773574,1.3735032,-0.074374407,0.29526805,-0.6605654,-0.078770234,0.31449229
20100260,after,-0.50096483,-0.29213867,0.9618558,1.2662959,-0.56046153,-0.95572501,0.87018487,0.94822932
20100269,after,-0.16549724,1.362478,-0.84005143,-1.2709493,0.49492497,0.88479863,-0.75369134,-0.1105479
20100290,after,0.012560278,-0.77357508,-0.95270088,-0.98206692,-0.068775317,-0.46147691,-0.57896285,1.6018204
20100322,after,-0.12253724,-0.021752292,-0.94990195,0.31443666,-1.0814556,-0.37442617,0.37796689,-0.033163465
20100328,after,0.18962552,0.31254295,0.76920671,1.3777337,-1.0376544,0.94145548,0.033697912,0.22936822
20100350,after,-0.35710303,-0.020105594,-0.84687324,-0.88008522,1.2507017,-1.0176165,0.27687367,3.376225
20100437,after,0.59088871,0.003396585,1.1364446,-0.66757969,-0.86735414,0.01003242,-1.1069989,0.58188515
20100459,after,2.366485,-0.50057669,-1.3651564,-0.67653275,-0.22457161,1.5910888,-0.4183541,-0.78858291
20100502,after,0.46451232,-0.072587936,-1.6137972,-0.1859773,-0.26772472,-1.1675925,1.2350653,-0.92312851
20100534,after,0.98006359,1.1573954,4.0825713,0.96509519,1.8604075,-2.2977884,0.01076005,2.4599018
20100560,after,0.56559225,0.030064678,-0.61882764,-0.27777923,1.647272,0.48962911,-0.22457044,0.61318347
20100601,after,0.51323557,0.87750696,-1.1829884,1.8747006,-1.0536363,-0.61491576,-2.0559049,1.8007935
20100609,after,1.7255329,-0.34688004,-0.079046505,-2.1040238,-4.3935294,1.3962327,1.7525136,-1.4462085
20100655,after,1.3238742,0.8730571,1.2285147,2.3326294,0.75624295,0.94135451,-0.32627526,-1.3413385
20100664,after,-1.0166358,-0.69367365,0.44946829,-0.54505156,0.161115,-0.95340592,0.13715784,0.014928945
20100675,after,0.50910162,0.51549526,-0.0072127336,-0.38348407,-0.35011312,-0.63970419,0.64365217,-0.32854812
20100676,after,0.010330514,-0.041465225,-1.2532632,-0.13846481,-0.019066539,0.16045968,-0.65784845,1.4268447
20100682,after,1.3210558,1.1111292,0.7460402,-0.49482991,0.082440334,1.2125353,2.0217188,-0.3987277
20100690,after,1.9809926,-1.5230006,2.0852836,-0.31607489,-2.0487184,-3.1575574,0.66034926,-0.2166631
20100705,after,-0.70527276,1.184199,-1.9885728,0.84243429,2.5621893,-2.0299905,-0.63088983,2.0823127
20100707,after,-1.1156137,-0.013636965,-0.45842641,-0.49795536,-0.078252921,-0.34663784,-0.15393158,0.34191146
20100715,after,0.32887745,0.84702232,-0.11681206,0.72522909,-0.69991583,-0.4907698,0.28012534,-0.79715733
20100730,after,2.5295781,-1.0114657,-0.52383304,0.78392172,-1.7002767,-0.094725248,0.10645238,0.81900487
20100731,after,-0.00098902453,-0.55133535,2.4760303,2.1726135,-0.29856873,0.50050667,-1.2418141,0.53053755
20100735,after,-0.88022121,-0.89047371,-0.15343133,-0.14462212,-0.95499923,0.94956823,1.1625296,0.14980306
20100803,after,-1.3949363,0.91627993,-1.3195342,1.9744204,-0.36735631,-0.87022074,0.85237198,-0.91540107
20100814,after,2.4080782,-0.98301994,-0.49185118,1.6968685,1.1439357,-2.0335437,-0.59075316,3.3380417
20100822,after,0.072064985,-0.95176806,-1.9634849,0.13875964,1.1075798,1.5917601,0.55592686,-2.6323082
20100833,after,0.47399309,-0.0050758462,0.77463547,0.22138566,0.5415014,-0.30554736,0.48986983,0.26952731
20100840,after,-1.1475928,1.8696223,0.18120615,0.7707051,-0.079238811,-2.6209913,1.5500788,-0.51021462
20100862,after,-0.26758296,-0.32536401,1.5935899,-1.309199,-1.3626372,0.46370083,0.98294276,0.82671359
20100867,after,1.3517331,0.058709235,0.082752234,-0.51511522,1.8582848,-0.29613627,0.89015694,-0.44208214
20100872,after,0.7482015,1.0591439,1.0034646,-0.31776258,1.0605217,-0.051746538,-0.72065828,0.48046974
20100880,after,-0.37902386,-1.7448444,1.4711845,0.82226343,-0.14890756,2.2765254,-0.3496374,-0.32216779
20100896,after,0.36002173,-0.35008956,-1.7737262,0.59451922,-0.064609002,-1.5738189,0.15433606,0.45985436
20100897,after,-1.3434555,0.22430741,-0.29811601,0.43883487,0.10654918,-0.32077738,-0.32434425,-0.50167328
20100901,after,-0.1438504,0.81313074,0.95527279,0.53615641,-0.14190263,-1.2887776,-0.073412501,-0.19121315
20100917,after,0.49569204,-1.2098942,-0.58064767,-1.7552547,-1.8225517,0.36908431,0.41218409,-0.024966265
20100924,after,-2.109038,1.6258159,-2.7230687,3.3612991,-0.520377,0.36615095,0.54223807,-2.425121
20100953,after,-0.55119908,-0.61660204,-0.99936154,-0.19609686,0.64170844,-0.14915708,1.0865975,0.057114786
20100959,after,-0.63533606,1.6409569,-0.78786078,-0.18059604,-1.3338543,0.54417811,-1.1160456,-1.63702
20100974,after,-1.2460035,-0.49600594,0.15006241,0.28419984,-0.46102911,-0.063592181,-0.13956929,-0.2139498
20100999,after,-1.3237969,-0.20489075,0.11244505,0.34501873,-0.083316192,0.89069602,0.0057383237,-1.3757933
20101027,after,0.14213605,2.5089326,0.37877311,0.19235623,0.90004389,0.29222664,0.59265817,-0.39156836
20101040,after,-0.78835325,-0.90669325,-0.020864803,-0.61161969,0.50809983,-0.36037702,-0.038424332,0.13528087
20101064,after,1.0163382,-0.52694693,-0.2659022,0.26836473,0.87827017,-1.0269158,-2.697117,0.94336055
20101068,after,-0.33719938,-0.75003902,1.418084,0.36778678,0.055749238,0.034976452,0.31555764,-0.24142685
20101091,after,-0.87085145,0.081726892,-0.46901889,0.4450961,-0.21637273,-0.44863606,-0.15806064,0.44046469
20101110,after,-0.67962865,0.0086074487,0.14487598,0.63488689,-0.28351105,-0.95766593,-0.069732348,-0.42856238
20101114,after,-0.31102815,0.35221923,-0.34473012,0.11372967,-0.098834003,0.56995174,-1.3185538,1.1294444
20101141,after,-0.26222466,-0.84581452,0.0702218,-0.36888683,0.26707602,-0.59854512,-0.47124435,-0.46136879
20101161,after,-1.7553126,2.0546134,-2.5549894,0.14500991,-0.42600849,-0.14218643,0.17229061,0.51506179
20101166,after,-0.70227458,-0.54814179,0.012665545,-0.41574266,0.39908679,-0.031826401,-0.56946486,-0.22640869
20101174,after,-0.87244206,-1.5675023,0.42990326,-0.4195099,0.055814437,0.35732777,-0.17303865,-0.40505647
20101185,after,0.26861008,0.46820041,0.81678878,-0.78365296,-0.39617678,-1.502514,-0.54475585,0.024395915
20110010,after,-1.1473476,0.03131993,0.20972572,-0.41170633,-0.23674832,-0.42408754,-0.13494111,-0.14089264
20110013,after,-0.67410824,-0.43340745,0.25196115,-1.0054945,0.39523152,-0.90428225,-0.44358255,0.073696347
20110017,after,-1.0596036,-1.1826393,0.42598717,-0.54927019,0.63957947,-0.66467696,0.29735636,-0.52611025
20110030,after,-0.4504452,-1.722013,-0.35810424,-0.35098849,0.31063418,-0.094539726,0.35380051,-1.5041895
20110037,after,-0.055614783,-0.45373229,-0.079688153,-0.45108287,0.050824774,-0.34538625,-1.5394692,-1.0862476
20110047,after,-0.11157644,-0.13532866,-0.79711458,-0.89768408,1.0468966,2.2548386,-0.60530158,-0.97437042
20110051,after,0.46249607,-1.0273622,-0.16905081,0.39323175,1.7400726,-1.1280808,0.52603227,-0.52283102
20110056,after,-0.10992267,-0.78332815,-0.15841239,-0.68135311,-0.90992564,-0.60682844,-1.8494633,-1.0972654
20110060,after,-0.86553036,-0.30929747,0.96220844,0.6670753,-0.31309118,-0.078175896,-0.84969374,0.40872557
20110064,after,-1.3481651,0.41061427,-1.6799519,1.2730034,0.53880885,-0.39030153,0.92015049,0.20741194
20110072,after,-0.038461032,0.92206914,0.84569054,1.24588,-0.21945367,-0.59600133,0.32345875,0.4511543
20110073,after,-0.53952518,-0.84849107,0.90638419,0.046890702,0.17521728,0.40950436,-0.61560336,-0.50124632
20110080,after,-1.6972195,0.68012749,-1.6420521,0.80657104,-0.81406721,-0.77791228,0.33652433,-1.1750396
20110082,after,-0.093675384,0.72186682,-0.28041461,0.32531949,0.81576726,-0.2487597,-0.6574801,-0.50462218
20110093,after,0.048618056,-0.82704685,-0.53665932,-0.49004949,0.27867112,0.47636676,-0.25114385,0.51818597
20110104,after,-0.27634755,-0.98371398,0.16325087,-0.63773936,-0.055512278,-0.56095477,-0.3124854,-0.97514182
20110128,after,-0.33023889,1.0196022,-0.38756079,-0.046197431,-1.1459392,-0.93542366,-1.0009847,-1.2685229
20110153,after,-0.94149935,-1.1605699,0.5460284,-0.2365939,0.41735974,-0.37389378,0.60095945,-0.23252512
20110157,after,-0.45071356,-0.80000765,0.037059723,-0.79308138,-0.2214202,-0.26228706,0.53902461,-0.029151046
20110165,after,0.053303934,1.2654782,0.20491424,-0.13033561,0.34622706,-0.88603335,-0.9553091,1.2793263
20110172,after,-0.87628119,-1.1202702,0.81229667,-0.11791202,-0.12917275,-0.25468658,-0.30782014,-0.23879655
20110176,after,-0.17092218,-0.23719025,-0.57842361,-1.1896153,-1.0339497,0.018367331,-2.9594438,0.47324441
20110219,after,1.5552958,-1.0968063,-2.736359,-0.98908175,-0.30665581,0.086121621,-1.037759,1.0721483
20110235,after,-1.3359659,0.20054654,-0.72157958,1.0502149,-0.84955166,0.70672584,-0.19179551,-0.65164611
20110236,after,1.2948674,1.8584696,-1.3981878,-1.5134847,-1.0947259,-0.30688331,-2.3122469,0.47114639
20110244,after,2.2755627,-0.022264689,-0.46479321,-0.59716983,-4.4297802,-0.93368476,0.77087742,-1.9616455
20110248,after,0.29952698,0.079355441,0.011682046,-0.71361896,0.78248362,1.0620609,-0.67804062,0.44111649
20110270,after,-0.91067606,-0.51497652,0.46404124,0.19828077,-0.119674,-0.64798419,-0.29443707,-0.44369767
20110277,after,-0.27507755,-0.7274982,-0.41436288,-0.74130811,-0.40941815,0.49021282,1.3813372,1.2487878
20110286,after,0.64772138,-0.73332842,-0.35514092,-0.41882713,2.1606012,0.59466304,1.731237,-1.566135
20110294,after,-0.79826611,-0.4253213,-1.0807612,-0.3434877,-2.3434239,0.84589094,-0.22504485,-0.23188318
20110299,after,-0.96549763,0.54978575,-0.34925324,-0.017520006,-0.52152225,-0.53760119,0.33057013,0.067635328
20110304,after,-1.0069387,-0.31755232,0.51967356,-0.48869022,0.091627296,-1.1182572,-1.6274354,-0.49975943
20110306,after,-0.18235778,-0.1178041,0.59544777,0.84561009,-0.040204599,-0.39069492,0.28821454,0.7540876
20110323,after,1.9845014,-0.60891728,-1.7816025,0.43817824,-0.054601044,-0.81771928,1.1377057,-0.19877762
20110332,after,0.14636266,-1.4385258,-0.62546408,-0.8119886,1.8135867,0.020612467,0.32488464,-1.132343
20110335,after,-0.59273006,3.5846081,-0.82146783,-3.4239134,0.70087358,2.9035001,-4.3171502,2.3830447
20110374,after,-1.2874155,1.2927715,-3.0412781,-0.015146844,-2.5824878,-1.0808152,1.8069707,-1.8410625
20110398,after,0.73789806,0.15552487,-0.36999144,-0.78706959,-1.0532766,-0.8888071,0.74138994,-0.41664552
20110427,after,-0.42542978,1.6358572,0.16604784,-1.375428,0.9654649,1.2788313,0.15982922,0.0070255339
20110443,after,0.24135572,0.13406822,-0.87960972,0.25758795,0.41768494,-0.2211248,-0.42678964,2.3905255
20110445,after,0.88546101,-1.4390021,-0.7017341,-1.1938711,-0.56923562,1.001937,0.22832279,1.1597984
20110485,after,-0.58390544,-0.20645634,-0.92680065,1.1943433,-1.137444,0.39050078,-1.9373024,-1.5350653
20110494,after,1.13632,0.47493965,-1.6497047,-0.0022201821,0.1954175,-1.8378863,0.16812646,1.3535809
20110503,after,-0.86940675,-0.36991487,0.88906277,0.03229815,0.14994519,-1.139752,-0.66127133,-0.034304656
20110508,after,-1.5766863,-0.20644937,-0.1533743,0.050060558,-0.25632102,0.14420414,0.23380247,-0.7159258
20110518,after,-0.69465596,-0.044129209,0.6775229,1.0460137,-0.34481688,0.29424398,-0.40068207,0.46925094
20110538,after,0.66549212,1.0478495,0.024702234,-1.4925327,-0.26179397,0.45079117,0.50702217,0.038849546
20110541,after,1.9827582,-2.4281308,-2.7136256,0.41809852,-0.77613532,0.18778166,1.3427323,1.4547327
20110550,after,-0.23546305,-1.1137291,-1.3040636,-0.040674128,2.1152261,1.1572418,-0.098466013,0.438989
20110573,after,3.0068521,-0.11000112,0.36041302,-1.4743069,-2.8722262,2.3038172,0.054526706,-1.1938929
20110579,after,1.0104977,0.16858243,-0.025067716,-2.5484588,-6.6188734,-0.21896641,2.6969446,-2.5377616
20110583,after,1.1386007,0.51451259,-1.6924681,-0.72632748,0.20733637,0.60421982,2.5960949,0.083883869
20110587,after,-0.014967482,-0.39970144,-0.18225558,-0.64678042,-0.021361724,-0.0514165,-0.29676117,0.75451085
20110598,after,-0.07343909,0.0081796129,-2.0547096,0.5635802,1.5913428,-1.0645184,0.0062646464,3.6245257
20110649,after,0.06863922,-0.21318703,0.48053057,-0.11265555,1.5627389,0.91738754,1.1712592,-0.098983612
20110655,after,-1.0289039,0.63070977,-1.7032402,0.49172869,2.4788708,-1.0391264,-0.011506228,2.5821855
20110659,after,-0.49933167,1.3790116,1.9210157,3.0298041,-0.99390001,2.3676356,-0.39821467,0.20316204
20110666,after,5.6446838,-0.74053077,1.6039746,2.5114012,0.30259793,0.52506618,-1.767859,2.2641578
20110679,after,0.80345249,0.725486,-0.67847697,0.10749594,-0.54370484,-0.044665885,1.9198769,0.33113744
20110695,after,0.54817349,1.0464212,1.8930921,-0.36063606,0.75459173,-2.7830201,-0.38817664,-0.14859921
20110699,after,-0.63469585,0.0028402867,0.58163626,1.3481366,-0.8731133,-0.38925772,-1.1529879,0.2157275
20110713,after,-1.3189758,0.20881343,-0.12735515,-0.69354031,0.047711123,0.028203512,0.99753679,-0.59358377
20110715,after,0.81418937,-0.074915044,-0.93896691,0.26895275,0.19881612,-1.3900054,-0.16616062,0.6695734
20110725,after,0.49513953,0.77993143,1.4133366,-0.39763327,-0.036532618,0.42312012,-0.626831,0.4852616
20110774,after,2.8974649,-1.4771874,-2.2760764,0.10312901,0.34822408,-0.1237311,-0.86459174,0.14276959
20110785,after,0.068557976,0.2558681,1.1795269,-0.59075603,-0.97034616,-1.3964825,1.8991482,1.5132924
20110787,after,0.63010567,0.76683386,-0.25221774,-1.447297,-1.3076718,0.13848492,1.9884084,-0.68061972
20110802,after,-1.0104359,-0.070097135,-0.74432881,-0.63173985,-0.67036779,1.6705823,-0.15334912,-1.6687601
20110804,after,-0.85251404,-0.73105932,0.78195433,0.18014466,-0.081199728,-1.1921693,-0.51963026,-0.30219668
20110813,after,-0.20247631,-0.57056189,0.31301597,0.60465147,-0.26950365,0.10702373,-0.44659309,0.0041160702
20110838,after,-1.8061301,0.44601851,-0.07045284,1.4675331,-0.40638591,0.059530293,0.97323607,-0.90029776
20110880,after,0.23408854,-0.64805885,-0.66236154,0.74455893,-1.2922807,1.231747,0.02477443,1.5795144
20110888,after,0.13804311,-0.4478103,0.29112375,-0.81941609,0.10267131,1.4201218,0.11967683,-0.27810296
20110899,after,0.79334282,1.0809473,0.04227415,-1.2485242,0.35145029,-1.0889849,-0.56523371,0.071777456
20110900,after,0.72741406,-0.63948935,2.8118837,1.0650921,1.3836053,1.5053185,-0.14388374,1.205234
20110908,after,0.36940179,0.10793002,2.3350366,1.9003282,-0.10727276,0.57816362,-0.77561576,1.2460452
20110955,after,-0.91106315,-0.66705677,1.4256765,-1.2934367,0.069032127,0.5655867,0.92353028,1.2360217
20110959,after,-0.68674431,0.56750233,-1.928845,1.4246717,-1.4245485,0.3324186,-1.7332367,-1.4311228
20110977,after,-0.30071108,-0.91763178,-0.34443165,-0.70380257,0.53864119,0.041645166,-0.28622756,-0.074235951
20110990,after,1.1646129,-1.3188753,-0.58208043,0.87643644,0.3958297,0.91585867,1.1384429,-2.1076858
20111005,after,-1.3451483,-0.63712782,-0.02308,-0.34409387,-0.11255497,-0.1862477,0.28964657,0.91193314
20111013,after,-0.74088599,1.0397791,-0.093457005,0.36397853,-0.50349877,0.55119805,-0.11311172,-0.16753501
20111016,after,0.20277141,0.010356514,0.36220888,-0.73656789,0.98785457,2.508483,0.76158327,-0.83160905
20111020,after,2.7611353,-2.3750764,-1.8652699,-1.2187014,1.2642142,-0.060830513,1.0892317,-0.33556541
20111028,after,-0.91154369,-0.89699583,-0.70898728,-0.5825837,0.58680196,-0.3320266,-0.16734918,0.4482144
20111033,after,-0.36288201,0.8963007,0.90189903,0.79077609,0.12257356,-0.19996279,-0.058040859,0.074534525
20111034,after,0.43324189,-0.51965633,0.26750896,-1.6411033,-0.25901392,0.36353813,-1.3234469,-1.1230628
20111053,after,0.19680229,0.42140809,0.34808309,-0.65223314,-0.67267338,0.31145276,-0.46528898,-0.27406898
20111066,after,1.3028755,-1.417543,-1.5203622,0.46025936,-0.869824,0.66202231,1.5623232,-0.77837855
20111075,after,-0.69940957,-0.98746088,0.50554197,-0.18514531,0.18737395,-0.14714856,-0.65706468,-0.51104024
20111083,after,-1.0409698,-0.86854806,0.82575362,-0.48835997,0.080038795,-0.13449387,-0.12041752,0.4985838
20111098,after,-0.35154852,0.077364318,0.81771408,-0.54975092,-0.58143026,0.87457112,0.44933112,0.40588522
20111100,after,-0.88872278,-1.2185302,-0.30126871,-0.61195299,-0.51663042,0.42267266,1.0287365,0.61298723
20111116,after,-1.0214509,0.0027345499,1.2683167,0.43597523,-0.16168131,-0.045095189,-0.35539949,1.0512841
20111127,after,-0.49334399,0.60863168,1.1555678,-0.26982022,-0.033854454,1.0381999,0.14724024,0.39523787
20111128,after,0.28363194,-0.11909523,-0.34565063,-1.6938464,-1.4108436,0.10497523,-1.2808469,-1.3151964
20111133,after,0.060506037,0.027156975,-0.0095973276,0.20576088,-0.46970032,-1.0165774,0.12750566,-1.070449
20120005,after,-0.53170318,1.6080476,-0.22785639,-0.081429894,-1.1502186,1.2301603,-2.0397896,0.2030431
20120024,after,-0.19124901,-1.0684642,-1.01462,1.0116139,-0.52781865,-0.56891931,-0.92398022,0.46814867
20120046,after,-0.35061948,0.021248205,1.2783674,1.8291546,-0.49134723,0.92858917,-1.7060543,0.048056465
20120056,after,-0.97701156,-0.87888535,0.10271901,0.6673265,-0.4198425,-0.30261205,-0.202258,-0.39098045
20120058,after,-1.0268381,-1.0030765,0.81912965,-0.56945072,0.25076286,-0.84319897,-0.16563175,-0.1112958
20120079,after,2.9189067,-1.6576408,2.062479,2.3400773,1.9531046,1.4123117,-1.1667341,0.149652
20120088,after,-0.070669465,1.0362405,0.7261235,0.64669431,-0.78366285,-0.36418105,-0.14065418,0.79711065
20120089,after,-0.44058502,-1.5114957,-0.010002568,-0.69303529,-0.095340912,0.41077679,0.29360515,-0.22716357
20120090,after,-0.38003024,1.9086511,1.2021796,-1.2620169,0.31780107,0.17110221,-1.4440219,0.30586556
20120116,after,-1.215031,-1.0772745,-0.19784535,-0.43680275,-0.24521167,-0.17295547,0.58637181,0.96239421
20120120,after,2.3027868,1.9337653,-1.696777,0.32987966,-0.43899441,1.7440359,-0.39480792,3.1245378
20120123,after,0.33875245,-1.2888995,-0.97130455,-0.57910517,-0.13733878,-0.49221055,0.63710068,-0.71497351
20120129,after,-0.52224358,-0.052043497,0.62324326,0.73123439,0.19034737,-0.2040706,-0.51663262,0.60349091
20120138,after,-0.62209209,0.081695553,-0.011823705,-0.088889525,-0.14805264,1.4874429,-0.10710685,-0.73300153
20120151,after,-0.57054931,-0.614531,1.7942605,1.3134709,-0.11216473,2.8325267,-0.47268355,-0.030953154
20120157,after,0.53821637,1.0794085,1.0204165,1.3472065,0.12983526,-0.59047482,0.81085295,0.17258753
20120172,after,-0.18804257,0.14333535,-0.98063858,0.056038087,3.3153286,-0.71836515,-0.76312468,-0.70372445
20120185,after,1.0056147,0.31068773,0.31156379,-0.65225122,0.63479719,-1.3832939,0.041883956,-0.023766051
20120200,after,0.19552245,-0.85953744,-1.4605943,-0.41519949,-1.2791952,-0.66730266,1.4885858,2.4846732
20120206,after,0.55896737,-1.1631178,-0.17896634,-0.78941691,0.19592593,1.3521955,-0.68980973,-0.15426208
20120214,after,0.46959919,-0.9968226,0.67443176,-0.28959616,-0.61218967,-0.28312844,1.4200948,-0.3014413
20120227,after,-1.8104715,0.58557458,-0.65069833,-0.76951347,-0.91798757,0.25812673,2.3122421,1.0290753
20120239,after,-0.44529785,-0.019589851,-0.7775128,0.6775058,1.1757989,0.83030948,0.13010303,1.0636104
20120244,after,-0.45398545,-0.086567629,-0.039423047,-0.44917481,-0.62561294,-0.24003777,0.3356343,0.33090621
20120250,after,-0.57884814,-0.23099574,0.80533919,-0.13857471,-0.2357302,0.33106785,-0.3640732,0.47505832
20120275,after,-0.32584187,-0.88769015,-0.15567927,-0.16124442,0.17805887,-1.0473597,0.21941581,0.12751827
20120277,after,-0.22069538,0.55489441,0.072984417,2.3044333,-0.44171921,-0.24313275,1.184664,1.1032882
20120283,after,1.2375047,-0.66263605,-0.84533329,-0.49718241,-0.21561318,-1.7708025,1.1922844,2.3522892
20120295,after,0.37087411,0.6094593,0.42737433,-1.0015395,1.2648002,0.14417781,0.44607225,-2.4559837
20120312,after,-0.029783987,-0.51453683,1.9007567,-0.082742799,0.76000047,0.99107579,-1.3040902,0.63480846
20120341,after,1.4781943,-0.66459184,-1.1382955,-0.79461362,-4.1411568,0.55035072,1.8516574,-0.70358579
20120345,after,-0.59446369,-0.23665081,0.071142457,0.52461975,-0.05532694,-1.0280403,-0.28166985,-0.31616185
20120353,after,-0.11630775,0.23510037,1.7734771,0.2128776,0.37104973,-1.916421,0.32542639,0.40963862
20120375,after,-1.4121105,1.3012654,-1.0754073,-0.44496431,-1.0060229,-0.071596095,-0.35857503,-0.44582554
20120377,after,-1.3665951,1.0040507,0.62878177,-0.75859721,-1.6451785,0.88462024,-0.044223388,0.58342723
20120392,after,-0.24873188,-0.45361411,0.32972224,0.52831127,-0.54619029,0.63011702,0.5512828,-0.32836072
20120398,after,-0.58217332,-0.55266324,0.5347439,1.2192285,-0.24061528,-0.6031909,-0.4579139,0.56646804
20120402,after,-0.13121986,0.17018909,0.2960646,-0.56137754,-0.23780775,1.4045105,-1.4263849,-0.23447597
20120441,after,-0.22017339,0.39123428,-2.255763,0.34323179,1.6888312,0.47392702,0.87503673,0.29316945
20120443,after,-0.099224658,-0.73268102,-0.30168084,-0.37692366,-0.37716691,-0.54378654,-1.0012219,-0.56845541
20120465,after,0.29479743,-0.26301965,0.0042434451,-0.0055619874,0.36457223,-0.48523624,-0.51833402,-2.003604
20120478,after,-0.30964161,0.6788973,-0.60611225,-0.70413931,-1.3640558,0.55164404,3.3796625,-0.56974762
20120520,after,-0.32040554,-1.1091274,-0.90774338,0.39799083,0.38394291,1.155552,0.013657339,-1.2783145
20120530,after,-0.47718587,-0.28119151,-0.50758091,-0.81103723,-0.14725883,-0.58460542,-0.11613664,2.5144482
20120540,after,-0.69468303,-0.35545419,-0.2556981,-0.26688828,-0.49779224,-0.76854783,-0.8653966,-0.066170238
20120541,after,0.37167972,0.044442052,-1.9659213,0.42520329,0.58435376,-1.1787753,-0.74702159,0.090553498
20120567,after,-0.99804156,1.2640973,-2.028036,0.91176483,-0.61604898,-0.5904823,-1.1937176,-0.74586252
20120570,after,-1.4969804,1.9844227,-0.79080842,0.51390138,0.35228118,-2.7883303,2.1985574,-0.46000414
20120582,after,-0.68934221,3.5340794,-0.26379535,-0.81419259,1.3619316,0.50002026,3.2740534,-1.0403782
20120596,after,-0.47924819,0.10172027,-0.023230948,0.46919512,0.42362515,0.32691877,0.466067,-0.9122157
20120612,after,-0.046098408,-0.65686572,0.16351013,0.50207453,-0.65460577,0.018346843,0.42242218,0.751143
20120613,after,0.2717665,0.50263022,0.49753737,0.37811429,-0.47499591,-0.13985275,0.56547827,1.4160583
20120626,after,0.80361905,-0.58259847,0.66142318,-0.10132075,0.023490923,-0.73413631,1.1421654,-0.53883793
20120628,after,-0.90144698,-0.076886495,0.0033440497,-0.65305187,0.44185992,0.74138447,-0.18701964,0.3297806
20120642,after,-1.4748362,0.58812861,-0.66821764,0.84768723,0.27451743,0.90226406,-0.78903898,1.1195273
20120705,after,0.16238146,0.74761058,-2.1955522,-1.5060657,-1.3233334,0.67317998,-1.1391681,-0.10079262
20120723,after,0.44146681,1.6498047,0.89457039,-1.1652377,1.6200549,2.9987022,0.94619579,-0.52066456
20120745,after,-0.15240148,0.47122886,-0.8804266,-0.56995091,1.4146268,0.57823893,1.3067891,-1.0230046
20120755,after,0.47976614,-0.69825266,-1.1201995,-0.40011225,1.8968987,-0.81244888,-1.2582199,-0.9060258
20120774,after,-0.22696636,0.25572625,0.91371913,1.1343066,0.0072445312,-0.057465904,-0.1488585,0.33603319
20120777,after,0.32146763,0.088176331,-0.11275022,0.00031889779,0.29583895,-2.0296372,-0.24038013,0.51920988
20120789,after,2.0042385,-0.89632171,-2.3040265,1.0549704,-2.8074809,1.0582282,1.3579839,0.90905908
20120830,after,-1.5743251,0.29018016,-0.032264153,1.1348549,-1.0728076,1.2871997,0.60784201,0.46983185
20120837,after,-0.9317028,1.3229473,0.55142441,-0.71826735,-0.25452828,0.68004333,-0.92572415,-0.25985265
20120847,after,0.06843405,0.17538321,0.54932536,0.90149164,0.46192253,0.046232749,-0.46221793,0.0087291252
20120853,after,0.46821659,-0.96306527,0.70796447,-0.70181623,0.29562237,-1.068676,-0.106946,0.66337594
20120890,after,-0.35640016,-1.3330135,0.34402992,-0.57924058,0.47371415,1.7264351,-0.2081653,-0.89393193
20120911,after,-0.89297494,0.89508808,0.26645804,0.42750851,0.66206898,-0.47299597,0.5448066,-1.0132986
20120926,after,-0.5006276,-0.42390796,-0.13007377,0.21578186,-0.63849507,-0.32883913,-0.18114557,0.36276341
20120955,after,0.78156765,2.1653306,-1.27239,-1.6169853,0.25068243,-1.8015619,0.15511148,-2.224278
20120968,after,1.0859348,1.2986595,0.24153997,-0.015232029,-0.80756033,-1.057494,0.23188474,0.14260401
20120981,after,-0.45023507,-0.43536767,0.86876173,0.54688935,0.045382782,0.20884134,-0.12797137,-0.038908769
20120987,after,0.020624178,-0.38734672,0.006615403,-0.63175252,-0.92430222,0.1844067,-0.36551308,-0.094955713
20120992,after,-1.054724,-0.28003743,-0.062207046,-0.63116799,0.54496906,0.0085918009,-0.3246579,0.88686216
20121002,after,-0.92564636,0.52389842,-2.0926115,0.91434553,0.34779795,0.002894305,0.5110507,2.3864522
20121005,after,-0.12391904,0.07737648,0.23196482,-0.34360304,-0.75803048,-0.66706722,1.2721707,-0.52273286
20121020,after,0.1129218,-0.73400307,-0.086525152,0.59469963,-0.12474183,-0.90914802,0.7656636,-1.5289708
20121026,after,-0.029042354,-1.366775,0.11833564,0.32807005,-0.45370524,0.12760999,0.13129696,-0.58344503
20121035,after,-0.57573451,1.9528584,0.15323474,0.79273745,-0.22910701,-1.9355058,0.32440038,-0.042882615
20121041,after,-0.48656999,-0.73187562,-0.29186328,-0.74231844,-0.59057667,-0.20450436,0.19291015,0.80160574
20121042,after,-1.0103506,-0.30548989,-0.2673548,1.5053119,-0.6762529,0.25542184,-0.11926659,-0.6854515
20121090,after,-0.45993036,0.67899299,1.2185505,0.75833503,0.029779731,-0.79968165,0.47151668,0.49304085
20121099,after,0.6314499,1.5344968,-1.0327742,-0.65767745,1.7853534,0.63186019,0.7014964,-0.85407495
20121109,after,0.54166647,-0.72683669,-0.022808308,-0.56247229,-0.023551793,1.3205978,-0.38962034,0.12777031
20121110,after,-0.77729,-0.23428354,0.73740639,0.48887604,-0.48796325,-0.75746631,0.090654721,0.20180174
20121118,after,-0.42899023,0.11890416,0.85454406,0.86325386,-0.15821073,-0.11928354,-0.69577309,-0.5952975
20121119,after,-0.83604754,-1.1514365,0.92600062,-0.39725271,0.52711635,-0.47064393,-0.0051301862,-0.10009082
20121141,after,0.20623163,-0.30607885,-0.14497596,0.98886675,-1.3450898,0.088268907,-0.23719794,0.14687994
20121150,after,2.1936058,2.0924458,0.66097124,-1.9650048,-0.31662034,-1.8697453,0.36777827,-1.4816029
20121155,after,-0.35924828,1.2910056,-0.027665218,-0.66042848,-0.72311796,-1.1364837,-1.6342098,0.032013904
20121159,after,3.1318613,-0.29899611,-1.2769104,-0.94560013,-2.0636719,-0.59374053,0.43677165,-0.10033468
20130004,after,-0.59785032,0.657038,0.61134687,-0.25093445,-0.15107204,-0.33116577,-0.51846463,-0.034700939
20130009,after,-0.93703269,-0.87908969,0.25043072,-0.51507802,0.22068214,-0.099425129,-5.8011401e-05,-0.20670152
20130016,after,0.39541514,0.32573119,-1.9779547,0.36427243,-1.3538676,1.0895866,-1.917546,-0.20904351
20130018,after,-0.31567805,-1.5471497,0.48529801,-0.14579201,0.86675036,-0.32831877,0.40335482,-0.96548823
20130022,after,0.38070365,-2.4662559,-0.44594126,0.062507567,0.7959787,1.1556401,1.6660468,-0.46063496
20130043,after,-0.49451462,-0.62942766,0.51661708,-0.38653622,0.019099037,-0.043309595,0.35886515,0.5904864
20130047,after,0.078332675,-1.6949287,0.71661493,-0.064989002,1.4012533,-0.70312429,0.40137577,-0.48433368
20130057,after,-1.2713748,0.60133019,0.97199772,1.5722857,-0.1506244,0.23127391,0.46711115,1.4209945
20130061,after,0.1162433,-0.49550921,0.090291927,0.28915825,-0.16527926,0.41184086,-1.4287238,-0.75713154
20130073,after,-1.3667368,-1.0095098,0.50643299,-0.53349992,-0.21120358,-0.10583033,-0.027106952,-0.06102967
20130096,after,-0.8654705,-0.043252747,-0.67754747,0.84091698,-1.0113347,-0.19668263,-0.17605513,-0.33924665
20130106,after,-0.66297308,-0.55963341,0.35831193,-0.47244644,0.8978601,-0.93746607,-0.34467523,0.42468487
20130123,after,-1.9978988,0.010884843,-1.6077466,0.98234541,-0.63353506,1.4619628,2.5988767,1.1502089
20130135,after,-0.30021155,-1.1255969,-0.36581921,0.36391036,-0.56391611,-0.58562594,-0.88826135,-0.47357464
20130143,after,0.048280907,-0.051526312,-0.1657719,-0.48450119,-0.86043874,-0.61683857,-0.13455647,-1.5042828
20130162,after,0.34549349,-0.31692082,-1.5720761,-0.24085571,-0.9390878,-0.099114645,0.41465205,-2.0949319
20130181,after,-0.99553001,2.6236523,-0.20077672,-1.9748073,-0.1100094,1.6920606,-2.3939998,1.3430737
20130191,after,0.34407036,0.23342129,-0.78589927,-0.50042442,1.4077901,-0.2449967,-1.0162928,0.43647975
20130201,after,1.0043193,0.80968829,1.351535,1.9437245,-0.61684494,-2.0227526,0.44876623,1.2321157
20130209,after,0.38027592,1.5135495,0.020494371,-0.39172848,0.59372137,-1.6582976,0.19191397,-0.46938493
20130211,after,0.48666038,-0.82976745,2.555904,0.60018029,-0.32874268,0.18042038,-0.17404402,1.1384124
20130253,after,0.76311664,0.61466924,0.25251711,-1.4719787,1.0111723,-0.38918406,0.58020132,-0.52246448
20130277,after,0.58909368,1.4638087,0.98750846,0.30792005,-1.6078782,0.35094864,-0.74302807,0.055411009
20130281,after,0.067165559,0.082679883,-0.15747062,-0.82815081,-1.0996777,-0.89770184,-0.33718351,2.670576
20130286,after,-1.1466722,0.18904026,1.06914,-0.029057522,-0.03730961,-0.82637411,0.85817633,0.67059789
20130297,after,0.30474276,-0.53967005,-1.3494533,-1.131606,1.0622584,1.6558616,2.7783932,1.9517178
20130301,after,-1.0409044,-1.4702175,-0.020827805,-0.43055076,3.2304379,2.8989163,0.16101948,-0.66266603
20130321,after,1.232613,-0.93849952,0.54641448,-2.1911109,-1.8604388,0.15655659,0.75095599,-2.0788438
20130332,after,0.49688136,0.09597675,-2.0690796,2.8578978,-1.7717015,-0.76145617,-1.8716625,1.4756163
20130340,after,0.089269542,-1.7210196,-1.0147812,-0.43016713,-0.36295552,0.40338421,1.3235362,3.2260828
20130350,after,-0.8222354,-0.487514,0.29266736,-0.39650687,-0.36240836,0.14177287,-0.30527439,0.25273864
20130368,after,-0.75637036,-0.15464258,0.52595899,0.23215765,-0.38712434,0.68953243,-0.30351659,0.36448032
20130375,after,0.20016372,0.37566254,-0.75927146,0.1953367,0.5020981,-1.2134912,0.6129902,-1.2833731
20130385,after,1.021914,-0.10905105,-1.2898811,0.52614004,1.4495118,-2.74314,-2.9669836,0.55684083
20130387,after,1.1475817,-0.60714643,-1.6683394,-0.38156184,-0.57171133,-0.73389563,-2.1769374,1.5523745
20130415,after,0.72078632,-0.095523436,0.13322772,-0.26447991,-0.5965466,0.34364286,-0.5309137,-0.37726699
20130434,after,-0.59992681,0.096364643,0.15790553,0.043959386,-0.26170293,-0.72519487,-0.71793307,1.1367942
20130444,after,0.13949321,-0.49306603,0.92973748,-0.35022653,-0.38260231,0.29396964,-0.82065726,0.44625647
20130470,after,1.8316149,-1.1314222,-4.2650068,0.61611664,3.655538,0.61048764,1.4040808,2.3648612
20130501,after,-1.0260742,0.66020112,-2.4546422,0.41835237,1.5380153,0.70936402,-0.05128028,2.8503702
20130517,after,-0.96318288,-0.61002427,-0.027982023,-0.39470256,-0.057171027,-1.0449394,-0.011211516,0.7423014
20130534,after,0.66385826,1.0331313,-0.70444931,0.52027187,-0.31617747,-0.21829445,-1.2798245,-0.56945594
20130536,after,1.4983472,1.6864873,-2.6094376,-1.3418069,0.1733411,2.2518367,-1.3552235,2.3823613
20130540,after,0.34853457,-0.1714515,-1.1364231,-0.084375393,3.4851796,1.4062821,0.92932695,1.3447085
20130613,after,-0.5187296,-0.24972889,-0.61902294,-0.095153795,-0.09659292,1.1273421,0.39584543,-0.37077961
20130629,after,0.2738509,0.22178521,-0.76382701,-0.11850436,-0.025802172,0.060032288,0.21840693,1.2949963
20130635,after,2.1477191,-1.0417152,-1.8202724,2.2667887,1.7911169,2.0359182,1.7512934,-0.77399741
20130656,after,-0.87909037,1.1210344,-1.0459905,0.88740845,0.20303899,0.52778282,0.98713942,-1.5421066
20130666,after,0.66265075,-0.44940308,-2.0515433,-0.38313537,0.45355485,-2.0398925,-0.28562379,0.23392295
20130667,after,-1.3013275,2.1628286,-2.9784435,1.077691,-0.21366079,0.90490511,-0.99924771,-2.2437189
20130687,after,0.46079261,1.0668179,-0.088583453,1.4490491,0.07866427,-1.9036371,-0.02101418,-0.22042322
20130734,after,1.0812412,0.092834494,-0.15318813,0.2172546,-0.31432932,0.4067334,-0.69783755,0.24497219
20130746,after,2.1204388,-1.0058105,0.78738191,-0.97967004,-1.2994307,0.36712496,-0.41484547,3.1744
20130777,after,0.34860556,0.79325633,0.29669379,0.19365528,0.83717277,-0.32458762,-0.026361435,0.4998314
20130786,after,0.34260074,0.043934132,-1.1471882,2.3845082,-1.2307928,-0.13735991,0.30291875,-0.32704685
20130790,after,0.4511886,-0.65505926,2.0485603,0.80975312,-0.59013484,-0.86408965,1.4292875,0.3023514
20130813,after,-0.38968324,-0.52547165,-1.713539,-0.0087987751,2.0991157,-0.77919594,-0.24824338,2.3716055
20130825,after,0.55668244,2.3295214,-0.70570481,0.7854177,-0.40585973,-0.46726028,0.21477513,1.4952715
20130853,after,0.34073324,-0.45473928,-0.49344521,-0.41354891,-0.062572573,-1.1847284,-1.600395,-0.58455856
20130866,after,0.5762188,0.089399141,1.7202476,1.3578385,0.97332465,0.6071924,-0.79683576,-0.1835869
20130878,after,0.085969035,-0.16083209,-0.66638702,-0.32497189,-0.1951813,-0.3393016,-0.43346117,0.27288245
20130909,after,-1.3534796,1.0466641,-0.12121332,0.6279933,-0.29332058,0.55203216,-0.042569569,-0.063928857
20130910,after,-0.12065181,0.57529154,-0.57128077,-0.57627959,1.2511185,-0.73913141,-0.0975776,0.76071768
20130914,after,0.95379927,-0.91588741,-1.0803415,-0.43830805,-0.14852963,-0.60939428,-1.8539524,1.542717
20130920,after,-1.0439097,-0.78601307,-0.13198394,-0.55364138,0.14251692,-0.36639121,0.093588385,0.24012019
20130927,after,-0.88230442,0.3740836,-0.27167927,0.49042606,-0.23945378,-0.61111659,-0.87893518,-1.4524453
20130929,after,-0.67826551,1.6126204,-1.4221588,1.1349286,-1.0968667,-1.1513048,0.095762077,-1.3830362
20130952,after,4.0811383,0.43810788,-0.067294676,1.239786,3.7260295,-0.011697216,1.12487,-0.83763611
20130953,after,-0.38354382,-0.25636728,0.29502396,0.48315377,-0.32801495,0.23821641,0.44753586,1.0324877
20130957,after,2.0395766,-1.1218779,-1.9759413,0.12516732,0.68379961,2.0591719,4.2261431,0.88049348
20130968,after,0.39054293,-0.88565952,-0.89036565,-0.52683758,0.46259797,-0.031119483,0.25376421,0.14260581
20130977,after,-0.92903869,0.0085616218,0.64668949,-0.84823342,-0.46037713,1.0426668,0.71496253,0.71505806
20130990,after,-0.14307758,-1.1355783,0.35473516,0.34392656,0.59231708,1.5234085,-0.43926747,-0.62620076
20130991,after,1.4361069,-0.6575452,-0.11982728,-0.078229082,1.5534189,-0.79752737,-0.017621151,-1.4493005
20131001,after,-0.95104074,1.5808501,-1.2726336,0.28935614,0.93770766,0.70478265,1.0455176,0.69979913
20131002,after,-1.2954639,-0.79552843,0.48755876,-0.17402939,-0.61895428,-0.053793305,-0.14766917,-0.192929
20131017,after,-0.20095002,1.9507392,-0.48872232,-1.5334186,-0.67657535,-0.50152587,-0.37817538,-0.57090412
20131018,after,0.41241316,-0.14925241,-0.27226731,-1.2470911,0.43923306,0.6672064,-0.31269406,-0.62199573
20131031,after,2.5557637,-1.6997185,-1.9147606,-0.62865014,-0.81273322,2.3476832,0.50519891,-0.29801696
20131038,after,-0.64834516,-0.56940144,0.31151691,-0.59065636,0.30957513,-0.15259823,-1.4730003,-0.93679008
20131050,after,-1.4281076,-0.45099692,-0.39446264,-0.3808344,-0.71013291,0.16799104,-0.61408587,-0.58546598
20131052,after,-1.0515507,-0.79628102,-0.20738335,-0.061810329,-0.43672162,-0.32784853,0.12390618,0.87420671
20131057,after,0.96850905,1.6697172,-1.0720835,-2.5855953,-1.0632093,0.97102407,-1.0323936,2.4825627
20131072,after,0.63642826,-0.21342551,-2.1080049,1.2973212,-1.9384118,-0.95161507,1.5893783,0.97352265
20131083,after,1.4336879,-0.72969031,-0.52392168,0.29705978,4.8022533,0.22508389,0.60711923,0.53613516
20131086,after,0.97708096,-0.71406331,-1.5286635,-1.4615971,-0.2010281,1.139177,-0.57040345,1.760597
20131096,after,0.45662455,-0.86490275,-2.0083779,0.41827142,0.35007089,2.403224,-1.3718126,-0.98031118
20131099,after,0.090037712,0.15299168,-0.25356692,1.2020159,-0.47670881,-0.063593519,0.25826858,0.56255191
20131115,after,-0.40270314,-1.0141409,-0.79891214,0.55779766,-0.29560186,-0.1872535,-0.19873735,0.78075733
20131147,after,-0.93422396,-0.065817843,-0.078766921,0.22848569,-0.94879501,-0.35383892,-0.268388,-0.64472946
20131158,after,-0.09811428,0.3703404,2.4072675,3.0884484,-0.18828725,0.40698514,-0.15764873,0.022071555
20131161,after,1.2575488,1.4404181,0.93657348,0.76116953,-0.916888,0.042711982,1.4725631,0.83036587
20131163,after,-0.76561994,-0.87164926,2.4326167,1.0193139,-0.15306845,0.62809113,0.27422016,0.25347236
20140006,after,0.36406125,-1.4560247,0.78556377,-1.0926016,-0.6096265,0.041943843,1.2948434,-0.15062097
20140012,after,0.026922579,0.5756805,0.82754143,1.2948071,0.052128595,-1.2549579,0.016548021,0.58270272
20140029,after,0.68550925,-0.45199419,-0.74975144,-1.6784634,-2.1409984,0.20572643,1.849366,0.48435677
20140041,after,-1.1457841,-0.010534015,0.34265251,0.31810517,-0.1483661,-0.29216392,0.52467698,-0.29622565
20140045,after,-0.66259945,0.12613025,-0.90274507,0.59684472,-0.71057925,-1.6619494,-0.57034185,0.620204
20140052,after,-0.010877074,0.27676822,-0.36433302,2.4085929,-1.068968,0.46408612,0.32045661,1.5983053
20140060,after,-0.64143373,0.039616575,-0.57156518,-0.78953001,-0.72743592,-0.88803272,-0.58627686,-1.1641857
20140066,after,1.5871063,1.1430143,1.0883914,-0.94185342,0.029672226,-0.14453265,-0.0089188188,-0.51915936
20140086,after,0.66298771,0.43291579,0.3612254,-0.087622388,-0.73840468,-1.7876226,0.12327648,-0.14383362
20140089,after,-0.41849331,-0.32303907,0.37713967,-0.19001743,-0.39125342,-0.75162893,-0.054691692,0.34250659
20140098,after,0.36065979,0.39120916,-1.0550226,-0.63278042,1.2934018,1.7978317,-1.195786,-0.16066127
20140104,after,-0.52226988,0.41800901,0.95809861,-0.89932118,-0.64050005,-0.62607274,-1.2378929,0.12111627
20140118,after,-0.022438928,0.82240156,0.73288464,0.11532463,0.12576732,0.56252012,0.92828147,0.16222226
20140124,after,-0.58989096,-1.0968309,0.30336063,0.34420406,-0.28983307,-0.037434806,-0.68923176,-0.17862149
20140139,after,-0.1938418,-0.95073411,1.0337878,0.53708038,-0.19630055,1.4742706,-1.6282967,-0.63995974
20140156,after,1.0497603,0.29864564,0.25453419,-0.43107684,-0.42105931,-0.7027949,-0.79328754,-0.48551472
20140162,after,-0.59884589,-0.25339348,0.73625331,-0.55273166,0.10474997,-0.66621217,0.77286315,1.0608257
20140174,after,-0.57397656,-1.3642996,-0.51111072,-0.47830849,0.51742881,-0.45724822,0.48275626,0.32301769
20140178,after,-0.40817702,0.64345868,0.54839754,-1.2650204,0.42969751,0.0074858295,-0.73378808,1.0270076
20140181,after,0.76230571,-1.7877046,-0.3511492,0.0639248,2.3269144,-1.1644745,0.34613438,-1.1177799
20140186,after,-0.21786449,-0.50267868,-0.53775717,0.090599922,0.20590786,0.78813197,-0.95792611,-0.40624664
20140194,after,-0.58295083,0.29101163,-0.83955497,0.57478036,0.52268233,-0.9008206,-0.5499403,0.24828141
20140201,after,2.209631,0.78679059,-0.18337286,-1.7455837,0.50685569,-1.5969493,1.3103081,-1.328594
20140207,after,2.1002165,-1.1469138,0.2211365,-1.0240384,-2.0406523,-0.83130217,0.19976878,0.67946227
20140307,after,-0.15574569,2.0028438,-0.22437367,-0.23393731,-0.39522953,-0.48218287,-1.2343468,-0.1624358
20140319,after,-0.15995403,0.0098636173,0.15141469,-1.0895047,0.54824866,-0.31330329,-2.4121995,-0.47210215
20140331,after,-0.12268303,-0.64409458,1.0357841,0.60731006,1.2283708,-0.19114282,0.90862796,0.17059056
20140364,after,-1.3637664,1.6029065,-0.2220223,-1.2736147,-0.39911426,1.3527414,-1.4264718,-0.18395212
20140367,after,-0.67259358,-0.36210761,0.5285514,0.31608794,0.33734917,-0.48534915,0.095373057,-0.23657916
20140368,after,-0.63167348,-0.5167904,-2.3498573,0.24715297,-0.22360219,-0.63154333,-1.4609496,-0.41785193
20140379,after,0.079954255,0.40541745,-0.088325442,-0.134811,0.44102862,1.6359146,-1.7803435,-0.098377433
20140385,after,1.050104,-1.0891013,0.52992743,-0.31901612,-0.92255724,1.1240874,0.16646472,0.66246351
20140418,after,0.82251228,0.42841707,-1.4057085,1.2334342,0.93279598,-1.9900123,-0.22041044,1.6486367
20140438,after,0.91420452,-0.82150476,-0.98235985,-0.70945017,-0.28971646,-0.59495636,-0.98376852,2.7997057
20140468,after,-0.83617324,0.10281282,-0.37568543,-0.85858501,-0.70283873,1.0251759,0.067862476,0.52659587
20140500,after,2.4322047,3.2034318,0.99672386,-1.445388,1.6433791,-1.0968048,1.5671512,-0.19995114
20140515,after,-0.63085062,-0.79697642,-0.16663134,-0.46664975,0.15546012,-0.66507433,0.72250831,1.0103412
20140516,after,0.084366723,-0.16643061,-0.68947704,-0.12808609,-0.58362563,-0.68368035,0.36768807,-0.15008593
20140532,after,-0.093501453,0.21604444,1.8885835,0.69357862,0.54668826,-0.97076304,-0.57280969,-0.0092172916
20140536,after,-0.2949084,-0.18414183,0.25839509,-0.61068234,0.19730218,-0.011442067,-0.049007726,-0.26078766
20140544,after,-0.77422893,-0.32709653,-0.022946763,-0.41478711,0.021236776,-0.92169524,-0.22669041,-0.31881066
20140549,after,-0.017623407,-0.65790175,-0.8470612,0.12553168,0.23598358,-0.31976489,0.48736775,-0.63589247
20140598,after,-0.94359954,-0.56227015,0.49490546,-0.56454341,-0.043458162,-0.51765474,-0.11298304,0.17986522
20140607,after,-1.1319101,0.1685708,-1.0833487,-0.4601489,-0.42714196,-0.68407991,-0.66923353,1.1982022
20140615,after,0.92493543,0.24814288,0.55152579,-1.7333222,0.58753978,0.18642179,0.62009064,-1.0459396
20140623,after,2.3747322,-0.64192337,-1.4372171,0.15419222,0.085344373,-0.76358766,0.63302332,-0.33375891
20140648,after,3.4511564,0.73983351,-0.88661037,1.4766755,3.4300055,0.78876026,0.27354148,-2.8509485
20140651,after,0.033099749,0.86397654,-0.16529631,0.029949385,-0.19275537,1.2632285,0.32171699,0.28103425
20140668,after,-0.58851479,-0.33094347,1.1648781,-0.43696725,0.34461738,-0.84260798,-0.81387366,0.1171246
20140686,after,-1.2149418,0.89221086,-0.19160909,-0.3949652,-1.0656206,1.4957025,-0.16634829,-0.45171571
20140692,after,0.72533005,-0.015202558,-0.14389898,-0.22086789,-0.51119539,1.450321,1.1315326,-0.22619287
20140706,after,1.1212476,0.36316128,1.1515549,0.29500645,0.20840288,1.4818383,-0.80660736,0.091617511
20140710,after,-0.54161073,0.026245492,-0.60863067,1.0350863,-0.52168954,0.53172744,0.69085222,-0.75959175
20140712,after,1.1944634,0.028529687,0.12131434,0.22903928,-0.46913145,-0.15901017,-1.501047,0.67912913
20140726,after,-1.0860187,-0.81897683,0.60023312,-0.70259068,-0.56226165,0.013765298,0.087988082,0.19931054
20140727,after,-1.1801497,0.5793276,0.021425916,-0.06676088,-0.62744222,0.57434256,-0.6483809,0.54891788
20140736,after,-0.22319654,0.88486545,-0.31288639,0.62982709,0.045726158,1.4138065,-1.1005233,0.96312552
20140759,after,-0.020462642,0.063672092,0.26732275,0.29124494,-1.6964744,0.94466899,-0.90782148,0.047626735
20140766,after,1.9919603,1.3862625,0.37949137,-0.063641284,-0.20446276,-0.89432717,0.35747303,-0.35202085
20140797,after,0.71712002,0.14205687,-0.192778,3.8582823,0.68728171,5.3419565,-2.3122017,-2.4949051
20140807,after,0.52380562,-0.67207372,-0.0007954084,-0.49631079,-0.14050959,-0.24047921,0.11119413,0.10520984
20140822,after,0.082438805,0.24322337,-0.059870287,1.4187505,-0.72955346,-0.94068131,-0.1421499,0.085306362
20140830,after,2.4220329,0.16005691,0.11047334,-1.3874497,-1.9126859,0.26270822,2.3269811,-0.27846432
20140838,after,-1.2243008,0.69498697,0.32483269,-1.1285123,0.2161495,0.74527858,-1.1446311,0.35804911
20140840,after,-0.40128437,-0.77643044,0.47644539,-0.6305742,0.57159311,2.4984943,-0.95562116,-1.3325822
20140873,after,0.39782586,-1.3326152,0.44390153,2.1721052,-0.13196111,0.67919738,-0.70828652,0.3111865
20140918,after,-1.2105312,-0.20195807,0.26920424,1.3817433,-0.93665529,0.95477464,1.3383452,-0.065513942
20140932,after,-0.84846901,-0.59640348,0.80475621,0.61643557,0.36575136,3.2932434,0.47980481,-1.3886637
20140935,after,-0.15766313,-0.83182089,0.58801887,-0.23087546,0.45892051,0.32174088,0.43238798,-0.27589808
20140942,after,0.066009941,-0.90945396,0.43455165,1.0556436,-1.2067137,0.23325119,-0.20081633,-0.25980211
20140950,after,-0.0099936809,0.27293499,1.1729473,0.65045868,0.19350679,1.1716708,0.032151837,-0.18181787
20140951,after,-0.844749,-0.35043796,-0.42659659,-0.022242451,0.82828286,-0.28673037,-0.77304052,-0.063955707
20140979,after,0.55259511,3.2649056,-0.40514089,-1.859381,0.31197812,0.33163283,-0.1029284,0.062332842
20140997,after,0.49075183,1.1091383,-0.18082002,-0.53363534,0.6122296,0.071241497,-0.66498199,-0.033854257
20141009,after,-0.58311744,-0.10556886,0.81080312,-0.60809631,-0.75619937,-0.15088938,-1.7390306,-0.23001222
20141014,after,-0.35734982,-0.37213345,0.30747668,-0.3876987,0.36980409,-0.14340047,0.24704411,-0.45778183
20141021,after,-2.8387011,1.0376579,-0.74940415,-0.97790898,-2.4685327,2.5079006,3.852652,2.8406618
20141035,after,0.91274472,-0.84933595,-1.416455,0.30403268,1.7299623,-0.80603958,1.9442117,-0.79924966
20141039,after,-0.66375297,1.3544316,-1.5283282,0.48962144,-1.1634184,-0.7460719,-0.36058763,-1.2593033
20141045,after,-0.41467348,1.2460558,-1.6027394,3.9845618,-2.0248868,-0.57308583,0.24602033,-0.47821724
20141063,after,0.91005747,-1.2358853,-0.89632874,-0.51098191,1.5750595,-0.60909779,0.31859882,-1.0470219
20141068,after,-0.68104203,0.022177242,-0.065402165,-0.25814448,-0.042805722,-1.1280965,0.28023067,0.4766868
20141074,after,-0.12474557,-1.3150527,0.78546225,0.94016814,0.83173812,0.18368817,0.58792967,-0.45203609
20141089,after,1.3052759,-0.63030274,-0.84696497,-0.17618015,2.4622719,-0.68860478,1.6497718,-0.99130101
20141103,after,-0.19435739,0.23909331,-0.59712752,-0.74939574,-0.49847905,0.30562146,-0.13726819,0.36441696
20141104,after,-0.92795089,0.030067206,0.14999641,0.73503502,0.56826968,-0.43333896,-1.6172415,-0.057711806
20141148,after,-0.41871229,-0.26200698,1.8481426,-1.3983123,-1.0359636,-0.15403664,2.9709827,-0.42374379
20141160,after,-0.42889307,-1.0948136,0.33013759,-0.18240862,0.50881084,-0.478014,-0.38007382,-0.17344645
20141165,after,-0.84010315,0.20018897,0.23311976,0.57480272,0.0080384544,-1.116808,0.58727524,-0.20834669
20141169,after,0.20445572,-0.45460927,0.13495547,-0.31942975,-0.1886089,0.072419331,-0.1932729,0.18548268
20141177,after,-1.0542924,-0.55533388,0.44163044,-0.7041529,-0.3659466,-0.57752082,-0.052325418,-0.082342174
20150005,after,1.149427,0.52794478,0.68224634,-0.89655371,-1.0069056,-0.20876127,-0.84388766,0.84549248
20150015,after,-0.89133417,0.37598636,-0.7007035,0.81371481,-0.49170589,0.10767491,-0.031549393,-0.91258873
20150017,after,-0.83764717,-0.96305435,1.042835,-0.26475895,0.47501139,-0.80393442,-0.60195896,-0.0087804602
20150024,after,0.70691702,-1.0561863,2.6326852,2.4522201,0.24749955,0.040965442,0.16134554,0.95427901
20150025,after,-0.39311045,0.42711341,-0.93427524,0.80225814,-0.92697078,-1.1551158,0.079205933,-0.37016711
20150039,after,1.4879431,-0.499661,-0.26918764,-0.71444334,1.7036514,-0.30841926,-0.74150615,-0.41120283
20150049,after,0.50650187,-0.57716427,0.25949555,-0.069467436,1.0597918,0.00027434934,-0.72022645,-1.3289452
20150053,after,-0.82457038,-1.7435455,0.87808839,-0.2688116,-0.27486908,0.75036095,-0.01469636,0.23258936
20150069,after,0.67947743,-0.91253901,-0.85140199,-1.270457,-0.38649168,-0.38099773,2.4639527,0.62226886
20150083,after,-1.1368973,0.711858,-0.51823286,0.62511676,-0.19873944,-0.46257182,-0.30753446,-0.9536303
20150097,after,-0.49341276,-1.3986409,-0.20782751,-0.92235293,0.20859167,-0.37680997,0.25199573,0.29862613
20150100,after,-1.2429222,0.46447969,0.04548492,-0.078605431,0.5376546,-0.095059945,0.27960954,0.18489929
20150108,after,-0.10207787,-0.30347889,-0.047161951,-1.151637,-0.024110502,-0.5171579,-0.27234187,-0.60070202
20150123,after,-0.19092437,-1.2265063,0.11904704,-0.55385323,0.52371903,-0.3041333,-0.17280748,-0.43262054
20150135,after,-1.0181537,0.30555249,-0.14688208,-0.010494163,-0.031642778,0.33561497,-0.63832137,-0.52583197
20150149,after,-0.89456076,-1.0621893,0.187257,-0.66798635,0.05729752,-0.68293896,0.11781187,0.55483716
20150167,after,-0.39227007,-0.80930322,-0.52884001,0.48543825,-0.77462729,-0.18622271,0.093778627,0.4715823
20150175,after,-0.12223981,-0.94649697,0.075906359,-0.16847268,0.75735605,-0.97541634,0.19100327,-0.66520488
20150185,after,-0.8438799,0.93019017,0.67303608,-0.12504573,0.047369791,-0.37337285,0.61951742,-1.1800083
20150187,after,-0.94337229,-1.1988265,0.44271796,-0.6357044,-0.074692026,-0.42398233,-0.27664737,-0.20714922
20150189,after,-1.1456768,0.98326648,-0.36599736,-0.54194978,0.33498217,-0.67476202,0.51863728,-1.3793378
20150206,after,-0.53097229,-0.34136725,-0.50083633,0.81602623,0.19370267,1.2106857,-0.18107086,-1.1544637
20150231,after,1.4592565,-1.4081204,1.371741,1.2676132,2.0740668,-0.34495435,-0.048858448,-0.28616351
20150252,after,-0.54327756,0.22624799,-0.85496231,-0.41171351,0.39709008,-0.18763956,-1.2380858,2.4614195
20150260,after,-0.2283801,-0.03565195,0.076120301,0.5422809,-0.50149813,-0.85223354,0.42055955,-0.25292501
20150266,after,1.1278875,0.28894573,-0.31238468,-0.096318385,-1.9601452,1.1260544,-0.44855525,-0.1128321
20150285,after,-1.3977518,1.7145168,0.6582465,-0.63748732,0.58872006,0.076338963,1.6487613,0.046540287
20150306,after,-0.12261978,0.11982186,0.11721611,-1.2544333,-0.83535501,-0.61636094,0.015601518,-0.33994651
20150359,after,0.97499081,-1.4950311,-1.3622739,-0.8337813,1.3904795,1.578225,1.5756975,-0.54139691
20150370,after,-0.60472647,-0.10235353,0.30129746,-0.25993398,-0.54967866,-0.63576968,1.0208026,0.19616144
20150377,after,0.57232498,-0.62121484,1.0840592,1.8019094,-1.6745894,1.5734161,0.36426837,1.0904742
20150391,after,0.84216892,-0.77277492,0.19091087,0.69084767,1.231896,-1.2543676,-0.19216117,-1.4636511
20150407,after,-1.3523392,1.3492246,-1.3059452,-0.45072264,-1.1091541,-0.34084958,1.9386263,-1.5662985
20150436,after,0.81695836,1.1242134,0.1661008,-0.33539728,-1.3651232,0.90656325,-0.55169598,-0.13707531
20150441,after,-1.4426966,0.027266346,1.4427087,-0.20295132,0.34744513,-0.6610389,3.0792206,1.6591685
20150445,after,0.33142179,1.4916777,0.82625018,1.5695715,0.30165666,-0.47836231,0.68567874,-0.31881039
20150451,after,-1.2002802,-0.28086934,0.31679741,-0.4132603,-0.082316737,-0.13569063,0.57708673,0.94530231
20150458,after,-0.80069494,2.3127801,0.30211007,-0.24790741,0.42868388,1.2766027,-0.19438264,1.1060502
20150468,after,-0.21342305,0.30136866,-0.056711298,-0.77051136,-0.17033925,0.20064491,-0.028051673,-0.38318413
20150482,after,-1.1549991,0.45921279,-1.7092756,1.4977919,0.089888435,0.35413663,0.36688572,-2.1853825
20150491,after,-1.1972671,2.1430913,-1.2309029,-1.2529908,-0.5472083,1.5296195,2.8710705,5.3625927
20150499,after,-0.19936739,1.0514529,0.023710141,-0.24186295,0.89006919,1.5420079,0.77813582,-1.8674644
20150515,after,3.0053779,1.4400186,1.6943249,4.5479234,2.753383,0.055331566,0.83833971,-0.043247423
20150528,after,2.7102259,-1.1634917,-1.1606619,-1.2180187,-2.1683378,-0.37986798,0.32781964,-0.97884733
20150532,after,3.5995525,-2.945902,-1.5864417,0.35557374,-2.4637037,1.3350616,-0.13396389,-1.6067301
20150537,after,-0.99248281,0.10121586,0.56573138,0.03277406,0.016421526,-0.28430482,-0.32155108,-0.62728366
20150546,after,-0.73798654,1.1728311,-2.0152937,1.1160392,-0.24353825,-0.35363415,-0.46885755,-1.1665797
20150561,after,1.6904947,-1.6045278,-2.2597037,0.31780404,-0.02005527,-0.050941436,2.7737506,-1.7246892
20150566,after,0.30282695,0.55729976,1.9675004,0.32009206,-0.017984163,-0.74401539,0.42470163,0.97714335
20150594,after,-0.26133075,-0.97691272,0.95571117,-0.23520969,0.60149094,0.37730834,-0.71232843,-0.064250913
20150608,after,-0.046784986,0.17798098,-0.0086251085,-0.024253972,-0.5864962,0.48835122,0.36929936,1.7227008
20150614,after,-0.30031257,-0.73022501,0.067513056,-0.54232614,0.13716036,-0.24558529,-0.53008274,0.86689673
20150628,after,1.8654374,-0.080884056,-1.8832178,-0.059961311,1.853879,-0.33105456,0.28089925,-0.51934024
20150629,after,-1.1856481,0.08952297,0.30428445,-0.18203393,0.018165568,-0.89321369,-0.035423919,0.51873403
20150637,after,-0.50763143,1.7702964,-0.13232155,1.2142264,-0.94094161,2.6122758,-1.5335461,0.42095175
20150638,after,-0.76538265,-0.56533455,-0.3005807,0.097341203,-0.49526038,-0.32427796,0.10976891,0.22114146
20150646,after,1.4500017,0.23595113,-0.23791185,-0.11429347,0.24178459,1.1836568,0.4236895,1.718322
20150650,after,-0.23730641,0.31097621,0.57400204,-0.34367895,0.78606427,-1.7387797,-0.55306954,0.11374827
20150655,after,-0.39882924,-0.52387667,0.48242619,0.66439254,0.31707631,-0.24027848,-0.97704894,-0.38617914
20150656,after,1.0581288,-1.1263397,-1.994665,0.2010025,-1.0736654,0.59129334,0.33678765,0.80367431
20150682,after,0.23856214,0.44244884,0.044677232,-0.87159403,1.4792089,0.71258588,-0.17467681,-1.3975629
20150699,after,2.2192488,3.2571173,0.32513629,-0.43042113,1.0271308,0.47599029,-0.86776427,0.71830969
20150700,after,-0.37772058,0.28200889,0.21848362,0.5781353,0.35938513,0.1707744,0.54824794,-0.95678245
20150717,after,0.1300621,-0.25466386,-1.7137557,0.48528702,-0.065093734,-1.5223798,0.71293813,-0.1080659
20150746,after,2.1582007,-0.71316161,-0.55341527,1.2926768,-0.79952372,-0.20296689,1.0698923,0.5668067
20150761,after,0.88695048,0.60542093,-1.5819456,-0.71470702,1.555688,0.35863906,-2.1336489,-0.69897155
20150802,after,-0.34964058,-0.12503021,0.33667848,0.56809502,-0.86142366,-0.39164869,-0.28900276,0.37370771
20150805,after,0.0020504911,0.9535332,1.176064,-0.56372628,0.46631492,-0.19898493,-0.2388909,0.32897918
20150809,after,-0.22698674,1.8884715,2.1322405,-0.028661841,1.5009878,0.33507752,1.0487588,0.1090758
20150821,after,1.7088106,1.8237014,2.0757151,0.8091129,1.8095079,1.8770004,2.4682137,1.4411625
20150827,after,2.9901616,1.853161,1.0468261,-0.61370866,1.5955874,0.1688864,2.2513042,-1.0736576
20150829,after,-0.0072515465,0.53692123,-0.044703285,-0.80086069,1.3571874,-0.55384848,1.1586097,1.3103133
20150836,after,0.66727769,0.88690686,1.549781,1.7759493,-0.19796852,3.1395604,-0.81511874,-0.039066975
20150843,after,1.7047575,-1.6830781,-1.7992182,3.9560703,0.842467,2.3961768,0.062587736,-4.0893495
20150871,after,2.0261969,0.28742854,-1.1242419,0.18454934,1.6601417,2.9392541,0.96360998,1.1708391
20150880,after,0.42601405,-0.29242964,1.0190087,-0.26272297,0.59031771,0.96024783,0.35070489,0.12064396
20150890,after,0.52633249,-0.058565743,0.79019454,1.1087999,-0.2487619,0.66056156,0.085661199,-1.9324177
20150908,after,-0.64057534,-0.6628202,1.6089933,0.29547016,0.45126821,1.4789417,-0.14723038,-0.7519033
20150942,after,-0.96353076,0.47234369,-0.31510329,0.73714667,0.35046706,-0.29016548,1.5672492,-3.6229952
20150953,after,0.73390605,0.99648948,-0.26837512,-0.37405358,0.5644151,-0.15720758,-0.24712898,-1.0286957
20150984,after,-0.41584272,-0.23665542,0.070129696,0.61738122,-0.16241128,0.79673673,-0.26898676,0.25449045
20150992,after,-0.2738081,-0.60080068,0.11360011,2.1351009,-0.75909568,0.89246449,0.33678524,-0.51769236
20151026,after,-0.61916003,-1.2909563,-0.072065922,-0.73770479,-0.078596733,0.6958665,-0.017612091,-0.063801267
20151030,after,-0.72853864,0.76839835,0.37725274,0.32246167,-0.053459214,-0.18544809,0.29099928,-0.29269669
20151045,after,0.84600859,0.31330631,1.173945,0.51741,1.729005,0.16303426,0.5686156,-0.48580492
20151050,after,1.6397309,0.5300522,0.10632521,-1.1493558,-0.046996909,1.1837458,-0.54400878,-0.4297827
20151054,after,-0.53364717,-0.64459148,-0.24197688,-0.67851996,0.50528592,-0.41473456,-0.32441423,0.2924308
20151076,after,-0.98759809,-0.4466518,0.16977037,0.13062218,-0.20241281,-0.69112458,-0.29816608,-0.16888189
20151116,after,-0.38094294,-0.75288282,0.55334054,-0.28411163,-0.0085620333,0.63205073,-0.48814314,0.25343747
20151119,after,-0.10796019,0.68706266,-2.0087189,1.0844078,0.49902908,1.0252112,-1.2774097,-0.67480973
20151123,after,-0.4720534,-0.82725676,0.66772103,-0.033327435,0.43098954,-0.39756468,-0.27965186,-0.23407098
20151130,after,0.56314033,0.6145944,-0.48347376,0.10359779,-0.77615255,-0.72032976,-0.59229806,0.0015820729
20151136,after,0.21509805,-0.7583111,1.9700465,0.10020126,2.965619,-0.65420768,1.737722,-0.22959937
20151141,after,-0.90786748,-0.82839657,0.75891529,-0.12596859,0.75673048,-1.2315768,-0.060334751,0.24254246
20151143,after,2.0749277,-0.77420499,1.9139886,1.8300754,2.6447362,0.17143207,-0.062653833,0.34946451
20151148,after,-0.75495292,-0.42449734,-0.28482951,0.44667843,1.1652565,2.7383042,-0.43717856,0.89466624
20151160,after,-1.1650146,-0.28280286,0.37617785,0.099356521,-0.33788221,0.41926711,-0.15687876,0.13193187
20151170,after,-0.74025667,0.85529135,0.70460491,2.7891723,-0.7660719,0.30200842,0.34981234,0.50490408
20151175,after,-0.5913982,-0.41754341,1.2833862,3.0214721,-1.0450139,1.4908301,0.1553966,0.46631958
20151178,after,-0.18206586,0.91590804,-0.2221692,-0.27255482,0.16965353,-0.67672291,0.65039785,-1.3542457
20160006,after,-1.137161,0.044790273,-0.095163578,0.17137288,0.58190416,0.18206023,0.86285652,-0.55808734
20160030,after,1.4254681,-0.81754575,-0.12974712,0.088681039,-1.8885749,0.01193229,-1.3729126,0.14963955
20160051,after,-0.26555428,-0.034088032,0.33144683,-0.38713572,-0.17749504,-0.29725066,-0.71666716,-0.23829804
20160080,after,-0.54737542,-0.79403956,0.58229408,-0.73359074,-0.098222752,-0.31455056,0.72189395,1.2345998
20160102,after,-0.99344788,-1.5686139,0.86631587,-0.23883687,0.089633614,2.0438348,-0.090733951,-0.20245278
20160104,after,-0.19874155,0.025320835,-0.17555681,-0.18155158,1.1276836,0.43207429,0.5506056,0.57515203
20160127,after,0.55487724,-0.55570009,-0.30037897,-0.023601238,-0.11074372,-0.23484995,-2.0856755,0.20586143
20160132,after,-1.1018639,-0.88315355,0.53060351,-0.66537217,0.055386237,-0.58556852,-0.29130149,0.29259623
20160139,after,0.43753685,-0.15974628,-0.9370091,-0.80573183,0.26477125,-0.25693033,-1.3453866,0.18337835
20160145,after,-0.83735582,-1.1654895,0.45555517,-0.64797546,0.37124867,-0.96267676,-0.063275494,0.032770548
20160161,after,0.6325762,0.043078598,1.0378098,0.040900616,0.11005795,-1.2267436,0.15201381,-0.87372966
20160162,after,-0.21827971,-0.54851315,0.42058482,1.43837,-1.0269578,1.0182347,-0.15961552,-0.80676028
20160176,after,-0.54559655,-1.1561895,0.17824829,-0.72089159,0.20351587,-0.037388554,0.046947291,-0.54721289
20160186,after,-0.71256633,-0.76600553,0.57272651,-0.76664512,-0.25678951,-0.40999295,-0.14726277,0.24498075
20160199,after,0.9342899,-1.6044375,-0.33741709,0.12971254,1.4479472,-1.0772107,0.68644352,-0.62454438
20160232,after,-0.40785617,-1.4639062,-0.17045796,-0.22190179,-0.23955371,0.46929827,0.75328143,-0.51895927
20160253,after,0.54672897,-0.92298831,-0.11649447,-1.4622791,0.9942269,-0.26694952,-3.6989525,-1.2410481
20160288,after,-1.0863875,-0.36926959,0.88989514,-0.19329699,-0.04073735,0.68032933,-0.18852145,0.87217253
20160315,after,-1.0608899,-1.042878,-0.4835846,-0.41535438,0.96576129,0.31291138,0.94208354,0.72694181
20160317,after,-0.053199158,0.47185209,0.14449644,-0.21993175,-0.50641318,0.99796855,0.93790716,1.6276065
20160330,after,-0.65583324,0.30195098,0.24121184,1.6635798,-0.56885349,-0.85698024,0.26028699,-0.26808638
20160336,after,0.036324815,1.1419368,1.507099,-0.53217753,0.53099591,-0.3941448,-0.15325925,1.3000247
20160337,after,0.74966005,0.46320874,0.42942828,0.59542078,0.66245072,-0.61955671,-0.65614817,-0.13178948
20160404,after,0.32168584,0.76209946,0.85956746,-0.86458757,0.64159576,-0.19155463,1.355003,-0.69940646
20160411,after,0.79937905,-0.75057293,0.20284932,2.4893643,-0.024166007,-0.89823798,0.072014874,-0.11073468
20160414,after,0.71031593,0.55440394,-0.84972411,0.52623971,0.20434744,-0.3336405,1.2028514,-0.4287601
20160443,after,-0.78203614,-0.85863533,1.5854848,0.76921055,-0.27666925,0.27651095,-0.43086766,0.20973239
20160453,after,-0.8815858,-0.68401589,0.14906397,-0.45509599,0.52191942,-0.48953507,-0.59856622,-0.095215748
20160486,after,0.64007934,0.59619004,0.7554834,0.097901793,-0.83985768,0.08546187,-0.16682397,-0.78030247
20160487,after,-0.53657333,-0.72975347,-0.10153995,-0.53266834,0.5573603,-0.047214784,-0.24949639,0.95445491
20160490,after,-0.10836195,1.3867654,1.7433353,-0.19926659,-1.0062351,0.63467573,-0.068737294,0.22720526
20160498,after,-0.32289466,0.0087553354,0.35274137,-0.59763288,-0.30258615,-0.70538191,-0.61215875,0.29477168
20160523,after,-0.60400846,-0.37874018,0.057206587,-0.080766127,0.26302093,-0.69935171,-0.14459249,0.1903441
20160527,after,0.084402135,-0.090016271,0.9958176,-0.64227047,-0.78693002,-1.4903552,-0.21966627,0.44973352
20160539,after,-1.2020528,-0.93272936,-0.026243957,-0.34582405,-0.24957088,-0.58687618,0.28271719,0.42961338
20160555,after,-0.2440421,-0.9177878,0.51444434,-1.2843183,-1.3685992,-0.24527692,-0.3897164,0.45392973
20160579,after,-0.62970132,0.55346616,-0.70620309,1.0637781,0.19873815,0.029090292,0.5238677,-0.53641056
20160587,after,1.9378519,-1.5862499,-0.90274775,0.4519205,2.0013094,-0.35352249,1.1690921,-2.0533777
20160599,after,-0.48525107,0.89504554,-0.36070108,1.7528447,-0.30804622,0.5049915,0.67836262,-0.80850926
20160609,after,-0.8952895,-0.41236575,0.99947391,-0.77191129,-0.028657215,0.15275477,0.22474015,0.13431177
20160610,after,-0.28511235,0.27424384,0.21398656,0.97747676,0.58035603,-1.4565882,0.69321828,-0.34865412
20160644,after,0.17109039,-0.14087967,0.34955206,-0.767499,1.0005794,-0.5436964,0.14423579,0.34352735
20160647,after,-0.42448635,-0.14613179,0.47083509,-0.66948062,0.24132683,-0.4155576,-0.78425863,0.96748469
20160649,after,-0.90967226,0.00060455741,-0.24251268,-0.083058952,0.27320269,-0.64927224,-0.57716943,0.22424143
20160692,after,-0.34370308,-0.1550928,0.57356613,-0.054842773,-0.35802795,2.0320115,-0.13420115,-0.24313952
20160696,after,-0.89729896,-0.062955698,0.58146301,0.41974849,-0.11549193,-0.38305184,0.2148664,-0.70338718
20160711,after,-1.1028499,-0.24883697,-0.566319,-0.85045293,-0.451534,-0.67960631,-0.16275404,0.16308415
20160721,after,-0.51984674,1.2737939,0.13105471,-0.57414838,-0.015135588,-0.79730223,-0.74413639,1.0072081
20160729,after,-0.47839572,1.3803534,0.11336285,0.79268378,0.30155873,-1.2394171,0.49201607,-0.35706841
20160735,after,1.0538736,0.40214869,1.2652331,-0.984664,-1.8511607,0.40256062,-1.2436891,-0.4153597
20160742,after,0.10370593,0.062527512,0.57075587,-0.28384688,0.15890146,0.37665333,0.008945641,-0.51375912
20160754,after,-0.50348477,0.9621167,0.3745384,0.024233745,1.1814398,0.57604444,0.67969373,0.10183789
20160775,after,0.56600222,-0.97723474,-0.73262811,-0.19040865,1.1225732,0.48737758,0.78022851,-0.011252193
20160797,after,-0.29402448,-0.1402085,0.26618231,-0.30834322,0.44382499,-0.54583877,0.19251717,-0.41910518
20160800,after,-0.071764936,-0.73313174,-0.81094322,-0.47919758,0.72207469,-0.15122609,0.13858478,0.45488133
20160815,after,0.10491537,0.46010366,0.55687333,0.47731182,-0.63490032,-0.11034049,-0.85871532,-0.69333601
20160861,after,-1.3946621,-0.46265794,-0.90877651,-0.041024406,-1.3663205,0.66946806,-0.74614245,-1.0083756
20160881,after,-0.6704666,-0.36608432,0.14494411,0.0018487185,-0.49331687,0.48024397,-0.092773186,-0.71917746
20160903,after,-0.95826081,0.42123796,-0.22043834,-0.40478693,1.7053598,0.3082681,0.54275666,0.62536003
20160911,after,-0.33849861,-0.74130261,0.42071337,-0.60876521,0.3710996,-0.64383656,0.31081131,0.32304446
20160922,after,-1.554913,0.15318824,-0.48052273,0.56471849,-0.70572095,0.25640629,1.1575642,-0.30294002
20160927,after,0.3367737,-1.2900916,0.393665,0.031764509,1.4092806,-0.2366054,0.58191529,-1.0453862
20160980,after,-1.3755414,-0.40744867,-0.11889778,1.1978716,-0.2651673,-0.47214532,0.49580381,0.11388437
20160994,after,1.4394761,0.18214891,-1.2248803,-0.77980476,1.0957543,0.48393192,-1.0647487,-0.93860655
20160999,after,0.53443166,-0.95707795,-0.34298769,-0.34914224,1.625682,-0.28257173,-1.3113902,-0.043466612
20161003,after,0.083100756,0.37747805,-2.1575179,0.50616577,-0.92173808,-0.50114318,-1.4877378,3.0065505
20161008,after,0.87776986,3.8181571,0.33193709,1.0417317,0.45256762,-1.1648093,1.1543903,0.3559578
20161021,after,0.48294781,-0.19010463,-0.35082527,0.31206559,2.515653,-1.2636307,0.74473128,-0.396791
20161043,after,-0.0090035107,1.9339692,-0.15796309,-1.3851736,-1.9992247,0.61692528,-0.50183917,0.94551804
20161051,after,1.5902722,-0.0095104144,-1.0645189,-0.11934615,0.58943335,-1.4610453,-1.907949,0.2858744
20161052,after,-0.4852325,-0.051911471,-0.10077063,-0.31179872,-0.33882021,-0.65753534,-0.44121491,-0.3484751
20161071,after,-0.79746973,-0.18395094,-0.6049197,1.1333482,-0.29624188,-0.75877134,0.27765725,-0.59492407
20161085,after,0.62247954,-0.19481156,0.45905802,0.1438505,-0.34145322,-0.1700507,-1.0077839,-0.38762272
20161087,after,0.65492832,-0.88062249,-1.3737398,1.3529441,-0.97286807,-0.24037804,-0.8777737,2.1467471
20161097,after,-0.8775362,-0.26776155,0.3783992,-0.36291223,-0.69838231,0.17275256,0.062424874,0.0084761332
20161098,after,-0.079648985,-1.5866327,0.069031321,-0.81030231,0.058989932,0.19935096,0.53690604,-0.22492282
20161120,after,0.0562873,-0.19931694,-0.026854162,-0.0067650989,-0.61732109,0.10082391,-0.60588014,-0.74727342
20161121,after,-1.0232402,-0.79616039,1.1686331,-0.11525707,-0.027434288,-0.21430917,-0.030055396,0.21201922
20161158,after,-1.0150523,1.3434884,-1.1265091,-1.0823277,-0.78642992,0.82826528,2.1471642,-0.024590257
20161168,after,0.056304428,-0.93400289,0.93193728,-0.27390281,0.07581603,-0.74928779,-1.0118809,0.25491341
20161180,after,0.23281112,0.22925028,-0.13859078,1.409,-1.1625721,-0.85755951,-0.085467513,-0.19771658
20170008,after,-0.64786734,0.20305469,0.46356611,0.21829985,-0.35030054,0.60302446,-0.59700623,-0.71689749
20170020,after,0.34089498,-0.18141503,-0.47140846,-0.12888158,-1.2916434,0.36691456,0.7275189,0.96535703
20170022,after,-1.035754,0.031488752,-0.041060622,0.66655571,0.095390244,-0.56495809,0.41544346,-0.16836405
20170023,after,-0.3185166,0.31521875,-0.89434725,-1.3270663,0.16915872,1.0049628,-0.24352214,0.20402313
20170033,after,-0.32987671,-0.6786191,-0.011792237,-0.0061668124,-0.54906995,0.44008533,0.88222413,0.24294781
20170039,after,-1.2481898,-1.2798587,-0.15690095,-0.61835929,-0.19466371,-0.11942053,0.51410405,0.64198673
20170049,after,1.5380619,-0.67581312,0.083937244,-0.98908834,-0.37554095,-2.3889835,-0.41060607,1.1953604
20170056,after,-0.83217141,1.0236717,-0.98173085,-0.16687274,-0.94402957,0.11611962,-0.039148085,-0.93903976
20170082,after,-0.40546365,1.7747304,-0.64419169,-1.2437995,-0.54019058,-0.22342625,-1.4464007,-1.1383774
20170098,after,0.89990498,-0.39716,-0.15932904,-0.50618048,0.81302522,-1.01499,0.48180271,0.23428418
20170117,after,-0.64397435,-1.0394795,0.45658038,-1.0652774,-0.51186611,-0.003587661,0.13841158,0.48188824
20170135,after,-1.2505372,1.4829001,1.2164009,-0.18280041,0.48980068,0.40211307,0.40056382,0.12337046
20170154,after,0.37950016,-0.48580228,-1.4310525,0.0031004451,-1.1486516,-2.315678,-0.80671462,-0.68242071
20170193,after,-1.0141409,-1.0759673,1.8225824,0.75764021,-0.29652596,3.4971821,1.2687551,-0.18904127
20170225,after,4.9489562,-3.3639539,-2.6657682,2.9400312,3.6513946,-0.96183215,-4.425512,-1.0567936
20170228,after,-0.74771016,-0.39577528,-0.016419107,-1.0925262,-0.23228052,-0.12988428,0.21498304,0.56232687
20170242,after,0.099402079,-0.44944011,-0.28859601,-0.41510187,-0.79187858,-1.3123571,-0.99067209,-1.1128063
20170245,after,-1.2455977,-0.63650662,0.37431206,-0.082951122,-0.1010079,-0.41969969,-0.23768355,0.22781856
20170285,after,0.94990134,-0.19608861,2.7228169,1.8171663,1.279618,1.8254621,-0.67009346,0.28732701
20170288,after,-0.10992,1.4116273,1.1115218,0.79674477,1.9800981,0.94208852,0.63962488,-0.0099454339
20170296,after,1.3654153,-0.85088896,-1.0117526,0.087077429,2.1960997,0.60275124,2.6659408,0.32798847
20170299,after,0.85080526,0.53406763,0.79610626,-1.3197491,-1.4221446,1.301776,-0.13784151,-0.706904
20170319,after,0.71799834,-0.5469825,1.9490906,0.77678231,1.5351441,1.0901212,0.94494052,-0.026577036
20170342,after,0.82982077,0.55738296,-0.53887762,0.78061477,-0.72139756,-0.92512121,0.72338733,0.39316333
20170348,after,0.99127109,-0.66802144,-1.1513134,-0.91274832,2.0117267,0.80317671,2.2002973,1.4682653
20170375,after,-0.0088050085,1.2456952,-0.087439719,-1.7212953,-1.0649148,0.62981654,-0.63878939,1.3141263
20170409,after,1.2981002,-0.44721332,0.81261777,-0.30502994,-1.2734593,-0.68900707,0.40305814,0.6912607
20170410,after,-0.17514852,-1.2705488,0.31614866,0.12341242,0.18568839,1.0285657,-0.063063254,-0.33291206
20170432,after,-0.045812448,2.5112665,3.1195707,-2.1189107,1.7906512,0.48002779,2.7006292,1.6506764
20170467,after,-0.86754836,-0.36279479,0.55269816,-0.24136488,0.29483254,-0.72734676,-0.16537669,0.1592207
20170482,after,-0.4697163,0.12754007,-0.87968331,-0.31918877,-0.48204933,-0.80761376,-1.5177074,0.13464487
20170485,after,-0.74587602,-0.043098919,-0.9954588,0.44604469,1.4044797,0.52159085,-0.18708006,-2.682873
20170491,after,-0.41293948,-0.62873816,0.73298051,-0.6721656,0.032218657,-0.72845303,0.58004969,2.2406835
20170504,after,0.59928764,-0.38757981,-2.4656212,0.3914133,1.9055387,0.24470628,-0.4198457,3.3570291
20170510,after,-0.33886101,0.69366097,0.071039066,0.69182394,-0.57624733,0.72872394,0.32031476,-1.1142428
20170514,after,-0.42305893,-1.0885329,0.03659007,-0.26407006,-0.16084606,-0.14078074,0.51680678,1.0973344
20170520,after,1.5671291,1.5992231,1.0733268,1.5833296,-1.1229337,-1.5478075,0.65295243,-0.79904595
20170534,after,-0.63723328,0.95527083,0.19343853,0.68606763,-0.60228769,1.321049,0.51547078,-1.2685622
20170548,after,1.0470059,0.78503704,1.9362082,-1.3501907,-0.23793422,-0.78060625,-0.65329703,1.6339386
20170556,after,0.61257431,0.8904199,-0.25054337,-0.031151337,1.2805016,-0.75745132,-0.10892575,0.40947517
20170575,after,0.33462494,0.69328903,-0.068030541,1.6693787,0.071748183,-1.0476928,-0.84380706,-0.33730096
20170587,after,0.75445466,-0.39551797,-3.144518,0.17682144,-1.9989251,1.0068292,1.1661499,5.1141359
20170596,after,-0.64270241,0.82937015,1.1270699,-1.0440542,0.63087086,-0.78683266,-0.86122062,-0.25027388
20170673,after,-1.0335678,4.244743,-0.49851615,-1.4676346,-1.3701676,3.2137753,-1.2497326,1.6731277
20170676,after,0.16264228,1.5705699,-2.0197101,0.32285285,-0.62559833,3.5247893,-1.1394575,-1.7969489
20170684,after,0.49408847,0.60110963,0.52799818,-0.60479277,0.90878507,-1.4823372,-0.2431786,-0.37186353
20170696,after,0.55418078,-0.0153806,0.35089837,0.20900976,0.33513894,0.20197251,-0.75739375,0.81037037
20170699,after,-0.6228462,-0.11749605,-0.94748322,0.35071771,0.16859266,-0.75546296,-0.077057891,0.89373135
20170707,after,0.51455431,0.57590233,0.11129242,0.34951926,-1.2534157,1.4499616,-2.1300465,-0.80167128
20170717,after,-0.90431342,1.4310217,1.0271718,-0.76247395,-0.26535345,1.0859412,-0.059720614,-2.1012352
20170749,after,-0.86214291,0.57657738,-1.529389,1.4280065,0.77170517,-0.12496463,-1.444246,-0.29208242
20170756,after,1.2497915,-0.68967976,0.69308634,-0.81603447,-1.6463357,0.022298077,1.5761164,0.33071797
20170760,after,1.6605041,-0.53032444,-0.74947783,0.11918755,0.50089136,3.9864499,2.5323272,-1.0506248
20170794,after,2.2371798,0.9730085,-0.65068795,1.0541494,-2.3016293,0.044535307,1.3603828,-0.849397
20170824,after,-0.64903172,-0.27656966,0.23188251,0.29303814,-0.32136641,0.029736107,-0.084886827,0.43853802
20170832,after,0.77105387,1.0375483,-0.99442636,-0.79260971,-0.45555075,-0.24403668,0.7227198,0.55697685
20170843,after,-0.43044192,0.75549784,0.34950462,2.5169112,-0.65671325,0.60421537,1.0017359,0.077220278
20170845,after,0.16918738,-0.53338334,0.056274341,0.042637188,-0.17870022,-0.23349299,-1.3057142,-0.79907454
20170858,after,-0.79904554,0.73341639,-0.13145023,-0.46442918,0.61299481,0.76182465,0.43648552,-0.14837929
20170866,after,0.4416511,0.06097835,-0.40839113,-1.1566601,-0.050520134,-0.021708825,-0.010607079,0.14132749
20170881,after,1.2348018,0.47132471,1.0697794,1.7194219,0.38075214,1.0151111,-0.49596444,0.088514491
20170885,after,-0.27689376,-0.64048796,0.90417154,-0.53148223,0.20793538,0.033385326,-0.068918692,-0.15549846
20170899,after,1.4680518,-0.51355872,0.41294103,0.45735094,0.1874521,-2.3187701,-1.484685,-0.96831551
20170922,after,0.34614267,-0.076449491,0.75517547,-0.64067648,0.53662949,-0.21775231,0.070479553,0.01410938
20170957,after,-0.95789663,1.5447015,-0.4583327,-0.069755686,0.44713166,-0.59799413,1.5804497,-0.87618367
20170979,after,-0.10137201,0.10470753,-0.36943,0.28161268,0.16144053,-1.3845262,-1.0711506,-1.2516524
20170984,after,0.91584439,-2.3115708,2.7947917,0.26520996,1.4694118,3.9252432,0.27943871,-0.39362249
20170998,after,0.12138291,-0.16138694,-0.38529731,-0.71058176,1.1329113,0.20948154,-0.4999302,-0.14840542
20171007,after,0.53427528,-0.037047421,-0.26453832,-0.83446519,-0.57893644,0.19493808,-0.05812017,-1.0989354
20171038,after,0.36014459,-1.6438425,-0.42337663,0.055760692,2.6011308,0.92475812,1.770741,-3.3439244
20171054,after,0.78497188,1.6503459,-1.2121659,1.4588865,-1.1053873,-0.4280515,-0.45843129,-0.95699579
20171068,after,-0.49928809,0.54359169,-1.1639964,0.86946187,-1.0331454,-1.0975381,-2.3924605,-0.61560775
20171078,after,0.53638965,-0.47208494,-1.0407131,-0.27585039,0.74005077,0.21709137,1.8800584,-1.1213077
20171085,after,0.80471444,-0.22936947,0.7220533,0.26905317,1.2977917,-1.3713762,-0.12250794,-0.46453196
20171097,after,-0.42494117,-0.18188309,1.0456131,0.0090448132,0.29138745,0.064161121,-0.76785514,0.38212698
20171104,after,-0.91350697,-0.54841475,0.51424339,0.077151936,-0.25496038,-0.053588349,-0.81365484,-0.17684309
20171124,after,-1.0407791,-0.2781535,0.67930924,-0.061947581,-0.32341062,-0.55376847,-0.13431558,0.038761951
20171126,after,-1.128108,-1.2660664,0.6598423,-0.63143019,0.20378505,-0.0015232808,0.057731135,0.12283193
20171130,after,-0.25588084,-0.51822889,-2.948844,-1.0250887,0.38205582,0.40436936,1.7670532,5.4275343
20171155,after,-1.4171426,1.184708,-2.2600075,3.2653407,-1.5654313,0.44984302,0.65463967,-1.1508476
20171171,after,-1.4979609,1.1813624,0.071424801,-0.20040172,-0.17158899,1.4211174,1.2684039,0.6053022
20171179,after,1.1438272,-0.2186556,-1.0205589,-2.0252849,-2.1627159,1.6437253,0.49622494,-1.5748287
20171182,after,-0.030617757,-1.3082801,0.11410411,0.42879155,-0.016322735,0.38888242,0.10782334,-1.1718118
20171189,after,-1.1494747,0.43621275,-2.4918545,1.7575755,-1.2494481,-0.98667005,-0.29554172,-2.0214915
20171190,after,0.48910827,1.1303874,-0.38987815,1.8701656,-0.57498631,0.012341119,-0.072736482,1.364436
20171195,after,-1.0202387,-0.38060465,-0.36027675,-0.22708641,-0.46789638,0.53439634,-0.34420414,-0.14920437
20171200,after,-0.76045892,-1.2781072,0.34721387,-0.31377051,0.29142764,-0.47824949,0.10835335,-0.35080496
20180009,after,-1.2181945,0.68840434,0.056012558,-0.50020867,0.076784567,-0.67989033,2.2262501,1.0423036
20180010,after,-0.57778688,0.19507402,-0.22311701,-0.15640826,0.95728756,-0.77515572,0.84109187,0.024330411
20180016,after,1.1778826,-0.8074846,0.23396159,-1.4758538,-0.99928053,-1.2045966,-0.86928785,-0.25854521
20180039,after,-1.1403136,-1.0762794,0.48812198,-0.78627987,-0.022131378,-0.36194248,-0.47578371,0.096124992
20180050,after,0.13253627,-1.1861573,0.23713376,0.59677806,0.71068349,-0.084411454,-0.16988979,-1.1959619
20180082,after,0.66585993,-0.17178983,-0.27543478,-0.54693698,-0.076743335,-0.77684805,-0.23015674,0.51596426
20180096,after,-0.77336959,-1.8813607,-0.4730818,-0.67959961,-0.57823928,1.2934642,0.81889987,0.70650751
20180099,after,-0.61578294,3.682966,0.062206006,-2.5115973,-0.77493615,3.0218424,-1.7052945,3.435125
20180117,after,-1.0009636,-0.13034671,-1.011509,0.79257486,-2.0167151,0.82471397,-2.0948977,-0.56116362
20180129,after,2.4382525,0.32251582,-0.8989605,-1.0120398,-0.99850118,-0.32032753,2.0439074,1.5707334
20180138,after,-0.0743554,-0.1179672,0.13112245,0.063382593,1.3296715,-1.8084023,0.23525702,-0.27002097
20180148,after,-0.30605436,-1.2876441,0.12529262,-0.91430111,-0.7060891,-0.25166255,-0.40504193,-0.13032097
20180154,after,0.066299728,-0.54551138,0.61876625,-0.042121687,-0.75564674,-0.79814955,-0.34379233,0.3488145
20180159,after,0.35688127,-0.31335983,0.17090935,-0.57037727,0.68713167,-0.87146748,0.048435528,-0.52025362
20180170,after,0.82213399,-1.3314315,0.36731986,0.55309656,0.1693607,0.1535839,-0.2476629,-1.8367379
20180175,after,-0.67541844,-0.44309743,0.9487294,0.48309047,0.49494723,-0.09492269,-1.0414428,0.25107862
20180178,after,0.34100656,-0.87413747,0.90878371,1.8737016,0.49802935,0.059536858,0.36474975,0.21659287
20180181,after,-1.088168,-0.77569452,0.70097339,-0.32012963,-0.013340105,-0.67731407,-0.20023726,-0.18919782
20180182,after,-1.1613904,-0.29716788,-0.81868265,0.33423127,0.56901914,-0.36261953,-0.67430834,-0.19595412
20180194,after,-1.1745983,-0.95019202,0.49120955,-0.19651455,-0.3218579,-0.096097891,-0.23338304,0.038194831
20180196,after,-0.84131793,1.1865665,0.65739347,1.3160675,-0.12862114,-0.28708829,0.36844651,0.89714373
20180200,after,0.41954676,-0.54835627,0.31695648,-0.091122035,0.26774426,1.4823948,-0.32143515,0.92407203
20180203,after,-0.17748897,-0.27754333,-0.29126933,-0.82718708,-0.59213431,-0.9335193,-0.43101657,-0.61035737
20180236,after,-0.43884432,0.77529691,-0.34923155,0.5803654,-0.32190732,-0.65217726,0.23156513,-0.8796789
20180244,after,1.3668293,0.077475102,-2.106999,-0.018081633,1.6860303,0.58698761,1.7980866,0.090245558
20180249,after,-0.39295281,-0.334354,0.94820725,0.13498072,-1.5897214,-1.3969753,1.9982148,0.60467821
20180263,after,0.52929343,0.15309639,-1.199628,-0.0090167868,-0.42622378,2.2806699,3.1689677,-0.34649642
20180278,after,-0.14017926,-0.10125338,-2.0972111,-0.13812222,-0.70668187,-0.3616829,0.094050205,0.66545868
20180287,after,-0.75743951,-1.1847918,0.46566815,-0.22599955,0.1815938,-0.25328162,0.016848086,-0.67598345
20180300,after,1.0016721,2.7504886,-0.58126802,-3.2717734,-3.8403655,-0.82635733,2.9796166,0.93972742
20180309,after,-0.6190476,0.34944322,-1.2135636,-0.090610427,1.0812504,-1.2616094,0.80595515,0.26480902
20180333,after,0.4278972,2.2198351,0.91983455,-2.8030245,-0.92344045,0.94975516,-1.5287997,0.0029139851
20180339,after,-1.2301739,-0.4219717,0.58296089,0.32233352,-0.6472729,-0.24870102,0.29766326,0.080932367
20180346,after,-1.0769757,-0.83269603,0.23991386,-0.48276693,-0.29011367,-0.2747803,-0.37113537,0.48872403
20180368,after,0.63287854,0.81635353,0.89785093,-0.92395989,-0.40972152,-0.78941413,1.1470451,0.052688056
20180409,after,-1.0168296,-0.79399196,0.42872464,-0.41471654,0.21538436,-0.19339021,-0.59908278,-0.03035532
20180415,after,1.4593328,-0.40018248,-0.15235244,-0.075846398,0.56375108,0.023569047,0.41307801,-0.7146259
20180435,after,-0.38783506,-1.5086903,0.77566243,-0.61210263,-1.1805745,0.23695616,3.1690247,0.69611278
20180438,after,1.7536875,0.089587531,-0.42511978,0.30159626,0.59509473,-1.7629676,0.44376508,-0.89700379
20180441,after,-0.78838081,-0.25186892,-0.57959609,-0.76344076,0.69140394,-0.19799171,0.45694892,0.39475816
20180445,after,-0.57044622,-0.57941218,0.68326771,-0.33557454,0.1131554,-0.80167724,-1.2872294,-0.56696181
20180468,after,-0.93510671,1.2354252,1.0504873,0.00038384312,-0.12696877,0.71846971,0.51644985,0.81571448
20180516,after,-0.016449832,-0.35416117,-1.3467632,0.36476325,0.40828371,-0.63150961,0.45209612,0.20729045
20180545,after,-0.25807752,-0.079545579,-2.6309153,0.1099348,1.8653212,0.94917628,-0.7810857,1.7650789
20180548,after,-0.53212153,1.6593946,-1.9992832,1.7068776,-0.19438799,0.21302302,0.48171014,0.47489435
20180558,after,-1.1108056,0.64940919,-1.8632909,3.5462244,-1.7335116,0.99805657,0.069841973,-1.2518542
20180563,after,0.55455452,0.42861283,1.8038727,1.4075745,0.95446842,-0.31160951,-0.37643291,0.75040977
20180566,after,-0.81794576,0.17753187,0.59153476,0.087673676,-0.15088734,-0.45595785,0.020443292,0.18724414
20180576,after,-0.024958244,0.82685792,-0.31214336,0.48366848,-0.21128773,-0.26563357,-0.30120795,-0.39834799
20180578,after,-0.25634715,-1.3114985,1.3822697,0.34184787,1.1496006,0.25042777,0.37789161,0.40918379
20180602,after,0.29295109,2.7345777,-0.1660489,1.3506495,-0.20894921,-2.5620153,-0.70487847,-1.0096734
20180608,after,1.5645759,-0.013906912,-0.13958934,0.35676665,-1.011319,0.41195842,1.2245935,-0.91901627
20180610,after,0.4849274,-1.2460538,-0.79624867,0.77051832,-0.32578002,0.085603895,0.64974651,0.22691074
20180628,after,1.9726837,1.7200952,-0.32262372,0.79590294,-1.1920709,0.19486606,1.6045317,-0.48810328
20180654,after,3.3199936,-0.3738138,0.29898733,-1.7121656,-1.7742233,0.94152185,-1.0781876,0.42280364
20180688,after,1.4743817,-0.37781112,-1.0970905,0.60717185,2.2779733,-0.19715839,1.2257692,-0.54334871
20180707,after,-0.20903531,0.55857032,0.81922129,0.13614763,-0.92715147,1.4532043,-0.85167176,0.10821674
20180723,after,-1.0105179,0.45438811,-0.11840298,0.22241129,-0.055272229,-0.39603578,-0.37715976,-0.966629
20180725,after,-1.2016599,1.1835462,1.2152619,1.0728079,0.68286493,-0.29452637,1.01907,0.86181244
20180733,after,1.6848932,0.37398437,1.1584082,-0.012830173,-1.0241602,0.70638837,-0.25510092,2.117818
20180747,after,-0.68329374,-0.8139191,0.51070407,-0.46286817,-0.94826402,-0.18417621,-0.52032803,-0.36282317
20180759,after,1.5987764,-0.98619966,-0.83442239,-0.94178449,-1.6551288,0.536308,1.721745,-1.4057431
20180803,after,0.64895102,-0.058717098,1.3739099,-0.38316346,1.2578563,1.4693837,0.10285631,1.1095461
20180813,after,-1.5871833,0.71360176,-1.7512144,0.42670572,-0.91695651,0.50364726,0.25896604,-0.31516708
20180849,after,1.6504771,0.23425703,1.0890671,2.8896451,0.23335705,0.31132594,-0.99843013,0.77423595
20180864,after,-0.5273198,-0.47079153,-0.18752353,-0.35762233,0.06138293,-1.4581752,-0.3479104,-0.039760417
20180872,after,-0.18240638,-0.16956648,-0.12167978,1.5282577,0.17912986,1.6584859,0.42958631,-1.8553579
20180891,after,-0.84951623,-0.59986847,0.19387161,1.4606148,-1.0961499,1.144403,-0.59376475,0.23713047
20180897,after,0.047560153,0.67623374,-0.15047162,0.43268038,1.3917493,0.28528766,1.1926677,-3.2281154
20180898,after,0.77146787,0.6209207,0.60809794,-0.044710147,-1.2743341,-1.1745922,-0.37995059,0.09910692
20180910,after,1.2314303,0.54298908,0.17112954,3.0416932,0.46986192,0.52907062,-0.80490216,-0.56393627
20180941,after,0.32056938,0.18648859,0.45167435,-0.1118473,1.0754472,0.2539827,-0.081253623,-0.47052339
20180970,after,0.4548544,-0.69961652,0.56691847,-0.43059145,-0.15159107,0.43877657,-1.523263,-0.512838
20180989,after,0.4480567,-0.16948689,0.59950844,0.23762231,1.4269618,-1.1837031,0.88493839,0.27481168
20181005,after,0.067680688,-0.92239515,0.52640599,-0.0084354191,0.15888997,1.6290809,-0.41934066,-0.55938515
20181011,after,-0.28820666,0.32505601,-0.066636485,-0.70221031,-0.33194813,-0.25233278,-0.84630517,-0.84491857
20181039,after,-0.24778169,0.19939903,-0.036892484,-1.3059309,1.047084,1.0224159,1.2467567,0.099728603
20181046,after,0.58227754,-0.084431408,-1.1042613,-0.34605591,-1.5668529,-1.3933288,1.5798657,-0.41247541
20181048,after,-1.369207,-0.48311756,-0.25854037,0.17803082,-0.5924282,-0.55230979,0.13644745,-0.58080759
20181052,after,1.5705179,-1.6342579,-0.032886698,-1.2932713,1.2503421,2.6675075,0.097465653,-0.90352001
20181060,after,-0.52139807,-0.09494711,-0.28742607,0.44857097,-0.18033796,-0.29117795,-0.046511073,-0.36578719
20181068,after,-0.75006305,0.07739065,-1.7257338,2.4396486,-1.4099622,0.083233044,-0.36963813,-1.2951611
20181089,after,-0.97644659,-1.2345313,1.316587,0.22066168,0.092730761,0.81075055,0.18921926,0.0067489994
20181098,after,-0.46651338,-2.2597863,0.853623,-0.09152621,-0.10177546,2.7660657,-0.54478984,-1.123715
20181118,after,0.46193603,-0.40533164,-0.24691582,-0.10802785,-0.66796056,-0.88189599,-0.57515425,1.0693889
20181128,after,-0.46656912,-0.59762275,1.5716169,1.3178147,-1.0514153,0.14258867,-0.40643533,-0.19682028
20181134,after,-0.78222261,0.46069657,1.0741135,-0.019302593,0.20402175,-1.3367952,-0.22573147,-0.28067733
20181135,after,0.26483632,-0.76952905,-0.19069169,-0.16199336,-0.30056792,-0.10115665,0.2467198,-1.1181252
20181141,after,0.14604887,0.24932462,-0.55633732,-0.97917622,1.5242395,0.13413769,1.0530685,-1.2385714
20181155,after,-0.45030385,-0.53515486,-0.33108167,0.45618756,0.63253843,1.2135587,-1.3104881,-1.5756478
20181188,after,0.25764345,0.20882215,-0.22208242,0.67602307,-0.57354946,-0.35617296,-0.05412191,0.31964205
20190008,after,1.5752973,2.3694951,-0.26916307,-0.95361218,0.93683601,-1.3161107,0.75173006,-1.7477616
20190012,after,0.12006269,-0.017982746,1.1261562,-0.93032439,0.074468562,-0.88814912,0.17834788,0.83561813
20190014,after,-1.2997909,1.0589042,-0.36054014,1.6174239,-0.18277692,-0.43041341,-0.10226894,-0.20899748
20190028,after,-0.45495223,0.58592596,-0.06203355,0.33855133,1.321727,0.8647301,-0.057440683,0.071145849
20190036,after,0.68955843,0.2264582,1.4468124,-0.069112666,1.0095006,-0.39110475,0.69076275,0.49608169
20190042,after,-0.082382937,-0.52199019,-0.13501931,0.13267553,-0.57090585,-0.98942349,-0.87746176,0.54084589
20190052,after,-0.11818808,-1.070945,0.41903134,-0.26022743,0.49940804,-0.10641196,-0.45082425,0.068712785
20190069,after,-1.5397067,-0.84453529,-0.10242657,-0.50605175,-1.2487166,0.75918546,0.31891483,-0.23956742
20190077,after,0.28042011,0.83132615,-1.0752066,1.0408352,-0.36402156,0.46802455,-0.48793085,-0.8044245
20190087,after,-0.78890659,0.38995262,-1.3992793,0.6833562,-0.99319228,-1.4106954,-0.09522578,-0.86706962
20190094,after,0.36189653,-1.1954211,-1.2051386,2.778864,0.050858325,-0.49381888,-0.41077529,-1.6021102
20190096,after,-0.68447402,0.66962614,-0.085561198,1.631782,-0.19766931,-0.86399762,1.253347,-0.24593184
20190110,after,-0.8125969,-0.70966796,0.14020336,-0.7565243,0.33606256,0.014547901,0.20211537,-0.52761483
20190116,after,-0.096382505,-0.94030841,0.53641195,-0.31956131,1.1515694,-1.3466473,-0.075299731,-0.52117997
20190118,after,-0.47307753,-0.11853273,-0.069696868,0.74478909,0.042312195,-1.1987346,-0.25172927,-0.87862069
20190122,after,0.083710227,0.54204191,-0.63953227,1.4846509,-1.1923886,-1.8831082,-0.094225983,-1.0399553
20190151,after,-0.9752471,-1.3690145,0.85200857,-0.76433119,0.25436088,0.41759146,-0.21908981,-0.53551537
20190156,after,-0.1592672,1.704499,0.12928756,0.85424269,-0.26820876,1.1627971,-1.3712241,0.17080218
20190160,after,-0.61284985,-0.57322902,0.28118982,-0.11530193,-0.048971317,-0.41347214,0.25964064,-0.27974844
20190172,after,0.94933946,0.31336757,-0.47899873,-0.93862335,-0.30614917,-0.98491235,-0.31556987,-0.3067177
20190190,after,0.33511949,-0.011659185,-0.084420921,0.14691698,0.00012951597,-1.4706071,-0.39870204,0.85783581
20190197,after,-0.1570729,-2.1275292,0.7472528,-0.89435392,1.1970112,2.938299,0.14633846,-0.46414931
20190202,after,-0.22696917,0.20562556,-0.88831181,-0.039138605,1.1405308,-0.27824496,-0.38017424,-0.50054605
20190237,after,-0.94694469,-0.66152095,-0.079180033,-0.49078094,0.74306008,0.3065559,0.4395085,0.11958884
20190239,after,0.85700609,-0.15228074,0.98566429,-1.5751484,-1.3788653,-0.17105357,-0.22705137,-0.059472008
20190277,after,-0.38846331,-0.086738264,-0.20256372,0.78746137,-1.0228947,0.25279001,1.5366949,0.6317035
20190325,after,1.6732873,-1.695624,-1.4592871,0.10066362,0.64263759,-1.4695794,-0.66525844,-0.70932436
20190332,after,-0.67721508,-1.2942626,0.26829305,-0.44939056,-0.053876946,0.7727024,0.38402613,0.027531875
20190337,after,-1.0723717,-0.040108086,-0.37783905,0.2785841,-0.60505788,0.67667029,-1.6072058,-1.6558903
20190348,after,-0.21629784,1.512288,0.61129445,-0.44624404,0.36971276,-1.1797652,1.8126366,0.017787713
20190397,after,1.4223435,-1.719422,0.73652834,-0.035971682,-0.43654743,1.43427,3.4423832,0.68725116
20190464,after,0.54523816,-0.56121953,0.094759409,0.1221547,-0.33534804,-0.90044632,0.02302977,0.51196169
20190490,after,0.31895987,0.83109047,4.3281616,1.0264028,0.36698548,-2.0035934,0.63544648,1.8798441
20190492,after,-0.36571891,-0.48158459,1.629942,0.42164206,0.14945282,0.071360175,-0.48842968,0.61716457
20190503,after,2.9983791,-0.18625977,-1.0707913,0.016457084,-0.43462862,-1.8145735,-0.46661128,1.3254996
20190509,after,-0.81015747,-0.26328583,-0.40829589,-0.79176757,-0.50986899,0.29439542,-1.4585362,-0.79362483
20190512,after,-0.67194291,0.40389106,-0.12060249,1.0723094,-0.5203666,1.5565092,0.93527468,-0.85238168
20190517,after,0.080969593,0.18869796,0.31225467,-0.08895232,-0.68618443,-0.54625607,-0.14337308,0.94063258
20190519,after,-0.84455974,0.36033369,0.093528931,0.17438657,-0.47574791,-0.53252392,-0.24883281,0.11000306
20190529,after,-0.09133985,1.1315165,-0.31663809,0.82242367,0.1747352,0.84003805,-0.26513427,-1.5348611
20190532,after,0.79733128,0.95582502,-0.1455109,-0.89911337,0.19788647,0.085411553,0.74941296,-0.58560838
20190536,after,0.39766462,0.014406782,-0.41785243,-0.55903804,0.87427377,-0.10736567,0.92833752,-0.79797227
20190568,after,0.70476019,-0.33107449,-0.10874516,-0.37411081,-0.57362673,1.6557188,-0.98041253,-0.23350308
20190574,after,0.26338745,0.18153099,0.31517097,0.048668838,-0.85343642,-1.3149211,-0.48973116,0.32846313
20190580,after,0.14048879,1.3161058,-0.63008975,0.16827612,0.37232151,-1.3711588,1.0384962,0.59917662
20190605,after,1.4788984,1.1389058,1.4014724,0.057866438,-0.87343446,-0.3305297,0.4328726,-0.022601405
20190620,after,0.060477009,0.14376087,0.98045704,0.31636638,0.16937479,0.57364574,-0.0097377524,-0.022272273
20190626,after,0.12123373,1.4575852,0.5408581,2.3507356,-0.39519905,-1.6952241,0.095937159,-0.17296169
20190639,after,2.5979111,1.9912046,-0.80566603,0.5800812,-2.2720766,-2.1065975,1.5627198,0.59583907
20190657,after,-0.44538447,0.8212713,-1.1575942,0.66463319,-0.36186791,-0.05759174,0.055431851,-0.52958771
20190661,after,1.2041069,3.7854845,1.6754679,-2.0910456,0.89386617,1.5916398,0.26672821,0.95754375
20190674,after,1.8202463,1.9692295,2.1854641,1.5071303,0.65964192,-0.3915307,1.3447183,0.4284217
20190677,after,-1.1669697,0.43930616,0.40711961,-0.0092543682,-0.23484011,-0.034056559,0.31117423,-0.53531797
20190683,after,-0.72072619,-0.76698865,0.78999763,-0.11077761,-0.11994194,-0.024887484,-0.4611606,0.30346069
20190687,after,-0.45830362,0.12150881,-0.68445346,0.35541461,1.172295,-1.0615889,-0.86173829,0.70159126
20190691,after,0.10801816,-0.43138059,0.62676692,-1.4759607,-1.8549463,-0.73091746,1.2740587,0.11274621
20190695,after,-0.74851868,1.2723455,0.85139932,1.9134188,0.32010035,1.2440388,1.0232722,-1.5461116
20190716,after,-0.025046415,2.4773937,-0.19768447,0.16346073,0.071875038,1.5635699,-0.8519739,0.74256083
20190725,after,0.43658369,-0.21246253,2.7037382,1.4267154,0.55703435,1.8169525,-1.3476604,1.0771565
20190742,after,1.3711763,-0.091378779,0.74248941,0.06324008,0.55467353,-1.1055385,-0.071927014,0.39875188
20190746,after,-1.0831294,-0.30338053,0.024814806,1.1979333,-0.72258509,2.0123172,0.75879925,2.0553256
20190777,after,-1.1182266,0.22132619,0.22370592,-0.59188304,-0.012654758,-0.35204089,-0.50050276,-0.88652137
20190785,after,-0.65036526,-1.379654,0.10154896,-0.58879834,0.44109971,1.453813,-0.84956147,0.14509219
20190836,after,0.38025422,-1.1207478,1.4195991,-0.14694575,-0.75807538,0.63552166,0.77351131,1.4051582
20190844,after,1.5893163,2.1715487,-0.84111902,-0.56667692,1.0558711,-1.224472,0.16107308,-2.9847181
20190853,after,-0.26064606,0.27485825,0.75570373,1.6151591,-0.051494473,1.03732,-0.76739079,-0.79851114
20190857,after,-0.73170131,-1.3969137,1.462239,0.9551267,0.043976981,1.0116853,0.42590994,0.73115076
20190870,after,1.8758812,-0.69946008,0.46388125,-0.98384642,-1.9275146,-1.2073862,-0.79898227,0.10831558
20190875,after,0.21917986,0.56762912,0.65658705,1.1003652,-0.12603574,-1.2855374,-0.60454839,-0.41322747
20190879,after,1.9154198,0.077949218,-0.33305746,-0.74898831,-0.84171051,0.27527769,-0.099837189,-0.01278235
20190900,after,0.28813555,-0.97496205,-1.0769645,-0.98897925,-1.4850905,-0.48356093,0.31144414,0.89956497
20190904,after,-1.0364991,-0.37141687,0.99088965,-0.53879022,0.12503367,-0.2112945,-0.36832109,-0.2461196
20190943,after,-0.20751776,-0.27992391,1.0437576,0.68550273,1.2964474,-1.2622343,-0.33189448,-0.36157477
20190968,after,-0.79030414,-0.65578939,0.71243654,0.16555746,0.30617399,-1.1095236,-0.33826735,0.128814
20190970,after,-0.68308952,-0.2402563,-1.1436833,0.092886678,0.6597587,-0.012506293,1.5366613,0.25498465
20190987,after,-0.7653917,0.4490804,-0.67190166,-1.509679,1.0424852,0.020190605,-2.4263596,1.082237
20191004,after,-1.0222057,-0.063532239,-0.29122256,-0.83546994,0.2935986,-0.81005412,-0.48486239,1.4670253
20191010,after,0.69840257,0.056764361,-1.8516282,1.3901749,-0.38830139,-0.88210684,0.70874592,-1.7317423
20191014,after,2.5180975,-0.44560133,-2.1243766,0.10177062,-0.3006935,-1.8447547,-0.81151439,0.70853476
20191015,after,-1.2258467,1.2597407,0.021078198,-1.1030952,-0.44911842,1.0376184,-1.1183348,0.59057863
20191039,after,0.12333803,1.7976799,0.10828401,0.23607412,-0.71618,-0.81520572,-0.0041397407,-0.90864073
20191042,after,-0.02789689,0.58402868,0.80528793,0.23584274,-0.1229996,0.20482034,0.16969943,-0.31893932
20191052,after,-0.14085907,-1.5668603,0.6732494,-0.77210435,0.29425368,0.79489932,-0.53020336,-0.10198978
20191057,after,-0.085394945,-1.4887244,-0.41225415,-0.40685736,1.1550345,0.060942172,0.27661798,-0.6324917
20191070,after,-0.82483306,-0.51826507,-1.4897239,-0.49036757,0.44482825,-0.25685051,-0.44404838,0.14541152
20191087,after,1.1415388,1.4866669,0.68957975,0.19332265,0.0063141862,0.7297009,1.4185599,-0.089595837
20191097,after,-0.4227767,-0.032628598,-0.23486965,-0.96593607,0.61315311,-0.065979909,-0.92629526,-0.67089005
20191103,after,0.12345311,-0.23500522,-1.3616254,-0.48502523,1.1265976,0.4114269,-1.1526829,0.076417504
20191104,after,-0.014216372,-0.19622236,0.37725286,-1.510175,-0.95855509,-0.22518439,-0.19008123,1.0985532
20191110,after,-0.031947089,-1.2588819,0.84197165,0.49551274,0.81330886,-0.29383691,0.49611722,-0.52101309
20191150,after,-0.77412774,0.06174993,0.89879011,-0.65718405,0.081665339,-0.48217347,1.0849213,0.75326745
20191155,after,1.3645985,-1.2231296,-0.92889632,-0.91751376,0.31568002,0.34600256,1.3875562,-0.5285113
20191179,after,-1.3528443,-0.62165865,-0.12648042,-0.42479363,-0.78798565,0.4005355,-0.92656591,-0.41862248
20200115,after,-0.38853847,-0.27710405,0.49354178,0.40741687,-0.49208371,0.5252873,-1.1093158,-0.65485081
20200222,after,0.35031726,0.0029914596,-0.19880131,0.12360582,-1.2953262,-0.11215188,-1.3958361,-0.69941543
20200367,after,-0.7768136,0.03168177,0.29099876,-1.259227,-1.0595574,0.93135462,1.5461314,0.60582489
20200502,after,-0.58708991,-0.28686934,-0.33661004,0.84938187,-0.78332594,-1.0086139,-0.56842588,-0.48353
20200561,after,0.16849284,-1.3972058,0.30045397,-0.34761301,1.473344,0.24539571,0.78544221,-0.98899388
20200598,after,-1.1546232,-0.03510295,0.041437413,0.045835825,-0.62992576,-0.39034914,0.95042017,0.12331868
20200632,after,-0.30383458,-0.62791537,-1.6433719,-0.9194696,0.1040271,-0.033649377,0.54916735,1.205385
20200759,after,0.016870803,-0.88879069,1.3504891,1.0528881,0.40428629,1.2533812,-0.2361677,-0.65112205
20200790,after,-0.78479626,-1.0812258,0.76543576,0.19750637,-0.21375323,0.43732286,-0.59945841,-0.22416774
20200994,after,1.8445123,1.1778804,-0.070327158,0.84640653,0.30014856,0.10841462,1.0585964,0.45378915
20201027,after,-0.86317797,-1.0966826,0.32912419,-0.0085717265,0.02049497,0.21222329,-0.18464733,-0.45786033
20201113,after,-0.50957058,-0.70891931,-0.20089535,0.59443668,0.052757998,-0.83537676,-0.25848743,-0.14863224
20201192,after,0.035745806,0.71016667,0.01975526,-0.12673702,-0.022860998,2.1932502,-2.2424454,-0.6750787
20201245,after,1.5025963,-1.7250104,-0.53636989,-0.068947042,-2.6480716,-0.067151405,1.0289712,-0.38586936
20201322,after,1.0048469,-1.9676381,-0.14611435,0.51754818,0.92292409,-0.43304855,0.099218413,-1.1939947
20201416,after,0.60051803,-0.51938859,-0.61403749,0.074098203,1.8543375,-0.71564133,0.89526906,-1.897588
20201535,after,-0.23978576,-0.52317197,0.008778013,-0.22059489,-0.21224062,-0.78657241,0.15500443,-0.48474835
20201732,after,-0.58046648,-0.8201327,0.067066856,-0.15644483,-0.045481901,-0.21915663,0.14898886,0.57119267
20201882,after,-0.18801518,-0.63348722,0.62608634,0.036614273,0.30680452,-0.90032616,-0.82280829,0.86211174
20201884,after,-0.38225548,-1.3705757,0.66070835,0.17195701,-0.14574898,0.27309693,-0.51583171,0.32074122
20202023,after,1.381598,1.1691997,-1.1048758,0.71694425,-1.2248449,-0.79129665,1.1729765,0.67442732
20202177,after,-1.0309042,1.3459895,-2.2651637,3.587513,-1.1595939,-0.53183019,0.017997603,-0.66393214
20202267,after,-0.010879889,-0.84523218,-0.24513291,-0.046809633,-0.13682277,-0.39802888,-0.023534834,0.0032066078
20202365,after,1.4369041,-0.25113152,-0.95859828,-1.1850793,-1.7229929,-0.85670102,-0.019076068,1.2141842
20202523,after,0.0054128649,-0.53249585,-0.33932861,-0.33249504,-0.23493484,-0.70230277,-0.63042859,0.21644181
20203146,after,0.21112238,1.6526283,2.582727,1.8010927,-1.2881254,3.8375006,-0.67500782,2.0132662
20203373,after,1.7998303,-1.2195783,0.24223815,1.3645543,0.96146762,0.75918486,0.57222155,-0.94553145
20203389,after,0.52992555,-0.40528124,0.5970788,-0.060533171,-1.0790579,0.55960373,-0.08703237,0.040975275
20203660,after,-1.4190908,-0.56432654,-1.8038067,0.36590878,0.15747232,1.3090344,1.7786505,3.5715987
20203738,after,-1.7825816,0.75450538,-1.2666691,0.18921182,-0.51217172,-0.37436885,-0.11981599,-1.718221
20203778,after,0.28629562,0.99318211,0.24304665,-0.074250968,-1.2628002,-1.1289173,-0.39987739,-0.65845536
20203947,after,1.1030022,0.25265831,-0.23292363,-0.46423794,-2.2144597,0.42564351,-1.1487476,0.012232187
20203983,after,-1.4590282,3.6097603,2.7634615,-3.5637535,-0.45748787,2.6593782,-2.5585995,1.0236765
20204062,after,-1.0935628,0.33615561,-0.33364727,-0.044712981,0.22743625,-0.90757332,0.40839678,0.013796298
20204069,after,-0.97934266,0.31554098,-0.59862335,0.094566826,-0.35843821,-0.27079465,0.78544722,1.6055895
20204079,after,-1.2545256,-0.017054865,-0.33869992,-0.27607681,-0.081586699,-0.62754438,0.17926674,0.28371611
20204121,after,0.35894673,0.083981187,1.2745048,2.629359,-0.33177223,0.76353264,-0.39540147,0.52361581
20204418,after,-0.69689639,-0.84147194,0.58122307,0.42710487,0.27438417,-0.16139623,-0.85900737,-0.52244181
20204458,after,-0.19638025,0.26789645,0.90750834,-1.3624415,-0.67554848,0.36149464,-0.20872914,-0.66229118
20204474,after,-2.0657854,1.3250236,-1.4838768,0.97654522,2.2591021,1.7701839,2.577272,1.5476167
20204603,after,0.65095576,1.1106707,0.49670795,0.63577889,1.2249802,-1.3031192,1.2139178,-1.1363955
20204655,after,3.107879,-1.2119133,-0.47086436,-0.71856554,0.3978087,0.16403665,2.9600699,0.3486282
20204777,after,-0.88319728,-0.69466119,0.97067931,0.4912267,-0.12201786,-0.027796954,-0.19024294,-0.26454
20204795,after,1.3211661,0.17226727,-0.55104703,0.069487301,0.83010582,1.1565243,-0.53070838,0.55492823
20204833,after,0.17272437,0.5338536,2.8935479,-0.2356499,-0.08240648,-2.5492646,0.73590181,0.40258193
20205052,after,1.0003706,1.1698626,2.0115912,1.0845033,0.34309801,-0.5386071,0.41726132,0.14229436
20205386,after,1.4795741,1.3137833,-0.25937724,-1.4599497,-0.30862523,-0.25121876,2.7325325,-0.42666152
20205692,after,-0.46454767,-0.70642025,0.55751862,-0.64553551,-0.38196592,0.38489843,0.31633229,0.61869011
20205754,after,-0.94317272,0.240902,-1.1276104,0.084654494,0.60156737,-0.13805086,1.892546,-0.27816405
20205822,after,-1.1530922,1.3079779,-0.94299581,-0.10168144,-0.92506014,1.4301667,-0.5505735,-0.8982074
20206010,after,1.3132482,-0.00082711084,0.66304824,0.29601109,-0.27591804,-2.0663974,0.53091096,1.179998
20206145,after,-0.30509413,0.29901391,0.39051621,-0.1402185,0.79331444,0.60814657,0.44295505,-1.515461
20206498,after,1.4272773,0.89355866,-1.189281,-0.92479863,-1.1045429,2.153393,-0.43072773,2.0525756
20206517,after,-0.83263199,0.20055691,0.89860501,1.1163277,1.1705961,0.13233774,-0.24376805,-0.60580653
20206591,after,1.4315895,3.4664698,-0.78525527,-0.2325825,1.927719,0.13710435,0.74628384,-1.00382
20206945,after,0.46093669,-1.2183906,-0.5921761,-0.77516507,2.3161951,-0.60425917,-1.6525423,-0.96086544
20207012,after,-0.40896357,0.48743828,0.44305999,0.78569662,-0.25781661,-1.4638774,-0.080024635,-0.024285316
20207084,after,-0.23782692,0.90088072,0.033935581,0.22822825,0.41278206,-1.4397793,-0.68143517,-0.55886643
20207121,after,-0.53484088,-1.0327583,1.2357939,-0.00073031721,0.22010176,1.7243752,-0.54566039,-0.25572443
20207167,after,-0.86828986,0.057034849,-1.1419936,0.26171876,0.68212194,-0.25379406,-0.84063856,-0.5825741
20207340,after,-1.6773743,-0.023877986,-0.25406023,0.18518844,-0.28292041,0.23572086,1.3273339,0.77795232
20207440,after,0.52464641,-0.17536696,-1.8814641,-0.68552731,2.4889789,-0.30536076,0.88136233,-0.17059866
20207514,after,0.16935572,2.4411792,-0.20193835,1.1515634,-0.13314475,-1.3663319,0.1888909,-0.69706183
20207711,after,-0.37820802,1.3477065,0.7704528,-0.70332335,-0.42100729,1.0034139,-0.14559435,0.46489664
20207822,after,1.4760639,-0.31220233,-0.46147235,0.53738205,-0.37264665,-1.3596011,-0.21452919,-0.58406663
20207824,after,-1.0437421,-0.50358849,-1.4587919,0.29606233,-0.92375438,0.21595146,-0.79041809,-0.0032682325
20207954,after,-0.87890789,-0.6288497,0.64867788,-0.3185784,-0.65530608,-0.10776385,-0.16569731,-0.090473306
20208066,after,2.289172,1.6019786,2.686525,1.3249696,0.55335816,-0.38024092,-1.3817923,-0.65377181
20208276,after,-0.2597827,0.38256255,-0.088760796,-1.1850527,1.1138905,-0.24918339,-1.3012086,1.1961186
20208309,after,-0.28520824,-0.33787303,0.18366328,-0.43387195,0.58053555,-0.88939897,-2.927389,-1.2419749
20208517,after,-0.44961081,-0.25037238,0.42908392,-0.80252831,-0.18623375,-0.21054883,0.20904341,-0.95891972
20208688,after,-1.0422345,-0.78620201,0.43414857,-0.2719455,-0.073783356,-0.35515017,-0.020864943,0.32243626
20208758,after,0.083734499,0.22422211,0.46721701,-0.11271576,0.33475401,0.047046716,-0.37072941,1.1601125
20208841,after,0.45235022,-0.90143734,-0.17507832,0.59890454,0.31499518,-0.07442345,-0.62690885,-0.70516745
20208961,after,0.20893399,-0.39460171,0.36935191,-0.6701723,0.092768469,0.066235087,-0.45456468,-0.097921416
20209125,after,-1.7376368,0.55300237,-1.1676457,0.52683247,-0.44279472,-0.45324804,0.38921662,-1.2829229
20209135,after,1.4089892,0.36370127,0.015623282,-0.41922989,1.0452827,-0.80771508,-0.28187045,-0.040636048
20209220,after,-1.0987406,-0.67212438,-0.13714862,0.15075811,-0.43638678,-0.35342374,0.43847367,0.65220487
20209245,after,0.58890082,-0.84753661,0.14147076,-1.166002,0.47813796,0.75707499,-0.7193435,-0.44409352
20209372,after,-1.5708408,0.67374902,-0.10007528,-0.49056597,0.7281332,0.082356685,1.2013341,1.2310301
20209489,after,-0.56177618,1.6449908,0.71077224,-0.75003815,-0.30400125,-0.1536339,-2.2911568,1.0822661
20209569,after,-0.13452993,0.60951188,-0.78054205,-0.83242465,-1.4455447,0.22728811,-1.7198499,1.0116598
20209664,after,-1.1308966,-0.79046743,0.29694784,-0.3587684,0.15187701,-0.80348445,0.10292292,0.15265977
20209676,after,0.65188035,0.24720112,-0.30910589,1.3368032,-0.82809697,-1.3339636,-0.73079523,-0.42921135
20209703,after,0.77240615,-0.38282623,-1.111468,-0.77257994,-0.21778785,-0.23547388,2.3457609,-0.97448426
20209838,after,-0.83844009,-1.4444514,0.3918715,-0.53308568,0.17818374,-0.041751031,-0.35089322,0.079900457
20210007,after,-0.48571786,0.62093631,-0.36327031,1.5655243,0.1001258,-0.8248739,0.14356376,-0.61666867
