track_id,version,PC1,PC2,PC3,PC4,PC5,PC6,PC7,PC8,sign,dominant_eof
19790087,after,-0.4312422,0.37498863,0.94316615,2.0074608,-0.48309484,-0.95353176,0.60484912,0.43482703,positive,4
19790135,after,1.3671397,-0.022996218,-0.26155826,-1.4783519,-1.2507747,-1.3647907,0.77512291,-0.27730374,positive,1
19790166,after,1.6999428,0.10025093,-1.7043215,-1.717504,-2.885921,-0.27223061,1.6451318,-2.8104069,positive,1
19790369,after,0.039532089,1.362847,-1.1097971,0.042675372,1.0181491,-0.42992114,-0.50813937,-0.25342019,positive,2
19790455,after,-0.79575156,0.61524486,0.51958996,1.2466002,-0.46943219,0.85175204,-0.51748377,0.12127174,positive,4
19790483,after,-0.40982194,0.44839329,-0.10162074,1.5648588,-0.43778736,-0.27820593,0.11994019,-0.39822144,positive,4
19790535,after,2.0129121,1.0905373,0.92950325,-2.3045697,0.24937817,0.5094838,0.077958549,-0.39827695,positive,1
19790585,after,2.8883155,0.84621237,0.57336369,-1.6779675,-0.047665399,2.1658243,1.3761134,-0.96997825,positive,1
19790644,after,2.7646958,0.08480187,-0.42695984,-0.67708678,-1.5910155,0.78836973,0.45120054,0.15588453,positive,1
19790669,after,0.13589497,0.77820427,2.6027569,-1.0831642,1.3913142,-1.8318929,1.1062008,0.77441108,positive,3
19790802,after,0.22699341,1.199857,2.4279732,-1.8027507,-0.0012764152,-0.67784951,0.80590939,1.5445121,positive,3
19790918,after,0.53912892,0.39458851,-0.074907695,3.0508839,-0.4103459,1.8585196,-1.427268,1.181721,positive,4
19790931,after,1.1329963,0.46145569,0.22745508,1.5268137,0.56165771,-0.17643196,0.12384818,0.87171142,positive,4
19790957,after,-0.95225488,-0.87974513,0.90411492,1.7265122,-0.96493113,-1.0550305,-0.17253406,0.015833248,positive,4
19790985,after,0.032437447,1.7852188,-0.37570665,1.2544832,-0.087819935,1.1244788,-0.53697756,1.2510295,positive,2
19791000,after,0.78546827,0.5517319,2.0734211,-0.16315878,-0.58596355,0.27170092,0.38387974,0.30102833,positive,3
19791008,after,2.1058715,-1.1623362,-0.7271612,4.3081503,-0.32235066,1.2613699,-0.70432318,-0.72879899,positive,4
19791015,after,0.27867432,0.67833548,4.8295,0.35499149,0.86460276,-2.8274887,0.74318761,0.43607153,positive,3
19791150,after,1.5182284,-0.76887183,-1.1157876,0.24739796,-0.51742078,0.095949828,0.77747491,-2.0334852,positive,1
19800033,after,-0.80817252,1.4492361,0.18960193,-0.91286559,0.10658687,0.66480935,-0.9480546,0.4436551,positive,2
19800123,after,-0.70417235,-1.1851804,-0.34837342,1.4979355,-1.2173442,-0.029533824,-0.44026759,0.23545983,positive,4
19800134,after,0.42621293,1.5693423,-0.94973699,-0.75822257,-0.87737233,-0.50078394,-1.4006637,-2.3438059,positive,2
19800157,after,-0.84762112,-0.27563137,1.6679239,-1.4721272,-0.51342449,0.92893217,-2.4915734,-1.3009288,positive,3
19800170,after,-0.025809587,1.8128845,0.54492741,1.9246204,0.42884691,-0.12517156,0.033214544,0.15822735,positive,4
19800192,after,-0.035658103,1.281325,0.43653258,-0.21315159,-0.65572316,-1.2055969,-0.71408293,-0.75196301,positive,2
19800213,after,-1.2049175,-1.1506812,2.5001302,-1.2200276,-0.3774226,1.649125,-1.6955257,-2.7083647,positive,3
19800256,after,2.3460001,-1.3127417,-0.96802545,-0.43997534,0.71074087,-1.2884292,-0.070583599,-0.025030292,positive,1
19800318,after,1.9498398,-0.54391662,-0.79338615,-0.25441894,-0.55435455,-1.5738699,-1.0566722,1.0203039,positive,1
19800411,after,1.9403924,-0.56568381,0.86656919,-0.85718041,-0.50271769,0.3598082,1.323612,1.4163146,positive,1
19800423,after,-1.6106656,0.38910187,1.5058256,-1.4087838,-0.65914178,0.29291989,0.29625774,-2.9782055,positive,3
19800440,after,1.3496377,0.52722392,1.3482455,-1.6413809,-1.0024326,0.98143941,-0.14307958,1.270565,positive,1
19800455,after,1.5609305,1.0238621,-0.34634895,-0.27413192,-1.6263727,-0.90900016,-0.4681327,-0.73219801,positive,1
19800464,after,2.1101458,1.202306,-0.71811988,-0.98722321,-0.092727629,-0.51368359,-0.2757049,-1.5939358,positive,1
19800550,after,-0.93985532,0.15376292,2.0707684,-1.0778351,0.087617222,0.29640561,0.014961826,-0.30889463,positive,3
19800590,after,0.44703181,1.550461,-0.97878068,3.2859827,-1.6428584,-0.88302677,3.1328455,2.0993929,positive,4
19800621,after,4.2963029,0.51183896,2.1075132,2.0059852,3.017666,3.6484363,0.53521289,-0.91957015,positive,1
19800640,after,1.0813867,0.28210312,-0.016126709,2.5320215,-0.656928,-1.9332132,-0.61645514,1.7259326,positive,4
19800646,after,0.12206668,0.10392354,1.2922145,0.87466454,-1.024869,-0.16597423,-0.69819163,-0.083244949,positive,3
19800725,after,1.8547963,0.45929785,-0.073786147,-0.4224152,-1.2669468,-0.66788794,0.47658989,0.36624195,positive,1
19800887,after,0.6652196,0.33820773,1.4140489,2.1296301,-0.10623062,0.041114002,0.056030416,0.04969511,positive,4
19800961,after,-0.49327787,-0.74215488,-1.5721154,1.295226,-0.31634639,0.1501871,0.98695427,-0.13085426,positive,4
19801009,after,-0.90552498,0.37171173,1.5748355,-0.94867158,0.38909371,0.97017285,0.042624972,-0.46016279,positive,3
19810096,after,2.0451916,-1.7237735,-2.4209411,-0.40853723,-2.0621709,-0.42005557,1.3407848,1.0639947,positive,1
19810160,after,-0.6961341,-0.03815971,0.31578835,1.9952514,-1.1797106,-0.42371693,0.78428643,0.36452339,positive,4
19810179,after,0.52264607,-0.55024144,2.0515296,-1.1128933,1.2340705,0.15856488,0.013708308,-0.63747674,positive,3
19810388,after,0.10452202,0.51689651,1.9911402,-1.9807265,0.19872687,0.2417026,1.1917919,-0.21760509,positive,3
19810450,after,1.2594524,1.8042935,0.099182531,0.93103819,0.52536922,1.4382146,-0.46171998,-0.18254963,positive,2
19810473,after,3.019778,0.59545364,0.26838771,1.9825383,2.6079498,0.044907145,0.3592474,-1.0879707,positive,1
19810586,after,1.5840322,-0.3014316,0.96083094,1.0564381,-0.84926869,-1.9428966,0.75677707,-0.58144831,positive,1
19810597,after,-0.896951,0.58775982,1.7880718,-0.86399009,-1.1731491,1.2910441,-0.46782111,-1.0230885,positive,3
19810618,after,0.95053845,0.75336868,2.0877706,0.41118283,-0.35993066,-1.269313,-0.043760399,0.93753521,positive,3
19810626,after,1.9773098,0.31035692,1.0222349,-1.7123541,-1.6835703,-0.90067313,0.04392296,0.048967551,positive,1
19810650,after,-0.26524622,1.9493573,1.5050807,-0.34034086,0.37825613,-0.7284091,-0.39954298,-0.93538604,positive,2
19810733,after,0.30952402,1.9667687,2.543504,-1.0549571,-0.73441689,0.91581996,-0.88146857,0.96763275,positive,3
19810790,after,-1.4358591,-1.2338704,4.1115379,-1.7315548,-1.7294024,2.3020957,-0.94265039,-0.87973948,positive,3
19810863,after,2.7841821,-0.99886171,-0.063991961,1.4778664,-0.48744092,1.2185193,0.062975782,-1.28961,positive,1
19810877,after,-0.073892901,1.964245,0.75917504,2.9041696,0.15098995,0.70402295,-0.11279719,1.1796023,positive,4
19811003,after,0.22772614,1.7481593,-0.41379183,0.55205064,1.2536861,0.22993448,0.39364931,-0.095805365,positive,2
19811035,after,-1.5211433,-1.2364248,1.3616506,0.043640141,-0.0031532112,0.036276503,-0.3812572,-0.76764574,positive,3
19811086,after,1.0818082,0.61885584,1.7052578,0.85713648,0.36831017,0.39805973,0.77544522,-0.43517057,positive,3
19811153,after,1.4853498,-0.55494764,0.085434692,-1.3169758,-0.91840842,0.81698931,-0.36468418,-1.5531012,positive,1
19811187,after,2.0043141,-1.7144352,-1.7704433,2.7061296,1.5338655,0.44434831,0.39410815,-1.1972264,positive,4
19820050,after,2.3885678,-1.4391902,-1.763525,1.3054601,0.82134759,0.54434813,-2.6796684,0.78971518,positive,1
19820081,after,-0.071525144,1.9970292,0.68300503,-0.46165808,0.39650334,1.5938607,-0.71533359,0.72843695,positive,2
19820175,after,-0.53609567,0.34625581,-0.25369619,1.8574283,-0.79890744,0.14256267,-0.51014595,0.11444965,positive,4
19820207,after,-0.012838454,2.1186696,-0.34474672,0.97402674,-0.24290767,1.3955449,-2.0494254,1.3194815,positive,2
19820253,after,0.72809329,-2.9080676,1.5276057,1.0836153,-1.1457601,-1.928319,-0.51806893,0.71546454,positive,3
19820453,after,-0.36557798,-1.1930996,1.003832,2.9745196,-0.87611599,-0.06115993,0.51861806,-0.4202598,positive,4
19820516,after,-0.0061120222,0.42460457,-0.32649471,1.4892743,-0.88986653,-0.31066136,-0.57092208,-2.176592,positive,4
19820563,after,-0.96584639,0.12211657,0.40762572,3.0547247,-0.9549697,0.78861583,-0.0084011865,-1.2154155,positive,4
19820578,after,0.2069546,0.85330379,0.22173392,1.9785222,0.27026976,-1.8314487,-0.20037131,0.12951477,positive,4
19820602,after,4.0459948,-0.1838881,1.4499836,-0.54153294,-0.43673248,-0.41398821,-1.0282254,1.7620356,positive,1
19820645,after,-1.0142247,2.2054935,0.68334071,0.60560458,-0.29489241,0.89202571,1.7933504,1.2851892,positive,2
19820765,after,-0.0072596834,1.4900818,1.803994,0.1420244,1.038093,-0.56716608,1.5920543,-0.61314616,positive,3
19820808,after,1.3480739,0.67217487,1.2962182,0.49897397,-0.93865813,-0.23743855,0.45091039,0.077431594,positive,1
19820831,after,1.4530827,-1.4097814,0.14784541,1.0597849,0.78448058,-2.1195527,0.87028594,-0.028496367,positive,1
19820835,after,-0.95788805,-1.2421229,0.25146849,2.5561955,-0.78515966,0.82351498,-0.1992399,-1.3714828,positive,4
19820917,after,1.5324367,0.29205001,-0.66859762,-0.92662041,-0.44833704,0.7337979,-0.52820255,-0.20223334,positive,1
19820953,after,-0.30006019,0.022915571,1.3240647,-0.48318246,0.028698391,-1.6136063,0.80189939,-0.18080718,positive,3
19820972,after,-0.31382717,0.079670728,0.50725948,1.9323333,-0.09346473,-0.70921815,0.33523583,-0.029021046,positive,4
19820983,after,1.8126921,-0.77690248,0.56349798,-0.51800708,0.9468757,-0.77619158,-0.70507623,1.3700624,positive,1
19821085,after,-1.7895396,-1.4133498,0.027759566,2.1543779,-1.362821,-0.5875205,0.55719408,-1.2506052,positive,4
19821108,after,0.066365346,3.2237145,-1.6593291,1.0382876,0.93738512,1.0426594,-0.09606275,0.84510877,positive,2
19821126,after,-0.6711617,1.3968861,-0.12646369,-0.2806224,-0.17265809,0.6535692,-0.55052822,-0.18294099,positive,2
19830034,after,0.034509807,0.86365199,0.24579877,2.7006819,-0.40695248,0.1944608,-0.30466862,0.12936581,positive,4
19830187,after,-0.12292376,1.2787714,0.15520815,-0.1145692,0.37144647,-0.13912733,-0.48958692,0.86224472,positive,2
19830202,after,1.0184856,-1.8577428,-2.024813,5.0067148,-0.27211945,1.5158185,0.5110934,-0.37117973,positive,4
19830204,after,0.11177573,0.13173874,0.62542927,1.4274404,-0.64559357,-0.41011062,-0.11977687,0.53300408,positive,4
19830250,after,1.4593586,0.099647508,-0.17167916,0.29904631,-0.75385421,-1.2771898,1.044023,0.2623206,positive,1
19830281,after,0.079413315,1.1573807,0.25637256,-0.1285147,0.17914573,-0.96564644,-0.32677685,0.52208721,positive,2
19830313,after,0.32076154,1.1385468,0.22741259,-0.33885054,-0.57089462,-1.2604665,0.12957217,0.9474414,positive,2
19830540,after,0.26477876,-4.0648689,4.3658307,0.71527145,1.0792809,-1.4728882,0.05782003,-3.5612128,positive,3
19830581,after,0.63009348,0.35680052,-1.5832244,2.3370155,-0.73112204,0.76592992,-0.32432824,0.55541088,positive,4
19830635,after,0.48231243,1.1728057,-0.10688496,0.32485723,0.04987428,-1.6232767,-1.0144589,-0.35778031,positive,2
19830683,after,-0.32486642,0.76120278,1.5207223,0.12904055,0.41635599,0.48637296,-0.032397771,-0.16607693,positive,3
19830693,after,0.20276281,1.7045998,1.0505192,1.3472396,0.48723213,-2.0510145,0.46714122,1.193726,positive,2
19830710,after,0.029719877,-1.3624611,1.5157897,-0.21175837,0.9709715,-1.9076948,1.1641729,-1.1292459,positive,3
19830793,after,0.57865844,0.98108723,1.3858081,-0.57476845,-1.3340966,1.102277,0.95595873,0.63614846,positive,3
19830822,after,0.69360038,0.67907999,1.6031058,-0.45327489,0.84210207,1.3077057,0.18979598,-0.11301205,positive,3
19830845,after,-0.29925523,0.59953686,2.9886699,-1.6942369,-0.76793202,0.88324884,-0.90389452,1.595983,positive,3
19830855,after,0.61400238,1.5935771,2.5988275,-0.69844862,0.55772433,1.2695399,0.35104701,-0.50868814,positive,3
19830934,after,0.10625848,1.14595,-0.7932111,0.43597308,1.0013694,0.11542942,-0.076842084,-0.24010183,positive,2
19831039,after,-0.76366969,1.5596123,0.82335779,0.66468945,0.78255887,-1.1265209,0.56533988,-0.075764596,positive,2
19831059,after,2.4135855,-0.40475868,-0.23483679,-0.38515249,1.914673,-0.93221411,-0.58893298,0.32569261,positive,1
19831112,after,-0.60688353,0.32764669,1.9977522,0.30069399,0.21113141,-0.85376042,1.3347616,-0.60106572,positive,3
19831117,after,-0.8892132,1.255004,-1.1933242,-0.45709162,0.37549686,-0.52383858,-0.11385332,0.1180453,positive,2
19840093,after,0.010865356,1.5508651,0.54004006,3.0498298,-0.49417514,-0.50475397,-0.73158892,0.067848097,positive,4
19840098,after,1.9856981,0.10632993,-0.49727802,-2.8385515,-1.6436229,1.6801208,0.54508889,-1.2430609,positive,1
19840141,after,-0.70422418,1.2859665,-1.4263577,-0.59381704,1.072067,0.82193179,0.80106054,-0.23127536,positive,2
19840172,after,0.68347142,1.8828942,-0.45576816,-0.79114458,1.0471611,-2.0869553,-0.76746879,0.72224284,positive,2
19840188,after,1.6265842,0.48722327,2.5946932,-0.88013039,0.47671219,-1.4014441,-0.04299206,0.69125215,positive,3
19840365,after,0.84276236,1.6816233,1.5349269,-1.1510712,0.97428003,-0.49969045,0.75704809,0.043283942,positive,2
19840518,after,0.67037146,1.9597146,0.63315159,2.2840397,0.87047428,1.7411379,-0.30864497,0.55302623,positive,4
19840520,after,-0.28883349,0.1436063,1.51682,-0.13389239,0.51098063,-2.1156955,0.93647513,-0.17599293,positive,3
19840531,after,1.5088204,1.3397748,2.2924355,-1.0280894,0.18330624,-1.4157465,-0.34322647,-0.50143283,positive,3
19840547,after,-0.75723764,0.42600699,-0.71450758,2.1552333,-0.49914207,0.3409374,-0.965051,-0.7969582,positive,4
19840606,after,1.6127291,0.65827872,0.52673555,0.52582055,-1.974116,0.36630111,-0.25094258,-0.031346236,positive,1
19840823,after,-0.15405957,1.4934884,0.036757822,0.35107937,0.41858552,0.67700281,0.04190352,1.0957424,positive,2
19840829,after,0.74025788,0.59726558,1.2928865,0.063678839,-0.29826543,0.21952248,-0.53951337,0.51679732,positive,3
19840860,after,-0.39104182,1.6233098,-0.76576079,1.7462543,-0.45377092,1.0416059,-0.88683104,0.79553944,positive,4
19840876,after,-0.02179345,0.63591777,2.809051,2.1501646,0.51676632,1.3029371,0.044359899,0.10618996,positive,3
19840903,after,-1.0360561,1.2359844,-0.16232951,0.27905813,-0.38810607,0.30993959,-0.029758899,1.1463568,positive,2
19840975,after,1.2906127,-0.71774889,1.5052487,-2.0666756,-1.4366764,-1.6459876,0.14061909,0.44138688,positive,3
19840990,after,0.5372946,0.1507375,1.3412719,-0.22583325,0.022464493,-0.37720771,1.3199881,-0.23238101,positive,3
19841071,after,0.094960824,1.1107985,-1.1764987,0.85414666,0.62965759,0.90264865,-0.8813809,-0.71426178,positive,2
19841077,after,0.54608964,1.8344155,-1.9509127,0.76094304,0.793251,-0.14385633,-0.058735203,1.3141438,positive,2
19841112,after,2.8563952,-1.5352211,-0.20539424,0.50161974,1.1511566,-1.9036021,0.41402988,-3.0222982,positive,1
19841134,after,0.076830389,-0.13887157,2.2380496,-0.83263941,0.77475552,-1.1951078,1.2491477,-0.71018303,positive,3
19850175,after,1.9097392,0.83267736,-0.77055127,3.1741091,-0.53465004,2.5332311,-2.1995315,-0.36131898,positive,4
19850253,after,-0.2100639,1.0944311,2.1588717,-0.21436566,0.070869388,-0.46672035,1.3399944,0.16414998,positive,3
19850282,after,1.0148332,1.8392,0.33567216,1.3893202,1.2500467,1.6840459,-0.18758417,-1.1609971,positive,2
19850310,after,0.33907604,1.2530202,-0.015088046,-0.79763055,0.64882474,0.047127826,0.40388418,0.69839349,positive,2
19850316,after,-0.26668455,0.36805067,1.9244105,-2.8680073,-1.3059842,1.789148,-1.1516444,0.9061276,positive,3
19850342,after,1.4979838,0.36038266,2.3936597,-1.0372064,0.67294131,-0.86871042,0.96593034,-0.5198412,positive,3
19850343,after,1.837859,3.6519776,-0.4887283,-2.2289705,-2.1638189,-2.5747625,1.3604535,-1.6088298,positive,2
19850509,after,1.6818729,0.8130309,0.27869236,-0.62410157,-0.01721194,0.33151638,0.10124529,0.47314754,positive,1
19850565,after,0.31775183,2.2607542,2.0078899,-0.23622415,0.59541441,1.9555106,0.72231935,1.2961235,positive,2
19850605,after,-0.87843821,1.4431479,0.00065332217,-0.059661573,-0.24290405,0.76505351,0.21431638,-0.33674068,positive,2
19850710,after,-1.2079147,-0.52257998,-0.5031833,1.2439268,-0.73110657,0.94082545,-0.16654684,0.34008136,positive,4
19850741,after,0.17208972,1.9102456,0.76431493,1.9302715,0.58967239,-0.36169338,0.60885803,0.42674167,positive,4
19850815,after,1.4565209,0.88678037,-0.44634632,-0.91716846,1.146504,0.60370701,0.25032912,0.072133524,positive,1
19850849,after,1.8112583,0.16202664,-1.013389,-0.052698494,-1.2640732,-0.68568074,1.2588104,-0.80753539,positive,1
19850897,after,1.8352772,1.9794996,0.39008829,2.3524619,-0.17920209,1.9972935,1.6260395,0.37155743,positive,4
19860073,after,-1.4391589,0.17636507,1.2887073,-0.41962177,-0.22677615,0.18759787,1.1978946,-0.44139182,positive,3
19860076,after,0.40352192,-0.4490006,1.302454,-0.86031035,-1.2355361,-1.2179497,-0.031682979,-0.95783633,positive,3
19860092,after,-0.9953736,-1.6789279,0.42846344,1.7707452,-1.0187933,-1.2374426,0.93425568,-1.3992911,positive,4
19860278,after,2.0752815,0.1231558,-0.73761415,2.2154813,1.0235296,0.98125378,0.90360893,0.69863024,positive,4
19860346,after,2.0097366,-0.10919418,0.79448653,0.74897084,1.2023424,-2.0509338,0.2843086,-0.018918412,positive,1
19860409,after,3.0505037,0.4256158,2.6055716,-2.5252504,1.3679876,1.1456588,0.94639496,0.37556307,positive,1
19860417,after,-0.60857279,1.7553264,0.2649233,0.75099492,0.52456154,0.50900511,-0.40572347,-0.6811855,positive,2
19860443,after,2.1142734,-0.5005432,0.086402269,0.14756022,-1.9519833,-2.144889,0.9407367,-0.68079832,positive,1
19860469,after,-0.69183679,-0.33170542,2.251725,0.12018244,0.8420295,-0.74026794,1.3624167,-0.83601097,positive,3
19860491,after,-0.56378078,-0.20548547,1.2942807,-0.48424368,-0.69085121,0.37203619,0.54049874,0.55347563,positive,3
19860513,after,3.4763688,-2.1051709,1.1425317,2.1564276,0.14990179,2.5627466,-1.9859049,0.87216035,positive,1
19860529,after,0.057640863,-1.1153159,0.95570783,4.0289366,-1.2696318,-0.84496709,-0.20623313,-1.0619346,positive,4
19860551,after,-0.53977083,0.15896798,1.8853531,-2.2607599,-0.42381183,-0.44814934,-2.7045349,1.4645475,positive,3
19860563,after,-0.22827629,-2.126293,0.75056519,1.2972785,-0.69312454,0.0040454589,1.0866714,0.21280316,positive,4
19860599,after,0.12136206,0.060780686,3.5096133,0.99453315,-1.1122632,0.42857717,1.0893684,0.19495227,positive,3
19860601,after,1.3145203,-0.77667295,-0.4883163,2.3984956,-2.6351743,1.6209805,2.1224164,0.48864632,positive,4
19860610,after,-0.29296058,-0.80186346,1.2709942,1.2907893,-1.9018823,0.98567634,-0.59102053,0.12303668,positive,4
19860622,after,0.78630885,0.022891031,0.84583119,2.9096345,-1.5915107,-1.707848,0.65572421,0.97575108,positive,4
19860758,after,1.0234927,-0.28828324,2.2056922,0.63190789,-1.4953668,0.21311286,-0.15605771,-0.029338415,positive,3
19860771,after,-1.2724994,-0.76868579,1.4279907,0.95912226,0.3605887,0.14595415,0.5759405,-0.46602643,positive,3
19860777,after,2.8626634,5.1139904,0.026547991,2.7448764,0.86015301,-2.3691301,0.50101276,2.3002377,positive,2
19860782,after,1.2436032,1.3199595,1.3714757,0.17701035,-0.21667088,-0.073964107,-0.40316094,1.1299717,positive,3
19860849,after,1.1123821,2.5650714,0.71046762,0.35270316,0.12058269,1.7560412,-0.2043001,-0.31818841,positive,2
19860879,after,1.5760839,1.5462409,0.20551361,-1.4314879,0.023335656,-1.0906967,0.090809833,0.88867765,positive,1
19860900,after,1.9602561,-0.45366586,-1.0510614,0.094951527,-2.8663179,-1.5385487,0.28161168,0.070030273,positive,1
19860942,after,-0.3448521,1.5460366,-0.91459456,-0.080608635,1.1213864,1.3298216,0.29856578,0.25470871,positive,2
19860954,after,0.49185661,-0.47309446,2.5913051,0.23768967,-0.90918314,1.6784104,-0.973245,-1.1661407,positive,3
19860963,after,2.5918271,-1.5585272,-1.4815227,-0.96780267,-0.83299471,-0.35769867,2.0040616,-0.65407259,positive,1
19860973,after,-0.092361921,0.43121936,1.6740529,-1.3050147,-1.0248176,0.98975847,-0.59230369,-0.90421855,positive,3
19861059,after,0.0070463898,3.0966578,0.30237018,-0.88829648,0.79799669,-1.3904545,0.71693689,0.87512414,positive,2
19861094,after,1.9095076,-0.16962288,0.39826053,-1.637464,-0.86057578,-0.10803305,0.89058487,-0.61642282,positive,1
19870104,after,1.6288328,0.7122615,3.4566357,0.25699713,2.1519304,0.53380092,0.29668434,1.7719236,positive,3
19870162,after,-0.54431659,-2.6599403,0.20526093,1.776262,-0.64075566,1.1180144,0.17323919,-1.8517919,positive,4
19870288,after,1.9391314,1.6489664,-2.5285089,-0.83545875,-0.84762741,-3.0611912,-0.069137822,-1.3997596,positive,1
19870323,after,-1.2170481,-0.29199259,2.5766701,-3.1073185,-0.95454313,2.3306506,-0.4960448,1.6853894,positive,3
19870459,after,-0.58269274,1.6143851,-0.68599546,0.12091858,0.72427696,-0.058551647,0.018915281,-0.012658962,positive,2
19870481,after,1.1761313,2.5343255,-0.87133706,-0.33001412,-1.3342097,0.5761173,1.3077566,-0.092146017,positive,2
19870483,after,0.83373364,-1.0472936,1.8526114,1.6535266,-1.8264774,-1.6301361,-0.2213154,-1.990857,positive,3
19870495,after,1.3163289,0.17820643,2.1562071,-1.5334255,1.4357771,0.92996925,1.8785215,-1.1561102,positive,3
19870588,after,-0.54555357,0.90621634,2.0323738,0.093232129,0.90667855,0.019256387,1.6032533,0.32091524,positive,3
19870641,after,-1.7104475,-0.051746001,1.2931124,0.46478699,1.1438465,0.10866749,0.4754512,0.26322096,positive,3
19870646,after,0.58817743,-1.3719436,3.7336509,-2.2779311,1.2554586,2.729355,0.070033437,-3.0719943,positive,3
19870649,after,2.7562479,-1.0807469,2.9179235,-0.63149636,-0.93455256,-0.47719819,-0.076517011,0.98514341,positive,3
19870656,after,1.2828924,0.11114616,-1.3279554,-0.37584465,1.2523189,1.0022362,1.1509399,-0.19184029,positive,1
19870687,after,1.4504951,0.37773276,-1.4768049,-0.76437855,-0.33383276,0.82224344,-0.0083862899,-1.5192862,positive,1
19870709,after,-0.90398268,-1.5900107,0.78959335,1.9599769,1.016587,1.0005856,0.49315149,1.7445997,positive,4
19870710,after,2.3421622,-1.8439794,-0.86066638,0.082121711,1.4345388,0.38038355,-0.42619095,0.59392828,positive,1
19870714,after,0.21380896,0.56470514,2.3950378,0.2532107,0.37979275,-4.1613654,0.89047051,-0.57502475,positive,3
19870748,after,1.8398147,-0.75442532,-0.32681458,0.60000348,0.063600095,-1.8502801,-0.94196957,0.40578359,positive,1
19870848,after,2.0700527,1.2454029,0.43358448,-0.94612458,-1.0951185,0.35747072,-1.7073966,-0.17105743,positive,1
19870942,after,-0.12248775,-0.3874851,0.81306233,1.7236781,-1.2274908,-0.98585481,-0.75731737,0.57882677,positive,4
19870963,after,0.56263449,0.43928475,1.5863667,0.096699964,-0.17393348,0.89470551,-0.83066507,0.1227264,positive,3
19871082,after,-1.7254663,-2.609051,1.5838093,0.12320547,-0.43861963,-1.0355923,0.31273272,-0.1571057,positive,3
19880033,after,-0.15720954,1.9190842,-0.33304954,-0.38186481,-0.7685449,1.7114916,-0.97921846,0.07812787,positive,2
19880299,after,3.4769811,-0.046479192,-0.38754999,0.94362172,3.2865256,-1.1469156,1.3230045,-0.44105491,positive,1
19880333,after,2.3603633,-2.8226752,-1.228008,2.8780075,2.419349,0.26324925,2.6483796,-2.889969,positive,4
19880513,after,-1.3944887,0.20756528,1.6274459,0.015077885,0.38856508,-0.52600998,0.99236668,-0.59176948,positive,3
19880563,after,-0.69441847,1.5028583,1.3450609,-1.0011487,-0.80415287,0.3134267,-1.16831,0.31489833,positive,2
19880648,after,-0.82273037,-0.15688913,0.46773387,2.1133796,0.012086807,0.86524579,0.25577024,-0.046123738,positive,4
19880650,after,2.3142072,0.42634929,2.2269517,0.077688567,0.72362201,-0.93919286,-0.0068887538,-0.002566773,positive,1
19880666,after,0.10378547,-0.10283548,1.3708718,0.12814327,0.79150766,0.080304638,0.35982658,-1.3307683,positive,3
19880698,after,-0.32367852,-1.3521852,1.0900841,2.3733529,-0.43566295,1.367662,0.47126726,-1.1716904,positive,4
19880964,after,2.6051548,-0.75397319,-0.28544221,-1.3461136,1.8593087,-0.71788838,2.3983451,-0.68326346,positive,1
19880989,after,0.82113521,1.6087543,-0.65156981,1.168483,0.90075596,1.5372246,-1.2893556,0.37879003,positive,2
19881033,after,-1.1064439,0.88658916,4.8240152,-3.4581767,-0.71877548,1.5777122,-2.0260917,-0.1482626,positive,3
19881039,after,1.6110699,-1.4720119,-0.6192468,-0.72202729,1.2823978,-0.91015164,1.199092,-1.3606179,positive,1
19881128,after,-0.64422159,-0.15271211,-0.33927255,1.4768692,-0.55851652,-0.75558048,-0.26176317,-0.92937141,positive,4
19881135,after,-0.70596573,0.95558294,0.24267157,2.12917,-1.6581853,1.0965414,-0.99938,0.39059963,positive,4
19881142,after,0.65308125,-0.43509773,1.2863916,-0.36024762,0.39237084,-0.8767232,0.60196038,-0.9485381,positive,3
19890014,after,0.3131497,-1.1791592,-0.40370642,1.7849946,-0.53507637,-0.20257287,-1.7380147,0.16897479,positive,4
19890138,after,-0.16659215,1.8041776,-0.75493285,0.50628068,0.63098741,0.090090747,-0.75553741,0.2516091,positive,2
19890152,after,1.3925952,-0.25226386,-0.32030622,-0.93470261,0.7724732,-0.049843822,-0.84075275,0.49143927,positive,1
19890304,after,-0.075403705,1.5662671,0.48314525,0.79107345,-0.38162492,-1.2059658,0.13170831,0.21165063,positive,2
19890312,after,1.4773193,0.97994055,-0.70757103,-1.0721554,-1.3409215,-2.5457953,-0.28863621,1.1639973,positive,1
19890342,after,3.0018296,1.7534445,-0.24760462,2.8130898,-0.84637548,2.622545,-0.81696153,0.82367309,positive,1
19890398,after,-1.1319507,0.47109944,2.0715438,-1.3310118,0.38817376,0.43531751,0.91332114,1.0051065,positive,3
19890430,after,1.4843637,0.54429821,0.17064051,-0.65549478,0.49849029,-1.0510271,-1.718901,-1.3995122,positive,1
19890509,after,-0.089676021,1.723995,0.29549815,0.010699993,1.4991445,-1.218149,1.3716461,-0.47359416,positive,2
19890513,after,2.6477877,2.1380957,-0.39829886,-0.72357815,-3.0234634,-0.34185646,0.19748172,0.48841049,positive,1
19890568,after,-0.11485523,1.2491286,0.7775271,0.23715638,0.85372465,0.54522587,-0.34295456,0.80491336,positive,2
19890577,after,0.1136071,1.2189303,0.029903333,0.91931026,0.19756311,-1.521372,0.54857401,0.30644642,positive,2
19890611,after,2.0221692,1.371427,0.60550014,-0.61973337,-0.84371084,-1.4695261,-0.86721752,0.22355693,positive,1
19890816,after,1.3521919,1.9398423,1.3222384,3.6143157,0.091476319,2.316745,-2.5911358,0.06893394,positive,4
19890818,after,0.32533091,1.8064222,2.0165312,-0.16347132,1.7606171,-0.75753687,0.8468321,0.018980179,positive,3
19891087,after,-0.90217082,-0.12289716,0.38512261,1.8418776,-0.41569801,0.829094,0.24369789,-0.15405602,positive,4
19891133,after,0.099715881,1.8592969,0.17504794,0.21639089,0.5262272,0.41765031,0.15060541,0.91060408,positive,2
19891150,after,0.28910495,1.1288882,0.31228164,-0.97970294,-0.065926213,-1.1076801,0.72336102,0.12717411,positive,2
19900037,after,-0.17166134,2.16272,-0.88578867,0.64039878,0.18393455,1.5684558,-1.0237051,0.93459853,positive,2
19900047,after,-0.045934656,-0.36833449,1.9805393,-0.62748025,-0.54994138,1.2171034,-1.0054742,-0.4550341,positive,3
19900070,after,1.3764622,-0.93278407,-0.85530495,-0.6242459,0.12679272,-1.2049562,-1.0343062,-0.023320626,positive,1
19900228,after,-1.5427542,-2.5926576,1.140417,1.4428099,-1.776346,0.74319267,-0.25426678,-0.51359834,positive,4
19900326,after,-0.93950467,-1.6344702,1.2854085,0.26739104,0.6923756,0.69704882,0.8501892,-2.5778821,positive,3
19900332,after,0.016910373,-1.0982494,2.2199927,1.2542986,-0.29753537,0.85425041,-0.7224022,0.38514974,positive,3
19900337,after,-0.14149606,1.3409036,0.37858001,0.53684055,-0.14216469,-0.79499539,-0.39893413,1.0172039,positive,2
19900400,after,3.939241,-1.1628334,-0.89270688,-5.8509214,-10.118983,2.7072482,2.2356654,-3.6166783,positive,1
19900409,after,2.8403954,-1.2286807,-0.81325504,-2.2455013,-1.4632703,-0.84614374,-3.1796553,0.55652279,positive,1
19900423,after,1.5025434,0.54489235,-0.52658889,-1.1997883,-0.56126644,-0.30132686,-0.50943096,0.38658474,positive,1
19900443,after,0.66153771,1.7367009,1.6269118,2.4628801,-0.12113881,0.32538279,-0.89388099,0.49178288,positive,4
19900451,after,-0.38184452,1.8617375,-0.57420385,0.57557392,0.90144006,0.94794927,-0.013271843,0.12315292,positive,2
19900502,after,-0.32229548,-0.121627,1.5759055,-0.85229497,0.19856931,-0.29306009,-0.66597749,-0.19006984,positive,3
19900579,after,-1.3278647,-2.363738,0.1617369,1.385325,-1.4823893,-0.31935804,1.0533834,0.35776571,positive,4
19900641,after,2.1530212,2.481221,0.5395592,-0.49203799,0.094332679,0.85780386,0.98670472,-0.78731593,positive,2
19900687,after,-0.26758468,0.45359218,-0.28714318,1.5613374,-1.448154,1.2374832,-0.86756611,-0.063206499,positive,4
19900720,after,0.81094353,-0.0013417947,0.85085695,2.0873879,-0.53830258,1.1144702,-0.77374469,-0.28826602,positive,4
19900790,after,1.4364992,0.98179266,-1.4843546,0.4487548,1.3541087,-2.0402061,-3.506101,-2.2462886,positive,1
19900818,after,1.8503865,0.62504829,-0.32259857,-1.0824787,-0.77730379,-0.38153608,-2.5379961,0.004160538,positive,1
19900919,after,2.1257617,-0.97720025,-1.1093004,-0.43870448,-1.4720316,1.1127492,-0.11966856,1.3368398,positive,1
19900953,after,-0.50420924,1.1963948,1.7229764,-0.88319806,0.82859447,-0.053896449,0.64398306,-0.14520228,positive,3
19901017,after,2.0704203,0.92596507,-0.054769091,-0.12334742,-3.2073748,-0.61305127,0.60278226,0.69231039,positive,1
19901020,after,-0.74221128,-1.2854954,2.7785375,-1.6774702,0.18734193,1.4731131,-2.3870262,-0.28451438,positive,3
19901100,after,-0.40765694,-0.53186219,2.4334516,-0.22629548,-0.22123279,-0.011556266,0.47011149,0.82387562,positive,3
19901161,after,1.7834366,-0.87885817,-0.53372341,-0.041951504,0.50903433,0.11963554,-1.4407834,-0.35381071,positive,1
19910003,after,-0.20401687,1.6863887,-0.11414474,0.98809701,0.39630075,1.0561756,-0.78251547,0.71660506,positive,2
19910096,after,-0.82857866,1.1383317,-1.5437725,-0.40201734,0.6274462,0.31149488,-0.16786974,-0.17231476,positive,2
19910260,after,3.0731903,0.64637596,-0.88458215,2.8789972,0.32443123,-0.00074905248,0.88661531,0.46453136,positive,1
19910317,after,2.4620995,-0.41144579,-0.33873198,-2.91343,-1.7645004,1.0431077,-0.98006845,1.3788333,positive,1
19910380,after,0.94105074,0.021817228,2.373949,-0.44878999,1.5089232,-0.30370599,0.54259067,-1.5860322,positive,3
19910446,after,0.21991145,1.2694904,0.39394925,0.33905502,0.20452142,0.88604403,-1.3355755,0.29289419,positive,2
19910449,after,-0.20912277,1.2708345,2.2345727,1.6429389,0.33691325,-0.80585414,1.421058,-0.44933023,positive,3
19910454,after,-0.21431181,-1.4003273,1.8614404,1.2283337,-1.0199625,0.82382289,-1.501091,-0.43081238,positive,3
19910603,after,2.9030421,-0.85874433,0.79993856,-0.19432931,-2.6859105,-0.13816174,0.89579795,0.4734736,positive,1
19910643,after,-0.46175725,-0.33607764,2.369306,-0.44313433,-1.7681597,0.72289746,-0.56631892,-1.1274418,positive,3
19910683,after,1.2494127,-0.17697125,1.688301,1.826416,-0.87614255,-1.2107624,1.143392,-0.28569763,positive,4
19910747,after,-0.039879105,-2.1384236,2.3693657,2.440899,-1.0122031,-0.42283906,-1.2780669,-0.37696858,positive,4
19910777,after,-1.9689096,-0.98900415,1.992611,-0.025968556,-0.54674589,1.5160406,0.56716008,-2.4370277,positive,3
19910806,after,-2.0689748,-2.0729516,0.47820668,1.9989387,-0.81126638,1.1542723,1.1664432,-1.7339289,positive,4
19910825,after,1.6444179,-1.5472308,-2.0378032,0.91343598,1.2495766,-0.17774866,-1.3423558,0.8182598,positive,1
19910826,after,-1.587878,-0.24598382,1.3365537,-0.53981722,-1.1855847,0.89794505,0.58217807,-0.81890015,positive,3
19910919,after,-0.69015752,-0.20766594,1.2835031,-0.2749463,0.77400352,0.55806388,0.88063593,-0.32456502,positive,3
19911037,after,0.87059872,2.0342935,2.7102876,-1.9947235,0.19005578,1.5956247,0.4752108,0.18823631,positive,3
19911082,after,-1.0566148,1.1365632,-1.2131781,-0.24117829,0.2769955,-0.24629831,-0.20468737,0.33429182,positive,2
19911132,after,1.8889062,0.38576964,0.45435736,-0.27945645,-0.0065896011,-1.3281727,0.95962589,-0.34069608,positive,1
19911145,after,-0.52525989,-0.14356474,0.87925698,1.5999039,-0.12788372,-0.60517644,0.63956327,-1.5590363,positive,4
19911146,after,-0.88924474,1.6510227,0.65991452,-1.6626613,0.48028657,-0.14774615,-0.034374485,1.0895109,positive,2
19920084,after,0.22022406,0.79413236,0.63491525,3.6685201,-0.49048373,0.29317357,-0.30744021,0.046286527,positive,4
19920145,after,0.35025618,-1.2103851,-0.55074402,1.4255155,0.1365152,0.5155304,-1.4102053,0.61129148,positive,4
19920207,after,-0.049314511,1.0028405,-1.1898919,2.0663703,0.074424293,0.13073458,0.36912159,1.3930972,positive,4
19920229,after,-0.33400326,-1.239909,1.8615415,0.44311149,-1.6662927,-1.6953876,0.15296689,-0.59295802,positive,3
19920248,after,1.5933316,0.60217142,-0.61794809,2.3119457,-0.2917295,0.41601819,-1.7923117,1.34988,positive,4
19920370,after,1.6446252,-0.98432822,-0.76230302,0.79035997,0.10014928,0.13749426,0.26317533,-2.1585935,positive,1
19920418,after,1.7082515,-1.008856,0.14323083,-1.0361885,-1.1774151,0.55000524,1.3494459,0.19638173,positive,1
19920433,after,0.43481172,0.84621513,1.5431613,1.5236661,0.15150462,0.0031438994,0.45966172,0.26214325,positive,3
19920442,after,0.37858095,-1.0773438,2.3250792,1.7364205,0.29654008,0.24870408,1.6253257,-1.2588245,positive,3
19920460,after,1.6672421,1.0180328,0.67391906,-1.587574,-0.47779491,1.314228,-2.425916,0.36780439,positive,1
19920472,after,2.8396514,-1.4898977,0.77950666,-0.42882332,1.2158255,-1.1060413,0.17993337,0.22707308,positive,1
19920528,after,0.85349424,0.80460335,-1.0821016,1.8450501,0.19260059,0.86712815,-0.5995428,0.52132868,positive,4
19920579,after,-0.77370279,0.68431822,1.6569513,-0.36576301,0.60376561,-1.5905171,0.16975584,-0.92541899,positive,3
19920685,after,0.18534549,-0.35335911,1.6967965,-1.07296,1.1359647,1.6222306,0.66115552,0.42785449,positive,3
19920759,after,0.454882,1.8768237,-0.59246868,3.2421298,-0.20273695,0.79447478,-1.3196222,1.262559,positive,4
19920898,after,3.3173242,1.3288295,0.20053073,-0.10229331,1.1366852,-0.28366421,-0.097239888,0.16077393,positive,1
19920931,after,-1.5957987,-3.5754354,0.078985228,1.3145475,-0.2801634,0.85774733,1.0831324,0.36011116,positive,4
19920960,after,-1.1450451,-0.93266006,0.0021515646,1.5352001,-0.86523199,-0.49951871,-0.068949834,-0.92305884,positive,4
19921005,after,3.4204487,1.9201225,3.6498701,-0.81830297,1.8298752,0.48297055,2.0478693,-0.21304317,positive,3
19921017,after,1.241251,0.94023616,1.0347344,4.5100011,-0.77234176,-0.035825247,-1.1761951,2.576764,positive,4
19921027,after,0.960104,1.2491751,1.1689416,1.5188695,-0.36183805,-0.55398872,0.085916257,-1.1842877,positive,4
19930045,after,2.2927179,1.481307,2.9329905,-1.4273773,0.39258986,-1.2506365,0.87789075,0.41920887,positive,3
19930080,after,-1.5462602,-0.29873904,0.29103415,1.4376421,-0.96702583,0.84472284,0.78830212,0.02903376,positive,4
19930155,after,-0.10749725,2.6093077,-0.93366123,1.2625608,1.1132139,0.18619064,-0.44141892,-0.20574909,positive,2
19930158,after,1.7899917,1.3700153,0.0043421922,4.1684719,0.2277622,0.77225056,-0.39221772,2.1074703,positive,4
19930246,after,-1.2756003,-0.25814162,-0.31450986,2.0208461,-1.3083159,-0.60749813,0.19129006,-0.37373886,positive,4
19930356,after,0.93489445,0.28862489,1.4768206,0.66771678,0.24103043,-0.66657295,0.071273305,0.13057425,positive,3
19930375,after,1.5276836,-0.63250097,-1.4072717,1.5488282,0.5213325,-1.9986563,-0.9777308,0.75665912,positive,4
19930419,after,0.38994232,1.2381828,0.2566,-0.93633196,0.59394935,-1.4913386,0.62071429,-1.5727742,positive,2
19930476,after,3.2579225,2.1779627,-2.4629509,-1.631362,-4.3095713,-2.2176549,-2.5172263,-3.9047099,positive,1
19930531,after,3.1606042,-3.0129977,0.23222331,0.05804105,0.9567069,-4.0793047,0.62869941,-0.13772637,positive,1
19930561,after,1.6465206,1.4001539,-0.96538685,0.9835695,1.4137639,-0.58104711,-0.94286554,-1.1088789,positive,1
19930571,after,2.7321669,0.65102886,-0.57591378,-0.94951239,1.0053156,0.030293299,-1.4773723,-1.4737142,positive,1
19930602,after,0.20333204,-2.226443,-0.15853286,3.7537568,-0.68220696,-1.7808757,1.9725801,0.25553934,positive,4
19930650,after,0.53894139,2.8758149,0.08864028,3.4488683,0.37837878,1.0302852,-0.96876308,0.9228304,positive,4
19930666,after,2.7262007,-2.2974102,0.26550744,1.8953809,-0.45659364,-1.2968757,-1.8194515,2.7211889,positive,1
19930680,after,2.3272926,0.82067778,-0.21220381,-0.62775353,-1.9278958,0.81470078,0.5424122,-1.5397903,positive,1
19930687,after,1.595742,0.59149202,0.12276521,0.36310765,-1.4093851,-1.4787052,0.71956858,0.94536699,positive,1
19930756,after,-1.9012195,-1.6368146,0.66636011,1.8428173,-1.2681369,-1.1418195,0.43526823,-1.2723808,positive,4
19930762,after,-0.41028105,0.73705263,2.1258324,-0.40850246,0.46159053,-0.38159295,1.3625616,0.14853311,positive,3
19930790,after,-0.23312714,1.3555994,0.14384296,-0.47940344,0.45917896,-0.59024139,-0.34231713,0.56174685,positive,2
19930794,after,-0.35226674,1.6350185,-0.043098243,0.69244586,-0.19877781,0.44078911,-0.57544764,0.45412846,positive,2
19930925,after,0.5322755,1.1745158,-1.3619695,1.4484143,0.17852503,1.0661753,0.61067041,0.40255622,positive,4
19930958,after,2.0363487,3.5810539,1.8557738,1.989931,0.76270934,1.3286556,-0.86492924,0.94022637,positive,2
19930961,after,-1.0077476,0.83465849,1.5613995,3.8611002,-1.3601626,1.4453565,0.021559837,0.27524082,positive,4
19930970,after,2.0625064,0.65723033,3.6980939,0.9052164,1.2729398,-0.15557385,0.26101301,1.1529537,positive,3
19931037,after,-1.1827071,-0.95530438,-0.35733406,1.8166917,-1.207844,0.49331175,0.34476004,0.10374545,positive,4
19931090,after,-0.047362395,1.2808746,-0.51087386,-0.18634644,0.015887903,-0.35523098,-0.79369137,0.32396464,positive,2
19931162,after,1.6598988,-0.56825314,0.54135966,-0.79679538,-2.1348806,-0.46577146,-1.2465612,-0.4206869,positive,1
19931164,after,4.5410683,-0.047385974,-1.8148817,4.7434309,1.0608159,2.5796644,-2.4755781,2.2432051,positive,4
19940008,after,0.076563633,1.4522283,-1.6158273,0.63247058,0.39354134,-0.0001977969,0.3468638,0.018753241,positive,2
19940106,after,0.12104089,-0.73861778,1.7615008,1.8262881,-1.1048673,-0.046080886,-0.8737959,-0.17159056,positive,4
19940160,after,-0.066414501,2.0447943,0.57923694,1.1311859,1.2137546,-0.71019092,0.6485139,0.92800968,positive,2
19940163,after,1.7706769,0.77386416,1.01245,-0.95858019,0.4721257,-1.1312514,-0.98055359,-0.49721065,positive,1
19940276,after,2.6850703,-0.62140028,-1.4446859,0.15571097,1.39397,-0.85248127,0.65931323,0.23094275,positive,1
19940310,after,2.0510676,1.3734637,1.162217,-0.67590532,-1.3932049,-2.0175649,-0.19205809,-0.24300967,positive,1
19940325,after,0.30077821,-2.5254208,1.8703604,0.35103606,-1.0418437,0.74657781,-1.3908421,1.0338144,positive,3
19940337,after,0.3664933,1.2040053,-0.33537686,0.42829726,1.1554414,-0.79116589,0.83131982,0.9697603,positive,2
19940368,after,0.11686344,1.174616,-1.246802,2.142367,0.18020477,1.6519831,-0.78794929,-0.25101422,positive,4
19940385,after,0.035742764,2.0139858,-0.18559497,1.4706391,0.39024034,1.7826112,0.34585099,0.76138726,positive,2
19940398,after,-1.0004273,-0.071610835,-0.25574329,2.6107362,-0.53996534,-0.093438816,-0.019970447,-0.98830926,positive,4
19940408,after,-0.71263883,3.0574824,1.3489209,1.0641713,1.0146261,-2.2859319,2.6250319,0.17126431,positive,2
19940431,after,0.42343803,-1.5350692,0.68866541,1.8564118,-1.5613646,1.533691,-1.7213763,-0.80254272,positive,4
19940445,after,0.00521142,-0.37932652,-0.1872902,1.7141525,0.51364766,-1.8012726,0.57721168,-0.9425117,positive,4
19940461,after,-0.65511647,1.6827779,-0.75297363,-0.070679692,0.40116989,0.037436405,0.2057312,0.83566195,positive,2
19940472,after,-1.4520805,-1.8266068,1.1988225,1.9862225,-0.47624146,-1.0113459,0.8701852,-0.84001151,positive,4
19940479,after,1.3260717,0.045757575,1.7337658,-1.8348514,-1.0885749,0.45281508,-0.046606098,1.1783707,positive,3
19940536,after,1.5625976,1.9417817,0.79101753,-0.26853592,1.9403509,-0.99328569,-2.0183495,-0.30933097,positive,2
19940548,after,-0.77697096,-4.1379478,2.2258614,2.1188175,-1.3695323,0.48415215,0.10930888,1.654614,positive,3
19940559,after,-0.86537583,1.1867183,0.59741527,-0.70693268,0.010796625,0.81914052,0.23672072,-0.52388048,positive,2
19940605,after,-0.83316109,1.8837987,0.54433379,-0.77065095,1.0006963,-0.36863965,0.17101757,1.5163352,positive,2
19940621,after,-0.31734601,0.81344577,0.49512641,2.032297,0.38360088,0.22326936,0.98090912,-1.6843252,positive,4
19940640,after,0.22018997,-0.37001896,1.32539,0.53624455,-1.1523153,-0.50532638,0.34200385,1.2953042,positive,3
19940773,after,0.39394607,2.7636648,-0.44979094,-0.8448115,0.90307431,-1.1169585,-0.2080135,0.39476341,positive,2
19940801,after,0.11375576,-0.18117529,0.97941767,1.9280813,-0.04394473,0.32086045,0.58339525,-0.31317027,positive,4
19940804,after,1.1072275,3.389896,-1.416721,0.87286514,-2.6239947,0.24048792,1.7423954,-1.8265908,positive,2
19940891,after,-0.43807629,1.2461593,-1.0857579,-0.19890003,1.177254,-0.17431708,0.56883102,-0.5307944,positive,2
19940899,after,1.9779145,3.5034567,2.1128249,1.4320837,-0.0094561977,1.3393301,0.21686093,1.9579171,positive,2
19940943,after,0.21264109,1.4880558,1.4576069,0.36961234,0.2378669,1.3223386,1.1299126,-0.55173463,positive,2
19940952,after,0.39590453,0.79394863,-0.7845382,2.2270788,0.72159351,1.0331173,-0.52060085,-1.7570434,positive,4
19940954,after,0.27486621,1.4630655,-0.43999235,0.30737746,-0.049655713,-0.16439275,-0.61062418,1.1751731,positive,2
19940960,after,1.2860227,2.7312876,0.58228015,-0.6967217,1.0649431,-2.1177738,-1.6343948,1.4990345,positive,2
19941055,after,0.63760081,1.3351952,0.5562153,0.60546245,-0.40390406,-1.4337086,-0.70407269,0.34998133,positive,2
19941069,after,0.319271,0.85280662,1.5605582,-1.4477421,-1.2061235,-0.065409151,-0.31599687,-0.25873049,positive,3
19941137,after,0.67981637,1.3131055,1.1683236,0.31514937,0.16260142,0.19178723,-0.0080506805,-0.56143021,positive,2
19941178,after,-0.36614145,1.6061916,-0.030665775,0.18727157,0.62711793,-1.5777005,0.447992,0.82948951,positive,2
19950017,after,1.8502185,-0.48202089,-0.75524038,-0.79522653,-0.74640322,-0.63942745,-1.0892512,-0.42039722,positive,1
19950022,after,-0.70957064,0.64274917,-0.31392955,1.328975,-0.42855232,-0.39528987,-0.32894347,-0.25825418,positive,4
19950111,after,-0.8380692,0.8230331,-0.17831691,1.2540559,0.01810886,-0.23494242,-0.076743678,-0.024149396,positive,4
19950116,after,-0.49943987,0.76720269,1.8780776,-1.441715,-0.46388299,-0.12878513,-2.5990097,1.6206213,positive,3
19950240,after,1.2834988,0.099658992,0.69632698,4.1741717,-1.1035787,1.2208074,-2.0162895,0.64915356,positive,4
19950306,after,1.9334176,-1.287261,-1.6272652,-1.819556,-0.67251723,0.34582143,-0.19864819,-2.2330654,positive,1
19950380,after,1.4811792,1.4807821,-0.038136449,0.40793811,1.1132989,0.18301477,-0.30122549,0.56940694,positive,1
19950418,after,-1.1722453,0.76000277,0.05875378,1.4170195,-0.3830296,-0.22289296,0.22542344,-0.021879478,positive,4
19950512,after,0.18608773,-0.16032881,2.2133349,0.12253145,-0.40540682,1.4347883,-0.44348932,-0.56128308,positive,3
19950549,after,0.84352888,0.058255132,3.3445992,-2.2124895,0.17604265,0.5454657,2.5482389,-0.35815236,positive,3
19950584,after,2.8984064,0.46415855,1.5409901,-1.0776718,0.4751702,2.0788555,2.7939273,1.1821788,positive,1
19950629,after,-0.025609091,0.26590663,2.3035116,-0.21070342,1.3128181,0.16651022,0.30992894,-0.77097264,positive,3
19950636,after,-0.2576955,1.3497749,-0.32397001,0.88716808,0.14510034,0.8938744,-0.22377796,0.82329703,positive,2
19950656,after,0.097199608,1.3367561,0.11524131,-0.22836732,-0.22125498,-0.095830983,-1.4681148,-0.034222621,positive,2
19950672,after,0.24804191,1.5573639,-0.16968557,1.557612,-0.40796252,0.073890801,-0.38300741,0.34425757,positive,4
19950720,after,-0.27075421,1.8433745,-0.061150573,1.2959092,-0.1719618,1.0026494,-0.67975954,1.5815769,positive,2
19950728,after,0.7686778,1.241993,0.63587753,2.6768208,-0.46591303,1.6639892,0.23916007,-0.042456515,positive,4
19950734,after,0.33936737,-0.30399147,3.4307314,4.0148118,-0.37806876,-0.17237389,0.38420781,-1.5804099,positive,4
19950770,after,0.58461812,0.63922061,1.765167,0.39438809,-1.6497841,0.096641666,-1.2120194,0.51593225,positive,3
19950774,after,0.31934257,0.012823686,0.99284562,1.9870294,-0.84663752,1.8273433,-0.36443052,-0.64798779,positive,4
19950812,after,-1.523093,-2.4283608,1.362755,2.2544483,-1.8197345,1.0010101,0.2620999,-1.3849878,positive,4
19951024,after,0.66618213,3.3342015,0.69024712,1.7452201,0.62621428,-0.14425903,-0.89740414,1.2434591,positive,2
19951109,after,-0.87115963,-0.011680629,-0.4210452,1.4521756,-0.87727593,0.16632361,-1.0447931,-0.20753891,positive,4
19951122,after,2.4433707,-0.55765766,-1.5107943,-0.35277144,-0.91100256,1.842602,1.1934472,1.6094077,positive,1
19951168,after,0.1874372,1.8342234,-2.136547,0.22874117,-1.0286033,1.1168127,0.78139732,-0.37431624,positive,2
19951172,after,-1.0701889,0.081926574,0.3513543,2.601719,-0.10620565,0.47621129,-0.54306001,-0.62484297,positive,4
19960027,after,1.9305365,-1.2267085,-0.68751525,-0.099772195,0.28115777,-1.0612564,0.14812009,-0.4541359,positive,1
19960054,after,1.5004428,-0.32641645,-0.65979965,-1.4521594,-2.1381679,0.48919707,1.3223298,0.9663374,positive,1
19960074,after,-0.95842076,-0.62310369,0.058834997,1.8704149,-1.2070418,0.26396683,-0.86696092,-0.8207306,positive,4
19960111,after,2.3630131,-0.94685285,-0.32317292,-1.5409665,-2.9840095,-1.5511194,0.95483577,-0.93563087,positive,1
19960155,after,1.0274055,-2.5520099,-0.50324676,4.2670252,-0.037170202,-0.89768317,-0.17263947,0.075705365,positive,4
19960165,after,1.795643,-0.74868159,-1.5556139,-1.1574263,0.11736931,-0.43865319,0.52417359,-1.1746753,positive,1
19960202,after,0.50026074,0.6192551,1.4699532,-1.0224305,-0.42745497,0.63648711,-0.45015233,0.20826229,positive,3
19960269,after,-0.19798347,-0.79778036,3.5868713,-0.25983128,-1.1376311,2.2365282,-0.7680534,0.30209201,positive,3
19960308,after,0.1000793,-0.091245635,2.1110122,-0.87231828,0.34738146,0.19927196,0.71298312,-0.52082741,positive,3
19960347,after,2.391155,0.22231958,-0.048889317,-0.41391798,-1.8252711,-0.032290862,0.6334832,-2.537684,positive,1
19960472,after,3.6889218,-0.11627659,-3.23409,-0.40592411,-1.9074857,0.4966166,0.42753625,-2.8071711,positive,1
19960490,after,-1.0024238,-0.58074149,0.55054651,1.9927606,-0.51952303,-0.77643737,0.35372673,0.070543004,positive,4
19960501,after,-0.53152877,0.96162189,2.1100947,-0.74915215,0.74852604,-1.2528048,1.9120321,0.57743924,positive,3
19960518,after,2.5865721,0.37718415,-1.1341243,5.930956,-0.017390104,0.48633327,-1.6815274,1.1931697,positive,4
19960530,after,0.85199064,-0.16141963,0.95646645,1.6484315,0.30462995,-2.2064358,-0.10148102,-0.061813898,positive,4
19960612,after,1.6258059,-0.81916884,-0.98478366,-0.63159333,-1.7645835,0.097329333,0.80405334,0.30687429,positive,1
19960625,after,5.2044032,-0.8609457,3.649602,-3.3678863,-3.5600302,0.56211613,-0.17194961,2.9116546,positive,1
19960627,after,1.5535429,-0.51966387,0.95330249,-0.37978253,-2.4655292,-0.47088382,-0.36958866,-0.35964033,positive,1
19960665,after,1.3973009,0.60523993,1.2167779,-0.40930687,-0.86374783,-0.57876793,-0.70413112,1.260185,positive,1
19960679,after,1.8826499,1.2128605,-0.23771807,0.1985373,-0.83621926,1.4533322,0.38261991,1.1749235,positive,1
19960734,after,-0.53041839,-2.7773104,4.4630432,-0.82798859,3.3742581,1.7610966,2.1624121,1.8438428,positive,3
19960752,after,-0.56562154,-0.60817086,2.569587,0.42999407,0.67301555,0.646077,0.3902491,-1.9470841,positive,3
19960782,after,1.7968918,0.31530887,-0.045810793,0.097785293,-0.69511466,1.3541119,1.1553041,0.50664054,positive,1
19960814,after,-0.15026812,0.24084635,1.3648657,-0.48483045,0.4071858,0.34632995,0.84518449,0.63207459,positive,3
19960865,after,-0.89923285,-1.6174529,1.7369902,-0.66660064,-0.68131543,-0.41324676,0.59244939,-0.45479345,positive,3
19960887,after,-0.49160239,2.081587,-0.037023933,0.31158373,0.81714324,0.85993197,-0.016084108,-0.017598005,positive,2
19960953,after,-0.24515078,2.2027601,-0.31102748,-0.089730789,0.5360233,-0.53890382,0.34238571,1.0049523,positive,2
19961013,after,0.43233705,-2.7221786,-0.052192674,2.0813082,-0.18418139,-0.22043411,-2.2319524,0.82102591,positive,4
19961045,after,-0.51058651,-0.14382987,1.6079575,0.15626677,0.43412586,-0.063862,0.0042199052,-0.46320326,positive,3
19961070,after,1.4267793,0.6063006,-1.228077,-0.13027145,-2.4587106,1.1143065,0.051707641,-1.3379643,positive,1
19961096,after,-0.37106307,0.027342775,0.69966201,2.0770479,-0.3503228,-0.14400166,-0.42428952,-0.16306494,positive,4
19970030,after,-1.8331242,0.013463071,1.336176,-0.9088013,-0.51590456,0.088615031,-0.057006246,-0.42732122,positive,3
19970127,after,2.3734955,-0.1613515,-1.919852,-0.82896379,-1.1899713,0.22595761,1.3731322,0.50275438,positive,1
19970130,after,1.9300087,-0.98144544,-0.0025794417,-0.36696493,-0.072343062,-0.65605325,0.49864901,-0.17008485,positive,1
19970197,after,-0.22817489,2.002672,0.71968046,-0.25333156,1.8560356,0.65610156,0.83980901,-0.23275768,positive,2
19970233,after,1.6099366,-0.63123382,-1.2738141,-1.0267933,0.54665369,0.50845901,0.44117723,0.72476313,positive,1
19970429,after,0.1629453,1.5722156,1.6443345,-1.061102,0.71622879,0.79807653,0.99560114,0.12030962,positive,3
19970476,after,0.94334929,-0.10447817,0.029201801,1.7998328,-1.2941549,-1.1908253,0.73182803,0.19400285,positive,4
19970525,after,0.86708993,1.2787727,-0.47242698,0.2799009,-0.58940063,-1.9158202,0.013722802,0.46749299,positive,2
19970555,after,0.74941153,0.93376803,3.5443032,-0.73636746,-0.45685108,0.1086818,0.69757485,1.1022677,positive,3
19970579,after,3.0834437,-0.58178483,-0.0099141568,0.054136938,-1.219111,0.81529354,-0.79137934,0.18364236,positive,1
19970594,after,-0.82792954,-0.57128876,1.9731888,0.50197809,0.35281166,-0.47219388,1.3476921,-1.2722732,positive,3
19970596,after,2.1130694,0.19673404,-0.061278482,-0.16945391,-0.89299609,0.56780688,-2.9163682,1.3754736,positive,1
19970614,after,-0.027991186,2.1628099,0.70909904,-0.19188884,1.0526338,0.13941984,-0.63717383,0.81253887,positive,2
19970638,after,0.2164699,0.62658128,1.4999368,-0.40415223,-0.047915442,0.014787176,-0.33816879,-0.026773031,positive,3
19970649,after,0.36260254,-0.71873147,1.651157,-0.86958069,-0.95800438,-1.5134677,-0.41875125,-0.45505965,positive,3
19970690,after,-0.57323324,0.59110048,-0.06349915,2.2615494,-1.14623,0.30208072,0.0413518,0.46032386,positive,4
19970735,after,-0.99666879,-0.49185407,3.2318671,-2.4120454,-0.27644381,0.80428895,-0.35516445,0.066025209,positive,3
19970761,after,0.28489453,0.66036576,0.20324292,1.5094241,0.6928342,-0.6702782,0.1775678,-0.21769204,positive,4
19970767,after,0.36068081,3.2160157,0.54353353,1.2536205,0.43214818,-1.9563498,1.6431714,0.00043435912,positive,2
19970797,after,1.1205586,1.8772314,1.0972837,-0.97322565,0.89178581,0.83080363,-0.84074051,1.4575036,positive,2
19970833,after,-0.6031273,1.1384107,-0.16166634,-0.049269443,0.00095963084,-0.15426897,-0.021710436,-0.032133922,positive,2
19970844,after,-1.3128412,1.0656071,1.0034622,1.3475962,0.19013363,-1.2299018,1.1051121,0.63492909,positive,4
19970867,after,1.5003475,-1.5857833,2.5787944,-2.0850771,1.4868253,-1.9751187,-0.061239687,-1.3955487,positive,3
19970875,after,0.55137088,1.1671672,1.8571561,0.054469885,-0.33205026,-0.67725755,0.46629361,0.68375483,positive,3
19970927,after,0.51918671,1.6280417,0.75765529,-0.9805836,-0.34745276,0.071835689,0.19899476,1.083268,positive,2
19970942,after,0.13969565,0.90139831,0.40278689,1.9740213,-0.90961681,1.6275697,0.10576202,-0.95471578,positive,4
19970974,after,-0.056204788,2.0914581,0.13103011,0.30016611,0.7424431,-0.39782189,-0.21370915,0.70956616,positive,2
19971054,after,-1.0340256,1.1578392,-1.4083369,-0.23401704,0.12920284,0.55085722,0.0030618445,-0.0029241939,positive,2
19971088,after,-0.027609758,0.078486127,-0.210352,1.5276505,0.020093731,0.83930568,-1.3558833,-0.70444205,positive,4
19971096,after,2.1748459,-3.8026577,-1.3741666,4.8456075,0.046173957,0.037033725,-0.2965023,-0.69760035,positive,4
19971109,after,1.2213042,2.3990342,2.2375773,-0.59389526,1.3349651,-2.5736923,-2.9598633,1.5064978,positive,2
19980074,after,-0.38149603,2.2652276,-0.54632462,1.6278481,0.11023335,0.83488659,-0.80070987,0.074420467,positive,2
19980096,after,-0.24644624,2.4489541,0.30774717,-1.1496301,-0.33152857,0.044249615,1.4950875,0.51799996,positive,2
19980194,after,1.9478654,-0.11642427,0.19629657,1.3099168,-0.46991626,1.0428817,0.4040262,1.8126863,positive,1
19980221,after,-0.14951555,1.4187783,-1.0271075,-0.7891476,-1.0153763,-0.031366073,0.76928769,1.2935312,positive,2
19980259,after,1.5710219,-1.6797413,-0.81557363,-1.1829358,-1.0140016,0.12341966,-1.7459385,-1.691123,positive,1
19980293,after,-2.2306086,-2.6210805,1.1580399,2.9275084,-1.135926,-0.37651536,-0.048281215,-2.0829409,positive,4
19980459,after,-0.11599639,1.8369687,1.4316391,1.4238847,-1.4442199,-1.2295238,0.96152074,0.77392716,positive,2
19980485,after,1.7003843,0.14213398,-0.48559543,0.67733491,-2.4409159,-0.99118787,1.2125276,1.6961317,positive,1
19980679,after,1.5171283,-0.23837181,-0.72811974,-0.38062146,0.90970917,-0.062284405,-0.009664861,0.72514806,positive,1
19980693,after,1.5954506,1.3043629,0.0046506674,-0.52738224,0.29353079,1.0311716,0.30838087,-1.3530007,positive,1
19980760,after,0.91353654,1.1949131,0.13312911,0.85009441,-0.044542331,0.17495748,0.12401918,0.71941195,positive,2
19980803,after,1.4329271,1.3094187,4.925371,1.4965364,-0.64983889,-0.22680335,-0.53998885,2.0530328,positive,3
19980819,after,0.58005639,1.858433,0.863032,0.13525544,0.86692444,-0.20119253,0.063815511,-0.10485826,positive,2
19980822,after,2.2499335,1.349497,-0.043861961,0.38119104,0.8096525,-3.9923981,0.29370693,0.97828243,positive,1
19980850,after,0.84683333,-0.021024546,1.8171987,0.64229575,0.026004225,-1.4465301,0.19872289,-0.88121058,positive,3
19980852,after,-0.36442718,1.6974791,-0.26468564,-0.46086891,-0.78494043,1.0895303,0.60348744,0.51256423,positive,2
19980966,after,1.4357979,-0.28446539,-0.2350712,-1.3972627,-0.51118657,-0.99040332,0.16868045,0.32435065,positive,1
19981064,after,-0.699841,-0.80513787,1.3286194,-0.80225125,1.0229189,0.33243809,0.16725486,1.3231685,positive,3
19981089,after,1.8013915,-0.55211572,0.7913011,-1.290956,-0.2964989,0.33038017,-2.2080645,0.24776741,positive,1
19990020,after,-0.24175057,0.73712715,1.8121556,-1.4199715,-0.21953402,-0.15206178,0.011130264,0.8304302,positive,3
19990055,after,-0.48680968,1.4475664,-0.41163857,0.56731056,0.53793035,-0.68005349,-0.2146022,0.39756754,positive,2
19990128,after,2.5519861,-0.69980116,-2.461456,-2.0025761,-3.4659496,1.3946645,0.84039504,0.95993803,positive,1
19990216,after,0.41082612,1.8746866,-0.56172766,0.28237384,1.4058276,0.34824836,0.29525513,-0.44419213,positive,2
19990275,after,0.79178123,1.1762904,-0.64726508,-1.1180148,-0.79995768,-0.035073509,-0.02071884,-0.43094555,positive,2
19990329,after,1.4931649,-0.1224699,-0.79610243,-0.91258514,-0.45677934,0.12874118,-0.23335469,-2.1850481,positive,1
19990398,after,1.6102159,0.80273515,2.1400576,-1.158276,1.0474403,-0.64471617,-0.28022,-0.20610429,positive,3
19990409,after,1.1158299,1.129314,-0.49195965,-1.4473995,-0.24786477,-0.5719187,-1.2905603,0.33450665,positive,2
19990483,after,2.2635221,-1.2815233,-2.0430353,-0.10797959,1.3396108,-0.45683638,0.56505925,0.40937262,positive,1
19990583,after,-0.52500282,2.3370905,1.7234902,0.11628027,0.89254167,-3.084289,1.9141262,1.7111928,positive,2
19990731,after,-0.78865662,-1.3831711,3.1200249,0.17233363,0.088831166,1.1816143,1.0410047,-0.099597846,positive,3
19990740,after,2.1681598,0.3583155,1.3396508,-2.1311551,-0.20472973,0.92540546,-1.1655495,-0.57674378,positive,1
19990755,after,0.58731759,1.5264155,-0.27429531,1.5252908,-1.2810751,-1.1677206,0.938626,1.3685737,positive,2
19990774,after,-0.63776008,1.2661037,-0.35067236,-0.19350823,-0.061213949,-0.91372306,-0.18823851,0.043973034,positive,2
19990815,after,-0.49627354,2.0009325,-0.027805139,0.030984391,-0.28013945,0.028767124,-0.72507883,-0.52085796,positive,2
19990828,after,-0.10333102,2.6407442,0.087223469,0.99608649,0.80385983,-0.7064428,0.46999016,0.43440357,positive,2
19990848,after,-0.66868551,1.2793367,-0.31300803,-0.48724336,0.5307248,-0.65860367,-0.19803995,0.47677596,positive,2
19990856,after,0.49250383,0.45986303,1.4243754,-0.84840684,0.72522927,-0.33025245,0.80858969,-0.24827971,positive,3
19990893,after,0.34318275,-0.39560392,0.19386471,1.5101835,-1.3750536,0.33737721,0.18220008,0.21486461,positive,4
19990926,after,3.0672775,0.23734277,-1.5632632,1.1909737,-1.254734,0.70288516,-0.64685316,1.6019911,positive,1
19990928,after,1.4037313,-0.77370217,0.098606259,1.2346916,-0.44202453,1.0566272,-0.72014358,-0.33559509,positive,1
19990942,after,0.90710099,5.8292925,1.075893,-0.98008722,1.2652352,-0.7548635,0.68445228,1.7715361,positive,2
19990947,after,1.3986387,0.068933673,2.1701853,0.032782067,-0.20106487,0.10617915,0.50825444,-2.3716467,positive,3
19990992,after,-0.86329618,-1.3253016,2.1153466,0.0051571082,-1.2604735,0.74358596,-0.42476211,0.28210557,positive,3
19991025,after,2.1361779,2.6628241,2.3894951,-1.2336483,0.10146372,0.78462762,-1.6406391,1.1671595,positive,2
19991072,after,0.21737841,0.23142847,1.3782487,-0.3433643,-0.36137313,0.015127452,0.55956518,-0.32081879,positive,3
19991127,after,-0.40851073,-0.2737186,0.18102341,1.4032625,-1.2383303,-0.23236493,0.088428034,-0.073789935,positive,4
19991148,after,2.4235083,0.30266592,1.5208863,-1.0648869,-3.4982791,-0.10335432,1.2680122,-0.82402444,positive,1
20000086,after,-1.2042833,-0.15446239,-0.12805067,2.0783951,-0.77162304,0.27983238,-0.21896221,-0.30380299,positive,4
20000119,after,0.41691947,1.2088236,-1.1632609,-0.98379507,0.54746992,0.66285702,-0.084422242,-0.49463665,positive,2
20000160,after,2.1652931,-0.54522945,0.061574695,-0.67505225,-1.7873696,-1.0943584,-0.13650338,-0.86550783,positive,1
20000354,after,-0.35944916,-2.5111909,2.1637652,-2.0906011,1.0486103,1.4519943,0.244263,-2.8717198,positive,3
20000561,after,0.50893672,-0.89910622,0.56889213,1.8803918,0.2682051,-0.74537132,-1.2479456,-0.15783515,positive,4
20000580,after,0.76671117,-0.45208856,2.9324955,-0.62265674,1.2698303,-0.16369436,1.4378999,-2.4545121,positive,3
20000595,after,1.6342897,0.37161953,2.3860933,-2.3647342,0.16568379,1.7609146,0.63995128,-0.92712896,positive,3
20000699,after,0.4279979,-0.76067285,0.56293525,1.2842041,-0.16226805,0.75380427,0.078334349,-0.012453432,positive,4
20000705,after,1.7871143,-0.85655666,-0.79672924,-0.058124941,0.4982048,0.11261616,-0.90839566,0.58697193,positive,1
20000716,after,0.78127143,-1.2049469,1.5073686,1.2039507,0.28803128,-0.64315036,0.20734712,0.81165189,positive,3
20000720,after,1.7217753,3.3075076,0.71480961,1.3330256,1.4305043,1.8204303,1.9916965,0.30556179,positive,2
20000776,after,1.2422569,3.5316805,-0.25455098,2.297173,2.0536587,1.2655092,-0.54317764,-0.46707853,positive,2
20000934,after,-0.33671533,-0.79967896,-0.71998272,1.7303162,0.22651533,-0.35732421,0.70810304,-0.90712377,positive,4
20000939,after,1.7028708,0.29370007,1.2065223,0.40788594,-1.1036524,0.086934883,-0.63254871,-0.27802784,positive,1
20000958,after,0.89192154,0.83969494,1.3179097,2.7142905,-1.0668918,0.24044547,-0.86215609,0.17282104,positive,4
20001047,after,-0.35990347,0.42128221,1.7380181,2.3147506,-0.23695133,0.29790969,0.43053148,0.27033425,positive,4
20001070,after,1.3817798,0.34594005,-1.8427482,1.9921238,0.91642266,1.7349109,-1.3586293,0.28297805,positive,4
20010096,after,-0.19000829,-3.3278669,0.098781747,1.5996614,0.53675262,1.5731415,-0.5504426,0.97715861,positive,4
20010161,after,1.9253361,-0.65504732,-0.056038033,1.1285633,-0.95908861,-0.66869248,-1.3873481,1.7189041,positive,1
20010164,after,0.81813528,1.463625,0.78755844,2.3934979,-1.0451174,1.6573576,1.0265835,-0.19683857,positive,4
20010204,after,-0.8255224,-0.73080325,1.87084,-0.84693954,-0.5018226,-0.91761109,1.3690885,-0.25280463,positive,3
20010400,after,0.74281416,-0.35693443,1.6679478,-0.6267665,-0.46438244,-1.7301914,0.4322636,-0.53718661,positive,3
20010428,after,1.3885111,-0.44884215,0.11273137,-0.57240614,-0.4364191,-0.89285652,0.46806642,-0.35311466,positive,1
20010467,after,1.8440355,0.05936691,1.0797338,3.8799775,-0.30292856,-0.15417933,-0.81353323,-0.21724656,positive,4
20010499,after,-0.98182847,-0.094585552,0.50389718,2.1145206,-1.273369,1.2285493,0.057994927,-0.93110041,positive,4
20010503,after,0.26380642,-0.84578137,0.082495315,1.2310608,0.73528412,-0.19375656,-0.28969141,-0.49930371,positive,4
20010505,after,-0.22856976,-0.80377018,0.25102737,2.3898122,-1.0617281,0.7236733,0.4216391,0.50508107,positive,4
20010510,after,0.92035089,-2.7951761,-0.39916589,3.6806523,-1.1360896,0.55035946,1.1091711,-0.4653854,positive,4
20010535,after,-0.81798154,-0.55216166,2.0033866,1.546418,0.20350315,-0.93840769,0.36946771,-1.9435707,positive,3
20010570,after,-1.0612299,0.70669416,1.81926,-0.83168336,0.15880403,1.4006209,0.34164873,0.93352182,positive,3
20010573,after,-0.58974909,0.36123559,1.4890327,-1.5884896,0.3225622,1.11901,-1.3423788,0.5528732,positive,3
20010618,after,1.3687578,0.42623894,0.54502643,-1.4523235,-1.6302244,-0.63760972,-0.032459129,-0.65392915,positive,1
20010634,after,0.92792208,-0.59662966,3.1085686,-1.0966012,0.67922739,-2.7979194,1.0027244,0.075733321,positive,3
20010731,after,0.6351757,1.2520555,-0.050971245,-0.95122003,0.78771995,-0.76153692,0.56752268,1.0073724,positive,2
20010759,after,1.1798082,-1.0080662,2.7744011,-1.029687,1.9514275,0.18089462,-0.31313124,-0.39289932,positive,3
20010986,after,0.63218928,-0.096818285,3.5551076,-2.5459117,0.96009266,0.053755226,-0.2746066,0.27649061,positive,3
20011010,after,-0.58932735,-1.6017276,1.7427969,-0.83226076,1.4465673,-0.11828978,-0.018932616,-0.69352349,positive,3
20020021,after,-0.48891122,-1.0079257,1.3157513,-1.1736219,-0.76133868,-1.2367487,0.055307234,0.012974652,positive,3
20020087,after,2.1960196,-0.65727138,-0.16502708,-0.96638925,-1.2383766,-0.53243875,0.34355725,-0.76893442,positive,1
20020129,after,-0.80003021,-2.0841586,1.0928851,1.7003284,-0.55877371,-1.641381,-0.31145104,-1.0774487,positive,4
20020132,after,0.89619069,0.62871411,1.3975046,1.700781,-0.46568829,0.43232529,-1.2436687,-0.33013041,positive,4
20020182,after,-1.100554,-0.62030361,2.1122269,-0.89495388,0.2400335,1.1418497,-0.68843544,0.069777688,positive,3
20020197,after,1.9975327,-0.74779049,-0.19298382,1.1546628,-1.0449349,-1.0326279,-0.10034745,-1.2462086,positive,1
20020223,after,-0.48968046,2.7621371,0.51170724,1.7896531,0.57324763,1.5073003,-0.6817051,-1.5033814,positive,2
20020230,after,1.9810027,0.048539066,0.35296113,-1.8993768,-0.91727532,-0.4420588,0.14000844,-1.2997602,positive,1
20020261,after,1.9092101,0.1848326,-0.98676325,-2.3687753,-3.6118977,-1.2703016,0.10134659,-2.2012156,positive,1
20020328,after,2.0374021,0.61079542,-0.67643731,-1.1397866,0.40938863,1.8232931,1.9421634,-0.46810102,positive,1
20020381,after,-0.096602248,-0.14133307,1.718267,4.3681215,-1.0980848,-1.8777708,-0.079593062,-0.33439159,positive,4
20020385,after,1.347299,2.7917484,-0.11370068,1.0421217,-0.93598531,1.8758181,-0.057802455,0.83993049,positive,2
20020415,after,0.96880882,2.9555043,1.4613006,1.1590405,1.4702898,1.0814547,0.15194469,0.24872629,positive,2
20020429,after,0.98175033,-0.67923212,1.7399074,0.89874701,1.2383268,-1.4650366,0.99795244,-1.5151166,positive,3
20020495,after,2.7508517,-1.1716217,1.3564883,-0.22046584,-0.77029445,-0.66849425,-1.390187,-0.09053524,positive,1
20020521,after,0.83986782,0.42207984,2.4334469,-0.83756966,1.7477043,1.8027571,1.350735,-0.48877474,positive,3
20020547,after,-0.21819271,1.545921,0.37268313,0.31908942,0.79428376,-1.022669,-0.1156849,0.073761912,positive,2
20020613,after,-1.1005426,-2.8915897,1.5597474,1.8020841,-1.4058211,0.60911342,-1.2587461,-0.96530158,positive,4
20020650,after,0.08513179,1.8249759,0.0091417826,-1.0001843,-0.27869046,0.060021446,0.2066892,-1.5856634,positive,2
20020717,after,0.80333975,-2.9055339,-0.16739497,2.2717531,1.6388189,0.097183918,-0.46214072,-1.0766115,positive,4
20020833,after,0.72227811,-1.2181006,4.7397058,-2.5626479,2.6277292,2.6239971,0.30776261,-3.584282,positive,3
20020915,after,-0.58983009,0.3901256,-0.068605221,1.8209549,-0.63795763,-0.50484943,-0.69028942,0.3119102,positive,4
20020917,after,-2.209558,-1.0257157,0.75035801,1.7380073,-1.3469903,0.30757499,1.6789254,0.028305825,positive,4
20020940,after,2.1520459,-1.0965338,1.9449563,-1.7027328,0.94176005,-2.3674115,0.98709046,-0.05805202,positive,1
20020985,after,1.0543863,0.66139022,0.20590021,3.539809,0.32424733,1.1395038,-1.2141108,-0.57283547,positive,4
20020991,after,0.97152333,0.71541928,0.48951053,3.5134375,0.11629753,0.67837516,-1.7471329,-0.49049883,positive,4
20021029,after,-0.99099002,-0.45055919,1.2823758,-1.4809268,-0.08639725,0.037995871,0.11042316,-0.51848563,positive,3
20030044,after,0.29061847,0.060636608,1.4141241,-2.3147466,-0.82349484,0.23481036,-1.176981,-0.34521201,positive,3
20030063,after,3.1717289,-0.33437412,-0.36966882,-1.6866772,-0.53429254,-1.5220485,-0.34663873,-2.2250765,positive,1
20030099,after,2.8326788,-2.5784412,-1.1589965,-0.71926927,-1.7569912,-0.66251649,1.5578671,0.723981,positive,1
20030262,after,-0.093101722,1.2307382,-0.27936627,1.5124438,0.08134353,-0.059152532,-0.1422725,0.33990439,positive,4
20030369,after,2.6077611,-0.4325404,-3.5360187,-0.51734792,0.16932054,2.4457535,-3.5181647,-1.9147884,positive,1
20030392,after,0.24415196,-0.18539586,0.027183603,1.8677218,-0.90363511,0.041491242,-1.5693467,0.30031818,positive,4
20030427,after,1.5766801,1.140703,1.1964624,0.69950171,0.13876629,-0.60402064,-0.96414939,0.08611972,positive,1
20030478,after,0.98713988,-1.7479678,-1.438921,3.1323769,-0.80617973,2.0221345,-0.49558471,-0.54076494,positive,4
20030509,after,1.9719827,-0.21071145,-0.84139164,1.1592849,-0.88739526,0.87824537,-0.38950519,-0.33869061,positive,1
20030521,after,-0.024128935,0.24437286,2.4102512,-2.2958068,0.2351102,1.9391909,-3.6780461,0.15011232,positive,3
20030573,after,1.420644,-0.72939267,-0.025610099,-0.55559849,-0.26332814,-0.99657145,0.11433708,0.38968585,positive,1
20030665,after,-0.42850044,2.0787521,0.36630159,0.4933511,0.65053995,-0.42977518,0.10360718,0.88935168,positive,2
20030685,after,1.2423658,-0.19299266,2.2502603,0.33905375,-1.1999293,0.82844863,-0.97547206,0.87245212,positive,3
20030727,after,-0.42601526,-1.9259239,0.7612931,2.5458717,-0.82927145,0.023584643,0.31501065,-0.15953654,positive,4
20030729,after,-1.0907684,0.36188081,1.3238092,-0.19264949,0.62306138,-1.28418,0.69451021,-0.49059953,positive,3
20030853,after,0.35815039,1.5311067,-0.59568488,0.55898273,0.86499016,-0.54294396,-0.24567171,0.50444571,positive,2
20030923,after,0.49315632,-0.67956197,0.66732161,1.2224434,-1.4053375,-0.26561535,0.019023434,-1.1656913,positive,4
20030928,after,1.9099005,0.77081598,-0.11035805,3.1781501,-0.46659922,2.7122648,-0.49121024,1.451151,positive,4
20030936,after,2.9507057,2.8139634,1.1364209,2.8305477,2.2249995,1.9781109,-1.4441537,-1.7774257,positive,1
20030940,after,0.93058126,2.7487094,1.1302686,0.30570018,-0.97517491,-1.1661903,1.204042,0.22031116,positive,2
20031077,after,2.9650566,-0.1190354,-1.4502535,0.14953252,-1.2756229,1.2604706,-6.5789343,-0.93923583,positive,1
20031149,after,0.018983924,1.4309622,-0.20440099,-1.0352248,-1.1752634,-0.20141146,0.49432988,0.2812077,positive,2
20031189,after,0.92338731,0.99365704,1.8390353,-1.3383284,0.56780795,1.2692199,-0.18465054,-1.1726854,positive,3
20040020,after,-0.23927361,-0.72424631,1.5628376,-0.70453652,0.60754108,0.6363289,-0.1034222,-0.44748137,positive,3
20040054,after,0.81231536,1.5244795,0.61306712,0.22803836,0.39459326,0.89024636,-2.4534205,1.2036867,positive,2
20040100,after,1.5655611,1.3692067,-2.0911177,1.3762606,0.96860339,-0.10950633,0.91532364,0.32443106,positive,1
20040153,after,0.3499955,0.97074593,-0.21629341,2.2728885,-1.9116846,-0.87937468,0.18412014,1.6165506,positive,4
20040347,after,3.538756,1.1727162,-1.4804602,-0.6243037,-4.3436187,-0.065914729,1.3157439,-1.063016,positive,1
20040372,after,0.16745401,0.52185257,-0.092576841,1.7973635,0.14899996,-0.61790106,0.33820803,-0.010980878,positive,4
20040393,after,0.63120042,-0.082278448,-0.072383253,4.7856225,-1.8131138,0.013454913,-0.0025978425,1.5884128,positive,4
20040443,after,-0.22091319,1.4040531,-0.13110876,1.4066157,0.10318607,-1.5246472,0.99502317,1.0199952,positive,4
20040526,after,0.75793828,1.3971528,2.001324,-0.318479,1.7459025,-0.28006836,0.54646892,0.3102965,positive,3
20040557,after,-0.024344273,-1.5613483,0.93958146,1.7584968,-1.4448307,0.70401945,0.06526197,-0.55152773,positive,4
20040611,after,0.14640458,1.9283955,0.93271116,2.2106353,0.64063149,-2.4165795,0.83026432,0.38464324,positive,4
20040614,after,1.4121981,2.1182918,1.2694425,-1.0450037,-1.2447914,-0.97533347,-0.095414664,0.049180668,positive,2
20040615,after,0.51194482,0.43124932,1.2810666,1.3268973,0.6998707,-1.4638412,-0.040647187,-0.68355836,positive,4
20040703,after,1.2730447,0.9425293,2.2274418,0.72662903,0.82978996,0.48226417,-0.19459368,-0.43635074,positive,3
20040777,after,-0.62946015,-2.0746414,2.3407258,0.94739557,-1.2902163,-0.64874506,0.53867781,-0.22683099,positive,3
20040832,after,-1.1438641,-0.098703894,1.5044197,1.7538778,-0.064695412,-0.50985063,1.4817399,-1.4980583,positive,4
20040932,after,1.9442738,0.21350432,-0.44386637,-0.53704527,-2.7929194,0.28961509,-0.13841243,-1.5225584,positive,1
20040984,after,1.7101361,-2.4624793,-1.3950896,0.91197839,0.81476002,0.13995883,-1.9370742,1.3717999,positive,1
20041025,after,2.4047316,0.69123263,0.70321951,-0.012633362,-0.048574985,-0.3238283,1.0010998,0.71034566,positive,1
20041087,after,1.5094642,1.4869851,-0.27168255,1.0478582,0.61141971,0.26792985,1.4116899,-0.77994866,positive,1
20041091,after,-1.7751844,-0.52026994,2.6357015,-1.7262812,-1.152984,1.8781194,-1.5454363,-0.29963886,positive,3
20041132,after,0.99120281,1.4286971,0.45420239,-0.49997229,-0.71108682,-1.0905736,0.35090731,-0.40685699,positive,2
20041143,after,-0.50037257,0.76264457,1.403621,0.68834601,0.25593745,-0.73748212,0.37103421,0.1193095,positive,3
20050002,after,-0.56270542,-0.24521227,0.86600468,1.7534563,-0.82594942,-0.35804534,0.44980788,0.99113007,positive,4
20050084,after,-0.53032685,1.9942179,0.5422018,-0.82188611,0.2544837,0.02681296,-2.5686505,-0.020566077,positive,2
20050095,after,3.0594909,-1.5432791,1.128843,-0.33618578,2.029596,-0.71356452,1.9055879,-1.489074,positive,1
20050162,after,-0.46998592,-1.2774651,0.1507918,1.2434749,-0.3009883,-1.3278809,-0.59038056,-0.93555563,positive,4
20050206,after,-0.99464959,-0.95506804,0.72139153,1.9491158,-0.47757742,-1.2404338,0.50084334,0.2486992,positive,4
20050217,after,-0.19545701,-0.098456286,0.89377985,3.1119421,-0.70659336,0.99002994,-0.07825149,0.36927148,positive,4
20050256,after,2.6214585,-1.3544597,-1.5276694,-1.1421934,0.1907063,-0.50729898,-0.28401528,0.98081762,positive,1
20050264,after,-1.0235224,1.1704555,-1.1083014,0.23034193,0.50909748,1.1628509,0.68218306,0.21096132,positive,2
20050290,after,2.3588811,1.803995,0.47397168,1.0156223,0.12015007,0.58814665,-0.67411471,2.3117277,positive,1
20050317,after,-0.36962921,1.4395708,-0.90734933,0.14328311,0.43051354,0.46432677,-0.4480908,0.69390061,positive,2
20050326,after,0.64145712,1.3473545,-1.6738576,3.272027,-1.8991859,-0.46383318,1.1883053,1.2619276,positive,4
20050336,after,1.8428368,0.46992286,1.339139,-0.76192555,-1.211229,-0.97718611,-1.2224196,-1.7129613,positive,1
20050462,after,-0.64716518,-0.28828398,3.0891602,-1.6775227,-0.73875035,0.647391,-0.77971239,-1.1721029,positive,3
20050489,after,2.4636719,-0.5078086,-0.33756389,1.7485893,-1.0928949,-0.47686512,-0.80823098,1.2899144,positive,1
20050496,after,-0.39608285,-0.17633927,0.24181171,1.5678044,0.285,0.59888224,-0.84067289,-0.35264001,positive,4
20050502,after,0.046707015,-1.0039409,1.3522171,1.4407042,-1.685149,-0.28699475,-0.57240703,0.21036861,positive,4
20050523,after,1.8949619,2.1264186,3.4446303,0.78969546,-0.64142348,-2.1971873,0.6339456,0.92197877,positive,3
20050541,after,-0.59385518,1.4262166,0.21018115,1.8722935,-0.71101152,-0.37248394,-0.21276055,0.062034494,positive,4
20050550,after,0.24735397,1.4824784,1.2215468,-0.20919157,0.069154592,-1.4374366,0.19996966,-0.42106853,positive,2
20050558,after,1.8151029,-1.1165307,0.5665404,-0.79975903,1.2372913,0.75972108,-0.97993495,1.1865935,positive,1
20050562,after,-0.42542485,-0.0020260791,1.3753217,1.0751968,-0.7058159,1.0857135,-1.415234,0.24945893,positive,3
20050564,after,0.043196453,0.46975061,1.4583803,0.71784382,-0.52066664,-0.42069522,1.1233005,-1.2381716,positive,3
20050665,after,4.1017093,-1.1217815,4.1996067,-0.69889697,-0.44725886,-2.5142099,0.88550192,-1.5136769,positive,3
20050729,after,2.1988134,-1.0150404,0.41885047,-1.6655645,0.74238298,-0.3110385,0.26338807,-1.2746383,positive,1
20050760,after,1.9138397,0.79351755,-0.35795989,0.63366008,0.18182602,-0.63228095,0.44187079,0.077069215,positive,1
20050785,after,3.0372111,-1.0785526,1.2953814,3.2142577,2.9133487,3.0274238,0.079618157,-2.8766079,positive,4
20050830,after,-0.31781494,1.2508753,0.14746331,1.0764491,0.3351004,-0.48843389,0.042736934,0.32321467,positive,2
20050890,after,-0.73883456,0.44942736,1.4389884,1.7558402,0.22596981,-0.25128942,0.49250802,0.064911777,positive,4
20050893,after,-1.0284725,-0.62793586,1.4999552,0.29270612,-0.81144861,1.2634774,0.19042447,-1.5530876,positive,3
20050897,after,1.3867577,-0.097130586,0.063673093,1.1006844,-2.2227896,-0.58070514,-1.4077674,1.0798887,positive,1
20050912,after,-0.22020001,2.2697211,-0.63901446,0.80518174,0.49923871,0.12641287,-0.36505973,0.62243014,positive,2
20050919,after,-0.21300635,-0.35322403,0.34307679,1.4145555,-0.92140839,-0.45385648,-0.87074316,-0.57817538,positive,4
20050973,after,0.42932826,1.654713,-0.10430458,0.43244417,-1.0423886,-1.1824371,0.38753009,-0.98744811,positive,2
20050977,after,2.497767,-0.78117945,0.89185985,-0.57812142,0.23392203,0.53588876,1.1636304,-0.72884234,positive,1
20050978,after,0.75123498,1.4831941,0.47868101,0.73842902,-0.61879306,-1.0743307,0.74391036,0.98713903,positive,2
20051021,after,-0.77553522,2.3039875,-0.69714388,0.4260763,0.1631814,0.70156771,-0.25294956,1.310227,positive,2
20051036,after,0.75941624,0.6145039,1.7657858,-1.14068,-0.018379028,1.0754017,-0.58430439,-0.66452011,positive,3
20051053,after,-0.31055979,1.2690175,1.2876296,-0.36342192,1.1985536,-1.3525095,1.1032645,0.14724018,positive,3
20060035,after,2.1780119,0.46166274,0.10801089,-0.76125461,-0.15402539,0.17282177,-0.93169572,2.0838744,positive,1
20060153,after,-0.30071478,-0.10135769,1.9526061,-0.14385589,0.30161006,-1.6183673,0.79781479,-0.86135671,positive,3
20060301,after,-0.26895353,0.45325176,3.8527689,-3.850133,-0.570262,3.2214745,-3.9995817,-0.37346323,positive,3
20060451,after,-0.28693902,-0.39056546,1.6830762,0.71798117,0.30777234,0.76744057,0.097488243,-1.1206976,positive,3
20060482,after,1.6720041,-0.47585059,-1.1729483,1.0466045,-1.1397112,-0.63364621,0.82498078,-1.7440457,positive,1
20060582,after,2.8014811,0.16027729,-0.64940756,-0.050212582,-3.33273,0.27864296,-0.4937437,-1.6850441,positive,1
20060645,after,0.74604309,-0.4652139,-1.2876366,2.233151,-1.3090978,0.89849827,-0.75517938,-1.3344672,positive,4
20060661,after,-1.0785292,-1.1984093,0.34599762,1.6751592,-0.78123072,-0.61828864,0.0042034685,-1.0839502,positive,4
20060668,after,1.401672,0.6327666,2.6445399,1.1985838,1.3114738,-2.7069397,2.1629761,-0.32748207,positive,3
20060680,after,1.0435889,-0.61250129,-0.35958609,1.8524881,-1.6456369,-0.51690095,0.98718608,-0.61751033,positive,4
20060739,after,-0.12724723,1.1481186,0.54480007,1.0259709,-0.15018131,-0.36846562,0.10316286,0.25974641,positive,2
20060749,after,1.1914495,-0.54773913,2.3793694,-0.33374527,0.060540387,-0.72227933,0.47706362,-0.58005297,positive,3
20060761,after,1.764079,1.8371077,-0.62164256,1.2694256,1.445308,-0.81362855,-0.32568727,-0.17311195,positive,2
20060769,after,2.6893124,0.69065976,0.86661321,-1.1682813,0.1048945,-0.34006743,-1.3240959,2.0014305,positive,1
20060772,after,4.8179222,-0.28771694,-0.38807457,1.6543777,-0.53705191,-0.0093952476,-3.7800669,2.4354852,positive,1
20060872,after,-0.87277612,1.9311584,0.40893496,0.70047877,-0.46632493,0.36308743,0.7273567,0.88127556,positive,2
20060891,after,3.5496217,0.41776722,0.44421773,1.9058212,-3.8763629,-0.18077659,1.152602,1.1033024,positive,1
20060927,after,-0.32620093,-0.59725745,2.0602772,-0.7857681,-0.98945329,0.1304712,0.54916559,0.73290234,positive,3
20061098,after,-0.068591281,3.9420475,0.56116089,-1.3298259,1.8749906,-1.1345783,1.832728,1.8138956,positive,2
20070032,after,-1.2226063,-1.0325317,1.5072249,-0.87177492,1.1701555,0.91961286,-0.031338131,0.58604614,positive,3
20070177,after,1.2361055,2.9843196,-1.7119058,2.9760454,1.14324,2.6500436,-2.0350405,-0.067918689,positive,2
20070187,after,2.395884,1.3321625,1.5146107,-1.0538632,0.03015265,-2.7626867,-0.85655884,0.1537377,positive,1
20070219,after,0.76560775,1.127678,-0.63248661,-0.95923939,-1.0120753,0.24000336,0.6741945,-1.7150592,positive,2
20070265,after,1.6248887,0.20402906,2.1035135,0.0012034088,1.2840687,-1.1967285,-0.92204615,-2.4981183,positive,3
20070288,after,0.52700997,-0.20173654,1.8785967,0.22153847,-0.59558271,-0.29537827,1.2217211,-0.13063352,positive,3
20070305,after,1.0315156,-1.637695,2.4599059,0.35874855,1.9604383,1.7644626,-1.1595082,-2.6334437,positive,3
20070308,after,-1.502943,1.0095106,3.5411272,-2.6574414,-1.0540154,0.81726042,0.16577014,2.3168298,positive,3
20070434,after,1.2821555,2.4715441,-0.051076452,-0.4959813,0.9030175,1.0076672,0.33210679,-1.7862645,positive,2
20070457,after,0.81680511,1.6279894,-0.085784887,1.0654111,-1.3075487,-1.4615611,0.88786696,-0.72221192,positive,2
20070458,after,-0.14905465,-2.0255354,1.0208255,1.7052967,-0.16156943,-3.2676993,0.093949409,-0.88474426,positive,4
20070562,after,0.34038831,-1.4238912,-0.71017206,2.4483832,-1.5046021,0.23022585,1.5065448,0.43419162,positive,4
20070584,after,1.9448788,3.1173975,-0.26816323,0.45681176,0.037380898,-1.6840464,-0.63611609,1.3239051,positive,2
20070608,after,0.48554514,-0.15104405,2.0184574,-0.22239102,-0.33375904,-0.6233769,-1.273559,0.55584965,positive,3
20070633,after,1.5447598,1.1534877,0.58694504,-0.14786272,-0.62822843,-0.15561554,0.54943956,-0.98175742,positive,1
20070643,after,1.905669,-0.59906852,1.1219342,-0.44717248,0.78257169,0.715669,-0.76347066,-0.47543066,positive,1
20070715,after,2.7958627,2.2224092,2.0506089,-0.59028506,-0.092948633,1.6923267,1.1128392,1.402372,positive,1
20070774,after,0.39597285,0.380328,1.5471068,3.0273243,-1.0292602,-0.86610493,-1.7261274,1.3650189,positive,4
20070798,after,0.37206045,0.2200135,2.7881012,-0.4254256,-0.37977447,0.30263395,-0.86563794,0.0098940404,positive,3
20070882,after,-0.055473595,0.54504007,1.5865345,-1.8850002,-0.20438902,-0.4277909,-0.81694555,-0.1204077,positive,3
20070922,after,0.84087854,1.6699869,1.4101635,-0.3358212,1.1140665,-1.215044,0.53642099,0.8740494,positive,2
20070941,after,-0.54592086,3.5485835,-1.5049818,0.46937129,0.67721982,1.6075565,0.30708268,1.1214145,positive,2
20070997,after,0.85752423,1.4386639,0.45962602,1.1529688,0.34539027,-1.3873594,-1.3396265,0.41219702,positive,2
20071009,after,0.43515649,2.0143006,-0.78810425,2.3113415,0.10152268,-0.073077654,-0.50798955,1.4107553,positive,4
20071026,after,1.834553,1.3951582,1.0645598,-1.5998659,-0.029339092,0.58802079,0.72026237,0.39614888,positive,1
20071109,after,-0.20042776,0.054095783,-0.81324878,1.7485532,-0.12968153,1.4157827,-1.1078246,-0.89823711,positive,4
20080009,after,-0.25951792,-1.4329468,1.9010622,-0.10610752,-0.73350288,-0.099445019,0.38457656,-0.11035796,positive,3
20080010,after,2.3178593,-1.2370268,-1.3621917,3.2720586,0.4069634,0.52892481,-1.6854662,1.0686322,positive,4
20080050,after,-0.28155538,2.0994364,0.45536688,1.7394525,-1.3961583,0.78882837,0.97386026,1.5239741,positive,2
20080071,after,-0.54143505,1.2717822,0.097268805,-0.075118956,0.33856109,-0.30044822,0.39473014,0.16168439,positive,2
20080192,after,-0.24358091,1.0983,1.6223949,-1.4956326,1.0353829,-0.073298234,-0.27846854,1.3193888,positive,3
20080240,after,-0.3020265,1.5988839,-0.52185898,0.76234847,0.38991513,-0.093558413,-0.91615765,0.2384722,positive,2
20080297,after,0.17688054,-1.0448588,1.6438095,1.5083474,-1.0715209,0.20295534,0.71189631,-0.6146367,positive,3
20080347,after,2.6767259,0.31430072,1.1270941,-1.5167033,-1.0920598,-0.53373427,0.39264763,-1.1760209,positive,1
20080393,after,-0.69348775,-3.917195,-0.82341436,2.6671984,0.36634558,1.3797181,1.1568503,1.1335376,positive,4
20080396,after,1.9924161,0.032159107,3.76605,2.454783,-1.679536,-0.93792994,0.54239945,1.2123083,positive,3
20080434,after,2.3276479,0.40750115,-0.8670816,-2.5545422,-3.3127528,-1.4127596,-0.59835654,-1.9438126,positive,1
20080440,after,1.3501953,-1.1308793,0.96423942,0.42207037,1.3151341,-0.011065697,-0.11970118,-1.1519625,positive,1
20080443,after,-0.11293544,1.5151239,0.2649427,-0.77551753,-0.79159219,-0.48143224,-0.07675486,-0.85796742,positive,2
20080468,after,2.841884,-0.74936094,-1.1038224,0.7583825,0.53845769,1.1526003,1.4479899,-1.249584,positive,1
20080480,after,1.77507,-0.56544733,0.18254802,1.3263287,-0.9797424,-1.8490273,0.44976403,1.1046138,positive,1
20080491,after,2.3403271,-0.36624059,-1.2722946,0.11171791,-1.8700819,-0.096527182,0.99484086,0.98241708,positive,1
20080542,after,-0.11072503,-1.0993147,2.1366965,0.0033896389,-1.7387311,0.17418956,-1.094415,-1.2751243,positive,3
20080567,after,-0.39808,-0.69438887,0.5843732,2.2669232,0.14105291,0.87215757,-0.17654067,-0.55585903,positive,4
20080649,after,0.11824989,1.5650683,0.51624359,-0.58756322,0.31305102,0.51699539,-0.40223655,-0.010849758,positive,2
20080651,after,0.80543439,1.2636925,0.59400868,0.65362535,-0.098376406,0.88266872,-0.63683292,-0.025902487,positive,2
20080660,after,1.5629988,-0.04768513,1.5322213,1.0689587,1.2859932,-0.99598487,0.33292461,-1.1875258,positive,1
20080672,after,-1.028227,-0.72012671,1.6585951,0.73254202,-0.21592017,-1.0748965,1.0702496,-1.3659629,positive,3
20080677,after,0.84701797,1.316221,0.12540132,0.36629609,-0.15606871,0.74949179,0.36929798,0.75730942,positive,2
20080710,after,-0.52594648,1.4202358,-0.67766586,-0.20552831,0.98447305,-1.0351937,0.36827186,0.35752873,positive,2
20080774,after,0.81815879,0.85599108,-1.1671255,1.259736,-0.52710244,0.89269282,-0.40874575,-0.90269918,positive,4
20080882,after,1.9854977,0.4237245,-0.74918512,-0.31658259,-1.3807423,0.51159949,-0.51201222,1.4625096,positive,1
20080924,after,-0.15057565,-1.0312299,0.52830097,1.4175916,-0.67694646,1.0815893,-0.15943597,0.70028158,positive,4
20080964,after,0.35527701,-0.32440751,1.303547,0.087372924,-0.77506852,0.6225435,-0.72217841,0.93442093,positive,3
20080975,after,1.0090668,-0.72381786,-0.82360901,4.5258391,-2.1202306,1.8973321,-0.97851003,0.44860504,positive,4
20081022,after,-1.2243727,0.68432865,3.7956969,-2.1292427,0.22601573,1.2945995,-0.28962153,-0.59601365,positive,3
20090014,after,-1.1511387,-0.9277676,0.57193353,1.3964734,-0.77130905,-0.059282548,-0.4825645,-1.8708899,positive,4
20090017,after,0.50122944,-0.35730321,0.41244628,2.1450568,-0.28380394,-1.1548387,0.14006031,0.14436698,positive,4
20090049,after,0.692109,0.25706375,2.6921275,-1.3840957,1.5856211,-0.56542943,-3.878106,-0.66771233,positive,3
20090078,after,0.58817257,0.07484258,1.6365899,-1.5236986,-0.073721,0.8966588,-1.9465572,1.5580284,positive,3
20090111,after,0.83096765,1.3215467,-0.86081289,1.357917,0.58916641,1.2811824,0.50309434,0.14273304,positive,4
20090164,after,-0.3068371,0.53068586,2.5905311,-0.30937728,0.63714256,0.079358583,0.39897843,0.58040498,positive,3
20090193,after,-0.63436618,-0.40248948,-0.48558524,1.7468545,-1.1834075,0.62731729,-1.1823874,-1.048036,positive,4
20090198,after,1.1407711,1.713489,0.80199409,-0.38017235,0.27859948,1.03753,0.28269406,0.31108118,positive,2
20090237,after,0.45958496,-1.5079997,-0.51370521,1.6158128,-0.54161006,-0.69809272,-1.5441568,1.2471158,positive,4
20090345,after,1.6469161,0.5534058,-1.3041942,3.5353428,0.24051432,0.86115302,0.24444318,0.6537056,positive,4
20090363,after,1.7360584,-1.0740945,-0.55398506,0.88116298,-0.79736291,-0.12048863,-2.8970152,-0.15317121,positive,1
20090379,after,-1.6946782,-3.445788,0.1748129,1.7751392,-1.9355164,1.198887,-0.22155938,-0.10597235,positive,4
20090385,after,2.1866053,-3.6746487,-1.7878598,1.0285253,-1.0733708,-0.21101182,-1.5943434,1.4019635,positive,1
20090427,after,2.1113105,1.0349791,0.38361116,-0.15417526,-0.26720883,-0.37749335,1.5863878,-0.67462868,positive,1
20090447,after,-1.1685403,-2.531343,0.6466742,3.0660719,-1.7926924,-0.32910719,-0.43297741,-1.8449691,positive,4
20090508,after,0.017011568,1.4527038,-0.62972235,0.63501774,0.3170058,0.92431466,-0.84224475,-0.45350763,positive,2
20090588,after,-0.67275,-0.7539837,1.6092545,-0.14530111,0.10220532,-1.1647101,0.45174632,-0.33172205,positive,3
20090794,after,1.1633681,0.058461491,-0.12084557,1.57887,-1.0256521,-0.89362418,-0.1833479,-0.32008663,positive,4
20090887,after,1.3276116,2.1771617,0.28054339,1.1857434,1.5387334,-0.13656717,0.021037091,-0.52473027,positive,2
20090969,after,1.5537571,-0.99187112,-0.63209966,0.35833832,-0.60723765,-0.18426433,-0.19764888,-1.582815,positive,1
20090973,after,-0.32795177,1.2969505,-1.2204367,0.84953754,-0.22273672,0.63713978,-0.22516192,0.78095572,positive,2
20091075,after,0.16053285,0.11633464,-0.73451148,1.5015211,-0.71633682,0.963048,0.42792164,1.2276751,positive,4
20091085,after,1.4454239,-1.3114776,-0.51542815,-1.0026842,-0.78014372,0.044915885,1.1285143,-1.5197715,positive,1
20091145,after,1.5963937,0.059195025,-0.78385235,-0.71624836,-0.053534402,-0.02369469,1.4970589,-1.0479609,positive,1
20100050,after,2.1373115,-0.23735142,1.1230936,-0.66608282,0.70273519,-1.318947,0.042812499,-1.072405,positive,1
20100069,after,-0.78366541,-0.94519972,1.6029651,0.33885392,-1.4146215,-0.26690442,-0.3116355,-0.33697179,positive,3
20100133,after,1.2805331,0.9363261,1.6014193,-0.33671661,0.99428123,-0.15932834,-0.041599519,-0.27407988,positive,3
20100149,after,1.8253062,0.48206263,-1.209735,-1.4779859,-2.0115704,-1.1131883,-1.2825615,-1.2109622,positive,1
20100222,after,-0.18671495,1.2490799,-0.80435506,0.4848957,-1.0000591,1.0227222,-0.07210746,0.27500316,positive,2
20100249,after,-0.72072438,1.3868824,-0.33746367,-0.087806882,0.31648882,-0.65176863,-0.066071825,0.34009182,positive,2
20100260,after,0.19592357,1.2498923,-0.37981835,1.2903391,-0.97635088,-0.33308901,-0.10162023,0.7454885,positive,4
20100269,after,-0.15559083,-0.84059295,1.3996686,-1.2528876,0.46779982,0.92082995,-0.73354773,-0.068150134,positive,3
20100328,after,0.20593402,0.78851823,0.27764736,1.444375,-1.0134159,0.91744032,-0.0043264349,0.17498105,positive,4
20100437,after,0.60786055,1.1506517,-0.020078368,-0.67112571,-0.85939043,0.020032126,-1.1127452,0.58192725,positive,2
20100459,after,2.3876376,-1.4046725,-0.51697314,-0.64099486,-0.21535752,1.5991714,-0.41343487,-0.85392256,positive,1
20100534,after,1.007316,4.0993981,1.1101249,0.92325108,1.9331734,-2.3490249,0.06358654,2.4619821,positive,2
20100601,after,0.52403794,-1.1870909,0.86974767,1.8861821,-1.0756589,-0.70512954,-2.0436402,1.8627163,positive,4
20100655,after,1.3509307,1.219528,0.82384673,2.4030036,0.82648075,0.85243617,-0.33489152,-1.4237926,positive,4
20100690,after,1.9978035,2.1008951,-1.6020346,-0.35745813,-2.0295931,-3.1600449,0.73140576,-0.30806228,positive,2
20100730,after,2.5483443,-0.5497481,-1.0749965,0.79580003,-1.6923681,-0.13405606,0.14134623,0.81409673,positive,1
20100731,after,0.012890011,2.4845246,-0.61697938,2.2062371,-0.2266648,0.42118308,-1.2594867,0.54390764,positive,2
20100803,after,-1.4016062,-1.2990853,0.93972974,2.00959,-0.37483827,-0.89904395,0.84900749,-0.98221725,positive,4
20100840,after,-1.1463772,0.22561607,1.8927524,0.77247358,-0.10361759,-2.6103444,1.5852049,-0.56363999,positive,3
20100862,after,-0.25771154,1.6238175,-0.35628901,-1.288284,-1.3582047,0.53890253,0.99386273,0.82945092,positive,2
20100924,after,-2.1172866,-2.7005461,1.6672293,3.4588088,-0.53336998,0.29744406,0.47896065,-2.5813285,positive,4
20100959,after,-0.62495145,-0.75297821,1.6667648,-0.13425737,-1.3636499,0.56214588,-1.1372825,-1.6727596,positive,3
20101027,after,0.16249306,0.39900578,2.5285023,0.24683528,0.90231386,0.30898603,0.61843797,-0.42303715,positive,3
20101068,after,-0.33304221,1.4254901,-0.78016288,0.3771276,0.095385481,0.034576622,0.30669413,-0.26948518,positive,2
20101161,after,-1.7627464,-2.5336633,2.1218884,0.18409915,-0.5041095,-0.11607153,0.19845904,0.58029337,positive,3
20110064,after,-1.3576484,-1.6819286,0.44737428,1.290239,0.53167242,-0.40429163,0.92386682,0.15596533,positive,4
20110072,after,-0.027610848,0.86376831,0.89869501,1.2688209,-0.21103672,-0.62747156,0.33584744,0.4949066,positive,4
20110219,after,1.5595488,-2.7876418,-1.0887369,-1.0160364,-0.3390874,0.079210724,-1.0112252,1.0180412,positive,1
20110236,after,1.3178027,-1.3931444,1.8873656,-1.5100669,-1.1552769,-0.29266825,-2.2684857,0.47452635,positive,3
20110244,after,2.3008038,-0.44068331,-0.074358162,-0.55960553,-4.4650023,-0.89205455,0.85239258,-2.0140821,positive,1
20110335,after,-0.56374137,-0.79709498,3.6849365,-3.3648679,0.64331508,3.0040114,-4.333182,2.273561,positive,3
20110427,after,-0.41277725,0.18012197,1.6693698,-1.3382844,0.9537009,1.3415256,0.15606561,0.038478212,positive,3
20110485,after,-0.58255178,-0.92529789,-0.20934734,1.2272014,-1.1386411,0.33547135,-1.9618351,-1.5568089,positive,4
20110541,after,1.9804427,-2.7754384,-2.467272,0.39840197,-0.78532615,0.16727683,1.353487,1.4268469,positive,1
20110573,after,3.0461242,0.36204384,-0.17563904,-1.3877966,-2.8664064,2.3579264,0.072949252,-1.2564808,positive,1
20110659,after,-0.4759838,1.9619203,1.3293896,3.1557055,-0.92915692,2.3132968,-0.48344071,0.12156957,positive,4
20110666,after,5.694565,1.533837,-0.87359346,2.5170425,0.38802443,0.35841529,-1.7324457,2.3557813,positive,1
20110695,after,0.56383567,1.9114977,1.038937,-0.409121,0.76721489,-2.7931809,-0.31516391,-0.16288874,positive,2
20110699,after,-0.63003257,0.59467744,-0.018208537,1.3659109,-0.8606322,-0.44131989,-1.1433018,0.23269434,positive,4
20110725,after,0.51456835,1.4304387,0.7628733,-0.37721603,-0.01754352,0.44089905,-0.62645433,0.47419588,positive,2
20110774,after,2.9099111,-2.3485346,-1.4976885,0.070517401,0.34936396,-0.18130191,-0.84323684,0.09841237,positive,1
20110838,after,-1.8114399,-0.038494254,0.45265862,1.5195082,-0.39647131,0.057321663,0.93438332,-0.97113007,positive,4
20110900,after,0.74561432,2.7949902,-0.71038524,1.0939181,1.4661531,1.4526243,-0.16242379,1.2820132,positive,2
20110908,after,0.38807388,2.3458398,0.044644945,1.9379053,-0.048645617,0.51074829,-0.8025369,1.2783636,positive,2
20110955,after,-0.91025929,1.4443368,-0.6728795,-1.2855015,0.087712856,0.64791161,0.92779129,1.2387939,positive,2
20110959,after,-0.6849756,-1.9231373,0.58015338,1.4700838,-1.4504456,0.27083222,-1.7620332,-1.4791938,positive,4
20111020,after,2.7687434,-1.9505991,-2.4016896,-1.2597868,1.2852603,-0.069536456,1.1369411,-0.47303667,positive,1
20111116,after,-1.0173964,1.2903671,-0.0072001492,0.45311441,-0.13745055,-0.040399002,-0.35965109,1.0151877,positive,2
20111127,after,-0.48175463,1.179254,0.6031123,-0.22440929,-0.01810477,1.0753955,0.12631939,0.38949682,positive,2
20120005,after,-0.51578281,-0.20378041,1.620789,-0.025812486,-1.175798,1.2273153,-2.0537567,0.21203916,positive,3
20120046,after,-0.33868167,1.2882411,-0.014835639,1.8764811,-0.44778773,0.86323079,-1.7392217,0.049870312,positive,4
20120079,after,2.9480725,1.9993952,-1.7462225,2.3579842,2.0820775,1.2852953,-1.198608,0.1053689,positive,1
20120090,after,-0.36186701,1.2338305,1.9337262,-1.2479143,0.31087075,0.21115543,-1.4315146,0.31012245,positive,3
20120157,after,0.554219,1.0363847,1.0477466,1.3782003,0.14514466,-0.62357096,0.80865687,0.18041388,positive,4
20120312,after,-0.018318186,1.8969882,-0.54325702,-0.076916376,0.80721299,0.9749156,-1.3279687,0.67718885,positive,2
20120353,after,-0.1079109,1.7942537,0.22113251,0.18801894,0.39553942,-1.9154557,0.35702158,0.36443091,positive,2
20120375,after,-1.4137947,-1.0407454,1.3438103,-0.41990747,-1.0530287,-0.027179243,-0.36467627,-0.42618036,positive,3
20120398,after,-0.582659,0.53729461,-0.57202931,1.219258,-0.21752648,-0.64205344,-0.44641976,0.57011889,positive,4
20120567,after,-1.0008321,-2.0158588,1.3039763,0.93278334,-0.66007817,-0.62236812,-1.1931629,-0.74199255,positive,3
20120582,after,-0.67571092,-0.22787724,3.5817526,-0.74353037,1.3350629,0.58732714,3.3118568,-1.043813,positive,3
20120789,after,2.0168958,-2.3277656,-0.94433446,1.1126681,-2.8281287,1.049519,1.3713584,0.89786164,positive,1
20120837,after,-0.92184166,0.58061075,1.3379719,-0.6873443,-0.26840038,0.70717614,-0.93691467,-0.23090515,positive,3
20120955,after,0.79678834,-1.2701968,2.2078063,-1.6378173,0.19936516,-1.7739007,0.2537444,-2.2394601,positive,3
20120968,after,1.1041306,0.25720995,1.2825273,-0.012658175,-0.82720386,-1.0595347,0.27704913,0.21365121,positive,3
20121035,after,-0.56881679,0.18611619,1.9685906,0.79897509,-0.25341988,-1.9486245,0.37713603,-0.014908843,positive,3
20121042,after,-1.0142622,-0.25972238,-0.31806049,1.5384721,-0.66380008,0.21891651,-0.13658391,-0.66538867,positive,4
20121090,after,-0.45235534,1.2448221,0.66279581,0.76904502,0.043208995,-0.80756296,0.46212802,0.4821161,positive,2
20121150,after,2.2249692,0.67985613,2.092761,-1.988277,-0.34552667,-1.8223353,0.4439693,-1.4805981,positive,1
20121155,after,-0.34882041,-0.0091329427,1.3095186,-0.67050055,-0.76085773,-1.1399724,-1.5876255,0.091504542,positive,3
20121159,after,3.1560088,-1.3013881,-0.34000219,-0.95357592,-2.096065,-0.58546907,0.50372009,-0.069187804,positive,1
20130057,after,-1.2681733,0.99948803,0.58874182,1.617571,-0.12649475,0.22001284,0.44869326,1.3996299,positive,4
20130181,after,-0.97824283,-0.16875867,2.6877155,-1.9171668,-0.14924011,1.7711516,-2.370233,1.3161167,positive,3
20130201,after,1.0230595,1.3695621,0.76359992,1.9527145,-0.60199799,-2.0839423,0.48879574,1.2268945,positive,4
20130209,after,0.39198233,0.030568211,1.5299111,-0.41105492,0.57160592,-1.659248,0.2438393,-0.43655552,positive,3
20130211,after,0.50159439,2.5685431,-0.89103218,0.61094651,-0.27180162,0.1695557,-0.19944696,1.1108735,positive,2
20130277,after,0.61330667,1.0203446,1.4341542,0.35717546,-1.6158421,0.34440985,-0.7330079,0.099452908,positive,3
20130332,after,0.50097819,-2.0836596,0.078324449,2.8788275,-1.7942458,-0.8779382,-1.8479641,1.517857,positive,4
20130635,after,2.1555437,-1.9018045,-1.0891377,2.3242099,1.8349723,1.9403486,1.7605863,-0.64307863,positive,4
20130667,after,-1.3018717,-2.9640138,2.2235032,1.150387,-0.26205445,0.88185389,-1.0406719,-2.3045404,positive,3
20130687,after,0.47116633,-0.085460559,1.0581444,1.4450967,0.075406169,-1.9675252,0.031772068,-0.20752906,positive,4
20130790,after,0.46152642,2.0732785,-0.71116753,0.82447783,-0.54549638,-0.8547416,1.42166,0.1916837,positive,2
20130825,after,0.57367865,-0.68859511,2.3389438,0.81986695,-0.43926035,-0.47958565,0.25331475,1.5484939,positive,3
20130866,after,0.59345254,1.7108983,0.047027972,1.3813178,1.0346214,0.53992168,-0.81278962,-0.16330591,positive,2
20130929,after,-0.67587536,-1.394561,1.6336866,1.1614454,-1.1365757,-1.1783708,0.099806437,-1.389963,positive,3
20130952,after,4.1120014,-0.1557204,0.39269379,1.2331955,3.7900267,-0.11958626,1.2035993,-0.75828482,positive,1
20131001,after,-0.95051612,-1.2666725,1.6206588,0.33932094,0.9157255,0.73199193,1.0567896,0.69420321,positive,3
20131017,after,-0.1889236,-0.45776431,1.9897596,-1.5239485,-0.72466097,-0.4401142,-0.34232506,-0.56752963,positive,3
20131031,after,2.5715382,-1.9762345,-1.7431339,-0.59129912,-0.80255312,2.3535685,0.51067112,-0.34838319,positive,1
20131099,after,0.096604653,-0.25433556,0.13444562,1.2259473,-0.47099807,-0.097110285,0.26441203,0.58607236,positive,4
20131158,after,-0.080606305,2.4290497,0.30626967,3.1544173,-0.11473878,0.32222713,-0.20789042,-0.020550678,positive,4
20131163,after,-0.75987461,2.4589946,-0.91547629,1.0538828,-0.085446073,0.63285001,0.22253351,0.13811306,positive,2
20140012,after,0.035780313,0.83804849,0.55329817,1.2957714,0.064402723,-1.3021778,0.038291522,0.61219447,positive,4
20140052,after,-0.0036908087,-0.36091737,0.23862136,2.4617321,-1.0674314,0.39721981,0.29496844,1.6661226,positive,4
20140066,after,1.6130485,1.0981632,1.120799,-0.9394159,0.033107543,-0.12611451,0.00087999108,-0.48621952,positive,1
20140201,after,2.2293968,-0.19878997,0.7814781,-1.788838,0.48814086,-1.5648364,1.3937255,-1.2879764,positive,1
20140207,after,2.1181201,0.21775171,-1.19616,-1.0453581,-2.0472605,-0.80284177,0.22703771,0.62044332,positive,1
20140307,after,-0.14120588,-0.19784645,2.0311206,-0.21494515,-0.4223393,-0.47675442,-1.2161295,-0.1614366,positive,3
20140364,after,-1.3561434,-0.18737391,1.6523551,-1.2253254,-0.42337161,1.4228983,-1.4416095,-0.22885858,positive,3
20140500,after,2.4693454,1.0077186,3.2174283,-1.4475509,1.6365298,-1.0450977,1.6512165,-0.13275196,positive,3
20140532,after,-0.083227822,1.9007699,0.19542603,0.68573728,0.58837428,-0.99882878,-0.5467502,-0.015898927,positive,2
20140623,after,2.950297,0.36367964,-0.7441703,0.48797116,-0.44804445,0.097403027,-0.48939634,0.069075621,positive,1
20140668,after,-0.58660219,1.1739622,-0.33619651,-0.46598046,0.35935084,-0.84286653,-0.8023741,0.12811226,positive,2
20140766,after,2.0186524,0.38070904,1.3676451,-0.053005239,-0.20698197,-0.90064025,0.42889601,-0.31981763,positive,1
20140822,after,0.08743634,-0.054734554,0.21934316,1.4246182,-0.72870129,-0.99410956,-0.1171419,0.13835047,positive,4
20140830,after,2.4472555,0.11264634,0.109666,-1.355453,-1.9228643,0.33539739,2.4009208,-0.29053144,positive,1
20140873,after,0.40357451,0.42512943,-1.3816364,2.1962259,-0.074353222,0.59790854,-0.75384994,0.27811579,positive,4
20140918,after,-1.2123357,0.2922881,-0.22563266,1.4455147,-0.91908161,0.9573869,1.2981393,-0.079571935,positive,4
20140950,after,0.0027624489,1.1844142,0.24530157,0.69104549,0.23134428,1.1604339,-0.017311062,-0.18962323,positive,2
20140979,after,0.57738683,-0.37742275,3.3123362,-1.8223232,0.264965,0.40455006,-0.062044193,0.06414562,positive,3
20141039,after,-0.66152161,-1.5052907,1.3791362,0.5118491,-1.212552,-0.75893012,-0.3625738,-1.2352499,positive,3
20141045,after,-0.41084889,-1.5836056,1.2191464,4.0609232,-2.0474347,-0.68713049,0.22385929,-0.44078178,positive,4
20150024,after,0.7210874,2.6324424,-1.1385752,2.4752305,0.33473452,-0.035193429,0.12844044,0.90293484,positive,2
20150285,after,-1.3941613,0.69765469,1.7453532,-0.60330447,0.57755585,0.15134301,1.6548947,0.062718827,positive,3
20150377,after,0.58812899,1.0939345,-0.68687548,1.8832695,-1.6307299,1.5503433,0.33829509,1.080449,positive,4
20150445,after,0.34721854,0.83676192,1.4755927,1.6088923,0.32305029,-0.52104839,0.73855296,-0.22281526,positive,4
20150458,after,-0.7867764,0.3330974,2.3453052,-0.18582807,0.4179206,1.3218096,-0.19759738,1.133965,positive,3
20150482,after,-1.1594211,-1.7052304,0.48167839,1.5451435,0.087474295,0.31777393,0.30862032,-2.2934431,positive,4
20150515,after,3.0430343,1.6506719,1.3633401,4.6107483,2.8676347,-0.12428601,0.87377747,-0.084127381,positive,4
20150528,after,2.730519,-1.1800165,-1.1979121,-1.2236899,-2.1770034,-0.35177683,0.35339902,-1.1004548,positive,1
20150532,after,3.6200512,-1.6460914,-3.0327912,0.38209445,-2.4376919,1.2919496,-0.15173955,-1.7048198,positive,1
20150566,after,0.31816812,1.9895788,0.52684288,0.32772009,0.0072116551,-0.74114976,0.45550377,0.99198519,positive,2
20150628,after,1.8747334,-1.9444646,-0.077498325,-0.086288294,1.8483429,-0.38194867,0.31974885,-0.48192063,positive,1
20150699,after,2.2593532,0.32821922,3.262872,-0.38778737,1.0163941,0.46854584,-0.82093513,0.7377219,positive,3
20150746,after,2.1736457,-0.57980497,-0.76770496,1.3120901,-0.78130404,-0.24641173,1.1001176,0.5389458,positive,1
20150805,after,0.01517649,1.1934104,0.95192816,-0.56398589,0.47373243,-0.18025663,-0.22819217,0.36034113,positive,2
20150809,after,-0.20860586,2.1576098,1.8843895,0.0082818369,1.5376821,0.3604187,1.0661984,0.12040453,positive,2
20150827,after,3.026245,1.0293274,1.8183976,-0.60319572,1.6267201,0.17602212,2.3055504,-1.0012492,positive,1
20150843,after,1.7126017,-1.8801125,-1.7544833,4.0315426,0.92406685,2.2113646,0.0014604933,-4.0940806,positive,4
20150908,after,-0.63430767,1.614914,-0.68467326,0.33237148,0.51192261,1.4858575,-0.18623718,-0.79249123,positive,2
20150992,after,-0.2701395,0.11519414,-0.63885305,2.1936179,-0.72104026,0.842754,0.29652021,-0.56444389,positive,4
20151170,after,-0.73209342,0.72950999,0.81800496,2.8555205,-0.74435272,0.23287732,0.31153897,0.5364682,positive,4
20151175,after,-0.58404163,1.2982179,-0.48086506,3.1069286,-0.98744115,1.4230337,0.10454883,0.47095901,positive,4
20160030,after,1.4409008,-0.1387112,-0.86527846,0.089246085,-1.8927465,-0.023099582,-1.3699356,0.17710983,positive,1
20160330,after,-0.65453688,0.25628822,0.28314812,1.6844055,-0.56039988,-0.90222929,0.27522386,-0.24461309,positive,4
20160336,after,0.051824672,1.5281144,1.1397736,-0.52941463,0.54189903,-0.37037582,-0.12861341,1.2940322,positive,2
20160411,after,0.8045608,0.18053904,-0.80634234,2.4944826,0.0086726637,-1.0063789,0.096283039,-0.04411431,positive,4
20160443,after,-0.77973386,1.5965851,-0.89048693,0.78664322,-0.23398858,0.26195805,-0.43862312,0.20176537,positive,2
20160490,after,-0.08617935,1.7918846,1.3657816,-0.1382958,-1.0025902,0.66837467,-0.11114536,0.17118771,positive,2
20160599,after,-0.47972485,-0.35031858,0.88410407,1.8119354,-0.29922826,0.46733018,0.66900427,-0.78270456,positive,4
20160721,after,-0.5112117,0.14959127,1.299164,-0.57474027,-0.036768047,-0.77713834,-0.69486357,0.99461744,positive,3
20160729,after,-0.47255961,0.1324502,1.3864721,0.80437641,0.29226799,-1.2614818,0.51744886,-0.35083355,positive,3
20160735,after,1.0808445,1.2942341,0.36848916,-0.96443827,-1.8500363,0.4249124,-1.2775235,-0.471477,positive,2
20160980,after,-1.3832392,-0.10636367,-0.4061539,1.2141951,-0.25301002,-0.48414618,0.48961388,0.072549619,positive,4
20160994,after,1.4534728,-1.266148,0.19210603,-0.78930404,1.0932014,0.46174673,-1.04577,-0.90987343,positive,1
20161008,after,0.90441947,0.36366133,3.8199564,1.0835216,0.42165589,-1.1897022,1.2049582,0.45811592,positive,3
20161043,after,0.0094773197,-0.11307133,1.9530095,-1.3368218,-2.0451411,0.69839718,-0.4800021,0.94216012,positive,3
20161121,after,-1.02559,1.181302,-0.80660654,-0.12125888,-0.0030262039,-0.200644,-0.034083134,0.20942381,positive,2
20161180,after,0.2402673,-0.12885228,0.20182377,1.4273634,-1.1680468,-0.90945287,-0.075228759,-0.17166233,positive,4
20170049,after,1.5466333,0.070645271,-0.69678997,-1.0655699,-0.39408501,-2.3941631,-0.3488823,1.2504932,positive,1
20170082,after,-0.39370649,-0.61748655,1.8188359,-1.2256932,-0.58130943,-0.18720764,-1.4288664,-1.1745218,positive,3
20170135,after,-1.2413594,1.2516073,1.4942089,-0.14269543,0.49449318,0.43839694,0.37747926,0.12305098,positive,3
20170225,after,4.9637147,-2.8385893,-3.4272734,2.8270834,3.7245866,-1.2633792,-4.4374544,-1.0131014,positive,1
20170285,after,0.97404737,2.7126669,-0.26265015,1.8706992,1.3800658,1.7567324,-0.72039012,0.2642589,positive,2
20170319,after,0.7327584,1.932339,-0.59755764,0.80352203,1.6101969,1.0642847,0.92397997,-0.040322829,positive,2
20170432,after,-0.021572405,3.1633709,2.5174635,-2.0850704,1.8093237,0.60925451,2.7590577,1.7015323,positive,2
20170520,after,1.5950259,1.1014206,1.5544464,1.6131139,-1.1116564,-1.5937283,0.67291276,-0.85029397,positive,4
20170548,after,1.069875,1.956552,0.76147227,-1.371696,-0.23390768,-0.74868436,-0.61406605,1.65437,positive,2
20170575,after,0.34458743,-0.071680054,0.68278399,1.6699272,0.08245819,-1.1273249,-0.82294873,-0.30154848,positive,4
20170596,after,-0.6352947,1.1483435,0.84731236,-1.0652477,0.62857383,-0.76299776,-0.85130354,-0.22493504,positive,2
20170673,after,-1.008436,-0.43141802,4.3099168,-1.3405666,-1.4307536,3.3345678,-1.2573494,1.7105704,positive,3
20170717,after,-0.89084236,1.0650092,1.4470511,-0.70680716,-0.25464344,1.1393587,-0.0680304,-2.1274509,positive,3
20170749,after,-0.86482889,-1.5431908,0.60620472,1.4435311,0.7638105,-0.1928562,-1.4520326,-0.29846021,positive,4
20170794,after,2.264271,-0.64186029,0.92847165,1.1265507,-2.3118507,0.036902939,1.4074025,-0.87805272,positive,1
20170843,after,-0.42248939,0.36959005,0.71640751,2.5847226,-0.63582509,0.54401098,0.96093626,0.10275107,positive,4
20170881,after,1.2568566,1.0584062,0.42048897,1.7656344,0.42525776,0.94208575,-0.51408249,0.14841427,positive,4
20170899,after,1.480696,0.38866318,-0.54250848,0.40356908,0.20548879,-2.3979827,-1.4163561,-0.98607536,positive,1
20171155,after,-1.4211695,-2.240823,1.1963514,3.3567879,-1.5837409,0.38364099,0.61831567,-1.1604205,positive,4
20171189,after,-1.1599723,-2.4869253,0.45942003,1.7809276,-1.2901626,-1.0429697,-0.28502315,-1.9889592,positive,4
20171190,after,0.50160005,-0.38778334,1.1088468,1.9166195,-0.58495441,-0.044886896,-0.050239225,1.4668621,positive,4
20180099,after,-0.58751855,0.11433324,3.7475212,-2.4162119,-0.82780015,3.160805,-1.6929213,3.4447953,positive,3
20180129,after,2.4576288,-0.91230656,0.29720905,-0.99388923,-1.0284271,-0.26632764,2.1322552,1.6089002,positive,1
20180178,after,0.3458221,0.89310449,-0.91803775,1.8940515,0.55388945,0.0037650812,0.37305741,0.22422407,positive,4
20180196,after,-0.83515424,0.68541101,1.1825381,1.3531981,-0.12097558,-0.29803738,0.37316508,0.90151945,positive,4
20180438,after,1.7667328,-0.45437542,0.066812263,0.26743436,0.5929568,-1.8159063,0.50926422,-0.85300316,positive,1
20180548,after,-0.52949735,-1.994404,1.6818875,1.7629251,-0.22715645,0.17905043,0.48635068,0.49427205,positive,4
20180558,after,-1.1122701,-1.8443026,0.64153727,3.6400388,-1.7282167,0.91906091,-0.006019031,-1.3249392,positive,4
20180563,after,0.57065377,1.7990149,0.38135033,1.4116669,0.99786541,-0.39041402,-0.36746433,0.82848506,positive,2
20180578,after,-0.25565169,1.3658929,-1.3426511,0.3303129,1.2049515,0.23053527,0.36706641,0.42289512,positive,2
20180602,after,0.31017953,-0.13995795,2.7470977,1.3552114,-0.2398402,-2.625856,-0.64168141,-0.99672246,positive,3
20180608,after,1.582995,-0.14724217,-0.057500985,0.39980754,-0.99960865,0.40818374,1.2505863,-0.95308492,positive,1
20180628,after,2.000661,-0.30966222,1.6899455,0.86335693,-1.20292,0.19335534,1.6391054,-0.48421151,positive,1
20180654,after,3.3555735,0.28426858,-0.42693672,-1.703039,-1.7737466,0.9683296,-1.0652313,0.39233027,positive,1
20180725,after,-1.1963873,1.249345,1.1864497,1.1049033,0.70696872,-0.28780623,0.99354079,0.79968503,positive,2
20180849,after,1.6737336,1.0674898,0.16726266,2.9301339,0.29557441,0.18381682,-0.9792522,0.8154417,positive,4
20180891,after,-0.84949167,0.20218799,-0.6327627,1.5085681,-1.0822919,1.1062731,-0.63280829,0.29557441,positive,4
20180910,after,1.3453252,0.85651127,1.2102765,1.3290727,0.33347995,0.43496451,-0.61577432,-0.11540755,positive,1
20181068,after,-0.7531382,-1.7214151,0.074016455,2.4884196,-1.4159865,0.014202404,-0.4039405,-1.3218188,positive,4
20181089,after,-0.97858409,1.3236733,-1.2580174,0.24006948,0.13565207,0.82721752,0.15539478,-0.0083827142,positive,2
20181128,after,-0.45989599,1.5883737,-0.65081079,1.3512508,-1.0172061,0.098462928,-0.41624898,-0.16933797,positive,2
20190008,after,1.5984027,-0.26567026,2.3903744,-0.96520198,0.91454201,-1.2969353,0.80859484,-1.7114918,positive,3
20190012,after,0.12796376,1.1340729,-0.029151052,-0.95892403,0.078824073,-0.85905809,0.21855574,0.87311643,positive,2
20190014,after,-1.3007918,-0.34028916,1.0744708,1.6539384,-0.18268009,-0.45865287,-0.089014088,-0.2094463,positive,4
20190094,after,0.35896405,-1.2385651,-1.2230724,2.7855459,0.088498014,-0.6082864,-0.42295403,-1.6271548,positive,4
20190096,after,-0.68400803,-0.065675393,0.66309953,1.6547244,-0.19541315,-0.88832729,1.2410174,-0.23345092,positive,4
20190122,after,0.088194981,-0.62780978,0.53238993,1.4867756,-1.2086454,-1.9396346,-0.056473451,-1.0255192,positive,4
20190156,after,-0.14225984,0.14441075,1.7052078,0.91673851,-0.26976729,1.1329909,-1.3750022,0.22159383,positive,3
20190325,after,1.674778,-1.5145725,-1.7111415,0.034921737,0.64855891,-1.5307064,-0.64418531,-0.72398915,positive,1
20190490,after,0.34452564,4.3814018,0.77985133,1.0297784,0.43248799,-2.0043034,0.63537466,1.7031013,positive,2
20190492,after,-0.3589377,1.6360696,-0.51035244,0.42814521,0.18539963,0.054198796,-0.49020618,0.64291099,positive,2
20190503,after,1.303594,-1.082902,0.016373713,-0.0054015163,-0.13528715,-1.0161472,-0.24426144,1.213508,positive,1
20190580,after,0.14637269,-0.61932828,1.3346157,0.1634724,0.34765738,-1.3597318,1.0715248,0.6045179,positive,3
20190605,after,1.5077642,1.4255983,1.0973079,0.093810119,-0.8591803,-0.32691719,0.44731145,-0.10264352,positive,1
20190626,after,0.13498831,0.56236043,1.4359024,2.3736772,-0.38822075,-1.7737904,0.11705043,-0.18548617,positive,4
20190639,after,2.6265565,-0.78984056,1.9650128,0.60330111,-2.3221837,-2.1046748,1.6887421,0.64010323,positive,1
20190661,after,1.2448518,1.7123482,3.7946776,-2.0388281,0.87623335,1.6688044,0.2600534,1.0467699,positive,3
20190674,after,1.8534302,2.203025,1.9184049,1.5466453,0.70609833,-0.42743117,1.3587767,0.43674864,positive,2
20190695,after,-0.73595453,0.8780501,1.2658844,2.0047378,0.36769769,1.2312051,0.97258588,-1.6531635,positive,4
20190716,after,-0.0046109031,-0.17492692,2.4942449,0.23138001,0.055584106,1.5704449,-0.87732457,0.7493423,positive,3
20190725,after,0.45782327,2.7053122,-0.28451219,1.4667253,0.62985236,1.7418765,-1.4270927,1.1209454,positive,2
20190742,after,1.385857,0.73193613,-0.12334874,0.045180953,0.56684393,-1.1331486,-0.050482859,0.39331653,positive,1
20190844,after,1.6118044,-0.84905736,2.1954901,-0.57142125,1.0369432,-1.2378413,0.21362053,-3.002727,positive,3
20190853,after,-0.24995432,0.76068488,0.24387759,1.6648971,-0.016446898,0.97757945,-0.81030864,-0.78598554,positive,4
20190857,after,-0.73247742,1.4645045,-1.4417363,0.9804373,0.096525056,0.99631792,0.38084536,0.74107295,positive,2
20190870,after,1.8949713,0.46663032,-0.73887165,-1.0171198,-1.9315544,-1.1962804,-0.76525981,0.090271263,positive,1
20190879,after,1.936728,-0.34403613,0.050796752,-0.73896222,-0.84772209,0.28157369,-0.083472875,-0.036947667,positive,1
20191010,after,0.70173144,-1.8712712,0.051338149,1.4042517,-0.39844235,-0.93427282,0.73282696,-1.7678564,positive,4
20191014,after,2.5304292,-2.1714681,-0.45596706,0.04200676,-0.33199635,-1.9011821,-0.75819803,0.71033762,positive,1
20191015,after,-1.2194561,0.052274424,1.2954277,-1.0645913,-0.46974334,1.0991354,-1.1183917,0.57176046,positive,3
20191039,after,0.13840484,0.14353903,1.80493,0.26480842,-0.73808011,-0.80707994,-0.0015980813,-0.93178347,positive,3
20191087,after,1.1654959,0.70215628,1.4656322,0.2494578,0.02181615,0.75340305,1.4325757,-0.094667134,positive,3
20200759,after,0.025453084,1.3444274,-0.92762672,1.0865105,0.46813875,1.224,-0.28658696,-0.6813747,positive,2
20200994,after,1.8670474,-0.080780807,1.1522894,0.88053192,0.31039812,0.087514837,1.0927314,0.48068075,positive,1
20201245,after,1.5115793,-0.54720126,-1.7844106,-0.051733181,-2.6514501,-0.054630874,1.0615695,-0.41669077,positive,1
20202023,after,1.3963423,-1.1026789,1.1494961,0.74379285,-1.262718,-0.80470841,1.2314764,0.75798143,positive,1
20202177,after,-1.0338584,-2.2545697,1.3522731,3.6526267,-1.183794,-0.63569275,0.0098759335,-0.66266171,positive,4
20202365,after,1.4495422,-0.96079307,-0.26007277,-1.2064202,-1.760007,-0.81848809,0.024125322,1.196893,positive,1
20203373,after,1.8132014,0.19689253,-1.2765812,1.3851902,1.0231915,0.68982725,0.56896474,-0.95776105,positive,1
20203983,after,-1.4258112,2.8536365,3.6648116,-3.4864032,-0.47265506,2.8209723,-2.6033901,0.92193043,positive,3
20204655,after,3.1255643,-0.52469682,-1.2692229,-0.73266785,0.42403813,0.18299291,3.0246843,0.35735925,positive,1
20204833,after,0.18881599,2.9359515,0.50403274,-0.25692906,-0.059359377,-2.5303814,0.77243295,0.30290643,positive,2
20205052,after,1.025301,2.028199,1.12532,1.1045986,0.38382933,-0.58164821,0.42164389,0.130974,positive,2
20206010,after,1.3254739,0.66129697,-0.038845032,0.26002353,-0.27845471,-2.0959313,0.58653099,1.2348677,positive,1
20206591,after,1.4588174,-0.78499238,3.5009635,-0.20459992,1.9077672,0.13268073,0.75174967,-0.93956977,positive,3
20207514,after,0.18453156,-0.17257176,2.4523051,1.1784201,-0.15249764,-1.3966961,0.20979825,-0.70830362,positive,3
20207711,after,-0.36415014,0.79840064,1.351199,-0.66408555,-0.42737697,1.0486952,-0.13813082,0.52450945,positive,3
20207822,after,1.4866958,-0.48105768,-0.33957985,0.51362879,-0.37534438,-1.4080941,-0.17590843,-0.54271609,positive,1
20208066,after,2.330924,2.6969436,1.5404585,1.3452093,0.61238101,-0.47395554,-1.4076005,-0.69646688,positive,2
20209135,after,1.4236258,-0.0060249504,0.35664376,-0.45585948,1.0501618,-0.82997569,-0.25640122,0.0054199529,positive,1
20209489,after,-0.54711313,0.74128547,1.6733758,-0.74074131,-0.31712002,-0.13375494,-2.2714969,1.0676689,positive,3
20209676,after,0.66104097,-0.31147894,0.2240741,1.327708,-0.8308677,-1.4051582,-0.70339342,-0.3820135,positive,4
20210007,after,-0.48330541,-0.35699351,0.61999797,1.587326,0.10243858,-0.87322889,0.14510991,-0.64042988,positive,4
19790135,after,1.3671397,-0.022996218,-0.26155826,-1.4783519,-1.2507747,-1.3647907,0.77512291,-0.27730374,negative,4
19790140,after,-1.279079,-3.4124764,0.65404641,0.80384739,-0.0053830366,1.1590546,0.69282135,-1.5328742,negative,2
19790178,after,0.1313401,-0.057370874,-1.6357384,0.80666972,0.13173074,0.0089367803,-0.16300499,-1.4267267,negative,3
19790194,after,-0.16511131,0.94766262,-1.4389877,0.081201464,0.45995587,-0.20182577,0.34048449,0.061747646,negative,3
19790300,after,-0.39771837,-0.23201715,-1.327665,-0.23438175,0.59611626,-1.1727666,-0.0016737296,-0.42662854,negative,3
19790385,after,-1.3974894,0.63321683,-0.43371408,-0.51381215,0.44744768,0.66957061,0.49405545,0.6762845,negative,1
19790394,after,-1.3959652,-0.038140843,0.6318637,-1.4853136,-0.083182607,0.74196415,-0.028608981,0.37282382,negative,4
19790535,after,2.0129121,1.0905373,0.92950325,-2.3045697,0.24937817,0.5094838,0.077958549,-0.39827695,negative,4
19790550,after,-0.21302106,-1.5582805,-0.50471092,-0.368894,0.29296217,-0.7411771,1.0917806,-0.24549523,negative,2
19790585,after,2.8883155,0.84621237,0.57336369,-1.6779675,-0.047665399,2.1658243,1.3761134,-0.96997825,negative,4
19790613,after,0.86691842,-0.91382888,-1.0661349,-1.1435483,-0.98897231,-0.41663145,0.087077313,0.16759859,negative,4
19790664,after,-1.2558465,-1.6736667,0.33649617,0.50404772,0.79687677,0.27229054,-0.30121971,-0.63996838,negative,2
19790802,after,0.22699341,1.199857,2.4279732,-1.8027507,-0.0012764152,-0.67784951,0.80590939,1.5445121,negative,4
19790820,after,1.1666384,-1.9142625,-1.1129712,-1.0352279,1.3822075,0.8290649,0.78061651,-1.7994198,negative,2
19790958,after,-0.86340221,-0.39070129,-1.4581596,-0.04657336,-0.34856208,1.4215676,0.35219598,-0.7770379,negative,3
19791011,after,-0.30172222,-0.16642768,-1.2624075,-0.46534206,0.67081275,0.10632661,0.81857878,-0.67168291,negative,3
19791091,after,-1.5108258,-0.2889189,0.91620341,-0.76889216,-0.40260852,-0.37957671,-0.18202847,-0.037107935,negative,1
19791146,after,-0.50966449,0.13986359,-1.2498933,-0.30370396,0.74556404,-0.46680587,0.74299273,-0.3908892,negative,3
19800021,after,0.39287554,0.46413758,-1.8751348,0.14413722,0.93435079,-0.34627843,-0.013781836,0.049458709,negative,3
19800068,after,0.57308672,0.49962016,-1.5867658,0.14574884,1.4658051,-0.98258518,0.15760204,-0.77098105,negative,3
19800155,after,-0.50893021,0.5345007,-1.1834273,-0.62552587,0.73065304,-0.4389672,-0.37185837,0.074598384,negative,3
19800184,after,0.029537354,0.71432888,-0.16217987,-1.0537524,-0.17397482,0.26904899,0.37819957,-0.55768158,negative,4
19800204,after,0.04141541,1.3441035,-1.580636,0.17812611,1.4320975,-0.74739908,0.90544977,0.045565588,negative,3
19800232,after,-1.8855305,-0.69240889,-0.28356728,0.18575606,-0.62390901,0.8699416,2.9582547,1.9150517,negative,1
19800256,after,2.3460001,-1.3127417,-0.96802545,-0.43997534,0.71074087,-1.2884292,-0.070583599,-0.025030292,negative,2
19800401,after,-0.56152069,-1.8326899,-0.023957568,-0.50190054,2.7389115,-0.30767799,-0.91700818,0.8360124,negative,2
19800440,after,1.3496377,0.52722392,1.3482455,-1.6413809,-1.0024326,0.98143941,-0.14307958,1.270565,negative,4
19800550,after,-0.93985532,0.15376292,2.0707684,-1.0778351,0.087617222,0.29640561,0.014961826,-0.30889463,negative,4
19800636,after,-0.49622635,-0.12466285,-0.15427288,-1.1458815,-0.59941533,-0.5930749,0.18545265,0.3386649,negative,4
19800695,after,1.159461,-1.5490613,-1.5664214,-0.016605033,0.57666023,-1.0488721,-0.38278527,-0.48324378,negative,3
19800759,after,-1.2357009,-0.25401682,0.28590222,0.81857778,0.16534756,0.9268017,0.49152253,-0.27470198,negative,1
19800948,after,-0.4768547,-1.5372992,1.0895575,1.1520082,0.11098811,-1.1227238,0.9572699,-0.21919106,negative,2
19800961,after,-0.49327787,-0.74215488,-1.5721154,1.295226,-0.31634639,0.1501871,0.98695427,-0.13085426,negative,3
19801067,after,-0.79247397,0.38507536,-1.5474124,-0.78350993,0.27898049,-0.10303507,0.32654588,-0.33130253,negative,3
19801135,after,-0.93582627,0.49851059,-1.3305325,-0.56704668,-0.13176012,-0.31786,0.24576326,0.067259247,negative,3
19810023,after,-1.2373594,-0.14851574,-0.24072788,-0.45686021,-0.66044707,-0.1076578,-0.62146741,-0.4632339,negative,1
19810093,after,-0.6341574,-0.024294579,-1.2508057,-0.22721522,0.85152492,0.088496577,0.13935101,-0.62315365,negative,3
19810096,after,2.0451916,-1.7237735,-2.4209411,-0.40853723,-2.0621709,-0.42005557,1.3407848,1.0639947,negative,3
19810109,after,-1.1258187,0.55714072,-1.0322648,-0.38506534,-0.17481318,-0.3187254,-0.53647368,0.056253762,negative,1
19810142,after,0.82050794,-1.2655944,-1.848877,0.072578977,0.32019355,0.035507637,1.4833336,4.3603278,negative,3
19810179,after,0.52264607,-0.55024144,2.0515296,-1.1128933,1.2340705,0.15856488,0.013708308,-0.63747674,negative,4
19810196,after,-0.28498192,-0.85515748,0.80699496,-1.0530693,-0.0056745631,0.42790578,0.57157209,1.5985812,negative,4
19810241,after,0.10788094,-0.18596002,-1.7105778,-0.98142144,0.7297807,0.98271714,-0.032232274,-1.0246737,negative,3
19810292,after,-1.2180467,0.36718107,-0.28443362,-0.58836295,-0.21055815,-0.33923618,-0.64744715,-0.27645852,negative,1
19810388,after,0.10452202,0.51689651,1.9911402,-1.9807265,0.19872687,0.2417026,1.1917919,-0.21760509,negative,4
19810394,after,1.0550301,0.13968355,0.36076599,-1.453546,-0.88543004,0.3791485,-0.18110599,0.14769145,negative,4
19810519,after,0.11848652,0.12366036,-0.59402871,-1.1111022,-0.9565765,-0.54389378,-0.67479594,-0.24099551,negative,4
19810626,after,1.9773098,0.31035692,1.0222349,-1.7123541,-1.6835703,-0.90067313,0.04392296,0.048967551,negative,4
19810712,after,-1.1286402,0.69735335,-0.011619763,-0.41266518,-0.049230574,0.29177874,0.32312947,0.4342655,negative,1
19810733,after,0.30952402,1.9667687,2.543504,-1.0549571,-0.73441689,0.91581996,-0.88146857,0.96763275,negative,4
19810790,after,-1.4358591,-1.2338704,4.1115379,-1.7315548,-1.7294024,2.3020957,-0.94265039,-0.87973948,negative,4
19810854,after,-1.1997891,0.011183464,-0.072656732,0.6046189,-0.77862231,0.70475833,0.36150061,0.41619196,negative,1
19810858,after,-1.1384223,0.5045442,-0.83305767,-0.73840757,-0.054117671,-0.070475265,-0.26180033,0.45923864,negative,1
19811035,after,-1.5211433,-1.2364248,1.3616506,0.043640141,-0.0031532112,0.036276503,-0.3812572,-0.76764574,negative,1
19811036,after,-0.93201123,0.43592919,-1.3000482,-0.53886533,0.29066774,0.14026456,-0.64698229,-0.67219426,negative,3
19811066,after,-0.091326954,-0.25558028,-1.5367956,-0.87632143,-0.64435479,0.028023682,0.36425649,-0.44861436,negative,3
19811097,after,2.3025215,-2.2443445,-1.3819211,1.3059203,2.5149451,0.52573172,2.7477576,0.91091297,negative,2
19811128,after,-1.1368706,-0.10554109,-1.0499959,-0.31484663,1.5099119,1.8124414,-0.89477237,-0.0067703854,negative,1
19811187,after,2.0043141,-1.7144352,-1.7704433,2.7061296,1.5338655,0.44434831,0.39410815,-1.1972264,negative,3
19820005,after,0.042754166,0.35170893,-1.2926916,-0.14889676,0.72675338,-0.090405333,-0.099753554,-0.30317301,negative,3
19820026,after,0.28198727,0.22292985,-1.2242499,-0.82738889,-0.40267408,-0.40437391,-0.26782817,-0.64687233,negative,3
19820038,after,-0.50384194,-0.71150714,1.220224,-1.3911837,1.93627,3.4833977,-0.66565018,-0.55755,negative,4
19820099,after,-1.7398191,-1.0088888,0.66345816,-0.23821178,1.5206526,0.5958733,-0.81115046,0.51671598,negative,1
19820130,after,0.5508758,-0.28793538,-2.3108238,0.30109004,1.5213801,0.37676615,1.3900979,-1.8792251,negative,3
19820143,after,0.821513,-0.21062392,-1.1933218,0.18995529,1.0071095,-0.43200991,0.61941296,-1.1419612,negative,3
19820253,after,0.72809329,-2.9080676,1.5276057,1.0836153,-1.1457601,-1.928319,-0.51806893,0.71546454,negative,2
19820256,after,0.42704751,-1.2194478,-0.97769105,-0.20217877,-0.93978674,-0.19844533,-0.26798392,1.2216142,negative,2
19820292,after,1.0735927,-2.7486184,-0.18748581,0.68074136,0.55002866,-0.6914432,-1.2236468,1.1656622,negative,2
19820426,after,0.67414158,-3.1667612,-0.16927007,-1.2017048,3.3389937,-0.07809272,-2.6552176,3.0177404,negative,2
19820453,after,-0.36557798,-1.1930996,1.003832,2.9745196,-0.87611599,-0.06115993,0.51861806,-0.4202598,negative,2
19820652,after,-0.21179282,0.081408386,1.1310323,-1.0539063,0.15038348,-0.8751954,-0.58749305,0.037837153,negative,4
19820676,after,-1.1996522,-0.030201107,0.61685216,-0.302783,-0.20865791,0.059492992,-0.24091057,-0.91424524,negative,1
19820677,after,0.72906551,-0.88096712,-1.653887,0.18024427,-0.70040247,-0.1699699,0.60790159,-0.11385408,negative,3
19820712,after,1.5286486,1.647957,2.2462463,-1.9390306,-0.97771047,3.5941336,-0.85775024,-1.9052776,negative,4
19820786,after,0.72549319,-1.3987892,1.2375074,0.19210486,1.0602458,0.39099717,1.9001539,2.1083439,negative,2
19820891,after,-0.40459458,-1.4044143,0.50652424,-1.2382274,0.27965657,1.2948308,-0.12770538,0.5209751,negative,2
19820928,after,-2.0724881,-0.22184198,1.0042823,0.61198677,0.19083861,1.0568221,2.4979757,0.95183713,negative,1
19820985,after,-0.57877574,1.1001804,-1.7249393,1.5708877,0.26633472,1.9069048,0.89385842,-0.64068987,negative,3
19821068,after,0.38594926,-0.64510086,-1.442996,-0.23815099,0.4528941,-0.2547201,0.2256044,-0.19299816,negative,3
19821079,after,0.85105205,-0.47301242,-0.53736436,-1.5344625,-0.791412,-0.69734084,-0.96330281,0.37706902,negative,4
19821085,after,-1.7895396,-1.4133498,0.027759566,2.1543779,-1.362821,-0.5875205,0.55719408,-1.2506052,negative,1
19821089,after,-1.0719279,0.51364339,-1.2635728,-0.52475384,0.33584576,-0.64635942,-0.00027394846,-0.12641078,negative,3
19821107,after,-1.2357576,0.15527227,-0.33496758,-0.76069842,0.028184935,-0.49324383,-0.47611145,-0.13576655,negative,1
19821108,after,0.066365346,3.2237145,-1.6593291,1.0382876,0.93738512,1.0426594,-0.09606275,0.84510877,negative,3
19821122,after,-1.5092911,-0.28795186,0.33227819,0.21617419,0.31080914,-0.53883049,0.22154886,-1.3729732,negative,1
19830149,after,-1.032546,1.1303876,-1.7322289,-0.21970862,-0.19027888,1.6294178,-0.2185497,0.39909365,negative,3
19830179,after,-1.1697678,0.063484639,0.10688021,-0.50558481,-0.17100104,0.39598294,0.38661437,-0.034744625,negative,1
19830185,after,-1.1798768,0.60840091,-0.99249668,-0.68925568,-0.015477076,-0.35516223,-0.4387311,-0.48112207,negative,1
19830202,after,1.0184856,-1.8577428,-2.024813,5.0067148,-0.27211945,1.5158185,0.5110934,-0.37117973,negative,3
19830293,after,-0.3564814,-0.83417683,-0.66749575,-1.1471653,0.25720647,-0.42493409,-0.26774161,2.3505382,negative,4
19830375,after,1.3341704,-0.45585247,-0.84526911,-1.1087374,-0.08472474,1.85192,1.8371427,-0.18340357,negative,4
19830505,after,1.0926974,-0.65432307,-1.3093017,-1.0904502,0.1522457,0.23140424,1.5208254,0.093256448,negative,3
19830540,after,0.26477876,-4.0648689,4.3658307,0.71527145,1.0792809,-1.4728882,0.05782003,-3.5612128,negative,2
19830575,after,1.6285302,-2.6176149,1.0604758,-0.74081707,3.3498999,-0.85050523,-0.57471993,-0.80376708,negative,2
19830581,after,0.63009348,0.35680052,-1.5832244,2.3370155,-0.73112204,0.76592992,-0.32432824,0.55541088,negative,3
19830754,after,-1.1674972,0.32103876,-0.8886653,0.66726511,-0.5833737,1.4546566,-0.71954798,-0.50027425,negative,1
19830845,after,-0.29925523,0.59953686,2.9886699,-1.6942369,-0.76793202,0.88324884,-0.90389452,1.595983,negative,4
19830908,after,-0.66388595,-1.1785044,0.088687686,0.32983322,0.27426814,0.046926773,-0.064061203,1.6683967,negative,2
19830915,after,-1.1451246,-0.20603132,-0.47212078,0.48886453,0.024534807,-0.093637307,-0.02368391,0.094680701,negative,1
19830982,after,-1.396035,-0.15666283,0.48586737,-0.1351028,-1.011691,-0.15011322,-0.70528902,0.51596758,negative,1
19831044,after,-0.40247013,0.25020237,-1.990715,-0.54838561,0.59911782,1.9224095,0.62598673,-0.17567708,negative,3
19831052,after,1.2414463,-1.3113141,-0.80694698,-0.52929084,-0.28458312,-0.12347875,-0.086968267,0.67602169,negative,2
19831099,after,-1.595927,-0.40216798,-0.22893654,-0.91211811,-1.5676496,0.36392711,0.34975689,-0.86232926,negative,1
19831117,after,-0.8892132,1.255004,-1.1933242,-0.45709162,0.37549686,-0.52383858,-0.11385332,0.1180453,negative,3
19831157,after,-1.5011787,-0.17384507,1.2627845,-0.99756725,-0.73862538,1.0753682,-0.70687067,-0.75189096,negative,1
19840010,after,-1.0960316,0.073278745,1.2159032,0.2946824,-0.2164049,0.65108423,0.58437422,-0.28145458,negative,1
19840054,after,-0.90384202,0.25861994,-1.1593047,-0.4727844,0.25284567,-0.30487205,0.079384912,-0.36646633,negative,3
19840073,after,-0.76211655,-1.4592572,0.45657536,0.32182701,-0.22138561,0.0013471483,0.61021757,-0.46406182,negative,2
19840098,after,1.9856981,0.10632993,-0.49727802,-2.8385515,-1.6436229,1.6801208,0.54508889,-1.2430609,negative,4
19840141,after,-0.70422418,1.2859665,-1.4263577,-0.59381704,1.072067,0.82193179,0.80106054,-0.23127536,negative,3
19840222,after,-0.22527315,-0.051590989,-1.1781773,-0.46222814,-0.31003424,-0.59236149,0.023742575,-0.33343962,negative,3
19840229,after,0.15112743,0.081500057,0.57760355,-1.3993173,0.80947402,-0.94946799,-1.0507914,0.66760497,negative,4
19840320,after,0.23489625,0.57977766,-1.7377529,0.95649666,-0.14858874,-0.32449234,0.38008374,0.8617659,negative,3
19840365,after,0.84276236,1.6816233,1.5349269,-1.1510712,0.97428003,-0.49969045,0.75704809,0.043283942,negative,4
19840402,after,-0.77147875,0.81696411,-1.2231248,-0.0033915057,-0.10360063,1.4247595,-0.51441499,0.0245098,negative,3
19840557,after,1.6612817,-2.6820346,1.0417841,0.75447535,1.7649825,-2.462764,-0.55636775,0.077879478,negative,2
19840820,after,-1.0976715,0.0079943535,-0.22039007,-0.35240649,0.93047736,0.070119674,1.1526367,0.6159069,negative,1
19840834,after,0.58106202,-2.3728256,-0.86910422,-0.96228723,0.28544903,0.012297151,1.8062804,0.52691952,negative,2
19840873,after,-1.7772618,-2.72684,1.0003887,1.6057284,-1.3796305,2.2211707,-0.073264823,0.62567749,negative,2
19840943,after,-0.15111717,0.86289028,0.63595966,-1.6365483,-0.47486485,0.35203823,-0.52422899,-0.69569353,negative,4
19840975,after,1.2906127,-0.71774889,1.5052487,-2.0666756,-1.4366764,-1.6459876,0.14061909,0.44138688,negative,4
19841013,after,0.2259992,3.2130442,-1.5995141,2.0060187,0.19928177,3.6993353,-0.85872647,1.3084063,negative,3
19841041,after,0.73492681,-1.593484,-1.0139681,-0.23377159,0.54383693,0.32693663,-0.59698365,1.7016679,negative,2
19841071,after,0.094960824,1.1107985,-1.1764987,0.85414666,0.62965759,0.90264865,-0.8813809,-0.71426178,negative,3
19841073,after,0.36453224,-0.6080897,-0.31149125,-1.0697733,-0.10608864,-0.72499318,-0.62334508,1.1931202,negative,4
19841077,after,0.54608964,1.8344155,-1.9509127,0.76094304,0.793251,-0.14385633,-0.058735203,1.3141438,negative,3
19850012,after,-1.1704673,-1.3458235,0.049420562,0.082861094,-0.58571321,-0.053511961,0.63213754,-0.26578929,negative,2
19850038,after,2.0691117,-1.4050339,-1.7198991,-0.4911841,2.4018268,-0.35604274,0.88377047,0.28073829,negative,3
19850045,after,-0.91716114,0.49943061,-1.2901588,-0.55853358,0.045629585,-0.1604094,-0.44184867,-0.35356954,negative,3
19850087,after,-0.1917056,-0.62568981,-1.2115406,-0.71858635,-0.35864391,-0.79090219,0.076367082,0.5712307,negative,3
19850130,after,-1.0484892,0.68815399,-1.6079583,-0.45474383,-0.22311656,1.1942822,-0.23007831,-0.42382072,negative,3
19850316,after,-0.26668455,0.36805067,1.9244105,-2.8680073,-1.3059842,1.789148,-1.1516444,0.9061276,negative,4
19850329,after,-0.75666475,-1.1936273,1.1767324,1.0736286,-0.43739836,0.21948849,-1.0637577,-0.32549185,negative,2
19850342,after,1.4979838,0.36038266,2.3936597,-1.0372064,0.67294131,-0.86871042,0.96593034,-0.5198412,negative,4
19850499,after,-1.1903642,0.31727534,-0.53976613,0.583668,-0.43972357,0.72773202,1.0076591,1.6678805,negative,1
19850560,after,0.10394514,-0.32144869,-0.45376745,-1.4193779,-0.26289706,-0.87330368,-1.0109275,0.19462503,negative,4
19850575,after,-1.41312,-0.33523379,0.20464832,0.1573365,-0.17630895,-0.59300292,-0.10812488,-1.0783693,negative,1
19850615,after,-0.40831438,-0.4807683,-0.54381369,-1.0266694,-0.15076974,-0.39829643,0.61947342,-0.49137241,negative,4
19850648,after,-1.2666729,-1.3980867,1.1137808,1.0693605,1.0866856,-0.75291288,0.74920302,-0.74820437,negative,2
19850703,after,-0.49992696,-1.3266507,0.33917816,0.11835439,-0.55812363,1.5487764,0.60330257,0.29019029,negative,2
19850710,after,-1.2079147,-0.52257998,-0.5031833,1.2439268,-0.73110657,0.94082545,-0.16654684,0.34008136,negative,1
19850738,after,-0.23484723,-1.7785418,0.53633744,1.9247527,-0.041182961,-0.80590718,1.1022094,2.7707284,negative,2
19850812,after,-1.1194375,0.17463518,-0.90394911,0.34751094,-0.50488076,0.37585553,0.48739816,0.98902882,negative,1
19850852,after,-0.19065693,-1.8058065,0.17584795,-0.45459481,-0.24845579,-1.1907258,-1.3943762,1.2011505,negative,2
19850905,after,-1.0883077,0.3419649,-0.82205225,-0.5149308,0.2251023,-0.49238825,-0.50368994,-0.0001264326,negative,1
19850923,after,-1.3721401,-0.7600419,0.057494704,0.1072471,0.46635254,0.59311044,1.2599158,0.84427993,negative,1
19851026,after,-1.3184257,-0.39525416,-0.053475289,-0.11453557,0.60359826,0.13894016,0.2764367,0.98917292,negative,1
19851086,after,-0.41086228,-0.37971748,-1.2462287,-0.55337612,0.49204137,-1.0275551,1.0078323,-0.16752185,negative,3
19860007,after,-0.064306612,-0.66360859,-1.6994466,-0.90699845,-0.10020929,0.32536058,-0.44243728,0.33838816,negative,3
19860056,after,-0.87847108,0.38343105,-1.1736563,-0.57799191,-0.07018936,-0.335977,-0.32731625,0.31063009,negative,3
19860073,after,-1.4391589,0.17636507,1.2887073,-0.41962177,-0.22677615,0.18759787,1.1978946,-0.44139182,negative,1
19860092,after,-0.9953736,-1.6789279,0.42846344,1.7707452,-1.0187933,-1.2374426,0.93425568,-1.3992911,negative,2
19860139,after,-1.1560656,0.62419201,-1.2457127,-0.64222601,0.011218889,-0.1847024,-0.25409558,0.45974336,negative,3
19860178,after,0.63859588,-1.2166198,-0.27110161,-1.0338546,0.99197955,0.56068581,-0.23118313,-0.11544002,negative,2
19860195,after,-0.37177258,-1.2622951,0.083607506,0.59713068,-0.50488545,-0.26016005,0.0090585698,-0.35664548,negative,2
19860295,after,1.2090851,0.90871602,0.86884859,-1.1702517,-0.78136441,0.60052212,-0.78535442,-0.91650061,negative,4
19860298,after,0.66651393,0.1732518,0.37177374,-1.1262174,0.68625877,-0.26193664,0.39124124,0.23814517,negative,4
19860306,after,0.48422161,-0.054619903,-1.8458021,0.74282798,-0.096439326,1.0832241,0.39527131,1.3469664,negative,3
19860384,after,-1.2385537,0.34997798,-0.12110585,0.70338245,0.12790483,-0.72280379,1.4652128,0.1769824,negative,1
19860409,after,3.0505037,0.4256158,2.6055716,-2.5252504,1.3679876,1.1456588,0.94639496,0.37556307,negative,4
19860410,after,0.29633667,-1.8062319,-0.4791733,-1.3107692,1.4146611,-0.2330668,-1.0399123,0.41264214,negative,2
19860482,after,-0.26080711,-2.0639892,-1.3195473,1.9778556,-0.041714988,3.0054466,-0.31676037,-1.567702,negative,2
19860513,after,3.4763688,-2.1051709,1.1425317,2.1564276,0.14990179,2.5627466,-1.9859049,0.87216035,negative,2
19860563,after,-0.22827629,-2.126293,0.75056519,1.2972785,-0.69312454,0.0040454589,1.0866714,0.21280316,negative,2
19860591,after,-1.1034708,0.57683116,0.57895033,-0.64321878,0.11152824,-0.091242425,0.48703309,0.82286058,negative,1
19860608,after,1.2904732,-2.7845546,-0.59369426,0.95353317,-1.9612535,-0.42668104,-2.3419011,1.9435072,negative,2
19860733,after,-0.33187165,-0.11755374,0.64627719,-1.6564077,-1.1859744,0.70009829,0.58469051,0.55696907,negative,4
19860771,after,-1.2724994,-0.76868579,1.4279907,0.95912226,0.3605887,0.14595415,0.5759405,-0.46602643,negative,1
19860853,after,2.377597,0.90939952,1.1276618,-1.0393012,0.93720957,2.4333241,0.25813603,0.94913487,negative,4
19860879,after,1.5760839,1.5462409,0.20551361,-1.4314879,0.023335656,-1.0906967,0.090809833,0.88867765,negative,4
19860913,after,0.46355557,0.34049882,-1.61373,0.76869339,0.21410788,1.1026467,0.42616027,0.38400093,negative,3
19860963,after,2.5918271,-1.5585272,-1.4815227,-0.96780267,-0.83299471,-0.35769867,2.0040616,-0.65407259,negative,2
19860973,after,-0.092361921,0.43121936,1.6740529,-1.3050147,-1.0248176,0.98975847,-0.59230369,-0.90421855,negative,4
19861027,after,-1.2707579,-0.53769678,-0.27075103,0.67520454,-0.82974015,0.46137373,-0.47073081,-0.86176104,negative,1
19861076,after,-0.73651184,0.038011536,1.2766512,-1.126315,-0.38333491,-0.63694657,-0.35189475,0.022061411,negative,4
19861086,after,-1.2305755,0.5410899,-0.12476401,0.858844,-0.082758364,0.30153575,-0.13142496,-0.58573536,negative,1
19861089,after,-1.3060537,-0.014099266,0.76922027,0.24681526,0.1186439,-0.080565644,1.0486749,0.16713959,negative,1
19861094,after,1.9095076,-0.16962288,0.39826053,-1.637464,-0.86057578,-0.10803305,0.89058487,-0.61642282,negative,4
19861098,after,-0.55741461,-0.090347668,-1.1766958,-0.10606067,-0.17495207,-0.055988001,-0.15267628,-0.51827479,negative,3
19870025,after,-0.38695992,-1.6423334,-0.72393098,-0.10714751,0.28341765,0.40674129,0.25398707,0.90952437,negative,2
19870031,after,-1.2102803,-0.064224845,-0.42279168,0.34243217,0.036414948,-0.079698727,-0.13668122,-0.50846657,negative,1
19870092,after,-0.59734092,-1.205291,0.019529116,1.0981006,-0.93130738,-0.52768186,0.48684104,-0.83183456,negative,2
19870150,after,-1.1365423,0.87079108,-0.66958627,-0.51083152,-0.077454044,0.041264692,-0.16808789,-0.055484582,negative,1
19870162,after,-0.54431659,-2.6599403,0.20526093,1.776262,-0.64075566,1.1180144,0.17323919,-1.8517919,negative,2
19870195,after,-1.1700567,0.34254849,0.16686108,-0.24833905,0.44628825,-0.44093555,0.45306534,0.14111787,negative,1
19870318,after,-1.2139545,0.21433219,-1.0940302,-0.87172483,-0.39562709,0.1983789,-0.43974019,-0.21917045,negative,1
19870323,after,-1.2170481,-0.29199259,2.5766701,-3.1073185,-0.95454313,2.3306506,-0.4960448,1.6853894,negative,4
19870495,after,1.3163289,0.17820643,2.1562071,-1.5334255,1.4357771,0.92996925,1.8785215,-1.1561102,negative,4
19870641,after,-1.7104475,-0.051746001,1.2931124,0.46478699,1.1438465,0.10866749,0.4754512,0.26322096,negative,1
19870656,after,1.2828924,0.11114616,-1.3279554,-0.37584465,1.2523189,1.0022362,1.1509399,-0.19184029,negative,3
19870701,after,-1.5559731,-0.85652029,0.82225197,0.20486231,0.90261355,-0.30362958,0.59169227,-0.75084723,negative,1
19870709,after,-0.90398268,-1.5900107,0.78959335,1.9599769,1.016587,1.0005856,0.49315149,1.7445997,negative,2
19870710,after,2.3421622,-1.8439794,-0.86066638,0.082121711,1.4345388,0.38038355,-0.42619095,0.59392828,negative,2
19870825,after,-1.3220861,-1.0414506,1.0772405,1.1716768,0.38417448,0.81614782,-0.49577794,-0.09425159,negative,1
19870884,after,0.14062292,0.25794328,-1.1491666,0.13236074,0.41523604,-0.50680523,-0.069863818,0.60717162,negative,3
19871054,after,0.29234247,-0.49724194,-1.8084967,-0.35431361,-0.4417683,-0.065468272,0.2242391,0.069128415,negative,3
19871082,after,-1.7254663,-2.609051,1.5838093,0.12320547,-0.43861963,-1.0355923,0.31273272,-0.1571057,negative,2
19871122,after,-0.076747627,-1.5584519,-0.92881169,-0.4365943,1.4594536,0.3984371,-0.37068533,1.67353,negative,2
19871173,after,-1.1235691,0.25507909,-1.7363476,-0.44661287,0.17254362,1.1051597,0.52969924,-0.82088397,negative,3
19880012,after,0.85611104,-1.2841134,-0.86477227,-0.0908597,-1.1226214,1.0660665,-0.90279187,-0.71694958,negative,2
19880021,after,-0.94468998,0.49699678,-1.3537912,-0.87014621,-0.055517292,0.22891615,-0.4190777,-0.094382676,negative,3
19880067,after,-1.2538464,-0.16830459,-0.66411673,0.23553469,0.35205747,-1.0165794,1.0615226,-0.10477481,negative,1
19880079,after,-0.5508117,0.54358877,-1.204814,-0.088277084,0.083511916,0.067380333,-0.56078222,-0.39026292,negative,3
19880163,after,-1.1790669,0.059086369,-0.53961367,-0.60812679,-0.10542285,-0.28151965,0.063967022,0.83426544,negative,1
19880167,after,-0.9733664,0.61318282,-1.189342,-0.52280701,-0.10304129,0.047218061,-0.3563217,0.20221459,negative,3
19880173,after,-0.029810099,-1.212122,0.22313889,0.10888298,-0.94990059,-0.31104136,-0.52118588,-0.26371564,negative,2
19880235,after,-0.73208837,0.62526792,-0.54703589,-2.0835807,0.23278198,-0.073954049,1.5355388,1.6618305,negative,4
19880302,after,-0.10760063,-0.64461953,-1.2714186,-1.0004864,0.069821037,-0.027309801,0.32109745,-0.54840541,negative,3
19880411,after,-1.1213365,-0.80166366,-0.38021732,-0.90480441,0.48031996,-0.45636828,-0.070978068,1.5786193,negative,1
19880434,after,0.24174645,-1.3548139,-1.0684057,-0.56515863,-0.27923114,0.31218408,0.044765471,1.1630113,negative,2
19880513,after,-1.3944887,0.20756528,1.6274459,0.015077885,0.38856508,-0.52600998,0.99236668,-0.59176948,negative,1
19880698,after,-0.32367852,-1.3521852,1.0900841,2.3733529,-0.43566295,1.367662,0.47126726,-1.1716904,negative,2
19880964,after,2.6051548,-0.75397319,-0.28544221,-1.3461136,1.8593087,-0.71788838,2.3983451,-0.68326346,negative,4
19880984,after,-0.17076537,-1.2090486,0.40796585,-0.48362812,-0.2244913,0.76760505,-0.85232478,0.23994046,negative,2
19881012,after,-1.6606635,-0.24984305,-0.17367067,-0.2969567,-0.39887857,0.36637401,3.3141018,1.0638081,negative,1
19881033,after,-1.1064439,0.88658916,4.8240152,-3.4581767,-0.71877548,1.5777122,-2.0260917,-0.1482626,negative,4
19881039,after,1.6110699,-1.4720119,-0.6192468,-0.72202729,1.2823978,-0.91015164,1.199092,-1.3606179,negative,2
19881046,after,-0.39927326,-1.3856775,0.28797873,0.63842307,0.40351718,-1.3137581,-0.32799836,0.19557703,negative,2
19881062,after,0.24339399,-3.4153173,-1.5221945,1.2564545,-0.11763026,-0.4014343,0.38009396,3.9146071,negative,2
19881132,after,-0.19817303,-1.3106438,-0.32607189,0.70180122,-1.1832491,-0.48402066,-0.25149468,-0.78985225,negative,2
19890023,after,-0.036180742,0.11686902,-1.6907527,0.020068196,1.112153,-1.5138325,1.3231517,-0.017508453,negative,3
19890032,after,-0.81664874,1.0395724,-1.1697286,0.095526909,-0.32457858,0.67435356,-0.51008153,0.04336057,negative,3
19890066,after,-0.34231032,0.39393708,-1.7236036,-0.54681999,0.71594865,-0.18781215,0.097617593,-0.29794016,negative,3
19890100,after,-0.85032362,0.18807167,-1.3062742,-0.49519146,0.042245808,-0.36548933,-0.15390386,-0.30857804,negative,3
19890139,after,-0.34268643,0.94417479,-1.6696472,0.54887324,0.44895053,0.14206617,0.69852061,-0.11317521,negative,3
19890178,after,-0.85904622,0.51324323,-1.4300651,0.10568928,-0.50943109,0.2801445,-0.33794951,0.85072213,negative,3
19890180,after,-0.57663493,0.2705975,-1.3064348,-0.44821467,0.52580514,-0.3924053,-0.079398982,-0.63945759,negative,3
19890206,after,0.17568527,-1.3375854,0.59916656,0.32209951,-0.020475154,0.037640449,-0.47339735,0.22189244,negative,2
19890269,after,-0.11419001,-0.88154749,0.65795388,-2.2669922,-0.22792002,1.3090324,0.16379011,-0.11834355,negative,4
19890330,after,-1.1658902,-0.23347096,0.011275693,-0.14725443,-0.15884276,0.32456955,1.1457966,-0.48532421,negative,1
19890340,after,-0.082674936,-0.20285014,-1.4846109,-0.59603586,-0.079020748,-0.18313227,-0.05734282,-0.53074064,negative,3
19890398,after,-1.1319507,0.47109944,2.0715438,-1.3310118,0.38817376,0.43531751,0.91332114,1.0051065,negative,4
19890441,after,-1.671143,0.35206777,-0.031199179,0.3155424,-0.46593985,0.47011563,-0.19625317,0.44698686,negative,1
19890559,after,-1.2166833,-0.13412414,-0.71306454,-0.50185609,-0.076434866,-0.17515275,0.14557604,1.1986161,negative,1
19890594,after,0.2365856,-0.37369905,0.47505843,-1.5545654,0.53383016,1.5826982,0.6602597,-0.56297834,negative,4
19890904,after,0.80938772,1.1090608,-2.0758866,-0.077487626,-0.38506107,3.0427883,-1.432137,-0.86788412,negative,3
19890963,after,-1.094987,-0.10532929,0.36957556,0.14249564,1.0976799,-0.16458596,1.4620356,-0.82381944,negative,1
19891001,after,-0.073315982,-0.28328041,-1.4031301,-0.33919855,0.41270833,-0.40732902,-1.0891932,-0.07950056,negative,3
19891063,after,-0.01674244,0.34297195,-1.172519,-1.1060454,-0.039445683,0.79940433,0.86664662,1.0569599,negative,3
19891075,after,-1.1888348,-0.098603934,0.099356835,8.434971e-05,-0.14756771,-0.98398256,0.086016876,-0.2277754,negative,1
19891107,after,-1.220201,0.47285116,-0.96929375,-0.59426794,-0.4541404,0.069665508,-0.44160556,0.41468789,negative,1
19891122,after,-0.63062431,-0.027668897,0.13944139,-1.0630869,-0.29889405,-0.71232503,-0.6865625,-0.19800522,negative,4
19891130,after,0.75302083,-1.0865244,-1.7567889,-0.97731513,1.2792898,-0.48605728,-0.25493441,-0.67825252,negative,3
19900032,after,-0.58884716,0.98462059,-1.6831275,0.11141379,0.75836133,0.8592402,0.39936525,-0.3142436,negative,3
19900067,after,-0.73127041,-0.17814852,-1.3004844,-0.47561174,0.24718368,-0.39574871,-0.1939052,0.097763697,negative,3
19900112,after,-0.79122325,0.36999231,-1.2873232,-0.6070918,0.68592681,-0.25679562,0.38541287,-0.99617948,negative,3
19900228,after,-1.5427542,-2.5926576,1.140417,1.4428099,-1.776346,0.74319267,-0.25426678,-0.51359834,negative,2
19900231,after,-0.20995974,-0.049276725,0.40812801,-1.5051357,0.83318021,0.22692647,0.62004727,-0.97645588,negative,4
19900247,after,-0.77231108,-0.053944015,0.83414151,-1.5145095,-0.5968041,0.10375478,1.0555884,0.70594806,negative,4
19900390,after,0.73414178,-1.5032042,-0.24113781,-0.11116366,0.42092343,1.237094,-0.1087528,-1.4302682,negative,2
19900423,after,1.5025434,0.54489235,-0.52658889,-1.1997883,-0.56126644,-0.30132686,-0.50943096,0.38658474,negative,4
19900437,after,0.055240555,-1.1286841,-0.66853674,-1.239761,-0.36091312,-0.061678222,1.2749345,0.047949313,negative,4
19900541,after,-1.1750161,0.51395043,-0.76519371,-0.33959326,-0.51039729,-0.2391955,-0.33746223,0.342226,negative,1
19900557,after,-2.212986,-0.90395336,1.7456992,0.84173639,0.16348242,0.13710218,2.1297756,-2.0895371,negative,1
19900579,after,-1.3278647,-2.363738,0.1617369,1.385325,-1.4823893,-0.31935804,1.0533834,0.35776571,negative,2
19900742,after,2.0359482,-1.7777913,-0.29782162,-1.7261621,0.47044945,1.4344225,2.8204403,-0.65062155,negative,2
19901130,after,0.0085031158,-1.7849715,0.047004399,1.535443,-0.12165292,0.10653919,-0.8143744,2.3764238,negative,2
19901136,after,-1.2726276,0.3528923,0.18783858,-0.32914536,-0.30173747,0.18618943,-0.24186513,-0.53851109,negative,1
19901142,after,-1.0804389,-0.69493675,0.13549587,-0.46157824,-0.4329198,-0.62370219,1.1930463,0.76500497,negative,1
19901154,after,-0.78995228,0.43719683,-1.5729094,-0.50967118,-0.51611188,0.49589708,0.054983591,-0.19448526,negative,3
19910034,after,-0.64401692,-1.7068246,-0.52388278,0.58152628,-1.0095326,0.85413519,-1.1855227,1.0430519,negative,2
19910041,after,1.1424207,-1.140006,0.28896547,-1.6291591,-0.95094201,-0.75437807,0.53682018,-0.049071341,negative,4
19910057,after,1.0847079,-2.3638862,-1.4744032,0.24183408,2.1580207,0.40245978,1.351329,-2.2765225,negative,2
19910094,after,-0.78779737,1.0488565,-1.3435754,-0.28318264,0.46069858,-0.36219302,0.1324326,0.13812602,negative,3
19910096,after,-0.82857866,1.1383317,-1.5437725,-0.40201734,0.6274462,0.31149488,-0.16786974,-0.17231476,negative,3
19910214,after,-1.2660132,0.17229184,-0.61421463,-0.46308931,0.057402066,-0.91993293,0.12084289,0.5972902,negative,1
19910317,after,2.4620995,-0.41144579,-0.33873198,-2.91343,-1.7645004,1.0431077,-0.98006845,1.3788333,negative,4
19910416,after,-1.3318252,-2.1873318,0.80963742,-0.57688656,1.3766651,1.8506486,1.3971035,0.29094593,negative,2
19910624,after,0.56751019,-0.98382148,1.5416921,-2.3210006,1.8679695,2.2950794,-0.98420641,-0.98344491,negative,4
19910747,after,-0.039879105,-2.1384236,2.3693657,2.440899,-1.0122031,-0.42283906,-1.2780669,-0.37696858,negative,2
19910806,after,-2.0689748,-2.0729516,0.47820668,1.9989387,-0.81126638,1.1542723,1.1664432,-1.7339289,negative,2
19910825,after,1.6444179,-1.5472308,-2.0378032,0.91343598,1.2495766,-0.17774866,-1.3423558,0.8182598,negative,3
19910826,after,-1.587878,-0.24598382,1.3365537,-0.53981722,-1.1855847,0.89794505,0.58217807,-0.81890015,negative,1
19910975,after,-1.5196834,-0.58120562,-0.13817679,-0.069249232,0.0699235,0.70082884,1.1645154,-0.63476895,negative,1
19911037,after,0.87059872,2.0342935,2.7102876,-1.9947235,0.19005578,1.5956247,0.4752108,0.18823631,negative,4
19911059,after,-0.71663866,0.45125839,-2.1506685,-0.27321933,0.24321398,1.7938903,-0.17255125,-0.80911203,negative,3
19911060,after,-0.64500099,0.43328595,0.41783505,-1.7406133,-1.2346704,0.59575335,-1.5331112,-0.034718892,negative,4
19911082,after,-1.0566148,1.1365632,-1.2131781,-0.24117829,0.2769955,-0.24629831,-0.20468737,0.33429182,negative,3
19911146,after,-0.88924474,1.6510227,0.65991452,-1.6626613,0.48028657,-0.14774615,-0.034374485,1.0895109,negative,4
19920029,after,-1.131721,-0.27491455,-0.11429121,-0.68302663,-0.026133362,-0.099050034,-0.11683578,0.39539295,negative,1
19920068,after,-0.71352752,0.24755913,-1.6965918,-0.75060339,0.098043312,0.35726278,0.09604291,-0.66162181,negative,3
19920090,after,-1.3466563,0.77775056,0.7258511,0.91684398,0.8474579,-0.24293111,1.7416934,-0.22613823,negative,1
19920112,after,-1.1175259,-0.47522848,0.020699346,1.1923897,-0.13091884,0.14713505,0.5365136,-0.070474829,negative,1
19920157,after,0.99587895,0.0021966718,-0.048878209,-1.1804402,-0.52517641,-0.76375928,-1.0460316,0.32935391,negative,4
19920172,after,-1.9008908,-0.16067564,-0.70815966,-0.375487,-1.247737,-0.12718652,2.80731,-0.14153149,negative,1
19920197,after,-0.015677178,0.80167381,0.22767771,-1.9808187,-1.2973623,-0.38052988,-1.8830505,-0.7406583,negative,4
19920207,after,-0.049314511,1.0028405,-1.1898919,2.0663703,0.074424293,0.13073458,0.36912159,1.3930972,negative,3
19920268,after,-0.70785825,0.88958806,-1.275038,-0.19264185,0.087194827,0.010136252,-0.33174204,-0.20826326,negative,3
19920380,after,-0.78333373,0.35543062,-1.4047602,-0.58182921,0.37246517,-0.13452504,0.082405283,0.45246237,negative,3
19920451,after,-1.1065931,-0.27673724,1.2073968,-0.10747134,1.1734785,1.4068612,0.27754917,-1.0015817,negative,1
19920472,after,2.8396514,-1.4898977,0.77950666,-0.42882332,1.2158255,-1.1060413,0.17993337,0.22707308,negative,2
19920501,after,1.6901966,-1.4505152,-0.59550761,0.66539038,-0.66007281,-0.14777997,2.1929799,1.319338,negative,2
19920507,after,1.3427555,-2.7550525,-0.31357347,1.5200363,0.3399303,2.716027,3.2717743,0.36635749,negative,2
19920628,after,-0.36054992,-2.1623715,0.37074421,-1.440884,0.86004146,0.97444562,-1.565401,2.2908596,negative,2
19920670,after,-1.1762584,0.45745327,-0.74469723,-0.15698568,0.24914276,-0.1226567,1.0920772,1.6028124,negative,1
19920679,after,-0.084399865,-2.3158054,-1.8246022,-0.88970954,1.4608459,0.53454965,1.9731262,3.7542781,negative,2
19920685,after,0.18534549,-0.35335911,1.6967965,-1.07296,1.1359647,1.6222306,0.66115552,0.42785449,negative,4
19920700,after,-1.5616488,1.227089,0.032998668,-0.12603777,-1.2250093,1.0005199,1.4983494,-0.36277109,negative,1
19920829,after,-1.0922955,-0.3110506,0.4357278,0.45824757,0.12415773,0.78041035,0.020746979,0.2340893,negative,1
19920877,after,-1.1786371,-0.14628746,0.069769027,0.60335,-0.85444866,-0.012860406,-0.23761285,-0.13595721,negative,1
19920931,after,-1.5957987,-3.5754354,0.078985228,1.3145475,-0.2801634,0.85774733,1.0831324,0.36011116,negative,2
19920953,after,0.96349142,-2.6298102,-1.3462095,-1.8846815,0.16711504,-0.33618247,-1.1830377,1.8877365,negative,2
19920960,after,-1.1450451,-0.93266006,0.0021515646,1.5352001,-0.86523199,-0.49951871,-0.068949834,-0.92305884,negative,1
19920967,after,-1.3444757,-1.0713277,0.42405671,0.13005256,-0.40104383,0.035224208,0.028948412,1.1999585,negative,1
19921015,after,-0.16269231,0.42812615,-1.1974354,-0.39074278,0.81521405,0.053254922,-0.41532987,-0.29073128,negative,3
19921093,after,0.11050251,-0.20056617,-0.43476061,-1.1873334,-0.36102464,-0.31451408,-0.090938104,-0.27718513,negative,4
19921140,after,-0.56955316,-0.58925873,-1.5136457,0.65446748,0.39791758,-0.41817306,4.135073,3.642422,negative,3
19921142,after,0.10780467,0.89039941,-1.3541344,-0.1981595,1.0978996,0.30861324,0.052470836,-0.62824232,negative,3
19921146,after,-1.5011922,-0.40487123,0.34395169,-0.55094491,0.9209706,-0.4408223,0.05366113,0.71712702,negative,1
19930012,after,-1.2444423,0.86948352,-0.035600919,0.23405393,-0.3430573,0.62961918,0.1460289,-0.13808262,negative,1
19930018,after,-1.2608179,-0.92085787,0.1751504,0.39798598,-0.78427642,-0.9305837,-0.70847552,-0.28348424,negative,1
19930039,after,-1.3114808,0.43467147,-0.01290132,1.0651581,-0.69566665,0.21447356,0.69497748,-0.42195187,negative,1
19930045,after,2.2927179,1.481307,2.9329905,-1.4273773,0.39258986,-1.2506365,0.87789075,0.41920887,negative,4
19930052,after,-1.7861417,-0.21991088,0.63709625,-1.3537191,-0.78611912,0.57566582,-0.15441106,1.4748787,negative,1
19930079,after,0.76320982,0.41675193,-0.25925599,-1.5210266,-0.59859781,-1.0501015,0.46581026,-0.26526403,negative,4
19930080,after,-1.5462602,-0.29873904,0.29103415,1.4376421,-0.96702583,0.84472284,0.78830212,0.02903376,negative,1
19930146,after,-0.7297901,0.395873,-1.3513655,-0.3426103,0.046045562,-0.16447631,-0.13148159,-0.61113899,negative,3
19930211,after,-1.1625909,0.5880684,-0.79026277,-0.61994582,-0.42498927,-0.2752888,-0.74537738,0.10416997,negative,1
19930261,after,-1.2798292,-0.062359282,-0.42973546,0.54948312,0.59392541,0.89346052,2.339716,2.1054556,negative,1
19930273,after,0.17305272,0.36670037,-0.61290652,-1.0637019,0.043069216,-0.92314395,-0.91365269,-0.97439862,negative,4
19930293,after,-1.289195,0.51533453,-1.0719235,-0.72583641,-0.18283348,-0.44938412,-0.43389834,0.25938018,negative,1
19930314,after,0.32046469,-1.5247322,-1.01771,-1.184847,0.35561357,-0.91595248,-0.40926756,2.9676064,negative,2
19930364,after,-1.1235875,0.78812296,0.13461374,-0.26181969,0.25651415,-0.94374868,0.53962854,-0.21430244,negative,1
19930411,after,-0.26736339,0.13666225,0.53885454,-1.3966493,-0.02524245,0.15525645,-0.8863821,-0.78596729,negative,4
19930602,after,0.20333204,-2.226443,-0.15853286,3.7537568,-0.68220696,-1.7808757,1.9725801,0.25553934,negative,2
19930666,after,2.7262007,-2.2974102,0.26550744,1.8953809,-0.45659364,-1.2968757,-1.8194515,2.7211889,negative,2
19930733,after,-1.5885445,-1.0797204,-0.21883088,1.1797932,-1.200888,0.41422306,0.46083385,-1.1352063,negative,1
19930756,after,-1.9012195,-1.6368146,0.66636011,1.8428173,-1.2681369,-1.1418195,0.43526823,-1.2723808,negative,1
19930902,after,-1.1948815,0.28529377,0.22512766,0.39479355,-0.42726868,-0.74352903,0.31432026,0.0050350559,negative,1
19930925,after,0.5322755,1.1745158,-1.3619695,1.4484143,0.17852503,1.0661753,0.61067041,0.40255622,negative,3
19930943,after,-1.0870039,0.37847673,-0.68215882,-0.26204379,-0.59817527,0.25332679,-0.92495829,0.23257085,negative,1
19930998,after,-1.224059,0.40955891,-0.40502929,0.12013916,0.19601244,0.10736635,0.59325928,0.26711823,negative,1
19931081,after,-0.46159362,-1.2653413,-0.85854996,-0.20056096,0.98714347,-0.55184247,0.43009589,-0.25357033,negative,2
19931096,after,0.2422066,-1.5876392,-0.67260223,0.93119248,1.2772965,-1.0527689,0.3523386,1.4495597,negative,2
19931114,after,-1.4268538,-0.66930812,-0.1934276,-0.043168792,0.27830337,0.53394759,1.0233488,-0.036801226,negative,1
19940008,after,0.076563633,1.4522283,-1.6158273,0.63247058,0.39354134,-0.0001977969,0.3468638,0.018753241,negative,3
19940010,after,-1.1332746,1.043945,-0.79824158,0.21260795,-0.039403067,-0.25604634,0.79597799,0.14405795,negative,1
19940020,after,0.81152036,-0.85459692,-1.6888353,-1.256357,-0.23719715,1.0532108,1.8078088,-1.2046244,negative,3
19940029,after,-1.2935609,-0.46370173,0.65256036,-0.0080843517,-0.25581248,-0.6446688,0.27679729,0.4626169,negative,1
19940048,after,-0.6268599,-0.49720763,0.49729817,-1.0308314,0.086942552,0.86847531,0.0047651498,-0.28651352,negative,4
19940051,after,2.1056579,-3.1175795,-0.85886335,-1.5025661,0.98646786,2.2766916,-1.9960921,4.2285213,negative,2
19940058,after,-1.4274626,0.46768432,-0.81077081,-0.23436445,-0.57146501,-0.0349547,-0.082695957,-0.57754626,negative,1
19940081,after,-0.83501083,-0.15104831,2.0901893,-1.6837726,0.65171545,2.4491937,1.688754,-0.05606134,negative,4
19940182,after,-1.440445,-0.60374126,-0.4008161,0.26643843,-0.50370111,-0.62542502,-0.3597417,-0.30916189,negative,1
19940272,after,-1.1457895,0.36193997,-0.17444883,-0.6605804,0.020208184,-0.75805609,-0.29352081,-0.66461187,negative,1
19940276,after,2.6850703,-0.62140028,-1.4446859,0.15571097,1.39397,-0.85248127,0.65931323,0.23094275,negative,3
19940325,after,0.30077821,-2.5254208,1.8703604,0.35103606,-1.0418437,0.74657781,-1.3908421,1.0338144,negative,2
19940368,after,0.11686344,1.174616,-1.246802,2.142367,0.18020477,1.6519831,-0.78794929,-0.25101422,negative,3
19940392,after,1.1273434,0.040012468,-1.0632558,-1.4862256,-0.4568658,-0.2450359,-1.0704975,-0.99298276,negative,4
19940466,after,-1.340293,0.57726015,-0.067743736,0.83281133,-0.27026263,-0.17492347,1.5779372,0.4485297,negative,1
19940472,after,-1.4520805,-1.8266068,1.1988225,1.9862225,-0.47624146,-1.0113459,0.8701852,-0.84001151,negative,2
19940479,after,1.3260717,0.045757575,1.7337658,-1.8348514,-1.0885749,0.45281508,-0.046606098,1.1783707,negative,4
19940548,after,-0.77697096,-4.1379478,2.2258614,2.1188175,-1.3695323,0.48415215,0.10930888,1.654614,negative,2
19940674,after,0.69036481,-1.5836661,-0.76160914,-0.95858237,-0.98323368,-0.59509294,1.7003105,-0.56703515,negative,2
19940764,after,-0.74432772,-1.6047909,-0.84249457,-1.0954779,-0.17106489,1.1373343,0.69939649,1.8962383,negative,2
19940933,after,0.1081541,-1.2477884,-0.16730106,-0.83190426,2.341403,-0.76077918,0.79391108,1.4073293,negative,2
19941019,after,-0.49043801,-0.39540575,-1.3854112,-0.90922254,-0.40080324,1.2102363,0.024727553,0.8342198,negative,3
19941038,after,-1.1159107,-0.26452861,-0.10567596,-0.021669969,0.22339728,-0.97571761,0.27379855,-0.71666831,negative,1
19941045,after,0.36074797,0.66726598,-1.4486241,0.41466839,1.0467295,-0.76488782,0.54416195,-0.1022209,negative,3
19941069,after,0.319271,0.85280662,1.5605582,-1.4477421,-1.2061235,-0.065409151,-0.31599687,-0.25873049,negative,4
19941113,after,-1.3020716,0.67119826,-0.37643713,-1.113991,0.028150457,1.2416443,-0.020574622,-0.78768754,negative,1
19941127,after,-1.0836126,-0.47625031,-0.43347175,-0.57276184,0.29031997,-0.3209266,0.26079991,-0.038607351,negative,1
19941156,after,-1.4658034,0.14562513,-0.52407079,-0.075888606,-0.52086673,0.30322495,-0.030809692,0.58704957,negative,1
19941164,after,0.34047078,-0.2463816,-1.2661765,-0.36144796,1.6942507,-0.0061303903,1.2829227,-0.19131037,negative,3
19941166,after,-1.0848984,1.427796,-0.71883487,1.4994791,-0.41860201,0.51010637,1.6623321,0.45914196,negative,1
19950064,after,-0.66697192,0.3855177,-1.198119,-0.40261537,0.19039721,-0.44144182,-0.20084343,-0.25543795,negative,3
19950100,after,-0.23521568,1.2738311,-1.5114994,-0.42448158,1.4976052,-0.41285444,0.39959407,-0.68645738,negative,3
19950142,after,-1.2233455,-0.1050126,0.48385993,0.17809259,0.77680948,-0.43970141,1.7155704,-1.1502071,negative,1
19950251,after,-0.87396255,0.22107316,-1.258502,-0.51898685,-0.090953712,0.33769553,-1.0354232,-0.87431241,negative,3
19950255,after,0.36119642,-1.4000748,-0.40240172,-0.19570894,0.56929756,0.09811227,0.30721133,-0.54796589,negative,2
19950289,after,-1.5665132,-0.20415802,-0.33069008,0.38720427,-1.3366032,0.08654519,1.8007663,1.9126051,negative,1
19950399,after,-1.4018247,-1.0114378,0.48823823,0.22152355,-0.30967393,-0.85500127,-0.2562701,-0.64115364,negative,1
19950418,after,-1.1722453,0.76000277,0.05875378,1.4170195,-0.3830296,-0.22289296,0.22542344,-0.021879478,negative,1
19950549,after,0.84352888,0.058255132,3.3445992,-2.2124895,0.17604265,0.5454657,2.5482389,-0.35815236,negative,4
19950584,after,2.8984064,0.46415855,1.5409901,-1.0776718,0.4751702,2.0788555,2.7939273,1.1821788,negative,4
19950708,after,-1.2598258,-0.30513073,0.27408201,1.0279014,-0.8095447,-0.40991492,0.36429344,-0.39793685,negative,1
19950766,after,-1.5050078,-0.15945834,-0.035971575,-0.28953896,-0.43258006,-0.85979619,0.67109676,0.50612162,negative,1
19950794,after,-0.88075918,-1.72746,0.77879184,-0.79344857,0.81800241,0.076531443,0.71563802,0.98063115,negative,2
19950812,after,-1.523093,-2.4283608,1.362755,2.2544483,-1.8197345,1.0010101,0.2620999,-1.3849878,negative,2
19951060,after,-0.023162937,0.71090016,-2.9694297,0.80798735,-0.21615198,3.0557153,-0.5540432,-1.265856,negative,3
19951082,after,-0.68766447,-1.5814715,-0.13282722,-0.40618123,-0.012609092,0.09967821,1.0956813,1.2115898,negative,2
19951096,after,1.0071803,-2.565711,-1.6122334,-0.74504341,1.4600725,0.32496531,0.91849986,1.2779066,negative,2
19951115,after,-0.50145671,-1.1792191,-0.18688574,-0.12756692,0.011636357,-0.7598667,0.11453199,0.40136361,negative,2
19951122,after,2.4433707,-0.55765766,-1.5107943,-0.35277144,-0.91100256,1.842602,1.1934472,1.6094077,negative,3
19951163,after,-1.0881588,0.47597568,-0.37126061,-0.84409541,-0.25349341,0.13249152,0.42821242,-0.76295612,negative,1
19951168,after,0.1874372,1.8342234,-2.136547,0.22874117,-1.0286033,1.1168127,0.78139732,-0.37431624,negative,3
19960002,after,-1.3615228,0.15712945,-0.1258664,-0.62238721,-0.18604832,-0.26539583,-0.026644874,-0.46759651,negative,1
19960008,after,-1.7292305,-0.89444557,0.24566871,-0.25685365,1.0897347,2.2569348,0.86656754,3.2553599,negative,1
19960009,after,-0.99549686,0.46508783,-1.3600937,-0.50806543,0.34258548,-0.62074845,0.27439249,0.21770831,negative,3
19960027,after,1.9305365,-1.2267085,-0.68751525,-0.099772195,0.28115777,-1.0612564,0.14812009,-0.4541359,negative,2
19960155,after,1.0274055,-2.5520099,-0.50324676,4.2670252,-0.037170202,-0.89768317,-0.17263947,0.075705365,negative,2
19960165,after,1.795643,-0.74868159,-1.5556139,-1.1574263,0.11736931,-0.43865319,0.52417359,-1.1746753,negative,3
19960175,after,-0.77259583,0.6653781,-1.1726645,-0.18433097,0.054632767,-0.046704176,-0.63713375,-0.5484252,negative,3
19960209,after,0.83598849,-0.55815632,0.19610206,-1.7658986,-1.0809578,0.65585781,-1.0388238,0.43033202,negative,4
19960232,after,-1.0672664,0.87046791,-1.2819934,-0.049973897,-0.068925884,0.23545945,-0.59303417,-0.15057241,negative,3
19960264,after,0.68692637,0.44513191,-1.2742029,-0.11717014,0.30921307,0.2468992,-0.056814717,0.15061045,negative,3
19960284,after,-1.2279109,-0.47126335,-0.57124275,-0.41152958,-0.80992944,-0.48948572,-0.070714588,1.0330427,negative,1
19960286,after,0.040897638,1.2743332,-0.30617002,-1.247008,0.31878621,1.3050073,-0.31202697,0.22375359,negative,4
19960363,after,-1.560288,0.30573001,0.41176631,-0.69361557,-0.35460926,1.8833609,-0.80216169,-0.92630272,negative,1
19960379,after,-1.3196978,-4.5152236,0.13674304,0.37035852,2.0808089,1.5187748,0.15646701,3.6089679,negative,2
19960450,after,-1.7019821,-0.17267357,-0.076710836,-0.4316905,0.41778329,-0.37237894,0.16052418,1.7346827,negative,1
19960472,after,3.6889218,-0.11627659,-3.23409,-0.40592411,-1.9074857,0.4966166,0.42753625,-2.8071711,negative,3
19960715,after,0.56400532,-2.7412291,-1.8512882,-0.52065762,1.880127,1.4322413,0.92291999,-0.24989861,negative,2
19960734,after,-0.53041839,-2.7773104,4.4630432,-0.82798859,3.3742581,1.7610966,2.1624121,1.8438428,negative,2
19960865,after,-0.89923285,-1.6174529,1.7369902,-0.66660064,-0.68131543,-0.41324676,0.59244939,-0.45479345,negative,2
19960896,after,-1.3326407,-0.29830877,-0.83033892,-0.34508501,0.0253001,0.051645466,0.013404595,0.46058169,negative,1
19960978,after,0.78922362,-1.3618149,-2.1984713,0.34693087,2.3766228,0.16952334,3.38198,-0.061277803,negative,3
19960988,after,-1.2241696,-0.406598,0.7857341,0.49991476,0.20328097,-0.3810221,0.32646727,-0.22368796,negative,1
19960998,after,1.2338234,-0.93081272,-1.4208087,-0.83664992,1.8100507,2.6877416,0.72890721,-0.14050711,negative,3
19961013,after,0.43233705,-2.7221786,-0.052192674,2.0813082,-0.18418139,-0.22043411,-2.2319524,0.82102591,negative,2
19961095,after,-1.2482194,-0.20448323,0.8366052,0.12692928,-0.31490656,0.8160208,0.31730799,-0.70191615,negative,1
19961099,after,-0.069118201,0.2780513,-1.2088679,-0.12154115,0.26923826,0.07363347,-0.073437366,-0.40817171,negative,3
19961104,after,0.093088108,-0.4589937,-1.5636458,-0.44221146,-0.095704934,0.51874017,1.279876,-0.92043893,negative,3
19961114,after,-1.0739077,0.30556268,-1.3254461,-0.82830728,-0.45287752,0.69269211,-0.30940214,0.43560256,negative,3
19961137,after,-0.75731894,-0.068876712,-1.2396326,-0.60627728,0.3885138,-0.080837761,-0.21822314,-0.63483155,negative,3
19970004,after,-2.1578797,-0.52242422,0.72162072,-0.6465524,-1.6416778,0.77764866,2.7762707,-0.48620766,negative,1
19970030,after,-1.8331242,0.013463071,1.336176,-0.9088013,-0.51590456,0.088615031,-0.057006246,-0.42732122,negative,1
19970033,after,-1.3522189,-0.34215074,-0.4747399,-0.28478336,-0.47918607,0.23473995,-0.35739885,-0.61093144,negative,1
19970078,after,0.57907413,0.33960065,0.049376503,-1.3861345,-0.4272746,-0.6497079,1.002256,-0.20813018,negative,4
19970127,after,2.3734955,-0.1613515,-1.919852,-0.82896379,-1.1899713,0.22595761,1.3731322,0.50275438,negative,3
19970140,after,-1.3258089,-1.8562771,1.8353325,-0.52419799,1.9793303,1.1289739,-0.30125687,3.6074951,negative,2
19970153,after,-0.52942302,0.16431343,-1.2521191,-0.66745602,-0.1397008,-0.49866055,0.11670396,-0.41189954,negative,3
19970167,after,-0.81073413,-0.071424154,-1.159613,-0.69609981,0.71595546,-0.54835525,0.094894699,-0.29513118,negative,3
19970233,after,1.6099366,-0.63123382,-1.2738141,-1.0267933,0.54665369,0.50845901,0.44117723,0.72476313,negative,3
19970391,after,-1.3966101,-0.61631651,0.26692933,-0.21083952,-0.059810748,-0.42380456,0.013741407,-0.28918744,negative,1
19970421,after,1.9051229,0.0014549171,0.18910284,-2.1556489,-0.25858434,2.0505377,-0.42435885,-1.2882327,negative,4
19970429,after,0.1629453,1.5722156,1.6443345,-1.061102,0.71622879,0.79807653,0.99560114,0.12030962,negative,4
19970735,after,-0.99666879,-0.49185407,3.2318671,-2.4120454,-0.27644381,0.80428895,-0.35516445,0.066025209,negative,4
19970844,after,-1.3128412,1.0656071,1.0034622,1.3475962,0.19013363,-1.2299018,1.1051121,0.63492909,negative,1
19970867,after,1.5003475,-1.5857833,2.5787944,-2.0850771,1.4868253,-1.9751187,-0.061239687,-1.3955487,negative,4
19970874,after,-0.97248225,1.9611925,-1.9450108,0.020559739,0.38118303,3.1002619,0.052885423,-0.025793312,negative,3
19970884,after,-1.2305573,-1.2901033,-0.63500144,0.14625445,-0.48304019,-0.40491415,0.94148512,0.79720526,negative,2
19970913,after,-1.1520082,0.48380268,-0.7066045,0.18555407,-0.41425266,0.29454638,-0.16686211,0.51145717,negative,1
19971047,after,-1.280088,-0.43290904,-0.34543601,-0.35490641,0.47330826,-0.85616596,-0.68833024,0.67445354,negative,1
19971054,after,-1.0340256,1.1578392,-1.4083369,-0.23401704,0.12920284,0.55085722,0.0030618445,-0.0029241939,negative,3
19971065,after,-1.3029107,-0.95556475,0.070512857,1.1082575,0.21436947,-0.46978667,1.4550659,0.59596181,negative,1
19971067,after,0.58825805,-0.15472789,-0.35138281,-1.7578049,-0.40799277,-0.073544159,0.83878693,-1.6307472,negative,4
19971096,after,2.1748459,-3.8026577,-1.3741666,4.8456075,0.046173957,0.037033725,-0.2965023,-0.69760035,negative,2
19980008,after,-1.1851921,-0.40036919,-0.26283911,0.43648767,0.03339731,0.07760996,-0.025952386,0.76488536,negative,1
19980017,after,0.056140427,-0.47065419,-0.52009566,-1.3108085,-0.70564648,2.0068609,0.28323506,-1.0307936,negative,4
19980022,after,-1.4501093,0.63435358,0.70862424,-1.3239541,-0.10524402,-0.2895945,4.0752959,1.4193584,negative,1
19980031,after,0.012590605,0.53648743,-1.2171978,0.054362626,1.028149,-0.69977059,-0.090289372,-0.71990942,negative,3
19980055,after,0.54366687,-4.3695202,-0.38091318,-0.079082513,-1.0460787,1.3738576,-0.66904386,4.6008541,negative,2
19980061,after,-1.2997975,-0.3873762,-0.1326494,-0.036639521,-0.14712929,-0.37430527,-0.076297097,0.029553383,negative,1
19980063,after,0.34838281,-0.27937647,0.43770124,-2.4693586,-1.4544704,0.85284787,-1.314541,-0.34113817,negative,4
19980076,after,-1.3146858,0.34595061,-0.90149691,-0.41779444,-0.17655402,-0.31208282,0.034721412,-0.088283455,negative,1
19980096,after,-0.24644624,2.4489541,0.30774717,-1.1496301,-0.33152857,0.044249615,1.4950875,0.51799996,negative,4
19980144,after,-1.2213104,0.46176354,-0.80973343,-0.86280962,0.052930598,-0.67864796,-0.3009285,0.65116058,negative,1
19980168,after,-0.13029196,0.37164413,-0.28415698,-1.2761805,-0.099082921,-0.6975061,-0.019475209,0.40636194,negative,4
19980199,after,0.51152605,0.24717614,1.2611483,-1.1119622,0.57230894,0.42805221,-0.73745579,-0.87356345,negative,4
19980249,after,-0.84806252,0.13677075,-1.2744038,-0.34597889,0.53360624,-0.12090784,0.09542858,0.087783713,negative,3
19980263,after,-0.81470659,0.11300518,-0.6691105,-1.2868642,-0.07971692,-0.35966351,-0.45812506,-0.0074692202,negative,4
19980293,after,-2.2306086,-2.6210805,1.1580399,2.9275084,-1.135926,-0.37651536,-0.048281215,-2.0829409,negative,2
19980304,after,0.7390043,-1.1227964,-1.3093975,-0.7752571,1.5199916,-0.75520157,0.4978395,-1.1404754,negative,3
19980471,after,-1.4665023,-0.98619303,-0.45875703,-0.39896392,1.823765,0.24545895,1.1020377,2.8126251,negative,1
19980484,after,-1.6968309,0.24403898,-0.13532509,0.36269765,-0.49581662,1.1263858,0.64969246,0.094096857,negative,1
19980702,after,-0.2059053,0.16579055,-0.15574366,-1.1503127,0.64199534,0.44677564,-0.74142339,0.90633591,negative,4
19980966,after,1.4357979,-0.28446539,-0.2350712,-1.3972627,-0.51118657,-0.99040332,0.16868045,0.32435065,negative,4
19981054,after,-0.081949448,0.66656515,-1.2214373,0.013385307,0.3782206,1.01,-0.16707833,-0.89831985,negative,3
19981108,after,-1.2469363,-0.77168843,0.47125651,0.51543111,-0.7813193,0.24776412,-0.36342141,-0.33613227,negative,1
19990020,after,-0.24175057,0.73712715,1.8121556,-1.4199715,-0.21953402,-0.15206178,0.011130264,0.8304302,negative,4
19990103,after,-0.42297432,-1.9512098,-0.79954989,-0.66523456,0.20867554,0.25344077,-0.57627009,2.1223123,negative,2
19990127,after,-0.015202355,0.52946843,-1.9524821,0.21893904,0.86793356,0.44446029,0.31641618,-0.66838604,negative,3
19990145,after,-1.1023346,0.26293293,-0.56916147,-0.61236473,-0.10573825,-0.22942186,-0.38737867,0.091292373,negative,1
19990173,after,-1.0782962,0.15831875,-1.0788625,-0.88471357,0.14489339,-0.57324327,-0.26778946,0.40149162,negative,3
19990180,after,-1.0435267,0.36654521,1.0045792,-1.4851323,0.43905253,-0.048262886,-1.468074,0.3387543,negative,4
19990206,after,-0.30832386,-0.021450479,-1.3708205,-0.22071037,0.44088184,-0.8813035,-0.13468746,-0.81944675,negative,3
19990275,after,0.79178123,1.1762904,-0.64726508,-1.1180148,-0.79995768,-0.035073509,-0.02071884,-0.43094555,negative,4
19990385,after,0.90648296,-0.28871369,-0.73377601,-1.0970214,-0.46283527,-1.0269257,0.066909872,0.19543183,negative,4
19990398,after,1.6102159,0.80273515,2.1400576,-1.158276,1.0474403,-0.64471617,-0.28022,-0.20610429,negative,4
19990409,after,1.1158299,1.129314,-0.49195965,-1.4473995,-0.24786477,-0.5719187,-1.2905603,0.33450665,negative,4
19990438,after,0.001307276,0.36652665,-1.2073398,0.56737414,0.18159717,-0.069575223,-0.29453212,-1.0664123,negative,3
19990464,after,0.19683833,-0.52881472,-0.34478928,-1.1728755,0.40075197,-0.15132648,-0.37976362,1.4590948,negative,4
19990483,after,2.2635221,-1.2815233,-2.0430353,-0.10797959,1.3396108,-0.45683638,0.56505925,0.40937262,negative,3
19990525,after,-0.035079894,-1.4050001,-0.72169975,-0.73427549,1.7260907,0.66678176,0.1115606,-0.10820847,negative,2
19990542,after,0.35693206,-1.3459926,-1.0768247,-1.0794799,0.77964419,-0.14118462,-1.2967841,0.72292228,negative,2
19990731,after,-0.78865662,-1.3831711,3.1200249,0.17233363,0.088831166,1.1816143,1.0410047,-0.099597846,negative,2
19990740,after,2.1681598,0.3583155,1.3396508,-2.1311551,-0.20472973,0.92540546,-1.1655495,-0.57674378,negative,4
19990784,after,-1.4118218,-0.85123797,0.65493042,1.1260682,-0.12568679,-0.2532694,1.5842627,0.53729395,negative,1
19990885,after,-1.3026102,-0.96549373,0.71879119,0.051308034,-0.10049577,-0.83299977,0.52198954,-0.45314955,negative,1
19990926,after,3.0672775,0.23734277,-1.5632632,1.1909737,-1.254734,0.70288516,-0.64685316,1.6019911,negative,3
19990992,after,-0.86329618,-1.3253016,2.1153466,0.0051571082,-1.2604735,0.74358596,-0.42476211,0.28210557,negative,2
19991045,after,0.3416669,-1.9538438,0.29862767,-0.78461146,1.3855499,-0.51933009,-0.34091798,-1.141677,negative,2
19991048,after,-1.5319034,0.34462313,1.4884223,0.52929117,0.83854645,-0.054634133,1.590554,-1.3643769,negative,1
19991137,after,-0.085514141,-1.1240189,-0.94879282,-1.1699058,0.3340942,0.04513361,-0.5540583,-0.20512952,negative,4
19991198,after,1.2980597,0.10152923,-1.6015692,-1.3195561,-1.3309841,-0.14174239,-0.82000624,-0.59387488,negative,3
19991207,after,-1.1984992,0.055724621,-0.53337362,-0.51107885,-0.81491782,0.65678672,-0.28454966,0.7505374,negative,1
19991216,after,0.013834173,0.41035132,0.74995875,-1.3467767,0.36400988,0.94520982,-0.65182945,-0.40853022,negative,4
20000003,after,-0.28209381,-0.21032198,-2.1220269,-0.64887629,0.57578319,-0.052412827,1.43695,-1.2912843,negative,3
20000014,after,0.25661338,-0.14372744,-0.67172323,-1.2108052,-0.78859715,-0.55028643,3.6718631,2.2288686,negative,4
20000086,after,-1.2042833,-0.15446239,-0.12805067,2.0783951,-0.77162304,0.27983238,-0.21896221,-0.30380299,negative,1
20000104,after,-0.69741429,-0.44530011,0.82802512,-1.0369363,-0.49009034,2.0357818,-0.78648435,-0.47620076,negative,4
20000119,after,0.41691947,1.2088236,-1.1632609,-0.98379507,0.54746992,0.66285702,-0.084422242,-0.49463665,negative,3
20000195,after,0.071265977,-0.023200452,-1.5450447,-0.90724094,-0.93712725,0.54081976,0.71808126,-1.2909235,negative,3
20000212,after,0.3445774,-0.83521566,-0.92104604,-1.4549986,0.26322691,0.096792067,0.31762645,1.1899781,negative,4
20000245,after,0.33480188,-2.148475,-1.7160685,0.10417383,4.1424218,2.2752745,0.14756199,3.056155,negative,2
20000296,after,-1.0694072,0.18858132,-1.4549915,-0.36856328,-0.1612651,0.60267788,-0.087330511,-0.59988044,negative,3
20000351,after,-0.10059262,-2.8747018,0.18944368,1.0993299,1.7691214,-0.29811619,-1.3269344,3.8651449,negative,2
20000366,after,0.3311458,-1.5367045,-0.14652985,0.91781443,1.1358834,2.2850053,-1.0331848,-0.29812832,negative,2
20000441,after,-0.49472507,0.15226988,0.28819619,-1.1377512,0.19276054,-0.10547634,-0.8982692,1.1534561,negative,4
20000449,after,-0.7285277,-0.10984368,-0.38795982,-1.0438502,0.47871978,-0.3061217,0.47692237,-0.10481465,negative,4
20000501,after,-1.4142673,-0.68715461,0.46092314,-0.088550923,1.1417937,0.23021537,-0.34008578,0.35583548,negative,1
20000591,after,-1.1542484,-0.17277489,-0.099996178,-0.20365086,-0.16628093,-0.34242197,-0.16246992,-0.58496421,negative,1
20000595,after,1.6342897,0.37161953,2.3860933,-2.3647342,0.16568379,1.7609146,0.63995128,-0.92712896,negative,4
20000716,after,0.78127143,-1.2049469,1.5073686,1.2039507,0.28803128,-0.64315036,0.20734712,0.81165189,negative,2
20000745,after,1.2428497,-0.60845035,-0.30501069,-1.3221265,0.99720539,1.3711567,0.58080406,-1.0164857,negative,4
20000888,after,-0.22241463,-1.7028656,0.98615503,0.44536022,-1.1285115,0.2133126,0.10210186,-0.53444377,negative,2
20000897,after,-1.6350017,0.31202152,-0.52744813,-0.31635397,-0.65950737,1.3175433,0.065527784,1.2776756,negative,1
20000923,after,0.78225151,-1.957996,-1.4575132,-0.86912134,1.7249986,2.9721573,0.5573706,-1.9385963,negative,2
20000963,after,-1.3121996,0.50822111,-0.78742986,-0.58112094,-0.42643858,0.29046605,-0.47449006,0.046430401,negative,1
20000981,after,2.2287677,-0.8166175,-2.8317874,0.41206839,-2.576113,2.5357567,6.8210997,4.1257277,negative,3
20000988,after,-1.1992218,0.54581871,-0.57287367,0.42945389,-0.53113747,0.71711882,-0.20386723,0.68039371,negative,1
20001012,after,-0.68770817,0.12876489,0.56086807,-1.1838455,0.78463838,0.50530026,-0.33437934,0.003957038,negative,4
20001030,after,0.62401236,-0.30142961,-0.28035309,-2.2017047,-1.7012118,0.54223803,-0.58255401,-0.7336737,negative,4
20001070,after,1.3817798,0.34594005,-1.8427482,1.9921238,0.91642266,1.7349109,-1.3586293,0.28297805,negative,3
20001104,after,0.51298425,0.1554812,-1.3549269,-0.63592602,0.65346411,0.25920945,1.1088382,-0.31062188,negative,3
20001118,after,-1.4038086,-0.83658727,1.0049184,-0.25839125,0.11180602,-0.82372567,0.34758347,-1.3882181,negative,1
20001131,after,-1.4654633,-1.2853259,0.39203649,0.014683534,0.53670708,-1.0273567,-0.27295754,-0.68943862,negative,1
20010014,after,-1.186865,0.34282342,-0.91527695,-0.52088249,-0.046164039,-0.67770461,-0.25131597,-0.02579002,negative,1
20010017,after,-1.1897413,0.87451843,0.71352021,1.0934989,-0.01585652,-0.12867753,1.1685238,-1.0953146,negative,1
20010075,after,-1.2451475,0.3567894,-0.61879755,-0.43756471,-0.30612384,-0.86212762,-0.18751439,0.48514959,negative,1
20010078,after,-0.17475121,-0.21797599,-1.2370625,-0.34153291,-0.0014334555,-0.41380938,0.18757338,-1.082571,negative,3
20010096,after,-0.19000829,-3.3278669,0.098781747,1.5996614,0.53675262,1.5731415,-0.5504426,0.97715861,negative,2
20010130,after,-1.8838595,-1.2453587,1.0753346,0.70971468,-0.27596401,-1.760175,1.3113373,0.6856192,negative,1
20010140,after,0.49288266,0.72856272,-1.4929203,0.94897712,1.0159733,0.92917708,0.91229369,-0.23061938,negative,3
20010174,after,-1.3905733,0.62593135,0.32129496,-0.040098598,0.27242798,-0.23215217,0.96435846,-0.10693595,negative,1
20010202,after,0.65289434,-1.0830329,-1.4709344,0.48733741,-0.87150639,1.4463381,0.69057899,1.1192369,negative,3
20010219,after,-1.2685344,-0.6383787,0.45637552,-0.53479979,-0.7385577,-0.93180849,-0.48189639,-0.60876202,negative,1
20010228,after,-0.76246892,0.65764664,-2.069792,1.1039025,-0.84868434,2.8134806,-0.91207189,-0.58684729,negative,3
20010235,after,-1.1134677,0.47348041,-0.90347276,-0.62212104,0.035703162,-0.910944,-0.48483827,0.030458659,negative,1
20010287,after,-0.11713917,0.50526339,-1.5980317,-0.25800733,1.1442586,-0.96411337,0.14561332,0.25399111,negative,3
20010300,after,1.3344359,-1.785062,-1.1870294,0.13691143,2.6418132,-0.55839154,-1.2220743,-0.25438868,negative,2
20010333,after,0.3539142,-0.72219909,-1.3693156,0.09097027,-1.3184745,-0.49408788,0.80421836,-1.2672238,negative,3
20010483,after,0.26531363,-1.4537676,0.073748134,0.53172026,1.4849709,-0.3146051,0.077357121,0.14518272,negative,2
20010510,after,0.92035089,-2.7951761,-0.39916589,3.6806523,-1.1360896,0.55035946,1.1091711,-0.4653854,negative,2
20010527,after,1.0605088,-1.3115195,0.90839394,0.061545482,0.16478073,0.469773,-0.34981597,-0.11234424,negative,2
20010573,after,-0.58974909,0.36123559,1.4890327,-1.5884896,0.3225622,1.11901,-1.3423788,0.5528732,negative,4
20010759,after,1.1798082,-1.0080662,2.7744011,-1.029687,1.9514275,0.18089462,-0.31313124,-0.39289932,negative,4
20010791,after,-1.3871258,-0.19334759,-0.27362849,0.024535448,-1.0837718,-0.4054179,0.71193301,0.0074640396,negative,1
20010796,after,-0.56686005,-1.8701725,-0.18215462,0.51601807,0.414098,0.088465232,0.63074925,-0.71526545,negative,2
20010986,after,0.63218928,-0.096818285,3.5551076,-2.5459117,0.96009266,0.053755226,-0.2746066,0.27649061,negative,4
20010991,after,-0.44746592,0.13226685,-1.8048761,-0.722886,-0.39282166,1.0004901,0.22169206,0.0088172196,negative,3
20010995,after,0.66853799,0.58999562,0.55116208,-1.1889332,-0.36215771,1.3955149,0.44286897,-0.36125823,negative,4
20011010,after,-0.58932735,-1.6017276,1.7427969,-0.83226076,1.4465673,-0.11828978,-0.018932616,-0.69352349,negative,2
20011025,after,-1.0854323,-0.042813322,-0.6545599,-0.27737911,-0.28313056,-0.49952479,-0.26804844,0.054712649,negative,1
20011044,after,-1.1289634,0.22563765,-0.57362495,-0.51001456,-0.20765245,-0.56116574,-0.4676524,0.11015834,negative,1
20011114,after,0.48527718,0.23374939,-0.17790961,-1.1399921,-0.65577652,0.45955756,-0.96292824,0.44561344,negative,4
20011154,after,-0.10242301,-0.51599748,-0.44993827,-1.2075424,0.18940189,0.54699733,0.47366422,0.59698577,negative,4
20020015,after,-0.54381055,-0.045210903,-1.5582025,-0.51300209,0.22657571,0.79523972,-0.29020375,-0.5821712,negative,3
20020103,after,0.37236276,-0.049579065,-1.4605092,-0.66656852,1.3171974,0.031672133,-0.50052405,-1.2909187,negative,3
20020129,after,-0.80003021,-2.0841586,1.0928851,1.7003284,-0.55877371,-1.641381,-0.31145104,-1.0774487,negative,2
20020131,after,-0.95376814,0.36979284,-1.2677753,-0.53982247,0.19368265,-0.12229144,-0.30380354,-0.32776129,negative,3
20020148,after,-0.77485888,0.217568,-1.2674539,-0.20076639,-0.12243207,-0.00064575475,0.47351074,-0.37873622,negative,3
20020159,after,-0.0043294496,-0.18962993,-0.13709443,-1.9443824,-0.60021718,1.8454156,0.79304551,-0.2773187,negative,4
20020164,after,-0.22456878,-0.25951693,-0.62100897,-1.3970261,0.72243652,-0.29606047,0.89447411,0.24978446,negative,4
20020182,after,-1.100554,-0.62030361,2.1122269,-0.89495388,0.2400335,1.1418497,-0.68843544,0.069777688,negative,1
20020230,after,1.9810027,0.048539066,0.35296113,-1.8993768,-0.91727532,-0.4420588,0.14000844,-1.2997602,negative,4
20020277,after,-0.10319772,-1.7212064,0.86106779,-0.17509605,0.66972517,0.31355703,-0.94132326,0.85442702,negative,2
20020328,after,2.0374021,0.61079542,-0.67643731,-1.1397866,0.40938863,1.8232931,1.9421634,-0.46810102,negative,4
20020342,after,-0.45887875,-0.99512852,-0.19373244,-1.2152263,-0.14846632,-0.4547243,-0.56299924,0.62918459,negative,4
20020352,after,1.1439997,-2.2170668,0.1898806,-1.7995592,-0.61040113,0.17432663,-0.46998471,3.445109,negative,2
20020368,after,-0.28722284,-1.3423046,-0.061806981,1.0388567,-0.26873724,-0.76687366,-0.68440995,1.356531,negative,2
20020394,after,1.1085229,-0.7374455,-1.2792422,-1.085563,-0.6934347,0.63420478,-0.048465473,0.20068289,negative,3
20020483,after,0.26875488,-1.7147866,0.60165469,-0.73937707,-1.5369484,0.62885159,2.2681248,1.8110462,negative,2
20020608,after,-1.7268221,0.22264411,0.83409563,-1.445241,0.076625538,1.009367,2.3732609,0.17694432,negative,1
20020613,after,-1.1005426,-2.8915897,1.5597474,1.8020841,-1.4058211,0.60911342,-1.2587461,-0.96530158,negative,2
20020646,after,0.63382901,-1.7388863,-1.2104888,-0.074826604,2.0171713,-0.9447843,0.028128828,-0.48622023,negative,2
20020717,after,0.80333975,-2.9055339,-0.16739497,2.2717531,1.6388189,0.097183918,-0.46214072,-1.0766115,negative,2
20020803,after,1.6222024,0.38435536,2.670952,-1.4228678,1.6747642,2.7003021,-0.22933994,-0.64944265,negative,4
20020877,after,0.52451901,-0.060397483,-0.83267351,-1.1401322,0.81465656,0.60466599,0.0026292845,1.412744,negative,4
20020896,after,0.074518057,-0.13451727,1.5573514,-1.2065343,1.7365007,4.0657937,1.6833602,-1.104002,negative,4
20020917,after,-2.209558,-1.0257157,0.75035801,1.7380073,-1.3469903,0.30757499,1.6789254,0.028305825,negative,1
20020954,after,-1.0916316,0.27889032,-0.67227564,0.13644848,-0.311722,1.3836237,-0.69686195,-0.67099445,negative,1
20021029,after,-0.99099002,-0.45055919,1.2823758,-1.4809268,-0.08639725,0.037995871,0.11042316,-0.51848563,negative,4
20021039,after,-1.1777347,0.30593411,-0.11217251,-0.77076172,-0.085672992,-0.33279097,1.1542335,0.59155156,negative,1
20021049,after,0.26905423,-0.17569597,-1.3628323,-0.39054946,1.5787144,-0.62752252,1.0019256,-0.27496441,negative,3
20021093,after,-0.96308616,0.77936257,-1.3214714,-0.28961965,-0.047868877,0.55735901,-0.43039178,-0.45619756,negative,3
20021115,after,-1.3825595,-0.81361041,0.35622518,-0.73917072,-0.8052521,-0.079041836,-0.55264141,-0.79710882,negative,1
20021129,after,0.20565562,-0.26712395,0.65954857,-1.3387914,0.61001115,0.12214783,-0.83674291,-0.048528465,negative,4
20030016,after,0.14689377,-1.9247957,-1.4362925,0.58909356,0.63620721,-0.58620166,-1.1799241,3.3184929,negative,2
20030029,after,-0.85704054,-1.6239538,-0.75260647,-0.48713455,0.11006082,0.10667528,0.91942206,2.2586088,negative,2
20030030,after,-1.0928593,0.64542281,-1.3078607,-0.066199183,-0.49265625,1.0891081,-0.78787158,-0.53753392,negative,3
20030035,after,-1.4999978,-1.2320577,-0.13438722,0.54894413,0.42078889,-0.95614943,0.62637601,-0.20558646,negative,1
20030044,after,0.29061847,0.060636608,1.4141241,-2.3147466,-0.82349484,0.23481036,-1.176981,-0.34521201,negative,4
20030046,after,3.2185248,-3.6388008,-1.0576622,1.1736456,1.4982602,3.2318278,1.0350263,2.4187778,negative,2
20030086,after,-1.2834667,-0.17639811,0.82323256,0.72424904,-0.51238427,-1.0035612,0.56666972,-0.6614785,negative,1
20030099,after,2.8326788,-2.5784412,-1.1589965,-0.71926927,-1.7569912,-0.66251649,1.5578671,0.723981,negative,2
20030118,after,-1.4457348,-0.61654619,-0.11187034,0.10729213,-0.41019188,-0.11877866,0.27229522,-1.1428011,negative,1
20030124,after,-0.45132137,0.02431941,-1.2822355,-0.73579357,0.50418823,-0.47122545,-0.53888725,-0.65114732,negative,3
20030170,after,-0.13607598,-1.5434441,0.2483011,0.40601437,-0.32612638,-0.9095624,0.052045096,0.60438454,negative,2
20030369,after,2.6077611,-0.4325404,-3.5360187,-0.51734792,0.16932054,2.4457535,-3.5181647,-1.9147884,negative,3
20030452,after,-1.2508953,-1.2449539,-0.14496249,-1.271948,0.91313262,0.648246,-0.48344072,2.0422656,negative,4
20030478,after,0.98713988,-1.7479678,-1.438921,3.1323769,-0.80617973,2.0221345,-0.49558471,-0.54076494,negative,2
20030629,after,0.7888731,-0.33123366,0.045940348,-1.3689309,-0.10937925,1.5226691,-0.28171928,-0.4962843,negative,4
20030653,after,0.066095566,-1.6180953,-0.89929371,0.44630236,0.87454845,0.51079507,-0.44718746,0.55496187,negative,2
20030716,after,0.20900275,-0.89775315,-1.043628,-1.3854006,-1.3171934,-0.026783196,2.2811142,1.5020915,negative,4
20030727,after,-0.42601526,-1.9259239,0.7612931,2.5458717,-0.82927145,0.023584643,0.31501065,-0.15953654,negative,2
20030796,after,-1.1323045,0.041657267,-0.71046907,-0.47334805,-0.44852125,-0.53136717,-0.67005373,-0.13774499,negative,1
20030870,after,-0.53836927,-1.7674103,-0.16545724,0.57231365,3.1921242,0.94024794,0.79124305,0.73272541,negative,2
20030893,after,0.0062622058,1.6773742,-1.9663602,-0.19759011,0.99890895,2.5143598,-0.10493836,0.86306778,negative,3
20031066,after,-1.1130587,0.9218461,-1.0773667,-0.63357509,-0.11782922,0.59663176,-0.4887684,0.29713895,negative,1
20031173,after,1.8158625,-2.7054935,-0.13195017,-3.2381464,2.1657328,2.5659818,1.1570847,0.68496189,negative,4
20031189,after,0.92338731,0.99365704,1.8390353,-1.3383284,0.56780795,1.2692199,-0.18465054,-1.1726854,negative,4
20040003,after,-0.37871523,0.54442815,-1.3700999,0.0020493426,0.093645114,-0.15353586,-0.45114771,-0.61161528,negative,3
20040100,after,1.5655611,1.3692067,-2.0911177,1.3762606,0.96860339,-0.10950633,0.91532364,0.32443106,negative,3
20040159,after,-0.063958972,0.019364042,-1.2520218,-0.96620941,0.030951912,-0.88159502,-0.74979306,-0.014394299,negative,3
20040167,after,1.3033182,-3.6011866,-2.0380116,-0.90658557,3.2651976,1.2332743,-0.53729252,3.3348236,negative,2
20040201,after,-0.41229916,0.1220216,-1.2890158,-0.60898641,0.53251357,-0.31502417,-0.26486703,-0.46629377,negative,3
20040205,after,-1.0909957,0.40641447,0.56656075,-0.12742961,0.74851053,1.5985067,1.4875616,0.80139325,negative,1
20040217,after,0.4399999,-1.5565021,-1.2712453,0.59175258,-0.021606356,-0.56364904,0.38020613,2.5454365,negative,2
20040235,after,-1.0895664,0.81970428,-0.13787849,-0.048651919,-0.14125856,-1.0508239,0.65238384,0.39357245,negative,1
20040242,after,-1.1914559,0.22212566,-1.0227061,-0.77676531,-0.23178507,-0.75378943,-0.08551024,0.12799038,negative,1
20040263,after,-0.42456196,2.1520176,-1.409806,-0.47136079,0.18606806,2.3917866,0.24494396,0.041770513,negative,3
20040382,after,0.099767361,0.74272305,-1.2305973,0.16370283,0.68685699,0.38282639,-0.3939269,0.10349585,negative,3
20040394,after,1.0016694,0.22651329,-1.1667675,-0.040824308,-0.64051642,0.50768116,2.1440366,0.25890946,negative,3
20040456,after,-1.0318002,0.18735113,-0.22715983,-1.2793899,-0.68525169,0.2826889,1.3089401,1.6641588,negative,4
20040463,after,-1.1316848,-0.37843047,-0.077293779,0.60423675,0.015796197,0.17843478,0.3954564,-0.44266694,negative,1
20040557,after,-0.024344273,-1.5613483,0.93958146,1.7584968,-1.4448307,0.70401945,0.06526197,-0.55152773,negative,2
20040777,after,-0.62946015,-2.0746414,2.3407258,0.94739557,-1.2902163,-0.64874506,0.53867781,-0.22683099,negative,2
20040792,after,0.14334066,-2.0056068,-0.1493063,0.97877172,-0.54105803,-0.21522872,0.84537199,0.39321099,negative,2
20040800,after,0.22690825,-0.78279363,-1.4786303,0.12752614,0.077611585,1.0903043,0.98213073,1.0137702,negative,3
20040843,after,0.78181976,-1.0947238,-1.1714093,-0.34913805,-0.11036367,0.81877242,0.35418033,0.89893047,negative,3
20040888,after,0.16971576,-2.4348151,-0.095746931,0.24262019,0.00099891389,1.0193175,-1.5773709,1.66343,negative,2
20040984,after,1.7101361,-2.4624793,-1.3950896,0.91197839,0.81476002,0.13995883,-1.9370742,1.3717999,negative,2
20041079,after,-0.89140846,0.97011748,-1.4004929,0.043392098,0.20164577,0.66571177,-0.37283274,-0.021936282,negative,3
20041091,after,-1.7751844,-0.52026994,2.6357015,-1.7262812,-1.152984,1.8781194,-1.5454363,-0.29963886,negative,1
20041118,after,-0.77157288,0.93830812,-1.1819772,0.34924425,-0.33609767,0.7734089,-0.34409766,0.16148418,negative,3
20050007,after,-1.3516174,0.61230659,-1.1207859,-0.69748878,-0.28859576,0.1400025,-0.36701159,0.24614024,negative,1
20050033,after,-0.77726513,0.47246925,-1.923896,-0.54441026,-0.68303427,1.1676293,0.44159851,-0.52890489,negative,3
20050057,after,0.0025091472,1.1010781,-1.6463303,0.47146316,1.1272352,-0.27770516,0.088002749,-0.70513423,negative,3
20050095,after,3.0594909,-1.5432791,1.128843,-0.33618578,2.029596,-0.71356452,1.9055879,-1.489074,negative,2
20050155,after,-0.14706108,0.74915055,-1.5951037,-0.58303119,0.94648046,-0.3575256,-0.68484086,-0.76004616,negative,3
20050230,after,0.85564876,-0.99124825,-1.3085127,-0.74731993,-0.79126473,-0.87557547,1.3484717,-0.13041998,negative,3
20050239,after,-0.0095549344,-0.0055619013,-1.281217,-0.1433977,0.78293316,-0.69936199,0.13507179,-1.2007118,negative,3
20050256,after,2.6214585,-1.3544597,-1.5276694,-1.1421934,0.1907063,-0.50729898,-0.28401528,0.98081762,negative,3
20050346,after,0.82989213,-1.641459,-1.6173028,-0.266371,0.35299037,-0.40979027,-1.575143,3.2081131,negative,2
20050462,after,-0.64716518,-0.28828398,3.0891602,-1.6775227,-0.73875035,0.647391,-0.77971239,-1.1721029,negative,4
20050721,after,0.52900258,-1.8673459,1.0312239,-0.16901907,2.1328653,2.034921,-1.4960363,1.288147,negative,2
20050729,after,2.1988134,-1.0150404,0.41885047,-1.6655645,0.74238298,-0.3110385,0.26338807,-1.2746383,negative,4
20050967,after,-0.42201094,0.69513284,-0.065021142,-1.4118049,0.90429105,-0.1439896,-1.346651,0.7538296,negative,4
20051036,after,0.75941624,0.6145039,1.7657858,-1.14068,-0.018379028,1.0754017,-0.58430439,-0.66452011,negative,4
20051069,after,-0.02090418,-0.17650992,0.15215938,-1.0676728,-0.63787844,-0.40244561,-0.69823592,-0.77033797,negative,4
20051116,after,0.36263414,-1.7763407,-0.58716811,-0.51377754,-0.73192897,0.12834434,-0.35934121,1.4408281,negative,2
20051130,after,-0.8467628,-1.2387773,-0.18623348,0.83958714,0.34419656,1.0492376,-1.0033677,-0.75542783,negative,2
20060016,after,-1.3942086,-0.60100747,0.17873778,-0.75927666,-0.85927791,0.083755598,-0.50513876,-0.50241971,negative,1
20060040,after,0.6867749,-0.029889416,-0.34550514,-2.0659282,-0.82357795,-0.27690466,0.64622766,0.24848066,negative,4
20060057,after,0.11770214,0.17204936,3.3827405,-4.9667665,-3.2446833,4.6618864,-0.55073761,1.5490198,negative,4
20060071,after,-0.48287044,-1.341487,-0.22334769,0.083666681,1.0631907,-0.506051,-0.19516232,-0.72187713,negative,2
20060088,after,-0.5889373,0.72667473,-1.3159956,-0.473352,0.6635125,-0.89659151,0.51284925,0.54482131,negative,3
20060138,after,-1.1096369,-0.36018627,-0.48648057,-0.49082837,0.29608982,-0.42097083,-0.8159416,1.0227038,negative,1
20060146,after,-0.25998266,0.24923199,-1.3238006,-1.0988428,-0.50152634,-0.38216048,0.21724722,-0.53960473,negative,3
20060173,after,-1.3256396,-0.2507986,0.51915108,-0.83511078,-0.36012192,-0.61511321,-0.8157675,-0.63343454,negative,1
20060187,after,-1.0748056,0.088369039,-0.12925748,-1.1351527,-1.1015339,0.59832702,1.2580783,1.1849846,negative,4
20060260,after,-0.34893276,-0.57480287,-1.3702427,0.12777711,1.5136996,-1.0495844,2.49884,0.20318639,negative,3
20060272,after,0.50030418,-1.378818,-1.9292828,-1.9259283,-0.94298092,0.34232317,2.5989025,1.9562539,negative,3
20060280,after,0.51833382,-3.6536593,-2.2322169,-1.2435022,2.8669435,1.7540973,2.0403255,0.060186128,negative,2
20060312,after,-1.1634223,0.065963812,-0.79364885,-0.40322685,0.2804952,-0.80864356,0.13555807,0.28536799,negative,1
20060355,after,-0.62236366,0.90463557,-0.2734996,-1.1901112,-0.83864058,-0.45120352,0.065939381,-0.22781608,negative,4
20060378,after,-2.5533333,-5.740123,0.45348498,1.292874,1.5622192,1.7165563,2.4923622,4.4239265,negative,2
20060600,after,-1.1865004,0.96515517,-0.92137369,-0.88512212,-0.75208774,0.52877053,0.9113007,1.0381515,negative,1
20060620,after,-0.051031175,-1.8606419,0.85335211,0.18451398,2.0828949,0.056217078,0.34453043,1.0050785,negative,2
20060661,after,-1.0785292,-1.1984093,0.34599762,1.6751592,-0.78123072,-0.61828864,0.0042034685,-1.0839502,negative,2
20060715,after,-2.2410464,-0.89905106,0.89138602,0.17437207,-1.3044533,1.2273828,1.5670433,1.6005248,negative,1
20060787,after,1.4136125,0.068590698,0.85101896,-1.5360199,2.1446744,-0.31479042,0.26574144,0.086203251,negative,4
20060799,after,0.086994938,-1.5126575,-1.199943,0.29820151,0.71940112,0.97244714,-0.85596187,-0.027993924,negative,2
20060823,after,-1.154261,0.44480377,-0.23002488,-0.27699229,-0.16823826,-0.3581221,-0.042335141,-0.13456873,negative,1
20060849,after,-0.24206185,-1.5825198,-0.089729641,0.47861118,-0.11316484,-0.63113805,-0.86500274,0.52474751,negative,2
20060907,after,-1.0844557,0.95641692,-1.7336629,-0.4954486,0.41514489,0.62079413,0.24397073,-0.30171309,negative,3
20060946,after,-1.1410081,0.5985629,-0.96713126,-0.48676423,-0.084764531,0.02848094,-0.62998481,-0.088412764,negative,1
20060991,after,-1.3311086,0.564786,-0.096903754,-0.64941544,-0.36097409,0.34508163,0.015125877,0.624012,negative,1
20061034,after,0.32415381,-1.4277672,-0.79314699,-0.74989954,1.660288,0.81484526,1.2025047,-1.1564761,negative,2
20061056,after,-1.6265173,0.2385999,1.3701583,-0.39082551,0.9716087,1.6417977,-0.16317796,-0.36042063,negative,1
20061079,after,-0.17478125,0.21786968,-1.374576,-0.10576545,0.18588214,-0.40034039,0.218316,-0.38343621,negative,3
20061098,after,-0.068591281,3.9420475,0.56116089,-1.3298259,1.8749906,-1.1345783,1.832728,1.8138956,negative,4
20061109,after,0.35151981,0.45052275,-1.6517162,-0.48781823,-0.50344471,0.1537499,0.40960817,0.14492146,negative,3
20061157,after,-0.58855694,0.47454331,-1.2682666,0.24262554,-0.19399464,1.1781256,0.2048297,-0.37672198,negative,3
20070032,after,-1.2226063,-1.0325317,1.5072249,-0.87177492,1.1701555,0.91961286,-0.031338131,0.58604614,negative,1
20070084,after,0.018353413,-0.013199352,-1.1221821,-1.2811615,0.53509375,-0.27723634,-0.01293507,-0.0032080628,negative,4
20070173,after,-0.43074396,-1.927193,0.64141463,0.65797562,-0.1533907,-1.2502708,-0.061240122,1.6364683,negative,2
20070231,after,-1.0825063,-0.78892858,-0.15475113,-0.05819865,0.160469,-0.085803023,-0.064090914,-0.34546693,negative,1
20070308,after,-1.502943,1.0095106,3.5411272,-2.6574414,-1.0540154,0.81726042,0.16577014,2.3168298,negative,4
20070443,after,2.4593196,-1.4190683,-1.6544493,-0.81386099,0.16754047,2.5343215,0.025727747,-1.4604376,negative,3
20070474,after,-0.097512794,-0.86880217,-0.40123891,-1.0841735,-0.54228635,0.61809614,-0.83526806,0.96051498,negative,4
20070518,after,2.5499347,-4.2213365,-0.47950784,1.646326,-1.6069634,-0.50547949,-1.1806702,4.6097677,negative,2
20070530,after,-0.36327305,-1.5230212,0.69490646,-1.0937886,-0.67723625,2.1790379,-0.0073889574,0.30651637,negative,2
20070575,after,-1.2297623,-0.76808349,0.87100095,-0.2126214,-1.1729238,2.1599047,0.222264,-0.19073136,negative,1
20070732,after,-0.012435171,-1.560516,-0.11399921,-0.37838758,1.148614,-0.35699802,0.66643963,1.8376346,negative,2
20070882,after,-0.055473595,0.54504007,1.5865345,-1.8850002,-0.20438902,-0.4277909,-0.81694555,-0.1204077,negative,4
20070935,after,-1.2459032,0.17923737,-0.51225405,-0.59145442,-0.77914621,0.42857674,-0.18903301,0.12146861,negative,1
20070941,after,-0.54592086,3.5485835,-1.5049818,0.46937129,0.67721982,1.6075565,0.30708268,1.1214145,negative,3
20070989,after,0.91358718,-0.070810912,0.062368221,-1.570979,-0.67839917,0.095300457,-0.72078466,0.28819277,negative,4
20071026,after,1.834553,1.3951582,1.0645598,-1.5998659,-0.029339092,0.58802079,0.72026237,0.39614888,negative,4
20071055,after,0.94667752,0.018209539,-0.15323188,-1.7087742,-0.62787452,2.0493546,0.33496932,-1.4406567,negative,4
20071071,after,-1.3302934,-0.48648894,-0.29507433,-0.047871064,0.31001592,0.41549853,1.576889,0.87447411,negative,1
20071134,after,-0.26024927,0.21521506,-2.1337939,-0.096823241,0.69076354,0.61356004,0.061275499,-1.1755452,negative,3
20071149,after,-0.32204861,0.7910538,-1.2342231,-0.0066152643,0.26342381,-0.55611852,-0.029171222,-0.2932624,negative,3
20080009,after,-0.25951792,-1.4329468,1.9010622,-0.10610752,-0.73350288,-0.099445019,0.38457656,-0.11035796,negative,2
20080014,after,-0.35833986,-0.044542001,-1.6743855,-0.18631846,0.37892471,-0.18038078,0.41590397,-0.65422673,negative,3
20080021,after,-1.114173,0.86086197,-1.0946487,0.54492502,-0.59757714,1.2804257,-0.1881408,-0.068250917,negative,1
20080105,after,0.88861726,0.7102319,-1.8588931,0.40306863,-1.6805638,0.84688285,1.0607928,-0.17967799,negative,3
20080124,after,-1.3066286,-0.46188525,0.73116215,-0.23528045,-0.16801046,-0.4834993,0.70688331,-0.57665051,negative,1
20080152,after,-1.1488497,-0.040904092,-0.46483014,-0.27068366,-0.40892921,-0.99799767,-0.011419528,0.020351541,negative,1
20080158,after,-0.64804597,0.22142048,-1.3340426,-0.65895655,0.18246198,0.25690226,-0.19030248,-0.39612108,negative,3
20080192,after,-0.24358091,1.0983,1.6223949,-1.4956326,1.0353829,-0.073298234,-0.27846854,1.3193888,negative,4
20080204,after,-1.3472813,1.0093992,0.9600612,0.31471429,0.20304463,0.47415339,1.3421159,-0.31748019,negative,1
20080344,after,-1.24354,0.19664351,-0.3009991,0.10207576,-0.58385878,0.07545686,0.03815239,-0.38497316,negative,1
20080347,after,2.6767259,0.31430072,1.1270941,-1.5167033,-1.0920598,-0.53373427,0.39264763,-1.1760209,negative,4
20080381,after,-0.98745926,-1.8046459,-0.05153294,0.44734712,-0.10798595,0.10822487,0.041315991,0.28902832,negative,2
20080393,after,-0.69348775,-3.917195,-0.82341436,2.6671984,0.36634558,1.3797181,1.1568503,1.1335376,negative,2
20080534,after,-1.1036866,0.51720965,-1.0017763,-0.16202448,-0.7939426,2.4443662,-0.48313958,-0.098962992,negative,1
20080640,after,-1.1522358,0.552789,-0.1723084,-0.48650159,-0.24619334,-0.5463535,-0.9251884,-0.66206945,negative,1
20080726,after,-0.137926,-1.4369347,-0.025969152,-0.080534776,2.3752989,0.32949951,-0.53006267,3.3658151,negative,2
20080743,after,-1.7521095,-0.41388106,-0.23641747,-0.098499341,-0.57095387,0.20587434,0.12045433,1.6473621,negative,1
20080774,after,0.81815879,0.85599108,-1.1671255,1.259736,-0.52710244,0.89269282,-0.40874575,-0.90269918,negative,3
20080943,after,-0.88780141,-1.9322714,-0.8773504,-0.62029412,0.80569162,-0.020439302,0.37737305,2.9116408,negative,2
20080967,after,-0.28034159,0.75295148,-1.368707,-0.077046757,0.72187037,0.95922159,-0.52590001,-0.63011724,negative,3
20080979,after,-0.7780617,0.72754742,-1.3251911,-0.2968779,-0.010888205,0.63106034,-0.31147269,-0.046573309,negative,3
20080999,after,-1.1418997,-0.35750439,0.1033008,0.7859037,-0.3364331,-0.23217568,-0.16445878,-0.57545157,negative,1
20081020,after,-1.1099758,0.24469893,0.029260886,-0.73028218,-1.0286459,0.74018508,0.95830639,0.10350428,negative,1
20081022,after,-1.2243727,0.68432865,3.7956969,-2.1292427,0.22601573,1.2945995,-0.28962153,-0.59601365,negative,4
20081078,after,-0.37008206,-0.12709467,-1.3185861,0.073180339,-0.4493273,0.13105,-0.31204706,-0.54366665,negative,3
20081103,after,-1.0927483,0.45527657,-0.0406809,0.044785567,-0.40746938,-0.42022588,1.0433252,1.2292085,negative,1
20081132,after,-0.63121156,0.24931201,-1.3338025,-0.36829499,0.77851084,-0.34640637,0.32751522,-0.99143204,negative,3
20090090,after,-0.75442418,-0.22614321,-1.2445827,-0.67254598,0.38520191,-0.56555733,0.51826097,0.80322066,negative,3
20090133,after,2.1107728,-1.3276148,-0.70149423,0.10651781,2.9436537,-0.27448116,0.2458874,-0.56711764,negative,2
20090207,after,-1.5845108,-0.53468992,0.88687581,-1.1200491,0.50101966,1.5144524,-0.37097803,0.38040745,negative,1
20090224,after,-0.20740155,-0.082103948,-1.4789532,-0.34403213,0.90207011,-0.54864049,0.033708496,-0.76306203,negative,3
20090264,after,-0.66463374,-1.3446174,-0.26512541,-0.61956072,0.65685657,0.23536438,-0.72724357,1.8402359,negative,2
20090269,after,-1.4258048,-0.7681401,0.54167387,1.1686994,0.33497822,-0.78376358,0.79627404,-0.71680398,negative,1
20090270,after,-1.105265,0.33157157,-0.67534908,-0.35015114,-0.17166151,-0.76917292,-0.18457506,0.059411889,negative,1
20090272,after,-0.8413133,0.42565144,-1.3322505,-0.40273167,-0.060646067,-0.016513782,-0.4030078,-0.166299,negative,3
20090307,after,-0.55921352,-2.9956448,-0.43832209,-1.961989,2.2028239,2.1117603,2.2040824,8.0277626,negative,2
20090345,after,1.6469161,0.5534058,-1.3041942,3.5353428,0.24051432,0.86115302,0.24444318,0.6537056,negative,3
20090379,after,-1.6946782,-3.445788,0.1748129,1.7751392,-1.9355164,1.198887,-0.22155938,-0.10597235,negative,2
20090385,after,2.1866053,-3.6746487,-1.7878598,1.0285253,-1.0733708,-0.21101182,-1.5943434,1.4019635,negative,2
20090393,after,-1.4221436,-1.0669458,0.96056732,-0.12178899,-0.028273252,0.98328729,-0.17043983,-0.84116271,negative,1
20090447,after,-1.1685403,-2.531343,0.6466742,3.0660719,-1.7926924,-0.32910719,-0.43297741,-1.8449691,negative,2
20090475,after,-1.7307259,-1.8072191,0.25053667,1.3548561,0.5787359,0.58603417,-0.22754541,1.414442,negative,2
20090541,after,-1.2922063,0.22420218,0.66584559,-0.39638045,0.035508592,0.92242791,0.64182027,0.48219196,negative,1
20090553,after,-0.32695421,-2.9465101,0.34340173,1.6603543,-0.78971344,2.3397614,1.9644324,1.6673011,negative,2
20090598,after,1.1490153,0.10232829,-1.5230772,-0.92102853,-0.77359316,-0.098870299,1.4840228,-1.0291275,negative,3
20090614,after,0.34853714,-1.4206433,-0.12150275,0.1625354,0.90745576,-0.52584582,0.54663154,-1.0554509,negative,2
20090679,after,1.985178,-1.7230019,0.37587969,-1.8278997,0.081195639,2.1007362,3.7509397,0.04664797,negative,4
20090736,after,-1.2308001,-0.45166231,0.17691493,0.12200675,0.87355904,-0.78593744,0.78370026,0.53443919,negative,1
20090944,after,-0.47408772,0.52042956,-1.286672,-0.37667258,-0.17225164,0.407413,-0.13981895,0.117691,negative,3
20090973,after,-0.32795177,1.2969505,-1.2204367,0.84953754,-0.22273672,0.63713978,-0.22516192,0.78095572,negative,3
20091022,after,-0.18023024,-1.7703818,1.0614737,0.38993385,-0.59230495,0.30275927,0.33829578,-1.0115993,negative,2
20091109,after,-0.70194459,0.44628851,-1.271935,-0.49720259,-0.99125807,0.55988564,0.14592622,0.43528112,negative,3
20091183,after,-1.2033896,0.45112454,-1.0637742,-0.49236306,0.24852083,-0.39697855,-0.23253889,-0.0049114278,negative,1
20100009,after,-1.4075932,0.15195242,-1.1799986,-0.18375222,-0.13223235,0.81973611,-0.18841201,0.14876138,negative,1
20100064,after,-1.0296311,0.52141021,-1.3463686,-0.59481866,0.1819142,-0.28693986,-0.32056417,-0.28805382,negative,3
20100077,after,-0.56696394,0.32186404,-1.3818818,-0.13354876,0.99654379,-0.24033255,0.50295035,-0.17300014,negative,3
20100093,after,-1.2297346,0.14284845,0.76307306,0.56778474,1.203494,-0.50173508,1.2521687,0.86658381,negative,1
20100105,after,0.059716598,-1.684827,0.30797108,0.0017306288,1.2571359,0.81589838,0.83860024,-0.96621428,negative,2
20100173,after,-1.1084536,0.27012329,-1.1638853,-0.60723043,0.3250358,-0.21427746,0.24950535,0.27381711,negative,3
20100209,after,1.0112093,-2.3449753,0.37121443,0.8103863,-1.221561,-1.2968662,-1.4415808,0.71973087,negative,2
20100269,after,-0.15559083,-0.84059295,1.3996686,-1.2528876,0.46779982,0.92082995,-0.73354773,-0.068150134,negative,4
20100459,after,2.3876376,-1.4046725,-0.51697314,-0.64099486,-0.21535752,1.5991714,-0.41343487,-0.85392256,negative,2
20100502,after,0.46576509,-1.6297651,-0.065944081,-0.19851256,-0.29476188,-1.1636698,1.2859682,-0.95417909,negative,2
20100676,after,0.012692888,-1.2683991,-0.02633163,-0.14098432,-0.036330828,0.16100624,-0.64514488,1.4136506,negative,2
20100707,after,-1.121163,-0.44785751,0.007786084,-0.50724038,-0.093829588,-0.31929683,-0.14656459,0.33490101,negative,1
20100803,after,-1.4016062,-1.2990853,0.93972974,2.00959,-0.37483827,-0.89904395,0.84900749,-0.98221725,negative,1
20100880,after,-0.37438319,1.4647765,-1.7964085,0.87073222,-0.081819875,2.2600426,-0.42563483,-0.34406755,negative,3
20100896,after,0.35666238,-1.7972653,-0.34559589,0.55730638,-0.090397554,-1.6135545,0.19434539,0.471247,negative,2
20100897,after,-1.3477534,-0.28198403,0.24698355,0.4528078,0.10658101,-0.31674222,-0.33984381,-0.56609035,negative,1
20100924,after,-2.1172866,-2.7005461,1.6672293,3.4588088,-0.53336998,0.29744406,0.47896065,-2.5813285,negative,2
20100974,after,-1.2512506,0.16246018,-0.49621803,0.29441953,-0.45673054,-0.059418683,-0.14721527,-0.20400484,negative,1
20101161,after,-1.7627464,-2.5336633,2.1218884,0.18409915,-0.5041095,-0.11607153,0.19845904,0.58029337,negative,2
20101174,after,-0.87902367,0.42254239,-1.5769414,-0.42769089,0.078783731,0.37382141,-0.18048313,-0.40000403,negative,3
20110010,after,-1.2726241,0.21414093,-0.17378863,-0.38189263,0.12924213,-0.26843026,0.30527402,0.27116311,negative,1
20110017,after,-1.0691434,0.41944638,-1.1792062,-0.57746658,0.65498096,-0.64689179,0.32644193,-0.50489174,negative,3
20110030,after,-0.45828819,-0.38100763,-1.728645,-0.3728347,0.33017521,-0.093026819,0.35667402,-1.5171442,negative,3
20110064,after,-1.3576484,-1.6819286,0.44737428,1.290239,0.53167242,-0.40429163,0.92386682,0.15596533,negative,2
20110080,after,-1.7078238,-1.6224248,0.71520149,0.82893722,-0.85088137,-0.7799035,0.35015504,-1.1698487,negative,1
20110153,after,-0.9494749,0.54362068,-1.1658871,-0.25214108,0.43700826,-0.3543127,0.6147407,-0.21352035,negative,3
20110219,after,1.5595488,-2.7876418,-1.0887369,-1.0160364,-0.3390874,0.079210724,-1.0112252,1.0180412,negative,2
20110235,after,-1.3396279,-0.70707778,0.20719704,1.0968516,-0.85405919,0.69410355,-0.21346338,-0.63503152,negative,1
20110332,after,0.14183985,-0.67028128,-1.4333942,-0.85037206,1.8360554,0.017181937,0.33255236,-1.1502749,negative,3
20110374,after,-1.2970245,-2.9969446,1.3319175,0.025189722,-2.6722419,-1.0176075,1.8142284,-1.9179274,negative,2
20110427,after,-0.41277725,0.18012197,1.6693698,-1.3382844,0.9537009,1.3415256,0.15606561,0.038478212,negative,4
20110445,after,0.89157241,-0.72436151,-1.4542333,-1.206089,-0.56641793,1.0466358,0.20084008,1.1180685,negative,3
20110508,after,-1.5832514,-0.13462288,-0.18752365,0.072843359,-0.25078022,0.17288044,0.2185403,-0.79467163,negative,1
20110538,after,0.68129322,0.034924889,1.04989,-1.4756707,-0.28378784,0.50984164,0.53349718,0.074272894,negative,4
20110541,after,1.9804427,-2.7754384,-2.467272,0.39840197,-0.78532615,0.16727683,1.353487,1.4268469,negative,2
20110550,after,-0.23994716,-1.3561879,-1.1000685,-0.036234999,2.1329413,1.1347923,-0.10923827,0.38984273,negative,2
20110598,after,-0.080470839,-2.0868466,0.047769881,0.51625762,1.5715652,-1.0863933,0.019127155,3.6280115,negative,2
20110655,after,-1.0873922,-0.98815722,0.64493139,0.26335123,1.23136,-0.94743594,-0.48568776,1.1033634,negative,1
20110713,after,-1.3234323,-0.10985379,0.23188628,-0.6737492,0.038213709,0.085168259,1.0148405,-0.60951186,negative,1
20110774,after,2.9099111,-2.3485346,-1.4976885,0.070517401,0.34936396,-0.18130191,-0.84323684,0.09841237,negative,2
20110787,after,0.64339075,-0.23425239,0.75925879,-1.4125567,-1.3381385,0.22427084,2.0425726,-0.67156028,negative,4
20110838,after,-1.8114399,-0.038494254,0.45265862,1.5195082,-0.39647131,0.057321663,0.93438332,-0.97113007,negative,1
20110899,after,0.80860117,0.047716999,1.0956251,-1.2774323,0.32964173,-1.0675009,-0.53688755,0.075846315,negative,4
20110955,after,-0.91025929,1.4443368,-0.6728795,-1.2855015,0.087712856,0.64791161,0.92779129,1.2387939,negative,4
20110959,after,-0.6849756,-1.9231373,0.58015338,1.4700838,-1.4504456,0.27083222,-1.7620332,-1.4791938,negative,2
20111005,after,-1.3537044,-0.016662576,-0.62758606,-0.34666487,-0.11871799,-0.15445972,0.3096772,0.95011543,negative,1
20111020,after,2.7687434,-1.9505991,-2.4016896,-1.2597868,1.2852603,-0.069536456,1.1369411,-0.47303667,negative,3
20111034,after,0.44320645,0.26225226,-0.52202835,-1.6611302,-0.25679808,0.39229933,-1.3282795,-1.1176594,negative,4
20111066,after,1.3075545,-1.5549778,-1.4533576,0.48538004,-0.86540709,0.65581023,1.5643224,-0.80133425,negative,2
20111100,after,-0.89700035,-0.30172721,-1.2227618,-0.60665784,-0.52034171,0.4715235,1.0325136,0.62816105,negative,3
20111128,after,0.29384961,-0.33509696,-0.11631428,-1.6950543,-1.4359524,0.14277112,-1.2809431,-1.3411125,negative,4
20120079,after,2.9480725,1.9993952,-1.7462225,2.3579842,2.0820775,1.2852953,-1.198608,0.1053689,negative,3
20120089,after,-0.44521927,-0.023200183,-1.5217716,-0.6978862,-0.081957247,0.43824532,0.30268472,-0.22499803,negative,3
20120116,after,-1.2259617,-0.19625501,-1.0718986,-0.44772235,-0.24844801,-0.13597714,0.60310051,0.97919925,negative,1
20120120,after,2.3304817,-1.7169147,1.9305223,0.39246008,-0.4763307,1.7380319,-0.35561741,3.276979,negative,2
20120200,after,0.19192368,-1.4669891,-0.86001475,-0.43081886,-1.3066811,-0.61505495,1.530688,2.4425385,negative,2
20120206,after,0.56608573,-0.20558965,-1.1775607,-0.78673182,0.2196058,1.3629868,-0.70851299,-0.18117042,negative,3
20120227,after,-1.8185326,-0.61551994,0.61159447,-0.72603158,-0.95902893,0.35502589,2.3349019,1.0538752,negative,1
20120375,after,-1.4137947,-1.0407454,1.3438103,-0.41990747,-1.0530287,-0.027179243,-0.36467627,-0.42618036,negative,1
20120441,after,-0.22553724,-2.2894623,0.42677488,0.35509872,1.6744977,0.46561176,0.88647313,0.30945584,negative,2
20120541,after,0.37007333,-1.9919559,0.067570744,0.39639793,0.561917,-1.2186617,-0.72364104,0.074821156,negative,2
20120567,after,-1.0008321,-2.0158588,1.3039763,0.93278334,-0.66007817,-0.62236812,-1.1931629,-0.74199255,negative,2
20120642,after,-1.4771229,-0.66073077,0.61200392,0.88575654,0.26895496,0.89098426,-0.81920821,1.1294725,negative,1
20120705,after,0.17201025,-2.1991324,0.78440421,-1.4742015,-1.3770949,0.7198029,-1.0941261,-0.1836265,negative,2
20120723,after,0.46580868,0.89599555,1.6554126,-1.0894028,1.6491694,3.0591725,0.91344572,-0.5193766,negative,4
20120830,after,-1.5746902,-0.0041014435,0.2826412,1.2116627,-1.0685161,1.2967738,0.57149402,0.4424478,negative,1
20120890,after,-0.35554645,0.32763367,-1.3467856,-0.55972934,0.507942,1.7445505,-0.25158264,-0.89732532,negative,3
20121002,after,-0.9329236,-2.10314,0.55484364,0.92921728,0.31379655,-0.0065434017,0.5214187,2.4105038,negative,2
20121026,after,-0.02954748,0.107784,-1.3933691,0.32793971,-0.42917268,0.11599214,0.12230579,-0.58211372,negative,3
20121119,after,-0.84170287,0.9239058,-1.1593095,-0.4240131,0.55105839,-0.45945609,0.005735214,-0.072773945,negative,3
20121150,after,2.2249692,0.67985613,2.092761,-1.988277,-0.34552667,-1.8223353,0.4439693,-1.4805981,negative,4
20130016,after,0.40449346,-1.9874892,0.33110217,0.406832,-1.3886285,1.0551528,-1.9355604,-0.17072059,negative,2
20130018,after,-0.32097866,0.4660461,-1.5597143,-0.17286195,0.90227651,-0.32970075,0.41171862,-0.96297571,negative,3
20130022,after,0.37474994,-0.49328654,-2.5024578,0.068687003,0.83810207,1.1558729,1.6629748,-0.4834957,negative,3
20130047,after,0.074253972,0.68466971,-1.7177556,-0.10733491,1.4418137,-0.72532773,0.43276336,-0.44366188,negative,3
20130057,after,-1.2681733,0.99948803,0.58874182,1.617571,-0.12649475,0.22001284,0.44869326,1.3996299,negative,1
20130073,after,-1.3751135,0.51547389,-1.0066937,-0.54102371,-0.20302744,-0.073474489,-0.018432225,-0.039598589,negative,1
20130253,after,0.77606835,0.24471532,0.62588175,-1.491579,1.0099364,-0.34779286,0.62541871,-0.49917484,negative,4
20130286,after,-1.1476104,1.0945023,0.18808074,-0.026896904,-0.034077151,-0.79491086,0.88514993,0.70012637,negative,1
20130297,after,0.30291113,-1.37803,-0.52998227,-1.0965298,1.0572212,1.7448625,2.8117127,1.9741896,negative,2
20130301,after,-1.0467779,-0.06736053,-1.4500867,-0.3995664,3.2945876,2.9179062,0.09385375,-0.72739286,negative,3
20130321,after,1.2494721,0.54820541,-0.97181837,-2.1966166,-1.8582084,0.23178056,0.79060365,-2.1270161,negative,4
20130332,after,0.50097819,-2.0836596,0.078324449,2.8788275,-1.7942458,-0.8779382,-1.8479641,1.517857,negative,2
20130340,after,0.082428325,-1.0394249,-1.73616,-0.44720725,-0.36715064,0.44205104,1.3336546,3.2188673,negative,3
20130470,after,1.8257312,-4.3831113,-1.1065011,0.5866576,3.6513466,0.54297942,1.4434046,2.3832528,negative,2
20130501,after,-1.0327805,-2.4748256,0.71941395,0.44135604,1.5119048,0.71522966,-0.0634799,2.751592,negative,2
20130536,after,1.5199499,-2.6319749,1.7310795,-1.2853848,0.12587862,2.2964329,-1.3434619,2.3706391,negative,2
20130540,after,0.3494642,-1.1967028,-0.15282894,-0.084395558,3.5112203,1.3914945,0.92858141,1.3635382,negative,2
20130635,after,2.1555437,-1.9018045,-1.0891377,2.3242099,1.8349723,1.9403486,1.7605863,-0.64307863,negative,2
20130666,after,0.66004998,-2.0905721,-0.43359135,-0.44634408,0.41463388,-2.0748238,-0.20895243,0.26190003,negative,2
20130667,after,-1.3018717,-2.9640138,2.2235032,1.150387,-0.26205445,0.88185389,-1.0406719,-2.3045404,negative,2
20130813,after,-0.39921345,-1.7572616,-0.48760428,-0.062383397,2.0902398,-0.80131324,-0.22266491,2.3589909,negative,2
20130909,after,-1.3516475,-0.092635257,1.0625092,0.67312555,-0.29908513,0.56276474,-0.07007824,-0.087153966,negative,1
20130929,after,-0.67587536,-1.394561,1.6336866,1.1614454,-1.1365757,-1.1783708,0.099806437,-1.389963,negative,2
20130957,after,2.0460239,-2.0309496,-1.1564969,0.17692997,0.70029397,2.099025,4.2337791,0.86321329,negative,2
20130977,after,-0.33093867,-0.11959555,-0.67264598,-1.1546476,-0.23551291,0.53816822,0.32037956,0.89610484,negative,4
20130990,after,-0.13921226,0.33479654,-1.1508658,0.36561922,0.63970781,1.5134385,-0.47869753,-0.64571148,negative,3
20131001,after,-0.95051612,-1.2666725,1.6206588,0.33932094,0.9157255,0.73199193,1.0567896,0.69420321,negative,2
20131002,after,-1.3007494,0.50309809,-0.79628211,-0.16796531,-0.61103357,-0.030134928,-0.15000543,-0.193861,negative,1
20131017,after,-0.1889236,-0.45776431,1.9897596,-1.5239485,-0.72466097,-0.4401142,-0.34232506,-0.56752963,negative,4
20131018,after,0.42153346,-0.28834941,-0.14219087,-1.2450269,0.44438821,0.69812056,-0.29154066,-0.64566244,negative,4
20131031,after,2.5715382,-1.9762345,-1.7431339,-0.59129912,-0.80255312,2.3535685,0.51067112,-0.34838319,negative,2
20131050,after,-1.4356283,-0.38205896,-0.43849159,-0.37287229,-0.72539982,0.18779632,-0.61907011,-0.55618423,negative,1
20131057,after,0.99163108,-1.058878,1.7062758,-2.5586347,-1.1148379,1.0692683,-0.99174887,2.4195796,negative,4
20131072,after,0.63721768,-2.1119319,-0.23381022,1.3278965,-1.9720218,-0.96736675,1.6396806,0.94108261,negative,2
20131086,after,0.98387263,-1.5592401,-0.70945587,-1.465019,-0.2263855,1.1734108,-0.56942128,1.7791952,negative,2
20131096,after,0.46009421,-2.0522678,-0.86508317,0.45864915,0.35889764,2.3614066,-1.4308534,-0.95858805,negative,2
20140006,after,0.36830534,0.78019638,-1.4884364,-1.0911393,-0.58735267,0.095600682,1.3354975,-0.20418461,negative,3
20140041,after,-1.1483816,0.35904379,-0.0093833576,0.33153288,-0.14384002,-0.28213803,0.52560769,-0.28559783,negative,1
20140174,after,-0.584087,-0.53078716,-1.3604967,-0.50795761,0.52127337,-0.44207686,0.50780327,0.33395101,negative,3
20140178,after,-0.40083531,0.5596795,0.66157765,-1.274008,0.42320055,0.048959537,-0.70922225,1.0442022,negative,4
20140181,after,0.75813734,-0.41174771,-1.7982486,0.0021066146,2.3655137,-1.2181821,0.39202448,-1.0873443,negative,3
20140201,after,2.2293968,-0.19878997,0.7814781,-1.788838,0.48814086,-1.5648364,1.3937255,-1.2879764,negative,4
20140368,after,-0.64191193,-2.3715617,-0.49210581,0.22700647,-0.26518563,-0.67701209,-1.4620488,-0.38038872,negative,2
20140500,after,2.4693454,1.0077186,3.2174283,-1.4475509,1.6365298,-1.0450977,1.6512165,-0.13275196,negative,4
20140607,after,-1.1390088,-1.0770634,0.196826,-0.47093599,-0.47034692,-0.66707114,-0.63464134,1.2565674,negative,1
20140615,after,0.93999206,0.54444455,0.24436416,-1.7418614,0.59543117,0.23712083,0.65624486,-1.0060138,negative,4
20140686,after,-1.2108337,-0.15758893,0.90603529,-0.33391321,-1.083656,1.545844,-0.20182124,-0.45184477,negative,1
20140726,after,-1.0904409,0.61328862,-0.82246558,-0.70338852,-0.55924037,0.054439605,0.10101334,0.23423132,negative,1
20140727,after,-1.1784066,0.046943798,0.59130892,-0.036857784,-0.63638167,0.59624032,-0.66734739,0.53338656,negative,1
20140838,after,-1.2200758,0.34856628,0.72542529,-1.1067994,0.20889266,0.79683349,-1.168239,0.2865444,negative,1
20140873,after,0.40357451,0.42512943,-1.3816364,2.1962259,-0.074353222,0.59790854,-0.75384994,0.27811579,negative,3
20140918,after,-1.2123357,0.2922881,-0.22563266,1.4455147,-0.91908161,0.9573869,1.2981393,-0.079571935,negative,1
20140979,after,0.57738683,-0.37742275,3.3123362,-1.8223232,0.264965,0.40455006,-0.062044193,0.06414562,negative,4
20141021,after,-2.846956,-0.6847973,1.061128,-0.85568781,-2.5226424,2.6844357,3.8579136,2.8562874,negative,1
20141035,after,0.91045714,-1.4695981,-0.85229683,0.28057594,1.7426575,-0.83416122,2.0058158,-0.78879542,negative,2
20141039,after,-0.66152161,-1.5052907,1.3791362,0.5118491,-1.212552,-0.75893012,-0.3625738,-1.2352499,negative,2
20141074,after,-0.12571381,0.76670195,-1.3462568,0.94370212,0.88423536,0.15408238,0.5856434,-0.45134098,negative,3
20141148,after,-0.41250834,1.882358,-0.28639348,-1.3670489,-1.0204026,-0.037288032,3.04031,-0.44448613,negative,4
20150053,after,-0.82997713,0.87789414,-1.7673244,-0.26562477,-0.24616245,0.77466027,-0.037567796,0.24944298,negative,3
20150069,after,0.67916443,-0.86529411,-0.92052434,-1.2844891,-0.40124344,-0.30865488,2.5156719,0.61436944,negative,4
20150083,after,-1.1389112,-0.50410492,0.73231591,0.64407586,-0.2101609,-0.47357289,-0.28652745,-0.92917403,negative,1
20150097,after,-0.50058158,-0.22268598,-1.3959705,-0.95597382,0.21241028,-0.34641598,0.27723726,0.30101848,negative,3
20150100,after,-1.2458811,0.057484703,0.48816393,-0.065222316,0.53550642,-0.06959343,0.30179147,0.21073068,negative,1
20150108,after,-0.10012154,-0.047830627,-0.29856503,-1.1744112,-0.034972568,-0.49235872,-0.25154978,-0.57724613,negative,4
20150123,after,-0.19349086,0.10070504,-1.2317485,-0.58201947,0.53969325,-0.30236683,-0.15789285,-0.41712873,negative,3
20150187,after,-0.95035626,0.44285148,-1.1998521,-0.6599409,-0.065545431,-0.40303697,-0.26020137,-0.18081788,negative,3
20150231,after,1.4696412,1.3232512,-1.4630341,1.2424557,2.1513383,-0.43198892,-0.029220205,-0.25838972,negative,3
20150285,after,-1.3941613,0.69765469,1.7453532,-0.60330447,0.57755585,0.15134301,1.6548947,0.062718827,negative,1
20150306,after,-0.1169877,0.13168404,0.1250157,-1.2634011,-0.8553599,-0.56991377,0.056206407,-0.32496974,negative,4
20150359,after,0.9773202,-1.4190522,-1.5004377,-0.81819619,1.4170378,1.6027179,1.5866656,-0.59345826,negative,3
20150441,after,-1.4480379,1.469912,0.017881016,-0.18486965,0.3593031,-0.58882077,3.1434139,1.7199181,negative,1
20150451,after,-1.2053185,0.33004643,-0.27257987,-0.41219003,-0.083982269,-0.094985485,0.59469151,0.97014962,negative,1
20150491,after,-1.1924263,-1.1983168,2.1858298,-1.1935988,-0.61111597,1.6658779,2.8948814,5.3998232,negative,2
20150532,after,3.6200512,-1.6460914,-3.0327912,0.38209445,-2.4376919,1.2919496,-0.15173955,-1.7048198,negative,3
20150546,after,-0.73904711,-2.0067928,1.2096349,1.1458485,-0.27016267,-0.38363715,-0.48282909,-1.2200397,negative,2
20150561,after,1.6905806,-2.3141023,-1.6334064,0.32768585,-0.017158708,-0.059189685,2.8239247,-1.7631109,negative,2
20150628,after,1.8747334,-1.9444646,-0.077498325,-0.086288294,1.8483429,-0.38194867,0.31974885,-0.48192063,negative,2
20150629,after,-1.1895798,0.3214497,0.10513918,-0.19591143,0.014992334,-0.87397048,-0.013334969,0.5266432,negative,1
20150656,after,1.0620358,-2.0244054,-1.140262,0.21640774,-1.0832144,0.59337849,0.34010795,0.7234705,negative,2
20150717,after,0.12593533,-1.7344654,-0.24542695,0.46737089,-0.089689434,-1.5453805,0.78241618,-0.11583323,negative,2
20151119,after,-0.1035654,-2.0291589,0.71483637,1.1218851,0.49607109,0.97938455,-1.3003254,-0.70556053,negative,2
20151160,after,-1.1672164,0.3895716,-0.2855967,0.1177028,-0.33216281,0.43056026,-0.17020935,0.1605201,negative,1
20160006,after,-1.1414769,-0.093383392,0.059748427,0.19141712,0.59570167,0.20117676,0.88569802,-0.55087778,negative,1
20160102,after,-0.99620856,0.8612627,-1.5917512,-0.20823518,0.13076483,2.0648406,-0.14805363,-0.18481703,negative,3
20160132,after,-1.1085319,0.53633224,-0.87630224,-0.69030731,0.061571277,-0.55809226,-0.2704589,0.31225479,negative,1
20160145,after,-0.84519028,0.45008657,-1.162871,-0.68832715,0.38140985,-0.94635076,-0.026643065,0.065035153,negative,3
20160199,after,0.93267964,-0.38716533,-1.6273392,0.08010236,1.474794,-1.1211547,0.73353138,-0.5878682,negative,3
20160232,after,-0.41282939,-0.18155709,-1.4804501,-0.2162059,-0.22503843,0.48748733,0.74492514,-0.5247907,negative,3
20160288,after,-1.0860454,0.90391165,-0.37516376,-0.17460941,-0.025292502,0.70604057,-0.20767724,0.8807351,negative,1
20160539,after,-1.2126193,-0.020688662,-0.92714969,-0.36244503,-0.25363959,-0.55908307,0.30836464,0.46740428,negative,1
20160711,after,-1.1096272,-0.55497246,-0.2263981,-0.86682235,-0.47541003,-0.64291344,-0.14383021,0.15111608,negative,1
20160861,after,-1.4011768,-0.89543102,-0.45402538,-0.011974996,-1.3877403,0.67848115,-0.76980288,-0.99703685,negative,1
20160922,after,-1.5622026,-0.4562724,0.16124899,0.60345364,-0.7143935,0.28180021,1.1451327,-0.31285014,negative,1
20160927,after,0.33749545,0.36090643,-1.3093319,0.0075931861,1.4527133,-0.2588435,0.59932804,-1.0615347,negative,3
20160980,after,-1.3832392,-0.10636367,-0.4061539,1.2141951,-0.25301002,-0.48414618,0.48961388,0.072549619,negative,1
20160994,after,1.4534728,-1.266148,0.19210603,-0.78930404,1.0932014,0.46174673,-1.04577,-0.90987343,negative,2
20161003,after,0.08422351,-2.1674666,0.39543059,0.48836982,-0.9729733,-0.53561258,-1.4873378,3.0676958,negative,2
20161087,after,0.656186,-1.3963709,-0.90402515,1.3449074,-0.98212222,-0.29933507,-0.88373017,2.1933707,negative,2
20161098,after,-0.082333424,0.050302943,-1.601464,-0.82677649,0.078025608,0.22642542,0.55497069,-0.23963874,negative,3
20170023,after,-0.31513247,-0.89893237,0.34208017,-1.311904,0.1468336,1.0549444,-0.23285062,0.24035425,negative,4
20170039,after,-1.2595461,-0.15667042,-1.2751944,-0.62905407,-0.19689422,-0.07791203,0.52544042,0.63730281,negative,3
20170117,after,-0.64598895,0.46100498,-1.0443909,-1.079004,-0.50748642,0.044202442,0.15444973,0.48154065,negative,4
20170135,after,-1.2413594,1.2516073,1.4942089,-0.14269543,0.49449318,0.43839694,0.37747926,0.12305098,negative,1
20170228,after,-0.75034933,-0.0049321859,-0.38448686,-1.0943275,-0.24546969,-0.075557875,0.22568027,0.57902801,negative,4
20170245,after,-1.2517987,0.38243295,-0.63230216,-0.09034483,-0.096010564,-0.40721582,-0.22196207,0.24427089,negative,1
20170348,after,0.99392185,-1.2043038,-0.66651454,-0.91712358,2.022523,0.84011768,2.2505603,1.4531031,negative,2
20170375,after,0.0061807655,-0.062505681,1.2627505,-1.6896796,-1.0989888,0.70427015,-0.5992765,1.2854988,negative,4
20170410,after,-0.17381976,0.30000238,-1.2933407,0.1370654,0.21889675,1.0247033,-0.081429734,-0.34160023,negative,3
20170432,after,-0.021572405,3.1633709,2.5174635,-2.0850704,1.8093237,0.60925451,2.7590577,1.7015323,negative,4
20170504,after,0.59710669,-2.5212634,-0.36575727,0.35912277,1.8865652,0.20063727,-0.44254558,3.3492032,negative,2
20170548,after,1.069875,1.956552,0.76147227,-1.371696,-0.23390768,-0.74868436,-0.61406605,1.65437,negative,4
20170587,after,0.75570547,-3.1581169,-0.38742234,0.19534356,-2.0417266,1.0605,1.1571649,5.0234331,negative,2
20170596,after,-0.6352947,1.1483435,0.84731236,-1.0652477,0.62857383,-0.76299776,-0.85130354,-0.22493504,negative,4
20170676,after,0.17927539,-2.0190157,1.5829284,0.4293058,-0.64225743,3.5157779,-1.2319923,-1.8422802,negative,2
20170749,after,-0.86482889,-1.5431908,0.60620472,1.4435311,0.7638105,-0.1928562,-1.4520326,-0.29846021,negative,2
20170832,after,0.7573406,0.15875397,2.0333004,-1.0618282,-0.61113057,0.29828887,-0.45646912,2.1588295,negative,4
20170866,after,0.4499886,-0.4159778,0.068559386,-1.1627212,-0.062528229,0.014383509,0.024539305,0.13731556,negative,4
20170984,after,0.9322987,2.7626951,-2.3899319,0.32414711,1.5949442,3.9247457,0.17910343,-0.42664799,negative,3
20171126,after,-1.13554,0.66080939,-1.2673382,-0.64704379,0.22301295,0.029024637,0.060374977,0.1324432,negative,3
20171130,after,-0.26775096,-2.9808577,-0.47914074,-1.0424689,0.33038503,0.48044304,1.8092886,5.4102937,negative,2
20171155,after,-1.4211695,-2.240823,1.1963514,3.3567879,-1.5837409,0.38364099,0.61831567,-1.1604205,negative,2
20171171,after,-1.4970466,0.10094301,1.2060884,-0.12751012,-0.17820338,1.4964455,1.2940776,0.65431118,negative,1
20171182,after,-0.030454335,0.097796913,-1.333813,0.43646541,0.013352611,0.36827711,0.097043565,-1.1807952,negative,3
20171189,after,-1.1599723,-2.4869253,0.45942003,1.7809276,-1.2901626,-1.0429697,-0.28502315,-1.9889592,negative,2
20171200,after,-0.76734667,0.34075751,-1.2814729,-0.33828539,0.30977975,-0.4677982,0.12000494,-0.3470207,negative,3
20180009,after,-1.2216764,0.079854986,0.70913967,-0.48747851,0.060395042,-0.60330877,2.2754294,1.0271171,negative,1
20180016,after,1.1888335,0.22943929,-0.82695835,-1.5231145,-1.0123357,-1.1880086,-0.83611549,-0.24150778,negative,4
20180039,after,-1.1477861,0.49127875,-1.0712745,-0.80923757,-0.01581415,-0.33471454,-0.45759766,0.12450983,negative,1
20180050,after,0.13291032,0.21069841,-1.2091677,0.5888856,0.74692262,-0.12547326,-0.15488281,-1.1823841,negative,3
20180096,after,-0.7819743,-0.48519778,-1.8924157,-0.66738762,-0.568018,1.3437774,0.80231485,0.67982517,negative,3
20180099,after,-0.58751855,0.11433324,3.7475212,-2.4162119,-0.82780015,3.160805,-1.6929213,3.4447953,negative,4
20180148,after,-0.30823738,0.1221665,-1.2963707,-0.93698801,-0.70523334,-0.22482532,-0.38810558,-0.11312864,negative,3
20180181,after,-1.0940584,0.71033143,-0.77605063,-0.34021436,-0.0034895709,-0.66263046,-0.1873783,-0.1625742,negative,1
20180182,after,-1.1691858,-0.82571205,-0.27172383,0.32496208,0.56654676,-0.37877548,-0.67465672,-0.20667706,negative,1
20180194,after,-1.1812688,0.49962869,-0.95448854,-0.20220129,-0.31380251,-0.080035654,-0.23604986,0.075297295,negative,1
20180244,after,1.3721553,-2.1631402,0.08393146,-0.01243185,1.6784289,0.57788309,1.8424376,0.15438238,negative,2
20180263,after,0.53700756,-1.2056531,0.14864245,0.088416865,-0.41518689,2.3609018,3.186861,-0.3991453,negative,2
20180278,after,-0.14476655,-2.1059523,-0.082477162,-0.13106229,-0.75053933,-0.34968087,0.12195265,0.67636345,negative,2
20180287,after,-0.76297224,0.46094419,-1.1927776,-0.2406523,0.20088717,-0.24675932,0.025905121,-0.65527231,negative,3
20180333,after,0.7764013,0.71055757,1.1349965,-2.1540771,-1.4676966,0.079718904,-1.7545213,-0.57092562,negative,4
20180339,after,-1.2342063,0.60409826,-0.4295741,0.33632894,-0.64117355,-0.23438738,0.29882448,0.087147691,negative,1
20180346,after,-1.0837496,0.24585308,-0.83115756,-0.49614911,-0.29412528,-0.25526037,-0.35673606,0.54835845,negative,1
20180435,after,-0.39189952,0.78712044,-1.5484392,-0.58759668,-1.1644721,0.3237733,3.2114966,0.67522694,negative,3
20180516,after,-0.02008374,-1.3678776,-0.34659605,0.35152415,0.39753806,-0.64956218,0.47829566,0.21414111,negative,2
20180545,after,-0.26346012,-2.6741985,-0.032901117,0.10126575,1.8480822,0.92888398,-0.82412744,1.7430158,negative,2
20180548,after,-0.52949735,-1.994404,1.6818875,1.7629251,-0.22715645,0.17905043,0.48635068,0.49427205,negative,2
20180558,after,-1.1122701,-1.8443026,0.64153727,3.6400388,-1.7282167,0.91906091,-0.006019031,-1.3249392,negative,2
20180578,after,-0.25565169,1.3658929,-1.3426511,0.3303129,1.2049515,0.23053527,0.36706641,0.42289512,negative,3
20180610,after,0.48458272,-0.82501163,-1.2804465,0.77243545,-0.319369,0.04748747,0.66434554,0.28068435,negative,3
20180725,after,-1.1963873,1.249345,1.1864497,1.1049033,0.70696872,-0.28780623,0.99354079,0.79968503,negative,1
20180813,after,-1.5942673,-1.7360899,0.74332826,0.47588329,-0.95946758,0.51634029,0.26163223,-0.29542684,negative,2
20181039,after,-0.24292429,-0.043010966,0.21728893,-1.2834872,1.0559547,1.0936633,1.2698998,0.07055934,negative,4
20181048,after,-1.3781262,-0.24445317,-0.47403573,0.1791846,-0.5988558,-0.54109193,0.14274584,-0.57493296,negative,1
20181052,after,1.5852679,-0.086538256,-1.6662863,-1.2765992,1.3010511,2.6826333,0.055734754,-0.9659761,negative,3
20181068,after,-0.7531382,-1.7214151,0.074016455,2.4884196,-1.4159865,0.014202404,-0.4039405,-1.3218188,negative,2
20181089,after,-0.97858409,1.3236733,-1.2580174,0.24006948,0.13565207,0.82721752,0.15539478,-0.0083827142,negative,3
20181098,after,-0.4656255,0.83881413,-2.2947605,-0.050450147,-0.037794601,2.7791767,-0.63868779,-1.1771109,negative,3
20190014,after,-1.3007918,-0.34028916,1.0744708,1.6539384,-0.18268009,-0.45865287,-0.089014088,-0.2094463,negative,1
20190069,after,-1.547033,-0.084422398,-0.84231069,-0.47765417,-1.2570868,0.80969487,0.30943091,-0.21619777,negative,1
20190151,after,-0.98020603,0.84944575,-1.376426,-0.77144114,0.28011709,0.44472104,-0.22191309,-0.52549289,negative,3
20190197,after,-0.15602397,0.71449568,-2.1518539,-0.86720428,1.2621357,2.9716384,0.080911213,-0.49280455,negative,3
20190325,after,1.674778,-1.5145725,-1.7111415,0.034921737,0.64855891,-1.5307064,-0.64418531,-0.72398915,negative,3
20190332,after,-0.68047165,0.26049576,-1.3074237,-0.44155001,-0.036427563,0.79864802,0.37854331,0.029980108,negative,3
20190397,after,1.4318316,0.71673754,-1.7915382,0.0055915789,-0.38712592,1.4821709,3.4542277,0.64634966,negative,3
20190661,after,1.2448518,1.7123482,3.7946776,-2.0388281,0.87623335,1.6688044,0.2600534,1.0467699,negative,4
20190677,after,-1.1667071,0.42994323,0.44689212,0.015078562,-0.2325766,-0.011342346,0.32529254,-0.54274768,negative,1
20190746,after,-1.0823519,0.033679938,-0.324636,1.2689861,-0.70320185,2.0175759,0.72051725,2.0603171,negative,1
20190777,after,-1.1195248,0.24158996,0.23973465,-0.59461803,-0.019344836,-0.32961714,-0.49875813,-0.86925585,negative,1
20190785,after,-0.65331265,0.084052043,-1.3837637,-0.58710929,0.46442111,1.4661398,-0.88956958,0.17852067,negative,3
20190836,after,0.38815943,1.4207159,-1.1738675,-0.13374373,-0.72710826,0.65621737,0.78945216,1.4548154,negative,3
20190857,after,-0.73247742,1.4645045,-1.4417363,0.9804373,0.096525056,0.99631792,0.38084536,0.74107295,negative,3
20191010,after,0.70173144,-1.8712712,0.051338149,1.4042517,-0.39844235,-0.93427282,0.73282696,-1.7678564,negative,2
20191014,after,2.5304292,-2.1714681,-0.45596706,0.04200676,-0.33199635,-1.9011821,-0.75819803,0.71033762,negative,2
20191015,after,-1.2194561,0.052274424,1.2954277,-1.0645913,-0.46974334,1.0991354,-1.1183917,0.57176046,negative,1
20191052,after,-0.13987382,0.65676837,-1.5857926,-0.78404864,0.32432405,0.80800145,-0.54745803,-0.082957595,negative,3
20191057,after,-0.090795332,-0.4467306,-1.4922974,-0.43308667,1.1768221,0.056754595,0.28412717,-0.63775545,negative,3
20191070,after,-0.83463398,-1.5066036,-0.48949513,-0.50668248,0.41950334,-0.25061502,-0.42734497,0.17054247,negative,2
20191103,after,0.12610975,-1.3925786,-0.20786843,-0.49469505,1.1223112,0.40098546,-1.1589341,0.028438893,negative,2
20191104,after,-0.0071871272,0.39435286,-0.19541525,-1.5140575,-0.97098521,-0.15904422,-0.16792444,1.0254963,negative,4
20191110,after,-0.032448385,0.82795794,-1.2837804,0.48080937,0.86123716,-0.3132959,0.49104388,-0.54285944,negative,3
20191155,after,1.3693284,-0.96885612,-1.2426838,-0.92543084,0.32041901,0.37119491,1.4248246,-0.51658328,negative,3
20191179,after,-1.3584064,-0.11435389,-0.61327218,-0.41451283,-0.79596428,0.42007842,-0.93856261,-0.39164463,negative,1
20200367,after,-0.77418624,0.31392964,0.033351636,-1.2172549,-1.0687421,1.031403,1.5847496,0.60310811,negative,4
20200561,after,0.16788616,0.26773654,-1.4105848,-0.36575857,1.5156015,0.2439003,0.79196459,-0.995083,negative,3
20200598,after,-1.1582479,0.061055374,-0.029491188,0.063367759,-0.63659095,-0.35406883,0.97444847,0.10568986,negative,1
20200632,after,-0.30972967,-1.6641867,-0.60801308,-0.93710298,0.071340091,-0.0018811272,0.56749139,1.2157567,negative,2
20201322,after,1.0049722,-0.19149985,-2.0032612,0.48887695,0.96317338,-0.48406044,0.1115929,-1.212175,negative,3
20201884,after,-0.38306957,0.65333396,-1.3935425,0.16701488,-0.11715657,0.26462001,-0.52844171,0.33188924,negative,3
20202177,after,-1.0338584,-2.2545697,1.3522731,3.6526267,-1.183794,-0.63569275,0.0098759335,-0.66266171,negative,2
20203373,after,1.8132014,0.19689253,-1.2765812,1.3851902,1.0231915,0.68982725,0.56896474,-0.95776105,negative,3
20203660,after,-1.4326348,-1.8198797,-0.54444945,0.40219607,0.13824207,1.3524372,1.7984478,3.5723524,negative,2
20203738,after,-1.7899873,-1.2420645,0.79365029,0.21394753,-0.54573965,-0.36236105,-0.14035683,-1.7620436,negative,1
20203983,after,-1.4258112,2.8536365,3.6648116,-3.4864032,-0.47265506,2.8209723,-2.6033901,0.92193043,negative,4
20204062,after,-1.0990327,-0.3240185,0.35570452,-0.051560474,0.21053458,-0.89664625,0.44158345,0.065547365,negative,1
20204079,after,-1.2599694,-0.32493642,0.00605385,-0.28369261,-0.094121583,-0.60115058,0.18148975,0.25495488,negative,1
20204458,after,-0.18560566,0.928681,0.26490275,-1.3424245,-0.67641128,0.41870391,-0.18632905,-0.67036283,negative,4
20204474,after,-2.0756133,-1.4884829,1.3729322,1.0477861,2.2572444,1.8023331,2.5558248,1.5350694,negative,1
20204655,after,3.1255643,-0.52469682,-1.2692229,-0.73266785,0.42403813,0.18299291,3.0246843,0.35735925,negative,3
20205386,after,1.5008021,-0.25174942,1.3115677,-1.4274235,-0.32264886,-0.16613076,2.8095723,-0.50187089,negative,4
20205822,after,-1.1476832,-0.91516478,1.3396108,-0.033441897,-0.94539491,1.4657911,-0.57735401,-0.94798917,negative,1
20206498,after,1.4500341,-1.194695,0.89032002,-0.87339355,-1.1248473,2.1967119,-0.44333859,2.0267815,negative,2
20207340,after,-1.6861859,-0.23559935,-0.0095806928,0.21739401,-0.28941446,0.28092633,1.3384083,0.79086864,negative,1
20207440,after,0.52294054,-1.9344151,-0.14519144,-0.71484844,2.4808187,-0.31014684,0.91964708,-0.20605836,negative,2
20207824,after,-1.0514838,-1.4587231,-0.48716685,0.30537601,-0.94436925,0.2110471,-0.80353726,-0.0036448155,negative,2
20209125,after,-1.7476511,-1.1471928,0.58500477,0.55112669,-0.46742717,-0.44375771,0.39561439,-1.2908186,negative,1
20209220,after,-1.1065796,-0.13047812,-0.67275707,0.14974394,-0.44132584,-0.33922502,0.44902543,0.68681926,negative,1
20209245,after,0.59714148,0.11909307,-0.85652243,-1.1795524,0.49475714,0.77463842,-0.72337066,-0.44146789,negative,4
20209372,after,-1.5763515,-0.08542209,0.71050135,-0.46827604,0.71761357,0.14739248,1.2470039,1.2490293,negative,1
20209664,after,-1.1390815,0.30170789,-0.7825284,-0.38204272,0.15606284,-0.78302953,0.12504748,0.1702447,negative,1
20209838,after,-0.84531376,0.38392937,-1.4484319,-0.55592296,0.19513918,-0.027371441,-0.34819319,0.10313352,negative,3
