track_id,PC1,PC2,PC3,PC4,PC5,PC6,PC7,PC8,cluster
20010049,-2.4040962822198946,0.90566198429989342,0.87614804522233869,0.82946634860516955,-0.045586508619975902,-0.75548711082676956,-0.39603682372241372,0.082624195628186542,4
20200994,12.464757231759281,0.050022611878970585,0.23149519892707446,1.7342975868695947,0.74952545764437162,1.080827335491368,1.3035891373953479,0.29898454331363139,1
20180941,3.1397417573626925,-1.1102008289556424,-2.2761187025846081,-0.46637287938882455,-0.050997119315531012,-0.21861460031794994,-0.10020376512058732,0.12049366571148491,4
20100872,3.3990837627958146,-2.3336579418702166,-3.8503976634034669,0.34978098200570978,0.07529984852720642,0.27273436112073562,-0.20615629872589331,0.54029341594233038,4
19970364,-0.27324372697561272,-0.15714135246763272,0.87665567793915622,2.2405541700383091,0.75434294316346939,-2.0637939909059986,-0.87640904612545356,0.61782764678467883,4
19931162,9.3469220768113956,1.4939116101812673,1.7456916131057838,0.33655176468743242,4.1008518028164573,-0.97133266608362612,-0.84897670108459444,0.85142552478320999,1
20030762,1.7442706584287213,-0.46732695084546338,-4.0311233593716631,2.0127604904346659,-0.89646032426351663,0.26543503658386691,0.73529384340076021,-1.067089883438249,4
19960665,7.9091177268419877,-1.1491883577607358,-1.249299196684029,0.99366832651712744,2.9440100957619442,-0.0067399547205463347,-0.43861993984091435,0.704461620794821,1
19790205,7.0570659279947892,0.21772772452190162,0.53373839123669475,1.1967371428758229,1.2200329651305091,-0.38444537881244417,0.7072923095407645,-0.071615339702455511,4
20110398,5.0761787172815236,1.6307201149382802,0.82587539479713579,-0.78135463454180987,2.5667603230297122,0.40400339584222589,0.28236853597676931,-0.89084188012752785,1
19800411,12.950549132014524,1.678877276108043,0.11824730609358532,-0.1482085903348411,2.1553115385964481,0.48816412031286671,1.8672086773405974,1.2253139502008554,3
20111034,2.2354899399261305,-0.085617312701176465,-0.96439819652774006,-2.7221170264505732,1.2367065099607168,-1.6133219661014275,-1.1990499261118392,0.1916125853115441,4
20140766,13.044937321259392,-0.78725970060921469,-1.3903623851338833,0.75619328565418253,2.7788158187649317,0.95885652043365355,0.072876067558173441,-0.77795050311829805,1
20202365,8.7280612106581223,2.9001818105731636,2.6758969098352061,-1.2785796738976316,3.2897093900761107,0.66860318182360901,0.39920110231274097,1.1044469598375397,1
19840892,1.9088925057199879,-1.9894737551126052,-3.18747125946572,0.62886977921427745,0.089450530531717351,-2.3323274106085359,1.6232678803383047,-0.79131937638668981,4
19840433,1.602663755852699,1.2805276605230309,2.7318243670334739,-0.56623935284873872,1.4907658687065128,-2.3292651650837715,1.0348216984231033,0.39935570316177388,3
19920976,6.3780341103472802,1.0113451130871796,0.20313044399150637,1.5110023371513104,0.39883648819810052,0.38089289808897797,1.4264627547821862,-1.3799566603902742,4
19790048,4.2760146717750667,1.9347997937424315,0.91844730001512942,-1.7585518214689255,0.4531229540129299,-0.98938601873303722,1.41587585411308,-0.64771271375250028,3
19901102,0.52904165784705359,1.2327713382714864,-4.4640487617175442,0.86893200302367746,-0.03707028553829967,0.89299948360179449,0.36529059007506182,1.2734055392223835,2
20020159,-0.73015320219335333,0.92172270897195052,-1.047331923837683,-2.6221867939242394,1.2685201533049091,-2.3714758759155141,1.8017595165977887,1.0652267817539849,3
20010527,8.1893062810277968,2.9930567924383547,-0.85494926453218456,0.8948739884516016,0.44412474902386906,0.11688809775444131,0.10132197116530435,0.75960638590734642,2
19900520,7.4086493404060558,-1.9163102567447108,-0.065325945595644391,0.73229005032137262,1.191617810104824,0.4719779710779845,-1.4059397345500813,-0.73251718523188258,1
20091031,4.2533678432444955,0.43833998020357778,-0.8956971502701716,0.55310240402580024,0.84531152341312243,2.8377511997875651,1.2637964461939999,-0.11207593530256822,1
20050427,-1.030823306555553,1.6771152324490697,0.47745935027961761,-0.39931930988693509,-0.34101227529464745,-0.71055438930456716,1.4740740398161225,0.29891049509077772,4
19841134,1.2281713794167965,0.68108131006770223,-5.3825073563846173,1.0930475589516961,2.2115533172876591,1.0157203575332021,0.96515786503961454,-1.0321815934467724,4
19960625,29.454122874784616,1.9964097364577094,-1.0655660657631461,0.57836831980843284,9.319048345985669,-0.74255448738332008,2.6335372590545671,4.1639291615920557,1
20050708,3.7449953984393032,-0.39365757880315494,-4.135790187407256,-0.18304864899393691,0.96651148886048643,-0.29424740353522361,-0.078707933109113434,-0.16361235456299245,4
20141039,-2.564895307933257,3.7913534277898973,-0.45578445492624337,3.1547847216304019,2.1022755959865815,-0.43686633087735227,-0.5320349035005747,-0.68685944590600823,4
19950580,1.373441227006984,0.33477537800244639,-1.392312285827678,0.67145127931150872,-0.54209207587392783,-0.70105315560310266,1.3242723275589605,0.15685666622589289,4
20160337,6.4829342304050099,-3.8314366724380826,-2.1302788303346549,-0.26113260987393266,0.35424459379377682,1.2477089058551423,-1.0613482404968886,-1.108255908581077,4
20204655,20.356578568872827,0.75174901814869832,1.2828869044341862,-3.4004297017533052,0.80827750379850472,0.49443240200074384,3.4645336829290296,-0.01892613967943322,3
19970984,5.7152054045557605,1.5607890012606953,-3.3250977384950806,-1.1895171401308438,3.2592321595647173,0.23055487172302566,-0.42202053714341059,-0.5103004923350235,1
19990947,11.04935414275287,-1.1149694171846321,-4.2940821351197496,2.0427704976300327,2.9044681005132174,-1.0741300214492331,0.35744017381164572,-1.3770067398880061,1
20130613,-1.6328087281911576,1.0569760795343885,-0.56223508842277381,-0.65712613375151196,-0.51734763766027669,0.079164930337076792,0.813450372719693,0.66306531184772233,4
19850248,-6.043345224161988,2.35446739468264,-0.76377775061184117,1.9792038887960919,-0.49531683803837934,0.77545176796630633,0.47804573051813726,0.91889415630441007,4
20130162,3.9950609693856891,3.9107743005762359,1.2992526946926217,-0.34040741056715829,1.6864612891645581,-1.0051669127216263,0.069983662762380702,-1.0624313925946516,4
19800205,27.248326920249223,4.0704712335907693,4.5217764520806423,-1.5412241093092989,-1.2268285253894726,1.883063383428816,5.223773299641338,2.7487892165965842,3
19981089,11.112219297804483,0.82086104202737686,-2.0629357637840915,-0.38015660807895513,2.170662737842957,-1.2192933632035776,-1.565932520045469,1.822811199975197,1
20010567,14.753408568839673,0.89196639052285498,-2.5099283659958496,-2.6179469396389607,-2.1979342875468277,1.2086959249042502,-0.50625681405330303,3.0475180296409099,2
20070518,19.719343637649612,9.1878051824109175,4.7781598506371008,2.5623394914952415,0.38549275657274473,1.675175097671493,-0.38053156013185874,2.6951388273686789,2
19810626,11.113302280803071,-0.15247780366779001,-0.88903028546455476,-0.77550295691315496,4.7779022704509755,-0.46139372645944515,0.25738058154643839,-0.17904484129049003,1
19920418,11.295496254099881,2.8475439272131471,1.9897432743607502,-1.065785774928562,2.8128303021131487,-0.31162113820402215,1.9218039582611686,0.98078574954420183,3
20150880,1.1888730931517484,-0.11626377214516874,0.098648202524647816,-0.77865970810009477,0.19533780092696995,-1.4477357906676569,0.86773009102810106,1.0138591644049779,4
20110205,13.275001834569776,2.3123868653118338,1.7938590197892994,-1.3036706880211018,1.5535944384869265,0.9719387174425671,-0.73859346447976282,-0.44903407282165203,1
19920396,-4.6971988878839817,0.21386060392768133,-1.2770678447990376,-1.9317577917965094,0.30626416818718555,0.15924725518182192,-0.61489416106547157,0.73500687445995605,4
20010535,-3.3725318648710809,1.1327750000514867,-1.7986241338372346,4.3684714485297764,1.1122011384932704,1.0247559750945372,0.068171924367036937,-0.84877009563860317,4
20000745,9.8316698239082481,0.89928935082955952,-2.624897134508942,-2.6164956330303166,0.037355114222608711,-1.3853055656218147,0.84844667566311394,0.37916252360943109,3
19970797,4.5852111213272213,-4.0086097991604426,-2.4169982945216746,-0.54516022264399988,0.81853957524177456,0.40026217238556766,0.23070382235181588,2.4656882587762863,4
20140651,1.9035819956641868,0.80772613611271515,-0.3671188145078319,1.1646428265091386,0.48314526310761535,-0.90883515258156933,0.65064878586895369,0.58735848549350034,4
20141180,-1.7000551332664064,1.0832617545314929,0.68906041169163834,-0.72385149695519579,-0.84657196347666919,-0.23950317318052808,-0.74452475838858501,0.45318971463992713,4
20120206,3.3643103002887793,0.73697546887068743,0.57890308253101042,-2.5038561856050823,-0.93949572383889324,-1.3835606322398994,-0.21853944830450375,1.0274243826025764,4
19930531,20.527462720357317,6.276738449830412,-0.16405195617734036,0.13593985562653477,2.7711912263237419,4.9532012577971223,-0.014918062019446928,0.48618693591205858,2
19990329,9.4997160355141546,0.31040951325457899,0.27079589298017792,-2.0502008764636859,1.2855390621552547,-1.3935407944490736,-0.65936517020250007,-1.0625118300345704,4
19880068,-0.59700847549146807,-0.25337148622923683,-0.15631847575457367,-1.6111143999128659,0.95686827787792195,-0.42587515193951803,-0.0069026387850427209,-0.20497799817808196,4
20040075,-0.91987320343932011,-1.3461071484111251,0.4505925842828718,-2.3578799078175532,0.97142138455134175,0.27456040771196499,-0.15941026883814827,-0.44015570485780436,4
20090437,-2.5272753482315271,3.0265156191875842,-3.1929152470752138,0.18601977243791473,0.22969651560179524,-2.5346476475606687,-0.40231986225412952,1.3368252081412113,4
20070855,9.1143782380611409,-0.51833152445825137,-2.1521314453677127,0.068834372251967771,2.8797824746874046,-1.1340122403435708,0.44318831932057573,-0.7651209044872288,1
20180654,20.160054471509856,-0.73170288151416496,2.8058449582257121,-2.5416412715490715,3.6499002109855283,-1.567178767806594,-0.4100744909878159,1.7121699909570356,1
20140066,8.3107649966541626,-2.1307886702529584,-1.4646228055544377,-0.086552588901657304,2.4236595097035978,-0.22205639225866117,0.24899411178157924,0.41429367643081894,1
19920358,9.3478289621627919,2.6794730407867218,-5.5464386305277831,-1.3439069357557358,1.476709748287645,0.57979313407790545,0.2869124905497164,1.5211780047205685,2
20030870,1.0546037114247293,4.0424701742388391,-2.9779829882582201,-0.25389630003920688,-3.6868692650327226,1.5131068647525907,0.71381300554933702,1.1620951527055463,2
20131018,3.2625995806199866,0.95752041430170176,-1.8869850498032943,-2.1129039607545663,0.64430400132567245,-0.9532724392031382,-0.1185659558699473,0.42048236410939732,4
20100011,0.060866291647037635,0.17858107409780938,-1.2059627618687401,-0.030745511780706409,2.5428605962474955,-1.7180772292340976,0.2226102259080113,0.42080712510865659,4
20040105,0.40236453447957782,0.054100804760119879,-0.73983326018841233,-2.1359441177682821,0.67054329545693414,0.80293189114884089,-1.0417675503046628,0.024784689702606898,4
20040950,7.020532111340172,1.6510049283673518,-4.4458718104664667,-0.65333263166294542,0.14901610286623845,0.55017929860876513,0.94705285150465279,-0.036307532094778341,4
20180970,2.9627746103783226,-1.2438511450071608,-0.10980750660570326,-1.4538545543012091,0.41545688593192143,-1.140703815047174,-1.4980719940993279,0.32842869945066366,4
20190028,-2.2833862346789089,0.54017660796109912,-1.5166161957115185,0.80712678393366932,-1.0223061675588858,-0.11657263153073734,0.36659544136336025,1.0535421704444474,4
20040957,-1.43616594790972,0.53323971637534484,-0.015474990097710684,-0.38625615592322399,-0.098425795729188956,0.043067591117377575,-0.12388367269763775,0.39529874511263652,4
19831065,4.4274675377753194,2.7050376508074456,1.4499604183702797,0.66300901858712313,2.2547004212186854,-0.33691218321364497,-0.94482357424524854,1.0066328847507717,1
19900709,3.5703114167941408,0.13450038154017505,-2.5899986043396668,-0.53360465959762471,-0.018800794291388156,0.59905933565544978,-0.32125906942962235,-0.15083270408217184,4
19890925,4.1594508485494233,-1.3357322451764528,-1.4781155084003517,-1.0904557902456609,0.965428998543998,-0.75931670547447327,0.44650361743127376,0.042866342579854042,4
20150049,3.1887974109537502,-0.29877037777989368,0.16439604320990198,-1.0112807968622215,-0.60459693504642287,0.31802716813800758,-0.94356037956778382,0.34560409782476187,4
19850438,-2.5849187093023689,0.4380399733869626,-1.455244004917426,0.7309436568605292,0.93635592624744535,0.23556260516362043,-0.035561863365025127,0.047589648615798494,4
20130953,-0.17205552147725153,0.27329736803394916,1.2219963217217222,-0.084684235005706765,0.48556080331674922,0.15718345698155867,0.74823262750918207,0.94076763398693108,4
20050533,-4.2190620830306367,-0.53532855485167652,-0.29497517259831385,-1.3373197954671026,0.36825202524566197,-0.15689300371972528,0.80307965785458146,1.2086817711024058,4
19980224,7.439611297783383,0.42214591829920944,-2.0704657545666199,-1.2966223598616584,1.4536234957043239,0.62776397890877056,-0.49847760466381458,-0.1274474105845449,1
20091007,4.0990238874976237,2.0421926154195464,1.2026146255122656,-0.75220635583941631,0.16762103076455059,1.40920958276018,-0.58303306487134121,1.3729868757799908,2
20140156,4.8320861821535379,-0.96252342315895445,0.40176053371997661,0.16870786420586792,1.6805813699262211,0.067200717480102368,-0.83627774675913946,0.48937055735417762,4
19860853,15.963604164649135,-3.0210490524339342,-5.3850200872330092,-1.0743817052658149,0.25642913919072452,-2.5652273853643761,1.0774265552974269,0.61940473384817318,3
20209135,7.7663584015499643,0.2061232783180546,-0.92829897409205431,-0.52167240021317607,0.44868599921714269,1.5080090379746407,-0.061711159053684364,0.85972105854011338,2
20051116,2.8103204515800626,4.8830854896821689,2.2540073774159048,-0.83035020142825311,0.67330039926705576,0.14742407239013322,0.07389883912869015,1.6299426721433397,2
20000160,14.063989167984438,1.5135802697381717,2.3254506129499437,-0.39733216738674076,4.0513482453986809,-0.16525701290415887,-0.76709867508201479,-0.59851372798228786,1
20191014,17.162817726156891,5.0256394995289106,3.2509684910979328,-0.52676313390601337,2.3944411987796155,2.4994133657233317,-0.71385586245695698,1.5062222357913453,2
20100650,4.628288063096381,2.411930227484278,-2.2371640888836088,1.1260885734130324,0.91397350057421611,-0.86508099438387998,1.4422809591939418,-0.41076871115998159,4
20080319,2.8888858921362268,2.7958096915437363,2.6930146164296405,-1.4786612409405755,-1.0982051897539826,-0.38013423143267244,0.95062206558932649,2.1969393264632027,2
20020352,8.3145555926764025,5.6533462379548105,0.74421853096486879,-1.669578150864937,3.0686193554410504,0.2522076872965171,1.179844421326272,4.0482126565869265,2
20020423,1.847356122928616,2.5887577641462727,0.017590628748497695,-1.258882247286893,-0.47948231237285599,-0.85392455872001649,1.4753541436461615,0.54128642849152142,3
19870214,6.5695668132735419,2.5935104427572675,0.17384451945606283,2.5675447295529032,1.5677479034664552,0.64489410974630168,-0.96810225236829417,-0.13303698426754176,1
20120341,6.7691532768218048,1.5413237738469632,4.7392266859545655,-0.89262560738733032,4.0992033656926123,-1.6554756906954924,1.5218501016477193,-0.26190857586867422,3
20150039,9.9927879222049079,0.78230423226911594,-1.4174173892846404,-2.1656796371439748,-0.23467297725577704,0.8478759926410826,-1.0413869024942313,0.80687674948088817,2
19820765,-0.66969543629470096,-3.7062421313091867,-3.833559232484248,1.8304884255943314,1.0901330485490643,1.4046402969169167,1.9182534258012562,0.013188823214803727,4
20100705,-1.656478870156936,4.7039915795174352,-4.1588710259442001,1.9121661496135312,-0.71062115675559612,3.8948009572297697,-0.72897733927725106,1.6551846153482639,2
19800256,16.520997511473755,2.6457668095738303,1.5667638002489839,-1.8777300379965849,0.81327345948969165,2.2646286172037859,-0.17843293690188097,1.1263873601960983,2
19860229,3.5229128455632983,1.3811628240930891,0.86451069076735021,-0.65687972584570942,1.4783022727895596,0.67953224994326555,-1.0800402959923849,-0.36104341399688145,4
19880215,-4.5986776957517632,1.1733834375373295,0.31330380326314672,-0.34301696603364196,-0.49466783689964017,-0.00025227962339805811,-0.67305197053921195,-0.27768011939253134,4
20090588,-1.9593269591032325,2.2561931253802481,-2.657255342867614,1.3823491135701123,2.3597911841278014,1.4058741401324211,0.054014093507791565,-0.36084767026053771,4
20091022,1.6959203437216748,3.9498936891406942,-1.1520052473041655,2.1704701822464103,1.1288404201125732,-1.0223911764319222,0.26977865450858246,-0.42905456445487561,4
20190536,4.0551213750353812,0.99400792350735523,-2.4147930994887608,-1.1820184810847472,0.52623039905516344,0.22986219405804861,0.7042624214764257,-0.57895356698971512,4
20010995,4.2427735939169162,-1.4808454246198586,-3.2295892472285308,-1.1488501344555475,1.2416448362093992,-2.572303307336985,0.88412725635797218,-0.32788576453995871,4
19901116,1.3040292177109087,2.5182520760493845,-2.1656662018567152,-1.4516044744852137,-0.75689474224812359,0.66041932880387122,-0.090228278988156482,-0.27245691911111963,2
20060769,14.562785906481565,-1.4691277144267614,-1.5092041621908845,-0.77763385291570819,2.4541992564431108,0.59910191247878797,-0.57738849956561988,2.3063851778655224,1
19960496,2.4039506364013303,1.1849184591660447,-0.21070999636751325,1.6535071752548536,1.9795087180805677,0.39322562304906011,0.16603112295879743,-0.022021358014080963,4
20000716,7.1661405629985877,2.3486504919571352,-1.1421514722593755,3.2485199336043165,0.86924182109596826,1.8830726126241328,0.37574907639624305,0.97621457689741631,2
19840557,7.5316139688030264,4.4859527056945687,-1.788112690435995,1.5097741772916446,-0.051268677044926866,2.8619723634735639,-0.71677813319686234,0.25733672881103969,2
20100026,10.805615017288822,4.1358303544457256,-0.45875383132657643,-2.753747517516512,-1.3138373759825146,-3.2856081776848125,0.65279417721281996,0.2367984350589134,3
20070519,6.1235760885715695,2.2006136392260243,-4.1309905182238174,0.8818778472050729,0.91926660698473894,3.7299896162213217,1.2132852013547926,0.72843855913951561,2
20130777,4.0197119691540033,-0.98533083067144667,-3.729567121760474,0.56770793448928325,0.6683034231486239,0.15225925901363371,-0.21176800754332251,-0.25629606103019226,4
19870253,2.4804112391638204,2.2254066844124485,-5.737959542855962,-0.45266800874366803,-1.1787972809949345,0.10284276163850091,1.0416274018277578,-0.52230688482464693,4
19860154,5.0076045982796229,-0.76554144716981598,1.9610131351620423,-0.73386766854089336,1.3454608170670139,0.34828904987968595,-0.96795370820102267,0.51264288944870362,1
20060564,7.2534188071469554,0.72538190487652587,1.6844462450574396,2.4835901884723786,1.5818434141498849,-1.5956210585139539,-0.85439020537585286,1.6306299607671226,1
19990823,4.2233526138274389,-0.084634188792803072,-3.2018768450254895,0.79586193162455932,0.45213676586615814,-0.48688214518622341,0.36217138282500994,-1.2662390023439287,4
20050694,6.4722259604845238,-1.2419127563431904,3.6118855400186738,0.70077858373482194,0.83582773499591834,1.316752224692209,1.8542094420581374,-0.2914326597334998,1
20040932,13.434979022739359,-0.21003019125573535,4.2487947364770937,-1.134629787779722,4.5269289322109527,-1.8201086759012479,-0.59824860756056308,-0.86496958624002962,1
19820652,-2.0661600793858637,0.32948900037432594,-3.1112333970532084,0.049152934050937624,1.7913889137880021,0.61569615535115185,-0.41880149983864051,0.51987301443019351,4
20160253,3.6184197829566926,0.51337547191673893,-1.2925115146312998,-3.0782069647997083,0.54983570678637506,-0.23010195317130272,-3.785243248190187,1.6434117695925694,2
19791072,0.47114598939594865,-0.73060219390791337,-0.81751645702448839,-1.6749422489262535,1.6341852971329454,-0.79793373427642778,-1.113959790799895,-0.55378194909194212,4
20140379,1.524661326834748,0.034510124791383011,-1.1719014802814991,0.10917439947431908,-0.11769520384360169,-1.1354079992871597,-0.85458656850259096,2.1991878716819233,4
20020230,11.762143756324409,0.30933097861752573,-0.81839370829271951,-2.1430903065472147,4.010911661286519,-0.8978743074382437,-0.043979354791116074,-0.33599366957952742,1
19920614,3.8046723028760843,-1.0624311427166924,0.11528897466695902,3.5775124602418624,0.46925051940158641,-1.8716512003016064,0.70895833996290825,-0.038241408305643022,4
20200367,-4.2900118038088921,0.40919705114566229,-0.43828176876964431,-1.7501693710991417,1.6885075352973267,-1.5088086206444769,1.7822896194811906,-0.38359320368848299,4
19791150,10.726326915352931,1.8665021980336074,3.559623855408089,-1.1978075579478293,1.0615298271891322,-0.52624574632500687,0.39872972412369312,-0.7000946773772897,3
20100144,2.5680485412875411,-3.2041454222167669,-3.283933211209817,0.5912206351444087,0.42052040452162393,2.1376693987718656,1.2593720611443291,-0.83089032046429923,4
19890152,9.0147723901142225,0.78496450650555105,-1.283133702645237,-2.0067001227353907,0.012383264226280262,0.32285060579893154,-0.66611190112664664,0.74821404696977456,2
20110244,11.682520572699277,1.7044641918343637,5.0072504913273184,-0.20497882001575488,6.152095668475754,-1.0682627558998843,0.22343393250945526,-1.4931802793273665,1
19990740,13.51444412912484,-0.7167749923852762,-2.6342607896131081,-1.6188681925598762,3.6332693372511726,-1.4354205478972648,-0.77096389281828914,1.3373926921250998,1
20150266,7.5577931245458156,0.97522281589645743,2.2363726356064992,0.61137779887391541,2.2527871775816557,-1.9287090882558344,0.043121576469059342,0.52646754874458201,1
19890971,4.2764048017025473,-1.9819941091012188,-0.7856696753221023,-1.1968609827251584,-1.0159151072217152,-1.9467718435963359,1.9601712016589441,1.0182006260922969,3
20030707,0.74611736175342491,0.34981982087742625,0.18690324053760443,-3.3479212519838093,-0.23063921351391839,-2.9365265222249488,1.7009475992442888,-0.0042953519711032779,3
19900079,-1.8893979916344787,-0.69512311547011985,-0.49618356655256496,-0.48189839399844581,0.60067987657973299,-0.94814949396629611,-0.23344155781473669,-0.57306726752736414,4
19830215,-0.34422371607341723,0.04425916624753698,-0.22285386309494953,-0.058748100411868551,-0.16693493289905809,-0.6264688587992544,0.52901025781749111,-0.16080101555855508,4
19970555,4.2313769450832499,-2.254931025729098,-5.9294358504872493,2.3596683271700032,4.4443534837758971,-0.109256257315428,1.7843015290515591,0.88679830961638939,1
19860162,-0.29933364996065881,1.2757776537044943,-0.033095918330431108,-1.2458170895165148,1.4320696873755088,1.1774932275719538,-0.072241636973299231,0.90110432929677386,2
20070219,4.2217979408585462,-2.3042801501543537,0.11962520049465028,-2.1555029814936,2.0161599087823179,-1.8583004343621492,0.32258996289505304,-1.5325811447563564,4
19860584,7.2352498411255661,-0.92082524009772904,-0.50591858738987017,0.62726520634887728,0.90950422293659872,-1.6567627402551732,0.086132940214372247,1.1768772896731192,4
20030319,3.8482791008433033,0.42179997670512864,-0.88559552825854437,-2.5151546373535449,0.093803596485867807,-0.25794681777888023,-0.15838538226152593,0.041891790437350272,4
19980424,10.916577167927041,1.9652997311451428,-3.4211060601952408,-1.8558087761263951,0.86123782081614153,-0.96706797355873564,-0.4385820310388176,0.45479283876262927,4
19810721,-2.4951088547573774,2.5599417963874225,-1.3962264380347282,0.42355708654696278,1.5774487575179315,-0.70460927798902484,-0.97843012419954112,2.0522488550854541,2
19981054,3.0191956348560338,0.14474454083629143,2.2232074066490948,-1.075974295534694,-1.6330640653008877,-0.54401803865687171,0.89511307295812792,-0.004933538508449296,4
20050361,-0.56276445292110056,-0.012744821893033267,-1.4667522033249456,1.2126528330637178,0.33366438172039986,0.5971262548802605,0.47779884712028858,-0.25741210386995889,4
20091124,3.6147651795577844,2.1344042006129689,-0.98838333813023116,0.021320268780908994,1.7896743884283277,0.051837905496952365,-0.99138473781339431,-0.99257728796149991,4
20120185,5.7621215123481813,-0.16562598212731347,-0.92175346108069889,-0.93532158452292158,1.5192533639123265,1.6542939700861832,-0.20507704896866502,0.11943631777742203,1
20100050,13.053456456947423,0.52480063705852376,-1.8639840666836778,0.013347236559504384,2.0639312325050918,1.4997616695874643,-0.12390873108237155,-0.052130399270633482,1
19990385,6.6331053852067203,0.9476085576852542,0.31214099955533814,-1.9474900641340773,1.7500344653204101,0.62625841354592848,-0.44751783418194102,-0.10533454212843109,1
19850509,9.4303576088375944,-1.5615079901098774,-1.3266118329218346,-0.82426337170709774,1.0888403530086475,-0.44485369956470783,0.38905260930637459,0.16142084544218391,1
19870554,4.602372170053072,-1.5778651549937177,-5.096377350652558,-1.6376145960417785,2.7478035267696579,-1.4325246987439337,-0.43731850555192936,0.74544441959612284,4
20020363,9.2037904677300997,0.44377200828177726,-1.6682817843884941,-0.9474956235534433,0.45408770796977599,0.81042029542526584,-0.03709950265509996,-0.86972489448529122,4
19931147,-0.73754513630061636,1.1083709889774569,-1.3178279698850901,-0.18083813249554931,-0.17260914333704472,-1.1551827639129759,0.70962441412813526,-0.13551320919573012,4
19850479,1.0455820525787223,-1.843051676195399,0.37733697356136753,1.262991398220201,0.91220388509550288,0.15654080986267369,-0.66377602159624416,0.78923222458833986,4
20000595,9.3711177916806605,-1.2231644275865552,-7.0483121489495071,-0.84443306078885882,2.9577648419079918,-2.6547228180646778,1.8951647231533277,0.56295550289407992,3
19890770,1.6484109151908259,2.6824494280692832,-3.2784695237655535,-1.0117763047344499,-0.07298504026665853,0.31924400757637622,-0.77183067217339418,0.87966718099979035,2
20050256,16.168028045587587,3.1441819587583839,2.0224908308713965,-3.2194498347796578,0.46842681350501036,1.000863971429975,0.14751072747910118,1.452575293014446,2
20140098,4.6105102266149558,2.255638911354652,-2.951068406597174,-0.51455226305616253,-1.3402026832947302,-1.0679564916666269,-0.63880943684405078,1.5941711488924259,2
19801016,-5.8108949803921588,0.98641927162415355,-0.77435035668994867,-1.0393966776320911,-1.2720554921250471,0.34592333889722493,-1.141615555643156,1.2981130722186847,2
19940373,8.3865524112674308,-0.22463476142435962,-2.6431875372067335,-0.35797522445880176,-1.1304103292404648,1.0937877836306962,-0.47461969070701476,1.3749845250166861,2
19800948,0.19485283716894103,3.8590150670032188,-1.0212695398935077,2.6142072447898639,0.62975888083076503,1.4910498848224201,0.2411055338426204,-1.1625162080445111,4
20206145,-0.79233587257503479,-1.0743671220537767,-2.6648390605801566,-0.010426871361074652,-0.41101015720298767,-0.91382634204655389,0.55741371205606449,-0.51202687037828931,4
19840242,2.1031591156491256,2.0159888401949257,3.3762514270909119,5.0634244722935735,-0.28976641200480158,-1.0311796694851549,-0.91227491953060502,-0.79340691393626583,4
19940374,-0.83377078339538746,2.1413879272310856,1.8744036143505773,1.7139837420955342,1.6214515783573356,0.13143707501927812,-0.09804596610157959,0.83293423359354901,4
20070989,3.8611356954197191,1.2955751712736363,1.3421973622303156,-1.2778895746436894,2.08698022072653,-0.064278983244213134,-0.19667156076849732,1.7526886519885065,2
19930396,-1.083715697825572,-0.0071342753465039304,-0.36488408547693757,-0.88534043624142245,0.3925049871723757,-0.46434176777363423,1.0646516788209071,-0.57667007694358574,4
19970518,-3.5191004511084292,2.9095006321686712,-2.4969454373909064,0.48828639026468845,-1.1269939708316448,-0.47103519164378149,0.50452954038283604,-0.58119417141585705,4
20090100,0.8602753692516486,1.0804518630857758,-1.6056347434949885,-1.7971273313468106,-0.42792192993230477,0.63882953489831018,-0.42993407589590715,0.46001481198599781,2
20190036,2.1492969913151647,-1.1424327876102571,-0.49297467063394751,0.57897527528057802,1.649710402062309,0.995545326282117,0.65979162629131272,0.4911785686336399,4
19800703,-1.1704813797996831,0.99848838043844701,0.22312743411997979,-0.35804826192890515,-0.64599919573335729,-0.9635436741584118,0.47713654133001332,0.59108054455952497,4
19900742,15.412770831093873,3.7484279889776304,-1.8194541035693987,-3.1278090827252689,0.88845976445071162,-1.0940666219833319,3.1483225489961013,-0.05746242333796181,3
20060913,8.1339727464473999,2.3597869682309431,-11.670284168026029,-0.7425560725763326,-0.1714060237169322,0.42286311740503185,-0.88625969037891816,2.3112293764618728,2
19990928,10.569684635390482,1.0043751560182188,0.98886965632211432,1.9752050041597322,-0.05348370113187037,-1.2540658058676086,-0.3074888691089987,0.51955154033973017,4
20121159,19.617341023251743,3.3358331199685667,3.528616873168215,-1.2531358179255414,3.9527662425498695,-0.36048382470785562,0.52699660321365727,-0.03232501060205669,1
19790820,9.7480367825682244,4.1461982473757937,-1.3150075639805534,-2.9482560700629654,-0.94244200581479032,-0.72106105022718037,0.66813496184035648,-0.083233306596318793,3
19950299,6.6936226344934102,2.33760711758999,-0.063969318208044357,-0.99878363795306413,2.4998199842571958,0.39310017078661708,-0.79734270218259184,0.17377799902532332,1
19940134,5.8273597426104784,1.221483434663742,-0.48988849705732918,-0.96456709323306267,-0.23379897813267747,-0.30222128472439058,-1.6768603167195639,-0.66285635344944005,4
19970836,0.29453107031185966,0.9748084698723265,-1.5803925222931359,1.8233337649930383,1.1046804966546293,0.60691789493459336,0.38394636587422248,0.025205450963591867,4
19870483,6.647363599618437,1.5916458765696013,0.29422392211240261,4.9408170095383728,3.9215302533053253,0.33682864478039737,-0.62241611018755405,-0.86073630808746915,1
20031122,1.5220699849925974,3.1691047398633501,-1.5777272952864343,0.00029114930263402444,0.53107238445297966,1.8609543315767667,-0.42204519110958094,-0.34419073268141076,2
19961070,7.3332483078449382,-0.81340570099735443,5.9313775863884075,-1.2333551323261636,1.9241959791992465,-2.2010648904850969,0.4762445721891686,-0.17396391803080655,3
19800898,0.66876163899299046,-2.1825391346521377,-0.74048331498711784,0.55406569422203156,0.33665570845595227,-0.26139442188622813,0.47365680418234934,0.76820671705584553,4
20000787,-2.3837956312903676,1.8327572114934552,-1.4152538996120256,2.0137664969673947,-1.4734582546598505,0.027884453734686874,-0.029603677145855892,1.3581735293512973,2
20110494,8.3484292702443064,3.8115666490723523,-0.64214529313318092,0.43329544478096038,1.9570538844262093,2.2235617588622545,0.4637800896070659,0.89819498183970115,2
20120613,1.2825405744218474,-0.79938961251750662,0.23635687519067977,0.55664053738018904,1.1989559429345655,-0.19278822707520993,1.3337862707017565,0.64890933919002136,4
20060153,-2.3391108267897742,0.88130941065403645,-2.0510904746897016,2.194034450892195,2.0742119155312255,1.9838241827670609,0.64724347123334358,-0.18178557508257681,4
20160030,8.0416411343260155,0.50227133326279139,3.5346134921190377,-0.27955388801480285,2.0613480795888899,-1.3649438570356327,-1.2534427116460982,0.41246472821771113,1
20051087,0.13923287344122379,0.67765156768143764,-0.011057113083625445,-0.43567590159306607,-0.16748050022705607,-0.81453087071583308,-0.98745590729409716,-0.13063150896832479,4
19820514,0.79184080134782653,-1.9603699769416592,-0.12335121332316201,1.1238128068933244,-0.062254686199813621,0.50151542888118128,1.5988000912257512,0.3135403712331124,4
19920685,3.5292175499988856,0.86208171547971113,-5.5893186345211143,0.097920179956526146,0.12780912096076807,-1.155003960408298,1.2388813658446156,0.63375873877593125,4
19890324,3.7888258612166514,1.3756032466487063,4.2802351234309297,1.3340780554560654,1.4802659381107708,0.60473965493455972,0.47694654322995017,0.98412976834416743,1
19790917,0.81396262780043827,0.42821266306610084,-0.60550506420753281,-1.1757193581361671,1.0351731183776136,0.068835718666562601,-0.19900776078124296,-0.28410315527249025,4
19970901,5.0447549234249953,-0.41194784343242014,-1.1755764910078883,-0.65879643131221211,1.0336617880781025,-0.96076414781933317,-1.1357928190925433,1.9958674932926102,4
19960782,10.980515548235326,-0.98188946609405159,0.7040424810916982,0.044498034574266779,0.57336426875218549,-1.7794174577116599,1.9632686084636484,0.13359821496641286,3
20150135,-5.577918411465359,0.96265080596842756,-1.6493648880119489,0.41228130681784786,-0.24759666826539717,-0.87731607010196544,-0.62557727817121078,-0.49524829883884297,4
20030685,8.4652233736782083,0.044719773457244504,-2.2718161977311344,2.9722835727672985,2.616988749890317,-1.4510806923678599,-0.10579915309661779,0.86183744369178461,1
20120569,9.5603349055337929,-1.0689541176080779,-0.39034644172137745,1.2242560568176346,-0.34491255904383633,-0.31977056981092949,1.9256255749311642,0.82176341357076321,3
19850342,8.5099608780108191,-0.72136740817113243,-4.0208553716885937,1.0398736798799555,2.6829369373826375,1.5674712936057738,1.2981585552278352,0.34730105024493768,1
19940051,15.765043242848479,6.8873651298014877,0.37595713061870439,-2.6616497220458775,-1.6028456050515245,0.074557599770649796,-0.25162103070047653,5.7460285015947461,2
19840975,8.7647185278679949,2.0685389992209111,-2.8488094205337053,-0.47993874516552026,5.4981073098574278,-0.063842445657340541,-0.17382656847177141,-0.43607141873182748,1
20170858,-3.3399429973205614,0.54287167884591037,-2.497934614352332,0.10252435760676976,0.080435184636562948,-0.38331869611219699,0.80265940788579559,0.49056179253756904,4
20160754,-1.0314654932167424,-0.53907412846151403,-3.0018907530973897,0.64820728463093313,-0.016527556420583737,-0.058792400594729358,0.70327423029073743,0.2522245679053936,4
20120789,15.41925593382474,5.2728916837950468,7.2242926980006521,0.78062704329298505,1.9422674321096616,-1.0114262570032506,2.0471282709116521,0.57751816826917379,3
20150805,-0.43759448383911298,-2.5710123994070924,-3.679023156627681,-0.0013848139806251494,0.96606775775748244,-0.10855914325392922,-0.079421118458335868,0.080016032535352874,4
20000193,1.5017731363778628,-0.33864411584264065,0.68369139923074951,-1.0034547439313215,-0.16790544092160486,0.0051884031272863571,-0.23644222422025515,-0.037575403752688682,4
19940933,3.4621840920154487,3.1692501357198775,-3.1722890148501075,-1.9607165436830782,-0.89593123974799904,2.3729721351169233,0.44478845197818584,1.0810971230341502,2
20140108,4.6655445354074754,-0.019402525571674021,-0.063194082593233267,-1.0528124703162016,2.7767608720656738,0.43889824335853694,-2.0215272167302971,0.16957099206522755,1
19880946,0.18605188926448041,2.5267545943123366,-1.6025889133494591,-1.2749675186129577,-1.612183451029545,-0.82076976452201478,0.3553575624962837,1.7603995242629553,2
19880012,5.1779975994357788,3.1614152174351227,2.0519108752382036,-0.75505628345390119,0.0055516879437356803,-2.1386925079072845,-0.37710468258787305,0.062799636007377202,3
20020940,14.222712877008147,2.4045271602667762,-5.0924676038093795,-0.37267342513414614,3.3762309795166652,2.8777507624489407,0.7906162439527058,-0.053721950083222086,1
19910317,15.796721864674979,1.4352433051302054,0.43554301785292598,-3.9384763234642493,3.9664655180678912,-1.9724459199012836,-0.18176596459466993,1.6883542267874845,3
19970812,-0.87802253760249793,0.37154873849432507,-4.1268686144281217,1.6213908966574098,-0.54333428099751246,0.61158477155947621,0.77433242423436455,-0.74987048147856183,4
20100502,4.7347601504307075,4.0126467999756965,1.0206530946746049,-0.2840647396047129,2.2117847677057467,1.140087809084831,1.0401135717675414,-0.1197279863023457,1
19940067,-1.7964964930731673,-0.16276521009978182,-2.3635703473127552,-1.6248484486930441,0.23939467738469605,0.77240994711420408,0.3115065648488432,0.39337615451081803,4
19800657,5.2296710099845214,2.3909321179507552,-3.5641724233736496,-0.75226712870913404,-0.61313186303196554,1.2503312823848682,0.58147647881295894,1.1407081252759501,2
20140979,5.4674440666587509,0.81091592147714664,-7.3557094368346245,1.3854333997488804,3.4749255182007244,-0.92315753537029999,0.41661489737702662,0.62424084043831729,1
19860758,8.0550135132619545,-0.11982117863780042,-2.4218231090050821,3.6652151673974611,2.9117454485637335,-1.4883935677458566,0.15745235866192614,-0.36838772189965735,1
19980652,1.2474844821028608,0.060235917542803365,-1.9174131941376673,-1.3215993306715981,-1.1628429553397819,0.32146399875401499,0.77444954878683059,0.11587486482028532,4
20161085,3.762965797680101,-1.1642107136134323,-0.10062391821601123,-0.14377422844252766,0.5241664819810492,-0.37608824594211426,-1.05839521975303,-0.14101239105320634,4
19980846,6.7036761398514351,1.7380521595186025,0.49305835031524609,0.60598758666465069,0.54974993684103246,0.59823398685463036,-0.43867698866469496,-0.31337175354859637,4
19940479,8.0999431265416533,0.54085705890689195,-3.3987462229958481,-0.30717882588596362,2.9994304585823568,-1.2312866149266495,0.31095225975664953,0.072273647063444899,1
19890683,5.2990820665813425,1.8583271052404862,-2.3934949270616364,-0.11932494957816547,-0.44486269179998222,2.7674668216853555,-1.7996354005729045,1.4485731454670674,2
19800999,-1.4838720183915695,-0.079300350702091543,-1.3042954410494019,-0.89302253519493158,0.68953453471272141,-0.35785772805008625,-0.50351187710139067,-0.63213436390961897,4
19970724,4.842942343941143,1.4140993861366216,2.7126584989758649,0.2958579117671708,1.6926558258546587,0.36233673981113002,-0.57332187556687397,-0.046803935358248006,1
19860346,9.9106296806866663,0.77974837125699481,-1.9952112980856422,1.3772962545762204,0.98658754810958726,2.25377825630135,-0.2546741532172388,-0.21592035858463629,1
19840834,4.6628951036693609,5.5847955715327382,-0.26786414089527893,-2.0892519964561607,-0.4335399184875765,0.39299631763561133,2.3130882744239298,0.49217578350777669,3
19950779,3.5022111214812446,0.095821301178982049,-1.6326452824620465,2.0157784520563968,2.2922404788951791,2.9716712966277616,-0.20827283190942628,-0.011477457065339376,1
19930022,-0.42189596120047995,2.0133436438628474,-1.2104461407035112,0.42930803309164184,-0.1587496845712188,0.74561392138612692,0.13091791669888383,-0.60001793924104407,4
20110538,5.0696260625699781,-0.095289376770673548,-3.6170711641870708,-0.82121211132539451,2.3184063288666859,-1.4119673470410268,0.83685218682167128,0.065767596677974688,4
20100234,-2.6721744955371043,0.96070859047224177,-1.3699407298678064,-1.019345687822951,0.30644373715782813,-0.30895999426313214,-0.80440667081568107,-0.62785504388640045,4
19850849,10.669177060416086,0.20313551648274789,5.5124642749278685,-1.3426402802083368,3.0399110428432534,0.67685624139196809,1.3096911284058459,0.1979717022644607,1
20100510,-0.17633208726739569,1.2775823785976359,-2.8217721549838908,0.55840901752294292,0.67450715137278761,0.56256921109387614,0.10990885983326935,-0.52526408158436699,4
19811042,0.44201297530531036,0.71337572125786086,0.10407008502988684,0.056687339445611717,-0.2432096077728009,-0.52061250422953653,0.058089196850530982,-0.55774572668656097,4
19910421,-3.2391197996978871,1.5922686307999847,-3.5782437529116242,1.4191999445506824,-2.1487718025324076,-0.77555201532997031,-0.31916316641544784,1.7116872373402492,2
20130191,3.002738288407881,2.4478776550445076,-1.4190544496796951,-0.63645647815519235,-0.18747814529878573,1.3674498426094428,-0.78173717916335261,1.6316104374990008,2
19791038,8.0750251994331048,-2.2442435947489114,0.66082125777442302,-1.6955310113565789,-1.3467514700638399,-0.36664518075575042,1.9574193942228526,-1.1535226916647043,3
20020429,7.6188623473786983,1.4133792865241039,-2.3943520403772931,2.4910254466126873,1.0812279236436151,2.1272782069584042,0.4680938738604874,-0.87231428997484628,1
20020877,3.2160199549980795,0.92725867768429115,0.30745697906359531,-2.7196390244945317,-0.49206629344125891,0.37292273628595002,0.57933074948440233,1.832886981086115,2
20010726,4.5871406853250267,-1.9751664895064089,-2.7007239890499171,0.41125634709681663,1.7067602485725046,0.51440466453658495,-1.4713771336812538,0.029681456595506354,4
19940621,-1.4057027828405217,-2.4547296623085146,1.3524534303138549,3.1414494904274628,0.36733921136246855,0.47347888965855228,1.1423921461355233,0.53930016338650466,4
20171007,3.6043861456716102,0.74993405592686257,-1.2207436675697363,-1.1468190288320521,1.6082327789637334,-1.5159695670756939,0.021357791378799458,-0.58974661784507287,4
20091085,9.5408941827757587,2.9927128748427019,0.68297908032581223,-1.824574518702851,2.0927918888713304,-1.1364667961238168,1.1983250231131559,-0.53151615154091969,3
20151178,0.2692397796060052,0.99013169915451504,-1.9189000021414988,0.50235793594373124,1.4071179864199268,0.24657972945823836,0.11527656282763633,-1.2249559683256306,4
19820983,12.324651642942499,0.7668660554064689,-4.8187645092693989,-0.26964055017743488,0.18463524828379685,0.47935050757532649,-0.26602952155971088,0.37619331181671528,1
20100079,6.1173913033974436,-0.63993516056506594,-0.73353599027402772,-1.1121301400471792,2.09531461712101,-0.51254303069834306,0.50538046397790637,-1.1485707340532243,4
19821022,-0.30878791028693142,1.5082561597331094,1.4983129308493863,-1.8744740649370657,0.18280571896304085,-0.47604629958811551,0.18855579087355706,0.20253571900055414,4
19960347,15.013685594925708,-1.0696374581535675,1.6626761683681071,-0.86735340645558978,4.2655282982435265,-1.6072279830094922,0.56045012538728056,-0.97865576782775821,1
19970130,13.135144785902861,2.4374430487614398,0.59263209529242467,-0.64256145994636804,1.4863726589136828,0.84755193857621369,0.26299033372640523,-0.085123487459117575,1
20070265,9.7993608627585829,-1.1278623779887671,-3.7863878010957221,1.8974867264248385,1.5794692421499505,1.4399073558870976,-1.0150757576222245,-0.060581346133831544,1
20050942,7.9417050542036716,-0.5945460784822002,-2.2118050722217886,-1.0408489408380643,0.83027413797099059,0.34598919000003686,0.32877691592234487,-0.44214012822505938,4
20130253,4.8466342492651346,-0.15157199078818817,-3.4369676555155002,-1.8256956930414212,1.3042576302974238,0.51351518844634725,0.67438029666519606,-0.0047656495687940417,4
20100560,5.5592164832471855,1.1273015789160323,-2.1728074159397455,-0.75063537983474904,-0.78271570201009377,0.65371005545184502,0.26622057411620592,1.7538968860348736,2
19971059,0.1475391829333523,-0.60120056767663177,-0.17379874839169646,-0.83069589811472599,0.39201670127418714,0.55825741115085048,-0.85068263420941781,1.5170904142179198,4
20180576,1.2775183577583893,0.81020870347537732,-1.082242326995003,1.597658758101937,1.044136703240919,0.045177726422187148,-0.51005308642471514,-0.28341993007714539,4
20050721,6.4066052397622064,4.0808198340256689,-2.9977004389124193,0.43993814881455773,-1.4370283319844266,0.090015565266516884,-0.39471380820979574,3.6653130976453832,2
19940726,7.0399481485428588,2.3136748371503737,0.97654375813820515,0.35176092750996396,1.315310639481464,1.4187450063099387,-0.31486561833822485,-0.5057466797096607,1
19951174,-1.1307301963381076,0.1243131414288238,-0.47079718453706143,-1.3819564329387146,0.3626165331151483,0.25123656562667601,-0.3597010927325387,-0.17709894183016722,4
20020328,12.771667944469149,-1.7400835827475585,-1.7908188350935295,-2.9166451612384914,-0.68565637572728488,-2.1238710637262108,2.3984706012127033,-0.83121226092249445,3
20206498,9.6655327487638534,2.3821830138857329,-0.82633429131545511,0.32221014275478382,1.2062325352766845,-2.0650332125581001,1.2212787868732071,2.6644365822911058,3
19810179,4.534654894520993,1.6741182725372759,-4.2830686681876422,0.29864231051895473,1.7584653941825783,0.50451221219340658,0.3084877351975796,0.86407085215359025,4
19941093,11.582985452778036,-0.59876820605234959,-0.075533356431622178,0.21087072941526425,3.8009499733141885,1.821987389878309,-2.0114764185098308,1.1559390908797091,1
20140086,3.9624474547935966,-0.8073557406752625,-0.92964695648199447,0.40987233438804638,2.500242771089928,0.80456721012453036,-0.39068000517709806,-1.063304146697968,1
20130301,-2.9786896651324284,0.40368547620208095,-2.3600785323902391,-3.3789320397324829,-4.7770624559632289,-1.0039838375878711,0.35658840443570844,1.0916963247612115,2
19970140,-7.6475578381189564,4.8344107655814481,-4.1297240912099742,1.3218279296631126,-1.3148502854150113,1.7857812008903275,1.7974434873524179,4.8225688233739241,2
19981128,7.4213159982829309,4.4794086005273712,0.86038758911772495,-3.0162422564106341,-0.46853878339936139,1.2302572390323732,0.16973600071435524,0.62777461775405974,2
19951016,2.0186829078361717,1.9441044449493745,2.1713594262801705,0.092654337318887378,-0.19602244516045494,-0.19887713157609077,0.6905909029841425,1.1158457462757936,2
20020930,6.8740801783783878,2.0003398691122083,-1.4804995422393676,-1.2827121407554314,0.69480847082469388,1.0900985291126017,0.99321195132465412,0.48998891597753014,2
19870428,2.837655195818964,-1.1096453788132867,-0.75027925127556527,0.15099222139445989,0.75380564099192449,0.59124657375844802,1.3031430771887336,0.8434175806261599,4
20060491,18.238085580800618,2.1876054750883491,4.6241374567546147,-1.6955147706657565,4.8706273398176823,-0.10310397969250658,-0.13281813798214259,-0.9780301960732305,1
20010634,5.9184366456999893,1.7587267050068598,-5.2508774412626797,1.8509540989523852,4.5487435892233341,3.4658789630920732,1.0999529459242081,0.3959635608693543,1
19920719,6.4802602423046221,-1.6488550614120423,0.90070730754010064,0.48861002962764288,2.3117344530785071,-0.74887935752644585,0.28458617893826271,-0.0067620196192700989,1
20040516,-2.9419853189195941,-0.22919233408296455,-1.9138059498757767,1.4927018993926802,-1.0127758397259208,-2.4621423220922547,-1.048038447645824,3.8191175379916489,2
20120582,-0.77463031817355654,0.17990278850817051,-9.0446574898768208,2.6173875891525196,2.1530004809218695,-0.45579262469225845,3.5355822638160634,-1.0455393657713534,4
20209245,4.6910959605647493,-0.18402777552742311,-1.456334005296813,-2.9803380451542889,0.26966386592232694,-1.4231395128828628,-0.57590384177953791,0.31556049599840197,4
19990525,1.9103540108610311,3.3620878520775226,-1.7818593055157139,-2.1228689785947297,-1.6765776009657183,0.19302449166300947,0.25070622344164367,0.97420866271082951,2
19820084,2.2031004076059997,1.2411914254117007,-1.1453726149184713,-2.4067272996767768,1.5775341732712855,-0.99456324423455611,-1.2559222029548325,0.72823773439734696,4
19900661,4.2565962354265139,-1.2358232712240489,-0.17044024609233294,0.22999360896630686,1.3177229622069502,-0.75856712165477924,-0.65132671210714876,-0.011854422067117155,4
20000245,6.44486674684845,4.4716658937005587,-2.3118930899630707,-2.8706099586018325,-6.4096536406043159,1.3654009893283778,0.86521027517508098,3.4716605947465542,2
19830458,8.696002415253977,0.99866445019091366,-0.3685208680012011,1.1954297979083017,1.4085737419234234,2.7437702096220913,-0.91105054255414808,0.56451064659574324,1
20070197,1.4588652817320218,-1.4337001470940431,0.15929057513129541,0.5923495521490536,1.5771373266911546,1.3881184857703668,-0.089867186759712558,-1.0686506315282494,4
20110899,4.9527318443495698,0.27033976907415885,-2.945442388086986,-0.50842022984772817,2.5383421123102803,0.86764627724334553,-0.47913283121940076,0.67173245890338673,1
20190870,10.878711771139017,-0.98885854103798076,1.851296897590327,-1.8846616845693254,3.7694533073156138,-0.19526425934159761,-0.75975936397200949,-0.16997224649877204,1
19920501,11.517054381291976,3.3701131577893606,3.7506914576146668,0.014010363030710331,0.67705344808707446,1.5490418709923715,2.8010049686799086,0.97315240681632253,3
20070322,-1.9784193638801624,0.91822104351192357,0.2940229137914418,0.037093493859160109,0.22066519861705386,-1.2005593972644228,-2.1878224960444541,0.53683465160239385,4
19900278,-0.2936053722983365,-1.0922712284190281,-2.4397272732091699,-1.5561560642361778,-0.83007742035677257,-0.96854609052736851,-0.67727307107525525,1.5532952583171593,4
20030355,0.47049191682583985,0.26737396981202366,-1.7939326202690231,-0.5637646692835323,0.9488768099173629,-0.021509100556984299,0.33748408505885713,-0.065993816272114356,4
19900479,4.8558957489162182,-1.9197453343513171,4.3860065512483377,3.1527889181867956,3.7243502921757017,-1.3104043589692158,1.8570432672723423,2.364490463799362,1
19930654,7.6180649974123744,1.5077457467436242,1.4355962179074293,-2.1044530136474178,2.9713688343930431,-0.78450283212917515,0.0037504631826919725,-0.045276100934969046,1
20140692,5.8084183813340964,0.094656088711855574,-0.59542888502767455,-0.44169394492972475,0.69402407676844047,-2.0304213301867375,1.5371782694177565,-0.094753173623483594,3
20130540,5.2787930221854333,1.9332993809607462,-5.4088727448516831,-1.3218168253601157,-3.8783195760884048,0.68884999649496714,1.4860896782736557,1.5003193622216775,2
19920424,3.3152242774741216,0.72522011569944733,-6.3490851765061587,0.00014797952992869165,-1.9600758797813054,-1.2558346690565585,1.9716460321757381,-0.21706643479360671,4
20151148,-3.2352178754182455,1.3197765226606351,0.95475651369648695,-0.13344125709174809,-2.7137654469140218,-1.1291946261135009,0.47982958563138389,2.4731922433092226,2
20160630,4.6458456096912579,-0.92982915135227628,-3.8285271724920622,2.2318527599511837,2.0022002537513619,-0.77989137709441425,1.3187259963000437,-0.1375541304608659,4
20080618,2.1510239367211024,-1.6933517914140446,-0.28820536630686916,1.3030574382187423,2.3635562586870829,-0.093334292664421281,0.81270561732458246,1.3227582656115511,4
19910886,8.4217409984449283,-0.48407669448453255,-2.8150971714201365,-0.09105698803114208,-0.51020523174805243,-0.83567787944915262,0.02455216957296041,0.18312946392764223,4
20181188,1.6698609731475198,0.7077772662658981,0.32887910474296705,1.2428378736555714,0.56186934076431627,-0.10791884201019022,-0.14373932642165199,-0.36943248883456242,4
20150699,14.969509642843782,-1.531671539021064,-6.2932375650524648,2.4514906137813655,2.8711785099622733,0.12986056331855633,-0.092268136832683104,1.6805136854749283,1
20060582,13.769331201884246,-0.4104123265910577,5.4484101698943963,0.099825009914156174,3.4042337117998756,-1.5673022518132824,-0.64113727888540373,-0.63931941780685375,1
19840098,8.8761845980220446,-0.2210295330896605,-0.13730947179097347,-3.5825661962762512,2.8209589000168127,-2.5118146726436539,0.66729559691163121,-0.2683321362617539,3
20090012,5.0007581024261265,3.4632388257442455,1.9026812089407561,-2.0730101392359415,0.5898930039306397,0.82888697702041914,0.69229216445611919,-0.22914525367992947,3
19850398,-6.1285004979419648,3.4984321136285956,-1.5543295078926358,0.10005174431390718,-1.4264134623365115,-0.36128680061520507,-0.72255604309024746,-0.13041649581411646,4
20181052,11.716440841959599,-0.45396668813655983,-0.34271495361542698,-4.2482693088743195,-1.4992738936895664,-2.3344672484479494,0.70692764444847778,1.4614591583049945,3
20030969,2.7977563532954468,1.8797122885905932,0.57978169125390111,-0.32522515788518275,0.89719519857999619,0.85924539320766657,-0.61577411594150633,-0.55924226065542737,4
19840308,2.6049765924289128,0.49702314155000826,-1.3040671095736094,-1.8228768953530585,0.331786760838642,1.199378867661941,-0.092515454637125141,-0.031986967808220287,4
19880964,16.845058376337658,1.5010241513421323,-2.1722415468250476,-2.9323184598731431,0.30880684112529433,1.9891373698222079,2.2456916734974262,-0.11547688440292711,3
20040792,2.9866183779885005,4.7394481837611178,2.3174163658304177,1.3794941827514198,0.017396502115744589,1.0156579810803874,1.1918176873780912,0.37592686276648735,2
20100087,-2.0992057491048564,2.1387331089965147,0.06639915936541059,-0.97302316011210044,1.3544199634621872,-0.34045289876551682,0.67184296043641878,-0.63782806065457887,4
19961015,-0.074075436696265276,0.66604154965393714,-0.84088280608776944,-2.3664640383745761,-0.080866277752422472,0.4352038135900273,-0.2403078745090611,-0.2648050347834679,4
20150827,17.763230678992333,-4.1728657820305903,-6.9503631970814821,0.22105040808591023,1.1108208268474442,-0.17886288001978942,3.2008529266668724,-0.63736818737499801,1
19911042,5.4737673627816505,-1.1179779736377837,-1.286402682552745,-1.612713231803639,0.58110579051305977,1.9936341858026183,-0.81056827798188735,0.62062783500380181,2
19830822,5.1109973054814875,-1.7613630130156381,-4.641853213615069,0.60105320874362933,0.23636271934061828,-1.2755282504018997,0.78470183152279671,0.15200089854134013,4
19790802,0.51629780544625881,-2.1144553363809448,-6.3834823250177228,0.4438475693496165,3.3931778827825982,-0.0043528501912292192,1.1180148854132856,0.051427872925846663,4
20110774,22.061600575604093,5.1393535283066054,3.7378743807408248,-2.1386760044434894,0.30359840491139406,1.344096959909445,-1.0801137982221298,1.1832211592055233,2
20160977,13.993484572691369,0.27578352840102277,4.4112630652206812,-3.5291376364480764,3.9565613557435531,-0.49569003231272341,-0.081845413384859178,-0.36527504458220117,1
19990958,2.6274295170587254,-0.47431179987194566,-1.4488401502600874,0.28600413003661745,0.72261501287663121,0.20158781005858897,0.46451440059087651,-0.2470542911158016,4
20010161,11.888656340128222,1.0552176383481113,1.6917305895152888,1.5527157103706288,0.92440234542964272,0.31691918029238475,-1.2443711052689967,0.69461563635181744,1
20120955,4.846673336288263,3.0246532077087971,-4.9826203987937401,0.49675542898815533,4.0934075361401296,0.75729421322827695,-0.17440723422971624,-0.47672203672707386,1
19840674,0.95479546643378455,-1.4683092140368332,-2.5223213960374355,-0.13553516258124715,-1.5727181142484412,-1.6709703408420307,2.4402018733794386,-0.50784407400581399,4
19911132,11.478732276804696,-0.57861283297354105,0.39693513584183743,-0.27608256630485284,2.098840775680793,1.7156269097819914,0.47015916704792815,-0.44582489608166115,1
19971118,4.2497033779343827,-0.80801861623140048,1.1063691563263929,-1.4981233104687119,1.6845975651393137,-1.6232422058234071,0.20731094201597153,-1.1905212478776526,4
20180159,2.2783712770368019,0.16830399117409139,-0.81529433558505982,-1.5891258110954072,0.31775456937674723,0.98251432153941576,-0.24513668168193706,-0.38183032047178939,4
20031107,-3.6889843275868861,0.36322612059278481,1.2914654133817531,0.13212218869459461,0.90676551400597116,0.061527237890945191,-0.058898970812108487,-0.089576875610130058,4
19790644,17.101681970121824,0.053826793121176886,3.4289979032662901,-1.5254185278058892,2.7590253435867242,-1.1571671822997918,0.80196496196958811,0.49875021375660961,3
20180628,13.498673346105587,0.70522850294135375,0.95101622815418363,3.0242661539812228,2.5617133775884713,0.13444179655399729,1.6968080570607933,-0.65184568692416578,1
19790135,6.8795425297047856,0.1431461528078708,0.54063742435512296,-2.2510457114511673,3.2263078081838947,0.3187107923602282,0.021813376298282047,-0.95447438227476078,1
19821113,-5.0961008994849601,-0.54034669202615682,-0.062823560478026549,-1.117528647159888,-1.1194446706073919,-0.60274563607768317,-0.042573857119350918,-0.236072372947604,4
19820337,7.169491134213505,0.18539133394272347,0.32507691014449958,-0.62215699622797438,2.3389057659753814,-0.56984169387502337,-0.35402517676796219,0.5426907007136148,1
19870641,-9.081430782153177,0.88521594187162356,-2.2342657944015496,2.0902505886561795,-0.25570824031863781,0.91711177574754821,0.45442900722714219,0.75718343228932627,4
19800810,11.150468322436604,-0.84350228066713351,-1.0263751258580898,-0.20938661975621733,0.35332144559626355,-0.48909104160987282,-1.2565927200726261,1.4101793588045857,1
20130968,3.3203347104949441,2.3599287201817565,0.078190828902681184,-1.9566889003642745,-0.040854081103573255,0.27251125418878308,0.33938240708423401,0.56300507059632343,2
19920543,-2.390484199981036,0.9731436285821905,-4.0611052638749428,0.97586125087848496,-0.61642891508387598,0.65076404056393899,1.0243314797672254,0.61066637016339842,4
19941069,0.27502925297372394,-1.3172631729271675,-2.0380042483671832,0.10010784375565415,3.686652387148929,-0.95894923797200293,0.079147478563387177,0.37963403631519638,4
19900940,-0.26148939008427685,1.4604268738147781,-0.17231340274508777,-1.5215639905351814,0.38568846572409421,0.28411275498929783,0.43003584683006074,-0.061207474555361879,4
20030838,8.6750417848956367,1.6479271009406988,-3.2859101657147138,-0.9047916161552525,0.52834138009067144,0.51540470342852496,-0.31005614092587469,-0.40363077972166639,4
20020611,2.3673473165311916,-0.71468106126597886,-1.4824912083005075,-0.8128083375815649,0.36035286775893499,-0.1428659627247936,-0.7348603223488569,-0.37113317913411042,4
20060035,11.859822916495901,-1.3822520839896169,0.013155503539096117,-0.94659821568983671,1.2048321016084114,0.22964006611969603,0.019726032672770909,2.4865343587327482,1
19830126,-0.96521136065522439,-0.30365196445742004,-2.0895147734321133,-1.966866720279024,-1.8767424335400138,-1.0040879995139247,-0.34431939896246117,-0.25738498939845977,4
19930045,11.566610420620419,-2.8048491898204153,-3.6611977937875704,0.78204126675262464,4.40907821497371,1.7671680308579429,1.4789300381528232,0.83611543810777877,1
19890192,0.71982715438790967,2.3504134413118352,-0.51540942341242002,-2.0602444635981771,0.23202161311768163,0.99875843270016795,-0.093973636346256273,2.0207734456040063,2
19870495,9.7585266737883725,-0.80575732406194434,-7.6150376896578011,-0.12960457025755506,1.6015194194463109,-1.2255627824154995,2.2268852711939839,-0.66090847795257035,4
20160866,0.40264623971975844,3.0929256349239478,0.097108016262522745,-1.8649757215356779,1.2454665423968756,0.3411791383825768,-0.82867317918284467,2.0445547642271613,2
19910454,1.6687042053221415,2.9871486938243312,-1.7888168403859208,4.118674646931475,0.95816901345413863,-1.7025641414468402,-1.3691899629153448,-0.18634705803813234,4
20041006,8.0358016232032199,1.3558176477693638,-1.6593104413078084,0.70450657316240051,-0.1165479357952373,0.81517148998028777,-0.49666068928968843,0.057109279288944208,4
20090033,-3.197432040509482,0.18129036790839148,-0.40079404088427545,-0.058870257260281153,-0.26529314304537288,-0.51960255270582978,0.083757186593250224,-0.22254011316570518,4
20190674,6.9721939935685011,-5.0312758878129626,-0.66847376562956906,4.2848810054504201,0.85929814849759689,1.2196714259464785,1.6763238695473821,0.72533132506431774,1
20060875,11.807337700211017,-0.75199586764982274,4.1146702680714888,-2.2159891917396415,-0.70402167076316124,0.25987686117111136,1.8538572496180639,0.23537563047256813,3
20170049,8.8362463403451823,0.23283610172135397,-0.049079668974691237,-2.0946132045728141,2.045919321652566,1.8257823396212598,-1.0001870876507863,-0.48660643571341194,1
19900070,8.8121806181753382,2.0780814286364095,-0.1210279009772184,-1.7771890144029527,0.73191341077414351,0.82665929913358993,-1.294474764739409,0.15897477285203648,2
19940776,-0.041492340207854014,-1.5622818793173892,-2.6077268254276111,-0.24661331476446879,-0.23875027498751084,0.18275586746215641,0.08632032114151178,0.06232027092132103,4
20040307,2.1184566780196135,1.119855839879272,-1.7382227545723761,0.074216187187228277,0.42583278403599745,1.9392851283962551,-0.22167662464597632,-0.76430397057626154,4
20100196,1.0267403339284238,1.2084025254644502,-2.1173092304849206,-1.3769129623837137,1.9334510463112788,0.83882055555994084,-1.5294704268033723,-0.52243516827612813,4
20020773,5.035424535033532,-0.09988962954409418,0.25518416815024497,-0.80355879066123281,4.3020753670927112,-0.80456162515989027,-1.4240505370438368,-0.069982063491646707,1
20204474,-10.33302850421954,3.9054375852823435,-2.5764305432295131,2.4660178122894187,-2.5962024415436731,0.90288276673865797,3.8215250341740248,2.1263150529090775,2
20010483,3.6594351996119654,2.9193558438494693,-1.9385371099846789,0.6174075241125816,-1.4719459076659198,1.3348512877510255,0.13773969868773286,0.63586610098849883,2
20120134,-5.8039449657603495,1.1978398423328465,-2.2830670851250918,0.90843969294313898,-0.62148418098478408,-1.365821581744334,-0.58135750726096103,1.1516640640658413,4
20050977,17.336993430642256,1.0969858628418911,-2.5109527219123735,-0.30794564331497409,1.5938529544357312,-0.78933698749525716,1.1442149516273417,-0.61751773046122527,1
19950629,1.9187226346107988,-0.29772482792938626,-4.5148019815878948,1.4451015415691519,1.2700485815417979,-0.22721055788802694,0.16396086256239123,-0.034651014882775173,4
20090294,12.799468183900036,-3.2597359819447136,0.53214089608632609,-0.72387820835387429,3.25418203768715,-0.86878330278243587,-0.91415151003500184,-0.18140826680488381,1
20031173,13.292624334597216,5.8472119219313612,-4.3590098819191434,-4.5799478059971799,-0.72972132317922012,-1.0166007118867435,2.5761524287053343,3.4726037866786492,3
20071026,10.034909447881136,-3.1344496576917842,-2.6387149140241055,-1.1914480267590146,2.2961558561313011,-0.78095337618900507,1.34243851352154,0.68811656035174384,1
19870710,16.663448074755458,3.4596142213871,-0.25246837557382956,-1.2806893261158676,-1.57897841027409,0.81859321019845155,-0.090793954046300626,1.422563738937618,2
20170410,0.1312414098837166,-0.35090622751821066,1.7217275105712966,-1.8183926610715471,-0.74904670889712699,-0.94316793929237952,0.064767595264894673,0.26855007414902682,4
20160742,0.80309635137104085,-1.0575273662430018,-0.83498992308726461,-0.45511574051766557,0.28126993839374981,-0.48200076494694599,0.046296817476285244,0.0073696165419443582,4
20040347,21.285599337599386,-2.1248662959848565,9.1757061185642037,-2.1287714408020388,6.4078243629405574,-1.3325975197119735,0.84433162643130266,-0.75248053918467306,1
19991072,1.8031514836816001,0.15707280229286605,-0.94255010340512424,1.3052442189566178,2.1361960847025476,-0.10212381029303,0.53629396653013972,0.062353158659861685,4
20140500,12.751563430515493,-2.9798268502019916,-7.614413799587787,0.98936193299341235,2.732404268679931,2.1238677440152367,2.7256780254667188,0.40474594587031443,1
19970867,8.5841907517610707,2.9906668834203516,-7.5693150194411469,0.044665737452804145,3.4125952236068349,1.8253462869714658,0.4279224829307281,0.95951924616884221,1
19830921,8.2574370733777744,0.71434737260916503,-1.8368594447219173,-0.8905363783896747,1.1014277665061964,-2.1573482223797402,0.94272154353488269,-0.4800106445877721,3
19900062,-1.0874397435434839,-0.83103717919726516,1.3635837857023083,-1.8207215498506459,0.66840091981291727,-0.24461511416244114,-0.2617791465729144,-0.83901876444873302,4
20001113,1.3381517013653437,1.7139527211481622,0.16806701858178119,0.44728798968568556,0.65156007028607943,0.16638407249314008,-0.23805597977611531,-0.052636479515497839,4
19820808,9.6650048173239202,-1.954030207294833,-1.9438280275187203,2.2397403875929438,3.2100204691747889,-1.603461286915437,0.025481993569619013,-1.0568887036392638,1
19920442,3.9926240724562017,1.7448334058927835,-2.8408043658956319,4.8388968329514359,-0.13005507497997049,0.12415426311838447,1.9461103262388706,-0.96261609909269363,4
20160721,-4.2008768108577677,0.55572632578920944,-1.8129619231421112,0.82288848280332416,2.0873615660701992,1.0499871985040405,-0.53379990269317423,1.2077004984283486,4
20190844,11.677388670911702,1.365101961518286,-3.9229378268464385,1.2638476504149503,3.1570257271390392,1.1395339143898215,0.04531546529475821,-0.34917467900011323,1
20170556,5.1152231275560069,0.33473090097060904,-2.7905257371914218,0.70994178472501746,0.96791959797774307,1.3004566563278215,0.11435234512287594,1.1422792875826413,2
20111083,-2.8311450430541019,0.4729929851831029,0.51474759123281022,-2.1301980624231862,-0.47874523876364961,0.57577079745559245,-0.24346580454592615,-0.042545652157822321,4
20050497,6.2292797819668104,0.66877341933386203,-2.2550675754306995,0.890196387430366,0.68000397760917919,-0.14396554514869775,1.1964580509079981,-0.4255245540898141,4
19950191,3.215427379711326,2.2281393550392448,-1.2329539482950247,-2.1791174780113578,-0.77187687432613172,-1.3383457101666707,1.6365347396504886,-0.087440348510648275,3
19980850,6.2609816471681015,-0.069905759869282935,-2.1871204007402301,2.5966610065480862,2.5542563265711946,1.302979647600597,-0.23656194718021992,-0.7573047320943167,1
19880650,14.186617155757345,-1.6758661462269917,-3.6399055243863301,2.1994521318623668,2.4390073558678531,1.4153373986496696,0.21495345423251144,0.55882915862205884,1
19891057,-0.64930325033427794,-1.8965309979747067,1.0801130930635543,-0.2575241032992282,-0.10608454021312295,2.1220074553218207,0.73066836861215789,2.1882583940867057,2
19970408,-2.1557336413351895,1.5971557010522626,0.64739592611997399,2.353442150603585,1.1860554916662234,0.36135797431309497,0.49364672607130966,-0.34915019072947356,4
19980017,1.213908173748,1.4712508442003278,-0.50896613776259625,-2.1153883113843528,0.14248651098756013,-2.9660110229885053,0.7841899050917851,-0.21764853538146137,3
19860095,0.4246764868215383,1.2018553522453959,-3.8342740667874926,-1.5201808576620768,-3.7584061755060829,4.5801030635875541,-3.7180660539596548,3.8575464384050751,2
20050752,2.6643171178136567,1.7839356910906894,-0.7893437881380001,0.030947379771068081,1.4306137339951688,-0.032073407023375106,-0.095429854475952341,-0.45855638430778434,4
19790419,11.937596648793537,0.99541376556287064,-2.8322032594375552,-1.1160811551555225,1.594969442392959,0.64743147159405889,-1.1931457956502638,0.61509486697878668,1
20141063,3.2466911319898375,0.59774126226732494,-1.0234128367945252,-1.9670383441782806,-0.46721308072632778,0.79046114146715052,-0.43075897080141529,-0.50436895743309362,4
20140997,3.8977978201968244,0.026706211544547116,-4.3023661580610115,0.40094092537792553,0.79578109101510497,-0.61008887410456603,-0.38930394685327274,0.35823257044045392,4
20130534,5.1418460708406979,1.7054402725648197,-0.15429033342157145,1.8116396262565413,1.4293235647264686,0.26897285500441698,-1.1097692561208718,0.54563367958760822,4
19890079,1.1325482657664296,0.56165233737519704,-0.44521646928917175,-0.39126668899209999,0.0092059546655215378,0.59247391037038721,-1.0981958504868401,-0.084118884738722075,4
19950728,4.8081318433295488,-3.965682168164276,1.2779144873005974,3.7436566247116332,-0.96933518313026357,-1.1258700863279085,1.0745533497088546,0.23383744788034067,4
20031157,1.0398130993887238,-2.5893236440992577,-2.7372873504578488,-0.46184572147513386,0.032886063514493503,-1.0084039362899841,0.79466069768391678,-0.098567935365497752,4
20190580,2.35237210194961,1.3216559506585324,-3.0212037191975134,1.6277634485797261,1.1744407759469127,1.7779594295354777,0.97987106668389712,-0.33261256925792343,4
20020104,4.5967767690603285,3.8907715095766764,0.67489973303549455,-3.3401077215273496,1.7572720111415812,-0.42856269917864309,0.72844140642372313,1.624664411858209,3
20050558,12.032425066861702,2.1798124081005632,-4.3343516167411371,-0.57845294893438781,-0.58139128046716237,-0.78749951519428529,-0.0068517470951342616,1.3650872092862814,2
19860298,3.9224630828890543,0.1177566725204892,-2.370221916424907,-1.4096243486512983,1.0081290928050639,0.35392409896667659,0.47063722773636957,0.26205113409388031,4
19960557,10.16925649833084,-0.073046913404435532,-3.0017883641647014,-0.0062074203394631242,0.011873913851113934,1.1927809382970176,-0.42648157108484658,0.90855931812083324,2
20020916,-2.1002203308477472,0.27634201254206869,-1.5501355434210944,-0.81775244483417331,0.45409572456706354,0.48430040802859098,-1.0598222907365615,0.91448316242093153,4
20050665,25.007646082194437,1.8756349695337236,-4.4450027333482662,3.5475055099487842,6.2352500868174037,2.3706969882675293,0.77527268573157437,-0.61687586270855554,1
19800601,10.61426943023096,-0.81392468744391389,-2.2807200482272272,-2.970532074549717,1.9887160280962248,-0.37817897861843319,0.14806959793097949,0.37736120590185901,1
20020495,18.41326438724548,2.4544638888407362,-0.7995038621228977,1.4188621959923602,3.3831500649097488,-0.037346653180718802,-1.2462554209278103,0.50129837555327117,1
20040565,1.5198150974106055,3.6589333221455433,-0.24534956667276736,2.0093381486415587,4.9107135256779619,-1.2141662888338807,2.6488211634110419,-1.578165203615308,1
20090774,8.096570480901299,-0.57211943056938142,-1.6807888035164114,0.71835376334370915,2.5876567478510335,-0.70471187501777,-0.87720362449035716,0.23155194188936024,1
20000465,1.0974849595550351,0.15962735209808346,-1.7775307591850653,1.3021840211100479,1.5953668316684322,-0.56982247611744097,0.60551376415312452,0.60846060895049192,4
20180545,1.1536228778336262,6.3511365237594823,-1.5668055556825027,0.27180605666512914,-2.8738191017555823,1.0285063914611228,0.10685518750887781,2.7420959964103147,2
20070695,4.2749023363301548,0.3629870040309916,-2.2677581758608558,0.19997417787683139,2.0550939836002629,0.8902503549408034,-0.19980124736557117,-0.20249978434262997,1
19880874,-1.1593740058870667,1.8086552833360126,-0.6892714153242957,-2.2790731512899316,-1.2665363037803576,0.46985185392675305,-0.52082562899513696,0.46108280432760934,2
19860443,14.15277928094288,1.4092005511937393,2.6384408265083259,0.40577164922286219,4.1930340621748616,1.2671425882979275,-0.20619700957604079,-1.7671896062252741,1
20140118,-0.91184033325327785,-1.4025079097651476,-1.2020862277043094,1.0191222676345608,0.1833123000853685,-0.47894766244652959,1.4065249944726281,0.10080956463465542,4
20030472,1.0678223281435495,0.64407322064470585,1.8096196827346616,1.9295370668216207,1.1772584538561643,-0.51182104437967579,0.20969728309778374,-0.30811402077669431,4
20180608,11.346901472780836,-0.095293164705533728,1.7278620402642713,0.19214601377033622,2.0620027029467787,-0.8191288211501635,1.133046087049753,-0.57836801281354,1
20090910,10.948416120890414,1.3670635088346994,4.8883906325251267,-1.3338749201996967,2.6917370479311891,-2.4190660574816665,2.319328160654905,-1.5265574448806876,3
20060620,3.0910100173969628,4.2353190776049736,-4.4112615132652513,0.64530187861299282,-1.2535856724441918,0.80502973006907941,0.19047043439757791,0.34159916850353694,2
20010428,9.199993935579478,0.97324337518374548,-0.18214953633959566,-0.80631196596077881,2.3203531513154365,-0.06737607069426739,0.28916498084035996,-0.07480766530657898,1
20131043,6.2048406434935401,-1.1433210836089265,-0.56964264785175822,-2.6342931149165159,1.0006411643340338,-1.1982303984049767,0.19888525835826454,-0.68938635138278914,4
19921005,15.063543610214166,-2.475364940414027,-4.0122444536967974,2.3542857138363318,2.7216160904329949,1.0054388706974839,2.6644333390993213,0.36278246894731286,1
19920472,19.689007467870802,3.3740235006989696,-1.3325336327415391,-0.68817939872337275,1.6985039706184077,2.3321962416120949,0.27621404178864162,0.77013610228202689,1
19940383,4.5710229300617105,-2.86288569740924,-2.6879995836907944,1.4155520452000829,1.461025425397434,2.5946836755488509,0.29235971888698625,0.32538932670142273,1
20170534,-1.5678640791627916,-0.98823579861264277,-1.1413996972163558,2.3227947403808993,0.68001008040098387,-1.9104975441491183,0.86604553853608479,-0.24682587207292597,4
19840606,9.406079632015361,-1.3031887211826558,2.7994143339195761,1.3918521721070234,2.7704254088550981,-0.9833322348770297,-0.011070501328326257,0.043082387467572446,1
20190742,9.7314851496621912,-1.4461954134644279,0.040735243889673506,-0.54700827179560274,1.7694383030830505,1.4144743655182817,-0.68905503102124743,0.080393486224952362,1
19940163,9.4944743990681797,-2.2575053137442653,-3.882938022648545,-0.41755353132813838,2.058125665311723,0.43366748605889627,-1.011356675339907,-0.06485472595650664,1
19840188,9.373410525015279,-0.47310821581478213,-3.6154440795831233,1.2806676947424716,3.1325708311281031,2.0031244609801808,-0.13601806355157423,0.39571227986948887,1
20160486,4.2863108516960766,-2.0619951777253696,-0.8424372418577275,0.76006326211789899,1.9002654383946842,-1.0281050210458689,-0.22914393618169154,-0.49322765482901909,4
20160827,5.9262474590603365,3.4863282224494188,0.44848038269155888,-1.4473511721014163,1.9909249450413031,-0.87989273224233122,0.99736467586764688,-0.56060407794822409,3
20020394,4.3608637044563192,1.1190770172552864,2.4016558460555202,-2.150271908587412,0.95424748232980006,-0.35517308363105554,0.51617425880115175,1.4589830144453158,3
19880698,0.86088013366450133,2.4693431525803158,0.17713016572609996,4.5030658155678314,-0.71752175720290789,-1.5482419498087026,0.90281440300595373,-0.37353577958770717,4
20010146,2.1103445791431721,0.69547208419085682,-0.062533051254364203,1.9297798449925965,2.1849018294527545,-0.31557742555402668,0.2337761200727532,-0.11431066061561043,4
19950512,2.1854016114685861,0.24870351789360071,-2.8637727251358509,2.895049719326225,1.5433215433825045,-1.8995678306172632,0.28061564377216291,0.74775375544157785,4
19950547,-2.741724362505451,2.2652500756006559,-1.0775745997006339,0.7102707804593823,0.017247822601514178,0.86842907413141701,0.43598850905214726,0.65224002970721984,2
19810388,0.98280559178238158,-0.75010781302487284,-5.9756050053640983,-0.37877213582517116,2.511605503464919,-0.97086894404135204,1.4093825080175577,-0.52333426460947696,4
20180244,8.4605262228997304,3.2481583773955531,-4.266474117905144,-0.35080911747587912,-1.4389260315479107,-0.61161770238405866,1.7182735406701144,0.75363529951171049,3
20121109,3.4888441267157098,0.29768444619622275,0.4834380685204146,-1.6114835384147281,-0.16781942899939956,-1.6260789659719526,0.22115313548470586,1.0407126742503123,4
20020816,3.2779674010570439,-0.41391802339257877,0.07222904764827473,0.91878455171069029,0.64850841301724027,-1.5330461418798971,-0.34132357121696283,0.42195879634810585,4
19960993,1.5016351791492315,0.70453420109951503,-2.1307254691757467,0.48022114401989985,0.37925501192240285,0.24405347967335655,0.26525750450749191,-0.53691862901585508,4
19860202,6.8443607265121393,-1.4451547046028588,1.6092578105444979,-2.4340626712297548,3.7375494440535566,-1.8881388296986594,1.3201031123204092,-0.36491107940937223,3
20070399,4.1789209827918858,-0.0085275465861279019,2.522362144977667,-0.84388273722353113,0.81531811951554123,0.1482823799726509,-0.76632397062906421,0.2650280209026018,4
20110888,0.85666076920205436,-0.027168280793675521,-0.17015760947274547,-1.6336471114071023,-0.23643340462692233,-1.6416743228285586,0.45592048048463713,0.39934141646707655,4
19810659,3.3294393451036912,-0.72356852019029971,-1.4781834633223065,0.33028652374381406,1.5520394076551467,-0.79590894120304212,0.22345481663976985,0.54719184347234329,4
19920460,8.8083043841826694,-1.9181475728665178,-0.78053438610223536,-1.3496597094215292,2.7239112193734147,-1.7759973333658954,-1.176792226117837,2.6732504825512349,1
20120172,1.0031993875027909,2.6072725929819902,-3.2064848604027896,-0.53046831484379453,-1.8566626505358401,2.6799206850922022,-1.2108905401286703,1.2535770548543619,2
20020803,12.400337266676626,-1.4997161513896753,-8.0232974842045142,0.009404094589928259,0.71770191159354069,-2.2865966773889959,0.72490719639831536,1.0190989298399509,4
20101141,-0.30760706512194852,0.93820260441918857,0.50133331169060302,-1.832919704612237,-0.45417398505826867,0.53856212075978527,-0.91560096594235396,-0.38248420975226555,4
19970487,0.17260814697613927,2.5887242523892775,-1.0659130132035017,-2.3732610094166811,-0.81389185876936443,-0.014211237850092411,0.52064194938246666,0.60886369779265914,2
20190021,5.9166635894489685,1.7130686857351372,-2.8710626890221964,-0.82829036451220606,-0.0083660690107619628,1.5077275733269169,0.93437230513892477,0.25524820679538812,2
20110037,-0.301892262277488,0.41975993160584685,-0.21165188673052296,-1.0539237290365282,0.50445250164270294,-0.25045355517799772,-1.659354587890489,0.23382353186730048,4
19980067,7.5500803397862741,-1.0006698358353006,-2.7534966560950314,-1.5755781544870202,0.90082877319163435,-2.2250002967223397,0.25846444207567854,-0.89572329164705877,4
19931108,5.9174389342421474,-1.5142382080794048,-3.3790422948534671,0.11523764922714078,1.4269963086608533,1.3928388350062133,-0.71654171676813061,1.1259426159890578,1
20070608,2.3096697205678081,0.3700769139932783,-3.010067832895313,2.122256672514617,2.5421704611175953,0.129140096669773,-0.73455048267766798,1.1195275496243462,4
20190620,-0.22473515313007913,-1.8840610348827547,0.28021471737635983,0.27322081423164024,-0.047939111018153582,-0.33593873323204143,0.30095057892155985,0.36958348962141058,4
20170794,16.146064246389685,1.1326679460007449,3.2624940520918781,2.4449721019917554,3.6259439548277821,-0.32886946481768536,1.2575360722070024,-1.0321318420481711,1
19850265,5.5271743469952117,-0.58684539639301958,-1.2598059691612933,-1.7201258263694552,0.32198840174438043,2.1551616763583028,-0.26292383644328976,1.6811539863821765,2
20010700,0.92530825332528588,-1.1306790786513536,-0.65003902830523208,1.0147417503641074,1.045643608126414,-0.039569809627650651,-0.2520422986466172,0.92870112758822365,4
19890108,-0.49311096838647211,0.29857041204778262,0.7209341285355152,-1.2802594385912796,0.90962926086524465,-1.0371024957463695,-0.034903516635509495,0.016812191349918581,4
20070275,-5.3083565218258526,1.6047305007149124,-1.4174005275327262,-1.742483625789655,-0.87069558692755422,0.31547317622692422,1.4249128121529,0.38250823037033571,4
19880581,12.38155702564096,0.2434574312408154,-5.7889044467452093,1.9558775899838055,1.7979408697822985,0.42310900585561118,0.10351318550337725,-0.27802667669113457,1
19800936,-4.8478196014899071,0.18909933760467668,0.22481133634005876,-0.92928720982717117,-0.35692992592236972,-0.027054751212771466,-0.83861164565492252,0.070619671710946574,4
20190927,-2.4013133126124622,1.1602927146707804,-2.6966129484920778,1.4095489872553264,0.81829688791334265,-2.0429247324196469,-1.6236768541655262,0.89924725730901933,4
20050282,5.1783631805025134,1.4587645745387645,-3.3476378573515873,-1.5892020745553195,-3.4643575884178381,-1.5262674953343671,2.4237610229149458,0.027974732577170425,3
20160735,4.0458488719931127,-2.5509812698768748,2.2618615042174759,-0.10913138221507461,3.7519460806440161,-1.3470714316619727,-0.4762089624286972,1.8027243006502032,1
20080093,0.25648568131123012,-0.88141267699735393,-1.2977073013464675,-0.68478264516748222,1.9457819018704101,0.90634686470382908,0.17279152858626845,-0.78981939475491436,4
20030573,9.2290382406920504,1.7986498225950249,0.66498200599663726,-0.87044300233064309,2.3022561854381136,0.9904376379287011,0.35942629861012915,0.88199489988501123,1
19970127,15.134356900008388,0.748427300048084,4.2238429713477661,-3.363492301656017,0.85976697037621996,-0.23119201532554365,1.1629731759486479,-0.44368766898838458,3
19920451,-4.6032283632389106,0.8737548439415328,-3.1363188489136222,0.99904151215593351,-0.21922287961615067,-0.78793223682770275,0.65935996761162774,0.86142544734918558,4
20170299,4.0653867373775912,-1.4908576891699719,-0.34056486247889084,-0.81786051454888453,2.7305580307063817,-2.7602343859879479,0.58751414368680921,0.44728806849707126,4
20120745,0.60953442249635503,2.0491365294494037,-1.7486114106530062,-0.37594942220769173,-0.072671183151445287,0.38603613136272841,0.93324939322318734,0.18365290336710399,4
19870642,-2.0123350740066317,2.898838156522868,-3.3272326023834631,-0.17473955480719458,-1.3526449483631531,2.4012556287183138,-0.18653430012167441,2.0252081351039637,2
19830144,5.6578130510682705,1.010433341710836,-2.5817313676003195,-0.43342450039573865,3.2346538670649538,-1.9978989982704336,-0.46130122556042702,0.29904360168740157,1
20120478,-0.04013543733451054,2.6358894353825009,1.9602726397510641,0.3237723434213296,3.0047977167984685,-0.29486868517794296,3.3851740352229509,-0.57612179791421414,3
20140201,13.95634806172259,0.40472464625289528,-3.097455298353375,-1.8473647934461166,3.2051162683091308,1.0666748761561906,1.0232504715894728,-0.95525528995182007,1
19800725,10.92850190582992,-0.68628557271471569,2.0428965013518763,-0.82740193435135201,2.9278998505645699,0.40322842254073615,0.41976736842266416,-0.030068430746519759,1
19940115,5.3783141992517169,-1.2642059959585028,-0.08702588829364348,-2.2047400000213444,1.0680948304331548,-1.3507361167761616,-0.98787856975178079,-0.57798904518536143,4
19790585,17.531410845975007,-2.4972267828570662,-1.8535531298675787,-2.1909087254881912,1.4978039587166787,-2.1051951706502638,2.4254974052647054,0.51341624454755419,3
20041036,0.344769705612536,-0.1208250741073625,2.1228234319791013,-0.50310772539240223,0.5296744814751897,0.34649809450469837,-0.35492188949631781,1.1723996345053043,4
19790171,0.063023837500156665,3.1546373948976685,-1.5269569607057616,-1.8718103488128013,0.089796388823319181,-0.73743825506894944,-1.0386805963953401,1.5052264188323006,2
20080109,-1.5907082992878572,1.1239505855612846,1.6847228354692592,-0.43638868229351374,-0.029482068550660274,-1.1601319128473282,-0.1247755833687588,-0.44860703247324119,4
20150953,5.7357590334922692,0.6004002226475651,-2.6663439614756599,0.40080314665683736,1.5260598078570726,-0.13069037091695773,-0.27687673201872193,0.070562466662682954,4
19790770,1.3351725839069704,0.056041209569050413,-2.0655651553871719,1.2229832174527075,1.3539816869012173,-0.80545593408659111,0.25464825122800966,-0.709928688366112,4
19900390,8.0211715194443851,3.4846116575725747,0.17375731663321764,-0.74157889599175542,0.15120810035588247,-1.123217258228286,-0.036388532174419765,0.45903969122084287,3
19980803,6.9234871023327749,-3.4287640457926609,-4.0337570496232988,7.3656656146032322,4.0365784852903035,0.55441204492912266,0.49552799574965706,1.9425770424408102,1
20100682,9.4802358587631392,-2.8916388048871586,-3.0021630906756238,0.89305863717700518,0.48246709346456496,-1.5507006284259277,2.8112901136553621,-0.16517853681543232,3
19910691,-2.1775917241144143,3.073679459258432,-0.34858415130057896,2.1871741811655738,1.7715743823760859,-0.088701555006139743,0.65831881007774029,-0.54911333585853084,4
20150871,15.812058362109696,1.8802472427916903,-2.2984530827456022,-0.35509724738592002,-2.1879980913645292,-1.3143572687980998,2.0924196270998445,1.6371497481947106,3
19850785,4.9653518492946347,1.0512155537209344,2.160361532313972,-0.86452763857320081,0.43239111399879809,-0.042473816152596482,0.45417842776290152,0.53765348340027341,4
19790369,-0.76355207917307788,-2.4258106564198347,-0.53862420572741621,-1.4859274253118493,-0.99144397679307905,0.26641681964719599,-0.50659760332862658,-0.30244868820782994,4
20100437,2.9360830540891913,-2.3741034394951077,-0.26457706118126018,-0.76380148546110338,1.8487445771195052,-0.73647833730257706,-0.85332499438822351,0.6428819567710885,4
19950255,4.9050840576709867,0.85510773584602862,-1.7171607201700216,-0.9172974935817052,-0.018569395106948508,-0.15132241703204005,-0.73270005836081031,-0.52983692462420506,4
19950453,5.876016353418926,0.36787169511671836,3.2713336979514009,-0.15522009033764461,4.5646025701000958,-1.2625629143506449,0.63051908314963534,0.23346801773976375,1
19970579,18.465172253014021,0.65765067061665294,2.9892717625010712,0.4166533265451165,1.8918786713952032,-0.81416179566976565,0.23706454116800629,1.9037451603536466,1
19991045,5.1557474630340412,4.6004104958106797,-2.1846338812846766,-1.0806378846905815,0.78379115348270822,1.0686108224639206,-0.82287815851338419,0.68091492698469958,2
20080542,1.2189281600591464,2.495243393994441,-2.0188202131525901,3.1898880619368337,3.3761171165492749,-1.9737134258709839,-0.8714874260783636,-0.25858882559610324,4
19790391,0.63155420342549073,1.5906372610077884,0.27014391041820174,-0.80288552096941113,0.4211548149805065,1.4785777357854326,-0.26303541580423517,0.37507383676464506,2
20150637,-3.2713264403786591,0.31844289953367788,0.30436590781653367,4.2295507521022833,0.058710973381177575,-2.5055725528688453,-0.18804021091502995,2.2458563475947728,4
20120911,-3.8131867473342411,-0.63818367925862163,-3.1575068381640321,1.319845072806088,0.072614870718125626,0.31946144020544159,0.12653028637356958,-1.2062999087153008,4
19790963,3.3606357912286748,0.72253925300106081,0.74646414836890917,0.051863033803696605,3.0850926122653091,-2.6325710940105935,-0.48006027147551572,-0.40553497637848801,4
20190172,6.2202130518330261,1.6383125625239445,-0.14925057760269875,-0.63846883600486837,2.2299554371307377,0.80714702255956072,-0.48020799419454901,0.39661738906009042,1
20090133,15.376144037222971,2.0652700762650316,-2.7463210393027122,-1.8327366364741884,-2.5814320754251945,1.8855955291977984,0.1649290335754495,0.30530421580705625,2
19960679,10.670816478373778,-2.3567245219011923,3.0220014324445401,-0.37741484944228448,0.90144370019410869,-0.70267102497479206,0.99589305435886333,1.1591894184172875,3
19940463,-2.4339723902162915,1.5163041980900585,-0.26214320467065416,-1.9764548932252899,-0.52213094650502434,-1.1210244450109144,-0.13634442321068074,0.33323703970208668,4
19840829,5.2551923504078806,-1.383779866466079,-2.5050995692944196,1.2755319140771597,1.4596743060942161,-0.63219719753226322,-0.45841051120315396,-0.021997831315885528,4
19980204,3.8679979397930926,-0.49994268576598344,1.9667648900743773,0.5266596470173418,0.50783261645487576,0.19003171714774691,0.47845035322901103,0.29828366774810727,4
19980520,0.20197065944460096,0.67566797944379908,-3.8562975985725267,-0.38835864861221814,-1.6262483534751064,-0.76663524395614357,0.67762779798776807,1.442927765398472,4
20110323,6.0683375651503111,2.8381669320620944,1.3577520197741066,-0.97173734934932954,0.53428202191847218,1.0809111066576809,-0.24145690441754397,-0.17868301908250864,2
19940431,4.5096933694197165,2.9872195174174467,2.1396400377229825,3.7811675689596345,0.3844326179580605,-2.3293615985813472,-1.025157815042766,0.7098549535354558,4
20050312,1.1846650127641454,0.68814197899113594,-0.91918524121445133,-0.17084424314097893,0.82358305774297846,-1.5424047987785552,-0.76978143255383058,0.31543908150356148,4
19870780,-0.38664000117740771,-3.5289663787844385,-4.47122579340878,0.40800834902956307,-1.0109858158255567,-1.4237793650262296,1.3425063359231231,-0.18818018410647935,4
19921039,2.0129116876312518,2.9536692948922858,-0.19837044386752747,-1.9738506092361101,-1.8433964394948297,1.138399236690951,-0.67493969101308993,1.5142058595092955,2
20140418,6.3552229014666688,3.2841123311730929,0.78049326395593011,1.6909897806438889,0.57096448966881952,3.871383285123021,-0.1470828601928803,1.7059166845543716,2
20170033,-2.0489432813498492,0.82812714688169475,1.5827773502564315,-1.1663854778379261,-0.048636521350510491,-0.052012216964746637,0.35015664768863614,-0.038333389516586741,4
19950852,27.920184844672249,2.3732459275435032,3.1627427554719256,-2.3050990565414615,1.041242575570219,-2.4139552240685438,4.5664184748428429,-1.35445783071494,3
19830893,4.8897591488423924,-0.4781801082739352,1.7076574896452497,0.71449619821577626,0.70662525144576527,-1.2527178822553042,-0.047126259282581233,-0.54145771530537867,4
19950970,4.5600709447473733,2.7436208628819791,0.19585278757364161,-2.0094835206575423,-0.85005565223357227,0.69576459837950366,-0.16742969116091322,2.2663276112060133,2
20190008,10.214303250604122,0.67981515724533048,-4.5316088116314335,0.97646126704770975,3.0454741811785189,1.2052380551839244,0.76756351181158966,-0.56451913647427376,1
19960027,13.017112868542842,2.7919956866232916,1.2526636117598682,-1.0833517497762912,0.50998512113126471,1.3899076105638377,-0.22977168078895699,-0.11544127817655196,2
20061156,0.49779316285347319,-0.86847032102658617,-0.82695884314875401,0.51493020027688674,1.7409890690153322,-1.2055588196937004,-1.4271477224736757,1.197110196205375,4
20000888,-0.031593288921910018,3.9765509516160362,1.0233811992519306,2.6772196388054206,1.7808787328553832,-0.69159854823583367,0.49069046770266134,0.75733890051657959,4
19960308,-0.1972342260697921,0.41063618895438192,-4.0488501607095602,0.96411114083149152,1.3972567483366767,-0.43831160491967713,0.59208465905051477,-0.39645323386795223,4
20191103,2.4501375868420472,3.5331592460581933,-0.69374601465269958,-0.94880979432339629,-0.67398258220276974,0.51640887517152934,-0.92691678180031656,1.6669363541289757,2
20011154,0.44377172478063243,1.9843188195494323,-0.53882653978201078,-2.0899696890282389,0.18362888843691572,-0.40479825904741756,0.54040384092502514,0.55649890405795632,4
20091145,10.24788171720078,0.42484713428938548,1.5336967405310722,-2.3883641177960815,1.3872876268051786,-0.079745760756318493,1.0734896898307236,-0.79215133608971855,3
20080717,5.7664794019347108,-2.1323177021454782,-2.7367102735344742,-0.077814198214416819,0.96610518151482649,-2.4123049291072944,0.31421578764324071,0.80800534384832756,4
20050222,3.8220533068182805,0.792043984247087,-1.3154576342005817,-0.23902184219555475,1.6513159308362724,0.64716395290130668,0.069891768849919128,0.11013667031941216,4
20080660,10.562570521529441,-0.79708473413599412,-2.6091815496942043,2.3285295132846611,0.6345212471317061,1.600230988585065,0.44356656866810229,-0.32052745524302279,1
19901076,7.1679813338681573,3.0438146409941473,2.2869967228430603,-3.1305188503025172,-0.076289152033606158,-0.88056379557865394,0.79585094548383495,0.5326674128287866,3
20020087,14.521999732015356,1.6854417834205722,1.2739009929435849,-1.4395748704572293,2.9787621626111549,-0.26967576678617683,0.11000710039857814,-0.56805704733867812,1
20190257,4.3009192316851088,0.37664353560254443,-1.1374453560134798,1.2522571567815592,2.5266361200599756,0.27089250720714148,-1.4394557473244243,-0.2714313888591306,1
20050471,1.8413927664128085,-0.21216377429123331,-0.85965885329974534,-0.46725035727184977,-0.091502802216013313,-1.3044309180831133,0.24677394307371561,1.2615009186442578,4
20151130,3.5550380569834368,1.2170102013799267,-0.1304604612089994,1.179873494222325,1.8046870460628477,-0.076166478965317974,-0.47782068758849205,0.091212203762835856,4
20080480,11.294320578170948,1.0846738768887505,2.2725349721228767,1.9939802850000692,2.2311720313142924,1.7841348139910185,0.18758770698278213,-0.099932177604355868,1
19890832,2.4653767294638853,0.10648797223331061,-1.2971212455220271,-0.057700447424463619,0.80761193830330846,-0.063918873848964358,0.18506618206588138,-0.21644762739154627,4
19820602,26.16955363459665,-0.13868641997134101,-1.1148162651475693,0.33246841875602967,3.0333772700203618,1.0491791834586959,-0.65340190341842586,1.1543175749497332,1
20040937,3.3466764990031295,2.6452991573785516,-2.4395875362427701,-0.017672581137807199,1.1409959911840908,4.17196898454422,0.5471026330827794,-1.3413125896867737,2
20061034,5.0097954029304139,3.4506920981901916,-1.3596534676599437,-2.4523967748739599,-1.1075827574347794,-0.15431644668235062,0.90536864216549551,-0.0051952525695309259,3
20070633,7.4254351341040632,-2.6588765038320137,0.34873836376946721,0.33796788401503725,2.6465571362927656,-0.21786625855904718,1.0070831427708045,0.24189442154331925,1
20101185,-3.4336657939770068,-0.58483378032579347,-0.66345383367507127,-0.92193320690345537,1.0732653625030306,0.66606058448929173,-0.74139619468275364,-0.37971493987010141,4
20150628,14.634905890713313,3.8239392091513293,-1.7724839564308512,-0.68147080197581689,-0.66498400989792827,1.3755121308501099,0.10445855240391634,0.37836204264581957,2
20150682,2.5576571769265803,-0.74068119259950038,-5.020366554394605,-1.0565483242166911,-0.35147228909564432,-1.0836552653415708,0.089763800882506753,0.04308147913155453,4
20180910,8.629708943319665,-3.2430474802302767,-2.4672126055639789,2.785058188105531,0.20269763542789757,-0.56772370579569109,-0.17168337385858623,0.39187031724410731,4
20100953,-1.0443790529554278,3.0269141604913328,0.16052909057984033,-1.2579176138628012,-0.2457757473906684,0.62053085844403988,0.79292965060720189,-0.085496806737387493,2
19860409,19.448251626598687,-1.2185378173360113,-6.9607424450128814,-1.4159539231348546,2.6162835641719573,-0.27986418579389011,1.8635803877588293,1.1908293795207583,1
20080774,4.8897583883285884,-2.0980250632855268,4.2143748639976808,0.2033809332837255,-0.72951248808067248,-0.69166387033106602,-0.30415443197729092,0.096737290012701052,4
20140623,18.963300771671545,-1.5529059069834668,1.7195679405351778,-0.79127036623960167,1.2499331174146031,-0.23147159179447188,-0.76165109970420242,-0.04710881329709516,1
19880299,23.9907605267625,-0.95351880150445645,-1.2596765505163849,-1.3377081249292271,-1.3004280813598947,3.5996150373401079,0.76122626371152968,-0.12625138290768201,1
20031192,1.7675071811324088,-0.015537316607563219,-1.6480387246151915,-1.2432093058063765,1.0334750008991533,0.65041514348679597,-0.78379687390836061,-0.15508452530274519,4
20111053,1.7584156356238279,-0.63485894190427561,-1.6714235693049944,-0.14587196014813175,1.384222231946826,-1.6201263110639754,-0.49122468596270863,-0.51970149372349717,4
20050336,11.398606040845825,-1.0997229565672806,-0.65970105219768105,0.54975054784603461,5.0330103200643048,-0.3812943626743055,-1.2245140408694382,0.041309382356256627,1
19970638,0.22452974375701137,-1.0402667785213409,-2.5668560156991029,1.3881982232386891,1.3571162963491772,-0.38473146821760945,0.024914739596522621,0.36875135994477587,4
20191010,6.9789858625129737,3.8228255265554281,1.6282800731152283,1.9203041888052992,0.7722682017256165,0.88499360770365776,0.25677695202488138,-0.99216034129260389,1
19901130,0.05072607241463236,4.269645832472615,2.0657345632605209,2.3665285764379553,-1.4555924286012383,1.2837173642911763,0.19024128056215697,2.16282739864806,2
20050562,-2.2693485768777766,-0.16929359834358823,-0.71843186434306539,3.5014361014452202,0.59037376632902139,-1.3082920432409728,-0.62880812432117372,1.31652332792077,4
20130957,16.778296084405806,4.2400880848607665,1.6921348196704842,-1.705068181359104,-2.2260834730905783,-0.14718321285252714,4.7161223719661853,-0.007816649256713137,3
20121099,5.7568747660901272,2.2020785581309457,-5.4502860543420555,0.24639399988043342,0.081613594951936319,-0.02178932488063768,1.1371526890929622,0.43764509697045201,4
19860766,4.2952158714532773,-1.0625765097613689,-2.6555422628393188,0.68896323180916796,0.95103552931559843,0.70238209937164309,0.14670974816416299,0.79683397838197234,4
19980693,8.9050499607850568,-3.1293614378126708,-0.1201362699019471,-1.3044899617988253,0.67770050161258433,-0.88413623938923003,0.81297610002170806,0.21723432740786977,4
20140830,15.337984685890142,-0.15348594792823009,0.8933053663005478,-1.8148753775349193,4.3225891839350581,-1.4616662695817364,2.4426789057027039,-0.82213032124751995,3
19830443,4.7501910767132065,0.373274188433176,-1.8635808130211067,-0.31534872856614382,0.3855446513462783,0.28967816305936456,0.83346480061489658,-0.83528997494179802,4
19830416,0.00080841581603654426,1.112002946164462,-2.9212830605056896,-2.2458413025544801,-1.0856977538487089,-0.12436738495579588,0.41069017749997683,0.13334864704737603,4
19890381,3.4179673342821193,0.22881851141480972,-0.58499354845605844,-0.051571078496323391,1.6345712831302837,-0.27519946233758458,-0.15247328008074379,-0.83826391290573432,4
20141169,0.91103205132167175,0.26975453718972892,0.45436025767900806,-1.007130732815505,0.06605030064890538,-0.18654376254617977,-0.079599927639714144,0.098487032826463261,4
20130711,5.8456410182058107,1.5553460419482292,-1.8753772948621155,0.84376880774713481,1.2327982944381966,1.9635328572481459,-0.12183060247629431,-0.64854898058185717,1
20207440,4.9824530132702938,4.0756538014918799,-3.0511502772396519,-1.9389045295618139,-1.2319291478457359,1.6604374121480445,0.25229844371725541,0.82387785513282397,2
20202267,0.17413910108854422,1.3396046117775766,2.2227396906072419,-1.108930069274136,0.50793642615959911,0.49628116374302056,-0.10610135798317788,0.41401291310879129,4
19840990,3.8764083555448972,-0.42438834676275045,-2.844951704307813,1.2054938240259023,1.5365756259919883,0.12208387440172602,1.3902152203373803,-0.55700959876635003,4
19840531,6.055727322320422,-1.9679360719609928,-3.3710432701594959,1.4579389396522993,3.6136988213002623,0.41971434136017771,0.26825283391711657,0.26256546199711117,1
20090434,13.67620234647689,2.0460984520345584,2.0209191425905719,-1.1811114380894541,0.88019019993190994,-0.28466137125507379,-1.8741516966841492,-0.058261474054510543,1
20180772,17.440625958415197,3.2509240836448003,-0.29067626385911099,-3.193069933433669,-0.063954990489962837,-0.72835574978676942,-0.6956418515681092,0.75472991545738577,3
19800464,13.124800336420195,-3.1896509737248362,-0.6309024158745522,-2.5377733735410923,1.8800605286134424,-0.37103835126706952,-0.58885339725024066,-0.79720131464571786,1
19840365,3.8770834680282378,-3.8726600694208426,-5.3289062118441022,-0.23578726590141785,2.1179069101849293,0.17834124752137528,0.82349292885176739,-0.062737009339788888,4
20170998,2.2609147606499804,1.0240754403314813,-2.9306799652897721,-1.6519468330636122,-0.42879833685153362,-0.22619610463696624,-0.40749688871267326,0.17612978593339684,4
20060680,8.0994275811576131,1.3436331215346387,4.9426401973771119,2.0437078476785504,1.5368069551081966,0.57120170354191191,0.61367477008484506,-0.80050547994672694,1
19960379,-2.565500325470333,8.5896305538317037,-1.2938655571209383,0.75374144269241683,-2.8015823919888514,1.9890142650939875,0.75453629287059676,3.4288678672437372,2
19820917,8.0657842236673325,-0.17459581636443408,1.9999972349467154,-2.0127079947652478,1.4599450176422826,-0.98756541649002816,0.19035737737175992,1.4369022259468538,3
20051025,5.1069763205464165,0.9306527679953589,-1.353247933978893,-0.11893983434748032,-0.99562316668922124,1.2846689680631369,-0.32645353562991686,0.0084879911679545325,2
19820549,-0.19300193566547022,1.5555526430926687,-1.7294241342562684,-1.4777044725187778,0.26763681400473982,-0.62034907029034536,2.6441381118127301,0.12397326329181106,3
19790097,1.4461550584832163,-0.15278879878156901,-1.5182231344606494,-1.0687297393914799,-0.071257705374244015,0.88060623913587821,-0.58052700116199452,0.18264015714526363,4
19980895,2.3833031297082803,-0.86953072722251956,1.7569137540762012,-0.90258693731384232,1.0501295431186148,1.6031346988072344,1.0653682263107276,1.1587683244493863,4
20140877,5.3111001401741458,2.0656526685377417,-5.8806893632416726,2.1424796123866554,2.8821864900410663,-0.35229762343619775,0.85580208529963275,0.071561752496174066,1
20090679,14.90222942828083,3.8342365489880139,-2.4659108330343438,-2.3500483657670959,1.2079855146026395,-1.4864413080666152,4.4528446713619818,-0.043502557337526393,3
20070798,2.4316277927019119,-0.19045386217275156,-3.8137045402299186,2.697136869257688,2.9489684114148669,-0.71053776134326629,-0.23607989455969666,0.98889626895690108,4
20030116,14.671760986403015,7.1354203429810132,3.3848422463637537,-4.2380862214856903,0.26735436034891563,2.9624468515745859,0.52641516923664344,2.8437301436499509,2
20070732,2.0195220352755729,4.0173116061225098,-0.67035238374966521,-0.99134979898475317,-0.21175162484726631,1.7967463307877209,0.97999632097297795,1.7703562503669847,2
20010096,3.187293586493217,7.309289093444244,0.55667336673017098,2.5429102814724076,-2.6157776784143132,-0.55512644225247243,-0.011922191847113071,1.4067461964886885,2
20110082,0.11681295532467978,0.99211528742559807,-1.5136676897659913,1.1547914422409808,-0.20547501309047561,0.52505569779774619,-0.84175857448246527,0.067729793751773848,4
19830808,-4.9646651210559227,1.6583722162859478,0.40200653481814175,1.2934237230105416,0.4338532088700543,-0.30338077927902563,1.0683265997859785,2.3169883716766004,2
19970233,10.440941435627957,1.7503288482843167,0.83021642299877274,-3.1975854812632662,-0.55033090466487178,0.30290923533991915,0.50315360102762563,0.81191397071602722,3
19980679,9.5654468543525795,0.83503911146596166,0.60986372606912331,-2.0520221781952981,-0.42410647455550116,1.1163055806857647,0.13148861012857685,0.87051570130135281,2
20161051,4.8669066800189089,2.113420209728528,0.22635560856990733,-0.7835724003290202,1.0151097092321169,0.70340643697644223,-1.4861007120305347,0.48012074187511172,2
20030099,19.233218795704818,5.9462694702611376,4.4185767488656538,-1.6003288953134367,2.6722257311268582,0.45793200651955124,1.2986489098332361,0.42907483902715643,3
19960798,5.7991633312285655,0.34572307868736724,-1.9075993067973895,-0.31343578970768166,0.34874054951225797,-0.58373839070173872,-0.16044192493326512,0.25281091653458576,4
19960286,0.050289308520035457,-2.2078260139799735,-1.1217827120735728,-2.256755374580496,-0.001358057027740194,-1.3780820208512914,-0.069005578505519527,0.63213413731868295,4
20010254,0.68718597327063757,0.54398582018247588,-2.5410298641556519,0.14640979725856068,-0.4743024913278947,-0.8216482119920937,-1.1560632109184814,0.30793432272091442,4
19930687,8.3508961088065803,-0.88626380788123593,3.0645346971288645,0.47814564067430199,3.3250732509806888,1.3314510305599956,0.72729482933897693,0.24668124126792665,1
20170348,8.8878410333540767,2.7588008257410674,-2.624819931989216,-2.9199076801132589,-1.2411369080910819,0.82457942804456541,2.3887085866830504,0.95399248273419046,3
19870793,1.7323944986158448,1.6876061000424893,-0.31141865552928416,-0.23483058794443529,-1.0792782112282353,-1.1976354876931217,-0.49069549222983216,0.19106505766244913,4
19901100,-1.5574672664225804,1.5461045297643949,-4.5061476429088101,2.6509106293811819,1.7202800302528325,-0.3642173365841026,0.84002760825138156,-0.012570937481302486,4
20170832,4.1594690940342431,0.20489103247141108,-2.0067522698357636,0.82046115747199422,3.0297693332030966,0.24195894349603606,0.69201206353422373,2.1086812050479042,1
19870649,16.742762534254485,1.783152708974129,-3.5662495840691442,2.6236658635137209,4.5062273826223151,0.2293262554936738,0.64422902998216824,1.2073069744594782,1
19930079,4.08046097261398,-0.45768512486870683,-0.9685466741615526,-2.4136587309422208,2.3082075658031433,0.14796551606651653,0.16797257865720511,-0.81937576374135157,4
19970186,0.95411634050520822,2.6056078464114787,0.25401669307536079,-0.90237164915474266,0.56495229590643925,-0.85274597201956992,-0.38461164146085786,1.2236055460000612,2
20150436,3.2105857802242999,-0.039299512624860783,1.3047207928037752,1.4624016807355356,2.8958561971819825,-1.2493868307496148,0.46121542468256649,1.9294022824169321,1
19860295,7.1272788306210115,-2.2354521766686171,-2.0105001848024511,-0.46590885430486428,2.8043507996682595,-1.5228309545969303,-0.37025268715460774,0.53175654351419921,1
19930680,14.813330518923797,-2.3548912632410275,1.9602913466125969,-1.0205084678866552,3.5523884995728783,-2.0808203717471447,0.53582517511294214,-0.47085614027868589,1
19990098,14.744919566956842,3.5892979215566139,-1.9017092053336648,-1.6050735109287735,0.58125484286487883,6.2076010656700618,0.25596121433951013,1.6976717348799444,2
20110365,9.5404623137160698,3.5553915338955639,0.075422275418421378,-1.3714368245696573,-2.2080852683200023,0.47074573389494212,1.0862756671872318,3.4018734110126503,2
19820932,7.0697640680164104,2.3551983906485123,-1.7738213253314534,-1.4551099654693007,0.94425500386459049,-0.26421620946297109,-0.030947665282096314,0.82089130583642811,2
20010400,5.1038810574099998,0.96438542513719216,-2.8724973821643993,1.1118669088084501,3.2863859171464282,1.0169952220642466,0.1314903079866612,-0.88126745175365384,1
20060787,9.4096849462869354,0.0047870126755054547,-4.3331157494100916,-1.7903642701319842,0.54116272964238221,1.3710451418049769,0.4938377563232732,1.0374594485375872,2
20040846,2.2404683234694294,-2.2856226757286335,2.2377827803914641,0.90878584092647607,0.4634616113084073,-1.0260958431013056,-1.4715632800039413,1.0871319654307467,4
20090187,3.4079589436912592,1.2459787700964016,-0.31948478160897992,-0.49993333128981216,1.0217317060794247,-0.79941309342032751,-0.79075841425708604,0.59357523754345154,4
20001018,5.3343772928749846,-0.0333723559769512,-0.76783735966489886,-0.84575636892670025,0.95117483389370128,0.13425275123909663,-0.0035918015835380455,0.10677419668897348,4
19890495,7.2134860431648917,3.6472008487118992,-3.5343735371941367,-0.62858330734292978,-0.12819985293645908,-2.2920849527707166,2.2180770973476021,2.8954133424027972,3
20180438,11.937642113218267,0.84885813285517031,-0.50714062831707096,-0.051911638403751507,1.783561373636203,1.6983194500343404,-0.17013727711847854,-0.7869332130586445,1
20160404,1.6021083975511046,-1.7315602817606874,-3.1297355059590632,-0.66819529176478454,1.1085512940687259,0.0094239911392845384,1.4122130610418728,-0.57508107171530209,4
19931042,-2.0979849479984338,0.25387290096683496,-4.1739055343839553,-1.2572589555281313,-1.0753025800132483,0.51382846529071891,0.90030916386828641,-1.2134157733933695,4
20110128,-1.7785466763817845,1.0117792028115802,-1.4356540873663519,1.5905384548418233,2.543523650526319,-0.71689504759598222,-1.2360921494264712,-0.77515268827789641,4
19971067,3.5766052456076021,0.76205001422207119,-1.3942943025960743,-2.7214236511081098,2.0870951166278471,-1.1029776212865641,0.70837847716669788,-0.89360194757546418,3
20010618,7.866354820848688,0.018964714661538744,1.9556365981919448,-0.92119240972920213,4.6772096987302287,0.08028065484496219,-0.046841629152535938,0.49728987679187314,1
20180548,-0.36912647431409862,4.3189697637462645,-0.94709214016037202,4.4795055350768589,0.28046945418010427,0.33716151090618107,0.87732843978205588,0.439988779859178,4
20000863,11.791506660658646,1.2800683127542816,-6.075869646270954,-0.070738606208374952,1.0546227094216829,0.13284281915240362,1.5781071206683417,-1.0669458790603115,1
20170020,2.1876060430325071,1.8262264496336682,1.9054204632721881,-0.079581579164810484,1.2873004661290968,-0.85066729044871425,0.95589118389199657,0.068196034967070857,4
19821079,4.4394359336671734,1.6918154827651142,0.63692395592180473,-2.3355003718257406,1.9726541877923738,0.21750247964987643,-0.71342271236407706,0.91696991021414853,2
19841124,-1.164263482794335,1.9924570409184592,-0.46120695860590211,-1.9695152693274365,-1.107761842099295,0.53212569000989296,-0.032130221466363122,1.0340706187432478,2
19910662,12.203815502233235,2.0799803540023296,-2.004952032830861,0.95904973914010561,1.7263498136588016,0.81147034616316804,0.97450622975575873,3.7611656818430514,2
19910747,2.8569494420963331,4.2033190924154171,-1.1472914018783087,6.6034456688521992,1.6529820774035464,-0.56427657346886761,-1.3478843669434579,-0.17089762821031695,4
19920595,5.3360973917623209,-0.79461498919264051,-2.0079939729745413,-0.35090440750294427,0.73978552768120853,0.25155298630219031,-0.79437343819266093,0.021707648612855311,4
20180099,-4.4501209904145229,0.87254748502540835,-5.9829945684402865,1.2910849536771443,2.9177225977438237,-2.9672550938895208,0.65526719292311464,4.0189023635941288,4
20190532,5.8712905480929471,0.22974142400339465,-3.2493310841193668,-0.26490060234557633,2.0326193369764756,-0.66552248787425505,0.97836731161050916,-0.08535910763363741,4
19930505,6.1197597088116158,2.5656553347435027,-6.0329415560524557,-0.53981387304670336,0.41245677750292981,-0.50941637754239255,1.7023705710414785,-1.1821665672815698,4
19930356,6.0233644222282585,-0.85528406435462823,-2.5978182251599979,2.0557993488348756,1.1465903579413581,0.79287887202986029,-0.098281486572486559,-0.48622280057520101,4
19810519,-1.64087842903666,0.61107347261607803,1.6881271860908154,-1.7541201950822112,1.9403930458207317,0.0013051365662230475,-0.31980705368117102,0.81508752659555139,4
19930886,0.095558846720469562,0.72127026759357526,1.0512488654747936,0.53235359545999184,0.20980346124958757,0.10439191609153903,0.33894364537717242,0.72116457285679081,4
19870848,11.735695306927461,-3.2569768551392526,-1.2899205725189105,-0.651386578290861,2.8971134921244257,-1.9475110176434749,-1.3518327701562924,0.52004564456238511,1
20090794,9.6832527621464379,-0.19827617803143882,3.256532049652201,1.4697065844404198,1.6469288790386623,0.37573254666203337,-0.74453685678767612,0.28676827949144473,1
20020221,-0.34052427087155862,-0.73066688920340073,-1.0447060366796095,-1.6097447814729817,2.624968105009363,-0.0032857463505224825,-0.028512163470402231,0.34918341458490454,4
20206591,9.7666936982419497,1.1553854537520731,-7.0208506665909969,3.5766120688899763,0.63873913655287584,0.70799964523976933,1.576175606844187,0.44209991240401075,4
20090343,-4.5207360805238475,-0.41793930392835071,0.21987934564124734,0.0024420738366741795,0.4441437847857852,-0.12664048624712781,-0.028099616386158037,-0.02568452618806822,4
19810014,8.2133594260709728,1.3328977939706803,0.45391482386154741,-2.4988054153081007,-0.22697691731843689,0.90747775663642316,-0.16038544218555409,0.17216538447644489,2
19900423,8.391993683539507,-0.926861796156494,0.21287041707875051,-2.225340723904933,1.6553148735184138,-0.17891813917450167,-0.47270710431754687,0.21759293649194672,1
19980894,-1.9338528817416043,0.63113744766986835,-1.2946646165107965,-0.31324256225861735,0.7391691883834054,-0.50536319214951442,0.25612589496343297,0.051535008815824609,4
20110236,8.5884821812740917,3.2571930681935286,-2.9178383839232809,0.95457179784443613,3.6040079222479715,-0.99989632520346117,-1.9182087319669761,1.2370642174098199,1
19920481,0.61664019436558104,0.18396156931881238,1.0878023243624075,-2.1790959975095294,3.3354151874022198,-1.8882193840500849,0.31278008492614634,0.14038908050102675,4
19790690,5.2152799195154644,-0.32687505128373057,-2.6112278194977456,-0.65537580251523264,0.082834348566193081,0.30564649803401855,0.99485031236041299,-0.24584035727925208,4
19970078,2.5819850561426647,-0.15020613563769003,-1.3858740236930507,-1.7681039654767639,2.0795175165459265,-0.071075769819141987,0.86823319835857149,-0.64000336876626662,4
20160692,-1.9571195410447502,-0.77022764913053066,0.46886149847626851,-0.1051662273496302,-0.48604443906424011,-2.3854209363840599,0.37110151595469731,0.5447229954404722,4
19881004,6.5600558380215208,1.1522015409210424,-2.4423513485779504,-0.89579188004714616,-1.392375956829508,-1.0491932278553113,0.20528270982199046,-0.25713263454180152,4
19841112,20.300590003329553,2.8491867867500762,0.49943802973950108,-0.34654495966122939,0.98006224585712798,2.2723932067858708,-0.82283359283559332,-1.507555856315699,1
20030110,3.6253512314038261,2.7414186299743584,-0.015488804674230966,-0.5219372266387805,1.4733304593289851,1.7215696106041516,-0.49343451519910081,-0.85202347074825646,4
19990856,4.2702499011368538,-0.83764485581029635,-5.6032611902913825,0.14023748957126653,1.8715985412255016,-0.40488848933318972,0.49999711513483736,-1.1841397701559326,4
19830575,9.2681832534885462,4.0104279824503966,-4.5664183817384121,-0.57837938884956897,0.095603767370272791,2.1039514373584276,-0.42754799600881221,1.4364120354669354,2
20121150,12.645980464503433,-1.2831176372130351,-3.1280716184699746,-0.30214695033233624,5.7187724103862827,0.9368827268044676,0.25641323144081934,-0.26882011964028552,1
19791000,4.5837954944916657,-1.5026073334288526,-3.3126325540039732,2.2711924552847083,1.9949628325038216,-0.96339580717231044,0.91147402723342397,-0.040251791028185907,4
20020335,7.1644456209120104,1.6834777307140085,1.5413015898838249,-1.8040197607595725,1.4636339175849791,-1.2620367183232926,0.78134470287888858,0.97273339585914997,3
20070643,12.893310698140727,1.0010030772161751,-2.9600830995298848,0.36929874672806906,0.98442093798648977,-0.87121628581071298,-0.16392430438647243,0.80123656405280352,1
20030067,-1.4158131471807267,-0.77281627814325082,-0.010045347919963504,-0.59190114392174742,2.5963038403532011,0.34540439068835982,-2.038907891013404,-0.10038392296338321,4
19890594,3.5787781193932711,1.2246178969112291,-1.9692956135112938,-1.81261247002357,1.3880978255727106,-1.1414479992295339,1.2206245070048607,1.2784144331114484,3
20100924,-7.2081846269973306,5.2463515880482738,0.7753806639037738,7.0440572656522153,-0.63921776249295492,0.29630089741484289,0.33941559729204451,-0.7208195742147171,4
20120402,-1.5586017166086004,-0.098312358424274382,-0.067740840397312208,-0.30940663702491328,0.08208590371276453,-1.654097536345567,-0.75738596815473502,1.316962082929223,4
20190639,18.094010568667361,2.190382453191047,3.1359691500726417,2.5336671635164136,6.6734796891170722,2.1685450963551887,1.6266939974449179,-0.34634090458842776,1
19960998,11.274996317162573,1.9059989655152856,-0.49625946056799053,-3.624984173138146,-2.1697003980969094,-1.7024603506155207,1.2265251709997838,1.3676389355273566,3
20180733,10.223347898067969,-2.8163904407983091,-0.0075662279022112875,0.21916627953248227,1.6612214649991754,-1.0686710206403118,0.37489840387485279,0.85735376073347136,1
20010897,0.56369446356829056,3.3405614173506675,-2.2054652105191468,-2.7762578575547585,-0.50645017459870167,0.4381693821906234,-1.0094993436889343,1.2790295928919524,2
19920295,3.6974880459183379,1.0629160345904833,0.42764937136678688,-1.6798612756928841,0.20428754128302579,0.55512617023495181,0.082734132394365029,-0.06343821766427761,4
19840570,-2.0819354436531521,1.9380866783998032,-1.0438900900190025,-1.1276810861340814,-2.3905093251434457,-1.1123491598914468,1.711784288409046,1.4874396735473945,2
19940990,4.9882683073686769,-1.6342214420873384,-0.38848598731218648,0.36345496140258521,0.6296155461351054,-0.50878735268292896,0.73778128289337708,0.29390958025106467,4
20051036,3.6800552453559336,-1.4981827369026517,-3.9967971686211272,0.44721805741133086,1.8124986008085833,-1.6607103432769008,0.30402410263957586,0.84252266724646563,4
20050818,-0.75114600789924202,-0.76723409297635725,1.6322788301054649,1.8282706364200432,-0.11493986617779285,-0.17235681480560955,1.362695250897038,1.2389968110780083,4
20171078,5.8889158807380175,2.3220804773152346,-1.5647959123540798,-1.2819965963257021,-0.4654516355086889,-0.37863585403277106,1.4497555928886503,-1.3785055703545124,3
19890611,10.784914802887577,-2.9651215724387119,-0.020855038335806965,-0.61604661075620948,3.7528883782108395,1.0896004320445984,-0.95517851208173177,0.11966986986093485,1
20090427,12.311502604771738,-2.2835428924273735,1.0272646227451345,-0.19898364024636581,2.3816728829185121,0.53517950691511651,1.6212603759777275,-0.13600317040785745,1
20070810,3.3711926638041052,-2.163329994423838,-3.5389566899034004,0.1626785941215021,1.0342650230702961,0.03776680699717111,0.56444410454178418,0.23346766292399942,4
20060749,8.689769862858288,0.98459670164444979,-4.0247875125591017,2.1479192247834464,2.8141418981044608,0.4078170327251891,0.53473627372756605,-0.22026022978655913,1
19980304,5.5354472804974408,2.6840833614233555,-0.91143104975313116,-3.0052185717843196,-0.96863372194340225,1.1390100690026794,0.14617623739759961,-0.30939773225702605,2
19890017,-2.5633657400271885,-0.39877639540855114,-0.75640573640156439,-1.5977566495294,-0.92230120316236797,-1.0828358765946084,-1.4050311198249941,0.88593081247650718,4
20130061,0.14851006868122943,0.023999887175094617,1.4293598907011724,-0.14666446666894961,-0.2543591640534576,-0.44003447773289955,-1.196151479688133,0.77671326229962234,4
20100219,-1.6014903446593336,1.3899514160929829,0.35209696835976023,-0.57564159083778521,-0.77172486850098854,0.55421180185557761,-1.4356854579466916,0.27512571867104046,4
20040888,4.5657416613461121,6.0650641885955521,0.93618313085533289,0.80053423798250956,-0.62031542486582092,-0.56654931289115007,-1.0777601305870443,1.7845789757699813,2
20080393,1.2234951447857452,8.3444461786810891,2.0458196031967013,2.9310030393904989,-3.9189320909720515,0.05188913422545665,1.6333965007254057,0.64754989104854499,2
20020521,6.1407940260524789,-1.2392625575716285,-6.9868865099786639,0.81547757647023433,-0.3788011123426,-1.2010490056657825,2.2429902399679831,-0.04703231809372449,4
19960774,-0.35256377925694998,0.36896673081536324,-2.1002761909405665,0.4425098763965481,1.1224733988648543,0.61448466464818696,-0.19423225545503467,0.257292902336475,4
20010759,7.1924254987321357,2.0283289501348167,-6.4563475233583265,1.6452626110613546,1.0634798026663488,0.62573540072059597,0.37570289524824396,1.612482392993186,2
19830399,1.0544399303542373,1.053418094176314,-2.5415765073199545,-1.9849920517559931,-1.4090297195670625,-1.3255374777454294,1.0272466833202254,-0.16679042162184948,4
19860610,-0.69801492823203592,2.0629218004596552,1.1506510066777305,3.6748379825974715,1.692651601124149,-1.7725922840737909,-0.11546098493658914,0.24867829047857479,4
20050729,13.164810657464869,1.746239808990153,-2.2363338196819718,-1.7142725966382564,1.7331832857322675,0.47897666203507877,0.16858815757023651,0.48457861844135458,1
20210007,-2.1392114114259813,1.391412913018945,1.8998417739569149,2.7809446510659694,0.33046023637325367,1.6043324322465353,-0.42815876771682448,-0.07804498055516533,4
19970421,10.688635212973082,-0.0096444167679879053,-2.2188595408999685,-2.7151009443247052,1.5052323491556254,-3.0658932980504976,0.45442754683351611,0.71511549267836594,3
