track_id,version,PC1,PC2,PC3,PC4,PC5,PC6,PC7,PC8
19790001,before,-0.048444876,0.043392243,0.84509004,-0.17962422,0.32109345,0.046254883,0.17125834,-1.0386454
19790006,before,0.24075105,-0.19119734,-1.7257726,0.42836046,-0.16926087,-0.45825703,0.92738789,0.55273914
19790026,before,-0.16771376,-0.44411941,-0.032891716,0.082267714,0.026481559,-0.87031439,-1.3335417,-0.010777983
19790036,before,-0.61118511,0.11551988,0.53518506,-0.86494861,-0.547806,0.075819715,-0.53648932,-0.25971077
19790048,before,0.62938577,-0.73160057,-0.35022733,-0.89478091,-0.25475503,0.7039575,1.126471,-0.61854891
19790052,before,1.6189447,1.3639262,-0.46564214,-0.77647949,1.6337946,-1.0523438,-2.6699732,0.048857879
19790057,before,-0.94895341,0.17115399,0.64936764,0.45968188,0.70636353,0.36346058,-1.0261267,-0.29041424
19790063,before,-0.91385859,0.078703523,-0.095986256,-0.70691371,0.34570897,-0.15336444,-0.67490951,-0.42292333
19790071,before,-1.3792635,-0.70462066,-0.38074963,-0.52521732,0.13857943,-0.039116411,-0.018996291,-0.4525434
19790076,before,-0.12043087,-0.14983758,-0.0080858262,0.53869949,0.56596755,-2.1087785,-0.14317614,-1.2325463
19790079,before,-1.0552289,-0.63257887,-0.38728272,-0.46654407,-0.90093518,-0.44270012,1.7906734,1.309875
19790080,before,1.9215751,0.42133726,0.18242667,-0.50918581,1.3479142,-0.1616394,-1.5352423,0.093704812
19790087,before,-0.47046256,0.27216462,-0.39723928,1.8164412,-0.1609976,-0.97561333,0.36398943,-0.44210208
19790094,before,-0.43934193,-0.69659195,-0.33815632,0.011241397,0.59849948,-0.58748872,-1.2871481,0.82978439
19790097,before,0.21285928,0.057773612,0.57893712,-0.54378777,0.040062546,-0.62655966,-0.46186734,0.17441663
19790101,before,0.32077859,-0.40285899,-0.080948989,-0.63720559,-0.87179438,-0.56438218,-0.5495861,-0.15097877
19790119,before,-0.43089599,-1.1409246,0.071541285,-0.27215193,-0.36051558,-0.34693032,-0.33586095,1.2741564
19790131,before,-0.16306326,-0.43220893,0.31035606,-0.69893602,-0.02165822,-1.8843094,-1.4894857,-0.90249986
19790135,before,1.0125985,-0.054127465,-0.20615881,-1.1453701,-1.8138965,-0.22676574,0.017354724,-0.91149838
19790137,before,-0.74987379,-0.062356104,-0.36900933,-1.8086538,-0.73111706,-0.21978503,1.7461644,0.81296965
19790140,before,-0.49249905,-2.9240933,0.33076395,1.2515038,0.60363924,0.77460674,0.63317099,-0.19397626
19790144,before,0.19433029,-0.21641522,-0.20520646,-0.33815217,-0.64879914,0.29047109,-0.20747099,-0.76926566
19790147,before,-0.81536667,-0.053900526,-0.13039551,-0.8050066,0.29418799,-0.23495616,-0.82230911,-1.02822
19790166,before,1.4211822,-0.083291726,-1.8554564,-2.0124879,-2.7525312,1.2862399,0.99426433,-1.4534046
19790168,before,-1.1343778,-0.15269894,-0.22141795,-1.2384456,-0.11479717,-0.14372948,-0.58104096,-0.66552856
19790171,before,0.0092764665,-1.1928544,0.58226755,-0.95240876,-0.050485375,0.52469428,-0.82637438,1.4374524
19790178,before,0.12631282,-0.13503266,-0.98287543,-0.47350447,1.0580194,0.049476381,-0.52774673,-0.98317554
19790193,before,-0.15889457,0.025672561,-0.14970466,-0.24901006,-0.28264643,-0.97552252,-0.30752374,0.25569759
19790194,before,-0.26808947,0.53850644,-0.58196014,-0.98412202,0.69186437,-0.37203182,-0.041322697,-0.4064921
19790205,before,1.0387282,-0.082328791,-0.20352803,0.6089201,-0.6859276,0.27353652,0.56272183,-0.0683908
19790213,before,-0.014442436,-0.22443781,-0.29799975,-0.89940266,0.062659123,-0.13800821,-0.38137405,-0.61499271
19790221,before,-0.34291492,-0.34274274,-0.077420549,0.12960901,0.13749857,1.2694548,-0.47095,0.73970557
19790236,before,-0.011353875,-1.08785,-0.096994287,-0.21460352,-0.47280592,-0.42353307,-0.60799972,0.25796316
19790237,before,-0.22322272,-0.6172795,-0.055273123,-0.11151708,-0.27680933,-0.44949529,-0.74299213,0.20008468
19790256,before,0.012610489,-0.064569784,-0.26893059,-0.41120574,-0.93338382,-0.4374668,-0.33627539,-0.70664094
19790257,before,-0.65328076,0.42009677,-0.36769598,0.74619454,0.55638481,0.88274201,-0.49291104,-0.51707353
19790273,before,0.29173436,0.19339564,-0.5804494,-0.040900368,-0.17868426,-1.0134618,-0.34224282,-0.53302334
19790293,before,-1.5026619,3.6116272,-0.25037679,-3.4202869,2.510533,1.9486777,1.3361513,2.3499559
19790300,before,-0.36257328,-0.51798748,-0.22142076,-1.0330953,0.61546481,-0.83488284,-0.62793151,-1.0277352
19790304,before,-0.93702184,-0.078547342,-0.89885368,0.3243155,-1.7722506,0.14878475,0.58728358,0.51952401
19790317,before,-0.18365729,-2.3508868,-1.2621871,1.7606062,1.096378,1.9775972,-2.0578532,0.91206436
19790322,before,-0.55751515,-0.13177412,0.24457497,-0.59493041,-0.61279153,-0.13564091,-0.47287643,-0.44340549
19790336,before,-0.22918362,1.0892583,0.10398818,-0.37451731,0.27211492,0.085489184,-0.94280591,0.28473983
19790339,before,-0.80913698,-1.0345683,0.41073356,-0.48544965,0.095001831,-0.43296717,-0.5458537,0.082316928
19790349,before,0.89648818,-0.36420026,0.28003681,-1.1682776,1.1799475,-0.46600365,0.42508105,0.16870397
19790361,before,-0.75322858,-0.11592576,0.2933252,0.052125656,-0.22189463,-0.079688648,-1.2072264,-1.1986983
19790368,before,-0.90437839,0.59228573,-0.57736457,-0.20079725,0.61362608,0.42940621,-0.44819324,-0.030990671
19790369,before,-0.11238708,0.91726517,0.20539112,-0.756065,0.55741017,-0.18955808,-0.4030491,-0.28883069
19790384,before,0.61581674,0.53969854,-1.4877213,1.0830752,0.086100072,-0.81463714,-1.0361078,-0.75962995
19790385,before,-1.4060144,0.068412999,0.018963271,-0.73157942,0.56811817,-0.022506274,0.64570253,0.47936804
19790391,before,0.092958341,-0.60146333,-0.10301275,-0.40852173,-0.23678189,-1.052022,-0.209271,0.35818583
19790394,before,-1.2089435,-0.45452682,0.908014,-0.56583086,-0.49216461,0.70770601,0.27969717,0.52959739
19790406,before,-0.52785645,-0.57283749,0.33094929,-0.10422352,-0.38166588,-0.61019355,0.15705639,0.89068877
19790407,before,-0.074951496,-1.4581419,2.4234054,0.33325088,-0.10039356,1.2356922,1.3071927,-3.8405105
19790410,before,0.33751354,2.6870464,-0.90178652,1.7986293,0.44512,0.11188832,-0.14790252,1.9303028
19790414,before,0.85533744,-0.40678224,-0.083781449,0.90487803,0.78472652,0.87759075,0.1185533,-1.2498941
19790419,before,1.7570925,-0.37639309,1.0799912,-0.56788097,-0.89672459,-0.46065361,-0.94926691,0.58739971
19790430,before,0.76259527,0.47185708,-1.469507,-1.3091644,0.95950403,-0.42501029,2.4332635,-0.034483767
19790434,before,1.0389585,0.11279456,2.5775731,-0.0010246339,3.5370244,1.6272021,3.2896125,-0.95692096
19790451,before,-1.8665549,-0.75263036,-0.90619328,0.80505694,-0.49751257,-0.33558693,1.9844507,0.71493838
19790455,before,-0.65536944,0.53681861,0.15111976,1.098607,0.21055616,0.80989773,-0.23192221,-0.082332218
19790473,before,0.19504296,0.18174156,1.2629919,0.12515987,1.0471135,0.83366393,1.3869591,-0.88985114
19790483,before,-0.33542499,0.45091158,-0.48589733,1.0115333,0.11747266,-0.12260169,0.04478604,-0.42609921
19790497,before,-1.0778404,-0.61060649,0.14113529,0.19818751,0.99481983,-0.99077803,0.48353519,0.33077399
19790506,before,-1.6977811,1.0789592,-0.34681009,-0.03836009,0.054990342,-2.8867601,2.0554432,1.5519925
19790513,before,-0.66840729,-0.13767085,1.4785877,-0.22255777,-0.34301845,1.1589168,0.27521375,-0.13060379
19790535,before,1.812127,1.0461528,1.3941602,-1.2319873,-1.6729344,0.62871751,0.42073637,0.69245617
19790540,before,-0.73771386,-0.96709166,-0.13575145,-0.50675529,0.59120223,-1.0920841,-0.49902565,0.54798092
19790542,before,-1.3442356,-1.2182149,-1.6919762,1.8931241,0.35491612,-0.85304042,0.90063852,1.0744794
19790550,before,0.077521159,-1.5509471,0.23753767,-0.55340886,-0.20448957,-0.4563688,0.49447037,-0.72058431
19790561,before,-0.85292719,0.27829685,-0.73961472,-0.29302845,0.70248256,0.21277042,0.11033975,-0.20248532
19790574,before,1.3600655,-1.7221332,0.051928479,0.050855531,1.3350026,-1.149591,-0.39204637,1.2132429
19790583,before,-1.1023766,0.22463199,-1.0134697,0.09832339,0.21448677,-0.50855246,0.14380673,-0.41004428
19790585,before,2.580445,0.94426956,0.70680698,-1.1147714,-0.84209616,1.4978662,1.929726,0.49029925
19790589,before,-1.4234719,-0.89991439,-1.350577,0.16150899,0.73628085,0.11446441,1.9172602,-0.1096107
19790594,before,0.10251697,-0.30671307,-0.72435195,-0.4661254,-0.66647722,0.11741421,0.057114047,0.0059700337
19790595,before,-0.98228194,-1.1015143,-0.4305575,-0.51507442,-0.64785803,0.0098706057,0.013728452,1.0384966
19790612,before,-0.92946065,0.12694508,0.12211608,-0.71529501,-0.18352472,-0.82166478,0.37635094,0.45810532
19790613,before,0.81886058,-0.78776086,-0.80702627,-0.85571041,-0.67103338,-0.40149319,0.37378034,0.21740951
19790618,before,0.56988442,0.55101807,0.25914629,-0.13322582,-0.93753801,-0.41658485,-0.061122139,-0.23463443
19790626,before,1.4711145,-1.2220858,-1.2117978,-2.7061723,-2.1429261,0.77649392,0.71582322,1.0557801
19790632,before,1.7837288,-0.81330139,0.7349423,0.55412267,0.82910197,-0.20419734,1.0558105,0.70361826
19790637,before,-1.1157679,0.64682995,-1.2825038,1.1941771,-0.10290144,-1.4762375,0.18457247,0.67323171
19790644,before,2.5171933,-0.020353379,-1.3075642,-0.77615874,-1.5511807,0.82333538,0.6380434,0.47629357
19790651,before,-0.68908727,0.75183113,0.081236022,-0.075347644,-0.014965474,0.76631381,0.012826326,-0.17900554
19790656,before,-1.324309,-1.2602502,-0.60164046,-0.78566072,-0.25254425,0.41205659,2.0596936,3.0357154
19790661,before,-0.51320659,0.4498896,1.311647,-0.060154571,-0.69124522,-0.13254217,-0.2202638,-1.5039017
19790664,before,-0.75299543,-1.5045452,0.43621834,0.62857472,0.4942062,-0.29135344,-0.086322731,0.70294491
19790669,before,-0.067449155,0.59649544,2.7039677,0.51467081,-1.4100511,-1.6025588,0.96821579,0.020363618
19790689,before,-0.25276741,-0.24443208,1.3643458,-0.36271259,-0.1166322,-0.51616466,-0.6220452,-0.46908991
19790690,before,0.76763604,0.12360037,0.99572762,-0.33346629,-0.046571173,-0.21747037,0.791503,-0.23477119
19790691,before,0.56662389,-0.034397914,-0.14276808,0.57712563,0.073221936,0.19031851,0.039602628,-0.07187493
19790697,before,-0.30032484,-0.074692758,0.39410186,0.031773345,0.26644251,0.55837022,0.98320152,0.093402697
19790710,before,-0.95558703,-0.072314506,-0.39120078,-0.33093874,0.16967762,0.035867092,-0.49438577,-0.51456035
19790726,before,0.059885811,-0.13918811,-0.35968001,-1.7227031,0.29353747,-0.28092184,-0.12533351,0.36329144
19790729,before,-1.2982619,-0.012808019,-1.4548125,0.95678806,0.32584775,0.25984153,1.1731524,0.84076121
19790731,before,-0.39568019,-0.34087335,-0.65107914,-1.4905376,-0.73838914,0.1369359,-0.48310805,0.29982752
19790752,before,-0.2467767,0.47893932,1.0011989,-0.11105683,-0.16718125,-0.40296897,0.31266075,-1.2153943
19790755,before,0.25412853,-0.36180651,-0.62910997,-0.7665367,1.2909933,-0.28748041,1.591141,-1.6484332
19790758,before,2.1120963,0.11044023,1.8164811,-1.5624219,1.218676,-0.66838332,0.77246574,0.55636756
19790770,before,0.19652379,-0.02119071,0.78765256,0.62227454,-0.76123632,0.5730895,0.20259817,-0.67796356
19790771,before,-0.32121935,0.34296737,0.93065662,-0.35118013,0.088326952,0.33237254,0.32032572,-1.1092667
19790776,before,1.3553754,-0.3233657,1.0379379,0.76356261,2.3077445,1.2007448,0.48168426,-1.9638607
19790781,before,1.0215499,0.75499018,-0.080731046,0.080879145,1.6903405,-0.30728108,0.15003686,-1.7773157
19790783,before,0.53584487,0.61225404,1.5705084,0.4109502,-0.22714804,-0.31208631,-0.40677495,-0.96012756
19790791,before,1.3053005,-1.4871495,-0.39019863,0.23467536,0.49016162,-1.3326934,0.89779438,-1.3311312
19790802,before,0.075993774,0.79953323,2.4341843,0.22583715,-1.9077143,0.003097094,0.88949275,0.04911229
19790806,before,2.4412326,3.5077765,2.0177728,0.42158957,1.4245582,-0.33953606,0.50187326,0.19211631
19790809,before,0.43426316,-0.027945318,-0.32754229,0.11315195,0.87440942,1.2040783,-1.5737235,0.18183262
19790820,before,1.4348117,-1.5677906,0.50144585,-1.5001225,0.52986026,0.51304175,0.53156824,-0.079485658
19790824,before,-0.27302514,-0.46087117,-0.041736221,-0.48281266,-0.0027973265,-0.25356507,-0.12569773,0.34127245
19790835,before,-0.59647381,0.41909969,2.124943,0.26346903,-0.42122774,0.13002454,0.015523039,-1.14362
19790842,before,-0.41156619,-1.4531687,0.46479763,1.2286324,-0.76787335,0.090537282,0.98305411,0.56939638
19790847,before,-0.67777858,0.53989477,1.2897306,0.24348909,-0.81790637,0.13760435,1.3634684,-0.33191318
19790848,before,-0.68007226,0.55900562,-0.33670696,0.90421808,0.40071572,-0.51492912,0.011433441,-0.26173678
19790859,before,-0.11760992,0.18678618,-0.43189222,1.4012107,0.31753131,1.4245636,-1.3006282,-0.33244151
19790867,before,0.8893762,1.6362728,1.0228142,0.053350014,0.91788897,-0.2756298,-0.55996046,0.44143854
19790876,before,-0.24787694,1.36136,0.73613721,0.46880053,0.059360147,0.54027563,-0.23527503,0.57274718
19790898,before,-0.48503682,0.62419107,-0.11670006,0.3155831,0.36565344,-0.12682448,-0.75514167,-0.17607861
19790903,before,0.51944022,-0.81062093,-1.6496576,0.86245976,-1.372298,-1.6372139,0.99577371,-0.18321022
19790909,before,-0.97681874,1.3796236,-1.0837705,-0.24787384,0.95842341,0.66939272,0.7257217,1.704692
19790917,before,0.119807,-0.16191889,0.23089449,-0.59822589,-0.5819956,-0.048977264,-0.15833059,-0.27131118
19790918,before,0.61908963,0.72189042,-0.31075688,1.8307632,1.4080402,1.6284559,-0.79380513,0.073482811
19790931,before,1.2601204,0.89040834,1.1790618,0.78499093,0.60784746,0.14221242,-0.15981337,-1.1959981
19790933,before,0.94632324,-0.1930164,0.43378096,0.65891451,-0.83651075,0.8013064,-0.30376459,0.48684562
19790946,before,0.8441445,-0.062513915,0.67666402,-0.5633715,0.90303967,-0.040282864,-0.30931098,-0.38334408
19790957,before,-0.70297223,-0.7476831,-0.15240386,1.8716591,-0.45455745,-0.48576831,-0.2519473,-0.56364135
19790958,before,-0.60790751,-0.54988649,-0.75347419,-0.75104344,0.85767537,1.3484939,0.33845823,-0.38804594
19790961,before,0.69427012,-1.2909248,-1.6920792,-0.99486916,-0.036973481,1.4941067,2.6085031,-1.1840347
19790963,before,0.49465133,-0.2732118,-0.28464578,0.026388789,-1.7345025,1.8730992,-0.381936,-0.38727543
19790966,before,-0.32290724,1.8079972,0.65963936,-0.87653794,1.3877065,-2.8248896,1.911685,-1.2392537
19790971,before,-0.24912158,0.1615771,0.47026142,0.19579955,-0.08298505,-0.40277365,0.036237723,-1.0222252
19790972,before,-0.99857294,-0.75210659,0.35840584,-0.61100019,0.30227546,-0.69787567,-1.1053445,0.33824863
19790976,before,0.049293598,-0.28638671,0.033996241,0.97209725,-0.46670424,-1.2538728,-0.44912953,0.34235606
19790977,before,-0.78632707,0.051343161,-0.14185184,0.36301127,0.82244172,0.93250012,-0.45010279,-0.75007683
19790985,before,-0.23049374,1.525213,-0.65871165,0.49006895,0.67202302,0.56684221,0.030022077,1.0462999
19791000,before,0.67468797,0.56817681,1.2631911,1.1556211,-1.1216091,0.68546522,0.72516882,-0.038439421
19791001,before,-0.066321069,0.45103629,0.50655866,-0.95134816,1.3064759,0.7197602,0.38109431,-0.64309342
19791008,before,2.5455664,-0.39776112,-2.0321163,2.1002123,1.5179526,-0.015473376,-0.83615189,-0.3997009
19791011,before,-0.10219764,-0.34446915,-0.10792362,-1.2876051,0.37906561,-0.16878188,0.28455194,-0.43541615
19791013,before,-1.0439439,0.14847165,-3.27615,3.1322948,1.8904721,1.2004512,0.43009846,1.2137016
19791015,before,-0.15665087,0.46432035,2.2351592,2.9708797,-2.4281363,-2.6110987,0.71226159,0.77961557
19791021,before,0.61983997,0.99621247,2.3355862,1.5019475,-0.74606677,-1.3173084,1.3622436,0.89385092
19791038,before,1.1885614,0.84860971,-0.25198796,-0.86271485,0.75717135,0.26087151,1.5573231,-1.1015844
19791044,before,0.87095988,0.22697313,-0.6452345,-0.50108516,1.1309818,-0.14439738,-0.55037922,-0.14937444
19791045,before,-0.21307267,-0.13659806,-0.3244804,-0.90969729,-0.48601543,0.20437089,-0.59975677,-0.080683855
19791049,before,-0.8891476,0.45915498,-0.51328617,-0.30961871,0.52838555,0.48106214,-0.53167758,-0.59291886
19791056,before,0.91567399,1.9985168,-3.0203404,0.97488651,-1.6044984,0.45810073,2.277304,-0.24055692
19791063,before,-1.0939256,-0.56459057,-0.22572941,0.29946019,0.26654874,-0.97223375,-0.87231452,-0.50102373
19791068,before,-0.39064402,-0.8764538,-0.52628113,0.24560531,0.48054108,0.33572852,-0.044813643,-0.50741985
19791072,before,0.069347887,0.27626062,0.31173983,-0.85223894,-0.91877255,0.56773739,-0.88626652,-0.52884746
19791084,before,-0.56568827,0.72030992,-0.1365642,-0.48459365,0.4079232,0.08389174,-0.55473175,-0.52369975
19791086,before,-0.55375939,0.12718424,0.17419221,-0.63844756,0.22171261,-0.27118359,-0.47263212,-0.69871859
19791091,before,-1.3346813,-0.69378935,0.74471538,0.19739628,-0.66417137,0.10354497,-0.19642844,-0.24707237
19791097,before,-0.024849212,-1.1938657,-0.24892563,-0.20271107,-0.2753803,-0.063491199,-0.63409505,-0.2633126
19791114,before,-0.90939382,0.078236181,-0.61788299,-0.33973996,0.25932382,-0.11561321,-0.87430323,-0.68659831
19791119,before,-0.69335395,0.92242123,-1.6969031,-0.69454562,0.44073841,-0.42943387,-1.1928317,0.85536742
19791129,before,-0.99673479,0.091110436,-0.22335825,1.0690297,0.46292474,-0.076820017,-0.17171474,0.029265774
19791133,before,-0.83715187,-0.06851576,0.26410654,-0.64290742,-0.17958693,0.12779656,-0.36387481,-0.34308174
19791145,before,-0.93216871,-0.44377191,0.50227789,0.4400697,-0.43749987,0.7686354,-0.33011695,-1.4959744
19791146,before,-0.47004649,-0.21274089,-0.024992089,-1.0725678,0.73619775,-0.46152699,0.099864689,-1.0958336
19791150,before,1.578806,-0.70577539,-1.3573752,-0.60946474,-0.59681388,0.37442882,0.31722941,-0.66857233
19800005,before,-0.92745454,-0.41394699,0.34824918,-0.35889207,-0.15136141,0.66961528,0.20549736,-0.67193595
19800006,before,-0.2701884,-0.53050583,-0.34366672,-0.38273626,-0.076295985,-0.060635408,-1.1308595,-0.035913051
19800015,before,-0.64975775,0.31069344,0.4912321,-0.69387397,0.29383994,-0.22035541,0.053360822,-0.81584311
19800016,before,-0.60529518,-0.10516958,-0.075672856,0.23838425,0.024361858,0.34835185,-0.062950498,-0.92307403
19800021,before,0.31356046,0.17947205,-0.70596505,-1.3342014,0.98188646,-0.65155155,-0.45143163,-0.29913571
19800028,before,0.1772994,-0.21455517,0.37385448,-0.42758373,-0.72357097,0.14076898,-0.69051619,-1.0773138
19800033,before,-0.99391075,0.93083158,0.62195864,-0.55574697,-0.083866059,0.64378426,-0.56065501,0.69792254
19800036,before,-0.28377605,0.54178384,0.52119753,-0.2643333,-0.31100591,-0.10034549,-0.74719397,-0.18540592
19800042,before,-0.77435559,-0.53396046,-0.11425238,-0.91323358,0.44782143,-0.8732179,-0.12852017,-0.78799046
19800043,before,-0.54872555,-0.55402375,0.98160511,-0.1885475,-0.56488287,-0.015696939,0.17329883,0.26820468
19800050,before,-0.59859542,0.16731642,-0.79945624,-1.5223898,-1.1254632,0.86596233,-0.24786039,-1.4735294
19800055,before,-0.30304675,-0.40727239,-1.3001046,2.0588624,0.6206755,1.5809209,-1.2923364,-0.36452704
19800064,before,-0.44013366,-0.2172768,-0.077307377,-0.44737593,-0.69622404,-0.16451924,-1.3449925,0.53675169
19800068,before,0.40959671,0.32798299,-0.050228381,-1.1314149,1.1792493,-1.0493879,-0.53502016,-1.0863313
19800070,before,-0.87846921,0.70556231,-1.52573,0.20940828,-0.021828075,-1.1157855,-0.86632984,0.65765503
19800073,before,-0.29877842,-0.80752902,-0.28385647,0.56989982,-0.012632492,-0.05296087,-0.13628567,-0.32066492
19800085,before,-0.7174927,0.16491772,0.20418159,0.14312513,-0.056815244,0.39500015,0.0449116,-0.79335521
19800090,before,-0.85071211,-0.29021393,-0.032007581,-0.23345349,0.22547101,0.28784713,-0.71050604,-0.38971533
19800094,before,-0.25436212,-0.1463672,0.53851965,-1.0149663,0.51425708,-0.24034024,0.20288992,-1.1055674
19800097,before,-0.62048171,-0.65694763,-0.15941133,-0.80779656,-0.09717225,0.52558486,-0.60411116,0.25369863
19800114,before,2.0581483,-0.51950646,0.54333418,-1.3890812,1.1418026,-0.24051509,0.24769246,-0.26754716
19800123,before,-0.51531036,-1.1099993,-1.0765193,1.2482414,0.20933514,0.51781894,-0.30645533,-0.116756
19800134,before,0.13819128,1.0328706,-0.92660682,-1.2718197,-1.5047623,0.59353084,-1.3977976,-0.58858325
19800155,before,-0.55627395,0.14091418,0.095617391,-1.2657219,0.70149801,-0.38464734,-0.63284967,-0.37188239
19800157,before,-0.75038846,-0.27909469,1.7025073,0.1587494,-1.1084757,1.7084976,-1.4617807,0.84355256
19800168,before,-0.80674555,0.52204518,-0.00014142125,-1.0877044,0.71920545,-0.4375836,-0.79649075,-0.98221995
19800170,before,-0.1144791,1.7713487,0.11491585,1.2937541,0.38525191,-0.43847725,0.035735984,-0.0064787081
19800179,before,-0.093556906,0.76802531,-0.13886472,-0.93688266,1.2297015,-0.22651769,-0.75627158,-0.56796821
19800184,before,0.0880754,0.46149751,0.60098421,-0.90665679,-0.54370151,0.7211565,0.10160974,-0.81240455
19800190,before,-0.98787107,-0.12440533,-0.56954927,-0.28391041,0.44037642,0.23586972,-0.89204496,-0.53215516
19800192,before,-0.22586142,0.89146243,-0.0093920255,0.17345205,-1.432217,-0.44072244,-0.84114695,-0.17779412
19800200,before,-1.4705222,1.5894533,-0.26273884,0.9725704,0.067951691,-2.2330304,2.0542567,2.4764434
19800204,before,-0.14295124,0.90085491,-0.44192293,-1.2825713,1.0836521,-1.327204,0.16329182,-0.62294367
19800205,before,4.010676,-1.5391562,-1.7242684,-0.78420089,0.6897482,-1.3398174,4.1560345,2.6250227
19800213,before,-0.70803497,-0.85404426,2.3786159,0.86215243,-1.4828248,2.6942675,-0.94234352,0.10648423
19800221,before,-0.045502549,-0.7034727,-0.63381269,-0.16502817,-0.036264984,-0.18474503,-0.67564961,-0.11206302
19800232,before,-1.7132421,-1.0875411,-0.68839482,0.12944449,0.56355597,-0.22380684,2.9502289,0.43920335
19800237,before,0.15839011,0.10277143,1.7578457,-0.89722656,-1.3726739,0.37374513,-2.912789,2.645468
19800246,before,-0.36625783,0.70303574,0.35650724,0.81988788,0.59408086,-0.4819127,0.053789987,-0.87412211
19800250,before,-0.9714966,0.72756698,0.040591165,-0.87362526,0.45749092,-0.70274565,-0.10792056,-0.40329973
19800256,before,2.4317224,-1.0004366,-0.59744691,-0.9554208,-0.45723905,-1.6113046,-0.14196126,1.0756708
19800259,before,-0.96535748,0.22981473,-0.79806504,-0.39731458,0.29487912,0.23091559,-1.1404651,-0.61770233
19800263,before,-0.88796236,-0.57448015,-0.15823875,-0.753065,0.40888824,-0.5591396,-0.41203344,-0.41948712
19800273,before,-0.1904869,0.29120003,2.2608493,0.70974851,-0.98481361,0.07094307,-0.26893807,0.061110012
19800280,before,0.42275205,0.29963454,0.55306664,-0.15330737,-1.1847314,-0.50449233,-0.71729458,-1.0830523
19800286,before,-0.84335851,-0.057788751,-1.2404014,0.94341012,0.49684524,-0.11774124,-0.084333684,-0.22183791
19800288,before,-0.37229348,-0.096645973,1.0242705,-0.13725838,-0.0062274932,-1.6906942,-0.42058362,-1.9117737
19800291,before,1.0564594,2.1342293,1.1460955,-1.0458539,1.8459956,2.1940079,0.90989352,0.75760208
19800296,before,0.85280619,0.31413029,-0.20183795,0.5110263,-2.7668879,-0.23793827,-1.5086168,-0.67707582
19800300,before,-0.1453991,1.5473038,1.6773159,-0.63241214,0.66893424,-0.39898532,1.0509908,0.049144315
19800308,before,1.75092,0.28285852,1.87863,-0.039920064,3.1162597,0.68287103,0.36388483,-0.19710505
19800314,before,1.370507,-0.6022924,0.93300751,-0.49311079,1.9954891,-1.5605222,0.82771461,-2.144992
19800318,before,1.8861733,-0.64485369,-1.1256742,-0.6821786,-1.2267872,-1.3303601,-1.1222343,0.85552978
19800322,before,-1.4208935,0.17571299,-0.25703064,1.890627,-1.2190926,-1.2882292,1.2988176,0.54200192
19800328,before,-0.67130844,1.3712319,-1.2195848,0.12940828,0.77183733,-0.10126695,0.39491845,0.27366544
19800336,before,-0.60064187,2.2461266,1.4627453,-0.11113154,-0.40066534,-1.0937219,-0.033576394,-0.69651112
19800343,before,-0.95746779,0.6184059,-0.9481678,0.6028172,1.6497404,0.11308261,0.36820842,-0.86271361
19800347,before,2.0763662,3.1833241,3.9358003,1.0006306,-2.5804835,-0.83999757,0.020727182,1.2798937
19800356,before,0.85130546,-1.1306672,0.53304418,0.50276835,1.0285653,-1.3020382,-0.86448875,2.3475469
19800361,before,-0.61165255,-0.5992337,0.61510524,-0.4304066,0.042658134,-0.20910153,-0.54567764,-0.15317639
19800370,before,-0.11525268,-0.52095222,-0.10420085,-1.0575981,-0.44943845,-0.63966845,-0.31965307,-0.25095351
19800382,before,-0.68546217,-0.079025371,0.031232622,-0.11329008,-0.30841065,-0.59846614,-0.45057749,0.30557522
19800401,before,-0.19715802,-1.6848809,1.4887413,-0.60210569,1.3535059,-1.5583429,-0.44796874,1.7811811
19800411,before,1.9061888,-0.63482929,-0.045090707,-0.075411037,-1.2117604,-0.34733338,1.4855514,1.1701432
19800418,before,0.50042949,0.4586618,-0.5186223,0.80755589,-0.16649279,1.2274779,-0.53901249,-0.14915724
19800423,before,-1.1008068,0.13814671,1.6668753,-0.12476081,-1.9709053,1.6217146,0.0069270675,-1.7242948
19800434,before,2.4206066,0.3993411,0.31783547,-1.4342622,1.9809912,-2.4916361,-2.5558776,1.8563708
19800440,before,1.1808842,0.4161106,1.0851697,-0.29405089,-1.5401857,1.2566518,0.41837582,0.69270205
19800445,before,-0.65483631,1.5626657,-0.74851485,1.2006477,-0.0013242477,-1.3556073,-0.7334243,0.14717624
19800448,before,0.22638674,-0.0036682278,0.41765392,1.1171771,-0.13557596,-0.16474449,-0.2415037,-0.90909014
19800455,before,1.4962934,0.91532847,-0.54017708,-0.36886951,-1.9338106,0.29054348,-1.1783269,-1.1145838
19800460,before,-0.12823064,1.6619059,-1.9267131,5.4610818,-2.3984656,-1.6310403,1.7658048,1.8319655
19800464,before,1.9318368,1.206094,0.24057915,-1.291262,-1.0570087,0.26399729,-0.46849182,-0.76130666
19800473,before,0.82261049,2.8069748,1.4384313,-0.16932606,0.96177123,2.3581703,-1.0010115,0.075032454
19800482,before,-0.39389757,2.1587255,-0.71795049,0.85039406,0.54952173,-0.93763219,0.36612945,0.6277478
19800510,before,-0.75205108,0.096772852,-1.2764146,0.97384883,-0.26699569,0.19834737,0.60540117,0.90856193
19800525,before,-0.5910387,-0.903839,2.0016033,0.62668881,-0.81757531,1.0082754,-0.25124481,-2.0243087
19800537,before,2.7944223,0.29877486,-4.449751,1.8924231,1.125155,0.37403812,-1.1868436,-1.4108868
19800550,before,-0.52690238,0.2440663,2.6724056,0.40393096,-1.1599045,1.0051926,0.18555254,-0.57734448
19800553,before,1.974354,0.36113185,1.9784289,-1.1602245,0.58791713,0.22369912,1.0617272,0.17038062
19800557,before,2.2901571,-2.0183529,1.8601072,0.55247093,2.9252768,0.58482013,4.7795461,-2.4314249
19800580,before,1.1438952,0.35442197,-2.1147503,0.22444943,0.72302614,3.5538357,-1.0832274,0.62501105
19800583,before,-0.55892983,1.5909807,-1.3944782,1.312164,0.81949229,0.090747509,-0.59826363,0.9524777
19800587,before,0.55342807,-1.1371125,-0.60702483,0.44078912,-0.19982187,-1.2448032,0.37523535,-0.47596006
19800590,before,0.18950498,1.0083752,-3.2507467,1.5498605,0.0019764432,-2.2878706,2.1376875,-0.10319532
19800601,before,1.5623123,0.30776712,0.86969659,-1.511457,-1.118097,0.26907791,0.11780419,0.3603702
19800610,before,0.3051701,-0.098601812,-0.11244049,1.2943811,0.022529358,-0.88125985,0.63143442,0.9153751
19800614,before,0.99954844,-0.64787966,-0.92343327,0.37502874,-0.73096753,0.97762167,-0.031491582,0.63283777
19800621,before,4.3313786,1.451269,2.1139865,1.3081658,2.0732745,0.77283002,0.97238144,0.21191788
19800622,before,2.3783515,-1.6458206,-0.056345648,-1.3998532,0.79347632,-1.0897915,-1.2547766,1.2464827
19800626,before,-0.72220117,-0.98570786,-2.8026142,3.6201104,-0.054524381,-0.2123443,-0.51541761,-0.22349092
19800636,before,-0.46346846,-0.52492475,-0.044340715,-0.74036032,-1.0887021,-0.1480286,-0.13535624,0.1345779
19800640,before,0.8891062,0.34148093,-1.2433347,1.5604359,-0.28265503,-1.8773127,-0.74952975,0.0068556409
19800646,before,0.066001456,-0.079938589,-0.31297932,1.4173711,-1.1724383,0.021330536,-0.48928893,0.35037807
19800647,before,-0.31589477,0.84764958,0.84598092,-0.67317868,1.0872122,0.98619579,1.0537813,-0.33023077
19800657,before,0.76975427,-0.90407664,1.3591096,-0.38276624,0.34471533,-0.88962252,0.46262274,1.0893468
19800673,before,2.0378616,1.1495612,0.81334823,1.3309709,1.727022,-0.35495321,1.1775035,-1.2995302
19800683,before,-1.0119242,0.87836615,-0.47022269,-0.57526029,0.0095745928,1.9135919,0.51991365,1.4315346
19800685,before,0.63138051,-0.86330497,0.47645108,-1.0857816,-0.47522987,-0.18194218,-0.13376639,1.0912232
19800690,before,-0.74669358,-0.22305291,0.79451761,-0.051401007,-0.62002662,0.24833499,-1.1451932,-0.36686335
19800695,before,1.4651948,-1.2393363,-0.25518924,-0.74700758,0.34868962,-0.57431827,-0.93880802,-0.719721
19800703,before,-0.17228293,-0.37755569,-0.085084169,-0.18218101,0.36319402,0.68557042,0.37960988,0.56446665
19800706,before,-0.58260833,0.36052424,-0.22171367,-0.25777126,0.35193083,-0.35592923,-0.34464687,-0.57314453
19800724,before,-0.31291388,0.74744019,-2.3184532,3.8452364,-0.15228072,1.2696777,0.1537258,2.5230911
19800725,before,1.6085641,0.25950329,-0.77900842,-0.4209961,-1.6461255,-0.28690083,0.33396696,-0.028714575
19800730,before,-1.2020805,0.25010449,-0.61900205,0.34458984,-0.30469195,-0.59047943,0.22302104,-0.024749398
19800733,before,-0.71460865,-0.55309385,1.6010671,0.28662358,-0.52887072,1.0412855,-0.6476944,-0.51828173
19800736,before,-0.40281357,1.3222822,-1.263883,0.097409739,1.5547666,1.4020917,-0.3180651,0.92002589
19800738,before,-0.89292029,0.27509659,-0.44820244,-0.090588967,0.47120085,0.73179105,0.06184183,0.027111555
19800740,before,-0.29756874,-0.37306482,1.049041,0.60244876,-0.30677207,0.96844142,0.43011294,-0.72147958
19800759,before,-0.82607597,-0.26145515,0.492599,0.69317795,0.56880428,0.68741753,0.49719763,-0.35929062
19800769,before,-0.21574239,-1.0769938,0.87653308,-0.64817378,0.21367115,-1.5210258,0.32509666,1.4771745
19800792,before,-1.7283959,-0.29583935,-0.53662408,0.33526714,-0.567828,-0.934665,3.2000753,1.7053849
19800797,before,-0.54526818,-0.54395499,1.0607816,-0.1850441,-0.36890131,0.20511976,-0.40855162,0.23957761
19800805,before,-0.77629468,0.06191518,0.13225005,1.0044713,-0.14974263,-0.30461388,-0.41003741,-0.64157657
19800810,before,1.6412353,0.31895122,0.39138295,-0.10653945,-0.19864458,0.3479929,-0.99974529,1.3466849
19800811,before,-0.59313301,-0.63210687,0.070073447,0.64324982,-0.29297825,-0.80993717,0.11573601,0.18425432
19800821,before,1.1666945,1.6135923,0.020769441,4.1958018,1.1677807,4.4345878,-1.328355,1.8163045
19800823,before,3.0141933,1.9006162,0.42600162,-0.77890619,3.3379273,-0.42636732,1.3585261,0.073452748
19800829,before,-0.26833106,-0.04601406,-0.32918533,-0.29125005,0.10757305,0.074884142,-0.17729424,0.049295028
19800835,before,-0.53191055,-0.20269524,0.21153612,1.3084107,-0.21027858,-1.2703827,0.49319582,-1.5388711
19800837,before,2.0298889,1.5911188,-2.7852915,0.63753622,-1.5178291,-1.4961847,2.2814558,3.1026223
19800851,before,-0.69872847,1.898293,0.93723848,0.44104938,0.051334321,0.25980863,-0.092497542,0.064695955
19800870,before,1.0202205,-0.37830011,2.5096481,0.9878835,0.73006807,-0.035233798,0.74771734,0.11815968
19800871,before,1.5283159,-0.53508256,0.12003985,2.5046479,1.8798673,-0.26687373,-1.3191931,-0.68264429
19800873,before,0.54487579,0.60245006,1.2904406,0.85477599,1.0063415,-0.10170518,-0.037944162,0.036112868
19800887,before,0.74194111,0.55222362,0.29675398,2.088443,-0.38129403,0.10008803,0.12300721,-0.13689663
19800898,before,0.098434897,0.82527757,0.28236513,0.281918,-0.18927476,0.1859846,0.3768414,0.73361757
19800901,before,-0.71397075,0.99713609,-1.8369219,1.5200478,0.6486163,-0.094985655,-0.66027292,1.0718931
19800910,before,-0.74986465,0.34928387,0.70322365,-0.40215609,0.16264778,-0.065123845,-0.70610428,-1.1152117
19800918,before,-0.97517961,-0.076713918,-0.21230383,-0.50526218,0.558775,0.21263707,-0.17813095,-0.23409795
19800936,before,-0.71354963,-0.071503617,-0.085726284,-0.47283705,0.20067334,0.019249711,-0.6671995,0.067439962
19800938,before,-0.59465686,0.67680423,1.0196025,-0.63902876,0.42337871,-0.91008042,-0.069002995,-0.74386022
19800940,before,-0.16740988,3.1133898,0.59332733,0.048740814,0.62557802,-0.70434457,-0.6564023,0.61138522
19800948,before,0.028680351,-1.4591988,0.38943606,1.3301529,-0.35406338,-1.0608961,0.19182359,-1.110173
19800961,before,-0.29167841,-0.74748498,-1.3944886,0.057885722,1.0066445,-0.19520079,0.67520715,-0.41593813
19800966,before,0.20279339,0.55717389,1.0876548,0.18374098,-0.88285589,0.38894127,-1.0077739,0.33845646
19800967,before,-1.6028884,-0.88940025,-0.62625846,0.0024476524,-0.24540596,0.62876901,0.25386607,0.12396085
19800993,before,0.47664516,-0.75079795,0.61681304,0.82709843,-0.76524714,0.43343866,0.3313901,-0.46988391
19800998,before,0.73324938,0.24089141,-0.0027583089,0.75075651,1.4091058,0.66491787,-1.1583686,-0.9724192
19800999,before,-0.21841084,0.029985625,0.49736104,-0.45438497,-0.38767048,0.25461915,-0.4005941,-0.60367199
19801009,before,-0.63757933,0.18362574,1.76278,0.2286813,-0.7156181,1.1714304,0.10543081,0.13686901
19801016,before,-0.85530451,-0.37299203,0.2952795,-0.52886261,0.71517573,-0.24612772,-0.90826944,1.2396645
19801023,before,1.2358489,-1.0461461,-0.30709654,2.3384834,1.8656682,1.6325397,0.91303565,-1.2531379
19801032,before,-0.069640254,-0.48202544,0.44312259,-0.99908971,-0.45457402,-0.029640603,0.28115517,-0.91749905
19801034,before,0.96453405,2.3027296,3.541248,-0.1572881,-0.82864183,1.7310651,-0.10461284,1.8010752
19801046,before,-0.21203603,-0.45774275,-0.44773034,-0.42055762,-0.084443597,0.13523994,-0.18741267,0.046768557
19801052,before,0.37303081,-0.20372882,-0.053860774,-0.75202692,0.84266007,-0.42288168,-1.2316451,-0.83569199
19801064,before,-0.40935376,-0.56143033,-0.995798,1.9515071,0.29224887,0.59777331,-0.22991079,0.28532572
19801067,before,-0.64927484,-0.073333497,-0.35811195,-1.6073166,0.32348972,0.010721212,-0.18401458,-0.66031386
19801068,before,-0.13514916,-0.37716256,-0.40325257,-0.51733078,-0.069136995,0.59588554,-0.69470555,-0.30780451
19801073,before,-0.43429536,1.1892223,0.37951645,-0.90636046,0.76160683,-0.30183756,-0.43917221,-0.3013323
19801076,before,-0.66271986,0.47260603,0.050246984,-0.90030494,0.52569661,-0.58506264,-0.75823364,-0.95579465
19801082,before,-0.40414505,0.13602263,0.014303349,0.095796245,-0.12575193,-0.29926804,-0.11063315,-0.081152021
19801085,before,-0.37089076,0.18948689,0.0044177841,0.47696061,-0.22037546,0.15495994,-0.075996747,-0.56770117
19801088,before,-1.582986,0.17129149,0.096768262,-0.56408001,0.55410173,-1.8216713,0.89821375,0.36458026
19801101,before,-0.76324763,-0.67177431,0.60607721,-0.025795518,0.31941568,-0.3500764,-0.3191136,-0.23168813
19801105,before,0.28187722,1.7478972,-1.8199953,-1.856594,-2.3442166,0.26691025,1.7421258,-2.2986114
19801112,before,-0.16117767,0.95443918,0.78618354,-0.6823449,0.73683105,-0.78009299,-0.60542322,-0.50747817
19801122,before,-1.0309958,0.36639171,-0.61740262,-0.89582545,0.43391846,-0.30125726,0.52683282,-0.05244566
19801135,before,-0.89975918,-0.027115288,-0.54497381,-1.2610021,0.22098672,-0.1751526,-0.12370403,-0.59359368
19810002,before,-0.60284068,0.37819173,-0.66510867,-0.53416687,0.59290823,-0.19177783,0.12064257,-0.30425416
19810003,before,-1.1732878,0.46384347,-1.3655343,0.14002481,0.44741832,0.70529596,0.071281524,0.80685205
19810013,before,-0.11354337,-0.49695317,-0.86586991,1.7682316,1.4941637,0.48403816,-0.43333129,-0.23368687
19810014,before,1.2089228,-0.50400501,-0.17308927,-1.2714345,0.12761109,-0.64567899,-0.12760267,0.1644135
19810022,before,-1.0830931,-0.01350527,-0.27359664,-0.59801853,0.24468387,-0.36771716,-0.61656168,-0.46601268
19810023,before,-1.1849759,-0.6159503,-0.40957626,-0.25364872,-0.34349063,0.39201789,-0.64406168,-0.21913707
19810042,before,-0.6302243,-0.10670795,-0.20801428,-1.1545292,0.5696979,-0.3854723,-0.57306652,-0.73218852
19810052,before,-0.053570387,-0.78762735,1.1296771,-0.17162175,-0.037967524,-0.83971138,-0.17860347,-1.5489403
19810055,before,3.057301,-2.3906132,-0.47415733,-0.24277348,2.2472586,-2.0795989,2.5709764,-2.0870628
19810063,before,-0.34651444,-0.096805589,-0.016977159,-1.0078362,0.5468644,-0.50090432,-1.0697691,-0.68420435
19810078,before,-0.94218256,0.23602709,-0.081231073,0.25536776,0.53155746,-0.19529479,-0.50031828,-0.8706002
19810086,before,-1.3013562,0.00060121354,-1.2668417,-0.14388624,0.86909017,0.70085558,-0.079269031,-0.12778353
19810093,before,-0.421096,-0.23499881,-0.068342996,-1.0501799,0.85261223,-0.067271517,-0.19506227,-0.43196972
19810096,before,2.0797498,-1.5880302,-2.4419908,-1.3912202,-0.94396404,-0.17796612,0.88163085,0.26294962
19810100,before,-0.49767959,0.41038382,-1.8377095,-0.72363083,0.89202143,1.3278299,0.0095908678,-0.25943797
19810109,before,-1.1570224,-0.079593161,-0.39044627,-0.8908816,0.33377477,0.020909736,-0.72339942,-0.6044548
19810116,before,0.91578328,1.0149114,3.0029033,-0.48174791,-0.13306617,3.8755652,-1.0846761,4.5068084
19810133,before,0.8738045,1.5523621,0.84519223,-0.10841806,1.2424486,-1.2903515,-0.096877387,0.016655497
19810142,before,0.84663194,-1.1215224,-0.73877028,-1.0965752,1.1710932,-1.3143252,1.6539139,2.0132895
19810160,before,-0.65197067,-0.14487969,-1.2302302,1.7687408,-0.1696477,-0.49621821,0.65308939,-0.11515657
19810169,before,-0.63033901,-0.18525044,0.14685658,-0.3828052,0.24868358,-0.20760704,-0.95290261,0.096193235
19810175,before,-0.96293064,0.069207821,0.17004319,-0.23327893,0.52093266,0.2882597,-0.14793964,-1.0028898
19810179,before,0.66745498,-0.63302978,1.6332431,0.15195426,-0.98864537,-0.3589652,0.24543287,0.82516535
19810189,before,-0.3016123,-0.56423806,-0.99390349,1.5235546,0.27464801,0.80081767,-0.40401869,-0.59296602
19810191,before,1.191602,-0.0091355381,-1.5570266,-0.24980649,2.2048629,-0.89846655,0.5237355,-0.27254245
19810196,before,-0.13468316,-1.0696422,0.64672897,-0.1970896,-0.63758343,-0.038311842,0.86608022,0.96945315
19810207,before,-1.1123749,-0.24264677,-0.59178569,-0.9558819,0.72705526,0.74342707,-0.38244538,-0.8659061
19810219,before,-0.88779252,-0.34904722,-0.48123032,0.4365812,0.055060882,-0.9425546,-0.14733165,-0.49838071
19810225,before,0.44621898,1.0601839,-0.77688413,1.2621679,0.54865621,1.905633,0.97254558,-0.055702704
19810227,before,0.77272457,0.6669346,0.66691928,-0.013973748,0.96092587,-0.54039219,0.47823224,-0.99185197
19810229,before,1.5299673,-0.0058860614,-1.3535439,-0.34032643,-1.6194835,0.41387383,-0.19207273,-0.11473714
19810237,before,-0.97353031,-0.59966855,0.27507775,-0.32716133,0.066943483,0.092656407,-1.2078518,0.78367204
19810241,before,0.38388701,-0.24472172,-0.45736887,-1.8810902,0.32573075,0.39668931,0.023998119,0.77228355
19810248,before,0.17214505,-1.2594712,-0.031442614,-0.51400325,0.56976973,-0.85675934,-1.4665864,0.37515485
19810260,before,-0.31921729,-0.14871352,-0.7585556,0.055642341,-0.79895328,-0.19153877,0.28621727,-0.74238916
19810279,before,-0.076897448,-0.45600382,-0.37082212,-0.89415714,-0.21848444,-0.83447411,-0.15369838,-0.14396102
19810292,before,-1.0882224,-0.0200265,0.39475535,-0.53209617,-0.083014187,0.34110562,-0.81385337,-0.78933331
19810300,before,0.15643019,0.0048504227,-1.0088748,0.05270085,-1.1592474,-0.76911681,-0.16347117,-0.20387282
19810303,before,0.44360434,0.184491,-0.84756016,-0.60064191,-1.1478923,0.77059447,-0.40361554,-0.77892093
19810315,before,-0.74327851,-0.082826111,-0.96654086,-0.87926096,-0.7095163,0.30177032,0.13846045,0.85436677
19810332,before,-0.54569443,0.54878071,0.50808557,-0.36643988,0.44221786,-1.0659684,-0.49045492,-0.90857319
19810336,before,0.28596109,-0.65013289,-1.5046263,-0.84405157,0.27710085,-0.88155564,0.57374249,0.3984255
19810338,before,1.4802216,-0.65976398,0.25951439,-0.71432168,1.714431,-2.1150415,1.2430398,-2.1288944
19810349,before,1.4677464,0.78543932,0.74424467,-1.2581525,0.7673684,-1.6793093,1.2794384,-1.1557963
19810353,before,1.208008,-0.59327939,-0.19275747,-0.64973771,-0.11256526,-0.31129058,-0.90330375,-0.1036835
19810354,before,-0.38614759,1.0507372,-1.2185282,-1.0133011,-0.59165819,-0.17159548,-0.60207383,-1.4111399
19810367,before,-0.8041307,-0.1128108,0.4535667,-0.12842598,-0.42867436,-0.28993656,-0.46339691,-0.64133287
19810370,before,-0.32980655,-0.59972506,1.0362329,-0.39618501,1.124515,-0.99894749,-1.7773383,1.6597772
19810388,before,0.14465897,0.28363622,2.2786503,-0.19272567,-1.4120762,0.69078242,1.1213049,-0.49977071
19810392,before,-1.0913961,0.41615894,-0.28623025,0.49003311,0.024087681,-1.2571827,-0.18273578,-0.45685757
19810394,before,0.61302179,-0.24123968,-0.024471939,-0.63199105,-1.0530161,0.3859706,0.39234697,1.0966405
19810404,before,-0.51312599,2.3359703,-0.90631546,-2.0466471,1.2903185,3.3078825,1.0115206,1.9055183
19810409,before,-0.47178725,-0.25883097,-1.7208894,1.2900243,-0.42787974,2.7868987,-1.218574,0.36846867
19810414,before,-0.42735418,-3.3631712e-05,1.1907385,-0.13170755,-0.68823413,0.69326238,-1.1643727,0.30548755
19810417,before,-0.23215976,-0.44727154,-0.3640771,0.7728665,-0.55891958,-0.48264673,0.23784813,-0.50344047
19810430,before,0.40560588,-0.17468988,-0.35548893,-1.212209,-0.5033107,-0.027778125,-0.75675915,0.46746492
19810440,before,0.063323898,0.5589339,0.41173867,1.6852967,0.18290344,0.1398073,0.17956549,0.007433112
19810448,before,-0.92350289,-0.11585463,-0.84986025,-0.1845778,0.324593,0.85410632,-0.5083033,-0.19728919
19810450,before,1.1610065,1.7050923,0.066018196,0.22173683,0.65667983,0.36756311,-0.34612101,0.1766494
19810460,before,-0.98926849,-0.34392035,0.19264001,-0.55723731,-0.25093075,0.51965688,-0.88253388,-1.1094061
19810462,before,0.087460093,0.8064696,0.83958252,0.14286157,-0.722772,-0.57245316,0.26394619,-0.19465074
19810473,before,2.9355706,1.0727361,0.73569531,0.54027781,1.4207624,-1.2407166,-0.16536527,-0.7675324
19810475,before,-0.80303165,1.4073433,-0.5185455,-0.48164164,-1.4094282,-2.0866219,1.1803037,-0.97046465
19810478,before,0.69048808,0.060928558,0.063283,-0.20838461,1.4805997,-0.39098123,-0.10381291,-1.2145183
19810481,before,0.94624259,-1.7193119,-3.942157,3.1983558,1.0096451,-0.42489348,1.7842873,-0.86948943
19810495,before,-0.36490275,0.29364212,-0.11553717,-0.50686854,-0.96445195,-0.45080544,-0.54699947,-0.21289484
19810519,before,-0.24152058,-0.23106355,-0.64372586,-0.89252602,-1.0909288,-0.00092861699,-0.25443852,0.77838753
19810526,before,-0.52358499,0.0014518892,0.68178681,-0.76268449,-0.1598632,0.7649909,0.35100041,-1.2583437
19810545,before,-0.66908464,-2.1468404,-1.1105223,2.8820945,-0.12670974,1.946256,-0.82651881,-0.66167501
19810554,before,-0.22996579,0.47258438,1.2632615,-0.072052403,-0.01507266,0.77073562,0.15889482,0.45020994
19810568,before,-0.17132234,-0.23867364,0.49819614,-0.32563754,-0.61601394,-0.15020783,0.10906796,0.60193654
19810570,before,-0.00029758176,-0.57898328,-0.17661184,0.47172782,-0.72062795,-0.34364112,-0.7712445,0.34467857
19810576,before,1.9867142,0.25422418,-1.6088906,0.61768922,2.4043076,0.8420958,0.11888122,0.059895727
19810578,before,0.13247984,1.2635484,-0.25302925,2.3200413,-0.63802233,-0.66681024,0.094043436,1.359476
19810586,before,1.6195447,-0.2731448,-0.43502215,1.0857259,-1.9791802,-1.080432,-0.062478146,-1.164658
19810594,before,-0.15458764,1.180044,1.6661662,0.6666994,-0.39398948,0.34426279,-1.1244541,1.918384
19810597,before,-0.40093594,0.58485201,1.6019456,0.51135559,-1.8230414,1.9666033,-0.26289013,-0.19642504
19810602,before,0.67445324,-0.64914236,0.44457208,-0.22053433,0.073566645,0.83275627,-1.3310917,1.1516326
19810609,before,-0.22160047,-0.8608385,0.0044114258,0.7119841,0.20309267,-0.77052667,0.34226238,-0.31041047
19810618,before,0.73477548,0.59534276,0.87975037,1.3553202,-1.8057531,-0.82805158,-0.097386466,0.15417352
19810626,before,1.6357648,0.057656016,0.33900987,-0.39458902,-2.6862348,0.32828599,0.20477202,-0.1709832
19810635,before,-0.48367714,1.0776951,0.053761287,0.30650078,0.19636131,-0.40027125,-0.22479103,0.26321207
19810641,before,-1.7786185,-1.6151596,-1.3719803,1.8991179,-0.09892351,-0.9654189,1.2644642,0.32899445
19810650,before,-0.58333078,1.5111336,0.80055717,0.51268655,-1.4092347,-0.53538719,-0.33021537,0.62733216
19810655,before,-1.3205639,3.3697492,-1.7568325,2.6492447,-0.53950169,-3.3414657,3.1083543,4.5706289
19810659,before,0.49005953,0.27360099,0.56366897,0.16805537,-0.87258844,0.56629673,0.17778067,0.52255408
19810663,before,-0.9152299,0.50865075,-0.7298472,0.31212728,-0.044856507,-0.49767724,-0.089428144,0.051374648
19810666,before,-0.70270863,0.088948811,0.75475331,-0.20694375,-0.17485509,-0.056718009,0.0062054096,-0.12996499
19810667,before,-0.78295758,-0.78247608,0.1827352,-0.38294417,0.003567498,-0.87548483,-0.25797966,0.32840165
19810691,before,2.1455526,1.4014487,-1.2453688,-1.0557222,-2.712133,-0.73348165,-1.9833298,0.42057226
19810692,before,1.9351633,0.76046713,-0.50561568,0.06818268,0.56727193,0.81035193,-2.8123891,0.56058596
19810695,before,-1.0382871,-0.53432527,-0.09102429,-0.24635575,-0.75947783,-0.21304147,0.3943484,0.555848
19810708,before,-0.24798317,-0.37108618,0.80184499,-0.053353028,0.30811299,0.4358531,0.033641734,-0.93132456
19810712,before,-1.1076555,0.26009197,0.12676147,-0.16532614,-0.046615022,0.20608467,0.45198537,0.32826048
19810721,before,-0.36725459,-0.96798381,0.53241667,0.21551301,-0.8868741,0.50133616,-0.7784391,1.9598446
19810724,before,-0.14717404,0.35960666,-0.43045231,-0.56662584,0.88691994,-0.71284443,-0.090094942,-0.45678149
19810733,before,0.092024986,1.6699795,1.5476391,0.92859206,-2.0005658,1.3301401,-0.0532822,1.5626295
19810736,before,-0.28819949,1.6743323,0.27754557,-0.0030100332,1.1824597,1.5331871,1.100703,-0.28647549
19810742,before,0.92658974,0.49538472,0.48759205,0.10647409,-0.60493692,0.47995362,-1.1447748,-0.85975624
19810782,before,-1.1339058,-0.13559017,0.55856416,0.32958451,-0.092569926,-0.43148412,0.094193093,1.3801165
19810790,before,-0.87084967,-1.0294981,2.8578946,1.8288762,-2.6359748,3.3863376,0.46287196,1.2377154
19810803,before,0.14865215,0.5494938,-0.32896022,2.4395011,1.3378589,1.4801119,0.033873304,-0.25700907
19810804,before,-0.18538479,2.5251093,0.42806089,1.3489381,0.056417679,-2.5934853,0.20382271,0.13739815
19810823,before,-0.94461903,-0.08046272,0.3645219,-0.59857276,-0.22347019,0.43410316,-1.6500535,-1.0920794
19810825,before,-0.78874796,-0.58344173,0.6480998,0.88948822,0.00023955105,-0.90972231,-0.042623091,-1.2830342
19810834,before,0.81886856,1.5324609,-0.67968015,1.0612842,2.556649,1.4867084,0.25445645,-0.64074291
19810839,before,0.81305376,1.5441684,-0.68622514,1.2268783,1.2244023,0.43176957,-0.56802258,0.14194974
19810842,before,-1.4134749,1.2199793,-0.78242762,0.1788042,-0.28512191,-0.84069541,0.73272669,0.96187681
19810854,before,-1.1762942,-0.31045191,-0.69170755,0.66365253,0.2785176,0.58143251,0.58637707,0.18774435
19810857,before,-0.95169491,-0.11290602,-0.37874871,0.8787368,0.67828687,0.026499016,0.38894448,-0.62589535
19810858,before,-1.1718663,-0.071493551,-0.12556136,-0.98687222,0.35179102,0.10397073,-0.34930011,-0.34214624
19810863,before,3.1149333,-0.92259054,-1.8024578,0.57592148,-0.44721348,0.059784664,-0.62273874,-0.27038764
19810871,before,-0.8517656,-0.24812482,-0.20095174,1.3817396,-0.215792,-0.27663333,0.47636377,-0.13798991
19810877,before,-0.21652006,2.0302886,-0.053695356,2.0842026,0.68161194,-0.065868662,0.34567924,0.74490907
19810896,before,-0.95858032,-0.4521014,-0.62288541,0.77702847,1.028776,0.082640121,1.0418965,-0.73631072
19810938,before,-0.17495715,0.12419675,0.57891329,-0.23439722,-0.17729151,0.33461158,-0.090275689,-0.64596198
19810960,before,-1.0689215,0.014564473,-1.6372499,0.52307578,0.72278546,-0.68753358,0.094979663,1.0934162
19810971,before,0.98398983,-0.082561918,-1.408185,-0.75039502,-1.8280184,1.1569808,1.6174748,1.0618024
19810972,before,0.10455922,1.1610072,-0.56256501,-0.14727428,0.20736802,0.6149478,-1.7876502,1.2296033
19810979,before,-1.0628174,-1.0623379,-1.1753849,1.1945033,0.31037588,1.4371235,-0.34988235,0.60187597
19810994,before,-0.20146548,0.10683929,0.60026934,-0.22088539,-0.055369646,0.083608926,-0.38118518,-0.2225375
19811003,before,0.033117669,1.3470156,-0.018646565,-0.27748161,0.71849898,-0.59434871,0.13096224,0.094695991
19811013,before,-0.50250888,-0.3506386,-0.100764,0.075162384,0.42698127,0.018475905,-0.79026134,-0.31115465
19811021,before,-0.20906584,-0.84549821,0.57716241,0.30375365,-0.4049576,-0.47293024,-0.46504101,-0.95507307
19811024,before,2.2415815,-2.0978477,-0.56059222,0.16785608,-0.24904893,-0.42077417,-0.14116389,0.5190949
19811029,before,-0.87183039,0.23024257,-0.77258165,-0.71716157,0.60935022,0.53462237,-0.47797464,-0.11577381
19811035,before,-1.0229038,-1.2713824,0.87192693,1.0161174,-0.46630005,0.34077658,-0.39295985,-0.013936855
19811036,before,-0.86756015,0.0080674646,-0.26664156,-1.1963644,0.58836564,0.37762154,-0.75093872,-0.43581328
19811042,before,0.065059804,-0.26974682,-0.039684572,0.028843477,0.13673744,0.37042071,0.046215771,-0.53263276
19811044,before,0.13344023,-1.3604286,-0.16090221,-0.26443686,-1.0749101,2.1343855,1.230619,0.98943677
19811049,before,-0.33686045,-0.21916874,0.19269433,-0.75138376,0.38695941,-0.95094033,-0.28146777,-0.41462294
19811066,before,-0.21155819,-0.56030344,-0.93248312,-1.3445771,-0.077264475,0.28295183,0.32133473,-0.038593215
19811067,before,-0.72186712,-0.067514932,0.14400747,-1.0078025,0.29127192,0.021468018,-1.1220424,-0.4159754
19811079,before,0.2771509,0.32884579,0.21673135,-0.22078897,0.10678789,-0.12188867,0.2224056,0.07615789
19811086,before,1.1578798,0.85515069,1.1138144,1.3398655,-0.34235754,0.015560191,0.74825774,-0.25276582
19811090,before,-0.77698022,0.40199574,-0.43775008,-0.78663045,0.29229899,-0.42182378,-0.72647314,-0.36684234
19811096,before,0.42479909,0.10660122,0.13012998,-0.55145882,-1.6056085,0.7339697,-1.1627977,-0.15981565
19811097,before,2.9200816,-1.9074085,0.58575988,-0.98413492,2.3195779,-0.15395242,1.8585427,0.19746752
19811105,before,0.17198395,-1.0257308,0.70472847,0.15515078,0.89800096,0.69292646,-0.46110109,-0.073331975
19811108,before,-0.71238426,-0.66883501,0.042661483,-0.33528473,-0.80643986,0.2332407,-1.0008835,0.56225653
19811117,before,-0.98254818,-0.61126736,-0.15411106,-0.46558146,-0.12431113,0.15219571,-0.96217878,0.42402735
19811125,before,0.32375584,-1.2293516,-0.27300035,-0.93975452,0.98547558,-1.4764182,-0.57752644,-0.96565771
19811128,before,-0.86722521,-0.30426594,0.43708014,-1.026789,1.7988818,0.81826044,-0.4230951,0.82306543
19811134,before,-0.40226207,-0.70962108,0.090977283,-0.75841723,-0.29394103,-0.10916334,-1.9486822,-0.37535284
19811143,before,-0.018558418,0.91286492,0.2312458,1.3279871,1.3276563,4.9831408,-1.1844165,0.019288386
19811145,before,-0.72267703,0.30953483,0.35190698,-0.28169619,0.20160438,-0.85602686,-0.12589417,-0.82684275
19811146,before,-1.0847545,-0.34124559,0.33622611,-0.53478395,0.20582401,-0.74929588,-0.69066188,-0.93892216
19811151,before,-0.46336237,2.0090292,-0.28353571,-0.10992224,1.6961032,2.6014549,1.3569844,0.956548
19811153,before,1.4811333,-0.33540953,0.39423126,-0.6035785,-1.066218,1.6833111,-0.048702064,-0.25040712
19811158,before,-0.57266614,1.9341964,0.011985904,-0.47494346,0.11600896,-1.4262142,-0.14125428,0.27367208
19811161,before,-0.18421091,0.54927465,-0.76582479,-1.7633031,-2.8711035,1.0244202,2.3032318,0.098775778
19811162,before,0.82607788,-0.58892443,-0.83072419,-1.0345637,0.53291296,-0.54216029,-0.69532834,0.16769585
19811163,before,-0.43298166,0.6007558,0.11246924,-0.83987761,0.99799047,-0.54115708,-0.31597321,-0.56326163
19811176,before,-1.0920526,-0.35861187,-0.70144334,-0.26861294,0.32158129,-0.4444633,-0.012378603,-0.1816138
19811184,before,-0.16008952,0.27816908,0.36150168,-1.2234518,-0.57779765,0.98638696,0.38371241,-0.8138465
19811187,before,2.2379891,-1.1890063,-0.21028426,0.41571707,2.1166143,-0.39174915,-0.2556567,-0.70069814
19820005,before,-0.11525992,0.2148657,-0.15357086,-0.86743956,0.55730178,-0.54299691,-0.44498076,-0.67051821
19820011,before,-0.7915569,1.5221163,-0.41906181,-1.1041245,-0.26890774,0.049710302,-1.0450297,-1.2210248
19820020,before,-0.46032216,0.44963325,1.4036526,0.082697409,0.69260208,-0.16255498,1.5319027,-1.3746671
19820023,before,-0.74402142,-0.26959823,0.22490339,0.70064643,-0.3301616,0.10969876,-0.62979981,-0.89972053
19820026,before,0.15709235,-0.038156655,-0.5580734,-1.324318,-0.50410269,0.095403913,-0.28560311,-0.13006095
19820035,before,-0.63493143,-0.45427639,-0.0078807356,0.58390304,-0.030669212,-0.36453831,-1.5132967,-1.2663129
19820038,before,-0.1729356,-0.3552656,2.6800949,-0.53900149,1.0293885,2.1551756,0.76497275,1.7659626
19820047,before,-0.78023135,0.48314147,1.6828575,-0.36905553,0.12823538,0.61649581,1.4416127,-1.4413367
19820050,before,2.3856348,-0.95139403,-0.99570849,-0.31985187,1.5764719,-0.17620817,-2.117365,1.3716702
19820052,before,-0.71002527,0.050381464,0.055212637,0.24137379,0.1273389,-0.88473302,-0.14901965,0.047395157
19820057,before,-1.6063866,0.32179694,-1.0338375,0.22446373,0.33193525,0.15030366,1.224877,0.098114357
19820073,before,-1.0668219,-0.32461313,0.1164685,-0.9624617,0.26789501,-0.18024444,-1.1571749,-0.72065401
19820081,before,-0.35324725,1.6463237,0.86961764,-0.043344384,0.19402639,1.0745438,0.063059979,1.2797882
19820084,before,0.32427392,-0.46932833,0.43675973,-1.2245836,-0.88692212,0.70764114,-0.99921182,0.69544823
19820090,before,0.45976815,-0.51421117,0.55057265,-0.50694436,1.7600138,-0.32985387,-0.51794821,-1.2737564
19820092,before,0.84657391,0.14668153,-0.72696106,-0.76267461,1.6830355,-0.24498233,-1.1626481,-1.0523466
19820097,before,-0.1462219,-0.30663776,0.050912863,-0.97457801,-0.09712765,-0.19609292,-1.0393319,-0.59923927
19820099,before,-1.3101653,-1.3239932,0.81250866,0.1108542,0.70776503,-0.51157039,-0.54713885,1.331151
19820102,before,-0.49099514,-0.12690561,0.1323615,-0.42910711,-0.10590653,-1.0342575,-0.16226156,-0.80775249
19820104,before,-0.66329157,1.083075,0.47369912,1.0671715,0.079914278,0.14819758,0.65622483,-0.25429542
19820109,before,-0.38389731,0.64401233,-0.0019210976,-0.66254361,0.55498269,-0.38914589,-0.81639013,-0.2725597
19820112,before,-0.058245534,0.31265913,0.69140506,-0.77242772,-1.0006619,0.5261403,-0.0065376016,-1.0825703
19820116,before,0.86978853,-0.25220768,-0.40091712,-0.83230403,-1.707267,1.5636333,-3.7813546,0.70877794
19820119,before,0.080013441,-0.14794165,-0.067952976,-0.37937379,-0.81521293,-0.35522959,-1.3923357,-1.1571294
19820128,before,-0.15894088,0.1130992,0.064914448,-0.4520309,-0.48798633,0.27480444,-0.28015239,-0.87814078
19820130,before,0.71381298,-0.29753883,-0.7566388,-1.5383561,1.6275852,-0.31456366,0.63983377,-1.0465013
19820138,before,0.57310054,-0.51409587,-0.25171873,-0.50885175,-0.87602185,-0.0086301596,0.62819178,-0.31294318
19820143,before,0.69622625,-0.39515406,0.15391946,-0.78378584,0.17543072,-0.022824127,-0.51721111,-0.86399115
19820145,before,-0.96924713,-0.13986786,-0.37754776,-0.55597832,0.051724116,0.12785208,-0.72636132,-0.2517555
19820148,before,-0.79174149,0.37270581,-0.52004185,-0.73149686,0.8031326,-0.038453467,-0.21177049,-0.60283891
19820162,before,0.5388969,-0.5224793,-1.6804549,-1.2006889,1.853565,-0.862605,1.8366386,-1.4587357
19820175,before,-0.56436933,0.30650335,-0.95826944,1.1798295,0.46443047,0.22032877,-0.34372523,-0.12426365
19820206,before,-0.68373853,0.43298516,-0.38605023,-0.81441696,0.53650437,0.14778348,-0.45575434,-0.3330512
19820207,before,-0.5609155,1.6399447,-0.80780704,0.39817329,0.61481122,1.0044791,-1.1247029,1.6956537
19820218,before,-0.90876484,-0.35918988,-0.3268477,0.36327758,-0.53714948,0.61052656,-0.085454883,0.84439422
19820231,before,-0.1230141,-0.026458058,0.41156808,0.26417546,0.21720761,0.93117133,-0.32938437,-0.64584683
19820253,before,0.95504774,-2.5198113,-0.17824868,2.0624507,-1.4882091,-1.0869774,-0.45744122,0.35801861
19820256,before,0.56975964,-1.1752009,-0.63343839,-0.48051601,-0.12460073,0.035208396,-0.24663015,0.18711429
19820266,before,-0.87086007,-0.48947061,-0.21505638,-0.96213335,-0.15017902,-0.085306797,0.033519556,-0.45455839
19820292,before,1.3627967,-2.1822028,-0.07381444,0.50149548,0.37808835,-0.82428413,-0.75098268,1.4714973
19820297,before,-0.43287499,-0.36677693,-0.68012591,-1.1960765,-0.97774422,0.2966028,-0.63728797,-0.76208417
19820314,before,3.5280168,-0.543381,0.81345917,-0.64119776,3.0975203,-1.7771512,1.3826939,-3.4255016
19820318,before,-1.6142246,-0.46739868,-0.21605126,-0.10007917,0.20676275,-0.4669531,0.97178511,-0.68991842
19820323,before,0.80742281,-0.18592832,1.0862564,-0.93467176,1.2558415,-1.6227081,-0.7158334,2.1031488
19820337,before,1.055276,-0.07010152,-0.1239601,-0.316564,-1.3149809,0.40544775,-0.28166246,0.5182556
19820351,before,-1.1167553,-0.64170082,-1.2246256,0.88224634,0.25043054,0.65474631,-1.6309251,0.24079183
19820362,before,-0.74122282,-0.075749067,-1.4889016,3.1269356,-0.04149606,-0.44272916,0.15630374,0.60977007
19820391,before,-0.60133987,0.86147838,0.83776205,-0.80856447,-0.61804476,-0.3222245,0.23651307,-0.98810903
19820401,before,-0.64167971,-0.73902731,1.4095838,-0.57085312,0.45996878,1.2531402,1.4824124,-0.37947622
19820426,before,0.9115618,-2.6643679,1.6985073,-0.89134123,1.703817,-1.8696304,-1.5287139,4.2049353
19820442,before,0.55717903,-0.70630141,-0.87786091,-1.8445129,0.12197059,-0.50707358,0.33812486,0.53017504
19820450,before,-0.22899931,0.43308685,-0.94476355,-0.32071956,-0.37045695,-0.3639038,-0.16613859,-0.072805932
19820452,before,-0.48733767,-0.63530445,-0.38480645,0.87718087,-0.19605034,0.38777475,-0.45564707,-1.2580196
19820453,before,-0.26731533,-1.0509377,-0.35023985,2.4526587,0.35376062,-0.15425851,0.55244907,-0.75201829
19820469,before,-1.1035697,-0.03186036,-0.28149672,-1.102967,-0.026153089,-0.15609285,-0.69958278,-0.59567219
19820471,before,1.1557766,-0.048475955,0.46302146,-0.39442289,-1.2217498,-1.0662047,-1.0549769,2.0402176
19820475,before,0.85807604,0.30050616,1.0656776,-0.41371693,1.7470167,-1.476154,1.157552,-1.5822498
19820476,before,-0.0501939,0.27831581,-0.28861471,-0.48996386,-0.60613761,-0.53917732,-2.1350145,-1.1637401
19820478,before,-0.53092455,1.8424468,-0.38913165,0.51635166,-0.06275799,0.25652115,-0.13254436,0.99920431
19820482,before,-0.013123037,0.58562534,0.81359256,-0.62778438,0.77180984,-0.17158458,0.25551994,-0.606498
19820487,before,1.9502461,0.42774285,-0.97493324,-1.9928344,-0.83627861,-0.29752594,-2.703483,-1.9373452
19820492,before,0.5172849,-0.79970967,0.17785911,-0.3653674,0.60199194,1.1800587,-1.9794175,-0.054511163
19820514,before,0.11655089,0.74126936,0.047036957,0.57181496,0.035000864,-0.35683296,1.2720055,0.29942296
19820516,before,0.13326935,0.41941559,-1.0237173,0.77894592,-0.55689149,0.30728321,-0.98690287,-1.0928408
19820519,before,-0.65539605,-0.59255214,-1.1206911,-0.5233952,-0.27399973,-0.49196054,0.17473725,0.54148485
19820527,before,0.035225411,0.62366603,-0.19399657,0.045754097,-1.4321417,-0.81839612,-0.61879598,-0.47577526
19820538,before,-0.59450364,-0.70544172,-0.034918736,-0.90091689,0.25058442,-0.27566112,-0.67112104,-0.026926208
19820541,before,-0.95159906,0.33412181,0.63097193,0.050400318,0.10792951,-0.63743582,-1.4192278,-0.041440512
19820543,before,0.52626613,2.0670392,-1.1678514,-0.51373157,1.7622474,1.2598638,-0.8187027,0.5566263
19820549,before,-0.028407918,-0.58819688,0.65947343,-0.75188103,-0.15047092,0.44138422,2.1036765,0.11839126
19820563,before,-0.78305749,0.30044335,-1.1705632,2.3883069,0.5140786,0.38660424,0.34735366,-0.10532062
19820578,before,0.042866998,0.79823519,-0.12724479,1.2121452,0.1018509,-1.478103,-0.62763055,-0.85416823
19820586,before,-0.39391654,0.16274896,0.64130116,0.033543608,-0.17740536,0.18943542,-0.15406279,-0.11353465
19820602,before,3.8518915,0.052441118,0.42510781,0.16916555,-1.705427,-0.7465009,-0.51984662,1.1023435
19820625,before,0.28300995,-0.44277149,0.51150878,0.74207315,0.82353325,-1.1936413,-0.42990332,-1.5904143
19820629,before,0.22624413,-0.50607883,0.084457216,-1.1040278,0.68944049,-0.53424581,-0.17038637,0.094371102
19820633,before,1.2750011,1.0291735,-0.79484269,1.4138105,2.1517837,1.6743841,-0.43982529,-0.55372165
19820645,before,-1.163966,1.6484033,-0.50958207,0.84447196,-0.45674282,-0.10786507,2.2667075,1.6291767
19820652,before,-0.3041177,-0.12458878,1.1863925,0.025009844,-1.0071557,-0.43807363,-0.33319851,0.4964653
19820660,before,1.1977964,-0.347136,-0.30022497,-0.2855194,0.30265623,0.22163842,-0.88845611,0.85318492
19820667,before,-0.39625373,-0.27278453,0.0272904,-0.44294092,-0.734705,-0.14525724,-1.1321476,-0.46781708
19820671,before,0.22469721,-0.57360366,-0.56456059,-0.61835116,-0.19652485,0.50794265,0.24945097,1.5775006
19820674,before,-0.47010916,-0.15656263,-1.373785,-0.39829405,-0.39158026,1.4723876,-0.34336488,-0.002600261
19820676,before,-0.6041632,0.19572113,1.8444368,0.14297734,-0.51532582,1.2502786,-0.4414276,-1.4386044
19820677,before,0.78426568,-0.88240308,-1.3263411,-0.78956959,0.044051094,0.016278993,0.31568071,-0.39226012
19820684,before,-0.54229414,-0.6903791,1.805918,-0.011910862,-0.21309486,0.026750626,0.22128594,-1.2063578
19820697,before,0.14975237,-0.27960099,0.41437657,1.1826958,-0.69472021,0.18883572,0.39188945,-0.15320187
19820699,before,-0.68381828,1.5120512,1.5645862,1.6146157,0.25474032,-1.2044032,1.5570854,-1.7881799
19820712,before,1.2358174,1.5329023,1.1068516,-0.2125015,-1.9250938,2.9765186,0.5734737,1.605157
19820740,before,2.9318554,-2.5115885,-2.4101627,4.0737534,1.948038,-1.502699,2.0568549,-0.48384825
19820754,before,-0.49581208,1.8328801,-2.3340389,1.9524457,0.91322536,-1.273827,-0.21763592,1.6589611
19820758,before,0.11869531,2.1955549,0.29890504,-0.59548297,-0.82106337,0.29210846,-0.23121471,0.17869468
19820762,before,-0.35411825,1.6898303,0.45422461,-0.2190652,-0.52773463,-1.7464483,-0.27342519,-0.71237095
19820765,before,-0.098572342,1.4014312,1.4618337,0.93138347,-0.6128952,-0.99941484,1.5261626,0.012594986
19820770,before,-0.01413946,0.69442935,0.46026258,-0.090191054,-0.50620497,1.0716036,-0.65976167,-0.56085282
19820776,before,0.10136747,0.55203332,0.76798628,-0.18183408,-0.60493087,-0.37255288,-0.097275748,-0.092136726
19820786,before,0.93704737,-1.2529452,1.0514845,0.61445475,0.60618582,-0.99712518,2.0356262,0.57459342
19820805,before,0.055218499,-0.77705583,-1.5216757,-0.27452207,-1.1955997,0.28385798,0.068068984,0.59883213
19820808,before,1.4225902,0.73887212,0.74123109,1.1396178,-1.8047395,1.1408778,0.020273476,-1.0093014
19820816,before,-0.59132957,-0.5918732,0.72189109,0.41164774,-0.09813521,0.09808369,-0.52515631,0.097221054
19820817,before,-0.063699937,-0.12803902,0.53715302,-0.85144583,-0.53784269,-1.0434172,-0.67724278,-0.57686236
19820822,before,0.16745582,-1.1913433,0.30700037,-0.9810888,0.68862764,-0.46684902,-0.77609706,1.6416634
19820831,before,1.7168692,-1.2105082,0.033307573,0.42946809,-0.49130085,-1.955403,-0.1095504,-1.1114542
19820833,before,-0.28297425,-0.010659354,1.2060865,0.41322503,0.056208673,0.13439622,0.036040002,-1.4069595
19820835,before,-0.45216103,-1.0129926,-0.55345156,1.8722127,0.46826627,0.79586721,0.41117551,-0.52659227
19820839,before,-0.035299841,0.92303552,-0.88141239,0.70280522,1.1894473,1.8261659,-1.7266612,1.7795269
19820851,before,-1.4407097,-0.5512855,-0.86946294,0.20571757,-0.2781565,-0.0043426423,0.66315297,1.4306422
19820855,before,-1.7018177,-1.19738,-1.5739948,0.88652496,-0.3371711,-1.1148596,0.82919197,0.73089439
19820861,before,-0.87048861,0.28780811,0.016580372,-0.57724355,-0.92860875,-0.12640259,-1.0373373,-0.23545686
19820863,before,-0.067336509,0.89133381,0.28064581,0.99112839,0.67481633,0.38399274,0.86457299,0.80298726
19820868,before,1.1071072,0.87664927,0.71965426,0.31762039,-0.010223796,-0.79253553,0.55596661,-0.66273663
19820881,before,-0.98001984,-0.080961373,0.24372971,-0.45830709,-0.21752466,-0.59618127,-0.28135097,-0.31014781
19820888,before,-0.77528269,-0.76345175,-0.022376557,-0.90303529,0.46916513,-0.54708975,-0.23163721,0.62323051
19820890,before,-0.91690575,0.34830631,-1.0232733,0.1420525,0.41121535,0.79768677,-0.6390544,0.61559056
19820891,before,-0.17071238,-1.4701073,0.52353094,-0.35685487,-0.026301242,0.54830334,0.36272009,1.5111186
19820898,before,0.3551715,0.45926873,1.4161413,-0.024393414,0.24559547,-0.29134051,0.1099143,-0.85685629
19820911,before,0.34430866,1.4182182,-0.7020094,-0.1238974,1.4707317,-0.43130267,0.22510147,1.7696445
19820917,before,1.1872012,0.06601944,-0.76264984,-1.0240999,-0.82081108,0.70266212,0.15144835,1.3722045
19820928,before,-1.8859599,-0.54894979,-0.0063612686,0.91387086,0.28878386,-0.51637776,2.941804,1.1675106
19820932,before,1.0405972,-0.89056475,0.67640321,-0.74038456,-0.53087956,0.18799233,-0.024621965,0.78392999
19820953,before,-0.15873148,-0.16763125,1.2994822,0.40889171,-1.3873856,-0.57755987,0.13232037,-1.2471501
19820954,before,-0.85682467,1.474685,0.41622191,-0.48889666,0.39074387,-0.95380594,1.1118435,0.36475297
19820962,before,-1.6441568,0.88803345,-0.4837781,1.7956693,-1.3053976,-2.089408,1.7897519,0.68716972
19820972,before,-0.017564505,0.3122717,0.53004793,1.4499057,0.30178411,-0.25749251,0.020756407,-1.529765
19820976,before,0.13364514,1.3476491,0.23251097,-1.0594479,1.5752563,-0.3402026,-0.39434485,-0.83345669
19820983,before,1.8140631,-0.28997297,1.8375175,-0.13719767,-0.10380573,-0.34106241,-0.21165311,0.3592549
19820985,before,-0.493723,0.92754274,-1.4308457,-0.12368156,1.7139092,0.79040004,1.0001209,-0.01699157
19820993,before,0.78583575,0.44321959,-0.59212652,-0.067852285,0.77129284,-0.49617928,-0.38404251,-0.40609731
19821001,before,-0.5538087,-0.26390271,-0.57706549,-0.37969543,-0.370285,0.075551586,0.54145772,0.62120491
19821009,before,-0.13431885,-0.089302489,-0.39862086,-0.10466673,0.084248469,0.90387873,-0.15330626,-0.29285834
19821016,before,2.5740729,-0.76558575,0.010469072,0.16551659,3.6711315,2.7209212,1.6760443,-2.0258432
19821018,before,2.4627844,-0.2761759,-0.38160451,0.94520956,2.6382149,-0.48271874,-0.61643184,-2.0676255
19821022,before,-0.045450433,-0.57031279,-0.57134485,-0.9537641,-0.10277713,0.33871144,0.15001501,0.19341638
19821027,before,-0.44800049,-0.19835152,2.0997599,-0.22335861,0.30929918,0.58207832,0.89795153,-1.9476966
19821030,before,0.86383341,-0.22312017,1.3233123,-0.98670263,1.1139176,0.77024912,0.02002794,-0.091666566
19821031,before,-0.30149184,0.057546561,-0.2923733,0.560278,1.2607725,1.0662933,0.11486668,-1.3409116
19821044,before,-0.51796106,-0.94698004,-0.07221655,-0.040848232,-0.013858779,0.23423781,-1.4172753,0.019529236
19821048,before,-0.9114619,0.097792639,0.16251276,-0.086437115,-0.033912593,0.13803752,-0.64598956,-0.39991166
19821050,before,-0.49375211,0.56800648,0.36903122,-0.78198501,0.92184717,-0.57429046,0.38831434,-0.72358454
19821052,before,-0.22884767,1.0450626,0.36506503,-0.78340366,-0.32166687,-0.64353638,-0.64246335,-0.71576498
19821058,before,-0.59224171,2.6251557,-0.97620908,0.060578735,1.0169041,-1.5946763,0.54249605,0.91309501
19821060,before,-0.8947373,0.4048856,-0.97012089,0.21510256,1.3538602,1.6933803,-0.86065904,0.15514817
19821065,before,1.880759,0.29651754,-1.2644903,1.7034731,1.6097045,-1.0779258,1.2814196,-0.42513795
19821068,before,0.039517326,-0.8426488,-0.38385602,-0.9614245,0.52731015,-0.44412805,0.26865545,0.37911039
19821076,before,1.3310157,-1.589357,-0.077701526,-0.02802377,1.1337087,-0.064732729,1.3163907,-0.50731976
19821079,before,0.65343972,-0.63972158,-0.24287531,-1.1883421,-1.1090667,-0.15475507,-0.56759918,0.87568258
19821085,before,-1.4433722,-1.2954044,-1.341146,1.8335527,0.2296045,-0.44826427,0.46787972,-0.77211112
19821086,before,-0.88197635,-0.9736928,-0.87949252,1.9166031,-0.1895897,0.29656264,0.58819748,-0.77172539
19821089,before,-1.0553144,-0.015036149,-0.16430648,-1.1752359,0.64376314,-0.40342038,-0.52732902,-0.99056188
19821101,before,-0.56024807,0.52403916,0.16489321,0.17989408,0.74128904,-0.31443068,-0.2665509,-0.55912767
19821103,before,-0.89980221,-0.074961539,0.84739445,-0.49098309,-0.12711435,0.53505888,-0.37544841,-1.2121939
19821107,before,-1.1364361,-0.27677503,0.32763456,-0.67200387,0.026387377,-0.027550633,-0.6988144,-0.56229693
19821108,before,-0.40852894,2.5944287,-1.1542617,-0.78314359,1.5205402,-0.31171903,0.080650342,0.83439693
19821111,before,-0.45613084,-0.39409777,-0.19784034,-0.69401768,0.18407972,0.30593604,-0.37316245,-0.58737485
19821113,before,-0.75009411,0.20431982,0.023956222,-0.56861747,0.62937479,0.42885921,-0.033871765,-0.22544302
19821115,before,-0.85621247,0.086983056,-0.076371424,-0.60034149,-0.065700454,0.22493267,-0.42457672,-0.2196212
19821118,before,0.36748641,-0.049627847,-1.2509637,-1.5469691,0.87261181,1.2288193,-0.21417268,0.077707339
19821122,before,-1.2495244,-0.6181245,0.16090608,0.31557947,-0.25386636,-0.30549207,-0.28635569,-0.79789767
19821126,before,-0.79970938,0.9351665,0.023011257,-0.31612763,-0.076360828,0.76327206,-0.33231421,0.18999334
19830018,before,-1.1066617,-0.16915933,0.38177223,-0.29030225,-0.23656614,0.29312835,0.061433147,-0.80399484
19830021,before,-0.9936442,-0.45360224,0.11265672,-0.59512447,0.20040906,-0.034430979,-0.38370476,-0.12230153
19830024,before,-0.80059273,-0.5454014,-0.85994084,0.90553947,-0.19308804,-0.55326229,-0.83644388,-0.74822076
19830032,before,-0.92036417,0.80037606,-2.2608904,1.7095647,1.0566178,-0.44288491,0.35311815,0.82318503
19830034,before,-0.14362999,0.86649021,-0.87746969,1.8363735,0.42374726,0.23625025,-0.11090826,-0.11334644
19830040,before,0.3152459,-0.01957183,-0.6658332,-0.34693584,-0.074142289,0.35438088,-0.25650867,-0.23564838
19830043,before,-0.90912022,0.87014945,-1.3780332,-0.59576676,1.1965902,1.0418266,-0.42642497,0.11720082
19830046,before,-0.92147398,0.98369653,-1.3885925,-1.3464593,1.9780094,1.391396,0.18186781,0.29077393
19830050,before,-0.52629465,0.12066272,0.11134403,-0.2702489,-0.86021982,-0.87477987,-0.36220741,-1.0950993
19830051,before,-1.1911177,0.34989851,-0.92125252,-1.1593501,1.1458393,1.14347,-0.2955415,-0.057456584
19830062,before,-0.40892236,0.14491248,-0.54600261,-1.6445768,0.72242962,0.6827615,-0.6568495,-0.90038377
19830065,before,-0.78316034,-0.047063599,1.4175807,0.036474606,-0.90649936,0.90776901,-0.082684116,-0.76558687
19830078,before,-0.48461643,2.2039206,-1.5597145,0.95608364,1.1522871,-0.85356599,0.049306516,0.32518518
19830080,before,-0.27451626,1.8110622,1.1704777,-1.2042462,1.5193457,1.6147145,1.1350782,-0.087070263
19830081,before,2.2471267,1.717242,0.58361503,-1.5304204,3.4506431,0.67457731,1.8990106,-1.0106648
19830084,before,2.9424787,0.488761,-0.14355349,-1.8389719,3.0211714,-0.06248317,0.7793422,-1.0882285
19830088,before,1.2768194,-0.5529396,-0.013707435,-1.5091268,-0.46365089,-0.31600964,-0.63269808,0.6165972
19830090,before,-0.63884409,0.32914699,0.085554238,0.47657063,0.36430886,-0.10747165,-0.7227106,-1.508155
19830093,before,-0.60167548,-0.55592043,-0.06912274,-0.25383026,-0.25548807,0.28496331,-0.80025309,-0.54003433
19830097,before,-1.0275586,-0.10116297,-0.14418214,-0.98302012,0.34109968,-0.42936967,-0.89990559,-0.75260421
19830100,before,-0.77108623,0.51605268,-0.69909503,0.80925746,0.33184193,0.2037015,-0.25163464,0.40779893
19830111,before,1.6602037,-0.72819164,-2.4551839,2.1609547,-0.48018668,-1.8369503,1.7657525,-0.079883253
19830119,before,-0.97424191,0.83703706,-0.82766337,-0.85698314,0.72874377,1.9595501,0.12213875,0.50191946
19830126,before,-0.14206927,0.11481909,0.79678516,-1.000775,1.0551432,0.71441809,-0.27394055,-0.24579602
19830130,before,-0.30502747,1.2367937,-0.5502592,1.2042658,0.40253117,0.017689109,-0.59858564,-0.077399178
19830133,before,-0.63728557,0.65913111,-0.065110729,1.0206737,-0.16876829,-0.47746136,0.39230865,-0.62394322
19830138,before,0.71161743,1.8597332,-0.64232375,-0.22431239,1.4270396,-0.0099675708,-0.68903467,0.57151909
19830142,before,-1.0005041,0.60193483,-0.21721232,-1.075243,0.79303149,0.17189476,-0.7018861,-0.46646131
19830144,before,0.83277241,-0.3820724,0.98447987,-0.22053372,-1.8185889,1.421524,-0.3670113,0.28557892
19830149,before,-1.0840263,0.54714535,-0.97105345,-1.1626422,1.2000939,1.1073141,0.0039517933,0.23572845
19830150,before,-0.42706,-0.32996626,0.17723503,-1.025908,-1.1146297,1.7468198,0.057638484,0.69666797
19830152,before,-0.76265248,-0.19823753,0.94252446,-0.78792565,0.15669314,0.085288114,-0.095891104,-0.84614865
19830163,before,0.82210509,0.0095040239,0.35772322,-0.85020711,0.36968706,-1.1732916,-0.20002279,-0.9026878
19830166,before,-0.36313171,-0.7149526,0.81633204,-0.36227625,0.32153859,0.18781039,-1.3473963,0.18557329
19830175,before,0.92569828,-0.81020582,-0.45499091,-1.0516082,1.3957011,-0.056695049,-2.0866789,-0.61064357
19830179,before,-0.96809368,-0.278556,0.55098487,-0.29628162,0.015060517,0.57902286,0.35424163,-0.70600404
19830181,before,0.36897461,-0.9971184,0.017971319,-1.2312986,0.79029091,-0.90173213,-0.11548903,-1.1514829
19830185,before,-1.1370348,0.053727105,-0.28080085,-1.0825718,0.18747391,-0.10475351,-0.72443554,-0.59421738
19830187,before,-0.26508411,0.98974349,0.42126488,-0.1397634,0.090732935,-0.36058108,-0.17982065,0.5140992
19830202,before,1.5870996,-0.89061103,-1.755644,1.9342207,3.0475851,0.89240586,0.033568971,-2.1819565
19830204,before,0.15074159,0.15135544,-0.056571979,1.2178423,-0.16702547,-0.11704743,-0.16545508,-0.61896033
19830205,before,0.0022334965,0.84560878,0.82615415,-0.095339928,-0.57396037,0.35870836,0.72417516,-1.1982361
19830215,before,-0.050666222,-0.016735598,0.084979849,-0.029892027,0.093854249,0.44573851,0.42088061,-0.15356082
19830218,before,0.80562268,0.43541343,0.45481759,-1.4704102,1.1492306,1.0827741,0.18935489,-0.84812541
19830224,before,1.6633647,-0.99232497,-2.2602425,-1.7429239,-2.8717911,-0.28895867,-0.60960195,0.15528174
19830228,before,0.10289491,-0.3790698,0.19765712,-1.3356696,1.3173902,-0.47901692,-0.64821731,-0.83633848
19830240,before,-0.64585292,0.89958987,0.78885468,-0.093948746,0.27115839,-0.59185481,-0.5013146,-1.358981
19830242,before,-1.0163348,0.25221373,-0.050707949,0.25878811,0.58390662,-0.16954351,-0.92776993,0.35534853
19830250,before,1.4089834,-0.18915893,-0.98830678,-0.069521475,-1.258903,-1.1438019,0.13697116,-0.73896448
19830257,before,-0.67186243,1.9340219,-0.49075836,-1.2754729,1.4070424,1.1353989,-0.35809157,0.64756958
19830263,before,-0.85551797,0.044781865,0.74443892,-0.69033957,0.092771888,0.035473701,-0.51833988,-1.1703196
19830281,before,-0.2766918,0.8806842,0.039148811,0.0895966,-0.46113349,-1.1433215,-0.14703553,0.97439867
19830285,before,-1.8995194,-1.2452232,-0.50847364,0.1478092,-0.75931813,0.36946157,0.48475082,1.60153
19830286,before,-0.44672064,-0.15874084,0.49917956,-0.7926892,0.68095789,1.0537387,0.65605385,-0.97189122
19830287,before,-0.22533601,-0.11898788,-0.48341573,-1.0012947,0.91489012,-0.018310666,-0.41038429,-0.18988187
19830293,before,-0.34688897,-1.1844288,-0.22705986,-1.0701777,0.046956981,-1.1599374,0.12538203,1.8651106
19830313,before,0.23353863,0.46297855,-0.31564676,-0.33523942,-0.7470766,-0.58116304,-0.12401442,0.23623106
19830333,before,-0.84216718,0.20050187,0.30440809,-0.13097391,-0.043881329,-0.78999933,-0.22974844,-0.78640504
19830358,before,-0.83369476,0.13070217,-0.19865005,-0.59658276,-0.20329812,-0.49902056,-0.702776,-0.38490837
19830362,before,1.1269093,-0.83546964,0.96949065,-0.32951607,-0.66977632,-0.092680428,0.32876009,-1.2122252
19830371,before,-1.1159072,-0.55193656,-1.1012484,0.97448974,0.10454149,0.92730263,-0.23800736,0.34532142
19830375,before,1.4729542,-0.41588493,0.00077496494,-1.4066902,-0.30762346,1.3192562,1.5951302,-0.089312768
19830376,before,-0.46845009,0.076370864,-0.050685139,-0.12729752,-0.44138511,-0.4988659,-0.26371264,-0.45779877
19830382,before,-0.5941713,-0.93765875,-0.75054914,0.29242766,-0.28225444,0.35428384,0.52559668,-1.0310389
19830386,before,0.095446478,0.94601058,1.6756536,-0.47764333,1.4136133,1.1407791,1.0398903,-0.96053518
19830399,before,0.15520281,-0.39832611,0.9691678,-1.0099975,0.79218546,0.94313243,0.81727756,-0.15928054
19830402,before,-0.25018088,0.38895305,0.11415845,-0.030694084,0.79645729,-1.6797033,0.025158643,-1.4997028
19830416,before,0.00011899057,-0.42047864,1.1139596,-1.142722,0.61040158,0.088488569,0.32674514,0.12734451
19830417,before,0.0023968759,0.089311262,0.50915866,-0.72141064,-0.21352662,0.3884134,0.14018629,0.21809663
19830428,before,-0.93001172,-0.048722228,-0.1733014,-0.1924932,0.41737847,-0.51827544,-0.53264873,-0.2475067
19830443,before,0.69917971,-0.14114515,0.71063079,-0.16045477,-0.21676112,-0.20610875,0.66310467,-0.79768035
19830446,before,-0.72347828,0.30336929,0.12284279,0.81387705,-0.37606542,-0.10563329,0.5483989,0.22341193
19830454,before,-0.25546938,-1.6050877,0.50472606,-1.3513416,0.80699307,-0.55276828,-0.40981218,3.115108
19830456,before,0.93981849,2.7107716,-0.30565871,-0.019994368,2.3645465,0.92715005,-0.081508104,0.42702746
19830458,before,1.2799629,-0.37762227,0.14052639,0.6082549,-0.7919291,-1.9522184,-0.7248319,0.53909309
19830459,before,1.074607,1.469337,1.5392996,0.66764138,0.32391228,-0.24623188,0.96172227,-0.63570657
19830490,before,0.70138115,-0.41981493,2.3063514,0.27255591,-0.37487981,-0.57721087,0.13095487,-2.0443288
19830496,before,2.0456747,-0.79447115,0.98847046,1.8731815,2.1149997,-0.072253419,1.5091675,-3.4247193
19830505,before,1.0444788,-0.56242361,-0.16102649,-1.4772058,-0.078797501,0.069952255,1.3025837,0.3387439
19830515,before,1.372496,-1.1948405,-1.1086529,-0.94526502,-1.3135961,0.27193138,0.34387473,0.39185094
19830516,before,-1.1101875,-1.5087967,0.21378988,0.044691429,0.11274758,-0.43893013,-0.63475555,-0.11872678
19830532,before,-0.071507242,0.36436416,1.6129382,-0.26632492,-0.81191961,-0.031212698,-0.36291417,-0.84542464
19830534,before,0.93241344,1.2116015,-0.030675598,0.80090339,0.61305245,0.73429413,0.1236716,0.66865976
19830536,before,0.33062759,0.03043,0.76170466,-0.6153605,-0.35730106,0.43616336,-1.2997754,2.0506697
19830540,before,1.1996694,-2.6807134,4.3412178,3.0777411,-1.4341095,0.50898652,-0.2991766,-2.4066825
19830548,before,0.11216451,0.80821735,-0.31166942,0.26440709,1.1368148,0.93338794,-0.44079577,-0.15480402
19830553,before,-0.49099536,-0.27688326,-0.66171768,0.70626557,0.15642606,0.2881457,-0.45637469,-0.86062248
19830575,before,1.3641821,-1.5164522,1.7412915,-0.29428921,-0.053750402,-1.4969813,-0.34015723,1.3717364
19830581,before,1.0712049,0.92944513,-1.7183952,0.42646542,0.93921006,0.79122812,-0.24640108,0.65699045
19830591,before,-0.43546329,-0.39300738,0.44245655,1.1627274,-0.10131961,0.19842308,0.24115738,0.0025261054
19830600,before,-0.51800172,0.34243256,0.041332583,-0.71894404,-0.055698377,-0.94667033,-0.22669882,0.040239739
19830604,before,-0.41691246,0.083334593,-1.4276856,-1.6641317,-0.75609496,0.66142054,2.9217903,0.33931692
19830624,before,-0.14230944,-0.29844708,-0.3911988,-0.58840861,-0.16747608,-0.09522265,-0.28453023,-0.61692211
19830635,before,0.41775423,1.1971745,0.25683618,-0.0040695344,-0.6907759,-1.0100961,-1.5029451,-0.71266539
19830662,before,-0.32144689,2.0003615,-0.61528601,-1.3757569,-1.0127135,0.030566382,0.37588263,-0.062591654
19830671,before,-1.1799402,-0.48099003,-0.44547852,-0.45566439,0.35441581,-0.033816599,-0.21394107,-0.44261553
19830683,before,-0.1441602,0.86426712,1.6915868,0.94355598,-0.40524901,0.45721994,0.28170045,0.22927987
19830689,before,0.3835483,0.077573666,-1.4380852,-0.70997636,-1.3254547,-0.070553354,0.17545516,-0.21547126
19830693,before,-0.13142616,1.2910247,-0.08161214,1.0944922,-0.88903133,-2.3001115,0.12864151,0.45092098
19830698,before,-0.65169391,0.78912057,0.96493817,-0.13075714,0.12897979,-0.2543591,-0.61846271,-1.6488486
19830710,before,0.34779843,-1.1093602,1.3393739,0.56491529,-1.2505793,-1.8839444,0.706641,-0.031521902
19830729,before,-0.16285031,-0.066020802,-0.46085366,-0.39741924,-0.80551778,-0.28161653,0.79676927,0.35046425
19830750,before,-1.0346243,-1.2587746,-0.65380059,0.60789269,0.15659955,-0.14957797,-0.14281088,-0.10814951
19830754,before,-1.16814,0.049733516,-1.1276625,0.068380598,0.93864918,0.9172377,-0.12853765,0.62597615
19830760,before,0.31769904,-0.089003921,0.50364695,0.35459123,-0.74580499,0.28657251,0.47791214,0.0078169065
19830766,before,-0.43244089,1.1224302,-1.4214394,0.95727569,1.0500613,-0.65229932,0.11984968,0.92205211
19830780,before,-0.74311329,-0.33011231,0.41654171,-0.31688061,-0.59009125,0.082280391,-0.45763126,0.54871511
19830788,before,0.93352268,0.77422941,2.0619553,1.2434065,0.63537273,1.5325107,2.320648,-1.0279179
19830793,before,0.65598415,1.0495941,1.4379984,0.48520452,-1.3430128,1.8447426,1.2624897,-0.65885201
19830794,before,-0.39855216,0.73201732,0.75747699,-0.23784262,1.3973111,0.33662312,1.0408022,-1.0642744
19830808,before,-0.7307481,-0.62707577,-0.15329532,0.65811586,-0.24392119,0.21585829,0.84996074,2.212664
19830818,before,-0.35457914,0.36870888,0.24324071,-0.087464576,-0.1050993,-0.83774534,-1.1302587,-0.014889351
19830822,before,0.75228671,0.66601939,1.7700568,0.30582604,-0.13288798,0.9075504,0.62430885,0.14515693
19830824,before,-0.68360751,0.222613,-0.32806677,-0.693733,0.56282736,-0.41766642,0.13725454,-0.21368785
19830832,before,0.86005602,0.28868841,0.7283179,-0.6105368,-0.23631556,0.15842665,0.14788644,-0.18239467
19830837,before,1.4244649,0.085259751,-1.3433442,-0.91431,-1.4967615,0.45105255,-0.67431595,-1.1762641
19830845,before,-0.35633789,0.41238832,2.5448201,0.79931634,-1.7660161,1.5392058,0.17118546,0.99561542
19830849,before,-0.41636038,-0.37340717,-0.5941536,0.8360161,-0.0018701522,2.0818938,-0.014112472,0.95697496
19830855,before,0.64051777,1.6575889,2.0859217,0.82510478,-1.3431422,1.0138598,0.86578696,0.84912002
19830869,before,-0.20168589,0.027463107,-0.30903359,-0.49635784,0.3926839,0.34622319,0.13234264,0.8919141
19830875,before,-0.20481762,-0.18492971,1.2049539,-0.10783712,0.0657934,-0.0058252825,0.15416126,-0.030085611
19830881,before,0.82844281,1.4083887,0.3089124,0.67469337,-0.31862943,0.96003088,0.10023408,0.48480595
19830888,before,-0.332321,0.48030525,-1.6608852,0.47330632,1.2514385,1.2177768,0.29027231,0.73880137
19830893,before,0.7197227,0.18081294,-0.65117326,0.36354775,-0.39727923,0.8913206,-0.037493656,-0.51707813
19830894,before,-1.0823886,2.0416463,-0.38852958,0.21992146,-0.47010241,-2.8063788,1.3073911,0.99299465
19830908,before,-0.45028156,-1.151749,0.23207671,0.33616441,0.60149828,-0.52566995,0.33509933,0.96027918
19830915,before,-1.0133662,-0.40155711,-0.31649616,0.04705174,0.58656888,-0.26262536,0.068331086,-0.050372148
19830919,before,-0.41577511,0.98418727,-0.097663003,-0.12081471,0.46850369,-0.43141645,-0.33161682,-0.26375962
19830921,before,1.2154106,-0.27011422,0.70044125,-0.45311997,-0.61924532,1.5349736,0.75002935,-0.45839777
19830928,before,0.45316995,1.4264056,-0.60595965,-0.014184501,1.4856633,1.2599421,-1.8529034,0.73028278
19830929,before,-0.50829069,0.60304637,-0.017756532,0.37688267,-0.018527931,0.093260818,-0.2559943,0.07732647
19830934,before,-0.028812785,0.92170504,-0.11735741,-0.45414639,0.86317457,-0.32897243,-0.18622261,0.033012622
19830944,before,0.86228651,0.95845244,-0.21672404,-0.50493954,0.43788754,0.73850152,0.1100346,-0.29790916
19830949,before,2.1244579,0.70649971,1.8829441,0.12030316,0.34294966,-1.3576475,1.8497563,-1.8789633
19830953,before,0.85826537,-0.054844492,-0.88845185,-0.77692185,-0.91821592,0.75907819,-1.9945541,0.071183736
19830958,before,-0.84678107,-0.38200602,0.10592684,-0.92288796,0.074544055,-0.27497489,-0.6533016,0.15560592
19830982,before,-1.3467857,-0.62824122,-0.29303619,0.46488167,-0.77290618,0.25332279,-0.46869366,0.21880277
19830988,before,-0.72817768,0.6978901,1.166469,-0.73783721,0.6076238,-1.649804,0.74433197,-0.57255418
19830995,before,1.2327736,-1.0453668,1.1379876,2.54872,-0.20470626,0.44986138,-2.6551623,1.1421985
19831002,before,-0.15641516,-0.15770098,0.08482645,-0.55261487,0.075306109,0.057080247,-0.44343876,0.010389645
19831012,before,-0.59555753,0.72625855,0.45467762,-0.85494378,0.35219999,-0.91323564,-1.1962486,-0.39124445
19831015,before,-0.83169649,-0.66908177,-0.024389626,-0.60352897,0.031999087,-0.55158886,-0.77664772,-0.33464943
19831021,before,-0.44335213,0.087172243,-0.3727075,-1.2962662,1.3365698,1.7726422,-0.13850937,-0.31279854
19831039,before,-0.69152028,1.3712697,1.1187753,0.54225596,-0.054698609,-1.0628416,0.1414807,-0.94631509
19831044,before,-0.20043589,-0.0063052646,-0.40173419,-1.6966193,1.6142808,1.2802761,0.62240025,-0.27694939
19831052,before,1.3418199,-1.1581001,-0.22068805,-0.84038006,-0.078379761,-0.212806,-0.18400981,0.15686049
19831054,before,-0.20367208,-0.70915487,0.35799002,-0.62021437,0.33829005,-0.73945926,-0.8210873,-0.048282237
19831059,before,2.4558603,-0.070279487,0.94448082,-0.82941681,0.05426728,-1.1509971,-0.74232448,0.52411183
19831061,before,-1.3149148,-1.2220174,-0.39141513,-0.5066713,0.40785356,-0.79643307,0.2613564,0.602673
19831064,before,-1.0122074,-1.152051,0.060436169,1.0730525,0.0026055952,0.069212227,-0.74799834,0.16423061
19831065,before,0.65167809,-1.0228485,-0.55290681,0.3373502,-1.2676389,0.2397162,-0.75170173,0.9613084
19831074,before,0.5269324,-1.4951709,0.20634597,0.28366462,0.19931349,-0.21890232,-0.059480999,-0.69090044
19831082,before,1.0186814,0.90176989,-3.2616379,1.4606183,2.0113745,0.50545135,-0.5646183,-1.0078595
19831094,before,-0.71205642,-0.46475489,0.58850556,0.40587877,0.30860952,-1.5932071,-0.53601351,0.15302462
19831099,before,-1.4854884,-0.891101,-0.58299478,-0.46289339,-0.94554695,1.0047708,0.3424554,-0.51624911
19831109,before,-0.71931329,-0.16835792,-0.68025673,0.43628502,0.26868494,-0.27328557,-0.74209157,-0.45678088
19831111,before,-1.1816954,-0.57047168,-1.1151798,0.009419306,0.50456274,1.1619144,-0.24527194,-0.24012556
19831112,before,-0.3477477,0.3422747,1.5958426,1.2460719,-0.85615884,-0.54292513,0.90965295,-1.0753078
19831117,before,-1.0151726,0.61436963,-0.25770779,-1.155264,0.54743455,-0.40317045,-0.52218482,-0.67650111
19831119,before,-0.82389282,-0.81378485,0.57647339,-0.48991155,0.44387846,-0.73594416,-0.80417582,0.69745947
19831131,before,-0.87411762,-0.054715081,-0.59600482,-0.65762315,0.25672238,-0.091831581,-0.088194178,-0.41603881
19831140,before,-0.63035626,0.026013361,-0.083134626,-0.08195514,0.58986658,-0.12546006,0.098668025,0.18776024
19831145,before,0.081676881,1.1064294,0.58461335,-0.3510193,-0.67462783,0.10942549,1.3801608,-0.045025936
19831146,before,0.44724552,1.2126221,0.72722125,-0.51786977,1.2172854,-1.4263789,-0.10342451,-1.0065447
19831148,before,0.42327361,-0.82140426,-1.6355336,1.7839446,0.8252341,0.65165358,-0.73029138,-0.26228631
19831157,before,-1.2154323,-0.42678231,1.0382301,0.25461699,-0.86876731,1.5979748,-0.35555686,0.11040237
19831165,before,-0.24752393,-0.30795324,0.40639609,-0.51206003,0.024173795,0.46249762,-0.26323849,-0.32033182
19840004,before,-0.52659879,0.11750532,0.054113793,0.096703826,0.27623722,0.14623194,-0.38362615,-0.49539155
19840005,before,-1.3172576,0.060980171,-0.65183013,-1.1739509,0.17757128,0.14956732,0.023487808,0.012788512
19840010,before,-0.16154047,0.038772012,-0.16741341,0.70971277,0.090931198,-0.53303598,0.21536753,-0.91019515
19840018,before,-0.82777799,0.016844599,0.050840586,-0.43101671,0.27617104,-0.52904532,0.40904031,-0.14854961
19840031,before,-0.21601526,0.092858264,0.93339689,-0.0086258725,0.56466592,1.8173068,0.32119239,-1.1315335
19840033,before,-0.65336943,0.051145309,-0.2340092,0.093095227,0.55405308,-0.12551697,0.79604183,-0.61207659
19840039,before,-0.17973695,1.5388523,0.14401339,-0.97796131,1.0626084,-1.1412264,-0.28175575,-0.49780578
19840045,before,-0.27679508,-0.56739932,0.61050695,-0.50287367,0.158646,0.53107114,-0.13623817,0.27928711
19840053,before,-0.81735813,1.9264461,-1.5293482,-0.053016464,1.7878099,-0.58139591,0.78543547,1.2458008
19840054,before,-0.83579002,-0.21117664,-0.20882591,-1.07544,0.52240094,-0.12741833,-0.37983317,-0.94298706
19840061,before,1.3215303,2.2554228,-2.364338,-0.39842715,3.9608576,1.9130981,-0.40384995,0.29259723
19840073,before,-0.31905694,-1.3339862,0.28547411,0.56942848,-0.15010264,0.038589375,0.35895386,-0.37730916
19840074,before,-1.1195801,0.094977495,-0.29228856,-1.1618372,0.63021019,0.18160086,-0.73893194,-0.65321573
19840077,before,-0.47319334,-0.527888,0.80248749,-0.4211945,0.33059831,-0.93273925,-0.20401699,-0.83303492
19840080,before,-0.26558385,-0.44364138,-0.57955624,-0.43268244,-0.66260017,-0.16717534,-0.43981563,-0.60956596
19840093,before,-0.26507464,1.5332648,-1.0068963,2.2009152,-0.025385038,-0.61810667,-0.50282303,0.46932307
19840096,before,-1.243947,-0.24138606,-0.44034241,-0.039629303,0.29986102,0.27762269,-0.48580947,-0.73488892
19840098,before,1.3064839,0.083577295,0.052359596,-1.8228703,-1.5860011,1.7871799,0.53090044,-0.25625026
19840106,before,-0.76594641,0.063200925,-0.37608539,-0.19350875,0.12418445,0.055543985,-0.11669653,-0.86435025
19840114,before,0.31921353,-0.05905696,0.23313412,0.18172716,-0.74995597,-0.9878855,-0.97772175,0.63997541
19840116,before,-0.60868786,0.46294442,-0.38396959,-0.79964726,1.2958554,0.84943087,-0.4222803,-0.1058234
19840141,before,-0.66440168,0.85761406,0.040539179,-1.474007,1.0283203,0.36782444,0.62437023,-0.17162856
19840149,before,-1.0311561,-0.093616126,0.6259715,0.3307333,0.81831342,-1.400689,1.3058963,-1.874582
19840159,before,0.34399252,-0.91494778,0.48743221,-0.13866259,-0.36847275,-0.85405066,-0.66844975,0.19853665
19840163,before,0.011454722,2.7442532,0.84770598,-0.095200779,0.15783102,-0.40133797,-0.28307076,0.095334174
19840167,before,0.13788003,0.098894059,1.0525547,-0.57546917,1.3647147,0.23639554,-1.092107,0.060243264
19840172,before,0.1200913,1.283986,-0.0058016078,-0.99577078,-0.424473,-2.0797879,-0.85784501,0.79594182
19840174,before,-0.41057087,0.6373846,1.0965453,-0.55475,1.1451712,1.115958,0.71311926,-1.6168604
19840181,before,-1.1110662,-0.086786312,-1.102195,0.28335496,-0.20904785,1.0834285,-0.83626656,0.62734801
19840188,before,1.3796705,0.17889512,1.3786608,0.65162538,-1.7611957,-1.425242,-0.10821598,0.37789501
19840195,before,-0.96345914,-0.24093801,0.82006312,0.85653142,-0.18161206,0.91947838,-1.1646629,-0.75657484
19840205,before,-0.73320007,0.18236335,0.11700576,-0.68751306,0.003340927,0.53542097,-0.96678144,0.22326666
19840222,before,-0.23737096,-0.37871462,-0.7192322,-1.0540118,-0.20056895,-0.25229007,-0.20896337,-0.30320882
19840229,before,-0.027744945,-0.062504381,1.3563585,-0.59491299,-0.68052814,-0.40905552,-0.98544052,0.61867697
19840233,before,-0.70952453,0.16808742,0.77464034,0.3759619,1.215781,0.04202116,0.96753383,-1.8855003
19840242,before,0.30956358,-0.76230036,-1.2874506,2.576356,0.16291263,0.73369407,-0.72580601,-0.75768311
19840243,before,-2.7793178,5.1712943,1.438439,-4.841038,-3.7800588,-5.0978404,4.656347,4.5667996
19840249,before,-0.18083747,-0.70099463,-0.72304365,-1.5263467,-0.96333767,1.1566051,1.3755812,-0.68461409
19840252,before,2.017771,-0.60906805,-3.1430975,0.80174293,2.065547,-0.74425006,0.82598274,-1.4037689
19840303,before,-0.026085517,-0.9812688,-0.40822652,0.61219796,-0.93247858,0.3411773,-0.64014838,-1.0515552
19840308,before,0.383426,-0.18793801,0.49727397,-0.92751059,-0.18653733,-0.85336939,-0.073605304,-0.030546728
19840311,before,0.02971619,2.9908359,-0.93879418,-0.38032891,-2.0733612,-2.7178296,2.8267231,0.97780471
19840315,before,-0.68519046,-0.27979392,-0.34542915,0.04033748,0.38100956,0.93651135,-1.1845132,-0.38160796
19840320,before,0.054419387,0.84121,-0.75076334,-0.14443388,0.63667878,-1.0831878,-1.097386,1.4343435
19840325,before,-1.161965,0.13481167,-1.1880966,0.70080003,0.32087507,0.11703064,-0.60432755,-0.045719487
19840350,before,-0.45293769,0.18518808,-0.14838974,-0.76536409,0.55328381,0.38700781,0.11545494,-0.97040159
19840364,before,0.46119598,1.609785,0.13351466,-1.596933,-1.6166901,-0.16331889,-0.6817761,-0.28283853
19840365,before,0.57066717,1.4643584,2.0320475,-0.11997255,-1.1907308,-0.12689148,0.65517105,-0.059912223
19840366,before,-0.81486646,0.071947049,0.41128722,0.28170194,-0.15044193,-0.61165359,-0.037279689,-0.52741028
19840379,before,0.73828445,0.3298232,-0.085068083,0.26903491,-2.0942716,-0.43466035,-0.62135354,-0.49440459
19840402,before,-0.76279349,0.40821789,-0.62795199,-0.71634559,0.91989339,1.2496589,-0.2291756,0.16904262
19840416,before,-1.1460707,-0.56199437,-0.25263832,0.61476174,-0.3161496,0.16591319,0.12928473,-0.1605242
19840419,before,-0.45702029,0.065758075,0.91414612,-0.45383982,0.005978257,1.648649,-0.82145402,-0.20956951
19840420,before,-0.48410059,-1.3611178,-0.1846663,1.2695422,0.74424548,3.1195849,-0.16265739,-0.012350521
19840433,before,0.23589577,-0.48420243,-1.0417142,-0.28811216,-0.8381392,1.6572942,0.82330424,0.38137438
19840455,before,-1.1239524,-0.89947938,-0.041957032,0.78134051,-0.28574594,-0.60346503,0.12145791,1.9169684
19840463,before,-0.82847979,0.069507808,-0.49680565,0.82965505,0.16605636,0.024865543,-0.4364575,-0.16271824
19840475,before,0.88914365,0.50926269,-0.11201849,-2.1446091,0.6314324,-0.27230421,-2.0251355,1.4400992
19840478,before,0.69681891,-0.44551631,0.76006717,-0.15695976,0.12896306,1.1973792,-0.5370793,1.745732
19840505,before,0.10038492,-0.74461183,0.23760068,-0.59123105,0.67202942,-0.23810961,0.3816832,0.30580354
19840518,before,0.56247383,2.1139914,0.36581478,1.4388604,1.1409496,0.66690072,0.30465129,0.74417196
19840520,before,-0.27563864,-0.14242776,0.98409417,0.74344787,-1.3359553,-1.603513,0.24623981,-0.56789977
19840531,before,0.89134134,0.7441303,1.2854646,0.74182399,-2.0316957,-0.29863072,0.21342198,0.25074323
19840533,before,-0.36022798,-0.49135396,0.68713944,-0.097133975,-0.31681077,-0.9377424,0.073911469,0.48289566
19840547,before,-0.92619782,0.24329001,-1.7364124,1.2127892,0.74874386,0.031585026,-0.56994033,0.38523927
19840557,before,1.1085768,-1.6962611,0.68185287,0.76819863,0.028824304,-2.0363204,-0.57026875,0.24574993
19840570,before,-0.30643968,-0.73284343,0.39806186,-0.57378321,1.3439935,0.79144693,1.3618957,1.4204665
19840588,before,-0.55017977,0.64901803,-0.16917238,0.16756329,-0.19384749,-0.16162742,-0.38816465,-0.032929131
19840606,before,1.384479,0.4927712,-1.0674879,0.70819792,-1.5575901,0.69965017,-0.0088076919,0.041142567
19840635,before,0.36884286,-0.73917274,-1.1760707,-0.20435743,-0.51307871,0.40480694,0.31372099,-0.033503649
19840658,before,0.23360681,-1.0778836,0.25117402,0.18770966,-0.45183113,-1.7237579,-0.21302771,0.13838895
19840661,before,-0.036839019,0.026137157,-1.0172007,-0.47584051,-0.2827648,1.110269,0.19730659,0.074167367
19840674,before,0.14053616,0.55520776,0.96182534,-0.068962583,0.88421444,1.1889112,1.9414248,-0.48497797
19840683,before,-0.21412496,1.3160905,0.44099445,0.32598288,-0.043774007,0.36060892,-0.52404184,0.65350528
19840694,before,-0.3488165,1.2019251,-2.0390865,0.74702438,1.6830347,2.4906253,0.26329513,1.0786496
19840730,before,1.0783,1.4200297,1.2765553,-0.81032721,1.1650294,-0.59792308,0.24260305,-0.94610703
19840734,before,0.73152598,-0.53056068,1.1086901,-1.3458192,1.4203735,-0.45419116,0.62257819,-2.1755185
19840746,before,2.9088437,-0.21241508,2.4299404,-1.4523529,0.62359409,0.57592012,0.38699182,0.61897978
19840754,before,-0.23083719,0.1340219,1.5049985,0.53357329,-0.17922383,-1.1519074,0.79090809,2.1969069
19840766,before,-0.52038716,0.4591079,-1.1586799,0.37592639,-0.47855695,0.27309182,-0.11421555,-0.1491413
19840781,before,-0.55041492,-0.59490406,-0.34164868,-0.94894246,-0.25476156,-0.34666927,-0.091107091,-0.35400351
19840784,before,-0.1016235,2.8831776,-0.31505048,0.57645806,-0.12409733,-0.91343759,0.40362186,0.73509196
19840791,before,0.29916933,0.37643026,-0.97756938,-0.71546421,-0.64741938,0.21274912,0.59291485,-0.93906764
19840792,before,-0.77760895,0.73952605,1.4064218,-0.42550396,-0.39358039,0.27331486,0.44029075,-1.1996604
19840797,before,0.66430496,0.58854705,-1.7970477,-0.38998421,0.80186721,0.60353545,-0.40720887,0.54704606
19840812,before,-0.3869316,-0.26530783,-0.29348643,-0.14413098,-0.81084267,-0.10009982,0.56247505,-0.18125228
19840819,before,-0.008199541,0.46438829,0.50960995,-0.3413242,-0.17746905,-0.29820455,-0.57960522,0.3623835
19840820,before,-0.79490379,-0.27907287,0.76370768,-0.67495115,0.38219913,-0.3495026,0.79409438,-0.47639047
19840823,before,-0.30088716,1.251275,0.46146612,0.017945265,0.48936341,0.30424248,0.33829937,0.29025374
19840829,before,0.77351075,0.52324491,0.95525822,0.64901221,-0.82065888,0.44981428,-0.36471145,-0.021007361
19840832,before,-0.73255589,0.13814538,0.21902236,-0.41460014,0.014227658,1.2084391,-0.35899691,-0.10221827
19840834,before,0.68633063,-2.1117635,0.10214341,-1.0630467,0.24374505,-0.27962059,1.8402933,0.47001516
19840860,before,-0.6948243,1.2098039,-1.4166554,0.63829199,0.76810342,0.46653004,-0.3066809,0.86891917
19840873,before,-1.2640054,-2.4015064,-0.3104843,2.2496948,0.72709127,1.5652777,1.1575372,1.322184
19840876,before,0.00434768,1.0698512,1.895026,2.8789351,0.062778386,0.94354085,0.93606806,0.47590207
19840883,before,0.85361019,-0.57513247,1.9343169,0.22055589,-0.023129122,-0.48148945,0.031028277,-0.17587466
19840887,before,-0.60102513,0.65319342,0.67714218,0.31189671,0.62862492,-0.40167626,-0.3959633,0.010440296
19840890,before,0.50849139,-0.0042050146,0.24551688,0.42674048,-0.78360746,-0.94301226,-0.38265715,-0.87798665
19840892,before,0.28096952,0.75227429,1.2154639,0.31997958,-0.050290926,1.659473,1.2914721,-0.75568957
19840897,before,-0.72000199,-0.41605742,-0.090509135,-0.80425053,-0.076717366,-0.3563223,0.32594878,0.20633618
19840903,before,-0.97858317,0.54855098,-0.41532688,-0.158268,-0.058790058,0.069887787,0.59606814,0.50216363
19840906,before,0.64506245,-0.21908278,1.9605312,0.61493327,0.56756218,0.082475868,0.31968426,-1.2594665
19840914,before,0.19480338,-0.40638995,1.0363294,0.66025859,-0.96088586,-0.34326618,-0.1588263,-1.8297265
19840915,before,-0.58278452,2.3057303,-0.14757204,0.79051494,-0.24325648,-1.9127632,0.35248249,1.3959223
19840925,before,-0.51790883,1.3027912,-0.57302455,0.19914513,0.25352402,0.29681723,0.85280045,0.62448066
19840938,before,-0.052050533,-1.0245723,-0.90994579,-0.030147057,0.54711631,1.5409441,-1.6493619,-0.22375012
19840943,before,-0.29286221,0.56460948,0.79213135,-0.58788561,-1.2932468,0.88108109,-0.27276851,0.5189779
19840954,before,-0.75086562,-0.61563611,0.78349875,0.40129674,-0.27762626,0.9797705,0.26903843,-0.90968532
19840969,before,-0.43845718,-0.30582805,-1.6338527,1.6510537,1.23314,1.7550521,-0.61308491,-0.43588374
19840975,before,1.2900772,-0.78217101,1.0863235,-0.24420095,-3.0911489,0.045424503,-0.13829643,-0.41643694
19840983,before,0.083656511,2.1927102,-0.84665091,1.4386922,0.64992675,1.6805153,-0.75707931,1.4362835
19840987,before,-0.40829955,1.7723839,-0.22006282,-1.5177079,2.5198919,2.6907168,0.092042109,0.69562204
19840990,before,0.5705678,0.16047281,1.0848525,0.61337564,-0.86389439,-0.08686383,1.1060554,-0.53192978
19841002,before,0.054664648,-0.25900519,0.82780304,-0.90185048,0.23507506,-0.63362796,0.42866183,-0.30610505
19841008,before,-0.17615762,-0.81780875,-1.0890242,0.79695549,0.7749063,-0.53106093,-1.2279405,0.43557466
19841013,before,-0.045203739,3.0349845,-0.81923809,-0.035150284,2.1782793,2.6077884,0.12165839,0.98332809
19841034,before,0.64212172,-0.94171686,-0.047688792,0.65914853,1.368206,-0.87278634,0.4304323,-0.7137394
19841041,before,0.94149785,-1.4744416,-0.28374393,-0.76625854,0.83273269,-0.60373581,-0.27089236,1.2629452
19841050,before,-1.3106991,-0.15277504,-1.7958351,0.88805726,0.55562049,2.4299683,0.11075899,0.4343581
19841070,before,-0.9855706,-0.31938237,-0.30561611,-0.64384585,0.023969668,-0.35234471,0.84892338,0.11927423
19841071,before,0.05287809,1.0141082,-0.35792612,-0.32713656,1.2083977,0.64408955,-0.75772646,-0.11261164
19841073,before,0.33308045,-0.78742732,0.076534807,-0.82781151,-0.4957959,-0.716354,-0.40158772,0.96134716
19841077,before,0.28147469,1.3907434,-1.0599339,-1.0290593,1.3376434,-0.86258804,-0.34835967,-0.018210785
19841083,before,-1.0323019,-0.098760445,-0.52599473,-0.12062651,0.34692342,0.034185353,-0.48186866,-0.8705231
19841086,before,-1.0359584,-0.2297251,0.17519791,0.65230988,-0.15007036,-0.055752853,0.31761245,-0.33832446
19841094,before,3.2959461,-0.33992544,2.7739202,-0.73332709,3.1933293,-0.41141168,0.6636198,0.012302694
19841096,before,-1.018461,-0.76749044,0.5916178,0.19490565,0.47033813,-0.4782514,-1.1630343,1.7154908
19841097,before,0.95578931,-0.39150847,0.7216775,-0.54745024,1.1574165,-1.5389488,-1.0234343,-1.0797707
19841099,before,-1.6123783,-1.3909727,-0.61283027,1.0774653,0.99000102,-1.2044076,1.3537882,0.88222504
19841112,before,2.9880399,-1.0773552,-0.19044843,-0.17632794,-0.55101113,-1.6168292,-0.65464648,-1.4396769
19841116,before,-0.99725598,0.28579741,0.01681879,0.44781831,-0.59624694,-0.77635727,-0.023823492,-0.26319983
19841117,before,0.42243351,-1.7737813,0.59428347,-0.51465528,1.1575799,0.042131552,0.44700329,0.31757321
19841121,before,-0.68353603,-0.93960119,0.088220532,-1.0935319,0.50391376,0.14761334,0.89747243,-0.81326799
19841124,before,-0.17136772,-0.75340235,0.17586995,-1.0021227,0.62280647,-0.37861245,-0.025562807,0.98751073
19841134,before,0.18077431,-0.25753542,2.052487,0.55616108,-1.2433807,-0.72269463,0.76787969,-0.98570676
19841148,before,0.071426469,1.0431278,2.2646044,0.0076059621,1.2475822,1.5314694,3.1218918,-1.7456088
19841156,before,-0.19478887,-0.53250089,0.040350063,-0.38080508,0.54389574,-0.32776874,-0.34154941,-0.86940327
19850005,before,0.047702818,0.40556266,0.21013126,-0.4108802,-0.032552145,1.2179099,-2.0124144,0.65922719
19850010,before,1.0491465,0.20410464,-0.50891548,-1.3743767,1.3081941,-0.13087169,-0.33382329,0.24225693
19850012,before,-0.78243003,-1.4827128,-0.14473712,0.26169597,-0.23540465,0.21302151,0.2490052,-0.6751534
19850021,before,-0.44862626,-0.036035412,-0.40717509,0.060012603,-0.095109791,-0.12674071,-0.69249088,-0.61395768
19850038,before,2.0660654,-1.0502473,0.31329301,-1.7327451,1.332881,-1.3413549,0.54445942,0.48965196
19850045,before,-0.89603447,-0.017799015,-0.40723874,-1.188462,0.43279061,0.13902812,-0.71928949,-0.67079172
19850052,before,-0.92999212,-0.26181853,0.081375531,-0.77781749,0.10902552,-0.12700905,-0.92737435,-0.53492937
19850053,before,0.46012205,-0.2627888,-0.20884408,-0.18132485,0.0063947707,-0.31965719,-0.086906744,-0.61143739
19850062,before,-0.52565203,-0.70108931,0.4420138,-1.1580858,0.12970026,-0.24943428,-1.4183112,0.38923087
19850063,before,-0.57006365,-0.12774967,-0.26538623,-0.48372508,-0.0014233542,-0.45135347,-0.35396452,-0.14857128
19850080,before,-0.61062247,-0.12590328,-0.014996617,-0.93132829,0.10522242,-0.49616731,-0.92043382,-0.33527782
19850087,before,-0.20254015,-1.0059625,-0.66253829,-1.0507365,-0.039757129,-0.52626727,-0.26803034,-0.21725244
19850089,before,-0.41142124,-0.22659716,0.068965765,-0.70264196,-0.077225963,0.23531139,-0.8189553,-0.99545887
19850099,before,-0.59056109,-0.37286669,0.31900783,-0.70635424,-0.4824632,-0.36347517,-0.18752604,-0.045310764
19850112,before,-0.54528237,0.53909141,-1.9786542,-0.3647143,-0.34412759,2.4962821,-0.40320678,-1.378526
19850118,before,-0.69482157,-0.21979553,-0.051774195,-0.79347238,0.39615144,-0.075031478,-0.54439906,-0.53313015
19850122,before,0.14330856,-0.75542713,0.83354863,-1.0376345,1.20543,-0.063892113,1.4414974,0.95090187
19850124,before,-0.2182247,-1.4939554,-0.0044258139,0.295986,0.54812153,0.53269247,-0.86686658,-0.90415313
19850130,before,-1.0151047,0.19262106,-0.78861376,-1.258838,0.866157,1.0288682,-0.14279368,-0.20117484
19850175,before,1.7181145,1.068045,-1.6611269,1.3238203,1.5133727,1.6127905,-1.5990147,0.4100215
19850185,before,-0.44693293,-0.29251018,0.43490055,-0.85131837,0.1161703,-0.75129314,-0.3055187,-0.80545916
19850210,before,1.495835,1.9145253,-0.018621332,-1.8310229,2.9380852,-1.3770292,0.74007239,-1.2770076
19850213,before,0.53434324,-0.89607495,-2.0327964,-0.25074562,-0.86858659,-0.14552974,2.3332383,0.36300117
19850214,before,-0.79154234,0.55651523,-0.1725938,-0.83822965,0.59468961,-0.97319126,1.0931027,1.4371835
19850215,before,0.16460393,1.6439353,-0.17722773,-1.2444897,1.9228491,0.99198387,-1.371985,-0.036420498
19850231,before,-0.92441772,-0.15993641,-0.060790434,-0.24285396,0.60537705,0.20798364,0.36612042,0.026412553
19850238,before,0.15915067,0.38342833,0.34628639,-0.86674318,0.65550617,0.91570142,-0.34074011,-0.46889435
19850244,before,2.3067322,0.62185349,0.031834741,0.42709347,2.5249313,-0.97539621,1.374407,-1.2256176
19850248,before,-0.88951882,-0.89028834,0.29124789,1.0070524,0.2784773,-0.55174126,0.38033323,0.87752019
19850253,before,-0.32981901,0.78941074,1.0453266,1.1755087,-1.4128512,-0.35637077,1.2867535,0.26234945
19850262,before,0.80029997,4.4172452,0.25007465,-0.77371996,-2.4864439,-3.9553331,0.21007675,-0.2515777
19850265,before,0.81354372,0.22190225,0.48039608,-0.87522911,-0.18102849,-1.5334179,-0.20918223,1.6054586
19850270,before,0.40434231,-0.35472875,0.45591348,-0.4349928,-0.51375788,-0.34462718,-0.62829349,0.91750193
19850271,before,-0.2038593,0.29796895,0.0026231397,-0.80269349,0.82346937,-1.4199476,-0.39727015,-0.77309803
19850276,before,0.091021763,-0.40171269,0.46530217,-0.64714125,-1.9739211,1.9485098,-0.56695138,-0.7292823
19850282,before,0.82569774,2.0039224,0.30641914,0.61131475,0.97428391,0.48912346,0.36936739,0.71390039
19850286,before,0.46696488,-0.59404095,-0.13608115,0.2233735,0.15495769,-0.16443084,1.0953874,-0.59254712
19850296,before,-0.41284182,-0.36129288,0.28481034,-0.82908029,1.0386116,0.35220564,0.6666274,-1.0366228
19850306,before,1.0136619,-0.089490844,-0.17713917,-1.438743,-0.3709748,-0.10530438,-1.4610958,-0.2168324
19850310,before,0.22682314,0.98305409,1.0109308,-0.80815782,0.017990219,0.010211554,0.35614434,-0.19894585
19850313,before,-1.0898445,-2.5982157,-0.97108594,2.0078042,0.44911005,0.0026212277,-0.54963405,-1.102045
19850316,before,-0.20941969,0.018006989,1.4846145,-0.53033993,-2.1848817,2.1275685,-0.15511031,1.8085468
19850329,before,-0.55936095,-1.1773362,0.058724934,1.6119464,-0.21715479,0.41030511,-0.78313969,0.37520355
19850333,before,-0.14867235,1.0269732,1.2021241,0.62819426,0.04086944,-1.9863516,1.3717406,-0.32766739
19850337,before,0.70119664,2.075579,-0.44585034,-1.4503599,-1.8783971,1.4699659,-0.076368493,0.44306365
19850338,before,-0.1596524,0.95385006,-0.03823879,2.4630474,0.16855872,-0.1617069,0.25799002,-0.0060842363
19850342,before,1.2525795,0.27276869,1.5332545,0.52910531,-1.5084023,-1.1152706,1.0328151,0.33166353
19850343,before,1.0900604,2.7268464,-1.5153398,-2.0660293,-4.2169025,-1.1783894,0.84607813,-0.69007175
19850347,before,-0.51727512,1.1538535,-0.30826546,-0.52853227,-0.84454813,-0.34379955,0.20806635,0.20488388
19850348,before,0.77199165,-0.26921542,-0.047178499,0.34332565,-0.30055339,0.43465642,0.6356243,-1.202739
19850359,before,-0.72569904,-0.97698654,-0.24618533,0.46828281,-0.11407293,-0.81730137,-0.2855593,-0.30650125
19850371,before,0.058600533,-1.8827846,0.67129131,-0.55919067,1.6787933,-2.5625946,0.86788349,2.9408011
19850375,before,-0.55230095,-0.85012358,0.085165043,0.65721871,-0.13904652,-0.86181268,0.37717589,0.48911119
19850384,before,-0.65342733,0.36490598,-1.2847931,0.95180036,-0.20110593,-0.10626436,-1.4551198,1.1898932
19850390,before,-0.28862021,1.9419222,-0.97679531,1.5174324,0.43819541,-1.270116,0.47792413,0.22047303
19850392,before,0.76957532,-0.54886112,0.25322405,0.25624203,-1.073786,-1.6529335,-0.013888193,-1.1153878
19850396,before,-0.27800994,-1.4036767,0.048848361,0.085044634,0.20533951,1.2710111,-0.84904843,-0.52598339
19850398,before,-0.9020528,-1.3228526,0.5927054,0.05090802,0.80195896,0.25705897,-0.57486566,-0.12454438
19850402,before,-0.58482907,-0.5886745,1.4428821,0.13731147,0.30776578,-1.0710332,0.60867659,0.02081074
19850409,before,1.6468875,-2.1201525,-2.151699,-2.0811035,0.93746097,-0.68155895,1.2111008,1.0307432
19850426,before,-0.40682298,0.60292296,0.64494943,-0.19596813,-1.2564672,0.21850473,-1.1786692,-0.62252551
19850438,before,-0.38047369,-0.16563486,0.55492157,0.37191649,-0.52643854,-0.16760502,-0.028293022,0.045446885
19850442,before,0.7070731,0.7423429,-2.1076368,-1.5750145,-2.2686868,-0.2901591,1.8211938,-1.9006186
19850445,before,0.33330628,0.48366411,1.1207448,1.0763576,-0.50560026,0.75337156,0.49453411,0.057447569
19850450,before,2.4925635,1.8931621,-0.58171989,0.16846707,2.3161298,0.42763894,-1.6967234,-0.25912668
19850454,before,0.93505935,0.57889985,0.23440191,-0.19137431,0.22764094,-0.13544162,-0.92927421,-0.05338112
19850472,before,1.6194692,0.3697521,-2.6545859,-1.2158809,-3.8877088,1.4845511,1.1680242,-2.046584
19850479,before,0.15389902,0.69690811,-0.14388819,0.64263138,-0.51285977,-0.11138026,-0.52810027,0.75369639
19850499,before,-1.3933651,-0.24208739,-1.2898087,0.17050781,0.33648654,-0.34322973,1.5488741,1.3705024
19850506,before,-0.81905498,0.25837066,0.099634808,-0.63016452,-0.14414746,-0.79420321,1.4968328,-0.38620072
19850509,before,1.3880525,0.59044876,0.50587085,-0.41939914,-0.61216842,0.31651761,0.30953029,0.15415274
19850516,before,-0.23558134,-0.18274014,-2.9176581,0.78752589,-0.7087621,-1.5478146,1.441048,1.1238043
19850520,before,-0.86884678,2.0427373,1.174578,-0.3881924,0.16075839,-1.5143317,-0.091106345,0.10043939
19850529,before,1.1771684,0.24639909,-0.19695038,0.24281175,-0.46777752,0.10750158,0.54592751,0.86062048
19850534,before,-0.31675274,-0.523837,0.86583282,0.066509877,-0.56022198,-0.73628914,-0.23844512,-0.2900754
19850545,before,-0.30214386,0.08322041,-0.41796291,0.11185238,-0.35767418,-1.1557126,0.5254968,0.64230938
19850559,before,-0.60201436,1.3338413,0.27208668,0.59232631,-0.070813223,-0.34199308,0.3224677,-0.33891384
19850560,before,0.041604156,-0.48915615,0.060539612,-1.232099,-1.163413,-0.28902402,-0.60732223,0.95865487
19850565,before,0.22282074,2.1092558,2.0148778,0.675582,-0.4160121,1.3760152,1.4081519,0.91326984
19850575,before,-1.217436,-0.68975101,-0.29114051,0.47530414,-0.33959472,-0.4434171,-0.33737643,-0.12704463
19850605,before,-1.0744209,0.83023533,-0.57862582,-0.071029411,-0.2360674,0.38175062,0.44937727,0.37066226
19850615,before,-0.26047781,-0.69843965,0.14245607,-1.013892,-0.56964206,-0.054060984,0.26781402,-0.52217244
19850628,before,0.45511093,-0.17579922,0.86805378,-1.1139144,1.6796253,1.781489,1.1123075,-0.64368031
19850633,before,-0.030555677,-0.19127592,2.1628496,-0.12764124,-0.38942425,0.52055973,-1.0505155,0.53307456
19850639,before,0.22993329,-0.15023192,-0.69546643,0.63507327,-0.75313051,-0.62463865,-1.1000832,0.11132348
19850648,before,-0.73264578,-1.3721597,0.34279117,1.3767339,0.064219463,-1.4370534,0.3322665,0.26982986
19850654,before,0.72992048,-0.93693476,-0.25849473,-0.36338156,-1.3418453,-0.52483132,0.75845066,-0.076867406
19850679,before,0.64208818,-0.35589814,0.64083221,2.6101829,0.96788799,2.4867845,-0.27479843,-2.2210886
19850703,before,-0.27133089,-1.176106,0.35387833,0.54848305,0.39971998,1.5464372,1.0716643,0.021726181
19850710,before,-1.1439461,-0.60358371,-1.2349779,0.83363059,0.79608023,0.2885149,0.52719848,1.0647972
19850716,before,-0.58206871,0.28890344,-0.2191216,-0.52880158,0.22530215,-0.90308512,-0.92718838,-0.26730144
19850721,before,-0.3749056,0.29166207,0.68858408,-0.15300235,-0.34165758,0.77074664,-0.89078834,-0.66362221
19850727,before,0.37449453,-0.087800165,-0.83465131,0.5669389,1.5316542,0.67725952,1.4096639,-0.96794238
19850728,before,-0.16884526,0.2250053,-0.52234658,-0.25475881,0.57408022,0.57710428,-0.18226832,-0.26391119
19850738,before,0.41967344,-1.2282341,-0.21119203,1.2461369,0.26062352,-1.4495735,0.76377324,0.84784687
19850741,before,-0.13551818,1.7793363,-0.014972762,1.3831527,0.45712629,-1.105217,0.62485659,-0.021895414
19850749,before,-0.32933414,-0.1567853,-0.50150326,-0.18676967,-1.7095423,0.35365696,0.012142139,0.65436328
19850759,before,0.79631346,0.82929182,0.27089419,-0.1087034,-2.2977128,4.971144,-0.54442995,-0.63935567
19850761,before,1.1014801,0.62115245,0.83808266,-0.2030828,0.60539947,1.132715,-0.95146942,0.54885751
19850773,before,-0.54257397,2.3387773,-0.13190499,-0.18326443,-0.65889095,-2.0891355,0.20831738,0.77791252
19850784,before,-0.93847997,0.029502903,-0.30244375,0.16735803,-0.17671981,-0.0309055,-0.74442331,-0.22856941
19850785,before,0.73084918,-0.39749327,-0.82380083,-0.43988628,-0.24309917,0.030220521,0.3613444,0.51344519
19850797,before,0.11966861,-0.19896937,-0.12420586,-0.22733695,-0.56619928,-0.060928702,-0.50769678,-0.09443884
19850812,before,-1.0670039,-0.27115307,-0.70772651,-0.31675719,0.63969556,0.18551677,0.50774192,-0.44108811
19850815,before,1.5016802,1.2040571,1.4372751,-1.3190867,0.034358711,0.48520488,0.19413605,0.091967221
19850823,before,-1.1453393,-0.4220487,-0.42151816,0.074777929,0.14979849,-0.13249391,-0.28366297,-0.39161472
19850845,before,-0.7332591,-0.11655135,-0.82984942,-0.25839784,0.028355185,-0.33356839,0.63334095,0.198335
19850849,before,1.5703941,-0.076811079,-2.1020429,-0.68315808,-1.7091004,-0.48158961,1.0419904,0.18905786
19850852,before,-0.079740969,-1.744031,0.14815549,0.0040433515,-0.83556681,-0.67400803,-0.90132454,1.3012168
19850862,before,-0.26290593,0.90268358,0.42673123,-1.4932962,2.337844,3.6778932,1.392926,1.1771599
19850868,before,-0.46393005,0.40340635,0.50470859,0.29960065,-1.347984,-0.49851354,-0.0093281362,-0.050737452
19850879,before,-0.89536493,0.77001421,0.10333854,-0.67764558,0.72451678,2.0667083,0.8915168,-0.12439421
19850885,before,0.45185144,0.62370393,0.90404489,-1.3845346,0.76684117,0.62118364,0.38086902,-0.38612651
19850896,before,-0.98352712,-0.14091448,-0.066139747,-0.036084051,-0.17110472,-0.58995979,-0.48754796,-0.21412273
19850897,before,1.7587487,1.8026878,-1.2442644,1.0564666,0.1133884,0.63633648,1.4712051,-0.20009328
19850905,before,-1.0273005,-0.10735551,0.17104597,-0.88937029,0.42074181,0.0016364707,-0.78949033,-0.85491088
19850923,before,-1.203994,-1.0887351,-0.18969141,0.25619759,0.67372822,-0.43300106,1.3763844,0.97648876
19850955,before,0.54630943,1.3657356,2.5300937,0.37322526,-0.66153929,-2.3414328,0.31966912,0.48710342
19850962,before,0.26878463,3.546396,-0.18562875,1.2538182,0.82416917,0.34406262,0.34794594,0.89339209
19850971,before,-0.81000379,0.37346746,0.80438083,-0.24816959,-1.0450807,0.053733456,0.41951357,-0.67080403
19850973,before,0.18932403,1.1777278,2.2390766,0.25688266,-0.39168576,-0.17413637,0.63823434,-0.66926482
19851003,before,0.23645939,0.5548387,0.80584947,1.1260522,-0.88193365,-0.51838177,0.28357747,-0.86876787
19851004,before,-1.0031654,0.60206149,-1.0264044,0.6344644,0.094091584,0.11404752,0.26388018,1.1475282
19851013,before,0.1324282,-1.4583426,-2.1139229,-1.4832105,0.77876375,0.21342793,3.0323841,-0.4298143
19851026,before,-1.0474053,-0.6748307,0.26056413,-0.16881876,0.53164967,-0.5839698,0.25030558,0.5437404
19851031,before,-0.44248205,-0.83058084,0.67588984,-0.3476558,0.12240868,-0.73012064,-1.6252433,0.72734474
19851039,before,1.0730241,-0.76243485,-0.70346606,-1.2453369,-0.37707292,-0.46376577,1.0874015,1.8732309
19851050,before,-0.18165912,0.12881877,0.1972299,-0.95637978,-0.038775559,1.5234414,-0.13711937,-0.33071086
19851064,before,-0.7510075,-1.1964653,-0.55501692,-0.4895941,-0.2702059,-0.078913179,-0.36217229,1.7925845
19851076,before,-1.5277118,-1.4529735,-1.0759748,0.092800429,-0.38161019,-0.1728491,2.5284773,0.82862316
19851079,before,-0.93482356,-0.14704074,1.2899335,-0.16735753,-0.51748607,0.92593029,-0.23122936,-0.32252109
19851084,before,-0.6163421,-1.0093583,0.022818532,-0.27022537,0.82679405,0.23542046,-0.85507459,0.076930879
19851086,before,-0.36538284,-0.670612,-0.29415064,-1.1988875,0.24343321,-1.0158054,0.3115711,-0.56103044
19851098,before,-1.0548976,0.32363374,-0.54896229,-0.42502397,0.39295691,-0.09295382,-0.92293324,-0.46696586
19860006,before,-0.83891715,-0.13748384,-0.83572314,0.41686561,-0.26861922,-1.1292382,-1.1884205,0.29627651
19860007,before,-0.16720669,-0.83348547,-0.7245397,-1.4601059,0.4912882,0.21073689,0.004411039,0.91618037
19860008,before,-0.29370121,-0.03671568,-0.2070357,-0.70155112,0.21667519,0.16169851,-0.57340961,-0.19534797
19860009,before,-0.58659312,-0.51672002,-0.048271429,-0.69582288,0.16731842,-0.20285333,-0.64995848,-0.16610989
19860029,before,-0.12910701,-0.42844581,0.44908403,-0.24558443,0.26670158,0.15215736,0.096074459,-0.30843156
19860035,before,-1.0239855,1.1723039,0.61368225,-0.24688858,0.47531846,1.0241067,0.86018073,0.65622164
19860048,before,0.98497272,0.24079316,1.2670838,-0.27258922,0.1925925,-0.8178551,-1.0808809,3.094067
19860056,before,-0.9071858,-0.13118297,-0.3565272,-1.0904103,0.40700481,-0.066959089,-0.57247748,-0.48940519
19860066,before,0.30632895,1.6705908,1.8218599,-0.3206437,2.5007317,1.5842204,2.9819913,0.93576958
19860073,before,-0.9662961,0.066074976,1.6369332,0.3929852,-0.69631471,0.72895179,0.92073588,-1.3132926
19860076,before,0.48608439,-0.39932297,1.0016728,0.38568647,-1.8926415,0.34630813,-0.26040188,-1.2403249
19860092,before,-0.50066826,-1.5263838,-0.73090701,1.619358,-0.46300007,-0.76858046,0.075132347,-1.4723471
19860095,before,0.06250805,-0.45445429,1.4621063,-0.77349373,2.1130532,-3.2587866,-2.9580937,3.6838572
19860106,before,0.18749087,0.34680952,-1.2690046,-0.32155522,1.5589111,-0.32520656,-0.55919844,-0.91382836
19860114,before,-0.6989926,-0.28256165,-0.13421242,-1.0090616,1.0014653,0.15141219,0.17172057,-0.10800254
19860118,before,-0.61649756,-0.99614923,0.98610318,0.10939227,0.29415387,-1.3617109,-0.47101847,0.95555845
19860125,before,0.80368943,-0.16207091,-2.1379598,2.7403594,0.63562006,-0.88470763,-0.17134293,0.31759471
19860129,before,-0.026843857,-0.8738922,1.1127609,0.040937284,0.27312894,-0.49137445,-0.34407665,-1.1550348
19860133,before,-0.0050863766,-0.38297139,-1.4407564,2.9323362,0.4836575,-1.0286171,0.66494305,-0.3931848
19860138,before,-0.26445651,-0.87243376,-0.50428081,0.7731009,0.48414574,-0.023256271,-0.36962265,0.3067441
19860139,before,-1.0202913,0.30848855,-0.13535247,-1.2108528,0.44369052,-0.46953294,-0.28719744,-0.5099324
19860141,before,-0.85459422,-0.61762936,1.40647,1.0041176,-1.3344404,0.64215226,-0.26621411,-1.45193
19860143,before,-0.12992296,1.715314,-0.061425944,0.51561444,1.1686634,1.9814986,-1.2782527,0.72066049
19860146,before,0.19207019,-0.73793844,0.014229174,-0.069503575,-0.72253044,-0.14346728,-0.20894711,-0.31197356
19860154,before,0.73706835,0.2894721,-0.74778421,-0.37340428,-0.75644571,-0.24781095,-0.77010406,0.48956072
19860162,before,-0.044058862,-0.48240633,0.012620316,-0.6338928,-0.805139,-0.83779755,-0.057475453,0.86053136
19860171,before,-0.65349499,-0.34747433,0.055700081,-0.49382805,0.33570296,-0.11745493,-0.85986858,-0.80653867
19860173,before,-0.3348723,1.0971959,0.13059801,-0.01970128,0.35007216,1.2901389,-1.5636954,-0.35638637
19860178,before,0.7835295,-1.0786166,0.78275078,-0.89265173,0.34022404,0.097245364,-0.014480558,0.74411989
19860185,before,-0.1131324,1.158534,0.82088242,1.3589217,0.56340967,3.3376827,0.81241139,0.68222573
19860195,before,-0.21701273,-1.2258176,-0.32419927,0.6727298,-0.031214147,0.04732765,-0.05988291,-0.30331195
19860197,before,5.0956909,-5.1752988,-1.8269774,2.4323567,1.9086342,-0.87340243,-1.3443345,-1.3446243
19860202,before,1.0074201,0.54645241,-0.61365096,-1.2384923,-2.1013271,1.3434286,1.0502742,-0.34848066
19860208,before,-0.62953027,-0.08269679,0.3062449,-0.59236839,-0.51790978,0.76653468,0.92524204,-0.87443796
19860218,before,-0.33379006,-0.72624527,-0.25528019,-0.46480863,0.9461041,-0.099008473,1.1001727,1.3503954
19860228,before,-0.042670534,-0.36537671,-0.28866402,0.12906272,0.11971008,0.92967181,-1.795877,0.71854069
19860229,before,0.51853686,-0.52225533,-0.32965993,-0.33423151,-0.83113191,-0.48349361,-0.85928016,-0.34478713
19860238,before,-0.14617884,-0.90324699,0.66117611,-1.0149761,0.7212723,-0.69505478,-0.32107332,0.069810026
19860245,before,0.86175395,-1.9989225,3.0331401,0.99292671,1.2764568,1.1114794,2.6568006,-3.2050525
19860249,before,-0.10343215,-1.0831155,0.95046157,0.47959528,1.291415,0.61533425,0.71758034,-2.3933388
19860251,before,-0.48893424,-0.69460744,-0.12485236,1.0763098,0.21039494,-0.055390326,-0.21804378,-0.81343511
19860254,before,-0.26405397,2.2067475,-1.0502045,-0.20880497,1.3831567,0.27881997,0.42719672,0.55635851
19860261,before,-0.39631521,1.8169496,0.23857639,-0.71311784,1.8308177,2.7932142,0.59904926,0.63132826
19860265,before,-0.11919825,0.083275577,0.12581699,-0.63151601,0.79826256,1.3678493,-0.074909551,-0.74032998
19860278,before,2.266513,0.20978471,-0.78181429,0.37348974,1.0973655,-0.4191792,0.15835374,-0.34312508
19860281,before,-0.51822522,1.5596005,3.3661954,1.0107459,0.068824548,-1.0183906,2.0695046,-0.7052641
19860287,before,-0.41984052,-0.018762848,1.1662031,-0.50907485,-0.37433741,0.9121847,-0.20176408,-0.17778969
19860295,before,1.0490628,0.84528544,0.76665488,-0.2370623,-1.5766636,1.0835086,-0.29457307,0.50781376
19860298,before,0.57734658,-0.04452701,0.90382593,-0.71724071,-0.56679089,-0.25182034,0.37443902,0.25025206
19860299,before,-1.2461789,-0.24866532,-0.27227741,-1.0023407,-0.019597682,-0.13624119,-0.9011872,-0.76309069
19860306,before,0.64984387,-0.27799647,-1.369126,-0.89608192,1.2119982,0.45873043,0.49264193,0.24162143
19860313,before,-1.0415863,-0.30000175,-0.19348975,-1.1039525,0.076543297,-0.33721234,-0.40254372,-0.70511719
19860314,before,-0.44264487,-0.33282269,-0.45170016,0.21933351,0.49912856,0.5958453,-0.24569132,0.61089641
19860323,before,-0.67311384,-0.20224062,0.32582236,-0.25837549,0.11559997,0.21933723,-0.9595941,-0.76656484
19860325,before,-0.22368164,-1.3792742,-0.12526466,1.3997358,-0.06458746,0.95484812,0.17549719,-0.8461466
19860330,before,-0.33699448,0.049271611,-0.15678807,-0.12166007,0.33055787,0.27442792,-0.82817881,0.92968631
19860337,before,-0.55527792,0.81517005,-0.77348172,2.0110485,0.19845731,-1.1494982,-0.13502769,0.30136487
19860344,before,-0.57391809,0.39575068,0.50899097,-0.49906217,0.36658905,-0.76811224,-0.065349625,-1.1801956
19860345,before,-0.6514017,0.51475577,0.27621543,-0.33437655,0.16814858,-0.61515564,-0.20638948,0.64065753
19860346,before,1.4587437,-0.29484413,0.76082484,0.70079163,-0.55467979,-1.6035845,-0.20261878,-0.20619837
19860349,before,-0.28776011,0.022411955,-0.087550623,1.0995685,-0.12117601,-0.98539941,0.43604986,-0.50563327
19860369,before,-0.3631617,0.29400064,-0.6831427,2.3045714,-0.007232061,-0.89233814,-0.41164872,0.13230935
19860374,before,2.5046557,0.48709755,1.571241,-0.62690764,0.75869178,-0.75962849,-0.96219989,0.74447271
19860380,before,-1.160541,-0.0093785811,0.15912474,-0.46085156,-0.58904672,-0.87849912,-0.71092637,-0.32958379
19860384,before,-1.2419525,-0.11613314,-0.69761816,0.3723969,0.07355339,-1.3495967,1.0390127,-0.053177243
19860400,before,3.9947409,0.27050978,1.5128965,1.6599632,0.4090079,-0.41808652,0.0033629579,-0.5966902
19860405,before,1.8046766,1.5495785,0.98797885,-0.89430649,1.1892962,0.42817522,1.8532658,0.46319162
19860407,before,-1.2170828,-0.71738488,-0.61126827,-0.1910495,-0.035223571,-0.017215704,0.30841298,0.33878969
19860409,before,2.8625844,0.46076238,2.6543082,-0.7204613,-1.4709284,0.19912601,1.4826647,1.1372113
19860410,before,0.46136009,-1.7177225,0.34531141,-1.2913463,-0.17932224,-0.95740412,-0.27497324,2.5393346
19860417,before,-0.7483754,1.5404274,0.25124926,0.53371778,0.40552825,0.19265158,0.0039694395,0.40879758
19860430,before,1.5986909,-0.71641275,1.4707319,-1.2058793,1.0278652,0.3031021,-0.31440659,0.24152062
19860441,before,-0.55578646,0.97260414,-0.063224425,0.056952312,0.30719835,-0.55725523,0.011095543,0.1049033
19860443,before,2.0831448,-0.53285716,-1.0061046,0.20646348,-2.3574099,-0.90158392,-0.16405036,-1.6876204
19860448,before,-0.72288169,0.39010352,1.5767954,-0.23045093,-0.3785,1.1258043,0.39123595,-0.33358807
19860452,before,-0.82767815,0.3609336,0.38409155,-0.29992243,0.10057389,0.54793061,0.1604508,-0.18771438
19860462,before,-0.509219,-0.018427479,0.4441751,0.025765279,0.0045768198,0.21348032,-0.39639486,-0.85854781
19860469,before,-0.53914402,-0.30376201,1.9259628,1.2512477,-0.74212869,-0.43512814,1.0223562,-0.74106324
19860476,before,-0.73642225,0.75859011,-1.6675292,1.4510256,0.91880567,0.72477465,-0.18374082,0.60515131
19860480,before,-0.34119149,-0.12702727,1.3009992,-0.023950824,-0.56913424,0.65817974,-0.28859944,0.061517151
19860482,before,0.52696145,-1.2562135,-0.50842574,0.65040007,2.0286897,2.4812666,0.13500619,-0.35872152
19860491,before,-0.30087455,-0.21718203,1.3859427,0.54126097,-0.75427707,1.0018462,0.67403391,-0.5923459
19860493,before,-0.85835041,-0.5375415,0.052453312,-0.59886967,-0.0089308512,-0.95618489,-0.78526248,-0.26414743
19860496,before,2.2218814,2.2444745,-0.84156788,-2.1010546,-0.93821199,-2.6869474,-0.0041710106,-1.1047696
19860512,before,0.47860165,-0.45200162,-0.34183723,-0.73879619,0.32659843,-1.023385,0.7354892,-0.81021123
19860513,before,3.8153323,-1.2124859,0.12602878,1.6316178,0.87039893,0.87272934,-1.1335089,1.3419756
19860526,before,-0.19757783,-0.64215786,0.16125878,1.6143507,-0.51581857,0.55759187,0.52124611,-0.40061112
19860529,before,0.32666947,-0.56116723,-0.76698241,3.4280363,-0.02786613,-0.098109497,-0.44573381,-1.5586102
19860531,before,0.14920802,0.56820027,-2.7185592,-0.30953288,-0.68518687,-0.38714851,2.3350717,1.043533
19860541,before,-0.13363826,0.30835392,-0.14042245,-0.38682038,-1.2088481,0.037543338,0.26911579,0.84197577
19860551,before,-0.55301088,-0.049356977,1.8814145,-0.10351693,-2.1269443,0.19585272,-1.6642892,2.4228708
19860563,before,0.41742863,-1.6287449,0.62507251,1.4463121,0.043586227,0.23117691,0.76458194,-1.4381471
19860584,before,1.064955,0.34818914,0.19291963,0.31916315,-0.51134196,1.1788023,0.068527375,1.1238874
19860591,before,-1.3595711,-0.058654658,0.10848585,0.065586847,-0.32168712,-0.47562198,0.89347335,0.90785541
19860599,before,0.29967013,0.43003255,1.6010739,2.863941,-2.0092191,0.90672591,1.6472242,0.38397561
19860601,before,1.469302,-0.59218266,-2.5652962,1.5671897,-0.5646496,1.2841136,2.0950076,-0.18013077
19860608,before,1.4268805,-2.2993854,-1.7280661,0.67993008,-1.2590779,0.0071085167,-1.1334213,2.4928064
19860610,before,-0.10274068,-0.780047,-0.43877251,1.8698197,-0.95164351,1.2612162,-0.091860771,0.23748134
19860622,before,0.84357751,0.51037103,-0.67123322,2.0286548,-0.56196339,-0.86353692,-0.044836758,-0.69466258
19860631,before,0.16187152,0.27251997,-2.6628904,1.8195207,0.59918683,1.1387549,-0.49066331,-0.3794579
19860667,before,-0.75664458,0.50982511,-0.12878864,-0.60047719,0.56537011,-0.067304789,-0.22025962,-0.21598525
19860681,before,-0.51825075,0.15117173,0.70928439,0.63280654,-0.174677,-0.16479571,0.775142,-0.25104648
19860700,before,0.32810873,1.3784629,1.7454719,-0.5736088,0.86096681,-1.2682282,0.98465634,-1.1178708
19860733,before,-0.056829648,-0.32197713,0.022989757,-0.81967442,-1.4794037,0.9661076,0.93115296,0.04829003
19860752,before,0.38876421,-1.7158132,1.2125142,-1.0559061,1.0683106,-0.46502431,-2.3019035,2.1091333
19860758,before,1.1856159,0.045307656,0.92350278,1.8649235,-1.6370431,1.0590061,0.12526911,-0.35180076
19860766,before,0.63221199,0.40178916,1.0126258,0.35055614,-0.53469171,-0.4997515,0.11672229,0.76095587
19860771,before,-0.91895011,-0.86582392,0.17995131,1.5556677,-0.21844062,-0.50638765,0.64689355,0.64316061
19860773,before,0.68991595,0.080676304,-0.20460644,-0.019646106,0.56946857,0.39171057,0.012636266,1.4534917
19860777,before,1.811338,4.5317656,-0.77764467,0.92766956,-0.57001523,-2.9077239,-0.25624874,0.02206599
19860782,before,1.1609695,1.2988292,1.2901734,0.8006758,-1.1412001,0.73589618,-0.32258987,-0.23217134
19860784,before,0.53638853,0.82798269,0.47575067,0.82913511,-0.058093061,-1.2497049,-0.20171242,-0.084228878
19860799,before,-0.0094746004,-0.35011639,1.5369861,-0.27403295,-0.13785812,0.51798707,0.44555872,-0.013606969
19860803,before,1.2671365,-0.42627287,1.2526678,-0.81737561,0.23081788,-0.7168906,-2.0687129,-0.048242658
19860814,before,-0.11380225,0.99473452,-0.13000387,-0.12294022,0.77089974,1.0807071,0.10044451,-0.27277179
19860827,before,-0.70515765,-0.94815382,0.34807271,-0.39910097,0.25634729,-1.2050753,-0.31128196,0.56481962
19860831,before,0.26180123,0.76023892,1.6984904,0.16337602,-0.5268892,0.6876388,0.061673174,0.4570534
19860832,before,-0.76995675,0.11644854,-0.75531599,-0.97951884,-0.23564228,0.32805421,-0.37646068,-0.2511611
19860840,before,-1.154426,0.85063353,-0.7956944,-0.24139697,0.050348728,-0.93956407,0.23780747,0.18005642
19860849,before,0.99685391,2.4294753,0.55661518,0.26782334,-0.25847198,1.1102438,0.28405563,0.59763771
19860853,before,2.3496798,1.142341,2.0534452,-0.54666358,-0.14416973,1.8251835,0.85720067,0.59151552
19860864,before,-0.94447943,-0.87424572,0.085990812,-0.95291669,0.22806152,-0.76686137,0.54465727,1.0903989
19860871,before,-1.2302397,-0.42929542,-0.28491425,-0.73102925,0.03171604,-0.012267812,-1.1969177,-0.40702449
19860874,before,-0.25705421,-0.92895831,-0.3812154,-0.44805196,-0.087009195,-0.22081137,-0.072116484,-0.31578134
19860879,before,0.95174347,1.0989202,-0.056543006,-0.88202717,-1.4461683,-1.0713878,0.35140679,1.4051385
19860881,before,0.61253822,0.83890169,-0.67137752,0.022196289,0.41880415,0.46086308,-0.0023380254,-0.16481415
19860892,before,-0.87820503,0.5407743,-0.46703255,0.22403411,0.17179764,-0.73965412,-0.25800955,-1.1817154
19860894,before,-0.073091799,0.45691701,-0.0069260902,-0.82299622,0.64411137,-0.30254392,0.093209197,-0.29009837
19860900,before,1.8411466,-0.56916032,-2.2754504,-0.34700628,-2.3811494,-0.32046717,-0.2016279,-0.71545607
19860905,before,-1.2860134,-1.5046647,-0.071134736,1.751468,-0.57902327,0.051148891,-0.57128657,-1.2151557
19860913,before,0.33309973,0.086919042,-1.3801982,-0.56890752,1.2737695,0.20496721,0.43677982,0.3105293
19860918,before,-0.12026759,0.29085422,-0.18945246,-1.0716933,-0.16495485,0.87182471,-0.06377217,-0.48149624
19860921,before,-0.03457847,-0.055966722,1.7100549,-0.11642671,0.26974169,-0.56325177,1.2407758,-0.41389591
19860942,before,-0.48402439,1.2406602,0.14439132,-0.81007347,1.3182983,0.43377584,0.56898932,0.60027131
19860943,before,1.1802305,-0.29646953,-0.54783341,-1.2206678,2.7854976,0.73194212,0.73635822,-0.28225946
19860954,before,0.67927827,0.022981341,1.6104465,2.0036582,-0.96436393,2.2584356,0.10958728,0.33801517
19860963,before,2.7962953,-1.4816969,-1.508011,-1.7927603,-1.6208205,-0.44902648,1.1974767,-0.3463539
19860964,before,-0.63041061,-0.20823528,0.39472559,0.040867444,-0.36334843,0.74008497,-0.18713643,-0.73172425
19860973,before,0.036500145,0.32329816,1.0945416,0.36489744,-1.6615998,1.5747956,-0.1815355,0.25954292
19860983,before,0.08901707,0.66001282,1.0158047,-1.043165,-1.1032481,-1.2930841,-0.52255571,-0.1050123
19860987,before,-0.12738934,-0.24106952,0.64127696,-0.25039177,-0.1783044,-1.0737921,0.28468329,-0.076140188
19860993,before,-2.0026694,-0.96693786,0.3485067,2.4069595,0.81621923,-0.83136156,1.8715742,3.548998
19860998,before,-0.75472607,0.60552132,-0.94766418,0.15751107,0.35424583,0.43684339,-0.57071445,0.55116164
19861003,before,-0.46904688,0.71125119,-0.061289009,0.49380955,-1.1113443,0.16332112,-0.07035056,-0.19214016
19861011,before,-0.74152796,0.21688671,-0.08699289,-0.80609118,-0.04516921,-0.79072582,-0.43395375,0.21877342
19861019,before,0.32702702,-0.78691649,0.37968309,-1.2095712,0.61830698,-0.98988131,-0.61271584,-0.26233545
19861021,before,-0.38625723,0.031191815,-0.11401069,-0.94726319,-0.031718006,-0.21377823,-0.60206787,-0.41958127
19861023,before,-0.81180163,-0.7076603,0.36278785,-0.49158886,0.22358557,0.45870593,-1.0002575,-0.16523761
19861027,before,-1.076435,-0.60354794,-0.41050213,0.45268384,0.31110268,0.51758859,-0.35097426,-0.76290688
19861029,before,-0.1216865,-1.4687418,-0.54104485,0.10161079,-0.038119998,-0.80641427,-0.9212046,-0.04221932
19861030,before,-1.0060935,0.13015761,-0.56097684,-0.90613895,0.79344215,-0.20119819,-0.36988282,-0.67395417
19861054,before,-0.29228192,-0.23088913,-0.10029982,-0.29754159,-0.24783188,0.60249511,-0.053224425,-0.39822715
19861058,before,-0.36064739,0.42286915,1.1736337,0.083857194,1.091277,-1.6104424,1.2192214,-2.4882878
19861059,before,-0.59500229,2.1207173,-0.17778796,-0.60594734,-0.89914683,-2.1112185,0.47911539,1.1276178
19861064,before,0.68422926,-0.34100828,-1.7406441,-0.60552894,-0.071963036,0.90077754,-1.1130715,0.53839915
19861068,before,-0.77247707,0.41955429,1.1642896,0.080637274,-0.56884509,0.11559463,0.41250181,-0.40299944
19861076,before,-0.70747403,-0.28663594,1.0876408,0.16121759,-1.0736553,-0.038836233,-0.2987198,-0.05180702
19861081,before,-1.0367036,-0.70731127,-0.6594021,0.5417606,-0.93103826,-0.082205394,0.056829698,-0.24841121
19861086,before,-1.2855702,0.14482908,-0.46602622,0.47888901,0.61161841,0.070379707,-0.04496257,-0.36852343
19861089,before,-1.1639636,-0.2427905,0.62300328,0.48604773,-0.022568424,-0.25797835,0.98506476,-0.38888641
19861092,before,-0.19088283,-0.25634495,-0.17334486,-1.1252579,-0.02145772,0.30342738,-0.54833273,0.16006711
19861094,before,1.7356335,-0.12126689,0.49622776,-0.80284703,-1.8548167,0.71856958,0.61502322,-0.41594713
19861098,before,-0.52340098,-0.37471965,-0.72440159,-0.74817547,0.27735733,0.079543379,-0.25693346,-0.17305955
19870006,before,-1.1101678,-0.65998618,0.085795732,0.94006594,0.02202917,-0.3134427,-0.3369642,-1.0893108
19870007,before,-0.60351456,1.159827,0.85912644,0.39642785,0.28693702,0.40041785,-0.32067774,0.046172385
19870011,before,-0.11164063,-0.32842885,1.1436172,-0.57993621,0.9323398,0.99594174,0.060669224,-0.59916278
19870019,before,-1.0399337,-0.30349368,-0.079267112,0.0540283,0.59249849,-0.24839881,0.17680198,0.40248717
19870022,before,-0.55564486,0.14930591,-0.27661588,-1.0303131,0.45079691,-0.054643137,-0.48021747,0.021661121
19870025,before,-0.074024786,-1.7090766,-0.33891295,-0.43593136,0.58341039,-0.17042521,0.14155118,0.57725731
19870029,before,0.079575723,-0.76450057,-0.20620967,-0.23456371,-0.46156783,0.29827444,-1.0614091,-1.0836672
19870031,before,-1.014519,-0.3468442,-0.16282428,-0.036885972,0.37967756,0.024690096,-0.36584892,-0.5674864
19870041,before,-0.93882448,0.43610638,-0.51901212,-0.41733455,0.46730602,-0.14635144,-0.69985009,-0.34116617
19870051,before,-0.15888382,0.32120689,0.07430801,-0.81841195,0.58758946,-0.18226341,0.10917236,-0.75271491
19870052,before,-0.59937514,-0.097529301,0.43568494,-0.69632979,-0.12127448,0.77713524,1.0143272,-0.3736188
19870071,before,-1.1898618,-1.6218738,-0.48662624,1.5848323,-0.57827655,0.28568565,0.21023246,-0.55546272
19870079,before,-0.91565503,-0.5792045,0.56634189,-0.62763761,-0.098869806,-0.15998054,-0.74928135,-0.20040556
19870080,before,-0.76812712,-0.29172962,0.37298401,0.15151248,0.039971332,-0.20357405,-0.25766623,0.90630144
19870085,before,-0.68089917,-0.71126923,0.015099578,-0.72037052,0.51597368,-0.41214191,-1.5513056,0.053329102
19870088,before,-0.76978402,-0.11457032,-0.28238063,-1.4018739,0.59322117,-0.14945438,-0.53139695,-0.9112419
19870092,before,-0.30524887,-1.1451878,-0.52333612,0.91325268,-0.14297845,0.06415957,0.027934757,-1.348356
19870097,before,-0.89894703,0.34509799,0.38412488,-0.91664851,0.58560227,-0.54656564,-0.37853926,-0.74261437
19870104,before,1.5571757,0.60352152,2.3071632,1.4499214,-0.29248472,-1.2800156,0.66765655,1.4539241
19870110,before,-0.74662906,0.016636166,-0.52269363,0.45865215,0.31293332,-0.28061814,0.11144237,0.11323196
19870113,before,-0.89619014,-0.10691227,-0.19484431,-0.96508567,0.24836029,0.042929671,-1.3335848,-0.49780137
19870123,before,0.29960491,-0.05993053,-1.8548865,0.91465291,1.1005706,0.74245739,-1.3806038,0.46939937
19870127,before,-1.1911363,-0.71374251,-0.18422595,-0.48150973,0.60216209,0.032203213,0.68176373,0.68157772
19870138,before,0.71809635,0.72722044,-0.6617088,0.046564794,0.054164253,1.2139689,-0.98885986,-0.030161612
19870141,before,-0.99848083,0.3744213,-0.10404476,-0.56983347,0.28765249,-0.69669156,-0.65611959,-0.64954333
19870147,before,-0.91819188,0.36520967,-0.61644697,-0.9772141,0.41281943,0.63972269,-0.57861468,-0.14615187
19870150,before,-1.1535698,0.30730799,-0.16615017,-0.81194315,0.12011943,0.20263298,-0.27333095,-0.35765912
19870162,before,0.2783779,-2.0167475,0.38473176,1.3557923,0.7275087,1.6675653,-0.17992702,-2.2740853
19870188,before,2.5035057,-0.5287121,-5.5464906,-3.0924024,-4.9190539,1.5881932,5.3769587,-3.6373712
19870195,before,-1.0864681,-0.060877791,0.53034587,-0.12472119,0.067172872,-0.3916314,0.19151723,-0.4328262
19870196,before,0.51697086,-0.26522569,-1.0095728,-2.2913703,-3.9892354,1.9231263,-0.81084024,-0.43107137
19870214,before,0.96697327,-0.98067703,-0.066291339,1.3064102,-0.88142008,-0.45884825,-0.77022224,-0.12704688
19870224,before,-1.2244545,0.34506388,-0.89516333,0.14987911,-0.039810682,-1.0573656,1.1316815,-0.58772838
19870230,before,-0.21239113,0.61037558,1.4281433,-1.3309799,1.1305431,0.058505864,1.5110612,-1.6542832
19870237,before,-0.53752883,-0.017215187,0.60922835,-0.83298098,-0.030029894,0.23668563,-0.25351966,-0.7232979
19870253,before,0.36509125,-0.84148696,2.18803,-0.23032514,0.66274405,-0.073173596,0.82871886,-0.49878958
19870280,before,-0.74021374,-0.19273298,-0.69078744,-0.49375857,0.69542807,0.25875344,0.51794482,0.97047375
19870284,before,0.026520497,-0.83894936,-0.56118828,-1.1155347,0.0326117,-0.37170848,-0.51444621,-0.045701273
19870288,before,1.4694019,1.2875384,-1.804952,-2.1945933,-1.5423993,-1.9488895,-0.89449217,-1.25038
19870297,before,-0.21362479,-0.59043756,0.38375755,-0.35802356,-0.52099079,-0.28200712,-0.9924441,0.29568313
19870300,before,1.6653137,-1.4425566,0.33836703,0.52369269,-0.31155122,0.37243442,0.9559082,-1.5224738
19870307,before,-0.27508553,-0.34983211,0.48085336,-0.059831136,0.14632774,-0.75201531,-0.19518154,-0.11054581
19870308,before,-0.43840308,1.5429907,-0.54566216,-0.24872073,0.60999608,-1.8058109,-0.32857979,-0.56549535
19870310,before,-0.38804005,-0.44424707,0.86313384,-0.34502242,0.15253864,-0.43801692,-0.40010145,-0.085234312
19870318,before,-1.1360306,-0.33715496,-0.45825971,-1.1942814,0.064094415,0.50506073,-0.52843487,-0.28273154
19870323,before,-1.080338,-0.6122035,1.8925832,-0.31538619,-1.9418252,1.8515378,0.92889446,3.0633652
19870336,before,-0.79273505,1.5871348,-0.0058295913,-0.9967013,0.3724049,-0.48720773,-0.45132544,0.50642278
19870361,before,-1.047564,-1.2708735,-0.28372692,0.20900235,-0.32486043,-0.81342757,0.090233799,-1.1244448
19870365,before,1.4344789,-0.63535899,0.32978157,0.025728437,-1.1195274,0.76576672,-0.58088443,-0.23017615
19870367,before,-0.40824766,0.79449494,1.2681461,-0.76921888,1.0505076,1.1444295,0.29645446,-0.69617841
19870369,before,3.806933,-3.1706555,-2.5386314,-2.8656356,-1.985369,-2.3023176,3.2029725,3.6563349
19870383,before,-0.74882575,0.7469602,-0.53746267,1.925375,1.0551738,-0.10212945,1.7126296,1.473112
19870394,before,-0.61322549,-0.46606875,0.44564688,-0.55851779,-0.42151651,-1.0721676,-0.18922504,-0.075441606
19870413,before,-0.74841015,0.21494607,-0.28529508,-0.20911577,-0.063583624,-0.049274401,-0.42670909,0.19631751
19870428,before,0.41767392,0.41958718,0.28610057,0.076827396,-0.42380502,-0.42067752,1.0367808,0.805442
19870445,before,-0.80427907,-0.20403502,0.18724878,-0.19028926,-0.30372652,0.11606933,-0.92647314,-0.29830664
19870454,before,-0.67078551,-0.30540905,-0.11144691,-0.20859035,-0.2490085,-0.3873281,-0.21945197,0.042181739
19870459,before,-0.69547687,1.1995788,-0.012678551,-0.61290597,0.66162187,-0.43793576,-0.11683624,-0.16769262
19870470,before,-0.68708888,-0.43790066,0.00041576026,-0.68100263,0.16162917,-0.8826775,-0.036983104,-0.25555409
19870475,before,-0.72429427,-1.3242176,-1.3002343,0.91338725,-0.18284685,0.50864023,0.74128344,-0.15290529
19870477,before,-0.30372538,-0.10272159,-0.38444398,-0.43691011,0.16661193,-0.051433754,-0.5741137,-0.10240154
19870481,before,0.78383462,1.8252701,-0.61650677,-0.44466243,-1.2416512,0.45217037,0.47321625,-0.83771925
19870483,before,0.97842416,-0.60184472,-0.11219507,2.5139713,-2.2047649,-0.23965676,-0.49519432,-0.82198094
19870495,before,1.4363557,0.30467882,2.9038077,-0.065944997,-0.90040712,0.87199949,1.7717101,-0.63115053
19870533,before,0.076713656,-0.63484625,-2.9404728,0.93117501,0.99927716,2.5908462,0.15769407,0.95396343
19870546,before,-0.33887649,-0.22062788,1.1259566,0.21640263,-0.77845758,-0.44614354,-1.426314,0.80655086
19870548,before,-0.39369002,0.043833123,-1.142213,0.4862685,-1.4952395,0.78889072,1.6729062,1.4784717
19870554,before,0.67742227,0.59663385,1.9433784,-0.833246,-1.5448716,1.0192549,-0.34793064,0.71188017
19870560,before,0.00081298535,1.922127,0.23510325,1.3347658,0.42720569,-1.3154164,0.69947192,0.25124422
19870568,before,-0.12418765,1.3349669,-2.6924703,2.3365357,0.61488549,-1.0790969,1.1685398,0.86594648
19870581,before,-0.60916037,0.36231115,-0.22272593,-0.70043534,0.37823025,-0.17050887,-0.43306413,-0.15699022
19870586,before,-0.46543569,-0.49714763,0.024781603,-1.2730731,0.25537886,-0.0046286909,-0.34863,-0.015492338
19870588,before,-0.3546034,0.78364482,1.8882774,1.1170294,-0.60056983,-0.00088013718,1.3440249,-0.19624155
19870593,before,-0.82859311,-1.3141986,0.13602152,-0.55704511,0.59538842,0.4053236,-0.29431899,-0.30535776
19870604,before,-0.47233585,-0.28192374,1.8703718,0.62545499,-0.24587822,-0.70146939,2.2289828,-0.41598401
19870612,before,1.1301338,-2.1075143,2.6694166,4.0545904,-1.1368044,-1.524248,0.63218156,-0.060433239
19870621,before,0.30393372,-0.48297247,-0.10727878,0.22608722,0.57279773,-0.85278168,0.28470743,0.054476815
19870634,before,-1.3840923,-0.17690417,-0.71277888,1.2151281,-0.50444188,0.0025890662,1.4587384,1.0500959
19870641,before,-1.336694,-0.33472429,0.8519824,1.0635548,0.14376443,-0.65253369,0.36154376,0.72309062
19870642,before,-0.29619521,-1.0961298,1.2687585,-0.088910441,0.76048478,-1.7085161,-0.14840671,1.9340215
19870646,before,0.89488874,-0.89312271,3.5199267,0.5017667,-1.274342,2.0535823,0.93785183,1.2631765
19870649,before,2.464364,-0.67425867,1.3599017,1.3349656,-2.5334936,-0.1631678,0.51254868,1.152947
19870656,before,1.2827032,0.10728988,-0.034163912,-1.3764941,0.77389843,0.15266756,0.99017696,0.18448575
19870666,before,0.084850017,1.3425494,-1.3164299,0.45588398,-0.41133243,1.1861117,1.1272817,0.14389412
19870679,before,0.13915066,-0.62442823,0.2193795,-0.32552535,0.10011122,-0.38742033,-0.25356288,0.59032961
19870687,before,1.3226009,0.19625628,-0.89753107,-1.5013653,-0.52869616,1.2309064,0.097565971,-0.33019414
19870697,before,-0.40876783,1.5893698,2.7770433,-0.19296251,-0.57627223,0.091305374,1.1348555,-1.2674664
19870701,before,-1.1698241,-1.0418677,0.93878991,0.58695935,0.20492205,-0.57525242,0.18736092,-0.52993168
19870709,before,-0.62820964,-1.5025652,-0.30005412,1.7528623,1.419895,-1.1594995,1.1940951,2.2475236
19870710,before,2.4526897,-1.3081745,0.096272616,-0.65163639,0.8877341,-0.5824368,-0.072235678,1.3585116
19870712,before,-0.64606366,-0.015666921,0.5058363,0.38445218,-0.21689321,-1.6971364,0.30805179,-0.89576222
19870714,before,-0.0084899458,0.34010703,1.1539243,1.399362,-2.4592762,-3.0789477,-0.08537258,-0.94639791
19870728,before,-0.15477305,-0.47993988,-0.029194676,-0.81661351,0.55092827,-0.037863154,0.4425799,0.52358272
19870730,before,-0.051410836,2.1596515,-0.22155283,0.94992184,1.263549,-0.17668362,-0.54813527,0.15447464
19870741,before,0.61269537,-0.53305072,0.0067709385,0.48794048,-0.56765454,-0.41152926,0.39184587,-0.16735201
19870744,before,-0.63000655,0.23096814,0.62363827,0.89821302,0.31352982,-1.3173976,-1.0516133,0.17352609
19870748,before,1.7867944,-0.56907944,-0.51133632,0.00012442083,-0.75236184,-1.4592413,-1.0344466,0.18282362
19870764,before,-0.74273696,-0.076270313,-0.12843565,-0.60436414,0.0039658356,-0.38183582,-0.63737235,-0.22745198
19870780,before,-0.056909467,1.3343984,1.7049922,0.20760155,0.568397,1.0130325,1.0680982,-0.17970722
19870786,before,-0.78455282,0.79743892,-0.22951477,0.21084257,0.50350794,-0.29144041,-0.22978211,0.38799392
19870793,before,0.25499081,-0.63812989,0.11875186,-0.11948577,0.60679238,0.85212896,-0.39039738,0.1824622
19870818,before,1.2520873,-0.37165176,1.987799,-0.89967661,0.70326087,0.53444886,-0.24030933,-0.47964062
19870823,before,2.1271975,-0.41723121,-1.2733532,1.5456147,2.3339987,0.96466874,0.25085789,-2.0980382
19870825,before,-0.84330675,-0.8725882,0.74756339,1.4420667,0.40534679,0.44046834,-0.116391,0.5092713
19870833,before,-1.3614398,0.85295034,-0.69014706,0.89810581,-1.8527349,2.0942922,2.927693,0.99975455
19870840,before,5.5425253,1.0233374,0.39890499,0.13694062,3.780972,-2.4090705,3.4006455,-1.4491985
19870848,before,1.7273747,1.2315518,0.49187954,-0.33143651,-1.6288167,1.3856725,-1.0755183,0.49663016
19870862,before,-0.34893842,0.98879906,1.2018556,-0.33980694,0.81755961,0.64321914,0.71306766,-0.90198757
19870870,before,0.94225522,0.52510795,-0.034616967,-1.3852791,2.043361,0.61841294,-0.0034365302,-0.23877571
19870884,before,0.10851957,0.089496829,-0.38464357,-0.76293571,0.41971542,-0.52566284,-0.18608015,0.034203556
19870894,before,0.60085766,3.0846948,-0.93404661,-0.15896532,2.8174825,0.94760662,-0.2286545,0.80802028
19870902,before,2.2514166,0.68849685,-0.32624606,-0.93880776,1.5726871,1.8072227,0.034445845,0.86636569
19870909,before,-0.41452077,2.9906015,0.14174893,-0.55568311,0.76664365,-1.0199362,-0.10087521,0.77985267
19870912,before,-0.7813729,0.55386141,-0.56783314,-0.40448094,0.64369658,-0.41277581,0.21651855,0.98154038
19870915,before,-1.0237762,0.066612427,-0.72745013,-0.62735028,0.3884722,1.0609639,0.013282728,0.61453986
19870926,before,0.55347796,0.6456704,0.25154995,0.1193876,0.65212989,1.0441412,0.50763195,0.85041913
19870927,before,-1.6195047,0.11447899,-0.34004652,-0.77355031,-1.5650891,1.0890678,1.0198566,-0.11434338
19870942,before,-0.34181328,-0.48264379,-0.91203841,1.9293318,-0.57770181,-0.5521547,-0.50432236,0.27900306
19870952,before,-1.3517423,-0.14406168,0.17212826,-0.35750029,0.48597048,-2.240797,0.28738209,3.6588528
19870962,before,-0.41542982,0.26346237,-0.35428565,-0.42346726,0.60490309,-0.36133824,-0.20002004,-0.52644224
19870963,before,0.61138653,0.54582549,1.3829379,0.90533191,-0.46936541,1.1737558,-0.26158308,0.075601364
19870977,before,-0.35659192,0.23760181,-0.55223979,-0.50031242,-0.24830628,-0.31915429,-0.31048706,-0.69444047
19870978,before,-0.55887496,-0.56999847,0.027412676,-0.49111307,-0.97133994,0.22118845,0.05780533,-0.66840763
19870989,before,-0.27180476,0.40379696,2.4149341,-0.23940217,0.092293474,0.52872195,0.68373725,-0.85955609
19870993,before,-0.74492851,0.2848972,-0.35098907,-0.55363555,0.51585054,1.1590861,-0.2568266,0.024072586
19871016,before,3.2731621,0.0092227771,1.1902142,-0.042160853,1.0648817,-0.54639786,-2.3937428,2.1338542
19871038,before,0.30230507,-1.8754376,-0.2442064,-1.5197629,1.9839611,-0.98418964,1.8317102,-0.67778304
19871042,before,-0.4090308,-2.0366504,0.86550183,-1.712462,1.6692517,-1.5734652,-0.28877578,3.0043464
19871044,before,-0.049430754,-1.4565933,0.14808797,-1.5983574,1.2114779,-0.89377238,0.65815271,0.48751121
19871054,before,0.22819483,-0.67803174,-1.1489759,-1.2471965,0.24089822,0.046342794,0.17990376,0.0880675
19871061,before,-1.0697489,0.031142649,-0.198179,-0.6725279,0.032559461,0.21458128,-0.67196631,-0.33076102
19871063,before,-0.53567795,-0.016088444,-0.31959936,-1.0495949,0.35988636,0.54751637,-0.03750765,-0.032553771
19871082,before,-0.92138566,-2.5198088,1.1063802,1.3863092,-0.95953212,0.0024462204,-0.15898858,-1.1171172
19871086,before,-0.32742274,1.2942796,-1.2506312,0.83541067,1.4387733,1.8197558,-0.1631379,1.32931
19871089,before,-0.95828989,-0.023518315,-0.77038702,-0.46198511,1.0379102,1.5975087,-0.83941244,0.061439666
19871092,before,-1.1580365,-0.14965616,-0.15618803,-1.1223064,0.29224914,-0.23433792,-0.79297256,-0.7784355
19871097,before,0.40267576,-0.14422395,0.1007676,-1.0729203,0.36821732,-0.70415877,-0.62299758,-0.049011488
19871108,before,-1.0156433,0.26379556,-0.050658241,-0.74053692,0.52341889,-0.36886961,-0.50474914,-0.64915967
19871119,before,-0.60239822,-0.44489802,0.21928285,0.39565547,0.42108503,0.43081902,-0.33951441,-0.78657402
19871122,before,0.24663747,-1.5576691,0.34615213,-0.9672616,1.202695,-0.55243084,-0.19507494,1.1886426
19871133,before,0.18754689,1.420167,0.26914083,0.034457598,0.94792245,0.24832298,1.4420867,-0.86631471
19871136,before,1.1842169,1.1131421,2.0153362,-0.93021885,3.3973079,1.9052075,3.0898809,-0.79054106
19871142,before,0.94928306,0.19368996,0.16615544,-1.0809359,1.9097266,0.10593445,-0.51419722,-1.1702752
19871150,before,0.0021949294,-0.32177427,-0.26848712,-0.57502003,0.10405866,0.1123444,0.017404835,-0.51701823
19871160,before,0.22188474,0.40659696,0.23523325,-0.16310679,1.8689493,-0.58991221,1.503372,-1.694705
19871173,before,-0.81253515,-0.0581668,-0.60643344,-1.6124391,1.2382933,1.0580534,0.17723738,-0.64109176
19871177,before,-0.65343101,-0.1521626,-0.33930182,0.67435357,-0.61863766,-0.81262026,-0.37344948,0.042418953
19880006,before,-0.23771055,-0.69656474,0.54708142,1.2719833,1.0276022,1.0352385,0.30826349,-1.7054924
19880009,before,0.53207057,-0.88461781,0.45401925,1.5988394,0.029164583,-0.88363439,1.2137215,-0.83081596
19880012,before,0.76214847,-1.1954173,-0.78244583,-0.38418541,-0.003121273,1.5216999,-0.30002452,0.05997203
19880021,before,-0.97236209,-0.06142315,-0.38826633,-1.3653756,0.49623402,0.44148428,-0.56316064,-0.39752386
19880023,before,-0.86160053,-0.20748099,0.091119269,1.0842732,0.21627824,-0.08722366,0.051888988,-0.30713229
19880033,before,-0.5166804,1.3644579,-0.71092626,-0.42327249,-0.30518239,1.6856737,-0.089176324,1.1831579
19880042,before,0.55666135,-0.30722765,-0.36935892,-0.18945322,0.10073043,-0.95653837,-0.61334979,0.95054974
19880051,before,0.10207658,0.65311303,-0.42085521,-0.96334272,-0.88507988,-0.18936357,-1.3354285,-1.391246
19880056,before,0.23051126,0.77974339,0.29055904,-0.32972924,0.34332593,-1.7703573,1.5266399,-0.2219289
19880066,before,-0.23573326,0.40722081,-0.16407908,-0.070641931,-0.083130094,-0.51006566,-0.46595194,0.41011115
19880067,before,-0.97615537,-0.36410351,0.17398638,-0.29784987,0.46263596,-0.85133409,0.39017711,-1.2188437
19880068,before,-0.087873562,0.095806669,0.059608213,-0.81976225,-0.53797101,0.30301419,-0.0054917401,-0.19574869
19880079,before,-0.52740963,0.14573268,-0.39890243,-0.8343375,0.58671398,0.2921303,-0.80429274,-0.63358926
19880096,before,-0.005930853,-0.041157248,-1.7314252,2.0818679,1.161207,-0.89878922,-0.27742519,0.79973069
19880097,before,-0.60409297,0.90876806,-0.62020435,-0.1899619,0.26989209,-0.030589351,-0.90835778,0.39971894
19880103,before,0.56778219,-0.44091949,-0.118261,-0.13261819,-0.015878425,-1.3481889,-0.42801496,-0.75248768
19880116,before,-1.0029404,-0.031835649,-0.16517668,-1.1029563,0.46602862,0.012298491,-0.53472114,-0.57018082
19880123,before,-1.0518603,0.0096849785,-0.52943872,-1.1908493,-0.048744218,0.16134746,-0.53439813,-0.82128237
19880135,before,-0.13364764,-0.82610485,0.80529389,2.4880897,1.0923679,2.2010681,1.5422486,-1.3946444
19880154,before,-0.67130578,0.2776176,-0.54824594,-0.33739027,0.52805321,-0.25256915,-0.69750261,-0.7180238
19880163,before,-1.168169,-0.39898824,-0.022546122,-0.67253613,0.19845676,-0.14572792,0.073684919,-0.041689609
19880167,before,-0.93783314,0.08736024,-0.49714803,-1.1234972,0.32001811,0.15887605,-0.44345411,-0.19445889
19880173,before,0.11315519,-1.1928779,-0.16783898,0.3994316,-0.62619637,0.3915821,-0.4683254,-0.36576294
19880179,before,1.1362718,0.059311914,0.4297162,-0.83280089,0.65397755,0.42286985,-1.418232,0.65726803
19880191,before,-0.56584074,0.051292853,1.4146493,-0.53548197,-0.14988371,-0.35071214,-0.71998712,0.17836195
19880194,before,-0.071551168,-1.1995632,-0.82568617,-0.092886456,-0.92017864,-0.20839962,-2.45099,3.2352231
19880215,before,-0.67687848,-0.44368828,-0.11947071,-0.17453283,0.27811242,0.00017949933,-0.53548021,-0.26517734
19880217,before,-0.69705073,0.84310092,-0.58792762,-1.5944664,1.5257037,0.37304613,-0.1982973,-0.47942194
19880225,before,0.21243181,-0.34169274,-0.13128057,0.16085427,-0.17115325,-0.72022581,0.035549071,0.23151336
19880235,before,-0.8159174,-0.04839712,0.42560825,-1.5008333,-0.19316148,-0.69333287,0.88611854,1.148934
19880239,before,-0.39437242,0.018151108,-0.15066407,0.1891698,0.89460087,0.64535145,0.32894059,-0.36730841
19880249,before,-1.0286344,-0.32559806,0.59566266,0.15972428,-1.2252439,1.5828991,-0.63965489,-0.53685454
19880256,before,0.71510767,-0.11692105,-0.2578939,0.085150784,-1.8343024,-0.86323069,-0.84483472,-0.39402392
19880268,before,1.7433234,-2.317547,-2.1416993,-2.41756,-0.088982326,0.3008886,2.4273167,1.7668345
19880272,before,0.68749689,-0.3388292,-0.23392207,0.17106492,-0.94479336,-0.18832331,0.86413899,-1.1368503
19880281,before,4.0319498,-2.821303,-0.50821523,-0.10037464,3.4660298,2.7523805,2.7823452,-0.65657586
19880286,before,-0.87628837,-1.6289558,-0.57710253,1.3047436,-1.1276457,0.91995656,-0.64316082,-1.5262981
19880287,before,2.6381411,-2.3692295,1.0594371,-1.7206678,1.3929472,0.38282566,-1.5617018,3.4075313
19880294,before,-2.9702332,1.6995401,1.4066426,0.084688466,-3.6573587,1.7138539,3.866417,1.5500528
19880299,before,3.5311954,0.36055147,0.48034672,-0.68064852,0.73112739,-2.5611601,0.60563169,-0.12056681
19880302,before,-0.015178401,-0.74419316,-0.13744199,-1.3172403,0.22141441,0.14375254,0.10595193,-0.22729703
19880316,before,-1.0445861,-0.42512289,0.64973653,0.26465807,-0.26685198,-0.93761284,-1.0891593,-0.71458677
19880329,before,0.28358653,0.51073736,-1.5566481,-1.193202,-0.59924046,-1.3880906,0.64973821,-0.65199299
19880333,before,2.9478028,-1.6821871,0.085952384,0.55312914,2.7163539,-0.86825765,1.3981415,-2.881826
19880341,before,1.9427863,0.31907485,-0.091876965,-0.20034791,-0.47998069,1.8446298,1.6015281,-0.28468256
19880345,before,-1.2148121,3.4433421,-0.00011250168,-1.5653721,-1.6593549,-1.0787981,1.6983502,2.7002435
19880364,before,-0.43597497,0.057505956,0.40759876,-0.81797151,-0.23866119,-0.71982251,-0.39604314,-0.55668883
19880367,before,-0.83723272,0.35817197,-0.22954255,-0.15688127,0.27350017,-0.27223262,-0.66513397,-0.48010028
19880377,before,-0.55116908,1.3723927,-1.5164904,-1.4436643,-0.97367422,-0.16335487,1.5816953,0.054359595
19880395,before,-0.45105017,0.75369312,0.56627404,0.45229352,-0.15525326,0.62310934,0.056947995,-0.25110397
19880407,before,-0.33334986,-0.048456994,0.014699233,0.36925697,0.19168408,-0.4195487,-0.37992467,0.93320795
19880411,before,-0.99136276,-1.1889914,0.15706299,-0.76402412,0.21844092,-0.90159678,-0.077932988,0.98162157
19880434,before,0.30869081,-1.5346275,-0.61320302,-0.87279075,0.38588924,0.092099406,0.14476189,0.42728941
19880438,before,0.21265154,0.12344941,0.36401166,-0.54492697,2.3514466,2.1792582,1.2985922,-0.65481128
19880444,before,-0.49338535,0.51190222,0.099096668,0.27442552,-0.8234945,-0.51080588,-1.3724602,-0.16217654
19880461,before,-0.27588811,1.2038937,0.89035395,0.76774058,0.19104816,-1.7761599,0.49743598,-1.02403
19880479,before,-1.5244035,-0.88730437,-1.9583393,-0.88470909,-3.1224113,1.6244966,3.8060653,-3.3312435
19880481,before,2.9479854,-1.1663408,0.71209373,-1.3976192,0.76544476,-0.89688518,-1.629393,1.4017578
19880482,before,-0.10303412,-0.46302251,-3.0857221,3.1334941,0.71698689,-1.0733542,-0.11598899,-0.73959804
19880490,before,0.68261863,-0.0092443056,0.14203836,-0.57965989,0.29640637,-0.090949503,-0.18371347,-0.039564665
19880496,before,-0.49459576,-0.30904651,-0.78026936,-0.65892645,0.27920779,0.38077212,0.63996295,0.90976812
19880513,before,-1.2369917,-0.078347119,0.99160952,0.99018844,-0.51649545,-0.62760006,0.78228818,-0.27716719
19880514,before,0.85518181,1.330676,1.1165315,-0.46275111,0.95147779,-0.34163471,0.41101664,-0.4108009
19880519,before,-0.11175978,-0.35127739,1.4300859,0.81311452,-0.86718497,0.42353963,0.38030059,-0.34074082
19880525,before,-0.9347202,-0.21220085,-0.44014128,0.17348251,0.21828366,-0.51103153,-0.13461396,0.051772976
19880528,before,0.044892378,-0.39300275,0.010951969,0.25331792,-0.61149795,-0.41519317,-0.47943056,-0.98466843
19880547,before,-0.72773458,-0.53989065,-0.56822266,-0.14058103,0.63037334,-2.0648448,1.3341708,-0.66109799
19880548,before,1.172525,0.53279605,-0.958562,4.1415138,-0.54261483,-0.5605327,0.65569303,-0.60614042
19880551,before,-0.87078367,-1.1267212,0.23443258,0.20726429,-0.28993192,0.89120569,0.22163901,0.57919087
19880558,before,-0.59460171,-0.39332969,-0.30677943,-0.23212982,-0.38418942,0.3276698,-0.78885436,0.4611849
19880563,before,-0.63361008,1.2254466,1.3590341,0.21753533,-1.3987461,1.1355155,-0.71809113,0.31630872
19880579,before,-0.55273383,1.1314212,1.6100768,2.5923761,-1.5058441,-2.8720949,1.859719,-0.70100485
19880581,before,1.822439,-0.092057895,2.2074566,0.99518359,-1.0108393,-0.30104605,0.0823551,-0.2655083
19880595,before,0.34992583,0.27361946,0.22396774,2.5596117,-0.79001773,-1.4017744,-0.25258463,-1.1069807
19880598,before,-1.4364056,-0.47743798,-0.91534608,-0.16303126,0.094336582,0.2026446,-0.35084799,0.54119927
19880609,before,2.541291,0.95055442,-3.9673373,-0.4630381,-2.7401196,1.0051123,-0.038726389,-1.6234687
19880621,before,0.015232581,0.85472667,0.50999249,0.72125062,-1.1084403,-0.18808434,-0.89436256,0.76200487
19880627,before,0.10692792,0.40398534,-1.4063206,-1.1824143,-1.8401609,0.90312495,-0.10350352,0.10634103
19880632,before,0.011951203,2.3135295,-1.21234,-0.72908193,-1.3215441,-0.48367563,-0.37000477,0.85207401
19880633,before,0.41430015,0.93872809,0.12834576,1.522887,0.58282002,-0.62150008,-0.13758508,-0.7396207
19880645,before,-0.54100841,-0.1490025,-0.0083337387,-0.15783923,-0.70622535,1.2076988,-1.1147974,-0.65154288
19880648,before,-0.62596625,-0.068968763,-0.37452463,1.6899455,0.86236731,0.049206086,0.71332914,0.42785273
19880650,before,2.0881254,0.6336907,1.3879886,1.1191184,-1.37126,-1.0070259,0.17101699,0.53366741
19880662,before,-0.081278745,1.0504006,-0.016625852,0.78749784,1.0609703,1.1927407,1.3106867,0.98220355
19880666,before,0.24193455,0.12308633,1.7529567,0.75812162,-0.27945007,0.42657822,0.23484837,-0.71977827
19880667,before,1.1730116,0.74523387,0.9215206,-0.26239857,-1.0000207,0.65833943,-2.1369537,0.53414791
19880668,before,1.0183974,-0.13680438,1.0730943,0.23312598,-0.63238044,2.8415108,-1.2017411,0.77780186
19880698,before,0.12671278,-0.93372599,-0.06754424,2.291236,0.40340547,1.1015888,0.71827922,-0.35671702
19880710,before,-0.52081647,-0.12943807,0.58351571,-0.56261467,-0.12883461,0.45406966,-1.0546388,0.42304738
19880721,before,1.8073166,-1.7027126,1.793637,0.41025927,-0.9008648,-0.46860435,0.3320312,-1.1008858
19880732,before,-0.87569102,1.2423351,-0.75713142,0.14960758,0.82035203,0.23918362,-0.72568167,0.094981474
19880740,before,-0.83313512,0.24776111,0.53767568,-0.53100764,-0.21860388,-0.33824717,-0.27225394,-0.010143006
19880742,before,1.2086667,0.37546988,-0.23326078,-0.3843645,-0.58873766,0.6561673,0.2544299,-0.66361457
19880751,before,-0.12709883,-0.35592423,0.40433112,0.80141259,-0.08588671,1.0855118,-0.31871252,-0.032223403
19880756,before,1.5434274,-0.88377397,1.270806,0.16257217,1.2878505,2.0698965,2.5039064,-0.94436569
19880758,before,1.9105362,-1.91432,4.2944858,1.0191927,2.7246492,3.3839688,3.978884,-3.6702896
19880784,before,0.17641508,0.50232194,-1.7193811,1.8999377,-0.20123636,-1.2886105,-0.67126785,-0.64376848
19880788,before,-0.62009878,-0.52029928,0.24909109,0.12128995,-0.45324271,0.47107356,0.86814673,0.017588568
19880799,before,-0.56740442,0.61728143,1.1530398,0.61137138,-0.38230955,-0.6998683,-0.29079347,0.77329165
19880800,before,0.53776382,-0.66769557,3.1136487,0.39156133,-0.36407954,-0.53141376,0.34809861,-0.74855921
19880813,before,-0.010720928,-0.51184278,-0.60509902,-0.69073212,0.094751289,1.127227,0.40605494,-0.41781448
19880833,before,-0.79811939,0.80959275,-0.067016217,-0.65464338,0.29391683,-0.38677249,-0.69590096,-0.43934468
19880857,before,1.0739015,0.74619677,0.18112067,0.29568918,-0.30859107,-0.88217347,-0.85847976,-0.43160899
19880864,before,-0.97590051,-0.50333443,-0.24266152,0.73793788,0.1053331,-0.16350939,0.14468813,-0.18752954
19880869,before,-0.086309762,0.33943392,-0.083256203,0.56925483,-0.6109136,0.00075030998,0.31512713,-0.0094459486
19880874,before,-0.17064804,-0.68390189,0.26283673,-1.159631,0.71207273,-0.33430403,-0.41436892,0.44032217
19880887,before,-0.81738994,-0.22736012,1.0841009,-0.57165319,0.30295523,0.24962807,0.31897104,-0.87122633
19880894,before,-0.32580633,-0.030156012,0.79484287,0.96904111,-0.094721527,0.65623969,-0.92672135,-1.4487924
19880922,before,-0.90077643,1.7489647,0.12315248,0.37005545,-0.58859688,-1.8263938,0.58862069,0.43509979
19880931,before,-0.6835158,-0.29105813,0.45240224,-0.66276638,-0.38093952,-1.0567216,0.094415702,-0.62464861
19880933,before,1.5855146,-0.304212,-0.65014213,-0.95399899,-0.99630984,0.28727454,0.23176042,0.049671063
19880936,before,-0.48176706,-0.045448382,-0.50777742,-0.016966685,0.14385931,-0.11019571,-0.61860136,-0.50027356
19880938,before,-0.23843529,-0.67018003,0.5916602,0.35979132,-0.89781295,-0.31062954,0.30390217,-0.83309983
19880943,before,0.42514977,-0.57097756,-0.58535793,-0.99137548,0.93765229,1.0690972,-0.80774839,-0.26430418
19880946,before,0.027384942,-0.95543483,0.61110794,-0.64872504,0.90640266,0.58398544,0.28272251,1.6811361
19880950,before,-0.2102753,-0.66690908,1.6724997,0.59558497,-0.15578003,1.5529753,0.23740147,-0.84790708
19880957,before,-0.23920456,-0.36609646,0.20752674,0.55116897,-0.23807453,-0.23438372,0.88921737,-0.62141348
19880964,before,2.4794209,-0.56757817,0.82833098,-1.4920132,-0.17361755,-1.41529,1.7866725,-0.11027744
19880967,before,-1.1877661,1.2262825,0.56571302,-1.4863591,-1.8252869,0.19818813,2.8039112,0.46682985
19880974,before,-0.46342852,-0.043948066,-0.41782606,-0.84252529,0.32184077,0.66458502,-1.0451004,-0.51777553
19880976,before,-0.54097737,0.18249808,0.048337416,0.85213536,-0.1569186,-0.22026203,-1.0069434,-0.30863291
19880984,before,0.15365024,-1.0228048,0.7454163,0.13477124,-0.18226951,1.0362207,-0.31171677,0.52774871
19880989,before,0.78950543,1.7940055,0.59785661,0.10307825,1.2290726,1.5479214,-0.83230561,0.12922044
19880992,before,-1.0185904,0.084351112,-0.69214071,0.29210019,6.810396e-05,-1.0924972,0.50499138,2.1837908
19881004,before,0.96557335,-0.43567883,0.93133072,-0.45579406,0.78282237,0.74651089,0.16332294,-0.24555502
19881010,before,-2.000028,1.3935971,0.22476588,1.0224414,0.36422867,-1.6355445,1.8053867,2.0059637
19881012,before,-1.6133409,-0.89424278,-0.65742514,-0.29353608,0.098174805,-0.6113463,2.7418318,-0.13345896
19881031,before,-0.85146516,-0.034906906,-0.077054799,-1.0549022,0.4429721,-0.44187506,-0.46500021,-0.63817903
19881033,before,-1.2821071,0.31870631,3.0941647,0.7161059,-3.1322322,1.8985425,-0.45512458,2.7698464
19881039,before,1.8262303,-1.3422335,-0.061819059,-1.1780402,-0.39574524,-1.1601286,0.43874661,-0.32263441
19881046,before,-0.13216497,-1.1202196,0.078477898,0.27637805,-0.21214713,-0.98360805,-0.68418725,-0.15167076
19881052,before,-0.38826334,-0.035338365,-0.16533725,-0.36760852,0.43043077,-1.1976747,0.25539045,-0.7578025
19881053,before,0.41854533,-0.62543867,-0.3556272,-1.0582956,-2.2821394,1.2994356,-0.13243909,-0.16374644
19881062,before,0.55987903,-3.1071493,-1.4249213,0.26798396,1.4981793,-1.4717574,0.49180722,1.6655602
19881088,before,0.2413177,0.12304373,-0.1611716,-0.37189146,1.1716852,0.24273106,-0.25283717,-0.93602262
19881094,before,-1.0769231,-0.24007363,-0.13412629,-0.6409166,0.27100914,-0.16704072,-0.36338283,-0.6809993
19881098,before,0.44923949,-0.46649421,1.433973,-0.17834588,-0.022904953,-0.19045753,-1.1334378,0.090184162
19881103,before,-0.59153859,-1.5584571,0.29191812,-0.47006105,0.38135178,-1.1809294,0.26045798,2.1065818
19881106,before,0.090052099,-0.17613668,0.76405136,-0.95648224,0.88018446,-0.037696282,0.41131519,-1.137219
19881112,before,-0.14995025,-0.40940973,0.24131688,-0.84724143,0.28975946,0.78680991,0.57886176,-0.48410661
19881118,before,-0.70449933,0.20513271,1.1546681,-0.49908655,0.96016573,-0.00017128197,0.54682847,-1.2438106
19881127,before,1.2846239,-0.75113576,-1.7002875,-0.39733213,1.5870851,0.31871965,-2.0017465,-0.35320879
19881128,before,-0.46291972,-0.17459539,-0.63278248,0.79262145,0.11400867,-0.2022413,-0.71631688,-1.1959003
19881131,before,-0.55270783,0.63485766,-0.53229584,-0.25481846,0.55665675,0.12690283,-0.55647915,0.54667344
19881132,before,0.025310717,-1.2106635,-0.72249424,0.56644594,-0.31590561,0.22703493,-0.45623913,-0.74920384
19881135,before,-0.9317466,0.84011151,-1.6770243,1.8917936,-0.37819981,1.005646,0.076768653,1.8985683
19881137,before,-0.76487475,0.16109112,-0.13980824,-1.090947,0.51604365,-0.66650204,-0.50935827,-0.98249693
19881142,before,0.64736135,-0.44749507,0.84169316,0.4639673,-0.84572482,-0.65645194,0.38889273,-0.36016773
19881145,before,-0.78325513,-0.10589625,-1.1626445,-0.80406443,-2.0617636,0.86646754,2.1492371,0.68264261
19890008,before,-0.86153937,-0.67930506,0.044837829,-0.19957359,0.3730884,0.017638532,-1.4805954,0.556987
19890010,before,-0.8670851,-1.4200812,-0.16834893,0.54961697,-0.44700921,1.108908,-0.065797437,-0.87433414
19890014,before,0.42884829,-0.9703657,-1.0331895,1.0909472,0.4270629,-0.022553994,-1.4410765,0.33186101
19890017,before,-0.37730131,0.15078823,0.28843676,-0.8129656,0.51853669,0.77044795,-1.1178429,0.84604104
19890022,before,-0.51343345,0.49646402,-0.84318036,-0.75858387,-0.75385129,-0.062869562,-0.54211672,0.35068591
19890023,before,-0.086215708,-0.16459457,-0.21533224,-1.2679324,1.0159031,-1.6102332,0.30032417,-1.4122226
19890028,before,-0.67978106,-0.2744932,0.44844509,-0.3168222,0.39426814,-0.85116876,-0.040872595,-0.044694886
19890032,before,-0.92158085,0.50610672,-0.83273847,-0.63467628,0.61287826,0.69390103,-0.45513611,-0.12453789
19890039,before,0.18942599,1.6599782,-1.3049763,2.8349185,1.0002415,-0.087552146,-1.5283212,-0.43830138
19890041,before,0.37498655,0.91537979,0.33070343,0.69998607,-0.39064378,-0.21035995,0.34132168,0.15272933
19890049,before,-0.64820377,-0.36751645,-0.36929478,-0.89165789,-0.57982719,0.33399298,-0.8295689,-0.44316475
19890053,before,-0.38436851,0.022984569,0.25624869,-0.52537171,-0.61048573,-0.11005626,-0.98176545,-0.10900691
19890055,before,-0.88641351,-0.21243382,0.42204383,-0.44654574,0.12289645,-0.43621636,0.85539974,0.10715403
19890058,before,-0.13713706,-0.8534665,0.064066774,-0.79846801,0.83588735,0.10122022,-1.7938637,1.6660429
19890060,before,-0.49968254,0.85276941,-1.1601965,2.5336061,-0.082686309,-0.45817983,-1.427102,0.28807305
19890066,before,-0.3554821,-0.026281619,-0.43406044,-1.572582,0.85780472,-0.28388194,-0.35507478,-0.55358034
19890075,before,-0.74712782,0.18635412,-0.04568849,0.7860495,-0.70581308,0.66246524,0.17738746,-0.12485211
19890079,before,0.16669956,-0.21237607,0.16977237,-0.19908311,-0.0051757769,-0.42155078,-0.87372472,-0.080331362
19890082,before,0.52730392,0.024610785,-0.10820886,-0.027931616,-0.78056064,-1.2066259,-1.0743534,-0.5516745
19890094,before,-0.90801141,0.71470541,-0.39534243,-0.58202451,0.527529,-0.41270617,-0.86473521,-0.58318953
19890100,before,-0.82385563,-0.27787982,-0.39324807,-1.1143096,0.47278213,0.0016926575,-0.60886828,-0.87610793
19890104,before,-0.90514797,0.2095983,0.24640709,-0.5736123,-0.18030537,-0.26780964,-0.79512927,0.31916023
19890108,before,-0.072580908,-0.11289762,-0.27491053,-0.65141765,-0.51141226,0.73790822,-0.027769241,0.016055208
19890138,before,-0.32186551,1.5091486,0.027965343,-0.45652286,0.71824071,-0.07641413,-0.78236232,-0.065980916
19890139,before,-0.3306321,0.59468357,-1.0726052,-0.89181463,0.84618884,-0.46231188,0.26316436,-0.20030589
19890146,before,0.094848543,-1.1137211,-0.18793741,0.40601388,-0.48192223,-0.78429142,-0.25829114,0.64621272
19890152,before,1.3268826,-0.29681649,0.48929153,-1.021043,-0.0069621256,-0.22971126,-0.52995869,0.71452509
19890157,before,-0.48224112,-1.7540585,0.68782333,0.43134202,-0.62021359,-0.065824404,-2.3515781,2.3516204
19890164,before,-0.45887883,-0.21528623,-0.066442534,-1.1502368,-0.28033381,0.04423429,0.0011831159,-0.40691497
19890168,before,0.36659142,-0.53956934,0.79894883,-0.22191142,0.2752133,1.0960903,-0.8862828,2.2098925
19890178,before,-0.89602475,0.032830926,-1.0822956,-0.70570545,0.62346936,0.19659285,-0.29524041,0.077376036
19890180,before,-0.58006831,-0.099614115,-0.2631722,-1.1984835,0.54345937,-0.31270931,-0.43691451,-0.54094711
19890192,before,0.10595122,-0.88875543,0.19653873,-1.0482872,-0.13044732,-0.71062606,-0.074765434,1.9297864
19890206,before,0.3707073,-1.2432123,0.31502176,0.64974916,-0.030755207,0.15167539,-0.44998052,0.094580666
19890207,before,-0.27963978,0.18248423,-1.6504766,0.58980443,0.26613477,1.2166176,-0.91728309,-0.12910239
19890222,before,0.50996514,-0.64318293,-0.10094731,-0.2994627,0.89300423,2.8185935,0.72769161,1.762893
19890229,before,-0.85801801,0.52650996,-1.0018541,0.37152365,1.1999068,0.61633777,0.25132492,-0.017183573
19890240,before,-0.97765259,-0.29811681,0.23436583,1.7711604,-0.21346488,-1.1552957,-0.00248896,-1.0079004
19890246,before,-0.72541884,-0.0178247,1.0258383,2.3233162,-0.34278219,0.29996182,-0.81777214,-0.17040144
19890251,before,1.0897929,1.9666875,-0.47697483,0.91696043,-0.020183967,-0.71409506,-1.6744026,0.905555
19890269,before,0.023923835,-0.98766789,1.131696,-0.94711835,-0.84489941,1.3218295,0.56546029,0.84486955
19890281,before,-0.11650253,0.31139277,0.083351365,-0.26334418,-1.0699137,0.30902159,-0.64740584,-0.93658844
19890284,before,-0.2165702,-0.39148492,-0.088529501,-0.28850121,-0.20200393,-0.66631754,-0.26460015,-0.30676905
19890289,before,0.044508469,0.37487446,-0.35719473,-0.14022964,-0.4702854,-0.29052046,-0.79778806,-0.61591455
19890304,before,-0.08147901,1.3974621,0.27929884,0.51971883,-0.90708478,-0.70175187,-0.22723381,-0.92671391
19890312,before,1.2746909,0.67210253,-0.31322632,-1.0038935,-2.0892841,-0.87250177,-1.0928034,-0.90255642
19890319,before,-0.46631061,0.66844583,0.49878602,-0.35569294,0.68728795,-0.16089875,-0.067956715,-0.81291585
19890324,before,0.55767655,-0.52015311,-1.6321626,0.67880148,-0.83223592,-0.43027798,0.37945871,0.93981851
19890330,before,-0.79504566,-0.42302735,0.44145602,-0.18606902,-0.11953905,0.44371283,0.71346093,-1.0327336
19890334,before,-0.014190531,-1.3240062,0.3237268,0.73070872,0.056074481,-0.064381969,0.69201842,-1.1533374
19890340,before,-0.033035342,-0.51727988,-0.70733782,-1.3561638,0.10284658,-0.020543494,-0.37540822,-0.39773058
19890342,before,2.797399,1.7058827,-2.037959,1.1501712,0.52494051,1.0761484,-0.57659834,0.69620403
19890359,before,1.4212126,-0.91409594,-2.9788071,3.3381943,-0.68637865,0.99648226,-0.55240362,-1.0391351
19890362,before,0.16258094,-0.39274821,0.58058457,-0.1698157,0.34142363,-0.090678286,-0.51516698,-1.1747494
19890369,before,-0.31420935,1.1348259,-0.28577512,-0.13488459,-0.8470157,0.12280689,-1.2144008,-0.76178801
19890372,before,0.2680914,0.71959898,0.005340403,-0.93869878,-0.59891293,-0.3472136,-0.69047702,-0.39876523
19890381,before,0.50308995,-0.08652252,0.22307293,-0.026240237,-0.91898956,0.19580702,-0.12130776,-0.80052039
19890383,before,0.69919508,-0.325261,-1.0062549,-0.9751454,-0.29236901,1.6745131,1.1694488,-1.4443076
19890398,before,-0.90909707,0.21526934,2.3923148,0.096862621,-0.78745205,0.31734814,1.1279258,-0.02350803
19890399,before,-1.3933718,1.2837721,-0.32376115,-0.44003742,-0.4440499,-0.46719483,0.80619701,-0.038439198
19890430,before,1.2000288,0.56221964,0.80669834,-0.52889607,-0.86712622,-0.2228392,-1.8130911,-0.33568803
19890441,before,-1.6093902,-0.066919924,-0.37702573,0.25647361,0.046538287,0.26418389,0.22212605,0.60334222
19890443,before,-1.1150469,-0.15989607,-0.34180276,-0.2990262,0.12737472,-0.371132,-0.69622911,-0.68810651
19890452,before,-0.88302483,-0.24495179,-0.4339981,-0.5515287,-1.0680468,0.48575913,0.66728144,0.62017087
19890462,before,-0.9440776,-0.20882845,-1.0578657,1.2211312,0.54681296,0.6864101,-0.87197802,0.36508086
19890465,before,-0.16043748,-0.69273154,0.4528897,0.24425707,0.48512852,-0.17019941,0.86406776,0.15038644
19890473,before,1.6179789,1.7355389,1.0153757,0.57128864,0.74327756,-0.11487134,-2.1935344,1.3135475
19890478,before,-0.30481148,0.0047857643,-0.15374177,0.2731173,0.42259392,-1.3403921,-0.006696656,-1.7058542
19890480,before,-1.0505499,0.67441176,-1.5409101,0.50079959,0.11735547,0.2961587,0.69522016,0.22689404
19890495,before,1.0617516,-1.3791061,1.3477466,-0.31983382,0.072076591,1.6308401,1.7647023,2.765045
19890501,before,0.19050879,-1.2229643,1.9511454,0.49357862,2.5538201,-2.3491901,0.12585448,2.1333685
19890504,before,0.010013644,0.10846614,0.24324526,1.2483562,-0.56570444,0.68156168,-0.30027467,0.69141271
19890509,before,-0.22302653,1.4078741,1.0590073,-0.22399018,-0.063617842,-1.1432452,0.64859524,-0.95416697
19890513,before,2.3202344,1.6836854,-1.7057558,-0.63005615,-2.9057229,0.53883175,-0.28836778,-0.54117962
19890523,before,-0.86527064,0.13723634,-0.4617257,-0.52065407,0.015951014,-0.25781565,-0.32420282,-0.31284889
19890529,before,-0.80929695,0.070059457,0.92504444,-0.29479508,-0.30488302,0.36403271,-0.073549492,-0.24364342
19890534,before,1.1088147,-0.31423805,-0.44622984,-0.20078162,0.15462745,-0.26027731,-2.2105122,1.5762563
19890540,before,-0.68475948,-0.56817728,-0.027565546,-0.12407884,0.34598782,-0.73152575,-0.77405864,-0.56352986
19890546,before,0.81170582,-0.33814217,-0.7817425,-1.4355392,-1.4784633,0.4135852,0.063363029,0.00090294642
19890558,before,-0.92378723,-0.071272309,-1.0379097,-0.32449683,-0.12090236,-0.32372377,-0.099921941,-0.20569509
19890559,before,-1.129274,-0.57944282,-0.25170518,-0.71674811,0.21277132,-0.35574564,0.095070215,0.37813397
19890562,before,-1.2579035,-0.34028705,0.077660086,-0.70774183,-0.011058099,-0.29603,-0.8916788,-0.2635408
19890568,before,0.0029854247,1.3657077,1.6219858,0.11311288,0.3877496,0.032754465,0.10637396,-0.012831344
19890577,before,0.012035014,1.1164723,0.3780968,0.34090196,-0.080511197,-1.2250511,0.047982951,-1.2176447
19890579,before,-0.16576428,-0.43170913,0.20501902,-0.70542639,-0.64741125,-1.0063071,-1.4226094,-0.15506107
19890594,before,0.52675966,-0.46306143,0.75094253,-0.92228788,-0.78041712,0.81215103,0.97112897,1.2208528
19890595,before,3.0204906,-0.022484083,-3.5549543,-0.35536544,1.3353546,-1.7840392,0.79437857,2.7047254
19890611,before,1.5874295,1.1211933,0.0079525568,-0.31345493,-2.109951,-0.775261,-0.75994011,0.11428163
19890626,before,-0.8232401,-0.74746769,0.044512363,-0.44835093,-0.24170854,-0.34414341,-0.74382096,0.32914711
19890646,before,-0.56787222,0.098010136,0.50365177,0.22545419,-0.075332441,-1.0911436,0.50299599,-0.17227628
19890683,before,0.77997087,-0.70268416,0.91270052,-0.060714552,0.25011095,-1.9690788,-1.4317901,1.3833499
19890691,before,0.28087245,0.22210408,0.71733866,0.028183985,-0.97648927,0.65540905,0.57316719,-0.63104381
19890698,before,-0.7380296,0.24878802,-1.241836,1.2183578,-0.31470022,-0.38911406,0.084521423,1.8084944
19890706,before,-0.4311418,-0.72620378,0.73180278,-0.19500473,0.57095231,-0.43492556,0.51759888,0.65820112
19890708,before,0.65236739,-1.5180318,0.42680325,-1.3251415,0.17760579,-0.52617437,-0.41152124,1.6755641
19890718,before,-1.0012675,-0.0080338719,0.1348424,-0.22614034,-0.50729687,1.8206421,-0.070027689,1.0884463
19890721,before,1.1251192,0.59593952,0.83740151,0.034954631,-0.29434401,0.52192717,0.30967484,0.16448132
19890738,before,-0.35020477,0.2451873,0.53294728,0.80172918,-0.17068842,-0.19575982,0.056463336,0.8339455
19890746,before,-0.61721287,-0.6797895,1.1654273,0.63609611,-0.19673613,-1.0995777,-0.1239625,-0.84434295
19890770,before,0.24262928,-1.0143073,1.2501639,-0.51480889,0.041033689,-0.22714513,-0.61406856,0.84005944
19890781,before,0.30867483,0.55737287,1.0251279,0.055734931,-0.5894858,-0.22356594,0.12629882,0.84101174
19890786,before,0.96431834,-1.5024818,-1.4667694,-1.7754169,0.42229461,-1.031841,3.3929097,-0.31148071
19890797,before,0.62015317,-0.14370155,-0.1498194,-0.55391933,-0.036502727,0.93352584,-0.15782682,0.25100851
19890805,before,-1.1014044,-0.73585347,2.5223228,0.86096086,-2.1486938,0.51686035,-0.37872971,-2.4853532
19890809,before,-0.6403106,-0.16602833,0.89722363,0.4730467,-0.46596034,-0.22248158,-0.25891413,-1.199797
19890810,before,-0.86015445,-1.174772,0.062846648,1.5742784,-0.050080004,-0.48068615,0.37408546,-0.88861821
19890816,before,0.51204014,1.9399891,-0.47082351,2.662355,0.64909851,1.1647942,-0.59217688,1.40308
19890818,before,0.20529258,1.7504067,2.4119403,0.62830321,-0.4833551,-0.8537952,0.6461343,-0.08554878
19890822,before,0.56057721,1.8402775,2.237436,0.89568434,-0.31761041,-0.2998562,-0.41328259,-0.018779843
19890827,before,0.99571263,-0.5697006,0.77275281,0.39712465,-0.35350854,-1.1227244,0.25748696,-0.64965448
19890832,before,0.36287832,-0.040266007,0.49462534,-0.029358963,-0.45405602,0.045478882,0.14723867,-0.20670189
19890840,before,-0.40194884,-1.3416188,-1.6748784,-0.54746154,0.14696786,0.99634971,0.90021037,0.82004391
19890844,before,0.64100913,0.34423927,-0.43760087,-0.74529569,-1.8638525,-0.031647285,-0.43555694,-0.7221023
19890857,before,-0.054718306,-0.82531237,-1.3831011,1.1819379,1.0690064,0.32581104,-0.7987709,-0.94966132
19890872,before,1.0495808,0.43399521,-0.37702513,-1.0804201,-0.40851709,-0.93375007,1.4159748,-1.6839206
19890873,before,-0.48253993,0.94369888,0.70645976,-0.38947876,0.8603123,0.80355235,0.63019147,0.87258835
19890895,before,-0.9923616,0.05841043,0.30083435,0.032161805,-0.084569598,-0.51945328,-0.62126842,-0.96018991
19890904,before,0.81026111,0.89187708,-1.8130078,-1.4889858,0.3775655,2.469851,-0.4459698,1.5417457
19890906,before,-0.84764458,-0.80200563,-1.0209563,-0.13736085,-0.67304023,0.86004487,1.4944376,1.6769406
19890908,before,-0.51468535,0.079802654,-0.30081898,-0.97657154,-0.096900253,0.32228594,-0.55675575,-0.53933752
19890911,before,-0.22781061,0.33703328,-0.17104099,0.16104428,-0.079488021,-1.1113536,0.63081101,-0.3888954
19890925,before,0.61222877,0.50507679,0.56364306,-0.55484235,-0.54278402,0.54026101,0.35523832,0.04093625
19890928,before,-0.050355621,-0.31594639,-2.4246895,-1.3320681,-0.59572692,0.93314044,2.2314587,-0.65929689
19890963,before,-0.59188238,-0.13192176,1.2730405,0.013824387,0.17579294,-0.14784488,0.85187446,-1.3988213
19890970,before,1.2932464,-2.1712228,1.8395892,-1.2705186,2.3912152,-0.47272421,1.9329575,3.6472727
19890971,before,0.6294432,0.74944603,0.29959584,-0.60898311,0.57116835,1.3851466,1.5595124,0.9723553
19890974,before,1.5059114,-0.6596361,0.76701483,-0.84899808,1.1764116,-0.4788932,0.0049295216,-0.49403247
19890979,before,-0.94154817,-0.01878069,-0.54412159,-0.22663701,-0.15925841,0.61215873,0.29487189,0.69568656
19890985,before,-0.22990316,-0.53796438,-2.6877831,0.73770066,-0.13275013,1.287115,1.8049655,-0.31764161
19890988,before,-0.28130184,-1.1592881,-1.0068027,-1.0265625,-0.42271604,0.15170058,1.4692226,1.0758572
19891001,before,-0.23350465,-0.35836166,-0.54316456,-0.83741746,0.52670198,-0.33211185,-0.9780561,-0.16029557
19891005,before,-1.1611079,-0.20263851,-0.56216228,-0.8252033,0.22022732,-0.25132373,-0.27766082,-0.54785387
19891007,before,-0.81090745,0.0973695,-0.16009541,-0.58307196,0.62473392,-0.16509628,0.01374614,-0.56171795
19891021,before,-0.26202388,-0.50847096,-0.15600383,-0.70181156,0.71085349,-0.49862246,-1.1591956,1.4563264
19891026,before,-0.78437524,-0.22508827,0.52710399,-0.1746563,0.067716515,0.25816824,-0.93003872,-0.72848488
19891027,before,0.44883242,0.8696893,-1.2037644,-0.61314527,1.8364735,1.621329,0.38027891,-0.56974239
19891031,before,-0.90531526,-0.49860936,0.0074768663,-0.61650458,-0.088121969,-0.43425088,-0.71718896,-0.50356548
19891034,before,1.9301113,-2.8405877,-1.0790838,1.2718977,1.0670036,0.24741294,-0.16515413,-0.016422766
19891036,before,0.16526738,0.34254164,-0.039174993,-0.28017858,-0.050727184,-1.8191922,-0.36560163,-0.1548367
19891040,before,-1.1785464,-1.0309988,-0.69890554,0.5204693,0.10159046,0.56879312,-0.19734015,0.13161355
19891045,before,0.29760517,-0.7481951,-0.98033204,0.64699806,0.26504657,0.25327639,-1.6149808,0.74736875
19891057,before,-0.09557082,0.7171301,-0.41187461,-0.13103262,0.059642908,-1.5098283,0.58131982,2.0897302
19891063,before,-0.19046927,-0.025823015,-0.50586894,-1.5380896,0.068201853,0.24535505,1.3450358,1.1130437
19891066,before,-0.25117075,0.080921492,-0.12089435,-0.046760947,-0.95223959,-0.38830891,-0.69860672,0.15955235
19891075,before,-1.0955681,-0.41227338,0.24198681,0.096763309,-0.14896172,-0.44936464,-0.2568666,-0.90665877
19891087,before,-0.79692689,0.0057103692,-0.43292656,1.6160903,0.67825813,0.41686357,0.77597278,0.3264786
19891088,before,2.1845061,0.93094362,0.31735028,-1.1794863,-1.2206844,0.39954326,-1.592489,0.16994838
19891092,before,-0.47939677,0.26518767,0.15950514,-0.58250801,-0.33815429,0.27019076,-0.51534684,-0.47636582
19891094,before,0.12314996,1.4452996,1.5857152,0.18768054,-0.83945953,2.6802298,-1.1839464,1.9516831
19891102,before,-1.0403904,-0.73185578,1.2307588,-0.0071966187,-0.88889819,1.3073796,-0.31803602,-0.69512801
19891107,before,-1.3845367,-0.15615402,-0.65454942,-0.82052932,0.20256248,0.36782107,-0.57904642,0.098703837
19891122,before,-0.50203073,-0.32032927,0.67721387,-0.5388241,-0.80067602,0.18745587,-0.92568988,-0.4753095
19891127,before,3.0175832,-0.72316627,0.069111672,-0.15188052,1.2197409,0.21282516,-1.393106,-1.3516399
19891130,before,0.79254954,-1.0478558,-0.045224424,-1.8418966,0.56646801,-0.60441983,-0.49671996,0.29088274
19891133,before,-0.029955811,1.5874134,0.32758877,-0.076554972,0.051808972,-0.039146657,0.28623457,0.59824451
19891147,before,-1.1930936,0.068643843,-0.35421651,-1.1620527,0.57098646,0.1747018,-0.650298,-0.58538528
19891148,before,-0.57164135,1.4858491,0.92201339,0.85090771,0.21966936,-0.48288835,-0.036238672,-0.24932819
19891150,before,0.067655937,0.69489794,0.39083455,-0.51154338,-0.91918494,-0.75562081,0.25956253,-0.38885058
19891157,before,-0.28090423,0.76642266,0.021521134,-1.2220106,1.1403319,-1.0195408,0.12274408,-1.3831949
19900005,before,-0.97686987,-0.21283878,-0.006870776,-0.54222257,-0.11026503,-0.12152527,-0.58511216,-0.44093513
19900006,before,-0.57356164,-0.22657778,0.38155998,-0.31299834,0.23172904,-0.33199925,-0.28039346,-1.1831936
19900009,before,-0.80274425,-0.28977318,-0.37006741,-0.47641419,0.27933664,-0.14905941,-0.3086303,-0.33424327
19900015,before,-0.72174754,-0.61565644,-0.31883126,0.59686865,0.97778687,1.2593545,0.1580969,-0.73437392
19900020,before,1.3097257,3.1258427,-1.3648308,0.33050343,2.195952,0.77629647,-1.1466661,0.4018226
19900026,before,-1.0471601,-0.14559745,0.59921357,1.1292822,-0.73551389,-0.1770798,-0.37118952,-1.1706572
19900032,before,-0.523009,0.6838601,-0.32965826,-1.1523555,1.3858499,0.40668123,0.19325986,-0.53262533
19900037,before,-0.4209512,1.7086032,-0.56075502,-0.25097996,0.91206139,1.1432592,-0.4362713,0.88041493
19900040,before,-1.4730119,0.7342008,-0.66190786,0.592572,0.18256821,-0.4153155,1.5069892,0.46713283
19900044,before,-1.154161,0.04891695,-0.69017694,-0.76348109,0.38698227,0.36296921,-0.32753075,-0.29951503
19900047,before,0.07556204,-0.3337263,1.2493696,0.87523676,-0.931046,1.4344361,-0.42618856,0.6560389
19900058,before,-1.0465226,-0.44050501,-0.6401125,0.42745009,0.046148045,-0.14627247,-0.80827997,0.08217442
19900062,before,-0.16006005,0.31423782,-0.5199692,-0.92641392,-0.37578873,0.17404596,-0.20827151,-0.80124125
19900063,before,-0.56668191,-0.18146113,-0.47793415,0.085869344,-0.095624167,-0.39945297,-0.26753765,0.122103
19900066,before,0.26008859,-0.20406443,0.091916713,0.29162113,-0.28189015,0.43236923,-0.1833569,-0.4471617
19900067,before,-0.69560507,-0.37592794,-0.12458736,-0.98049285,0.54310831,-0.48827356,-0.43714663,-0.46392543
19900070,before,1.2970632,-0.78577927,0.046151019,-0.90426383,-0.41149676,-0.5881759,-1.0298842,0.1518168
19900071,before,-1.0550105,-1.118835,-1.3556312,1.7128119,-0.99430611,-1.3736921,-0.032175875,0.68960439
19900079,before,-0.27810013,0.26284501,0.18920742,-0.24519805,-0.33771457,0.67461732,-0.18572613,-0.54726444
19900084,before,0.54068691,2.6284816,0.5160728,1.6626523,-1.1354416,0.67379831,-1.5238523,1.6612065
19900091,before,-0.37744004,1.3610441,0.35976031,-0.31426129,0.75431727,0.44825646,-0.39365296,0.1714696
19900100,before,-0.17197279,-0.58747241,0.4458085,-0.84433753,-0.3918669,-0.6134654,-0.70169767,0.2650481
19900112,before,-0.50222416,0.0002462262,-0.10783363,-1.1373188,0.85829132,-0.46596599,-0.09905185,-0.91082301
19900123,before,-0.76094623,0.025017112,-0.93675148,-0.41371212,0.13277104,0.22454265,-0.15017685,-0.3133556
19900135,before,-1.0757969,0.40978554,-0.37825414,-0.43133916,0.053594038,-0.53368769,-0.2237078,-0.33865492
19900146,before,-0.06843381,-0.18483686,1.1323748,0.24951933,-0.52588204,0.85268122,-0.31345647,-0.42512675
19900151,before,-0.80890511,0.24917078,-0.16241329,-1.3103503,0.58912088,-0.33930962,-0.54600483,-1.0685752
19900159,before,-0.54501603,-0.71858578,-0.63171775,-1.2649992,-0.62926206,0.32457158,1.1394605,-0.57796976
19900180,before,0.03733071,-0.90646851,-0.05800925,-0.035995105,0.64846407,-0.33696261,-0.28975422,-0.76246007
19900203,before,0.41042934,0.41676797,-1.2499623,-1.1739159,-1.2135668,0.73117729,0.37351667,-0.53801619
19900207,before,-0.51557318,0.4415779,0.029467987,0.29021778,0.38578582,-0.82630121,-0.0126808,-1.2905503
19900228,before,-0.79721519,-2.3690705,-0.30702871,2.1337559,-0.64464159,1.5285703,-0.33833773,-0.7003908
19900231,before,-0.14825358,-0.31466395,1.1136036,-0.79448562,-0.33748703,0.36464001,0.38239094,-0.18674403
19900239,before,1.3049295,0.58209387,1.6334251,-0.6614877,1.4445534,-0.71099156,-0.60444245,-1.0429159
19900241,before,0.74146474,-1.1311285,-1.0579148,-1.2309538,-1.1511705,0.46937434,0.98493665,0.20626968
19900247,before,-0.68354695,-0.42508518,1.1739158,-0.46560599,-0.89320693,0.48104061,1.1609158,-0.49803479
19900253,before,-0.3534534,-0.68750546,0.66476041,-0.46740006,0.53265787,-0.7670082,-1.8540217,0.94937188
19900267,before,-0.41299291,-0.50044535,0.21692078,-0.24535885,-0.20263991,-0.6121529,-0.55547703,-0.20966956
19900269,before,-0.41952408,1.4109167,-0.071687515,0.60703921,0.97347641,-0.44365381,0.13004856,-0.35178718
19900276,before,-0.735254,-1.8066848,-0.20021469,1.0133221,-0.38438824,-1.4536977,0.20497325,-1.1708857
19900278,before,-0.043215718,0.41301754,0.9303301,-0.79179852,0.46668658,0.68912969,-0.53883852,1.4833569
19900284,before,-0.98413811,-0.12974699,0.13061699,-0.99831711,0.30037605,-0.16584809,-0.77025522,-0.65856628
19900290,before,-0.81374654,0.56593919,-0.62036117,0.34970206,0.71772858,0.9526335,0.25783517,0.11220945
19900317,before,-0.28661855,0.18221646,0.12396374,-0.28238583,0.31542796,0.079218298,-0.4667992,-0.3077194
19900326,before,-0.29918237,-1.1519604,1.8916573,0.97468812,0.098132464,1.1064725,0.62166699,-1.239682
19900330,before,-0.49769856,1.4365437,0.53999685,5.6977401,-2.929762,-3.0370345,-1.1784235,3.7157563
19900332,before,0.018812652,-0.82061351,0.54997543,2.3724051,-0.33020535,0.59258042,0.26149217,1.4763735
19900337,before,-0.59289909,0.88011526,-0.71070488,0.67028903,-0.94968166,-0.67036529,-0.19019409,1.4837741
19900339,before,0.086282233,1.0407825,0.0045385238,-0.40373077,0.73594324,0.23005246,-0.21247532,0.1877648
19900345,before,-0.62178124,-0.45616253,-0.079271796,0.18976246,-0.043643215,-0.56547394,-0.53666636,-0.45888499
19900349,before,-0.046562205,0.19539929,0.49060425,-0.2297821,-1.1671785,0.60926266,-1.3516622,-0.54171166
19900356,before,0.69815291,-0.17717713,-1.6887843,-0.066242879,0.085003055,0.38987224,0.4568096,-0.91688221
19900369,before,0.62981913,2.1979708,0.7185228,1.3946156,0.56750885,0.60558709,1.2854463,-0.055287947
19900383,before,-1.0336693,-0.87786502,-0.53799623,-1.2893697,0.45366828,-0.6768138,1.5180028,0.35118134
19900390,before,1.1806347,-1.3176267,-0.066258087,-0.37732788,-0.085012301,0.79917969,-0.02895072,0.43837105
19900396,before,2.5210359,0.20963981,-3.1193826,-3.7713796,-6.4575092,1.1783407,4.2660336,-2.4039256
19900397,before,-1.0056548,-2.4639148,0.077702473,1.5353585,0.01314301,0.83002945,-1.0392296,0.72723069
19900400,before,3.6576843,-1.4025758,-4.2539747,-3.3283921,-9.4641396,6.4232031,2.6185869,0.53048425
19900409,before,2.6006687,-1.1573905,-0.97727724,-1.7115093,-2.3721029,-0.23470316,-1.8988609,2.5535176
19900411,before,-1.5019284,-1.393244,-0.54940912,0.65359798,0.087017261,-0.0016347389,0.35309663,-0.099879167
19900423,before,1.2352159,0.35047172,-0.081172907,-1.132291,-0.93065203,0.12730195,-0.37608582,0.20779563
19900437,before,0.21424101,-1.1918827,0.12933306,-1.0909655,-0.46765288,0.24850772,0.95037487,-0.38990526
19900439,before,-0.74794016,0.40076751,-0.47483305,-0.95200273,0.71993642,1.0628419,-0.14003505,0.36794442
19900443,before,0.4726557,1.8257733,0.97735893,2.5391566,-0.23329884,0.50974078,-0.28527493,-0.070222761
19900451,before,-0.36681218,1.7136645,0.75427999,-0.31264535,1.1450939,0.81614452,0.024280344,-0.64742772
19900459,before,-0.15193454,-0.66099578,0.23815778,-0.40829066,0.81516864,-0.93729266,-0.52661069,1.2620403
19900479,before,0.71473836,0.72590807,-1.6724959,1.6041923,-2.0939063,0.93236508,1.4774638,2.2580273
19900488,before,1.593361,-0.26766685,1.0921117,-0.7601745,1.8055504,0.83613172,1.9723421,-0.2061921
19900492,before,-0.85227562,-2.0677426,-1.5271358,0.50018319,-0.46064547,-0.82053958,0.81535318,2.2976149
19900494,before,4.0547655,-1.2627712,1.4036439,-1.5084319,2.7349866,-0.3745246,-1.5731722,2.1668529
19900502,before,-0.14961083,-0.15375199,1.7608953,0.33190963,-0.90725923,0.25235468,-0.61473843,-0.069560469
19900518,before,0.0090440862,0.14853935,2.1053106,0.23976014,-0.08923623,1.0338674,0.18179151,-1.2774527
19900520,before,1.0904777,0.72460917,0.024910445,0.37260156,-0.66995202,-0.33581678,-1.1185658,-0.69953499
19900528,before,-0.072790116,-0.986208,0.036889522,-0.86586876,0.036996417,-0.19119638,-0.71099671,0.10257141
19900530,before,-0.043040473,0.16297102,1.2439467,1.2767369,-0.64845696,0.16084232,-0.77489741,-1.6780184
19900541,before,-1.2167078,-0.032759438,-0.49166123,-0.60973674,0.021326513,0.14735795,-0.41838986,-0.26640957
19900544,before,-0.54998086,1.3984529,0.62433843,-0.56536303,-0.20807656,-0.77505822,0.16673288,-0.78542688
19900557,before,-1.5662307,-0.78617672,1.0476235,1.6301176,-0.32134294,-0.11439451,1.7190813,-1.1303015
19900579,before,-0.86650974,-2.2276813,-1.1513849,1.5584653,-0.35040353,-0.42278164,1.0706164,0.32168067
19900580,before,-0.44616724,0.0096176906,-0.49923211,-0.64320188,-0.1883253,0.49828389,-0.74312579,-0.30405862
19900583,before,-0.52330699,0.43575204,0.85558018,0.22395088,-0.42761266,-1.2386348,0.084729246,-0.53499519
19900597,before,0.2896938,-0.77249633,0.46191118,-0.60605549,0.48220904,0.14431471,0.35820407,-0.82328287
19900599,before,0.4766606,-0.21512066,-0.94940285,-0.96196676,-0.47007528,0.4650282,0.34449949,-0.67236413
19900622,before,0.54617836,0.94669921,-0.31966763,1.1716523,-0.94711835,-0.32760421,-1.1948927,0.39711794
19900624,before,-0.42656708,0.093322931,0.059593743,-0.55614746,0.029952531,-0.646851,-0.73172576,0.28258244
19900638,before,1.1323389,0.45558673,-0.51948708,-0.62066912,0.29604055,-2.0348462,1.5713848,-0.75977231
19900641,before,1.9282451,2.3427533,0.48249344,-0.47464041,-1.0060188,0.36235354,0.79141454,-0.12281425
19900643,before,-0.54901742,0.017232859,-0.61980115,-0.17480342,-0.6229521,0.19525742,0.55537248,0.86987147
19900655,before,1.247216,1.1624126,-1.6631071,-0.25074391,0.26859285,-0.0066183125,-1.0539074,-1.1643479
19900661,before,0.62652758,0.46729848,0.064993203,0.11702464,-0.74085092,0.53972767,-0.51819559,-0.011320667
19900675,before,-0.64081925,1.7759403,1.3854456,1.3175349,-0.39212117,0.4928919,0.22549222,0.74671359
19900687,before,-0.16859456,0.43802159,-0.82253769,1.0100446,0.19102467,1.4890997,-0.5099683,-0.25421331
19900697,before,-0.53441467,0.75386017,0.5649285,0.37626571,0.66209486,0.96444444,0.54966822,0.81403011
19900705,before,-0.87827521,-1.5845576,-0.84733019,0.5758581,-0.016254359,0.029930325,-0.42824722,-0.707494
19900709,before,0.52551345,-0.050858263,0.98763238,-0.27150707,0.010570193,-0.42623638,-0.25559375,-0.14404134
19900711,before,-0.31392202,-0.26975373,-0.44280465,0.46762478,-0.47280252,0.046820699,0.29952039,-0.013684278
19900716,before,0.80384862,-0.42280739,2.4027217,1.4712841,0.88582776,1.4969016,0.37023623,-1.3021368
19900720,before,0.96487517,0.53417626,0.35479855,1.9061755,0.39024956,1.0985206,-0.10618204,-0.11327563
19900742,before,2.2686028,-1.4173829,0.69380415,-1.5914822,-0.49951033,0.77843873,2.5048057,-0.05487513
19900749,before,1.6105835,-0.60574844,-0.18700929,1.9847515,-1.3681022,1.7782382,0.87627274,-0.80906269
19900755,before,0.35643493,-0.36387362,0.74537141,1.4791092,-0.21851662,2.4930544,0.032801251,-0.030033739
19900761,before,3.7503017,-0.78157919,0.34106432,0.064408453,1.2690621,-3.7341211,0.38155273,-2.4709659
19900772,before,-1.1069139,0.30425929,-0.70921238,-0.18181799,0.23012125,0.12381124,0.36194157,0.20689767
19900777,before,-0.36138484,-0.95123641,0.64631673,-1.1021248,0.3954755,-0.51339445,-0.73752148,1.0961572
19900790,before,1.3543813,1.3418887,0.25627991,-0.82525101,-0.08454412,-0.83917462,-3.5802493,-0.26437125
19900796,before,1.4610432,-1.9547865,-0.85541403,0.48172783,0.39657183,1.6473808,1.440974,-2.8039558
19900798,before,1.9460887,3.4075629,-0.71949933,-1.0589904,-1.0606326,1.5708263,-2.2850153,-1.3915027
19900808,before,2.8223291,0.24208951,-0.59673333,0.73549417,1.3814827,0.9188482,-0.58766471,-0.49106867
19900812,before,0.35144624,1.2517422,0.22908899,-0.37523258,0.94668367,0.95377127,-0.86411263,0.8420262
19900816,before,1.0029468,0.66276482,0.46004406,-0.22812251,0.81165743,0.057346724,-1.0873204,0.43711841
19900818,before,1.4130978,0.50183867,-0.47179258,-0.67974767,-1.3630578,0.13738404,-1.6074927,1.8325334
19900835,before,-0.52076412,1.0410751,-0.10671784,-0.9141132,0.99763413,1.1870589,0.081082456,0.012872066
19900839,before,1.5018158,-0.43462966,-1.8502583,-1.8042033,-1.9391966,0.036872867,2.7418654,-2.1840606
19900847,before,0.051658468,0.47477766,0.2501433,-0.26342973,0.120753,-0.30078359,-0.54370476,0.23152481
19900854,before,0.47454108,1.0999247,0.27679913,-0.34588989,0.13090161,0.11938811,-0.52824494,0.42399574
19900861,before,-1.0067038,1.3690952,-0.93628579,-2.1701217,2.1267254,1.7967903,1.4724375,-0.063983844
19900865,before,-0.69371242,0.27685707,-0.05118385,-1.108283,0.011443799,-0.22909413,-1.3680367,-0.37688172
19900869,before,1.5995829,-0.091214912,0.378347,0.031979631,0.5545079,2.1745451,-1.1141945,-0.80181298
19900875,before,-0.24017021,-0.30325202,0.98404523,1.2171964,-0.044838319,-0.66376631,0.36831218,-0.96895313
19900879,before,0.4742131,0.50226359,0.22138286,-0.10412107,0.20618584,0.31699743,-1.8744675,1.8221436
19900892,before,0.17298849,-0.18731702,0.53982694,0.00031917536,0.46336888,-1.3493424,0.61096581,-1.4512365
19900902,before,-1.3125833,-0.99080109,-0.73033976,1.1136226,-0.051446325,1.4735348,1.1442969,-0.067556065
19900919,before,2.1489799,-0.52604031,-0.42754817,-0.71344436,-0.41444658,1.515794,0.31250337,0.43797259
19900931,before,-1.0152467,-0.35101784,-0.85388236,0.60001764,0.27849594,-0.080734568,-0.35042737,-0.18090515
19900940,before,-0.038488573,-0.55222723,0.065707485,-0.77419749,-0.21684198,-0.20214891,0.34213656,-0.058451557
19900953,before,-0.85021028,0.67849984,0.96877574,0.30268318,-0.35405972,-0.40600381,0.8858649,0.33664024
19900955,before,0.5696201,0.87733111,-0.69678727,0.51578013,1.3265584,1.881484,-2.0527003,0.046674486
19900966,before,-0.71709105,0.1836661,0.54754508,-0.51450236,0.0063286376,-0.46516783,0.35757011,-0.31584648
19900971,before,-0.38633735,-0.34223698,0.91767253,-1.0127801,-0.43800237,-0.59216984,0.31128432,-0.3096186
19900973,before,-0.85825276,-0.74874128,-0.11905163,-0.43788213,-0.39108599,-0.79293391,-0.0010136524,1.0405044
19900978,before,-1.0188729,-1.1684573,0.76083802,-0.072487971,-0.26260755,-0.76855097,-0.49749937,-0.27364157
19900985,before,-0.19852516,-0.79980249,1.5982736,0.70764258,-1.1362822,0.62806196,-1.2898168,-0.59727666
19900990,before,3.0766941,-0.69063199,-2.1629678,-1.5244092,-1.9432703,0.7175257,0.56324207,-0.084128374
19901007,before,-0.78196344,-0.6552069,0.056527628,-0.47224844,0.16499345,-0.5669481,-0.17599646,0.56282404
19901012,before,-1.9908318,-0.26030466,-0.29947173,0.2197856,0.14280899,-1.4618079,2.1156112,1.5114145
19901017,before,1.5940106,0.28052254,-2.6873093,0.15826299,-2.745055,-0.21687579,0.51829725,0.43690657
19901020,before,-0.45492442,-1.2120412,1.9832798,0.60879574,-1.4556622,1.2847865,-1.1166003,2.6767929
19901027,before,-0.2983371,-0.23491986,1.3138221,-0.18455405,-0.52402017,0.51923213,0.019465168,0.3653429
19901029,before,0.49566035,-1.4717774,-2.4126053,1.57398,0.72700061,2.2839343,0.075802682,0.96057165
19901035,before,-0.43379608,-0.7984682,1.3549536,0.61928621,-0.17091067,0.36850313,-0.94535981,-1.7569582
19901038,before,1.8248124,1.6565482,0.81625221,-0.79235294,0.070891532,-1.2389481,0.0087987586,1.0699882
19901047,before,-0.66658911,-1.2494497,-0.28320136,0.80539028,0.42738229,2.5297951,1.0960086,-0.59595547
19901058,before,0.23188561,-0.058182598,2.3678975,-0.24779536,-0.30188977,-0.25263831,0.36575202,-1.7276777
19901076,before,1.0550538,-1.1509493,-0.87209005,-1.5928609,0.042891329,0.62652946,0.63317909,0.50868362
19901084,before,1.6217608,-0.91802432,2.3534046,1.9455847,2.4633595,-0.017073303,3.0413827,-0.57504606
19901086,before,1.5040432,-1.5076994,-2.0242844,1.690499,0.80235601,3.5488697,-2.7535362,1.5867376
19901096,before,0.41556229,1.1216161,0.78362124,0.047920743,-0.33587985,0.80381128,-0.085697282,-0.73342881
19901097,before,3.9961212,-2.2077986,0.15076947,-1.154428,4.5615653,0.90495819,4.6860496,-0.63763956
19901100,before,-0.22924331,-0.58462429,1.7183088,1.3488282,-0.96717678,0.25914407,0.66832604,-0.012004921
19901102,before,0.077869539,-0.46614447,1.7022554,0.4421273,0.020841676,-0.63537757,0.29062523,1.2160694
19901111,before,3.047127,-1.9562333,-1.7537302,-0.30359354,3.0625883,-1.1802707,-0.19037048,-0.11501675
19901114,before,-0.60553122,-0.078191193,0.2197622,-0.63355254,-0.46117935,-0.31145533,-0.42396226,-0.22363358
19901116,before,0.19193981,-0.95221979,0.82582363,-0.73860091,0.42554178,-0.46989459,-0.071785627,-0.26018932
19901121,before,0.55914007,0.58985517,-1.358013,1.3643701,1.060323,-1.0293252,0.75230741,-0.29536158
19901130,before,0.0074663608,-1.6144695,-0.78771716,1.2041298,0.81836397,-0.91337703,0.15135598,2.0654443
19901133,before,0.12478589,-0.51904941,-0.94584222,-1.1121216,-0.51216456,0.52196323,-0.053648647,-0.19571806
19901136,before,-1.0535237,0.028722591,0.46192417,-0.10399202,-0.25852872,0.70823797,-0.33705624,-0.75332698
19901138,before,-0.95325595,-0.2406394,0.2865612,1.024957,0.13162083,0.57118667,-0.35961217,-0.28196951
19901142,before,-0.85724007,-1.0489989,0.22941195,-0.13367044,-0.38379811,-0.17276626,0.57618623,-0.97324548
19901154,before,-0.82198035,-0.062009581,-0.87788393,-1.254469,0.43733316,0.65734928,-0.079795224,-0.49568282
19901159,before,2.9517428,-0.74602322,-1.6599018,0.80304514,2.9627203,3.1966258,-1.4490577,0.0077181718
19901161,before,1.9968475,-0.56752579,0.1273043,-0.51448032,0.015374677,0.09769427,-1.2678375,0.27865294
19901164,before,-0.51850972,-0.60074356,-0.1318087,0.0058663201,0.15113805,0.38934334,-0.85542256,-0.45926621
19910003,before,-0.39039498,1.4970763,0.1432525,0.4150958,0.7422593,0.80609703,-0.3187923,0.62500561
19910006,before,0.42569106,-0.19801921,-0.54169494,-0.48227675,1.2502142,0.43560458,-0.95465197,-0.2442324
19910008,before,-0.73624257,-0.39592473,0.33991517,-0.94258648,0.09040201,-1.1288672,-0.91728025,0.013083056
19910010,before,-1.1644432,-0.54131454,-0.84105276,-0.030268334,0.072482733,0.51145996,-0.26096129,-0.55563508
19910017,before,-0.3496534,-0.47845437,0.31816891,-0.68305187,0.20704172,-0.33613215,-0.47809315,-0.065028128
19910023,before,-1.1822028,-0.41110819,0.30583526,-0.60516689,0.16122504,0.55898044,-0.51552502,0.0084831994
19910030,before,-1.0413099,-0.68736875,-1.1214624,0.0526776,0.06822833,1.6377308,0.20451991,0.36075305
19910034,before,-0.46710624,-1.6924009,-1.1002306,0.51620893,0.34871686,0.75774914,-0.56903505,1.3470173
19910041,before,1.1764676,-1.2753342,-0.0076900276,-0.74235563,-1.6771266,-0.29306588,0.1254107,-0.20211826
19910047,before,2.0633057,-1.5459517,-0.25833531,0.51492929,0.97224147,-1.9040264,1.7189651,-1.0889889
19910052,before,-1.0577284,0.12924544,0.78249672,-0.055566717,-0.78540811,1.227949,-1.6996855,0.78565423
19910057,before,1.5499443,-1.7847984,0.39094077,-0.959934,1.4626166,0.0082663119,0.48846713,-1.0510676
19910068,before,0.85126421,-0.23119385,-2.0322446,0.14729333,-2.4441929,-0.014819043,-0.85690808,-1.8463254
19910071,before,-0.24764134,-0.23099526,-0.59947706,-1.5753281,0.13731475,0.53651302,0.25834131,-1.3179074
19910081,before,-0.56035125,-1.0534961,0.3549793,-0.33158367,0.82362528,-1.3708807,-0.80147908,0.98462668
19910086,before,-1.0407439,0.49342454,0.74967199,-0.99200287,0.079885013,0.11791806,0.88434784,-1.4288781
19910090,before,-0.68701106,-0.6697863,1.0626138,0.4964864,0.36165514,-0.26177493,-0.30874829,-0.69957597
19910094,before,-0.84175767,0.50846696,-0.43174915,-1.1749081,0.74544149,-0.50931489,-0.29389802,-0.58440127
19910096,before,-0.89841077,0.57527432,-0.33672614,-1.3520318,1.0598242,0.16554653,-0.44028165,-0.50889485
19910100,before,-0.88777235,0.48041583,-1.0303327,-0.011717131,-0.10474635,-0.058816905,-1.4359307,0.55027644
19910105,before,-0.51971933,-0.97754655,-0.072725266,-0.91242331,-0.11613062,-0.64452565,-0.17253615,0.5152739
19910111,before,0.3042672,-0.12878293,-1.0396675,-0.77883748,-2.524023,0.57861133,-1.1158468,-0.65478914
19910112,before,-0.64767632,-0.062994,0.78131611,-0.73511939,0.49668061,-0.60623756,-0.36055334,-1.1069499
19910117,before,-1.0643781,-0.18320875,-0.11127658,-0.71402145,-0.021783442,-0.17958544,-0.93748799,0.11449684
19910123,before,-0.81784429,-0.27716138,0.61567029,-0.64036698,0.11029288,1.3455777,-0.021935383,0.18761975
19910124,before,-0.12857768,-0.67076698,-0.67621615,-1.2245806,0.49596674,-0.54792335,-0.19139546,-1.1555672
19910133,before,-0.25037049,-0.50721087,0.14462785,0.016531307,0.23527786,-0.066637281,-1.108597,0.67140722
19910151,before,-0.062121974,-0.27042272,0.67343272,-0.86743292,0.97107996,-0.7201364,0.30516727,-0.93274081
19910161,before,0.44875771,-0.29117185,0.14484734,-0.79127161,-1.4507007,0.3791352,-0.83434834,-0.96687721
19910166,before,-0.66333247,-0.1898794,-0.065530007,-1.3757174,0.78571714,-0.42114139,-0.56599207,-0.94687156
19910175,before,0.90498833,1.462299,-0.7757286,1.3133269,0.92636808,1.1950136,-0.79187743,0.62133886
19910183,before,-0.28600085,0.42871134,0.14611027,1.065333,0.79389688,1.4538764,-0.55957126,0.55826902
19910187,before,1.8833755,-0.55518496,-2.1723006,-0.37382521,0.32542778,1.1263727,-1.4615851,0.92962143
19910194,before,-0.70896588,0.076011025,-0.092934506,-0.26934033,0.75123638,-0.12377577,-0.18899864,-0.83308176
19910214,before,-1.2027042,-0.32689938,-0.10525126,-0.7289194,0.0080848374,-0.71811957,-0.21537236,-0.32633751
19910218,before,-1.3819309,-1.2210324,0.81850266,0.64771509,0.57699331,-1.9439675,0.87467166,1.9294195
19910222,before,0.48374844,-1.2580231,1.1018646,-0.55891294,-0.49730496,-1.4845714,0.99972944,-0.17446831
19910227,before,-0.97447959,-0.59420411,0.62328304,-0.15414996,-0.0012440748,-0.28010865,-1.5118651,-0.53565078
19910231,before,-0.25029327,-0.69953779,0.5671391,0.13747351,0.058391613,-0.20935116,-0.90628458,0.09129271
19910239,before,-0.61302221,3.0269221,-1.6656352,-1.6536587,-1.8228994,-3.0856108,4.9608353,1.1703018
19910251,before,-0.82340185,0.023868637,-0.23545201,-0.3914457,-0.32676454,-0.88612559,-0.32193758,-0.23315619
19910260,before,2.9956146,0.70862846,-1.8738209,0.67358096,0.85421091,-1.1605389,0.054297872,-1.0622953
19910279,before,-1.544857,-0.29477775,1.2439387,1.7247345,-1.6440858,0.12990033,0.079532687,-1.8032066
19910293,before,0.20008391,0.54687349,-0.189804,-0.85294425,-1.0665581,-0.21663871,-1.0971885,-0.24780383
19910295,before,-0.068093869,0.21491136,-1.8198892,0.23895233,1.0139469,1.7721142,-0.32304228,0.77282478
19910298,before,-0.66029236,0.44502709,-0.46390429,-1.0791156,0.48274797,0.51532416,-0.020135597,0.1600633
19910306,before,-0.4585805,-0.64648868,0.79895794,-0.58018315,-0.03692433,0.87558819,2.2621993,-0.41222948
19910310,before,0.59449082,-0.50724158,-0.32692086,-0.68251226,-1.9748358,1.638748,1.0774938,-0.93559305
19910313,before,0.068517829,1.3457409,1.2949689,-1.2140976,2.736142,2.5433984,1.2958853,-0.37589573
19910317,before,2.3251164,-0.54270464,-0.16608364,-2.0039634,-2.2300284,1.4034139,-0.14461302,1.6123347
19910334,before,-0.81285045,0.24292385,-0.4361137,0.7840055,0.21413564,0.92098491,-0.41222156,-0.81716236
19910336,before,-1.1036078,-0.19973966,-0.54405339,-0.31133499,0.78749235,1.0983411,-0.50910317,0.073187575
19910339,before,-0.35661952,-0.56392977,-0.64592439,-1.4753471,-0.42372818,0.27222043,0.13719748,0.65939947
19910362,before,-0.29836977,0.58750955,1.036381,-0.80514751,-0.32123293,-0.31749807,-0.6797476,-0.17926518
19910370,before,-0.94287713,0.42883291,-0.71430029,-0.24280489,0.59488922,0.4893338,-0.58184731,0.22576333
19910374,before,0.2580036,-0.27312189,0.12072502,0.023433166,-0.01265669,-0.18253826,-0.45660314,1.1676793
19910380,before,1.1558917,0.24365815,2.395073,0.72011139,-0.84225312,-0.27596257,0.25851644,-0.58551286
19910397,before,-0.86090094,-0.43909148,0.13409725,-0.98723565,-0.063495733,-0.44812588,0.55039172,-0.016787281
19910409,before,-0.85060552,-0.31261089,0.28984658,0.18027198,-0.21404666,-0.37030159,0.10070493,-0.51860636
19910416,before,-0.52194502,-1.8953839,1.15493,0.18079744,0.73782643,0.11998028,1.4803371,1.7506085
19910421,before,-0.47676542,-0.6020802,1.3644754,0.72211293,1.2080837,0.55181258,-0.25392625,1.6346171
19910427,before,0.94432456,-0.70385184,0.18734403,-0.57505806,0.37049273,-1.705013,-0.62229459,-0.43437987
19910440,before,0.53553273,-0.37004678,0.17927523,0.26592003,-1.4129735,2.1928639,-0.27248104,0.66058687
19910446,before,0.07270073,1.1103178,0.35975725,0.27544501,-0.068602362,0.556486,-0.64756721,1.0893092
19910449,before,0.045180969,1.6154615,2.0598533,1.9272203,-0.73465257,-0.32113684,0.98307942,-1.4525479
19910454,before,0.24561625,-1.1295224,0.68212138,2.0956513,-0.53870231,1.2113905,-1.0893277,-0.17795663
19910460,before,-0.95842275,0.61312533,-0.050415865,0.19183913,0.32746559,-0.079856168,0.39664881,0.16813395
19910483,before,0.46575788,1.6022832,0.023626446,-0.33591005,1.2534409,-1.8472351,0.75581004,-1.0988855
19910496,before,-0.38830749,-0.66831512,-0.802051,0.68518371,-0.27933584,-0.12149114,-0.52001806,-0.58639846
19910524,before,2.2073663,0.13370444,1.6139164,0.042946179,1.1970454,0.26831797,2.9008742,0.67409025
19910541,before,0.068833568,-0.40510995,0.41486509,0.62368716,-0.078261892,-0.46649525,0.33558612,-0.13664414
19910557,before,0.1539712,0.031402295,-0.003343739,-0.80376562,-0.2769099,0.97989834,1.6213927,-0.47542848
19910570,before,0.77835237,-0.69804233,-0.028892653,1.2119752,0.15729148,-0.074996662,-1.1008071,-1.0643028
19910571,before,-0.031881335,0.27383359,-1.5543211,-0.94841377,-1.8401018,0.95547546,0.3607672,-0.57486982
19910581,before,-0.50255273,0.034363092,0.30895522,-0.23246543,-0.40685055,-0.6362007,-0.87257653,-0.2123732
19910585,before,-1.1048719,-0.29590725,0.47301979,0.11167102,-0.49606568,0.71249088,-0.69227537,0.32026901
19910595,before,0.22514468,1.9916906,-0.72789763,0.090337698,1.9023878,1.2705933,1.6103715,0.093038643
19910603,before,2.8578416,-0.61844152,-0.78923435,0.58781291,-2.537728,0.56049997,0.82751328,-0.35784493
19910624,before,0.80302652,-0.67145972,2.4966131,-0.8501664,-0.16102692,1.2603161,0.127423,2.2729364
19910628,before,1.1034078,-0.27069266,1.9567182,-0.79557372,0.63710216,-1.2900464,-3.7759846,2.0580434
19910634,before,0.010469341,1.1021188,0.35655012,-1.0019301,-0.21057166,-1.0845697,0.01159327,-0.93581336
19910643,before,-0.24739144,0.03822887,1.2396704,1.097866,-1.5449408,1.7107785,-0.16447877,-0.17737039
19910655,before,0.66498513,-0.64860164,1.481792,1.2443475,-0.1673113,0.58980264,0.40614589,-0.17352623
19910662,before,1.7962772,-0.7864973,0.76453923,0.48798073,-0.97058933,-0.57736882,0.77531725,3.5918161
19910669,before,0.07947715,1.2558751,-0.75879381,2.2307483,0.96284273,-0.30172314,-0.47670944,-0.54180368
19910681,before,0.23656524,1.6571122,0.5360559,-0.92453086,1.0278567,0.30271,-0.16749229,0.31053064
19910683,before,1.4448516,0.11474396,-0.14677008,2.0807265,-1.4100075,-1.0364999,0.70051313,-0.855089
19910691,before,-0.32051931,-1.162242,0.13292401,1.1128712,-0.99601552,0.063111994,0.52375851,-0.52438905
19910698,before,-0.57436079,0.7014388,1.2624395,0.31748859,-0.13881762,-0.50778421,-0.70839174,-1.3310495
19910710,before,-0.22056732,-0.3212409,1.2835202,0.3202452,0.022230199,-1.1538989,-0.28897895,0.019552054
19910723,before,-0.77885394,0.07611361,0.19308252,-0.099735254,-0.71225619,-0.46336449,-1.6813805,0.068472833
19910732,before,-0.041635832,-0.01776775,1.6771316,0.67222442,0.39954318,-0.056375121,0.52035341,-1.817541
19910739,before,0.072673767,-0.57560763,-0.72791205,-0.12180775,0.93236599,1.0257417,0.43906865,0.26242199
19910741,before,0.46183021,0.86380113,-2.1356214,-1.1324519,2.0865528,1.5761262,0.30118452,0.76063102
19910747,before,0.42051384,-1.5893896,0.43749141,3.3599448,-0.92934049,0.40148811,-1.0723769,-0.16320282
19910768,before,-0.57060684,-0.31846235,0.20085981,-0.28456051,0.080294618,0.24702092,-1.317062,-0.29218871
19910770,before,-0.22992369,0.34023317,-1.046558,-1.0925156,-2.7764077,1.4246281,-0.0097770003,-0.58074815
19910777,before,-1.093699,-0.61553921,2.1047515,1.2655712,-0.71890647,2.0938776,0.59705128,-1.2950577
19910787,before,-0.42688815,0.29040874,-0.93241945,0.18123941,-0.20556821,1.0012625,-1.1814057,0.28666958
19910792,before,-0.71135596,1.6992997,-2.487335,1.3596787,0.79861292,0.60881916,0.13393077,2.0487069
19910797,before,-1.2658971,-0.58103094,-1.1147158,-0.2108449,-0.53985891,1.1326509,1.6181616,0.041601783
19910806,before,-1.1735285,-1.6063357,-0.48495477,1.9304646,0.41833723,0.84640687,1.0966597,-0.64039194
19910810,before,1.2583708,1.1437229,-2.7971642,1.7617009,-0.28240813,3.9313718,-2.4212877,0.82788648
19910818,before,0.024236513,3.2022951,-1.7358293,1.2924134,1.8493063,0.8428176,0.21036885,1.31812
19910825,before,1.8159426,-1.228365,-1.0931554,-0.83840594,1.3540209,-0.97531516,-1.3460354,1.0887068
19910826,before,-1.0536428,-0.36877763,0.97117034,0.62854869,-1.4556744,1.6295031,0.66083493,-0.54431913
19910836,before,1.1799357,3.0531654,0.49289927,-0.17458875,2.2301586,1.9111788,1.013752,1.5157902
19910856,before,2.0049555,-2.8092531,-1.0048292,1.7282776,1.6453461,0.58101565,0.88930256,-2.6771209
19910886,before,1.2395944,0.1830426,1.0734682,-0.046331335,0.28684786,0.5945927,0.019533708,0.17488391
19910914,before,-0.7061339,-0.43627532,0.16428982,-1.0946842,0.19629881,-0.60724494,-0.64055893,-0.042278024
19910918,before,2.8693378,-1.2031621,-1.8411743,-1.695204,-1.8383849,0.59802117,-0.54419308,-0.18600041
19910919,before,-0.3325357,-0.28456071,1.4898478,0.42780558,-0.21699285,0.33236711,0.76898326,-0.27068506
19910925,before,1.0014311,0.66037864,0.13998089,2.6493386,1.0570692,0.49101214,0.69836815,-1.0822058
19910934,before,-0.69301762,0.088954317,-0.57746058,-0.30186719,0.72472957,2.5065006,0.33940059,0.41968176
19910944,before,-0.18543685,1.0223713,0.30715511,-0.27012417,1.1326017,0.10390874,0.021868405,-0.80066787
19910947,before,0.4666782,0.21130666,-0.16508419,-0.9803448,1.2184834,-1.0693705,-0.545054,-0.79995807
19910952,before,1.5806367,3.2817017,-0.9559982,0.095565349,1.6668637,-1.3028987,-0.73534389,0.39676974
19910975,before,-1.0547299,-0.75655619,0.11823664,-0.076280694,0.21875778,0.40966099,0.85047223,-0.51392957
19910986,before,-0.56197929,-0.45157106,0.1960538,-0.70993766,0.16195378,-0.92431169,-0.3461329,-0.98164888
19910995,before,-0.69824056,-0.428326,-0.42898897,-0.91153589,-0.23055126,-0.34328976,-0.53072889,-0.47218136
19910996,before,-0.38810557,-0.093968648,-0.78017261,0.25445404,0.22401078,-0.67241528,-0.34619157,-0.95896637
19911009,before,-0.51877414,-1.110201,-0.55612404,-0.46176272,-0.1321336,-0.0011101183,0.35670564,-0.61682535
19911037,before,0.55221763,1.7433443,2.3968365,0.088140682,-1.5131575,1.334996,1.2438307,0.95671355
19911042,before,0.80568276,0.42273796,0.49053808,-0.82057577,-0.32670961,-1.4184896,-0.6448882,0.59268355
19911043,before,-0.34766244,3.1177959,-0.63993603,-0.47179695,-0.12041986,-2.1564549,2.0794494,2.6883358
19911048,before,-0.37940741,0.63409724,-0.70167198,0.38090525,0.65576041,1.00717,-1.1426754,0.22182353
19911053,before,-1.1027587,-1.1062364,-0.85853824,0.52778039,-0.019673286,0.11928556,0.33311757,-0.54007208
19911055,before,-0.14715173,-0.041659121,-0.11161911,1.1257437,-0.09095268,0.34601359,0.053256211,-0.35096955
19911059,before,-0.67388636,0.08542835,-0.94667951,-1.5032041,1.4691954,1.3193688,-0.00434586,-0.01578716
19911060,before,-0.71280271,-0.021215712,0.48799465,-0.69715895,-1.2128166,1.4240131,-0.93684278,0.53101379
19911070,before,-0.59961261,-0.24509771,-0.38092149,-0.31028749,0.11646456,0.26884715,-0.84938448,0.18297544
19911075,before,-0.9817809,0.33651653,0.026911845,-0.1219339,0.23675922,-0.010185397,0.16290767,-0.15015571
19911076,before,-0.95225418,-0.099687453,-0.26104393,-0.59999067,0.57856878,0.45029684,-0.4861004,-0.53985629
19911082,before,-1.1041931,0.54583702,-0.46658319,-1.0196842,0.67317919,-0.4148539,-0.43249939,-0.32242187
19911089,before,-0.66767241,0.53635937,0.53277418,-0.52046147,0.19181827,-0.14417408,-0.10058849,-0.85224689
19911101,before,0.46774016,0.0915949,-0.89663159,1.6656918,0.36104404,-0.99884907,0.22343588,-0.79635702
19911108,before,-0.79595705,0.076793278,0.1270753,0.10851468,0.15324948,-0.17665902,0.013335853,-0.92187723
19911114,before,-1.0830614,0.30352611,-0.012311278,0.51309923,0.97291658,-0.19100213,0.88860941,0.55883154
19911115,before,-0.55007071,-0.48486073,-0.23760637,1.0457502,-0.61704678,0.20985582,-0.19259127,0.52626779
19911119,before,-0.041217211,1.8164416,-1.0579633,2.3076744,0.13569242,-0.93081123,0.115774,1.2842571
19911126,before,-0.72786045,-0.13098735,0.49524612,-0.19369128,0.057655172,-0.57650073,0.46419296,-0.48144396
19911129,before,-0.93730609,0.24597237,0.0077332535,-0.79046721,-0.03581137,-0.7227703,-0.73208339,-0.50596429
19911132,before,1.6895524,0.21878929,-0.15136147,-0.14047548,-1.1800114,-1.2206847,0.37405868,-0.42575126
19911137,before,-0.45100017,0.37508156,-0.93164108,-0.60281679,0.29236086,-1.6211338,0.27945511,-0.14048559
19911145,before,-0.29466282,0.050912677,0.29711102,1.4875903,-0.15047496,-0.25341523,0.26291646,-1.2328203
19911146,before,-0.67048338,1.2388247,-0.20834475,-1.3279777,0.021646992,-0.61107918,1.0005018,1.0612613
19911148,before,0.0076115374,0.049996375,-0.17298279,-0.91475328,-0.37713596,-0.790394,-0.066694392,-0.12044157
19920019,before,0.39259483,-1.4374973,1.3460805,-0.034134168,0.42887714,1.8424368,0.21863115,-1.6325916
19920029,before,-0.7632855,-0.65598922,0.19551669,-0.46760592,-0.0027225725,-0.42032084,0.12710263,0.14717935
19920030,before,-0.78837582,-0.62377302,0.7862567,-0.0069955351,-0.10979388,-0.10755413,-0.95246197,-0.64122095
19920043,before,2.0948121,-1.6058842,-1.0281547,0.080586751,-0.64595664,1.5500243,2.9765889,-0.56746545
19920056,before,-0.14982917,-0.024180913,-0.10487775,-0.84290346,0.17832695,0.093678196,-0.88479111,-0.51567644
19920061,before,-1.23019,-0.055188708,-0.46382647,-0.79094353,0.36122846,0.23966612,-0.29529779,-0.52767277
19920063,before,-1.1395981,0.17507865,-0.77934718,-1.023146,0.6969387,0.17574303,1.1728925,-0.73629902
19920068,before,-0.71428489,-0.19544751,-0.62458993,-1.5129098,0.61389415,0.39557057,-0.12037714,-0.39432788
19920072,before,-1.0215471,-0.034598549,0.32187501,-0.62353342,-0.40967432,0.24944866,-1.1277123,0.23190964
19920083,before,-0.59589357,2.5405347,-1.2562904,0.14718053,2.1055092,0.53273683,-0.44831425,0.53736674
19920084,before,0.062701913,1.0116883,-1.1216632,2.6679025,0.68750058,-0.11710751,0.048977381,0.24080087
19920090,before,-1.1659195,0.53100564,0.53136267,0.77162909,0.35779139,-0.9495582,1.4121815,-0.63945005
19920101,before,-0.83156276,0.99680213,-1.7381145,-1.1561583,1.7372367,1.3961751,0.13055866,0.45302028
19920107,before,0.49939128,-0.09707947,-0.0023529562,0.37162041,-0.13343789,-1.5504047,-0.40866043,1.1740881
19920112,before,-0.68967011,-0.50535882,0.07614934,0.71021205,0.56406996,0.035278487,0.2452592,-1.0419583
19920122,before,-0.0041321312,-0.20727807,1.5199019,-0.73212343,0.90984324,0.8945697,0.067633398,-0.12431896
19920133,before,-0.018527681,0.06314456,0.19185186,-0.68395487,0.15875858,0.28078286,-0.21237027,0.19386834
19920145,before,0.48078489,-1.0449415,-0.99472789,0.71210938,0.87323343,-0.21319698,-0.85375803,1.4237274
19920157,before,0.86013484,-0.072057362,0.49306795,-0.82766899,-0.96306699,-0.00036505672,-0.79720099,0.030659876
19920170,before,0.77089126,-0.38596806,-0.94837667,-0.077918901,-0.05501756,-0.92259892,0.39623864,0.21848751
19920172,before,-1.7417755,-0.81457127,-1.4122368,-0.35388751,-0.48432007,-0.52964679,2.1319142,-0.65623544
19920186,before,-0.83247836,-0.80228526,0.26245113,0.44029056,-0.23196124,-0.040453627,-0.29676812,-0.62956626
19920189,before,-0.041461355,-0.63345324,-0.53574872,0.11940758,-0.51355468,0.059412839,-0.76006965,-0.42284198
19920197,before,-0.19029471,0.37989693,0.38957637,-0.95354384,-1.6996864,0.91867221,-1.8710653,-0.13092725
19920207,before,-0.81888315,0.16987129,-1.7359037,0.93951472,0.86835332,-0.61177954,0.81426874,1.4358381
19920209,before,-0.14122445,0.19133247,-0.21776363,-0.98670697,0.35733968,-0.50705607,-0.089820767,-0.83396199
19920221,before,-0.52131341,1.0586396,-0.64709144,1.6547252,1.0572364,0.93845913,0.12321764,0.13706408
19920229,before,-0.0053179367,-1.0730248,0.78364182,1.8431823,-1.7912498,0.045626601,-0.22982575,-1.59552
19920245,before,-0.28541889,-0.1312097,0.099846648,-0.80398526,0.41799794,0.54819421,-1.489064,-0.72635078
19920248,before,1.271227,0.84004757,-1.2606187,1.1338382,0.76733301,0.11847165,-1.0660594,1.2090164
19920253,before,-0.58445501,-0.11088263,0.11191273,-0.88707507,0.019965943,-0.097380359,-0.25546323,-0.61612452
19920258,before,-0.5629911,1.1511111,-1.1570078,-0.4992008,0.60055198,0.3028785,-0.61515704,0.77400582
19920268,before,-0.78439509,0.36453509,-0.56592856,-0.99477805,0.55824885,0.086740828,-0.58390899,-0.5253486
19920284,before,-0.4581297,0.059071239,0.95090371,-0.55054295,-0.85656414,-0.53985426,-1.7137866,0.10774426
19920293,before,0.8569436,-1.3143247,-0.9753244,-2.0928445,-0.68024429,-0.0064255294,1.7469055,0.74651746
19920295,before,0.54423255,-0.40191754,-0.16307359,-0.85474183,-0.11485465,-0.39497751,0.065823284,-0.060581859
19920308,before,0.24422885,-0.88354592,-0.28438811,-1.2779502,0.92930754,0.14330296,0.23690151,-0.50664886
19920318,before,-0.91810404,1.0288395,-0.92622526,0.20702391,0.15520376,-0.28898609,-0.0045283893,0.69845534
19920323,before,-0.55485354,0.61428745,-0.58584241,2.140897,0.18160046,-0.21545584,-0.35183181,-0.97165466
19920330,before,-0.47987918,-1.184892,1.9863426,-0.57030483,1.7423376,-1.5086238,-3.1841004,3.3221537
19920345,before,0.23034077,-0.41380824,-0.28533289,-0.55426589,0.016933647,-0.3468026,-0.68765276,-0.44717507
19920346,before,-0.27574039,0.6555206,0.49143243,-0.7619107,1.1799579,0.24145444,-0.010179428,-0.94318651
19920354,before,0.08372594,0.94765505,-1.0221517,0.41688813,1.6876964,0.090319026,-0.86006343,-0.22584819
19920358,before,1.3759051,-1.0131818,2.1149982,-0.68380258,-0.83023656,-0.41252829,0.2282676,1.4526857
19920370,before,1.8393467,-0.73655831,-0.80406925,-0.18733515,-0.10160756,0.12207625,-0.26617942,-0.93405191
19920379,before,0.054483025,0.18232635,-0.41260474,0.70793103,-1.2140252,-0.36215849,0.84189064,0.068566652
19920380,before,-0.78785656,-0.12347087,-0.36362317,-1.3131219,0.73256057,-0.24084576,-0.14682731,-0.23076515
19920391,before,-1.3099756,-0.0048974949,1.6258039,-0.29008496,0.44994884,3.3734915,0.91888807,0.85493976
19920396,before,-0.6913798,-0.080866527,0.48697847,-0.98291103,-0.17218801,-0.11330593,-0.48920985,0.70191258
19920404,before,-0.15078962,-0.26709425,1.276748,0.3340828,-0.91203189,0.25740925,0.18482771,-0.59759033
19920411,before,-0.47195733,-0.59407139,-0.2156237,-0.18000945,-0.50445128,-0.034647987,-0.4363926,0.2502726
19920418,before,1.6625819,-1.076734,-0.75873975,-0.54228983,-1.581431,0.22172138,1.5289874,0.93662506
19920421,before,-0.37630729,-0.4383031,-0.15889721,-0.29754824,-0.28444515,-0.16120063,-0.88105717,-0.1926209
19920424,before,0.48796722,-0.27422551,2.4210677,7.5294487e-05,1.1019949,0.89353823,1.5686418,-0.20729284
19920433,before,0.45065531,0.94681138,0.79960031,1.7860578,-0.15081156,-0.12411036,0.60993595,-0.34755191
19920438,before,1.2025994,1.6298425,0.65385758,2.5491011,-0.60892506,0.023305605,-0.55133624,-0.95899863
19920442,before,0.58767357,-0.6597691,1.083271,2.4621125,0.073119635,-0.088336931,1.5483256,-0.91927351
19920445,before,0.76697908,-0.83884092,-1.3888684,2.5353273,0.7922741,0.068928228,-0.26656412,0.23940948
19920449,before,-0.089289127,1.6305834,1.7345271,-0.87723526,1.8617911,1.9655956,1.6014861,1.144591
19920451,before,-0.67754829,-0.33039054,1.1959582,0.50832922,0.12325161,0.56062123,0.52458685,0.82263905
19920452,before,-0.31352556,0.09223201,1.5684296,0.26711306,0.87944981,-1.042388,0.25970667,-0.84834667
19920455,before,-0.54917813,0.41250475,0.17504526,-0.046779014,0.15859657,-0.47074422,-0.68911426,0.092403044
19920456,before,0.31717479,-0.075527839,-0.12303815,0.62154891,-0.05888385,0.21677446,-0.3970015,-0.45351142
19920460,before,1.2964926,0.72530391,0.29763762,-0.68672968,-1.5314389,1.2636389,-0.93625601,2.5528852
19920472,before,2.8980212,-1.2758103,0.50812898,-0.35015732,-0.95493383,-1.6593797,0.21975592,0.73546009
19920477,before,-0.88066117,0.9721565,-0.21081816,-0.64991414,0.86026018,2.0855787,0.31247095,0.72233727
19920481,before,0.090763151,-0.069560887,-0.41480671,-1.1087609,-1.8752389,1.3434859,0.24884787,0.13406795
19920483,before,-0.020472041,1.2650674,0.77136298,0.5159674,-0.85698465,-1.8035962,-0.23595115,0.22397292
19920489,before,-0.87596227,-0.031418887,0.99264024,-0.22726757,-0.34151437,1.0675609,-0.58054277,-1.2441483
19920494,before,-0.69662665,-0.11578442,0.11131228,0.8736339,0.50434791,0.82016418,-0.32094729,-0.10000696
19920501,before,1.695193,-1.2743317,-1.4302341,0.0071287096,-0.38065336,-1.1021579,2.2284798,0.92933541
19920507,before,1.8148448,-2.136118,-0.28320766,0.68312433,1.8762212,1.0217167,3.0303188,-0.58406616
19920521,before,0.23027969,0.05306894,0.8820263,1.1767821,-0.64963452,-0.26761033,-0.80992429,-0.082581805
19920524,before,-0.48825832,-0.47608812,0.014776307,0.04214097,0.17567137,-0.12664499,-0.54433454,-0.77910253
19920528,before,0.79149035,0.81162736,-1.0185468,0.28682145,1.3171739,0.17654124,-0.47898931,-0.02924978
19920535,before,0.02972651,1.5231527,0.10159972,1.2302067,-0.57329364,-0.98259982,0.38731818,-0.19049302
19920543,before,-0.35185491,-0.36797215,1.5486028,0.49653471,0.346569,-0.46302476,0.81495822,0.58317061
19920545,before,-0.76526395,0.21902763,-0.52836106,0.98484677,0.52888667,-0.24534831,0.72172263,-0.77062996
19920573,before,-0.3822969,1.7861186,1.197568,-0.15867422,-0.28817412,0.060749439,0.35449477,0.083087282
19920579,before,-0.71050827,0.54136578,1.7414685,0.66614478,-1.1189489,-0.80157864,-0.092849983,-0.70788405
19920595,before,0.78541914,0.3004656,0.7656992,-0.1785461,-0.41592262,-0.17898233,-0.63200358,0.020730244
19920597,before,1.0121662,1.4325816,-0.60475584,2.9503545,1.1309218,1.6186618,1.1858558,1.3763312
19920606,before,0.23827064,0.75010095,0.70198957,-0.29335309,0.44086079,-0.72105369,-0.60067738,0.3505938
19920614,before,0.56000898,0.40173419,-0.04396262,1.8202988,-0.26382228,1.3316975,0.56404732,-0.036519557
19920625,before,-0.29615504,0.41812831,-1.4015235,0.19592493,-1.8250502,1.34107,0.2617947,-0.65316509
19920628,before,-0.011907134,-2.0313754,0.94719928,-0.67677939,0.036722721,0.082469611,-0.62338897,3.0889788
19920639,before,-1.0166057,0.36105019,0.66598219,-0.5328397,-0.10984708,-0.44514021,-2.1978068,-0.51837551
19920641,before,0.54603702,4.6698509,1.1439299,0.72624887,0.47061813,-1.4808439,-1.6653265,-0.097687632
19920645,before,-1.5586302,-0.89744067,0.36324775,-0.98174267,-0.090471938,-0.88713747,1.1127794,0.63844716
19920654,before,1.410014,4.0039159,-1.8424295,0.5006644,3.4918518,1.8426259,0.26013371,1.9859623
19920670,before,-1.203925,-0.049636506,-0.18303296,-0.69870109,0.5230135,-0.6105326,0.97731799,0.095259259
19920673,before,-0.10899206,0.79802792,-0.1189109,-1.150287,-0.13416977,0.18440098,0.61033615,0.97009047
19920679,before,0.26961256,-2.2216975,-0.33918666,-1.7418829,1.2257281,-1.2792988,2.2221421,2.9017531
19920683,before,0.37007618,1.2974483,1.7974038,1.7713095,1.1607858,0.91756311,3.845527,-0.52622033
19920685,before,0.51946485,-0.32597661,2.1313494,0.049823444,-0.071856914,0.82179623,0.98565413,0.60522323
19920691,before,0.37087212,2.6810075,-1.007516,-0.38751173,-0.39455693,-1.0078597,0.26580148,1.1951757
19920696,before,-0.24677782,0.18796263,0.033816862,-1.1934853,0.19883233,0.048509856,-0.28449516,0.28454455
19920697,before,-0.68879543,0.078244728,-0.18152215,0.16908162,-0.034490865,0.6268215,0.59057062,0.30623198
19920700,before,-1.6138845,0.53409507,-1.0074602,0.031362462,-0.73313376,0.62765007,1.5029887,0.33156987
19920701,before,0.50938633,0.49663268,0.067663874,-0.15329313,-0.098997807,0.33875642,-0.33366873,-0.29106277
19920709,before,-1.0604428,0.24485854,1.3470844,1.2403833,0.0055887094,-0.0075136245,0.076903558,-1.4167464
19920714,before,0.73036488,0.73080255,1.3811325,0.21602078,-1.1259291,0.021819878,0.069190126,-0.8102127
19920719,before,0.95382825,0.62347707,-0.34346262,0.24861305,-1.2997046,0.53283474,0.22641679,-0.0064575541
19920727,before,-0.53543304,-0.21027392,0.0072361918,-0.67855623,0.17397894,-0.64575538,-0.047454613,-0.055480829
19920732,before,-0.092956118,-1.4723808,0.89392455,-0.21706735,0.94198518,-1.3497158,0.79001159,1.7351744
19920759,before,-0.018708328,1.8135258,-1.7136257,1.7852768,1.1778102,-0.02082264,-0.43662501,1.4518383
19920766,before,0.95287164,3.4340554,-2.0965719,0.9654307,2.0021769,0.28400597,-0.042333143,1.9410933
19920781,before,-0.57908675,0.13730476,1.3689749,-0.27069816,-0.21789226,-0.21300223,-1.1256003,-0.61280429
19920787,before,-0.99027755,0.060525022,-0.65465517,-0.62745744,0.067921723,1.5248025,-0.35511732,-0.09241269
19920791,before,0.85053149,0.34835613,-1.0676436,0.62272807,-1.1998533,0.4724007,-0.44399005,-0.20379719
19920801,before,-0.40075141,0.019475207,0.75848013,0.92239571,-0.59271033,1.5249579,-1.6685549,0.010342327
19920816,before,0.31846323,0.44445713,0.66481003,-0.97223894,0.4654083,-0.84310293,-0.050568342,-0.13847404
19920829,before,-0.87965831,-0.37948174,0.32432855,0.66502347,0.31828407,0.35375281,0.49609961,0.7629371
19920832,before,-0.83383299,-0.15353994,-0.018296379,-0.63670605,0.27449627,-0.60616325,-0.20996683,-0.65159888
19920846,before,0.92701507,-0.41947865,0.58948415,-1.1641556,1.8167128,0.22307896,-1.4598082,-0.30845831
19920851,before,2.157842,0.67109409,1.2186328,-0.069515833,-1.0812808,1.1844384,-3.0925626,-1.0592495
19920864,before,2.1480669,4.1037495,1.9283312,-0.0072849816,3.1756372,1.1032072,2.1376132,0.9820608
19920877,before,-1.2458191,-0.49234003,-1.093979,0.79009073,-0.077371019,-0.19057454,0.012510343,0.51447473
19920879,before,-0.23168969,-0.076154589,-1.073496,-0.55492958,-0.77118388,0.39010169,0.54666421,0.36230684
19920890,before,-0.22239718,-0.19518369,-0.036846987,-0.81321619,0.23473935,0.04763315,-0.53491465,-0.52845613
19920898,before,2.9321052,1.5718828,0.70955815,-0.39404818,-0.5575642,-0.4961201,-0.074522552,0.53156707
19920901,before,0.54841664,1.1490299,0.34713353,1.0342769,1.0835265,2.958362,0.15198393,-0.14195984
19920919,before,-0.61262626,-0.78523628,0.75336528,-0.55308943,0.3587381,-1.036743,-0.89526319,1.4417289
19920925,before,0.43839912,-0.40850342,0.47067667,-1.2625189,1.1652073,-0.4771529,-0.7931502,1.5049693
19920931,before,-0.67706849,-3.2634164,-0.68662121,1.3365906,0.51937384,0.071703123,0.74984298,0.54085453
19920951,before,0.18949025,1.3405455,1.9686938,-0.63588629,-0.85473425,0.42939321,-3.3483732,4.2794975
19920953,before,1.2167232,-2.2489803,-0.11065247,-1.7518744,-0.50678769,-0.75205345,-0.53844861,3.0074659
19920960,before,-0.8110772,-0.89057102,-0.81029921,1.2311697,0.095076386,-0.27933088,-0.3862953,-0.77024545
19920967,before,-1.0576402,-1.1924916,-0.093916315,0.48339394,-0.3374924,-0.20164797,0.44036389,1.1144973
19920970,before,-0.19528612,0.60559958,-0.030721103,-1.0355011,1.6014822,0.88458928,0.59397756,-0.91750303
19920971,before,0.31480834,-0.52447355,-0.2906443,0.3703507,-0.17786547,0.13534688,-1.2758974,-0.0012924767
19920976,before,0.93878161,-0.38241717,-0.077458808,0.76882354,-0.22423407,-0.27100889,1.1348939,-1.317823
19920980,before,1.2214457,0.72825133,1.0040471,-0.016077538,0.61975319,-1.6496529,0.68995048,-0.68998595
19920989,before,-0.8793711,0.05320883,0.25799202,-0.49529043,0.60683087,0.044552771,-0.53223689,-0.75161877
19920990,before,-0.64055661,0.592912,0.35095101,1.8012092,-0.038548659,-0.37725593,0.41848726,-0.41901939
19921005,before,2.2172001,0.936003,1.5299709,1.1979004,-1.5301485,-0.71537925,2.1198234,0.34644789
19921007,before,-0.7753088,-0.7668161,0.51808117,-0.76766905,0.53714707,0.25298275,-1.5171262,-0.24686302
19921015,before,-0.13361432,0.23264736,0.20249242,-1.1209538,0.68488013,0.1981789,-0.59977415,-0.33888969
19921017,before,0.78484306,1.122885,-0.89602585,3.3775629,0.57536637,-0.020305488,-0.67579093,0.19859711
19921019,before,-0.17652049,1.5282401,-0.36790407,0.81516617,0.57660123,-1.3398776,-1.0107069,-0.25726146
19921027,before,0.85645568,1.3002726,-0.15793995,1.5848003,-0.86799201,-0.47968149,-0.12225725,-0.30553235
19921029,before,-0.84806904,0.065350081,0.0033686316,-0.27431458,0.1346423,-0.72833304,-0.045544566,-0.6684003
19921039,before,0.29628008,-1.1168629,0.075643698,-1.0043286,1.0363954,-0.80998181,-0.53698208,1.4460275
19921049,before,-1.1450168,0.30459621,-0.65335095,-0.45484839,0.25269161,0.24706085,-0.5617699,0.28860445
19921072,before,-0.98586157,-0.34723632,-0.87069373,-0.33043913,0.17485955,-0.76814312,0.023327114,-0.17924206
19921082,before,-1.045093,-0.19500894,-0.67494621,-0.13425485,0.37587186,0.19973441,-0.71712535,-0.36076991
19921093,before,-0.0001224902,-0.49538117,-0.12259834,-0.93416657,-0.69050058,0.059679164,-0.059212788,0.27232282
19921100,before,-0.13871628,-0.4068073,0.13144682,-0.71318449,0.60241129,0.27902596,-1.5576557,-0.64402908
19921103,before,-1.0265998,-0.023234695,1.2312876,-0.4871533,-0.050099551,1.5960413,0.3382768,-0.57379652
19921133,before,-0.98398694,0.26127532,1.5381083,-0.50637156,-0.65012352,1.2900967,0.0036328262,-1.8968073
19921138,before,0.24677492,-0.85287421,0.083606849,-0.45866731,-0.33003765,-0.95161338,-1.4358145,0.57149778
19921140,before,-0.37946004,-0.86854686,-0.54464419,-0.67541986,1.2987703,-1.4593045,3.3735823,-0.96669525
19921142,before,0.038772436,0.71561991,-0.028077395,-1.2176996,0.84529536,-0.01669758,-0.072171329,-0.021224862
19921146,before,-1.4342058,-0.76287066,0.54892433,-0.136072,0.25084064,-0.9601,0.23457568,0.9891041
19921160,before,-1.0185379,-0.17978504,-0.86082089,-0.44722995,0.41848609,1.5812623,-0.64252812,0.014025647
19921171,before,-0.43120044,0.13501341,0.33652264,0.47310755,0.55384136,0.69115306,0.073168227,0.0054869931
19921177,before,-0.21416981,-0.92726386,-0.11779451,-0.66526947,-0.40825358,0.63075944,-0.80008502,-0.58366989
19930007,before,-1.0936772,0.4250882,-0.89999683,-0.59103563,0.53283414,0.172793,-0.33736468,-0.18415706
19930012,before,-1.2916342,0.45718496,-0.23252502,0.12603758,0.027530586,0.52342175,0.38103336,0.11919607
19930016,before,-1.1780939,0.074823896,-0.47955997,-0.58553282,0.388036,-0.23461148,-0.42337889,-0.58080402
19930018,before,-1.0043318,-1.1205798,-0.17560413,0.63248306,-0.38452819,0.027896066,-0.99156072,-0.8820358
19930022,before,-0.062098785,-0.76130014,0.46157392,0.21843919,0.089252334,-0.53051135,0.10415831,-0.57300163
19930023,before,-1.5107513,1.5749361,2.0520519,0.57716267,-3.1470492,-0.82106105,-0.88500473,0.90459724
19930027,before,-1.0209984,-0.52542903,-0.33863669,-0.37165218,0.21561669,-0.86522285,0.58190487,0.48300979
19930028,before,0.10289338,0.36005509,-0.2232811,-1.2972804,1.2431232,-0.61300975,-0.69187691,-0.2517459
19930036,before,-0.66370056,-0.42584116,-2.1654418,2.2501216,0.35837819,0.48996665,-0.097529823,0.10641047
19930039,before,-1.2094378,0.18184121,-0.76020739,0.88773096,0.12888872,0.11845227,0.64700724,-0.25149453
19930043,before,-0.78573029,1.3508018,-0.22146113,-0.74369635,0.89887402,-0.37595894,0.10942575,-0.31972712
19930045,before,1.7024872,1.06059,1.3961079,0.39791582,-2.4788744,-1.2573567,1.1766369,0.79846865
19930052,before,-1.8213841,-0.71514055,0.22440009,-0.25272829,-0.93513664,0.42836689,0.66731435,1.8117134
19930061,before,-0.76129982,-1.0916767,0.045104919,-0.34667794,0.030903323,0.83310139,-0.93664993,-1.247362
19930064,before,-0.6125391,-0.31295383,-0.28461463,-0.29629104,0.14000471,0.23746715,0.05907226,-0.94960478
19930069,before,-0.074188427,0.55917212,-0.6076974,-0.25593584,0.13138503,0.12531218,-0.79800818,-0.56868549
19930071,before,0.75703781,0.37937684,0.066980267,-0.70605291,-0.085476463,-1.2607686,0.93534109,0.21893705
19930079,before,0.60060226,0.17306323,0.36933149,-1.2281104,-1.2977217,-0.10527886,0.133639,-0.78248269
19930080,before,-1.4504335,-0.51378055,-1.03271,1.366448,0.012279815,0.53490478,1.1264464,0.4298256
19930085,before,1.5881961,-1.4907877,-0.61746236,-0.39531221,0.19854433,-1.1601133,1.3446706,-0.57228301
19930095,before,-0.75754173,-0.52418119,-0.31661317,-1.0749154,0.29351747,-0.18908929,-0.62033702,-0.78661402
19930103,before,-0.75197355,0.12071505,-0.033659055,-0.41903685,0.5505044,-0.5310018,-0.10332734,-1.1654906
19930107,before,0.55805132,-0.21255941,-0.38759468,0.48626831,0.47789257,0.66868616,-1.2335912,0.12991051
19930112,before,-0.93757556,0.018991442,-0.15801196,-1.2074155,0.60148528,-0.15320116,-0.71787401,-1.0057456
19930121,before,-1.1103279,0.30612378,-0.76976407,-0.68620348,0.57444675,0.32598002,-0.52115006,0.11718295
19930122,before,-0.12726786,-0.25352857,-0.14606331,-1.5984036,-1.9052651,1.0766503,-0.86492785,-0.0027263901
19930124,before,-0.50039668,-0.2442552,0.40255758,-1.0883197,0.51009569,-0.12639898,-1.7008125,0.0038991227
19930135,before,-0.93291143,0.1039225,0.018005605,-1.0377684,0.42283576,-0.60310531,-1.0021597,-0.85044862
19930146,before,-0.68431792,-0.07914348,-0.49626365,-1.116028,0.39757259,0.12404018,-0.62204942,-0.9200936
19930155,before,-0.43441917,2.256309,-0.37946224,-0.17999744,1.2886037,-0.50637805,-0.37328039,-0.10549974
19930158,before,1.488602,1.5465254,-1.0324473,2.1708353,1.5749762,-0.13188562,-0.24200909,0.0096035371
19930179,before,-0.32743883,0.019406258,-0.19016176,-1.0615663,-0.52443672,-0.17691028,-1.2514154,-0.04523469
19930184,before,-0.28918748,-0.16941364,-0.68836543,0.15745214,0.54687634,-0.044870359,-0.78433965,-0.75464994
19930191,before,0.4810625,0.4287645,-0.80918557,-0.34683982,-0.97137663,-0.29460666,0.011323123,-0.48062795
19930209,before,-1.0039702,0.010864957,-0.69515257,-1.0322709,0.17582375,0.83374246,-0.079296672,0.28956583
19930211,before,-1.2241317,0.0058201919,-0.43027744,-0.78733489,-0.060454879,0.16933648,-0.73697034,-0.12865532
19930215,before,-0.27102497,0.78181267,-0.28932478,1.4907486,-0.6088742,-1.2728539,0.28411086,0.54745073
19930222,before,-0.79141263,0.84351253,0.50596952,-0.26789581,0.54817654,0.38852065,0.22355207,-0.53560026
19930231,before,-1.3233478,-0.73339494,-0.45824748,-0.58276964,0.12296125,0.21666136,-0.82687907,-0.9208445
19930246,before,-1.3535868,-0.51308972,-2.2184847,1.5112998,-0.26003547,-0.90267255,0.3156777,0.78225426
19930247,before,0.26766725,-0.13127861,-1.2240013,-0.26921204,1.0868615,1.5166408,-0.2968943,0.37006303
19930249,before,0.86020837,0.57118333,0.42010668,-0.93015006,2.3769268,-2.0357207,2.3577886,-1.6831276
19930259,before,-0.84528232,-0.21970179,-0.33790742,-1.1762631,0.12459944,-0.25179722,-0.64978117,-0.83888154
19930261,before,-1.2505723,-0.4170075,-0.54009174,0.068532819,1.3133693,-0.86333617,2.4466814,1.1674493
19930269,before,-1.1857526,-0.63918574,0.41405109,0.12162337,-0.59821101,-0.7988708,0.41368335,-0.13777382
19930273,before,0.031956774,0.073916304,0.11045432,-1.1231912,-0.68428219,-0.22368087,-1.0368921,-0.24716945
19930275,before,0.031647135,-0.30831348,0.7642067,0.74274922,-0.95507322,-0.021303123,-0.28104904,-0.98276778
19930280,before,0.94857272,0.8686928,-0.88676939,0.55933966,0.68236725,1.2294922,-0.87399842,0.99241839
19930286,before,-0.82250959,0.48022463,-0.94781056,-1.222528,0.44317306,0.67246794,-0.12737512,-0.14917935
19930289,before,-0.58328262,-0.49125889,0.77342175,0.33168949,0.67775338,0.25956837,1.3624002,0.18258549
19930293,before,-1.284964,-0.10586151,-0.29827855,-1.1092722,0.31391449,-0.086432632,-0.72557413,-0.64301424
19930295,before,0.88938835,0.72748482,-0.52757409,-1.3348796,-2.2090925,1.7322278,-1.5193705,-1.7367435
19930298,before,-0.37734806,-0.28828878,0.16854531,1.1038485,-0.51554557,-1.0396595,-0.13189189,-0.73079964
19930309,before,0.96300577,-2.1426165,0.18804983,-1.1579796,0.79769983,-0.60590693,0.290374,2.9919154
19930314,before,0.22404254,-1.2394399,-0.19266653,-1.0681148,-0.082160432,-1.2859423,-0.1279047,1.7112721
19930318,before,-1.3392337,-1.8707277,-1.3903345,2.5915951,-0.028815918,-1.451134,0.48828259,-1.4238891
19930344,before,-0.35621405,-0.39262724,1.1370468,-0.41295514,0.18280292,-0.55919546,0.26882294,-1.3767038
19930349,before,-0.75433389,-0.17103982,0.94548685,-0.23731784,-0.68729954,-0.23712741,-0.57354215,-0.67460033
19930356,before,0.88657785,0.32340623,0.9906142,1.0460255,-0.64463666,-0.56414081,-0.07819276,-0.46433022
19930364,before,-0.9459535,0.47309304,0.83408384,-0.22654308,-0.18944687,-0.45555747,0.0077320921,-1.187322
19930366,before,-0.8892577,-0.355761,-0.11100408,-1.1536964,0.48979582,-0.48145888,-0.39056682,-0.42391063
19930370,before,1.1395528,1.1555933,1.4032881,-0.25283414,1.2528819,0.6663668,0.58516171,-1.2086902
19930375,before,1.6614137,-0.4266509,-0.7579256,0.094183006,0.58128779,-1.5821157,-1.6739297,-0.9138479
19930382,before,0.065289441,0.62701702,-0.087317467,-0.20567566,-0.63609389,0.85604985,-0.03379934,-0.90306443
19930392,before,-0.882083,-0.093852982,0.045377222,-1.146491,0.44356076,-0.70599683,-0.12726035,-0.31638399
19930396,before,-0.1595119,0.0026976641,0.13913959,-0.45047619,-0.22067437,0.33038355,0.84703698,-0.55070503
19930411,before,-0.039816779,0.14793044,1.6113997,-0.59697966,-0.66180574,1.0193273,-0.83030977,-0.54397799
19930419,before,0.15693232,0.93707631,0.81959995,-0.67331979,-1.0641088,-0.78264624,0.05434602,-1.0177312
19930434,before,-0.90407374,0.27624373,-0.31760153,2.19883,0.051767494,-0.60873149,1.4571227,-0.0083227649
19930438,before,-1.1584793,-0.37535043,-0.11171179,0.25599007,-0.30983893,-0.42675329,0.14619773,0.17191839
19930443,before,-1.5172647,-0.088484963,-0.59413199,-0.54236854,-0.93580203,1.3660812,0.73005723,-0.24290331
19930454,before,-0.72867257,1.8479591,3.1325598,-0.27055803,-1.1224782,0.949073,0.85302944,-1.98627
19930466,before,0.37427495,0.0022117198,3.4301345,0.79873198,-1.9754264,-0.092134601,2.6809806,0.41211359
19930468,before,-0.22488579,2.8032979,2.8641991,2.0461544,0.49092398,2.4991021,0.07022085,-0.90017132
19930471,before,1.6092357,3.5161587,1.3127507,0.40885869,-1.2829874,-0.62419505,-1.1589783,1.3670995
19930472,before,2.014816,1.9775154,2.2261124,0.8977738,-0.005861769,-0.41259367,1.974117,-0.50938261
19930476,before,3.1233047,1.3507045,-3.4727233,-2.1819073,-4.8822257,1.02809,-4.4645383,-2.7838204
19930484,before,0.27349518,-2.4370962,1.7817291,1.4215422,-0.55260431,-1.5093967,0.0034185116,-1.4605539
19930485,before,1.9444394,-0.56608144,-4.1163769,-1.8136484,-0.7103798,-1.218129,0.7245866,-3.1440572
19930493,before,-0.88564409,0.082036426,0.97539324,-0.26342587,0.08092958,-0.3721621,1.1345815,-1.045953
19930502,before,0.65460993,0.56097814,0.44420494,0.44200586,-0.55385399,-0.40571002,-0.72798195,-1.2183772
19930503,before,1.5549219,0.20256142,1.5945717,-0.91511645,3.0261539,2.2660362,3.5737018,-2.5910233
19930505,before,0.90076625,-0.97014426,2.3005141,-0.27466643,-0.23189167,0.36245456,1.3544062,-1.1289385
19930515,before,-0.049238389,0.2658749,0.20008061,0.14424068,-0.78930544,-0.78695745,-0.94152245,-0.29518174
19930518,before,1.4655063,1.964494,2.3879647,1.14454,0.60543313,0.5844139,0.088121218,-1.0467575
19930528,before,-1.0693397,0.40475088,-0.40786882,-0.80541023,0.058046815,-0.081282944,-0.87471884,-0.39546695
19930531,before,3.0214333,-2.373406,0.062557186,0.069168497,-1.5580206,-3.5242495,-0.011868812,0.46429597
19930551,before,-0.80266033,0.70211526,-1.2307115,-0.07378849,1.4923763,1.2907238,-0.10132257,-0.032947494
19930557,before,0.71073708,0.48699411,0.23465724,-0.40543022,-0.93398203,0.15857238,-0.19318769,0.31699769
19930561,before,1.4160524,1.4702996,-0.18991767,-0.49919073,0.69433744,-0.94029119,-1.1081194,-0.30487956
19930564,before,-2.2034835,-0.47431973,-0.35616808,-0.1362349,-0.59753057,0.33399073,3.9699199,-0.43005143
19930568,before,1.6164647,1.7217496,-0.19782413,0.9348681,1.0185639,0.79991883,0.2170475,0.9647355
19930571,before,2.5942847,0.86827154,0.24944092,-1.3798044,-0.58553202,-0.033411865,-1.0828974,0.71716789
19930572,before,-0.92428902,-0.25044144,-0.52041614,0.35269314,-0.068969494,0.34220615,-0.46259664,0.17494288
19930584,before,0.69137953,-0.96514295,-0.28467651,0.23419718,-0.077122962,-1.1900583,-0.35383363,-0.27036461
19930602,before,0.62676145,-1.7302508,-1.6497989,2.600917,0.54490316,-2.019713,1.1221707,-1.5873068
19930606,before,-1.1442655,0.95563819,-1.07351,0.94562573,-0.22578728,-1.1029334,-0.24145743,1.7910759
19930611,before,-0.89390554,1.308583,-0.35146016,-0.93152554,0.47644746,-1.6948548,-0.72863089,0.1204952
19930631,before,0.49558351,2.0099145,1.5187041,1.9517449,-0.47287081,-1.3173781,0.59517146,1.2143843
19930634,before,-1.459298,-1.3194152,0.11726723,0.077433364,0.21321923,-0.89424868,0.013581901,0.88447861
19930640,before,-0.12034334,0.21945429,0.17574938,0.73742403,-0.22800126,0.16316681,0.024263967,-0.36107747
19930646,before,-0.18232509,1.9153413,0.26211046,-0.048997327,1.0096818,-0.77036032,0.20132482,-0.69423555
19930649,before,-0.27244222,0.03705014,-1.5687003,-1.5598125,-1.1873594,0.29493555,2.4426117,0.11266219
19930650,before,0.055756935,2.8811776,-0.90751257,1.9733024,1.2409199,-0.098911557,-0.21342406,1.3495222
19930652,before,1.4528979,0.47127607,-0.34550236,0.69211702,-0.22581696,-0.58065568,-0.4573366,0.26727214
19930654,before,1.1213015,-0.57011979,-0.54742937,-1.0707813,-1.6705646,0.55818117,0.0029838689,-0.043237507
19930666,before,2.8608028,-1.8092383,-0.93694812,1.4075132,-0.088780503,-1.8718977,-1.6797581,1.0407938
19930675,before,-0.58735007,1.4599745,0.3000556,1.0179968,0.35530114,0.74576215,0.63729183,0.47461795
19930676,before,-0.71826047,0.09821048,-0.098280925,-1.1112859,0.0080580896,-0.43404936,-0.49347884,-0.20124793
19930679,before,0.79595296,1.8031916,-1.0906292,3.7398295,1.5402643,0.98262416,-0.46261536,0.15292753
19930680,before,2.1803713,0.89044861,-0.74750898,-0.51925197,-1.9972258,1.4805233,0.42630256,-0.44965545
19930682,before,-1.0094966,1.2075032,-1.7461292,0.21177933,0.43263916,-2.0643227,1.0018422,1.4025223
19930687,before,1.2291668,0.33512052,-1.1685851,0.24328859,-1.8694245,-0.94733998,0.57863584,0.23557421
19930695,before,-0.57737359,0.63382816,0.42401615,0.32009201,0.31865599,-1.0903046,0.7603448,0.19755381
19930700,before,0.74922857,-0.63330923,0.42435179,0.073312651,-0.76076951,0.86823232,-0.95444845,1.4327744
19930717,before,0.1965825,0.045491945,-0.76075866,-1.6995014,-2.3509164,1.4885939,-0.60656453,-0.23366553
19930722,before,-0.66559355,0.18221923,0.21744097,0.34699833,0.22350146,-0.73268605,0.21713003,0.40458085
19930733,before,-1.338299,-1.0924065,-1.114036,1.0620584,0.029473809,0.46686755,0.64525279,-0.10758909
19930735,before,0.3709303,0.26535873,0.93952365,0.10078611,-0.39689491,0.38579826,-0.21806255,1.9640291
19930748,before,-0.97958623,-0.78188433,-0.92602273,0.8779776,-0.09081725,-0.32746417,-0.24205873,2.1955171
19930755,before,0.44996424,0.19306558,-1.8048708,-0.27029035,-2.8966766,0.23058584,0.84380656,1.1017747
19930756,before,-1.4472365,-1.605162,-0.77546103,1.9671139,-0.50335049,-0.60548964,0.1886117,-1.0704038
19930762,before,-0.4851027,0.44271002,1.5980419,0.88042054,-0.93265603,-0.36289633,1.2560976,-0.24050138
19930772,before,0.70084923,0.056399084,0.64070259,0.58335688,-0.15098682,-0.42743868,-1.3279643,-0.25694149
19930790,before,-0.62272758,0.82923479,0.22739765,-0.23838055,-0.18030332,-0.52483077,-0.17076788,0.53113908
19930793,before,-0.15421311,0.41727225,0.032985919,-0.95058014,0.065683214,-0.48616427,-0.77632881,-0.1171694
19930794,before,-0.64218382,1.2248174,-0.37341657,0.47586517,0.017944815,0.50814423,-0.27588014,0.52216109
19930798,before,-0.90748712,0.5296683,0.39239784,0.010326921,0.15899688,0.49087688,-0.14226104,-0.0039354595
19930803,before,-1.6477675,-0.82044469,-0.89781461,-0.45030664,-0.87647754,1.4240858,1.2778886,-0.37567765
19930808,before,0.76998705,0.23677172,0.66024072,0.70533017,-0.64395631,-0.50406284,0.27245764,-0.054338079
19930817,before,-1.1566236,-0.12980541,-0.18160204,-0.042260653,0.50888655,-1.0933674,0.79884058,0.61929231
19930825,before,0.51962779,0.52771272,-0.82993601,1.617859,0.08151779,0.26552304,-0.4396656,0.47163193
19930837,before,-0.79776067,0.41352386,-1.0269314,0.69557737,0.20869852,-0.77392137,-0.66801428,-0.42404227
19930866,before,-0.58836523,1.4287918,0.16794849,-0.91196217,0.95235008,0.32826859,0.43567116,-0.27597534
19930875,before,1.0043017,-1.2784888,-1.2141927,1.4274867,0.96291796,0.22502887,0.86962371,-2.1764397
19930886,before,0.014065288,-0.27273196,-0.40086794,0.27087051,-0.11795582,-0.074275834,0.2696636,0.68869354
19930891,before,-0.014879813,0.60542521,0.87144316,0.24599979,0.0031486823,0.43828936,-0.91935911,-0.27409313
19930898,before,1.289529,-2.0126175,-1.9631865,2.6143832,0.61578265,-2.0020074,-1.681886,-0.50131225
19930902,before,-1.1987667,-0.084704623,-0.39529644,0.55973433,-0.25572026,-0.55994996,0.14046926,-0.12218475
19930909,before,0.53493441,-0.72398021,-1.922808,2.5473271,-0.078541462,-0.21657955,0.75497174,1.6740734
19930911,before,0.59211786,-0.93271184,-0.72589096,-0.38407574,0.38382839,-0.261758,-0.0084411995,-0.59847358
19930918,before,-1.0344354,0.13472563,-1.1724994,-0.89787081,-0.59513899,0.95014413,0.9330679,0.37360757
19930925,before,0.3883464,0.90998779,-1.3135188,-0.15723145,1.0964658,0.31393715,0.49180703,-0.053570689
19930928,before,-1.3945802,-1.5204466,0.17537737,0.4658856,0.23143935,-0.21678885,-0.072403306,0.42821286
19930943,before,-1.0029134,0.0053950222,-0.1120696,-0.32619557,0.26416869,0.26267223,-0.52962719,-0.36245898
19930952,before,-0.38257366,0.15556395,0.061287916,-1.2939442,0.41278034,-0.66481127,-0.30878696,-0.53242113
19930958,before,1.3588397,3.5819159,0.55843318,1.9115536,-0.11434919,0.20718871,0.13664816,1.9267016
19930961,before,-0.94423024,1.0806229,-0.88038402,3.5955247,0.1787829,0.86228293,0.97869163,0.87659732
19930970,before,1.8081159,0.69486631,2.0272193,2.2478079,-0.83644792,-1.0044163,0.49891747,0.76434459
19930975,before,-0.74435671,-0.11795614,-0.69274084,0.49063733,-0.076085966,-0.47549301,0.23891347,-0.17693463
19930981,before,0.23453667,0.78988741,-0.010022616,0.5865946,0.74929696,-0.24793991,0.046235409,-1.0028925
19930987,before,-0.01990917,1.8423447,-0.65214179,-0.70909652,1.0814679,0.047621737,-0.25163403,0.98043694
19930998,before,-0.9496451,0.19161799,0.10623964,-0.24931755,0.30550022,-0.2451123,0.51732179,-0.098703501
19931022,before,1.1540373,0.6652196,-0.33091921,1.8956989,-0.42977685,1.269886,0.95016569,1.410787
19931037,before,-0.97710159,-0.91877427,-1.355523,1.2690858,0.73879809,0.014172103,0.6585273,0.011743048
19931042,before,-0.308802,-0.095996268,1.5916164,-0.63971462,0.6045572,-0.36559381,0.71628606,-1.1587807
19931050,before,-0.85909302,-0.19345131,-1.6123417,1.1217443,0.23115122,0.47390604,-0.2787965,0.21461801
19931051,before,-0.68328765,1.027652,0.051495893,-0.98489973,1.4078664,1.4508761,-0.025482457,0.63911462
19931063,before,-1.1677256,-0.69029143,-0.50122688,0.90120556,-0.22610295,0.14694637,-0.011064108,-0.10768675
19931068,before,-0.34803578,0.014246617,-0.21811569,-0.51516124,-0.51156202,0.24219849,-0.54180626,0.089091356
19931070,before,0.3505904,0.076348079,-0.083563481,0.59003834,0.16746503,-0.11998661,-1.3072526,-0.22329854
19931078,before,-0.030942655,-0.034852214,-1.1295395,-0.55064036,-0.28931344,0.12910504,0.21048296,0.48477412
19931081,before,-0.15104519,-1.3279376,-0.045528594,-0.67689705,0.54155354,-0.71963058,0.018704927,-0.057378097
19931087,before,-0.20993552,0.2599078,1.0066113,-0.40952552,-0.15489355,0.0084880242,-1.4891813,-0.24516517
19931090,before,-0.31657904,0.87152674,-0.19664803,-0.5125338,-0.13790315,-0.17107419,-0.76833823,0.3098785
19931091,before,4.2238383,-1.3053418,-0.90174357,-3.0030489,1.6645261,-0.49815395,0.17848374,2.4524311
19931096,before,0.49972594,-1.4717551,-0.26898966,0.14223577,0.9537673,-1.7843631,0.15156702,0.48458316
19931097,before,-0.84988883,-1.0396769,-0.15298504,1.3818233,-0.027419437,-0.043084653,-0.83440433,-1.6266042
19931108,before,0.87098669,0.57257477,1.2885148,0.058634865,-0.80228664,-0.99101799,-0.57008066,1.0752461
19931111,before,-0.61325353,-0.10749747,0.25647533,-0.098763706,0.43559068,-0.61035559,-0.59858463,-0.80584957
19931114,before,-1.0980466,-1.0015069,-0.027145865,-0.11984523,0.47379173,0.003857535,0.61648339,-0.13875714
19931120,before,0.18866064,-0.98051996,-0.29362206,-0.86789318,-0.21919056,0.33645535,-1.8621942,-0.22996865
19931121,before,-1.2393936,-0.55828771,-1.0227768,-0.72442083,0.66331902,0.78365063,0.44812112,-0.30593471
19931124,before,-0.54405196,0.067661261,-0.19202576,0.03397515,-0.085171947,-0.0047214737,0.22111692,-0.089481584
19931133,before,-0.53722263,-0.0424516,-0.69503009,0.65829231,0.093480938,0.46343463,-0.00071070195,0.05364241
19931147,before,-0.10855913,-0.4191053,0.50252134,-0.0920135,0.097044407,0.82192345,0.56457725,-0.12941161
19931155,before,-1.0425835,-0.039937692,0.29994962,-0.57067453,-1.1416435,-2.1899091,3.9591037,1.2544399
19931162,before,1.3757717,-0.56488872,-0.66567664,0.17124323,-2.3055831,0.69111237,-0.67544594,0.81308938
19931164,before,4.6240649,0.85543295,-1.458934,1.2584539,3.0083515,0.76712356,-1.8690922,0.44280883
19931174,before,-0.11025339,0.069746961,0.76105203,-0.43147804,-0.101537,0.24144972,0.0087010883,0.14364919
19931177,before,-0.47959404,0.67381897,-0.78746308,0.64378764,-0.13756112,-0.79486023,-0.15634891,-0.038240456
19931178,before,-0.79493299,0.26959262,-0.28028822,-0.43165768,0.30116011,-0.013893298,-0.80580431,-0.77704982
19931180,before,0.9837886,0.50849465,-1.4080347,-1.2569797,2.0125533,1.756168,0.75715043,-0.23813517
19931182,before,-0.15178178,0.059542573,-0.09909275,-1.1281083,1.358916,-1.1345741,0.38286859,-1.1476763
19931186,before,0.31669677,2.363762,0.12048831,-0.34611902,1.6736804,1.1206122,0.32323942,0.54803691
19931190,before,1.5665847,0.1203063,0.55315533,-0.86370782,0.99642009,-1.7202872,-1.4262011,-0.11039208
19940008,before,-0.013949866,1.0672443,-0.88808882,-0.80855151,0.95022603,-0.41745747,-0.17796472,-0.67769951
19940010,before,-1.2439781,0.43442069,-0.64890175,-0.40421462,0.41492167,-0.45714637,0.45768506,-0.57828495
19940012,before,-0.71096047,0.19428749,-0.70174617,-1.108513,0.81658175,0.54239064,-0.49662255,-0.18227767
19940020,before,0.88922667,-0.84500364,-0.56066603,-1.9256144,-0.17146319,0.96098776,1.4755187,-0.37085132
19940029,before,-1.0097366,-0.66890545,0.46769562,0.38370894,-0.45428377,-0.46335568,0.089050222,-0.28361156
19940034,before,0.51801368,0.86643731,-0.66770731,0.83702132,0.022253818,-1.1468401,-1.3701736,0.18806306
19940047,before,-0.63136033,-0.15359752,-0.658347,-0.96111312,-0.17505434,-0.11979797,0.048085939,0.66941471
19940048,before,-0.40159806,-0.58867845,1.0568057,-0.38902334,-0.17075763,0.95468587,0.16333057,-0.0064961911
19940051,before,2.3204537,-2.6043006,-0.14336202,-1.3542924,0.90115273,-0.053048436,-0.20018972,5.4873088
19940058,before,-1.3147666,-0.062322655,-0.5940766,-0.61530363,0.010272795,0.29447847,-0.39237258,-0.76177671
19940060,before,-0.63882224,-0.87931234,-0.51471102,0.49932707,0.3980993,-0.042940805,-0.56931985,-0.98820877
19940067,before,-0.26442597,0.061545965,0.90128952,-0.82675037,-0.13459261,-0.54957697,0.24783465,0.37566407
19940081,before,-0.68419698,-0.40241371,1.9610337,0.0092340866,-0.50584214,1.6423867,2.3120816,0.84652595
19940082,before,-0.97802519,-0.17627166,-0.22480514,-0.92694334,0.41113001,-0.25083929,-0.68783726,-0.77000694
19940089,before,-0.069074137,-0.35180648,-0.0054237496,0.054335114,-0.46246293,0.25832226,-1.6414059,-0.39805459
19940101,before,1.7593155,-0.69642025,-2.0350466,-1.1445036,-2.5509254,-0.02300109,-0.67458297,-1.9047922
19940106,before,0.27399462,-0.74643263,-0.71365803,2.5224289,-0.94675833,-0.074130443,-0.6034818,0.43208239
19940115,before,0.79163303,0.47803077,0.033185186,-1.121809,-0.60050486,0.9610615,-0.78595628,-0.55196461
19940122,before,0.052114204,-0.54506509,-0.16626257,0.075816012,-0.17204429,-1.8381839,0.30451514,-0.35691218
19940128,before,-0.97398026,0.049284883,-0.57779203,-0.15796949,-0.13384473,0.078425157,1.8386893,0.4537351
19940131,before,0.80163929,0.053188188,-0.4635282,-1.5192911,-1.0575334,-0.70440833,-0.018077453,0.88771321
19940134,before,0.85772796,-0.4618762,0.18680695,-0.49078805,0.13144659,0.2150333,-1.3341102,-0.6330107
19940142,before,0.080699646,1.2048025,0.41150532,0.40334691,-0.38153913,-1.0409993,-1.6149456,0.51250527
19940160,before,-0.41508847,1.4005039,0.52696223,0.84400415,0.48567184,-1.2348146,0.32236259,0.46369833
19940163,before,1.3974899,0.85362433,1.4806631,-0.2124583,-1.1571205,-0.30855851,-0.80463547,-0.061934588
19940166,before,1.5913668,-0.24875773,2.5235324,0.58793801,4.0635348,0.80459366,2.7570501,-0.75276069
19940176,before,-1.007934,-0.54458819,-0.7130697,-0.26721897,-0.27072004,0.5418158,-0.4193469,-0.01673877
19940180,before,-0.71921562,-1.8114714,-1.6317343,0.34648452,1.0825272,1.1219035,-0.8859088,-0.44670438
19940182,before,-1.2575278,-0.88654559,-0.29906457,0.1535874,0.28989597,-0.14056808,-0.51989965,-0.87652519
19940195,before,0.86928144,-0.062629422,0.024394661,0.51318542,-0.58613865,-0.020984909,-0.052553072,0.55768152
19940213,before,0.49068766,3.3828646,-2.3250561,1.0590201,1.9760354,-1.692591,0.12508254,0.43121999
19940216,before,-0.51558663,-0.37223547,-0.34774005,-1.1295261,-0.46535309,-0.1782826,0.036477538,-0.54002123
19940231,before,-0.87359831,1.106467,-0.53247233,-1.1731954,1.0406575,0.76653129,0.41943523,0.23467505
19940237,before,-0.42677393,-0.64212569,0.41595469,0.36327873,-0.36741885,0.21599237,-0.1552984,-0.44075719
19940246,before,0.23560469,-0.86768715,-0.047531356,0.72098457,-1.5485771,1.3642752,0.13262418,-1.1421131
19940266,before,-0.45666648,-0.93674343,0.23822457,-0.78565154,1.2558621,-1.0971961,0.65164571,0.6769682
19940268,before,-0.94367361,-0.16487825,-1.1647913,0.56534238,-0.1852934,-0.26491488,0.31583995,1.0800326
19940272,before,-0.90685208,0.075797606,0.084569861,-0.48436475,-0.12548592,-0.38236321,-0.29978395,-0.62948714
19940276,before,2.6121376,-0.44836046,-0.76189932,-1.3032751,0.086184185,-1.6693114,0.30242395,0.76264692
19940283,before,-0.52983777,0.67366566,0.51935184,-0.28599739,0.12160473,-0.025241392,-0.89657945,-0.43793149
19940290,before,0.15329111,-0.51781054,-0.17080314,-1.3415797,0.12139796,-0.11610555,0.13731126,0.0075487405
19940299,before,-1.2392831,-0.26690104,-0.54342069,-0.57564983,0.09722333,0.4128245,0.41681365,0.20351292
19940310,before,1.5668716,1.022354,-0.53352557,0.36344194,-2.7772122,-1.3355584,-0.53961505,0.35397651
19940325,before,0.52486039,-2.0992684,0.82460858,1.6289147,-0.4812616,0.75115202,-0.32346033,1.0776107
19940331,before,0.32872166,0.48688213,-0.98693503,-1.0624447,-0.69573293,-0.30199489,0.74962845,-1.5123684
19940337,before,0.28945428,1.0811475,0.94012673,-0.35649696,0.7794187,-1.0014737,0.34823247,-1.0783208
19940353,before,-0.24710908,0.46212481,0.95438301,-0.1488767,-0.02553325,1.3293695,-1.772682,-0.54684583
19940361,before,-0.70176075,2.142274,0.2762173,1.6045362,-0.54083084,0.69760222,-0.402518,0.94071421
19940367,before,-0.41160092,-0.35231047,-0.60329306,0.29322262,-0.7358299,-0.78610505,0.028823287,0.46667489
19940368,before,0.062420694,1.2618363,-0.90012387,0.4878748,1.8711987,1.0068974,-0.35418084,-0.094193378
19940373,before,1.234415,0.08494053,1.0079147,-0.18214385,0.63553991,-0.77824034,-0.37760747,1.3130747
19940374,before,-0.12272256,-0.80971718,-0.7147578,0.87210391,-0.91161339,-0.09351872,-0.07800538,0.79543068
19940380,before,0.58524998,1.555528,-2.6626474,1.7957748,-0.3637103,-1.8578624,0.50560787,1.7522689
19940383,before,0.67280798,1.0825352,1.0250026,0.72025682,-0.82141851,-1.8461419,0.23260142,0.3107384
19940385,before,-0.24498661,1.7670213,-0.50809468,0.68842839,0.94564354,0.75763907,0.9234939,1.1540435
19940392,before,1.0505522,-0.10589624,-0.36800323,-1.5550352,-0.95546324,0.26973584,-1.0915826,0.2618111
19940394,before,-0.067868555,0.49893609,-0.36756343,1.2582505,0.44829475,-0.63689574,-1.0923346,-0.61573909
19940398,before,-1.0511278,-0.12633329,-1.3752892,1.5933133,0.95469062,-0.6538354,0.15383126,-0.26656513
19940403,before,-0.81872332,1.5773355,-2.0758233,2.4906135,0.54701945,-1.2401709,0.270048,1.9289032
19940408,before,-1.3353295,2.3653385,-0.59362041,1.3313653,-1.0189656,-4.0619199,2.4006746,1.927234
19940422,before,0.01238333,-0.78467525,-0.58629264,0.24665795,0.013226648,-0.068483349,-0.18088443,0.10690011
19940424,before,-0.965858,-0.13282375,-0.12607512,-0.4165774,0.3305433,-0.30797994,-0.46756673,-0.52223167
19940431,before,0.6637809,-1.1295492,-0.8158992,1.923922,-0.21613592,1.6573628,-0.81561565,0.67789315
19940443,before,-0.8069168,1.9755817,-0.62916915,-0.48227088,-0.15959002,-2.8441528,0.9704507,-0.15402416
19940445,before,0.14261788,-0.064786193,0.31660344,0.8844624,0.56086439,-1.2336876,-0.086656306,-1.8210217
19940452,before,1.2481906,0.22031713,-0.18017404,-0.3805005,1.4735842,-0.56389671,0.54996652,-1.3387526
19940458,before,0.8691367,-1.4281629,0.046069546,1.1606963,-1.203417,-2.8397453,0.42140524,0.57527548
19940461,before,-0.88130137,1.0358336,-0.29807632,-0.67629832,0.44273414,-0.17817457,0.080132681,-0.0060208967
19940463,before,-0.35825593,-0.57335597,0.099961875,-1.0056537,0.29355275,0.79761948,-0.10847564,0.31823277
19940466,before,-1.41997,0.050565576,-0.79915632,0.48737582,0.22801625,-0.76795932,1.3512664,-0.2354359
19940472,before,-1.0185121,-1.7614253,-0.27933024,2.1318556,-0.17274622,-0.86565326,0.26846765,-1.1730278
19940477,before,-0.8077459,-0.53767472,-0.42108828,-0.62523464,0.12785804,-0.10113603,-0.46405821,0.57585097
19940479,before,1.1922291,-0.20451281,1.2960284,-0.15629778,-1.6863414,0.87607206,0.24739365,0.069019466
19940491,before,1.107714,0.052290263,-1.0244522,-0.12611054,0.61056032,0.076754431,0.34237377,0.8393683
19940493,before,-1.0288965,0.33263744,-1.4085864,1.2034933,-0.41591392,-0.6213623,-0.83284822,1.5010925
19940497,before,-1.9787778,-0.96870986,-0.47822544,1.1179147,-1.0045933,-0.1167817,1.4583927,0.61271546
19940517,before,0.033523136,-0.5920658,0.95707364,-0.11502086,0.21145826,-0.26091252,-0.14673557,0.51995342
19940522,before,-0.65870785,-0.37946812,-0.059501738,-0.74839099,-0.15525096,0.63960744,-0.3451838,0.50976947
19940534,before,-0.45846702,-0.7029941,0.3672172,-1.0023772,0.4927721,-0.74260228,-0.16852461,0.037967063
19940536,before,1.3047038,1.9187838,1.3655935,-0.27656039,-0.41078685,-1.2967084,-1.4788498,1.1787114
19940548,before,-0.35637901,-3.6323378,-0.16454494,3.2347261,-0.25570702,0.073954263,1.0910081,1.2884374
19940553,before,2.8393185,0.97749098,1.4013406,0.47458181,1.7062544,0.14733863,-2.0013607,-0.17072841
19940559,before,-0.71058982,0.96364231,1.3068627,-0.27558575,-0.39054657,1.226476,0.26321284,-0.67081987
19940561,before,1.4462648,-0.89766828,1.9058896,0.82865743,-0.35880431,-0.23195297,-0.40393858,-0.41606438
19940564,before,0.89500475,2.9044497,1.5498121,0.54015298,2.6024019,-0.6223441,1.5380238,-0.65041291
19940571,before,0.95525697,3.4126834,-1.4071675,-0.24661547,-0.57752802,-0.48336204,0.65039681,0.98500301
19940585,before,3.2978788,1.5397312,-1.0914378,-0.71074839,-1.347831,0.55145299,0.5433003,-1.434919
19940593,before,-0.69759517,1.441052,0.43836844,-0.53044758,0.088969436,-1.132586,0.18589964,-0.68530751
19940600,before,0.1078429,1.8056937,-0.22125819,1.5584299,1.3274052,-0.39591016,-0.80102193,-1.1636354
19940605,before,-1.0890259,1.3498596,0.91094857,-0.50057455,-0.17101524,-0.856894,0.52188892,1.0718288
19940609,before,0.79376765,-2.2137417,-0.32509915,2.4102678,1.8863612,-1.2646807,-1.1291728,2.8869982
19940617,before,-0.07924515,0.084606882,-0.2760231,0.5504891,-1.8584347,-0.15950147,1.8237281,1.3355422
19940621,before,-0.20690512,0.92820024,-0.51572491,1.5984226,-0.20652565,-0.3368847,0.9088873,0.51501773
19940638,before,3.3104366,2.1091374,1.1604531,0.17776425,0.93780906,0.9084146,-1.7852278,1.9467455
19940640,before,0.22514646,-0.53076429,0.075281881,1.2947403,-1.1040804,-0.29961877,0.42348381,-0.041715766
19940641,before,0.42086536,-0.5188746,0.63118994,-0.96138676,0.25006469,0.43903518,-1.8936207,0.89886548
19940668,before,0.35440341,0.22756222,-2.4841193,-1.9294828,-1.8390022,0.17049289,2.4592428,-1.0311327
19940674,before,0.81324514,-1.5102656,-0.61159468,-1.0721141,-1.3189091,-0.1867573,1.3523065,-0.33234
19940683,before,-0.6819658,1.8369404,0.57275751,1.7918135,-0.14899652,1.1870207,0.38967134,1.3476058
19940686,before,-0.94451904,-0.42724337,-0.70472491,-0.57571593,-0.93309622,1.3920701,1.3653298,0.82171149
19940689,before,1.5370211,-0.54899181,1.6141741,-0.80011995,0.68872804,-1.0195792,1.328239,1.2216548
19940703,before,-2.3457482,-2.1718282,-0.085670947,0.74667863,-0.58002958,1.1399195,3.8059109,-0.24458498
19940726,before,1.0362086,-0.87486356,-0.37238099,0.17898191,-0.73949467,-1.0094505,-0.25050712,-0.48297502
19940732,before,-0.20114487,0.57981155,0.55858178,0.10754588,0.24772602,1.0466231,-0.46559441,0.093249094
19940737,before,-0.42518185,-0.086507507,0.22939017,0.49301722,-0.54634698,-0.17308636,-0.94802408,-0.044847109
19940739,before,-0.68470667,-0.60742498,1.0748283,0.45356879,0.27872239,-0.30574451,-0.030380959,0.06702898
19940750,before,-1.779019,0.36682165,-0.83776141,-0.21603059,-1.3249594,1.3921708,1.7320827,1.0735102
19940764,before,0.12401288,-1.3550484,-0.83797739,-1.1619874,-0.43721467,-0.20930201,0.5636706,1.4974538
19940769,before,-0.062569259,0.4899995,0.80514859,0.074880255,-0.4775163,2.3914506,-0.077221084,0.32848568
19940773,before,-0.1421035,2.1194576,-0.064076915,-1.024179,-0.36425204,-1.4944136,-0.33136523,0.81889132
19940776,before,-0.0061072495,0.59074139,0.9943926,-0.12548103,0.13423031,-0.13003253,0.068676456,0.059514249
19940801,before,0.17044022,-0.011867426,-0.052243978,1.8539384,0.41049143,-0.22630343,0.72433177,-0.11098218
19940804,before,0.85460781,2.7509151,-2.286956,-0.55617155,-2.1346933,1.3055377,0.48460301,-2.4105404
19940807,before,-1.7177508,0.93565741,-1.0036966,-0.98709109,-1.4043953,0.22424141,1.4141457,0.050891445
19940817,before,-0.51567621,0.51315495,1.0299415,-0.68258001,-0.10047218,-0.012268778,-0.079992456,-1.203762
19940832,before,1.7607956,-0.11995527,2.9085552,-1.4766995,-0.24168886,2.6876742,0.56502185,0.19604002
19940840,before,0.9323898,2.3814998,-1.1762452,-0.28008026,-0.97895908,-0.1313722,0.15977301,0.70049889
19940844,before,-0.52109939,0.89924105,-0.21118544,0.57411846,0.14164242,0.37186226,-0.31809117,-0.2536163
19940854,before,-0.82112874,0.68872919,-0.02301252,0.99772577,0.3940014,1.9616299,0.21416715,0.17149084
19940860,before,-0.57525209,-0.082021207,1.6524213,1.1072765,-1.2710648,-0.69565698,1.2495808,-0.65091013
19940862,before,0.58029927,-0.64885975,-1.8281731,1.0704154,-1.9676375,1.3202358,0.13365234,-0.66880825
19940870,before,0.12985927,-0.21095109,2.5833338,0.00060078245,0.36294919,0.65454898,0.80884031,-1.0005247
19940875,before,0.37766795,-0.58700205,-1.2761656,-0.10879185,-1.5422034,-0.80109688,-0.038788329,0.18648824
19940877,before,0.34004347,-0.54414246,1.2222525,0.74031432,-0.14928572,0.57987975,-0.48351442,0.0053487704
19940881,before,-0.457367,-0.56947269,-0.65875573,-0.63409742,-0.46207389,-0.079591159,-0.44720441,0.29347
19940882,before,-0.37379769,-0.35156298,1.8504605,1.6274152,0.73956288,0.73792662,1.7665021,-1.5403508
19940886,before,0.86647693,-0.2769951,-2.0041721,2.1905673,2.7107727,2.3667736,-0.93758969,-0.88413339
19940891,before,-0.50561029,0.71386005,0.2848905,-0.82851291,0.80170411,-0.39375352,0.064168536,-0.82866944
19940894,before,0.41371711,-0.15499633,-0.04925822,1.1768228,-0.13497378,0.0090818854,0.64789837,1.5110857
19940899,before,1.3411682,3.2795626,0.46970696,1.7241457,-0.71500167,0.30461505,0.86617792,1.4109299
19940900,before,0.29654656,0.68069196,0.92377295,1.3976412,-0.26624181,0.27302456,-0.55552613,-0.14056766
19940902,before,-0.7013754,0.54156095,0.95233807,-0.41026174,0.75645848,-0.68875926,0.11651647,-0.71489621
19940917,before,-0.49811901,0.10408057,-0.38645469,-0.36571463,-0.076264381,-0.0023947074,0.12257241,0.13803122
19940925,before,-0.05349079,0.033365282,0.26617124,0.35969929,-0.74783592,0.62366451,0.15725061,-0.3079754
19940933,before,0.50959821,-1.1983799,1.2096745,-0.99764574,0.50371095,-1.6883921,0.35387373,1.0324198
19940943,before,0.45827194,1.7884614,1.7013151,0.86509666,-0.2816366,1.1179972,1.2631981,-0.41961462
19940946,before,1.0960305,1.6307654,0.83193779,0.32011875,2.7872694,1.7456953,0.036322452,-0.096374416
19940950,before,-0.66142742,0.83525472,0.12668431,-0.11570969,0.46348503,0.72627986,-0.64420349,0.03698358
19940952,before,0.45325158,1.0657943,-0.56890666,0.754594,1.4563924,0.40472432,-0.43473227,-0.29542989
19940954,before,0.046371738,1.2533065,0.25180291,-0.21976887,0.054520749,0.23500535,-0.49048108,-0.043199048
19940960,before,0.31051521,2.1189251,0.41658991,-0.42869223,-1.0287737,-2.124851,-0.94512567,1.8806304
19940990,before,0.73422225,0.6179437,0.14813959,0.18493203,-0.3539828,0.36200701,0.58697886,0.28067606
19941002,before,-1.0031581,-0.061007485,-0.03961989,-0.55552527,-0.0071923585,0.27384057,-0.64137224,-0.0086171846
19941014,before,1.954271,-3.5019747,1.477988,-1.5446793,1.6194922,-0.47264168,0.1912487,2.4470839
19941019,before,-0.47484302,-0.66402492,-0.69883424,-1.2995333,0.31106241,0.91217208,0.58235713,1.171512
19941023,before,-0.20105701,-0.37039453,0.50617173,0.39857403,0.033257176,0.72470889,-0.15385517,0.62358909
19941030,before,-0.52763352,-0.45775042,1.7910351,-0.019371381,-1.120298,1.6775979,-1.342438,-0.84798636
19941031,before,-0.71876284,-0.32570131,0.72033066,0.037284236,0.097639361,-0.29024455,1.1374077,-0.28898521
19941034,before,-0.97422947,0.81484162,-0.18984623,-0.53321489,0.28070695,-0.66708682,-0.062736386,-0.25613658
19941038,before,-0.89981502,-0.49267069,0.18272262,-0.097255231,-0.022384571,-0.6364964,-0.19238367,-0.80959835
19941045,before,0.3446943,0.40484706,-0.49634045,-0.93176977,0.88004192,-1.0136909,-0.076001295,-0.83490899
19941051,before,-0.44768136,-0.67245376,1.4152257,-0.50623857,-0.34643786,-0.11600408,-0.31096413,2.2780046
19941055,before,0.28710509,0.99562608,-0.19609131,0.56224624,-1.0115244,-0.84533041,-0.71413137,-0.19858015
19941065,before,-1.0783577,-1.1959331,-1.3712459,0.39302818,-0.1687624,-0.98340417,-0.49159616,-0.29904877
19941069,before,0.040481503,0.49809313,0.77714288,0.050936564,-2.0727117,0.68230144,0.062969741,0.3625407
19941074,before,1.4935726,0.91151011,1.133502,0.42426598,0.30075203,0.77032951,0.22412082,0.22809704
19941076,before,-0.27497522,-0.36115249,0.52420954,-0.94416874,0.03317266,-0.19381422,-1.2086278,0.25511072
19941093,before,1.7048974,0.22641059,0.028802791,0.10729459,-2.1369722,-1.2963612,-1.6003308,1.103892
19941113,before,-1.2480946,0.21415815,0.11748217,-0.88588214,0.2071458,1.0380287,0.26193844,0.39906425
19941127,before,-0.85638524,-0.7928311,0.30023464,-0.65049917,0.1792359,-0.18760976,-0.094660383,-0.53090766
19941134,before,-0.3580248,1.197375,-0.96613885,-1.3495004,1.1266907,3.8358504,1.3236222,2.4435154
19941137,before,0.41373987,1.0633852,0.10503977,0.70140137,-0.79406024,-0.061480149,0.34148183,0.66766132
19941140,before,0.10401597,-0.83128837,2.309306,0.00360039,-0.26244,2.2763918,-0.58256689,0.15667157
19941144,before,-0.88745758,0.055279861,-0.66880896,-1.0222507,-0.08845535,0.32690634,-0.47934869,-0.4522237
19941148,before,-0.02806522,-0.74205737,-0.013117977,-0.18054129,0.30420458,0.73114716,-1.164145,0.23522781
19941156,before,-1.4191214,-0.29433682,-0.41106817,-0.19494199,0.20397311,0.22837987,0.24905504,0.34098471
19941164,before,0.50632219,-0.18810186,0.66543445,-1.4064827,1.1567132,-0.53661185,0.87244466,-0.56268237
19941166,before,-1.30856,0.81310819,-1.7675617,0.61487727,0.46121258,-0.37432622,1.5817275,0.46887789
19941178,before,-0.56157679,1.1319135,0.34032763,-0.14542488,-0.061679479,-1.4044079,-0.093571734,-0.5313924
19941185,before,-0.99101073,0.25691185,-0.11679832,-1.0459945,0.38726066,-0.59266022,-0.80577938,-0.96537601
19941186,before,-0.63527083,1.6033069,-0.025859302,1.4759247,0.77781819,0.71936423,0.39714919,1.2875102
19950003,before,-0.86188756,-0.2623711,0.29179526,-0.32500353,-0.37442643,-0.42230087,-0.85390042,-0.94041591
19950008,before,-1.0447531,-0.26582016,-0.25942801,-1.152951,0.58532779,-0.26108088,-0.61378041,-0.94745632
19950010,before,-0.87886893,-1.3695631,0.73540277,1.1005918,-0.54328367,1.5669117,-0.66390578,-1.0980233
19950014,before,-0.29770363,-0.5825059,1.5360379,0.21976241,-1.4479107,0.9697393,-1.6411153,-0.69336148
19950017,before,1.627949,-0.50449082,-0.54608782,-0.80073858,-1.0148764,0.19827796,-1.0618724,0.17225878
19950022,before,-0.75849605,0.43145032,-0.64913959,0.67855606,0.3411961,-0.31516106,-0.3813295,-0.3988957
19950024,before,1.3028039,1.3554929,-0.6846653,-0.4401763,-1.1891242,0.30038056,1.469737,-1.358415
19950034,before,-1.0992428,0.33025503,0.078124889,-0.8300258,-0.010899954,-1.1749945,-0.15788167,-0.46831664
19950040,before,-0.47918095,0.19055814,0.024371162,-0.07846768,-0.049901339,-0.3596663,0.24916981,-0.42300802
19950041,before,-1.1271011,0.61532105,-0.33796893,-1.1661868,0.61223193,0.0054449101,-0.53788723,-0.23539462
19950044,before,-0.62761443,1.3481382,-0.86848552,1.0278062,0.59628398,0.28965359,-0.68011093,0.30787226
19950051,before,0.66322876,-0.17650264,-0.25216671,0.0092645518,0.064845125,-1.3897857,-0.14222764,-1.4601669
19950057,before,-0.54185532,-0.7329378,-0.043456945,-0.64651552,0.32733678,-0.39822827,-0.96266275,0.32897309
19950064,before,-0.67097885,-0.073548992,-0.38847718,-1.0544394,0.39003794,-0.18343943,-0.57545525,-0.63405504
19950079,before,-0.16619182,0.23166389,0.061267808,-0.92857457,0.13184182,0.26705976,-0.83096464,1.2682494
19950093,before,1.5362707,-0.58639922,2.0264841,-0.2754502,-0.41588699,0.5436166,-1.8096651,-1.1615172
19950100,before,-0.31422606,0.82839606,0.19276046,-1.1404827,0.94701565,-0.9773887,0.0072522944,-0.70229371
19950106,before,-0.57655874,0.14265314,-0.88094519,-0.72311675,0.41490911,0.3152037,-0.63779134,-0.64058802
19950111,before,-1.0691969,0.43658242,-0.81582412,0.65362337,0.60348009,-0.65865554,0.012001342,0.0172035
19950116,before,-0.76757018,0.38451253,1.2633749,0.25541271,-1.5298696,0.21957716,-1.4051437,2.193813
19950127,before,0.96540132,1.6152901,0.18379797,1.0878995,0.81971739,0.6691212,-2.858329,1.3709886
19950131,before,0.06334747,-1.1857231,0.034145875,-0.21754688,-0.30941451,-1.2623448,0.13876452,-0.3235533
19950142,before,-0.80115961,-0.22564563,1.1519933,0.15807767,0.016085516,-0.22605724,0.83603379,-1.7844191
19950143,before,-0.31005528,1.7928084,-1.2553892,1.2375711,0.81797633,-0.82194659,-0.20419701,0.68086862
19950146,before,-0.33501302,1.3772287,-1.6703569,2.0977583,0.59995819,0.11902771,0.16107826,1.4867189
19950165,before,-0.56771341,-0.36018031,0.046394049,-0.46966371,-0.13749957,-0.24700327,0.15267509,0.010424796
19950185,before,-0.36591919,-0.4431014,1.5952091,0.15171218,0.37099053,0.33101529,-0.41495114,0.099252271
19950191,before,0.47327814,-0.84252026,0.47015672,-1.1087718,0.43396504,0.95224561,1.3020272,-0.083503274
19950211,before,-0.483051,-1.0536189,1.5259894,0.18085047,0.5782379,0.16158932,-0.082627538,-0.24632592
19950217,before,0.40784625,-1.0298108,-0.073176092,-1.2500777,0.86940835,-0.17002384,0.14085543,0.34193807
19950226,before,0.61440089,-1.9061494,-2.064601,3.3494133,1.8147314,0.55031522,0.46940312,-2.9784508
19950231,before,-0.73209172,-0.61067147,-0.51000594,-0.22564802,0.054891776,0.37549983,-0.40868769,-0.8139275
19950235,before,-2.2726903,-1.3567788,-0.55063994,0.81721177,-0.73809462,0.21835487,2.2167945,0.2207167
19950238,before,-0.76782307,-0.32354565,-0.01851044,-1.0489666,0.50978446,-0.63499793,-0.29168715,-0.36438156
19950240,before,1.2722672,0.64242301,-0.82425696,3.0817491,0.74534592,1.4469495,-1.5293981,-0.14906326
19950248,before,-0.11067117,-0.32039483,0.010706405,-0.33367302,0.34207663,0.098293188,-0.313127,-0.52576136
19950251,before,-0.81150568,-0.15545721,-0.29832541,-1.0457296,0.67873482,0.68243522,-1.0257566,-0.60688931
19950255,before,0.72197838,-0.32333956,0.65479708,-0.46673648,0.010440095,0.10766733,-0.58293624,-0.50598058
19950265,before,0.65198845,-1.0788993,1.3763776,0.12876366,-0.68939691,-1.0305504,-0.56661729,0.29476508
19950274,before,-1.270871,-0.92656286,0.23615135,-0.064355931,-0.57909735,0.35600349,-0.47983575,-0.43237092
19950277,before,-0.89006385,-0.70027397,-0.76945645,-0.10561733,0.1949961,-0.48379866,-0.15414128,0.43662419
19950289,before,-1.4258004,-0.77132905,-1.1229352,0.2851911,-0.14440476,-0.21141663,1.5757328,-0.2008847
19950291,before,-0.29051995,-0.2722025,1.0363727,-0.030669969,-0.15473805,1.0651306,-0.0073803603,-0.058620104
19950299,before,0.98523302,-0.88391301,0.024393129,-0.50819801,-1.4054502,-0.27969448,-0.63436593,0.1659535
19950300,before,2.2058706,-2.001756,-3.3412488,-2.0604043,-0.99402154,3.1383288,3.8437789,-1.3009295
19950306,before,2.0054631,-1.2030434,-1.0237191,-2.2104961,-1.4846078,0.74767265,-0.23736301,0.41142223
19950315,before,-0.93954041,2.2491666,0.098610038,-0.57431862,0.20667971,-0.37384503,-0.30508861,0.46526579
19950317,before,-0.92669975,0.64187503,0.46764403,-1.0458243,-0.027873244,0.17249456,-0.97932212,-0.67116345
19950322,before,-0.81902794,-0.6363011,-0.24731124,-0.68778732,0.10414916,0.35671764,-0.1598438,-0.23237648
19950349,before,-0.92680368,-0.13280769,0.34960359,-0.18809334,-0.079415017,-0.2852634,-0.87686932,0.04194337
19950367,before,-0.33405707,-1.0447348,-0.36575674,-1.0678796,0.18684431,-0.928617,-0.11497273,0.0032810515
19950373,before,0.14343572,-0.452448,0.15018716,0.66753821,0.41884948,-0.38937799,0.3243817,-1.2891977
19950376,before,-0.96381786,0.22560347,-1.9348453,1.1507014,-0.92175047,-1.4482923,-1.6240952,1.4060329
19950380,before,1.260016,1.6020379,0.7194155,-0.18595701,0.36821448,-0.30123612,-0.24303237,0.41749578
19950386,before,-0.5955918,0.40491293,-0.27419913,-1.8168858,-1.3102994,-0.49908901,3.7706128,1.8101575
19950392,before,-1.518502,-2.0031097,0.1765163,0.36301783,1.0530857,-0.32845186,0.83851852,1.5841025
19950393,before,0.70833451,0.86326476,0.034048791,0.41433946,-0.44661462,0.37732789,-0.25439908,-0.043316546
19950399,before,-1.2383758,-1.2618312,-0.19228405,0.72777729,-0.50586603,-0.52497622,-0.31752606,0.15191795
19950415,before,-0.24389485,0.45929935,-0.13522448,-0.99703044,0.71788047,0.45708397,0.054250866,-0.45812208
19950418,before,-1.219557,0.40520056,-0.6391219,0.9079405,0.36783039,-0.44923836,0.22966765,-0.41536568
19950448,before,0.60828682,-0.58822841,0.44713252,0.43578312,-0.46150799,0.017654748,-0.13399679,-0.18932678
19950453,before,0.86488971,-0.13910232,-1.2474428,-0.078978607,-2.5663133,0.89832544,0.50164104,0.22295593
19950459,before,-1.1203666,0.58683213,-0.5045828,-0.49265694,0.26668911,-0.8736033,-0.4695332,-0.58522944
19950470,before,-1.3183314,-1.3627539,0.23743819,-0.37234061,0.40732901,0.044384131,0.12753225,0.95827647
19950486,before,-0.41134622,-2.020788,2.671743,0.6825156,-0.88473005,1.1891846,-0.50676602,-0.49102421
19950500,before,-0.35383061,-1.0272067,-0.45960813,0.11258977,0.88665574,-0.6155964,0.33993821,1.8514758
19950507,before,-0.010351677,-1.2371551,0.34002164,-0.18631274,-0.035332182,-0.36208925,-1.2327488,0.41691023
19950512,before,0.32166884,-0.094041583,1.0920294,1.4730503,-0.86768708,1.3515605,0.22325783,0.71408552
19950540,before,-0.53741271,-0.23078529,1.529651,0.078196251,0.63990473,-0.28691705,-1.3343484,1.7865222
19950545,before,-0.53185924,0.15174171,-0.30124763,0.39713061,0.26794643,-0.65882341,0.14319664,0.43655943
19950547,before,-0.40355388,-0.85655284,0.41090662,0.36139778,-0.0096970802,-0.61789549,0.3468725,0.62287238
19950549,before,1.2317485,0.25491745,3.6466111,0.34078571,-2.091192,1.0813651,2.3637606,-1.0662675
19950555,before,4.4257615,-1.5458355,2.7406789,-1.7737714,3.4851012,-1.6481432,-1.475935,3.2005932
19950558,before,0.09426186,-0.6958617,-0.074948418,-0.13922667,-0.56822217,-0.52490406,0.55951097,0.37457168
19950562,before,1.2746576,-2.2456747,-1.246564,2.6030915,0.30151669,-0.59591333,2.3401099,-2.4138069
19950569,before,0.68350932,0.59743309,-0.62705645,-0.012814663,-0.37591243,-0.32859112,-0.58613086,-2.0652005
19950574,before,-0.44415432,1.406591,-0.22292969,1.3937988,-0.062232429,0.57563826,0.12826255,0.51679558
19950580,before,0.20215655,-0.1265877,0.53092411,0.34164577,0.3047753,0.49880594,1.0535912,0.14979406
19950584,before,2.7481546,0.62777106,1.5379334,-0.3284373,-0.43828327,0.75028355,2.9181586,0.21613332
19950592,before,-0.40036892,-0.24256715,0.66931301,0.27791132,0.049129559,-0.013357212,0.026438948,0.42999326
19950593,before,-0.17550244,1.1558425,1.9531573,-0.21453303,3.2056253,4.233178,3.9425876,-1.1637678
19950595,before,0.30632834,-0.91466914,0.06886747,1.5732811,-0.50038905,0.45479826,-1.8380829,-0.62582657
19950596,before,0.82935995,-0.32581566,0.38596876,0.81562227,-1.7147284,-0.95839431,-2.0231315,-1.3161099
19950608,before,0.10779969,-1.1175217,0.025546144,1.1070039,-0.65027859,-0.8688154,-0.99679896,-0.03988307
19950611,before,-0.09894131,0.33273454,-0.25845511,1.9556774,0.10150919,0.27555143,-0.87246584,-1.240694
19950614,before,0.057662914,0.91736225,-0.27516448,0.96399937,-0.606661,-1.6803365,-0.8716061,-0.8437477
19950626,before,0.47118581,2.5982387,1.2342886,0.31028667,0.52477788,0.66971495,-0.02163801,0.52890848
19950629,before,0.28241641,0.11257788,1.7216089,0.7352921,-0.71404741,0.16166246,0.13044728,-0.033090824
19950632,before,0.075179717,0.79917976,0.47800962,-0.57451756,-0.43954498,-0.35491896,-0.61201242,-0.50208212
19950636,before,-0.56592258,0.81839976,-0.41912706,0.5646032,0.43747179,0.23688185,0.39912653,0.62989944
19950637,before,0.9208418,3.9219172,1.5068913,-0.1884359,-0.27392342,-0.790781,0.088454062,1.2301854
19950653,before,-0.01542481,-0.92950266,-0.31066287,-0.94937961,-1.213625,0.15459826,-0.7648648,0.42219149
19950654,before,0.87471383,1.6648621,-1.6530647,4.9259546,0.73691056,0.73599863,-0.34693245,1.3111985
19950656,before,-0.083403498,1.0963228,0.46779248,-0.12107272,-0.54168161,0.59413374,-1.2289805,0.10659456
19950658,before,-0.14158206,0.25069065,0.27341879,1.0160947,-0.24196185,0.067578545,-1.2130046,0.12495887
19950672,before,-0.0095662707,1.3363871,-0.82625726,0.84952313,0.059778271,0.051084851,-0.18324849,0.058480694
19950676,before,1.0873524,0.32554602,-0.89332149,-0.17733191,-1.6323025,1.6278313,0.088718615,-0.1120488
19950677,before,-0.19354344,-0.35988572,-0.1370875,1.6695409,-0.84151765,0.59075785,-0.45523196,0.63733218
19950691,before,0.82706013,-0.8006688,2.6409023,1.4180738,-0.17648967,1.1265219,1.3569746,-0.67434631
19950699,before,0.5265242,0.30254281,0.018144465,0.44026739,-0.83282115,-0.017022311,0.60177781,1.0192796
19950704,before,-0.91793703,-0.028082089,0.013372398,-0.17803795,-0.092265067,-0.40729245,0.3279914,-0.53006924
19950708,before,-1.1124771,-0.48373991,-0.57807594,1.1204463,-0.16738405,-0.035996617,0.20322327,-0.51830061
19950720,before,-0.7497648,1.0168293,-0.42622814,0.65071951,-0.016057614,-0.047370819,0.34853178,0.81809165
19950728,before,0.707708,1.4995326,-0.48730131,1.9048358,0.54498016,0.8010672,0.85491475,0.22330872
19950732,before,0.50727286,1.535912,-1.095184,-0.56483782,0.21254864,0.15468246,0.74003236,-1.0929842
19950734,before,0.62074465,-0.16079759,-0.40142986,4.9154441,-0.21317033,-0.74913778,1.308364,0.17444887
19950766,before,-1.4321985,-0.5815269,-0.10111484,-0.059406023,-0.24829476,-0.66856517,0.51747851,-0.28422804
19950770,before,0.41973821,0.34133543,0.11917012,1.4355337,-1.5181106,0.60847593,-0.93307587,0.083670584
19950774,before,0.64239678,0.46054559,0.47600922,1.9539272,0.16972057,1.8846773,0.023643374,-0.40683581
19950779,before,0.51548978,-0.036232647,0.62256919,1.0256622,-1.2887447,-2.1143722,-0.16570188,-0.010960675
19950794,before,-0.53572073,-1.7569293,1.0248846,0.14790311,0.047383562,-0.46731596,0.92121359,1.1200132
19950812,before,-0.69742466,-1.9432165,-0.25369753,2.8089366,-0.28431528,1.4599887,0.33756472,-0.94462077
19950815,before,-0.070846596,-3.5486054,-0.98349209,3.472491,-0.56464109,1.2726771,1.3983085,-1.6617916
19950839,before,-0.6542846,3.0070294,-0.22533173,-0.96801044,0.53344261,-0.85536042,-0.45895222,0.85974656
19950847,before,-1.4257276,-1.1463121,-0.52726734,0.12714554,0.28244534,0.12091165,2.0993515,-0.15263184
19950852,before,4.1095666,-0.89738901,-1.2060343,-1.1728734,-0.58540797,1.7175519,3.633043,-1.2934722
19950857,before,3.5455314,-0.02581087,0.34894072,0.59458311,4.2193418,0.10989681,3.2991615,-3.1575708
19950865,before,0.76043385,-0.53482659,-0.13798752,0.61998124,-0.12557677,0.32159925,-2.1897325,-0.34753867
19950872,before,-0.17300422,0.021527155,0.77016192,-0.85327079,0.49417423,-0.44251636,0.0096934118,-0.28077044
19950910,before,0.261144,-0.84471269,1.0961303,-1.0508958,0.067776319,0.75698316,-0.66900698,0.4259901
19950921,before,-0.38099752,-1.1249066,0.35313473,-0.042295841,0.30607876,0.51356681,-0.45653179,-0.68015143
19950933,before,0.23365625,-0.70323772,-0.57761064,-0.044887205,-1.4182721,-0.48766577,-0.79368023,-0.56391157
19950935,before,0.53461914,-0.10135582,4.5631387,0.015197937,1.2201904,0.093433989,1.9838506,2.8064071
19950948,before,1.6006789,1.618959,-0.91654774,3.0350251,0.24854681,-0.40753211,-1.1067789,0.2415618
19950954,before,0.34859363,2.2257753,1.0819517,-0.42465463,0.8388233,-0.68440019,0.0075978547,-0.34790885
19950962,before,-0.17913113,0.57598722,-0.047316658,0.43589118,-0.033977264,-0.67511444,0.51381724,-0.26649338
19950963,before,-1.5869032,-1.0809562,-0.42562362,-0.252572,0.064694205,0.24371456,0.70978659,1.0455327
19950970,before,0.67119596,-1.0374379,-0.074683652,-1.0224592,0.47791875,-0.49504308,-0.13320708,2.1642843
19950986,before,3.0012725,-0.067259828,-0.63783263,1.4571708,1.5824165,-3.0213688,0.95690896,-3.0568171
19950991,before,-0.9471193,0.47227869,0.33391998,0.43319268,0.24566016,-0.59955097,0.04227345,-1.0495622
19950995,before,0.032479242,0.17493021,-0.3673392,-0.097686972,-0.3542416,-0.062556368,-0.41080145,0.019091398
19951006,before,-0.074134481,-0.27527872,-0.30673779,-0.022848713,0.43433887,0.066434458,-0.3319333,1.3984308
19951016,before,0.29712955,-0.73511891,-0.82799461,0.047144094,0.11020785,0.14150296,0.54943419,1.0656039
19951022,before,2.1862614,-5.5076379,-3.6901048,5.7206578,-0.26068802,-0.28479607,-1.3221008,-4.3758253
19951024,before,-0.37888059,2.4385075,-1.2333643,1.7152002,0.22607136,-0.74595579,0.097670788,2.2135031
19951026,before,0.41525345,1.0586073,-0.57255777,-0.5990167,1.1348792,0.27221985,-0.83890305,-0.11565741
19951044,before,-0.66805039,-0.32659098,0.31810205,-0.4198086,0.21880227,-0.22137244,0.1708712,-0.69011818
19951054,before,-0.9412859,0.20456201,-0.5863353,0.03609577,0.4133365,-0.099423198,0.20185206,-0.23543691
19951060,before,0.11961796,0.56976778,-1.9556204,-1.3039959,1.9771534,2.3063616,-0.12178742,0.077283558
19951062,before,-0.99450533,0.058804317,0.29052895,-0.69130457,0.33845713,-0.87878505,-0.47598905,-0.7109841
19951079,before,-1.3356959,0.46624758,-0.67878017,-0.8796007,0.55695773,0.996887,0.046830253,0.71363921
19951082,before,-0.3782562,-1.7710074,-0.22931187,-0.12951059,0.061601687,-0.4506004,0.91171542,0.71313936
19951090,before,2.297384,-2.458149,-0.33656038,-1.3795193,1.4459451,0.048756038,2.9275373,-0.33220602
19951096,before,1.4357476,-2.0863242,0.081505392,-1.6334129,0.74369307,-0.77868458,0.88557291,1.5365178
19951098,before,0.57823686,-0.33149655,0.4142391,0.2438418,-1.360962,-0.64812851,-0.77533707,-0.44813485
19951099,before,-0.85003132,0.11048839,0.14193432,0.7289548,0.078170934,-1.0320869,0.33379654,-0.35791942
19951104,before,-1.0978258,0.096119725,-0.68747699,-0.4831469,0.65381077,0.38516346,-0.45937145,-0.21113231
19951109,before,-0.95307087,-0.24941926,-1.1853857,0.88785986,0.45842769,0.31818509,-0.81367505,-0.054667808
19951115,before,-0.38900319,-1.3450511,-0.087240273,-0.03412326,0.018616688,-0.67588034,-0.054266001,-0.015534196
19951122,before,2.449415,-0.59067641,-1.5661734,-1.2485677,-0.43401517,1.0286736,1.1070966,1.0697877
19951139,before,-1.0705544,0.36885529,-0.17036794,-1.0318294,-0.43988113,-0.13176002,-0.87822941,-0.041163795
19951141,before,0.20955182,-0.80275951,-0.2009017,0.074312781,0.06400519,-0.88559059,-1.3834691,0.5315794
19951146,before,1.6207705,-2.0321151,0.53690039,1.3579492,-0.24284445,1.1348934,-0.59159931,-2.1266721
19951147,before,-0.9190154,-0.74178243,-0.25326198,0.5569537,-0.070223317,0.39606508,-0.59469136,0.26434091
19951149,before,-1.1362704,-0.37278809,-0.073364159,0.84655276,-0.27582666,-0.074292462,0.14538464,-0.34615174
19951150,before,-0.55217099,-0.56478602,-2.3038455,3.9601459,0.42294009,1.0213112,1.6671524,1.1957758
19951163,before,-1.1184524,-0.043694488,-0.10636842,-0.80512265,-0.21473401,0.2446231,0.23535501,-0.49783425
19951167,before,0.57047081,-0.87094892,-0.039830256,-0.58963604,-0.68052092,-0.44465334,-1.5334922,-0.14788272
19951168,before,0.020636086,1.1883926,-2.1563801,-1.3621997,0.063375731,0.79572408,0.42438448,-0.45555854
19951172,before,-0.68274159,0.38646092,0.27193443,1.6603232,1.0327955,0.31044607,-0.41604292,-0.99710123
19951174,before,-0.16643196,-0.047006189,0.17952695,-0.7031628,-0.20387047,-0.17875719,-0.28617822,-0.16912492
19960002,before,-1.1830458,-0.29545973,0.32588118,-0.48680704,-0.17587895,0.3029679,-0.40484507,-0.99818765
19960008,before,-1.516382,-1.077491,0.62155179,-0.10660815,1.4523019,0.086184281,2.1564103,3.0553911
19960009,before,-0.97837037,-0.066300302,-0.22758318,-1.2491502,0.67784448,-0.44685796,-0.3031737,-0.96488919
19960014,before,-0.48396123,-0.08791798,-0.27737954,-1.2717754,0.92316184,-0.072219249,-0.45816454,-0.90162386
19960016,before,-0.73451832,0.041147403,0.13845722,0.71630276,-0.14974858,-0.64536746,0.48081147,-0.29465859
19960020,before,-0.30753135,0.92278669,-0.54616631,0.82996434,0.36157217,-0.12868278,0.029841524,0.47736757
19960027,before,1.9159863,-1.0557297,-0.47767251,-0.55122769,-0.28672411,-0.98893239,-0.18280637,-0.11024344
19960038,before,-0.87117299,-0.51153692,-0.088756359,0.15622176,-0.22778289,0.088371016,0.056181993,0.90046732
19960042,before,-0.72557454,0.98381607,-1.0583744,-1.5784487,1.7112298,0.034532873,0.91516957,0.24410954
19960054,before,1.3118344,-0.52748348,-1.1110017,-1.2212072,-1.7509093,0.79031936,1.5121639,0.5713018
19960057,before,-0.54227978,-0.76664132,0.74531217,-0.18685616,0.48373189,-1.1864953,0.85906531,-1.6988746
19960063,before,-0.66559746,0.81288512,0.33110045,-0.78311854,0.97932941,0.79059204,-0.12145005,-0.55108271
19960064,before,-0.99641083,-0.18937316,-0.071157697,-0.61455101,0.39086206,-0.16744352,-0.87968235,-0.044286051
19960066,before,0.38333889,-0.063136219,0.50277674,1.4873724,-0.65325932,0.73424381,-0.84291491,-0.55512547
19960074,before,-0.78927956,-0.56859992,-0.92394136,1.5786794,0.12648582,0.75588846,-0.64076567,-0.29908378
19960076,before,-0.52651956,3.5565906,0.26795822,-0.68816595,-0.9376439,-3.9426874,1.1505983,0.86026685
19960077,before,-0.41802146,3.5793463,-0.60851001,-0.1599775,-1.056282,-1.7504239,1.2613785,1.9591414
19960081,before,-0.52302476,1.2305931,-0.7779319,-0.79497804,1.2651886,-0.42129082,-0.34781688,-0.37226703
19960096,before,0.15821823,-0.71113954,0.22359343,0.11418317,-0.21133166,-0.49077699,-1.0286529,0.99903647
19960101,before,-1.0255014,0.29748522,-0.15906981,-0.00095907692,0.13277846,0.10836417,-0.41358229,-0.46257134
19960108,before,-0.85487496,0.41341384,-0.075168763,-0.65731789,0.48363264,-0.42790086,-0.11518222,-0.71885388
19960110,before,0.13355966,0.87808921,-0.76145652,0.036945758,1.4707514,0.065174659,0.64569985,-0.40904232
19960111,before,2.218069,-1.022148,-1.0594882,-0.81039501,-2.9894158,0.48554063,0.29336815,-1.7685543
19960117,before,-0.65013235,-1.2670161,0.1001423,0.025154067,0.1861024,0.24072621,-1.1799631,-0.086954968
19960132,before,-0.3621001,0.33160179,1.9349142,-0.28763629,1.2155327,-0.57078294,0.86254933,-0.69509637
19960141,before,0.58675528,-0.1661474,0.3138567,-0.38616991,0.20078011,-0.58061854,-1.3431057,1.472071
19960155,before,1.7537112,-1.38643,-0.038871256,2.2370523,1.6424273,-0.60849158,-0.74490549,-2.5665766
19960158,before,-0.5753149,0.11148766,0.053288258,-0.82375564,0.40002439,-0.52709319,-0.85902917,-0.7308142
19960160,before,-0.14456896,0.010676163,0.53523337,0.12374007,-0.61154925,0.18637348,-0.52471696,-0.015634369
19960165,before,1.6953342,-0.7065985,-0.74309993,-1.8316031,-0.59683327,-0.30354344,0.24920167,0.10031608
19960175,before,-0.72718831,0.19645616,-0.44840823,-0.91526609,0.74322569,-0.15647089,-0.33811489,-0.33010339
19960185,before,-0.6206627,0.092407537,0.65321796,-0.54100276,0.037245469,0.12838162,-0.92153859,-0.38148278
19960195,before,1.1792141,-3.5296495,-1.1423508,-2.1579321,0.91019624,-2.5582269,-1.3896559,3.4487458
19960197,before,0.47641564,-1.934608,-0.72796897,-0.19120628,0.78782998,-1.3851486,-1.3181683,3.0035944
19960202,before,0.45909594,0.4873958,1.2779043,0.23423057,-1.0736392,1.0519062,-0.28002458,0.14356765
19960207,before,0.15920046,0.40552083,1.5754872,-0.50677251,1.1643632,-0.88187641,0.49044768,-1.689724
19960209,before,0.69238176,-0.58470519,0.58538437,-0.89929758,-1.2835554,1.3834123,-0.32947413,0.7103067
19960232,before,-1.1018931,0.30718056,-0.62202915,-0.8497648,0.75830607,0.33871359,-0.73621859,-0.55457773
19960233,before,-0.76823597,1.3368017,0.44405073,-0.36843004,0.86922371,-0.63072682,-0.2087028,-0.52576384
19960242,before,-0.039913476,-0.93911901,-0.046538667,-1.0491516,0.41513912,-0.70563558,0.080273895,-0.53387389
19960248,before,-0.68624732,-0.4045297,0.16785501,-0.84000244,0.21891133,-1.1718917,-0.4634726,-0.93932314
19960258,before,-0.41036893,-0.41705112,0.69086568,0.20310952,0.30185708,0.03854287,-1.214857,0.64831034
19960264,before,0.66311509,0.35011543,-0.47903239,-0.98130256,0.39325727,0.14125989,-0.15016804,0.13480618
19960269,before,0.0660865,-0.56205975,2.0313042,2.0761135,-1.260156,2.3563927,0.42428637,0.88641808
19960273,before,1.7920822,0.38888331,0.27975081,0.45383957,2.20649,0.98684583,0.53953798,-1.0913903
19960282,before,0.80774158,-1.0924207,-0.39283077,2.0501919,0.82206933,1.7007283,2.9269214,-0.49602974
19960284,before,-0.99725708,-0.86402176,-0.35106864,-0.37100113,0.22477872,-0.59825608,-0.18939607,-0.036341439
19960286,before,0.0074020736,0.83483923,0.4277643,-1.1482753,0.00076352756,0.98051837,-0.054900845,0.60367177
19960290,before,0.90942363,0.052378664,-0.28602748,0.96993853,-1.3520115,-0.7948115,0.15431089,-0.72949582
19960301,before,-1.205796,0.52249989,-0.32579591,1.4680013,-1.4517963,-1.1928369,0.95930029,1.579088
19960308,before,-0.029030868,-0.15527274,1.5439296,0.49055605,-0.78556645,0.31186285,0.47106261,-0.3786026
19960320,before,1.7221254,2.7329503,-2.7406428,-0.97198806,-3.3104452,-2.6920948,-0.24357194,-1.7752683
19960347,before,2.2098615,0.4044591,-0.63402073,-0.44132408,-2.3981676,1.1435579,0.44589417,-0.93459098
19960350,before,-0.4924308,-1.1115236,-1.1943482,1.9982667,-0.27706505,1.2955515,-1.7694221,-0.6107428
19960356,before,-0.252081,-0.19259944,0.17088667,-0.47377526,-0.54746696,-0.64536244,-0.2066904,-0.91673804
19960363,before,-1.1576398,0.17519388,0.87225707,-0.14885867,0.042507193,1.9798902,-0.22139723,0.14724271
19960379,before,-0.3776155,-3.2479736,0.49338386,0.38351639,1.5751072,-1.4152024,0.60030915,3.2744802
19960383,before,-0.9479632,0.11256009,-0.33401059,-0.34552928,0.22548014,0.47888985,-0.33016848,-0.53645636
19960386,before,0.81060005,-1.9070966,3.6711102,-0.58156887,0.40900486,0.95271642,-0.51242097,7.4819325
19960392,before,-0.72466246,0.23151997,-0.52060397,0.019046756,0.24154228,-0.65247413,-0.050589048,-0.44467589
19960400,before,-0.54139986,-0.99752469,-0.911328,-0.40720642,-0.45805037,1.4906472,-0.50734529,-0.49275214
19960410,before,-0.044027515,0.90737637,1.1406705,1.5289652,0.38199308,0.28411928,0.86505327,-1.0448174
19960414,before,0.76690739,0.078368971,-0.45806677,0.99758542,-1.5116617,0.050506173,0.38458795,-0.50670066
19960418,before,0.5079948,0.22313577,0.89673306,-1.1669828,-0.099551429,-0.31221498,-1.2709314,0.56955065
19960422,before,-0.013816514,-0.37127434,-0.44272292,1.3900363,0.8008662,-0.33584038,0.46587888,-1.4641427
19960426,before,0.51842556,-0.73524939,-0.042913861,-0.092174779,-0.19772141,-0.75284329,-0.13186617,-1.4931784
19960450,before,-1.4980013,-0.59549953,0.21388879,-0.41989126,-0.05700492,-0.74175399,0.30164128,1.0524686
19960460,before,1.1921949,-1.2861478,0.83592545,0.044360902,0.5567179,0.66371879,-0.20494007,1.062195
19960464,before,0.98586579,-0.45524576,-0.1052315,-1.4163805,-0.483597,1.2404427,0.20373406,-0.83279063
19960472,before,3.6755284,-0.20362788,-2.464664,-1.6656843,-1.3700515,0.91651977,-1.4544313,-0.94652121
19960489,before,2.3927499,0.2929995,-1.9917698,1.7481746,-0.033158396,-1.0073403,-1.2164234,-0.53860878
19960490,before,-0.94361528,-0.48817735,-0.66274114,1.8677186,-0.1635065,-0.94633882,0.60602798,0.5053037
19960496,before,0.35383703,-0.44804999,0.080349084,0.84133241,-1.1129205,-0.27978374,0.13209438,-0.021029828
19960501,before,-0.42757331,0.75627466,2.1122822,0.66425562,-1.4139067,-0.87911392,1.4716677,-0.26364684
19960514,before,0.6477106,1.3803814,-0.30658453,1.0627258,1.5754187,1.5340368,-0.714075,0.20940741
19960518,before,3.0203505,0.36488099,-1.0981801,3.5103434,2.5531041,-0.025591862,-0.82945649,-1.3573023
19960525,before,0.079784686,-0.6661164,-0.088006224,-0.21819784,-1.2768168,0.45829501,0.37081012,-0.25584069
19960528,before,-0.84057001,0.15969966,0.23300163,0.14310228,0.56572195,-0.90781209,0.24874775,-0.13133944
19960530,before,0.88566679,0.034587641,-0.026815598,1.4636475,-1.0768256,-1.6900452,-0.39961989,-0.045680038
19960538,before,0.74869821,1.996225,-0.41311451,1.950905,-1.0111783,-1.7546013,-0.6538522,0.54788898
19960552,before,0.30337552,1.4942146,0.97124029,2.134997,-0.75049045,-2.2584546,1.0488898,-0.47760723
19960557,before,1.4968109,0.02762103,1.1446583,-0.0031584404,-0.0066757583,-0.8486749,-0.33930878,0.86765068
19960561,before,-0.92860554,0.50404731,-0.25007645,-0.45476946,0.39691187,-0.67232531,-0.512655,-0.535869
19960577,before,0.31251451,-0.13734653,-0.60739644,0.55964051,-1.4844317,0.022398133,-0.033489509,0.14573736
19960599,before,-0.90169882,-1.8765954,-0.37269528,-0.50192448,0.63586645,-0.69899192,1.0820196,0.040690216
19960612,before,1.6013668,-0.70074509,-1.0384924,-0.75661346,-1.0795116,0.62288474,0.78915835,-0.1598009
19960625,before,4.3353467,-0.75489697,0.40632746,0.29428358,-5.2393604,0.52833453,2.0952425,3.9764448
19960627,before,1.3645001,-0.44207585,-0.30975585,0.9464976,-2.4280303,0.27976467,0.84859998,1.5440597
19960631,before,-0.3827438,0.26204663,-0.2079246,-0.77693221,-0.40054077,0.59000835,0.30423915,-0.091596048
19960635,before,-0.91881298,-0.1099815,-0.24066072,-0.12667611,0.46937299,0.4214845,-0.43545019,-0.69672616
19960642,before,-0.43816375,-1.1749358,0.55165101,-1.0360707,-0.075431934,0.19819563,-0.37041551,1.8832766
19960652,before,-0.45927678,-0.57358035,-0.16965323,-1.1088811,-0.21634539,0.1800173,-0.055725717,0.21326258
19960663,before,-0.63047737,1.2096182,0.084356015,2.7793739,-0.024484057,-1.0414679,0.23993336,0.40304059
19960665,before,1.1641415,0.43453946,0.47638958,0.50559525,-1.655183,0.0047955414,-0.34896607,0.67274265
19960679,before,1.5706354,0.89114182,-1.152366,-0.19203506,-0.50681017,0.49995707,0.79233261,1.106996
19960692,before,-0.85620876,-0.2464127,0.86968238,-0.076609951,-0.19037376,0.41532193,-0.29022663,0.011645842
19960699,before,-0.82072464,-1.3347967,2.5589217,0.13365657,-0.85238539,1.0657851,-0.40593613,0.17027358
19960715,before,1.0475136,-2.2078147,0.26967758,-1.5486995,1.7404713,0.20787047,0.89177903,1.0051625
19960729,before,-0.20910861,0.21558652,1.429068,-0.43951682,-0.54344789,-0.33701236,-0.47776416,0.16784668
19960734,before,0.26353251,-2.0548194,4.8129796,1.5575645,0.36957588,-0.52807826,2.8032317,2.0228773
19960744,before,-1.042829,-3.4470463,-0.55079701,3.5385177,0.88239958,3.9104242,1.1361219,-0.98177801
19960752,before,-0.010530646,-0.33262092,2.0074087,1.7373306,-0.62653061,0.66228304,0.28737927,-0.51909125
19960756,before,0.52804807,0.60426272,-1.5271004,1.8388729,0.63707253,0.25854818,-0.24007291,-0.25057779
19960762,before,-0.83642486,-0.021473749,-0.55156588,1.2755021,-0.27101927,-0.43659092,-0.65530632,-0.39133014
19960770,before,0.33789315,3.2413393,0.40854785,-0.66857591,1.6965063,1.1806287,0.93143053,1.2678477
19960774,before,-0.051893795,-0.13951638,0.80088876,0.22515651,-0.63107761,-0.43721164,-0.1545312,0.24570808
19960782,before,1.61622,0.37127919,-0.26846931,0.022641353,-0.32235717,1.2660723,1.5619767,0.12758284
19960788,before,-0.85508596,0.26705491,0.11186269,0.31371513,0.10184417,-0.29191816,-0.65992794,-0.17709713
19960792,before,2.400637,0.49191291,-0.4594618,-1.5312646,0.95900914,1.9144179,1.1535051,2.136871
19960798,before,0.85357773,-0.13072733,0.72741616,-0.15948143,-0.1960691,0.41533538,-0.12764761,0.2414279
19960804,before,-0.54625905,-0.38725237,-0.11226558,-0.75560239,-0.26956847,0.32873186,-0.62839449,0.054523534
19960808,before,-0.49572098,-0.38626663,0.77004036,0.89059617,-0.23943849,0.112881,0.59083875,-1.6160532
19960814,before,0.047917242,0.14834609,1.510062,0.31355606,-0.40348285,0.21340873,0.77869004,-0.22048794
19960817,before,-0.30352608,0.085474801,-1.4366088,-0.42890086,-1.6564965,2.3881865,0.58054495,-1.5757702
19960827,before,1.075289,-0.13993565,-1.4329048,-1.5705553,-0.70121469,-0.083440722,0.81073282,-0.539597
19960833,before,-0.20816734,0.042020013,-0.35757473,-0.10929954,-0.20946011,-0.46173892,-0.54010571,0.22233912
19960838,before,-0.70637074,-0.31613036,0.44315333,-0.16297462,0.16326469,-0.98820586,0.23297932,0.42773486
19960865,before,-0.5411235,-1.4653556,1.1316736,0.94399645,-1.2548769,0.07436499,0.7681014,0.04249162
19960871,before,-0.58819274,-0.2566712,1.3309367,1.0585972,-0.39599725,1.0500071,-0.1615422,-0.66431807
19960879,before,-0.32033333,0.040781062,0.36565365,-0.99631016,0.90233169,-0.62375937,-0.21690183,-0.6341948
19960880,before,-0.42710849,0.14741237,0.86564918,-0.35243732,-0.0054299967,0.94917654,-0.51851625,0.25472907
19960887,before,-0.48039194,1.8710106,0.60620381,-0.1146873,0.58574717,0.35452088,0.15288091,0.14415526
19960889,before,1.8617118,-1.2224378,1.518279,-0.89862511,1.1758395,-1.0594877,-0.0043555283,-0.27210539
19960892,before,1.6752439,1.1095063,0.64202472,0.2207226,-0.070762468,-1.5557002,-1.4473321,0.56598008
19960896,before,-1.1763759,-0.64256641,-0.36040139,-0.69820126,0.34162607,-0.17656744,0.052030948,0.38759555
19960903,before,-0.65926744,-0.07146602,0.64566194,-0.58569807,0.14000224,-1.0871508,-0.01260772,-0.61150397
19960906,before,-0.097667222,0.27706293,-0.55647586,0.55513823,0.73360659,-0.81306683,-0.096284369,-0.81091814
19960915,before,0.60004689,-0.2031966,-0.77592575,-0.35602235,-0.68653106,0.40187431,0.94896379,-0.79774775
19960945,before,-0.11728949,-0.42045354,-0.63537535,-0.21910002,0.34808489,0.32058171,0.11933857,-0.034215662
19960953,before,-0.73824462,1.5154116,-0.62081917,-0.38796427,0.057481322,-1.2377457,0.29391603,0.79565415
19960954,before,-0.28783841,0.229667,-0.53003381,-0.74895232,-0.39738989,-0.33908832,-0.50811164,-0.52491214
19960960,before,-0.2339024,1.3177299,-0.36145436,-0.45417508,1.6041624,0.31733192,0.34684958,-0.43737185
19960977,before,-0.18858487,-0.50245633,-0.21328195,-0.20409304,-0.67888406,-0.85024153,0.086399998,1.0220768
19960978,before,1.0541753,-1.0352008,0.0985304,-1.4872612,2.3883878,-1.1223655,2.3693277,-1.0594301
19960988,before,-0.90199147,-0.51749837,0.80816169,0.68749317,0.00019240797,-0.24884187,0.044314659,-0.79381358
19960989,before,-0.59046278,0.57853866,-0.69918463,1.4727206,1.568369,0.22122321,-0.22952439,0.34074403
19960993,before,0.22102539,-0.2664036,0.81249984,0.24434464,-0.21322496,-0.17364636,0.2110389,-0.51274342
19960998,before,1.6595645,-0.72071019,0.18923636,-1.8444533,1.2198501,1.2113166,0.97582354,1.3060599
19961013,before,0.88958226,-2.0976464,-0.47260612,1.5512022,0.69121477,-0.32842921,-1.7184662,0.94961879
19961015,before,-0.010903149,-0.25184848,0.32065001,-1.2040969,0.045464683,-0.30965162,-0.19118897,-0.25288197
19961025,before,-0.70522086,0.15701615,-1.0073908,-1.1918003,1.1669161,1.281161,-0.13560719,-0.27093297
19961040,before,-0.76092795,0.1354658,-0.69149559,-0.86809474,-0.74009359,0.10161777,0.075597895,-0.48493572
19961042,before,-1.1548606,-1.3547673,-0.099398661,0.34004944,0.044296003,-0.60020375,0.18247716,-0.29120422
19961045,before,-0.28627443,-0.1590339,1.202014,0.91105626,-0.60042132,-0.10671892,-0.012276703,0.080285112
19961054,before,1.0769506,-0.95893959,2.6681106,0.13630945,0.65098852,1.5808686,1.1240794,1.1692862
19961056,before,2.0896863,-1.2004091,3.6975956,0.72651543,1.6214516,1.1955846,2.0477026,0.032617685
19961058,before,0.2264056,-0.18673666,-0.5022411,-0.10604455,0.010593815,0.0886744,-2.4763279,0.25224123
19961060,before,-0.59315467,-0.43792344,0.29038903,0.3480375,-0.36813092,0.66892471,-0.36568228,-0.36022938
19961064,before,-0.028311304,-0.6565019,-0.35816475,0.49387813,0.35161071,0.68105661,-0.43781957,0.15902055
19961070,before,1.0793794,0.30757088,-2.2617852,-0.62755195,-1.0818225,1.5660785,0.37890023,-0.16613105
19961091,before,1.2218385,-0.87288874,-0.96738444,-0.79988214,-0.25200671,-0.59449504,-0.04879588,0.23920191
19961095,before,-1.0416071,-0.43418235,0.3456338,0.7385544,-0.012520966,0.84752759,0.45542275,-0.29006295
19961096,before,-0.3098621,0.12084042,-0.031975156,1.737137,0.31250777,0.071490395,-0.37269992,-0.57192346
19961099,before,0.026037617,0.072837047,-0.47920302,-0.97955882,0.31901621,0.086866458,-0.19770074,-0.19799788
19961104,before,0.25592564,-0.45209407,-0.69805625,-1.2394921,-0.01092279,0.41277674,1.0642682,-0.00087752944
19961111,before,-0.14946764,-0.33491286,0.31878751,-0.28350122,-1.1266307,-0.29042286,-2.8746236,0.13808509
19961112,before,-0.48415977,-0.053717811,0.11668644,-0.50937374,0.25336132,-0.43200857,-0.23637471,-0.81561205
19961114,before,-1.0473566,-0.24795159,-0.65285348,-1.2742219,0.40295831,0.72976147,-0.21360684,0.048382582
19961121,before,0.068005305,0.46291223,-1.1829029,1.7958009,0.86375385,1.535559,0.43709066,1.496226
19961135,before,-1.0797702,-0.79077121,0.17207353,-0.70078944,0.33430064,-0.59251344,-0.55095563,0.23528383
19961137,before,-0.62864042,-0.33725542,0.039345508,-1.117809,0.67495893,0.15751736,-0.48978523,-0.6584744
19961140,before,-0.64465028,-0.12803533,-0.79014098,1.5800137,0.17990417,-1.1383206,0.044048601,-0.49297653
19970004,before,-2.0372795,-1.0273236,-0.44293657,0.19825425,-1.2037377,0.55604159,2.7199071,-0.17019886
19970010,before,0.18778372,-0.14496328,-0.42061239,-0.70728414,-0.66559515,-0.30348383,-0.59373775,0.24660675
19970027,before,0.22077677,-0.21003778,0.52233629,-0.7417331,-0.10617763,-0.17743845,1.006555,-1.1788816
19970029,before,-0.29214364,-0.35792322,-0.27036392,-0.88135139,0.14449392,0.0087898111,0.22586304,-0.62749341
19970030,before,-1.4570421,-0.41156126,1.1829694,0.20591189,-1.0962051,0.76331534,-0.1578974,-0.75893695
19970031,before,-0.57950212,0.3255688,0.028489588,0.48762647,0.057008067,0.0009056115,-0.22940758,-0.56779645
19970033,before,-1.0773942,-0.54775998,0.06702003,-0.27458085,0.19030829,0.75874672,-0.44840071,-0.66211463
19970037,before,-0.5318079,-1.071371,0.66530289,0.056109408,0.62278727,0.19483373,-0.24340271,0.63357532
19970046,before,-0.5642477,0.94417146,-1.3306827,0.75366562,1.0021234,0.79874073,-1.9554079,0.28911452
19970056,before,0.17663181,0.95675419,-0.38303681,-1.7421103,2.2164428,-0.61376973,0.23204385,-0.28644398
19970064,before,-0.25835914,0.18791527,1.0829628,-0.45452364,-0.33107361,0.73814277,-0.53146206,0.32895277
19970072,before,-0.28353641,1.3189313,0.054650156,0.14412205,0.82791924,1.4444283,0.22844368,1.122143
19970078,before,0.38004188,0.056797037,0.52846903,-0.8996412,-1.1691475,0.050571081,0.69076641,-0.61118669
19970081,before,-0.43267487,0.0038181042,-0.13471108,0.15031289,-0.46926457,-0.34758215,-0.56739938,-0.44010718
19970086,before,-0.65005887,0.61711023,0.2094742,-1.4390072,0.98219486,-0.5058161,-0.60353848,-0.65719857
19970095,before,-0.72529607,-1.122689,-0.85055643,-0.28999504,-0.34176172,-0.63045472,1.8133234,0.0084528545
19970098,before,-0.35295394,2.4619926,1.2936755,-0.25406284,-0.11535492,0.076949918,-1.2785914,1.2866407
19970100,before,0.22014924,0.013588425,1.2909533,-0.96842004,1.493917,-1.215057,1.181246,-1.8706945
19970102,before,4.5552288,-2.594998,-0.067222606,0.14546681,3.5206091,-2.4271865,2.8661906,-2.3756854
19970113,before,-0.85185339,0.05619571,0.77215192,-0.28255046,0.19210905,0.028613183,-1.4094083,-0.66773756
19970115,before,-0.72828078,-0.16936238,-0.1809558,-1.14471,0.3739034,-0.36773408,-0.31163596,-0.53570047
19970120,before,-0.12963957,-0.49570789,-0.1395782,-0.32267303,0.48795733,-0.68081726,-0.73682659,0.11725574
19970126,before,-0.057070299,-0.21046146,0.098454904,-0.51881833,0.52648814,0.60176111,0.0042224486,-0.040832319
19970127,before,2.2276231,-0.28300077,-1.6106588,-1.7114018,-0.48337866,0.1644953,0.92526157,-0.42371026
19970130,before,1.9333594,-0.9216637,-0.2259857,-0.32694614,-0.83566925,-0.60304121,0.20923513,-0.081290732
19970138,before,-0.74473265,-0.87636158,-0.027694092,0.0099776116,-0.027715592,-0.34420262,-0.88505178,-0.58498772
19970140,before,-1.1256426,-1.8280226,1.5747689,0.6725684,0.73923585,-1.2706002,1.4300462,4.6054287
19970147,before,-0.578218,-0.62935382,0.011802556,1.0245565,-0.12151592,-0.22116281,0.0055919925,-1.366764
19970153,before,-0.52684679,-0.27110641,-0.45175112,-1.2142515,0.058973851,-0.17385218,-0.3356245,-0.74487369
19970158,before,-1.0279128,-0.41582425,-0.065627267,-0.4656374,0.60091942,-0.35677849,0.40443805,-0.91098488
19970167,before,-0.68868202,-0.43970142,-0.013591687,-1.2722403,0.44237217,-0.56324264,-0.35628303,-0.41215834
19970173,before,-0.84670838,-1.0972235,-0.72642733,-0.32451583,0.35116133,-0.2938826,-0.085383753,1.8523171
19970178,before,-0.92767961,1.5450039,2.4816055,-0.0095175121,-0.84450068,-1.5970097,0.70362884,0.66292695
19970181,before,-0.46922063,0.26730077,1.4497779,-0.10707926,-0.16573929,0.66118887,0.94607012,-0.088661776
19970186,before,0.1404362,-0.98525139,-0.096863029,-0.45914196,-0.31762779,0.60673681,-0.30599706,1.1685117
19970196,before,-0.24463946,1.5328781,-0.79540881,0.16496046,1.53415,-0.53019748,-0.01188448,-1.2674064
19970197,before,-0.26038551,1.7440292,1.6448775,-0.19671341,0.5314377,-0.085475111,0.80550163,0.13417713
19970204,before,-0.66895868,0.65945709,-0.52930603,-0.54717287,0.88671724,-0.25516832,-0.36425878,-0.85542052
19970217,before,-0.49834379,0.011385221,-0.18101339,-0.4389678,0.068988687,-0.58099296,-0.44377817,-0.41570199
19970233,before,1.5368002,-0.66184708,-0.31658265,-1.6269856,0.30940734,-0.21552278,0.40030905,0.77535687
19970234,before,-0.88006136,0.083180674,-0.37676839,-0.027076162,-0.73262694,-0.24782633,-0.065305867,0.50146547
19970239,before,-0.71177264,-0.61359128,0.79441341,0.29085802,-0.032770816,-0.44432871,-0.72465279,-0.59624038
19970260,before,-0.35904552,0.28492798,0.95202042,-0.90355598,0.69338777,-0.95931564,-0.075703838,-1.3469185
19970289,before,-1.0215843,-0.059982763,-0.7677796,-0.45525736,0.0555397,0.27122481,-0.50939089,-0.23362807
19970294,before,-1.128601,0.3033366,-0.78058038,-0.3779922,-0.89584156,0.46676326,0.10429033,0.22725867
19970318,before,1.2594297,-0.25047983,-0.2091846,-0.78190349,0.69814955,-0.079435593,-1.1698339,-0.70927211
19970322,before,-0.81828558,0.99931951,0.42887852,-0.71130619,-0.57067507,0.35335496,-0.25885534,-0.96738586
19970340,before,-1.0605756,-0.096178508,-0.053552986,-1.4151472,-0.35990793,-0.098453701,1.7537953,1.1041398
19970345,before,-0.25118734,2.46483,0.68697206,0.00058358754,0.96620618,1.6480926,0.77080605,0.72703016
19970346,before,0.69655189,-1.6989083,0.33403508,-1.4657165,0.54471728,-0.60435619,-0.72579159,0.28568569
19970349,before,-0.049497099,-0.90489462,0.124181,-0.29333504,-0.06914648,0.28818939,0.55540464,-0.4029345
19970360,before,2.1159232,-0.2950189,-1.8766962,0.89742546,1.148188,1.3090477,-0.36272904,-0.84554488
19970364,before,-0.040218691,0.059419431,-0.33429112,1.1400319,-0.4241071,1.4684089,-0.69727112,0.59000944
19970373,before,-0.8072748,0.78036481,-0.95986251,0.28406457,0.13793984,0.7927201,0.1231731,0.9557639
19970378,before,-0.44979624,0.70700146,-1.528246,2.4601195,-0.91864188,-0.44805103,0.27504634,0.70152175
19970381,before,-1.3718264,-0.27661387,-0.74582557,0.17625575,-0.84637623,0.077956316,0.11461451,-0.43630536
19970391,before,-1.1971692,-0.97545315,0.16103298,0.14484183,-0.13539076,-0.20066063,-0.27246984,-0.35880071
19970397,before,-1.1142763,0.26555947,-0.18431135,-0.44515186,0.3646222,-0.010537988,-0.11068671,-0.37862556
19970408,before,-0.31730202,-0.60392813,-0.24686854,1.1974712,-0.66682477,-0.25710961,0.39274538,-0.33342941
19970409,before,0.45509736,1.6144957,1.282571,-0.79668339,-2.3797158,-0.84687967,-2.3147888,-1.4638085
19970412,before,-0.28814169,2.3084067,-0.05894927,0.19626323,1.0914093,2.4576535,-0.44456328,1.5429825
19970416,before,1.1601773,0.89767945,0.693508,-0.3043696,0.34102727,-0.67538622,0.42048476,-0.81023748
19970417,before,-0.09689492,0.76271814,-0.52118187,-0.23704542,0.44701321,-0.63176454,0.18808732,-0.4217368
19970421,before,1.5732582,0.003646817,0.84610761,-1.3814893,-0.84627255,2.181412,0.3615426,0.68291682
19970429,before,0.029890952,1.1739848,1.4634402,0.04311032,-0.65006293,0.20924251,1.20412,0.51108875
19970433,before,0.9056378,-0.98248621,0.52400021,-0.17615463,0.31117742,-1.3154591,-1.0489139,-1.1179085
19970439,before,-0.77977822,0.66172599,-0.92851392,-0.1223305,0.41439933,1.1337573,-1.1185846,0.66900729
19970465,before,-0.54681026,-0.52947824,-0.012285693,0.056525165,0.16361453,0.12730063,-0.60426554,0.39184523
19970470,before,-0.61908664,0.62859362,-0.54855428,0.0011346074,0.34017172,0.23798528,-0.20532991,-0.089070396
19970472,before,0.28354975,0.73868552,-0.32282667,0.14732997,-0.098063104,0.20481352,0.29500696,0.16520964
19970473,before,0.43265649,-0.91794748,-0.39563077,-1.141464,-1.6834756,0.29631475,1.069542,-0.23542165
19970476,before,1.0912397,-0.070935199,-1.1533305,1.2055993,-0.81546901,-0.82215464,-0.14703568,-1.4234441
19970483,before,-1.0309405,0.5072847,-0.25301865,-0.30680134,0.075738171,-0.1606775,0.011253334,-0.14105427
19970487,before,0.02540616,-0.97886724,0.40645976,-1.2075553,0.45758673,0.01011143,0.41422278,0.5814491
19970495,before,0.29869145,2.6142766,1.1368495,-1.20549,0.662618,2.905114,1.0827319,-0.81021416
19970518,before,-0.51797572,-1.1001615,0.95214884,0.24844837,0.63361917,0.33514599,0.40140375,-0.55502542
19970521,before,-0.1283505,-0.094408288,1.2089243,3.5953333,-1.3732637,-0.56387646,-0.03988772,-0.28994461
19970524,before,-0.80125938,-0.40365994,-0.1583994,-0.54868722,-0.099670935,-0.11038041,-0.43593989,-0.35743558
19970525,before,0.64228126,0.93717684,-0.53107427,-0.19171259,-0.941934,-1.1494396,-0.72739829,-1.041206
19970535,before,-1.085453,0.96426831,-0.48062275,-0.70858418,0.14797132,-0.66676287,-0.29963429,0.23112848
19970536,before,-0.13028073,-0.0013928585,0.40507496,0.24462185,0.19695469,-1.4247522,0.16228526,-0.24560644
19970538,before,-0.34540094,1.0774341,0.59187689,-0.096663444,0.0075005637,-0.37762295,-0.035574556,-0.46383882
19970544,before,0.50569953,-0.11636516,-0.61021774,0.92999231,-1.0061886,0.54224915,0.59273928,-0.15492302
19970549,before,1.0152665,-0.45799142,1.1261068,2.0443651,2.0662673,2.1314231,1.3008807,-1.8784846
19970555,before,0.62281556,0.85265092,2.2610448,1.2006392,-2.4987068,0.077736859,1.4195905,0.84686948
19970559,before,-0.52662285,3.0289414,0.075718867,-0.30344795,0.14647497,0.034343946,-0.53512602,2.2233981
19970568,before,-0.78438756,0.47659943,0.14089906,-0.42753326,-0.38085943,0.20999501,0.76985721,-0.90993916
19970569,before,-0.7815426,-0.30038622,-0.56635813,1.7092849,0.21299159,-2.1456194,0.66354539,-0.19130029
19970579,before,2.7178851,-0.24867566,-1.1398854,0.21200026,-1.0636531,0.57928381,0.18860857,1.8180275
19970580,before,-0.1927415,-0.45201093,0.54430923,-0.18972458,-0.94600958,-0.40299683,-0.1762352,0.061272491
19970581,before,0.5985557,-0.26094939,-0.28223419,0.91505812,-1.1853485,-0.90358372,0.75710846,0.48537109
19970585,before,-1.4081996,0.51291041,-1.7589648,0.31322201,-0.38338094,-0.35597347,1.8106199,1.3197383
19970594,before,-0.52566671,-0.40492551,1.598989,1.5345787,-0.47773698,-0.23773938,1.0889774,-1.051053
19970596,before,2.1152362,0.59294897,0.63131729,-0.047866371,-0.76089681,1.6349178,-2.0016636,0.87384374
19970600,before,-0.062579041,2.0257839,-1.0164898,-0.52820529,-0.95601839,-0.83120846,0.48211235,0.26254299
19970604,before,0.57196468,2.9662056,-2.1350196,0.13204666,-1.2931087,1.8808509,0.029478499,0.0083744451
19970614,before,-0.18055298,1.968628,1.6748623,-0.075895511,-0.025580538,0.20920742,-0.35025412,0.1965195
19970619,before,0.41099142,-0.78858581,0.1182889,0.69429923,0.20897842,-2.0039426,-0.32737396,-1.5980609
19970622,before,0.51368499,1.8805039,2.1351294,-1.0880051,1.8251726,-2.6736967,0.94895317,-1.6479814
19970623,before,-0.23400923,-0.75911717,-0.17870389,-1.1556678,-0.22481183,-0.56520951,-0.48927371,0.57817306
19970638,before,0.03304849,0.39335324,0.97880752,0.70633873,-0.76299866,0.27374007,0.019822169,0.35214802
19970642,before,-0.041274224,-2.3809178,-3.1013803,2.5826867,1.9430967,1.2124679,1.1375713,1.3437455
19970649,before,0.70021158,-0.53687523,1.4218856,0.64006531,-2.3613413,0.19039419,-0.9622893,-0.91704884
19970650,before,0.20133979,1.6819832,-1.1223183,1.7795467,-1.0121486,-0.72986795,0.43708025,0.91989156
19970655,before,-0.18906069,1.5600965,-0.20015057,1.1082825,1.1700148,0.51495612,-0.10998694,0.018650474
19970658,before,0.47967755,3.1731024,0.3326575,-0.38083027,2.5895297,1.7681813,0.83890531,0.61764003
19970661,before,0.30581589,0.70948413,0.52947973,-0.2658663,-0.75568075,-0.074594202,0.094082932,-0.31303463
19970666,before,2.6540323,-0.42917536,1.1428772,4.5995003,-0.5656871,-2.0657298,0.6777282,-2.2698606
19970674,before,0.4541886,-0.52516016,-1.2221424,-0.28121923,-1.2855351,0.32688914,0.89509937,-1.110502
19970687,before,-0.41032343,0.60689074,-0.30649636,0.66247321,-0.29706254,-0.23432281,-0.38355677,0.024189122
19970690,before,-0.74291439,0.36783723,-1.6344524,1.6672991,0.27374085,-0.049281418,0.26526315,0.49219539
19970698,before,0.15263306,0.049120679,0.70123994,0.48469586,0.51560352,1.3550489,0.14947415,0.21375082
19970704,before,-0.55998235,2.4239243,-1.3969234,0.35677181,1.9110698,2.0864635,0.028814913,1.8505369
19970711,before,0.89465532,-0.056075607,0.60296309,-0.47910022,0.5997169,0.58156616,-0.0069705282,-0.45133405
19970712,before,0.79664083,1.8940723,0.15238521,1.209097,-0.47855278,1.3823363,0.37642113,-0.20534751
19970724,before,0.71283175,-0.53470955,-1.0344057,0.15053751,-0.95164588,-0.25780601,-0.45613494,-0.044696549
19970726,before,0.096246742,-0.095871724,-0.60758072,0.0012185308,-0.48589982,0.80801208,-0.063871161,-0.24429833
19970727,before,-1.0160646,-1.2627653,-0.078358819,1.295109,-0.082057836,-1.9020286,1.2533444,-0.46064351
19970735,before,-0.36986513,-0.34599113,3.463317,0.48821619,-2.172512,1.58832,0.10700926,0.67470087
19970754,before,-0.79983343,-0.54326926,-0.073756164,-0.07831722,-0.28145145,-0.98882562,-0.27352095,-0.71637668
19970755,before,-0.15481586,-1.1580361,1.2989368,0.43307666,-0.013494079,-2.2553315,-0.32313536,0.5324473
19970758,before,-0.99513337,0.10929331,-0.057855923,0.41947131,-0.22872192,-0.3989494,0.50027431,0.23665249
19970761,before,0.26828758,0.67991931,-0.26218506,0.86654806,0.18953756,-1.0671262,0.18463382,0.21698465
19970767,before,-0.33250145,2.485285,-1.375544,1.0058039,-0.97870006,-2.9872143,1.2001533,0.93651958
19970772,before,-0.87329063,1.7028226,-1.5795517,0.31623259,0.3018667,0.015535458,2.3357378,3.3473149
19970779,before,-0.13412662,1.8932037,-0.4350744,0.56908753,1.3044648,1.0945685,0.1898544,-0.06858639
19970780,before,-2.1538496,0.42734381,-0.76250811,1.3292003,0.089433702,2.9564144,1.9486636,4.2971116
19970791,before,3.2001393,1.6346202,1.2700552,1.1773487,4.2167795,3.5780478,-0.49254015,-0.8681336
19970797,before,0.67489634,1.5157647,0.92166296,-0.27738674,-0.46019977,-0.28479032,0.18354798,2.3546686
19970812,before,-0.12923597,-0.14049271,1.57368,0.82499111,0.3054737,-0.43514834,0.61605895,-0.71610694
19970828,before,-0.32659581,2.8765055,-1.2247547,0.36825249,1.3742848,-1.1103653,0.14834978,0.82901012
19970833,before,-0.78534872,0.68428461,-0.024679094,-0.23416949,-0.14585233,0.087695782,-0.095735007,-0.22781996
19970836,before,0.043351971,-0.36860167,0.60264389,0.92774305,-0.62107407,-0.43182781,0.30546777,0.024070555
19970844,before,-1.4960987,0.62857813,-0.38580743,1.3106036,-0.45685312,-1.8855503,1.0624924,0.74438224
19970846,before,0.93364624,-0.32129285,-0.89366161,0.2303687,-1.196443,-0.71283477,-0.073625641,0.16453258
19970847,before,-1.0409904,0.2307751,-1.122323,-0.017090373,0.38729155,0.39433993,-0.44635628,0.077992999
19970858,before,-0.42726815,0.33790193,0.58579667,-0.41030752,0.18093312,0.098307105,-0.07110012,0.35216188
19970867,before,1.2635054,-1.1308527,2.8863724,0.022726683,-1.9186311,-1.2987511,0.34045517,0.9163161
19970874,before,-0.95374638,1.4891993,-0.71059576,-1.326379,1.9230694,1.9945387,0.62889932,0.48794346
19970875,before,0.051462613,0.77600102,0.42557843,1.3084957,-1.2508454,-0.4732874,0.73028883,0.68533371
19970884,before,-0.57237248,-1.3269574,-0.13888734,0.00081341973,0.83063544,-0.8861718,0.847954,-0.011903216
19970892,before,0.00098495881,1.4785753,3.0891764,-0.38278638,1.462647,0.48201428,2.8913749,0.040245237
19970901,before,0.7425365,0.15576872,0.44827723,-0.33520677,-0.58114589,0.68359276,-0.90363687,1.9060019
19970912,before,-0.82145352,-0.025979614,-0.26816481,0.44929483,0.19333201,0.083002864,-0.33833721,0.19903236
19970913,before,-1.0762658,0.073244701,-0.53185583,-0.29006308,0.27324506,0.37974164,-0.085195008,-0.048630524
19970920,before,0.79362182,0.52279526,-0.86125025,-1.5703033,-0.33437356,-0.64175157,-2.7818447,-2.3255159
19970927,before,0.23748347,1.0787245,0.19173501,-0.25926846,-1.0361537,-0.1146873,0.22188203,0.67740834
19970928,before,-1.1203745,0.63824882,-0.44060248,-0.37171966,0.72144722,0.97822069,-0.65521544,0.040453698
19970942,before,-0.12395963,0.47516168,-0.49153276,1.6982747,0.072508222,1.5083603,0.78509172,-0.11137991
19970960,before,0.27221501,0.25437456,-0.64213348,1.3041469,1.0809016,1.5743723,-0.27068789,3.9137018
19970962,before,-0.30271474,1.2951192,-1.1954379,0.57924353,0.3927357,0.91668751,-0.02178398,1.343
19970965,before,-0.15159826,-0.37265212,-0.16203556,-0.59672266,0.52520511,-0.0048536905,-0.44947121,0.027246088
19970967,before,-0.45816185,0.263811,0.67551548,-0.93543216,-0.28046264,-0.53743836,-0.1015519,-0.2031678
19970968,before,-1.2680621,-0.27440538,-0.21873325,-0.96692567,0.20235284,0.0026596404,-0.48220763,-0.62599323
19970969,before,0.052854049,0.79294441,-2.2521332,1.1197481,1.1522946,1.5727199,-0.7460556,0.55763254
19970974,before,-0.41854222,1.6784914,0.44769736,0.090395889,0.10119633,-0.38979389,-0.1840617,0.2357545
19970984,before,0.84121998,-0.59017689,1.2679444,-0.60524644,-1.8324073,-0.16404197,-0.33575958,-0.48732379
19970994,before,0.92462735,-0.22232396,-0.075764621,-0.53500604,0.19237887,-1.0350683,-0.61443083,-0.26588719
19970995,before,-0.74143073,1.4128414,-0.35627805,-0.33617317,0.21483855,-1.2423226,-1.0276882,-0.013123632
19971006,before,-1.1994324,0.031770097,0.25913203,0.063017362,0.48104285,-2.3525747,2.6583334,0.86763255
19971007,before,-0.9035241,-0.064005843,-0.7180309,0.031528105,0.17578708,-0.2066155,-0.29371896,-0.97280598
19971013,before,-0.85076953,-0.019012547,0.18721743,-0.73997437,-0.29544126,0.42084721,-0.43059517,-0.9322011
19971022,before,0.90941363,-0.2480804,1.7211526,-1.0060849,0.83105407,0.38818704,-1.6139501,-0.19940981
19971026,before,0.60763298,0.058733514,0.1479446,-0.98646393,-0.27998408,-0.38883111,-1.5491557,-1.2304747
19971033,before,-0.71214421,0.0025362318,0.23142197,-0.44971954,-0.40019205,-0.67789202,-0.43635601,-0.28560138
19971038,before,0.15673807,-0.00086629555,0.10540396,-0.32671071,-0.99187872,-0.82899899,-0.40415277,-0.90520652
19971047,before,-1.2381583,-0.84178401,0.18014557,-0.40488886,0.46632913,-0.83802112,-0.69173911,0.11836415
19971054,before,-1.0809113,0.56010675,-0.69652453,-1.0828924,0.78715548,0.35159798,-0.14478945,-0.27717667
19971055,before,0.82286698,-0.38678966,-0.36768281,0.53000621,-1.2861905,0.4671734,-0.47347627,-0.57187985
19971059,before,0.021716264,0.22733033,0.066273886,-0.42267212,-0.22039984,-0.39720542,-0.67680318,1.4487822
19971061,before,-0.73545738,-0.08448259,-1.0175047,0.45026193,0.2938915,0.16551884,-1.0068738,0.15382679
19971065,before,-1.1458571,-1.1786315,-0.29109611,0.77915514,0.71956972,-1.0043265,1.1646113,-0.58446386
19971067,before,0.52643984,-0.28815189,0.5316799,-1.3847064,-1.1734078,0.78477899,0.56358598,-0.85336678
19971070,before,0.44120427,0.77219329,-0.39996289,0.97834362,0.10989472,0.50935463,-0.14847127,1.3511723
19971074,before,-1.5809735,-0.15805624,1.129816,-0.083588671,-0.42319481,-2.3494527,1.945078,2.5131596
19971078,before,-0.47002645,-0.020020833,0.35369397,-0.37224001,0.79470093,0.72498068,-0.5293796,-0.43120802
19971083,before,-0.66941787,2.1612514,-0.1662434,-0.92197111,1.1303771,-0.084699698,-0.35203936,0.74089678
19971088,before,0.076198823,0.2312871,-0.26562294,0.80536679,0.90080378,0.78595028,-0.82793317,-0.050006352
19971093,before,-1.2530975,3.2268657,-0.04870255,-0.52028571,-0.49631941,-3.6287129,0.63329703,1.093514
19971094,before,-0.33570563,-0.29820291,0.7197136,0.21178689,-0.13551314,0.48629534,-0.73496827,-0.45942861
19971096,before,2.9745905,-2.3018309,-1.3080003,2.3140477,2.532406,-0.55341298,-0.60009303,-1.810008
19971098,before,0.22416769,-0.91389928,1.6309804,0.4831943,1.027209,0.66676985,1.057125,-0.17641997
19971108,before,0.9820486,1.3587324,1.0818898,0.335215,0.19807148,2.6224107,0.58178172,-0.079511565
19971109,before,0.36395885,2.1261578,1.4262612,0.57015149,-1.7047231,-2.9199209,-1.2116396,3.6069528
19971116,before,-0.54841081,1.1254789,0.0074797319,0.21811743,0.60222068,1.0630259,0.81552214,-0.13219095
19971118,before,0.62551302,0.30553388,-0.42188671,-0.76227048,-0.94711536,1.1549522,0.16493661,-1.136917
19980008,before,-0.49591266,-0.71807183,-0.56064022,-0.39634739,-0.20887085,0.083248005,0.89649547,-0.11261198
19980010,before,-1.2642095,0.0010193454,-0.88339878,-0.71639364,0.96590929,0.83570286,0.16937006,-0.06335944
19980017,before,0.17867491,-0.55632007,0.19408174,-1.0763453,-0.080108844,2.1103449,0.62390156,-0.20784873
19980020,before,1.6420247,1.2586683,-1.022218,-1.5527937,3.187524,-2.0748602,1.3708043,0.2525069
19980022,before,-1.6642543,-0.22892759,-0.20873572,-0.43143626,-0.93590665,-1.351326,3.6322495,0.68956965
19980031,before,-0.035010517,0.26179241,-0.19549515,-0.94459412,0.64865523,-0.67212636,-0.60800804,-0.65283718
19980038,before,-0.85098185,-0.12885757,-0.31527314,-0.057776313,-0.010797004,0.054826068,-0.77854171,0.14152036
19980044,before,-1.1808234,-0.73305963,0.63407923,0.35595671,-0.085427247,0.39926139,-0.8448327,-0.75210571
19980049,before,-1.1652239,-0.21600742,-0.71305718,-0.94450927,0.079217129,0.5483281,-0.18516011,-0.44173637
19980052,before,0.64432246,0.47577356,-0.43898767,0.71977239,-0.28826589,0.99421082,0.35176838,-0.55827577
19980055,before,1.0772025,-3.9336702,-1.1103535,0.28415349,-0.072871118,0.25677697,0.37777165,3.7717821
19980061,before,-1.1281316,-0.74175323,-0.091684984,-0.024800745,0.10986461,-0.2329124,-0.30835492,-0.33728258
19980063,before,0.38768839,-0.3459181,0.87785206,-1.0500803,-1.8356584,1.9342889,-0.76385202,0.67912578
19980067,before,1.1112949,0.37838056,1.0499783,-0.80168081,-0.50646444,1.5831087,0.20563433,-0.85539261
19980071,before,-1.039166,-0.13210028,-0.38824042,-0.54839542,0.36930888,-0.60733492,0.4794505,0.47883312
19980074,before,-0.61583876,1.9938561,-0.77121448,0.49996129,0.89243138,0.12522094,-0.35903758,0.72687353
19980076,before,-1.2543706,-0.17052199,-0.36193066,-0.77033475,0.33210108,-0.069641086,-0.29607216,-0.68080552
19980077,before,-0.72015016,-0.080394119,0.39717335,-0.38888383,-0.060229954,-0.020099889,0.13023035,-0.4015085
19980079,before,1.0164013,0.1393557,0.0097592667,-0.82165975,2.0264492,1.1896204,4.4558835,-0.3934095
19980088,before,-0.32690084,1.2107679,0.027643956,-1.0748765,0.89267447,-0.24074292,-0.76638547,-0.46702631
19980093,before,0.96947977,1.2425469,-0.7533335,2.434824,0.63493628,2.4456357,-0.44398139,-0.12235229
19980096,before,-0.89803368,1.5789235,-0.46043269,-0.67962914,-1.0977047,-0.5902534,1.8908788,1.2984676
19980101,before,-0.57867858,0.79717443,-0.34497255,-0.60866401,0.91312218,0.34772375,-0.21403217,-0.065390708
19980106,before,-0.21816148,-0.20752754,0.1984177,-1.0714538,-0.16063319,-0.11460925,-1.2876535,-0.2241158
19980110,before,-0.92433267,-0.47872512,-0.16027713,0.38223134,0.33232164,0.13642071,-0.017141906,-0.8202818
19980129,before,0.37588432,0.48540465,1.2448225,-0.24432498,1.0809839,-0.82672772,0.816378,-1.5937672
19980144,before,-1.0868526,0.21698399,-0.15724669,-1.0612002,0.28928528,-0.60410541,-0.46159475,-0.14886108
19980158,before,2.009762,-0.41078921,-1.8615555,-1.921564,-3.0874809,-0.14343687,2.2097561,-0.9367462
19980168,before,-0.14889952,0.065422911,0.64776907,-1.0491893,-0.39237649,-0.14985756,-0.26698561,-0.52609045
19980177,before,-0.4679293,-0.085103788,-1.0655293,1.1802709,-0.46769257,-0.68626433,1.0031535,0.86653914
19980178,before,-0.82810285,0.34608984,-0.11115201,-0.72744424,0.57210227,-0.72686288,-0.14534478,-0.98643489
19980184,before,-0.61495652,-0.3109013,-0.45697787,-0.99185039,0.11914907,0.44240175,-0.5146057,-0.55616524
19980188,before,-1.0187403,-0.2134976,-0.33283748,-0.92685597,0.049532892,-0.30585265,-0.54144901,-0.46240815
19980194,before,2.0569124,0.08322268,-0.3937026,0.71845309,0.34124019,0.23103881,0.42319001,-0.142551
19980199,before,0.34603743,0.21535802,1.3900885,0.02295542,-0.57360676,0.60245115,-0.34327014,0.56002731
19980204,before,0.56932987,0.18904196,-0.7499775,0.26797334,-0.28551393,-0.13520936,0.38065515,0.2848532
19980208,before,-0.35679383,-0.48170258,0.64168233,-0.22736362,-0.021528718,0.64009856,-1.2321826,0.079806851
19980211,before,-0.71235788,-0.25351416,-0.81812681,-0.24852388,0.33140146,-0.49757347,-0.24864697,-0.1820828
19980213,before,0.97038555,-0.45483091,-2.1010928,0.41805799,0.20097712,2.9461834,1.7187965,0.71153819
19980220,before,0.30578894,-0.47044,-1.2105242,0.32765164,0.73201238,-1.2497576,-0.061616768,-1.3739898
19980221,before,-0.62893223,0.78176212,-1.0877008,-1.0844585,-0.50474338,-0.10661218,1.1262064,0.81206633
19980224,before,1.095035,-0.15962489,0.78952128,-0.65974338,-0.817257,-0.44666,-0.39658883,-0.12170899
19980228,before,-1.0120684,0.3933312,-0.34693243,0.13560828,0.052897085,-0.44447197,-0.1782089,0.45579619
19980244,before,0.3418454,1.2035144,0.7489489,-0.8090588,0.15781767,0.89253127,0.26547923,0.14529363
19980249,before,-0.78213536,-0.21330405,-0.19647745,-1.0369873,0.90388913,-0.26044516,-0.17985888,-0.42815668
19980250,before,1.3127071,-1.0435283,-3.0708621,-1.6272965,-3.5741152,0.72582214,1.5231814,-1.652678
19980254,before,-0.88641371,0.23648935,-1.0901394,-0.24916063,0.83895381,-2.1323354,1.695442,-0.86665674
19980259,before,1.5688041,-1.505896,-0.39880629,-1.0177719,-0.96169609,1.218016,-1.2948203,-0.17490436
19980262,before,2.1368581,-0.58882244,-2.2282644,-0.89591378,-4.1253954,-0.17354646,-3.813918,-1.0776971
19980263,before,-0.82055198,-0.33979421,0.084842658,-1.2229979,-0.28117927,-0.0087579899,-0.55163563,-0.0054887071
19980289,before,0.40831656,-1.3428721,0.17270547,-0.25280597,0.53482857,1.2516672,-1.2540759,0.79378312
19980293,before,-1.4845793,-2.2663679,-0.52573084,3.3836706,0.21497161,-0.94683435,0.503683,-1.0935221
19980298,before,0.55009056,2.0322957,1.7356207,-0.035639808,-0.3622164,-0.60061619,-0.54481281,0.59254411
19980304,before,0.81476142,-1.0149251,0.34755185,-1.529106,0.54458578,-0.81041642,0.11629783,-0.29546684
19980311,before,-0.67281337,-0.76220775,-1.3273329,-0.96452541,-1.3880353,0.31993069,2.1073812,-0.43374746
19980316,before,-0.68022634,0.49195768,0.62735802,-0.34948903,1.2014721,1.5165598,0.19652685,-0.071798659
19980323,before,-1.2678251,-0.84771595,-0.29687172,-0.14721825,0.089532681,-0.0066353382,-0.36034333,-0.82157683
19980325,before,-1.0642084,-0.1786439,-0.60297804,0.42639332,-0.24471316,-0.44452784,-0.56842513,0.46724777
19980356,before,-0.87876924,2.59673,-0.74344057,-3.3891154,3.904639,6.3967035,1.3758751,0.89282561
19980375,before,-0.35395966,-0.58180764,0.26078759,-0.45619811,-0.18746963,-0.94045784,-0.19720732,0.21808232
19980388,before,-0.7066285,0.074610486,0.042653149,-0.86131331,-0.27947432,-0.32723066,-0.41652803,-0.53023419
19980389,before,-1.1473392,-0.0023334819,-0.28005332,-1.0593234,0.15440554,-0.33978808,-0.54818685,-0.60523932
19980398,before,0.1144181,-0.024619646,-0.15287039,0.0031790743,-0.41362528,1.1851402,-0.13085876,-0.34785043
19980415,before,-0.28992519,-0.5409473,-0.0023253489,0.9047047,0.64159778,0.075510995,-0.30943168,-0.010980976
19980424,before,1.6068089,-0.74313343,1.3045548,-0.94426689,-0.4842056,0.688078,-0.34893591,0.43431541
19980434,before,-1.5721205,-0.62215731,-1.4542879,0.93888689,-0.2652605,0.94927578,1.5563961,0.46380816
19980456,before,2.9462662,2.7638268,-1.0317047,0.7516539,-0.12117507,-0.22913727,-1.961703,-0.15302176
19980459,before,-0.42007748,1.3445672,-0.95099684,1.9373095,-2.0847515,-0.86803074,0.79930305,0.60550906
19980471,before,-1.2159396,-1.3232867,0.55029717,-0.70851732,1.5340879,-1.3589784,1.0223511,1.3491129
19980479,before,-0.79406848,1.3334539,0.92513812,0.59631534,-0.18201918,-2.5036028,-0.47349965,2.3222933
19980484,before,-1.6085521,-0.21814103,-0.48707377,0.19016628,0.51884879,0.6160102,0.91253038,-0.12886913
19980485,before,1.3695312,-0.037826123,-1.8332728,0.30125069,-1.9135702,-0.026300492,0.99150468,-0.10129196
19980488,before,0.88489832,1.0322234,-0.54631304,1.1667327,1.2921416,1.0301766,-0.095910488,0.90942805
19980496,before,0.64807701,0.14507107,-2.608544,2.0763499,0.31502589,0.5665469,2.2808877,0.49955931
19980520,before,0.029728022,-0.25548849,1.4705044,-0.19760345,0.91431024,0.54546822,0.53912074,1.3779587
19980540,before,-0.70780441,1.2182866,0.042514295,0.64134656,-0.43570443,-2.3349099,0.099955472,1.2276949
19980543,before,-0.71160887,0.07156657,-0.47837025,-0.85438198,-0.022012939,0.3910018,0.11024849,0.56247056
19980548,before,-0.077775808,-0.94795308,-0.42710423,-0.85053905,0.039028267,0.74588094,0.84667203,0.4904803
19980552,before,-0.32952654,-4.5442074,-1.6897785,2.3216617,0.57662119,1.7302246,1.0965448,-0.89276041
19980553,before,-0.44309159,-0.15998549,-0.53506235,1.0872362,-0.51378939,1.1269723,-0.55449057,0.69415011
19980587,before,0.85870035,1.8974596,1.3526706,-0.66231972,0.90276395,-2.7989644,0.19739017,-0.40302445
19980595,before,-0.33650194,0.197088,1.0386221,0.65248595,1.001098,-0.12547248,0.94579448,-1.5405561
19980597,before,1.5984017,-0.020715131,0.25778673,-1.0465948,-0.99865928,0.15159211,-0.30929444,1.1945953
19980602,before,2.1722875,1.5707781,0.51785777,0.14190531,2.7945063,-1.7379521,0.65581227,-0.75696962
19980606,before,-0.72668083,-1.1690236,0.39354303,1.5716149,-0.57045067,0.93920468,-0.25568846,-1.4549485
19980622,before,0.55675974,3.3013655,3.3023533,1.5732161,0.2105461,-1.0040559,-0.30844355,0.45456135
19980632,before,1.6997984,-0.16544171,1.498404,0.96275244,1.2718399,-2.1228315,3.9724465,1.1141597
19980638,before,-0.41463262,1.1038418,-0.7795049,3.4009592,-0.42680829,-1.4176466,-0.14734272,0.076626817
19980652,before,0.183617,-0.022776843,0.73115844,-0.67245209,0.6537742,-0.22872467,0.61615213,0.1106575
19980679,before,1.4079363,-0.31575106,-0.23255656,-1.0441036,0.23844137,-0.79426196,0.10461235,0.83132001
19980693,before,1.3107326,1.1832969,0.045811017,-0.66374655,-0.38101715,0.62907128,0.64680386,0.20745317
19980702,before,-0.14983056,0.14221088,0.57820216,-0.92304815,0.26995607,-0.19228752,-0.40927738,1.1361876
19980711,before,-1.1361451,-0.035867181,-0.1466676,-0.58798025,-0.026890134,-0.59355104,0.05424607,-0.32102869
19980721,before,1.4941464,-1.8080342,1.3484202,0.32473847,1.4934614,-2.0719741,1.4048826,2.0852806
19980743,before,-0.20595658,-0.31414314,0.1121794,0.68258336,-0.88270147,1.0702943,0.17262123,-0.49966028
19980749,before,-0.16862611,0.0076989349,0.63124472,0.35332805,0.1684094,-2.4946485,0.75290928,-1.9644461
19980750,before,-1.0994309,-0.68367516,-0.26453369,1.8828603,-1.9090438,-1.0433514,0.45158054,0.44069214
19980754,before,0.72621121,0.092635222,-0.24020884,0.57517253,-1.0646992,1.0851653,-0.25809305,1.0291405
19980756,before,1.8218735,-0.40165804,0.63802415,-0.2751133,0.89209085,-1.4265199,-1.0294598,1.6525951
19980760,before,0.78855727,1.2806936,0.51372512,0.43617299,-0.016279907,0.36266903,0.29940462,-0.29069432
19980775,before,-0.046179863,0.49324189,-0.50210504,0.22906585,-0.2546423,-0.66451053,0.97857163,1.205591
19980778,before,0.42123128,0.46941011,-0.26536913,-0.95203433,-0.48412119,-0.51596642,-0.70539055,0.2803218
19980785,before,-0.80277863,-0.14431885,0.14329588,0.51944378,0.0116865,0.31760582,0.28595991,0.60670173
19980786,before,0.054705855,0.25480248,-0.49302812,0.30392379,0.42542755,2.1927607,-0.73229611,0.84487756
19980790,before,-0.20426927,-0.0018771751,0.93869707,0.52260989,-0.10702522,-0.045401987,0.10890925,-0.45560964
19980801,before,-0.44685277,-0.98012675,-0.33232309,-0.44687144,0.61645928,-0.49795244,0.13994553,0.14190135
19980803,before,1.0190667,1.2965092,1.5381742,3.7477752,-2.2694474,-0.39446941,0.39424212,1.8551109
19980807,before,0.94001469,0.12148046,1.0034587,-0.60524712,-0.031689832,0.17044502,-0.28534785,0.46443092
19980808,before,0.40797846,0.97660311,1.4686802,-0.72106318,1.5846812,0.16779331,1.575553,-1.4818913
19980819,before,0.46991027,1.8737629,1.5609457,0.33723262,-0.20540476,0.059372294,0.069792714,-0.36999968
19980822,before,1.9372245,1.1255478,0.25246468,-0.084045497,-1.3424353,-2.8812658,-1.1348554,-1.5464216
19980823,before,1.5960439,0.52952863,1.2106154,2.1025011,2.3173371,-0.42036095,-0.043659177,-2.2277929
19980828,before,2.3412016,2.869464,1.3676432,1.4211313,2.2855754,-0.37911268,0.7993011,0.52676396
19980840,before,0.83828283,3.2793084,-1.5805494,2.4776654,1.3267945,-0.14153427,0.47418375,1.4744591
19980846,before,0.9867128,-0.65720492,-0.1880157,0.30833673,-0.30908071,-0.42564913,-0.34901145,-0.29926193
19980850,before,0.92155268,0.026433274,0.83400467,1.321225,-1.4360554,-0.92708233,-0.18820871,-0.72320646
19980852,before,-0.50754826,1.1025306,-0.44567649,-0.65426608,-1.0561774,1.337215,0.83078138,0.4302982
19980856,before,-0.81919579,-0.028564181,0.63624179,0.066805892,-0.029555635,-0.069082717,-0.22608098,-0.65160793
19980863,before,-0.29735494,-0.26401151,0.10446906,-0.51015729,-0.037368215,0.15438472,-1.0724967,0.17380547
19980880,before,-0.76255038,-0.21979969,-0.91459548,-0.053816234,0.26511366,1.2381171,0.84400285,0.091326608
19980887,before,-0.89523215,0.23871365,-0.32983284,-0.23040175,0.35653539,-0.10612448,-0.46476672,-0.47516801
19980889,before,0.49869351,0.98598667,0.49326617,-0.27864587,-0.12884712,0.9113417,-0.53784883,0.49022673
19980894,before,-0.28464343,-0.23865028,0.49368856,-0.15938311,-0.4155761,0.35957068,0.20377379,0.049214602
19980895,before,0.35079793,0.32879328,-0.66995592,-0.4592515,-0.5904044,-1.1406455,0.84760706,1.1065938
19980900,before,-0.3476956,-0.22169968,0.43662889,0.11811713,-0.057784847,0.45153152,-0.80146139,0.19270277
19980901,before,-0.55276791,-0.57231258,-0.12864841,-0.63765015,0.41708812,-0.60494297,-0.23886514,-0.030305125
19980903,before,0.17679812,-0.2374898,0.38571581,2.2863412,-0.87528649,0.38696865,0.163595,-0.74547334
19980917,before,-0.95562736,0.21827786,-1.0571542,1.0244624,0.54751679,-0.20462346,-0.96928086,-0.12485168
19980922,before,0.51522483,0.55296633,-0.33969483,-0.12626814,-1.0367439,-0.0055797772,-0.60237067,-0.39164625
19980932,before,-0.095182394,-0.75254031,0.79528715,-0.12248015,0.74135076,-0.51406159,1.1678512,0.89176986
19980948,before,-0.53862478,0.49656353,0.36213467,0.81630724,-0.21802231,-0.97605425,-0.90683112,-0.55104803
19980966,before,1.2725521,-0.4769117,-0.31462047,-1.0103615,-1.4550552,-0.55216534,0.091727249,0.50543057
19980968,before,-0.79504842,-0.20862291,-0.15477115,-0.81937934,0.41943118,-0.63623998,-0.63284403,-0.56466159
19980972,before,-1.2716015,-0.35708416,-0.39758437,-0.52568894,-1.0762589,0.85238689,2.2468963,1.3559568
19980977,before,0.31840827,1.3483825,0.71755686,2.5177847,-0.31265013,0.74552303,-1.9651508,0.65510148
19980979,before,-0.90918124,0.68465093,0.94452459,-0.53551339,-0.48486969,-1.414541,-0.68256392,-0.58465813
19980982,before,-0.054246353,-0.48178165,-0.38102115,-0.28670697,-0.10677521,-0.65834246,-0.52312445,-0.26341903
19980997,before,-0.87567422,0.79671036,-1.295355,1.4054132,-0.33637816,-2.1719509,0.49808912,-0.18524866
19981031,before,0.1050103,-0.10184507,-0.96447338,-0.29420902,0.29940569,0.51024142,-0.34144747,-0.54816951
19981042,before,0.40971523,1.4950637,-1.0920654,0.28185778,0.17366713,-1.632085,0.49594342,1.1378119
19981046,before,-0.1079853,-0.30954208,0.020326857,-0.00043100801,-0.055557039,0.41727955,-0.69067563,0.7506545
19981053,before,-0.6335856,0.20915046,0.10685949,0.7304154,0.4978112,0.0025062591,1.3808277,0.71510789
19981054,before,0.44439482,-0.054731859,-0.84776556,-0.54747392,0.91814217,0.38707397,0.71215205,-0.0047114018
19981064,before,-0.43882567,-0.80505964,1.7812951,0.13239453,0.010100514,-0.28301575,0.51117969,0.9412893
19981085,before,-0.70991939,0.64510588,-0.19245719,-0.45251239,0.032840914,-0.55209039,-0.78785994,-0.55862073
19981089,before,1.6356054,-0.31038995,0.7866499,-0.19343011,-1.2203912,0.86753874,-1.2458561,1.7407376
19981098,before,-0.090383745,-0.39310002,0.1308482,-0.88656678,-0.77991044,-0.1432705,-1.1059352,0.78530448
19981100,before,-0.0076218325,0.058403574,-0.44574149,-0.34167948,-0.61749528,0.090325539,-1.1299839,-0.28695908
19981108,before,-0.92733582,-0.55861124,0.085973602,0.54889353,-0.19146865,0.58969545,-0.47752064,-0.77591613
19981110,before,-0.17693908,0.42445838,-0.18121652,-0.48384628,0.26529187,0.060485075,-0.79837613,-0.62071563
19981124,before,-0.92803699,-0.44888747,-0.83891424,-0.0096109144,0.27539408,-0.072341436,-0.073600804,0.19841785
19981128,before,1.0923421,-1.6937866,-0.32808768,-1.5347151,0.26342213,-0.87533964,0.13504198,0.59950855
19981133,before,-0.66726494,0.753045,-0.57648273,-0.17883886,0.81877273,0.45521548,0.006116453,0.15581417
19981149,before,0.25179453,-0.63091885,-1.1959189,2.2862679,0.015695977,-0.89456839,-1.4608249,0.3640742
19981153,before,-0.56162355,-0.78244871,-0.53238807,0.92001591,0.21942925,0.78782728,-0.34252118,-0.26689167
19981154,before,-1.07042,-0.31983652,-1.3317856,0.78975675,0.33097377,0.84799053,-0.15499328,0.41254893
19981161,before,-0.10076556,-0.35952838,-0.25819315,-1.4704865,-0.82625333,0.16990146,-0.18421698,-0.13946011
19990004,before,-0.94340342,0.20617057,-1.1127684,0.95034996,-0.27583984,-0.36063477,-1.1877247,1.3301895
19990012,before,0.055799268,-0.012581415,-0.075251361,-1.036017,-0.94551148,-0.14220729,-1.4253075,-0.059359348
19990014,before,-0.32950182,-0.12712441,-0.37323398,-0.86466194,0.26800902,-0.30365675,-0.27794276,-0.74016309
19990020,before,-0.30121548,0.39643612,1.6490035,0.1673129,-1.325096,0.36763256,0.23109006,0.27996155
19990023,before,0.80225926,0.18977463,-1.0830627,-0.68066695,-1.9852685,0.15707906,-0.74018235,-0.33571481
19990043,before,-0.18982808,0.99421496,-0.73346849,-1.3746087,1.2438097,0.56993752,-0.44617422,-0.060971584
19990049,before,-0.30554432,0.23716,-0.41345044,-0.34543897,0.5123636,-0.37050532,-0.21504386,0.20269906
19990055,before,-0.69441921,0.98983768,-0.070833416,-0.11520842,0.45083796,-0.68233438,-0.44642056,-0.36371418
19990056,before,-0.63558602,1.6015918,-1.6347702,-0.25573403,-0.20652347,-1.5667641,-0.42225616,1.9608765
19990069,before,-0.65734745,0.34257135,0.4361376,-0.30401161,0.34733585,0.29667876,0.9077428,-0.16153547
19990077,before,-0.63653555,-0.37040532,-0.464843,-1.0100107,0.22748427,0.46456321,-0.057266724,0.64175127
19990083,before,-0.22294866,-0.096486315,0.23243243,-0.26131548,0.14050188,-0.40446249,-1.5218424,0.72351273
19990098,before,2.1703019,-1.3572114,0.72517011,-0.81668855,-0.32679341,-4.4167668,0.20364277,1.6212327
19990103,before,-0.11907825,-2.0311607,-0.31844905,-0.60246168,0.38818831,-0.35228849,-0.14183627,1.7872685
19990111,before,0.71990855,-0.15206774,-0.73011763,2.064101,1.9069616,0.17553696,2.554725,-0.37794456
19990119,before,-0.51015217,-0.4953842,-0.48202096,1.1123599,-0.30922195,-0.54740038,-0.45123644,-0.16591458
19990127,before,0.039582008,0.37869137,0.031176174,-1.1805501,1.5578799,-0.12098415,0.15155354,-1.2906017
19990128,before,2.1901658,-0.80400942,-2.9763022,-2.3241916,-2.328034,1.5732807,1.4537586,2.1041893
19990142,before,1.0070295,0.049590077,-0.4535382,-0.90875496,-0.86511978,-0.24692027,-0.56369149,-0.81532116
19990145,before,-1.0163538,-0.16887444,0.11644508,-0.70331016,0.10156986,0.18517669,-0.56132644,-0.45707512
19990153,before,-0.78999584,0.050791256,-0.086402524,-0.34617618,0.3424315,-0.69348651,-0.40610945,-0.8467375
19990154,before,-1.6186341,-0.80765306,-0.46959321,0.13808081,-0.59151992,1.2539997,1.347822,-0.20634941
19990158,before,-1.0920908,-0.31613815,-1.7045444,2.2816871,0.25061205,0.18177517,-0.57697163,-0.1575025
19990160,before,0.25567664,-2.072748,-1.1731821,0.51162501,-0.064436211,0.41259491,2.2208819,0.77710752
19990164,before,0.38821186,-0.36693281,-0.26703434,-0.53072628,-0.89119455,0.4073656,0.0058843798,0.65394656
19990173,before,-1.0504358,-0.39291812,-0.18074986,-1.2802401,0.23210184,-0.36631921,-0.5772505,-0.30530093
19990174,before,-0.42196892,0.06044907,-0.34970381,0.19978761,-1.03418,0.58891143,-3.3042453,1.2957679
19990180,before,-1.0199793,-0.066252527,1.3473141,-0.45625221,-0.62161103,0.16697468,-0.97823093,0.74083209
19990183,before,-0.24494552,-0.69295711,0.44529106,-0.54216881,0.27511243,-0.89451105,-1.5263227,0.47671672
19990186,before,-0.58896176,-0.76701309,0.34645924,-0.36852661,0.41891304,-0.20698685,0.35978105,0.070228511
19990192,before,-0.23598289,-0.30859527,0.20671465,-0.41367419,-0.01079781,0.088664265,-1.5668838,1.3270471
19990206,before,-0.28193019,-0.33738641,-0.45463046,-1.0789825,0.41263014,-0.61485358,-0.7277398,-0.83635089
19990214,before,-0.79449819,0.17694308,0.44758075,-0.90608013,0.49288401,-0.36998735,-0.11909704,-1.2161675
19990216,before,0.19702544,1.7400224,0.69753466,-0.67719588,1.0072035,-0.12369236,0.11990848,-0.50884458
19990225,before,-0.7243228,0.14500558,-0.56614596,-0.11081024,0.92991951,0.36515636,-0.4415565,0.21472401
19990230,before,-0.3644762,-0.72263401,-0.11411548,-0.60296914,0.30757291,0.59055928,0.21580299,0.0059727917
19990237,before,0.13727364,-1.3342345,0.84607576,0.48673019,0.43089382,-0.53837861,-1.0402802,-0.420237
19990244,before,0.0046380936,-0.13204427,-0.16497482,-0.22590037,-0.93647316,-0.47375201,0.53143993,-0.44156085
19990249,before,1.2420072,2.5576592,0.045095783,-0.61268336,0.091411164,-0.68582652,0.24893064,0.88650423
19990264,before,0.48960311,0.27818612,0.29431694,0.23941322,0.27690315,1.1003645,0.23385401,-0.69886375
19990266,before,-0.41922655,0.7527303,0.63257013,0.64644964,-0.47822076,-0.77199302,-0.068956294,-0.72371069
19990271,before,-0.46917574,0.6216721,-0.12893771,0.050588013,-0.44909005,-0.57969598,-0.43307086,-0.29224
19990275,before,0.30428743,0.74704416,-0.8158103,-1.0804395,-1.0894896,0.094420308,0.26338038,0.82909442
19990286,before,-1.0971916,-0.67944435,-0.9861306,-0.21113341,0.33267654,0.74337417,-0.48246727,-0.077140769
19990290,before,0.116281,-0.057223258,0.077050019,-0.27805358,-0.66298702,-0.6988571,-0.55153673,-0.23681856
19990304,before,-0.74397384,-0.17018664,-0.23880791,-0.90718937,0.51448393,0.2644422,-0.3608808,-0.40774661
19990311,before,0.94616173,-1.7270762,1.6988535,0.30004156,2.4936754,-1.7255934,0.25025039,1.9100814
19990317,before,-0.72376089,-0.16471677,0.19540558,1.433792,0.045898147,-0.37899263,0.64456324,0.16845039
19990320,before,0.54011812,-0.27088244,0.42539792,0.65156891,-1.071736,0.11758923,-0.95215914,0.02031911
19990329,before,1.3982614,-0.1173743,-0.10326137,-1.0431769,-0.72275647,0.99151744,-0.52459099,-1.0146714
19990337,before,0.40744783,2.3260547,1.9830826,2.7728429,-0.015868492,-1.5903885,-1.0465333,1.4020394
19990355,before,0.72118729,0.090818951,-0.92649062,-0.13770132,-0.87336679,0.74330849,-0.71726817,0.5128463
19990371,before,-0.60025369,0.26706031,-0.030080439,-0.64557743,0.51377168,0.76709972,-1.0487765,0.70353637
19990377,before,0.059109107,-0.64635225,2.3522464,-0.4350445,1.3969552,0.18414416,2.5350943,-0.51713765
19990385,before,0.9763255,-0.35831664,-0.11902731,-0.99091588,-0.98390533,-0.44558878,-0.35604523,-0.10059177
19990398,before,1.2322533,0.86463459,1.8130057,0.34646926,-1.3532285,-0.76880404,0.27563609,1.3431097
19990409,before,0.89945845,0.91664732,0.16902133,-1.2179897,-1.2276149,0.028972302,-1.1285395,0.76202012
19990425,before,1.8178655,0.72047738,-3.2908966,-0.4898196,-3.3300129,0.89125169,0.30456871,-1.6760385
19990438,before,0.073526359,0.30980487,-0.39468032,-0.45704298,0.59091072,0.15427629,-0.64311866,-0.82108212
19990449,before,-0.88001312,-0.39776528,0.88630064,-0.47898639,-0.51590421,1.0955125,-1.396457,-0.52706405
19990455,before,-0.52070024,-0.92504002,0.42007825,-0.43534054,0.45477732,-0.1832215,-0.26813946,-0.053759537
19990464,before,0.11780341,-0.77541637,0.091350511,-0.98968194,-0.099627081,-0.72068553,0.11950947,1.5612677
19990475,before,0.59376256,0.51300855,-0.92973592,-0.23068785,0.79702407,-1.479092,0.40502782,-0.46398592
19990483,before,2.7700072,-1.044527,-0.87155437,-1.1588304,0.79414356,-1.1154806,0.40644748,-0.081264035
19990498,before,0.34625531,-0.78459775,0.044626812,0.61091408,-0.49109061,-0.56486071,-0.37870916,-0.36640132
19990509,before,1.0556396,0.35742721,0.19978598,-0.1887761,0.15958141,-0.36646507,1.5876138,0.67235906
19990517,before,-0.9929377,-0.58171564,-0.11382204,-0.77794974,0.26827634,-0.06802138,0.6738211,0.60295272
19990525,before,0.28118464,-1.2712971,0.6794683,-1.0801516,0.94260637,-0.13733875,0.1994619,0.93034411
19990542,before,0.31769529,-1.3160064,-0.20881777,-1.338404,0.036387647,-0.65098343,-0.44790538,2.3980901
19990547,before,-1.1858095,0.24372236,-0.021491682,-0.47216985,-0.1453966,-0.78654996,-0.35142944,-0.39296804
19990549,before,0.017358383,-0.0018324962,1.0001822,0.38068668,-0.97528856,-1.0292865,-0.36855829,0.042573786
19990563,before,-0.13920172,-0.66012846,-0.59783929,-0.61646761,-0.051730015,0.36089912,0.39123937,0.6514516
19990583,before,-0.97641979,1.6591412,0.66407116,0.79057696,-1.7061342,-3.3183884,1.3923816,0.86566749
19990588,before,-0.26657025,-0.019100065,-0.0059371037,0.20660434,0.30826822,-0.45739895,-1.4672458,-1.4214996
19990596,before,3.1259819,0.74433789,0.67482087,0.72914737,-1.6201261,-1.7802526,0.13132702,-0.75638125
19990605,before,-0.57563269,-0.53986549,-0.98874976,-1.2937935,-0.79775033,0.36831518,1.1089731,-0.75223703
19990613,before,-0.37274027,0.19588726,-0.59777023,-0.046896792,-0.38411138,0.37139052,-0.56365879,-0.22967224
19990619,before,-0.94297526,-1.7281803,-0.46174662,1.3769848,-0.210566,1.2257814,-1.0751386,-1.0012904
19990620,before,1.7891862,2.1227443,-2.1544404,1.3097448,-3.0380039,-1.6627727,0.47293038,1.5541825
19990625,before,1.2367122,-0.76339637,-0.91743231,-0.29704288,-0.71910213,-0.68606967,-0.16589475,1.1200673
19990640,before,-0.0097173565,1.2246191,1.0555681,0.43848447,0.38989246,0.99764812,0.43544516,0.22213192
19990645,before,0.18956082,0.30911878,1.7251565,0.0082640907,-0.1282869,1.6626406,0.52708588,0.51430674
19990647,before,0.85874272,-0.2334575,-0.26388193,-0.31415797,-0.19616837,-0.76216501,0.78262244,-1.1894699
19990657,before,1.0155107,-0.90777527,-1.7379876,1.0977478,1.8463353,0.11269125,0.40918902,-0.99373491
19990663,before,-0.87835118,1.0713358,-0.45916545,-0.19778254,0.22552636,-0.68348496,-0.46630941,0.012154674
19990668,before,0.99897031,0.48611989,-0.15662432,0.36268205,0.15158178,-0.58902147,0.35215809,-0.60652293
19990677,before,-0.81579897,-1.8073653,2.0932099,0.18927421,0.33124011,-0.89304419,0.36841473,1.6855694
19990687,before,-1.9531827,-3.2131953,0.78135615,2.7469369,-0.25942423,-2.0139974,1.8869743,1.1746553
19990689,before,0.90520524,-1.2593272,0.2748076,3.2850907,-1.3635857,0.49859295,2.0829511,-0.48758717
19990699,before,-0.30610787,0.45238946,-1.4002483,1.0825661,0.8045817,0.66789873,-1.3098017,-0.14363758
19990712,before,0.96701866,-1.812921,0.66429534,-1.3901539,0.11329643,-0.58841372,-2.2610106,3.1852994
19990731,before,-0.43017522,-1.2008207,1.9965885,1.8681706,-0.43385026,0.39716568,1.6782992,0.32098156
19990734,before,1.1076383,-0.46106377,-1.6638047,-1.3060476,-1.2461625,-0.61601057,0.91475015,-0.74310563
19990740,before,1.9891884,0.27103217,1.0045107,-0.82370751,-2.0426987,1.0213153,-0.61337895,1.2771755
19990749,before,-0.40535455,-1.4312698,0.85562436,1.9062809,-0.79577562,-0.3217527,-0.11656901,-0.38589479
19990755,before,0.27646404,1.101129,-1.5762646,0.8556453,-0.85209885,-1.1493852,0.37232939,-0.31817794
19990774,before,-0.66703373,0.82140861,0.34093085,-0.50225238,-0.37590031,-0.14487414,-0.66532993,-1.1389893
19990784,before,-0.86778759,-0.79402875,0.62481634,1.0881226,0.05746655,-0.21532492,1.1881662,-1.1126247
19990790,before,0.71311076,0.73411018,1.7614915,0.075867324,-0.49451475,-0.48492632,-0.2169959,0.84491786
19990815,before,-0.89266985,0.88765096,-0.55024934,-0.033936432,-0.30444809,0.037664238,0.16309589,0.53762401
19990817,before,-0.11834889,-0.27909978,-0.58752911,-0.74477063,-0.4243384,0.3575908,0.91869648,0.022488085
19990823,before,0.62163446,0.032002495,1.2209571,0.40494801,-0.25420058,0.34642124,0.28814359,-1.2092255
19990828,before,-0.39815254,2.1461726,-0.22925626,0.73928538,0.12912241,-1.2702059,0.19065399,0.51167554
19990848,before,-0.68969781,0.87023103,0.51622704,-0.72345006,-0.041371553,-0.4785836,-0.45098494,-0.26804766
19990855,before,2.0106338,-0.97207918,2.818133,1.4383344,3.0946926,1.8737401,3.7800167,-2.5922062
19990856,before,0.62853726,0.31673637,2.1366661,0.071355206,-1.0522512,0.28808198,0.39779775,-1.1308229
19990862,before,-0.30953616,1.0763444,-0.57253049,-0.52747097,-1.3590473,-1.6035098,1.555971,-1.5330829
19990863,before,1.0379565,-0.59599009,1.1606485,-0.018411987,0.81810008,-1.2162726,-0.66598814,-1.0706097
19990871,before,-1.1045668,0.3176661,-0.25255455,-0.36681711,0.43283217,-0.55532888,0.62390204,0.075432775
19990879,before,-0.0045585515,-0.08507385,1.6907784,-0.76011965,0.31087604,-0.9509339,-1.9493002,1.3005756
19990885,before,-1.0486212,-1.1512725,0.21783886,0.67255535,-0.36596613,-0.75445871,0.26005717,-0.19531264
19990889,before,2.2819614,0.53975256,2.7635951,-0.54155416,0.63362483,-0.33963135,-3.1010356,0.47037593
19990893,before,0.49771668,-0.32426201,-0.81166437,1.1539735,-0.3899478,0.45476412,0.16936817,-0.46987023
19990896,before,0.55490976,-0.55906578,-2.4157045,-0.27229605,-2.5160661,1.5991428,1.5933614,-0.1529014
19990905,before,-0.68920359,-1.1419424,0.40323029,1.1728247,-0.24728286,1.6342439,-0.9474915,-0.3838095
19990922,before,-1.0872316,-0.30462572,-1.4618767,0.061464187,-1.2174524,0.56550092,2.8526807,2.3163963
19990926,before,2.8446887,0.55234825,-1.4312512,-0.27344742,0.025149637,0.70602556,-0.36678278,0.29535207
19990928,before,1.5557498,-0.37978164,-0.37708116,1.0050177,0.030069636,0.89227966,-0.24463817,0.4961583
19990935,before,0.32682177,0.54374546,-1.3492707,1.8798889,1.5532383,1.5284817,0.85625553,0.19922012
19990942,before,-0.42195272,4.4348133,-0.2322285,-0.2728469,-1.4736463,-2.0173142,1.0214383,3.1706352
19990947,before,1.6263523,0.42160035,1.6374428,1.0393962,-1.6329516,0.76425365,0.28437944,-1.3150059
19990957,before,-0.98417066,-0.24997758,0.096441582,-0.67993371,0.12711285,-0.41945092,-0.65018499,-0.48049987
19990958,before,0.38673084,0.17935023,0.55247962,0.14552374,-0.40626901,-0.14343163,0.3695677,-0.23593047
19990975,before,1.2190046,-1.6162162,-0.91913847,-1.3213868,0.60992854,0.39379617,0.52581728,0.43728675
19990982,before,-0.079227006,-0.51108195,0.2870052,-0.058801744,0.87677775,-0.47099264,-0.58847579,1.6765364
19990983,before,0.24797191,-0.29259814,0.93358484,0.20287365,0.62116309,0.85108021,0.51281454,-0.76167788
19990990,before,1.0882631,-0.41393594,1.3961908,1.298348,-1.399081,-0.30681957,-1.7207789,-1.4079813
19990992,before,-0.66741195,-1.1104687,0.77367912,1.7586411,-1.5009206,1.3477037,0.59341195,1.4062445
19990998,before,-0.4521435,-0.32348105,-0.1408759,-1.0358384,-0.11539039,-0.23051736,0.77003021,-0.51177806
19991000,before,-0.53503983,-2.0572479,-0.76348335,-0.77442233,0.44086209,0.65612292,1.6645201,1.8155426
19991010,before,2.3365115,-2.7788497,-1.8976208,3.6692044,1.5898925,-1.373815,-2.4970793,0.15348022
19991020,before,-0.69901811,1.5050473,-0.33836192,-0.012215787,0.58468558,-1.2441988,-0.29683338,-0.092963606
19991025,before,1.1808006,2.2165693,0.96934924,0.68177755,-1.7724045,0.64944088,-0.39893517,2.8840814
19991030,before,-0.82897347,-0.36166628,0.084187346,0.30355864,0.12084569,0.029654014,-1.1137512,-0.58370307
19991045,before,0.75887347,-1.7395407,0.83305649,-0.54984683,-0.44066349,-0.76032669,-0.65468194,0.65025617
19991048,before,-1.4048897,-0.098060344,0.42558455,1.1037142,-0.13933401,-0.84038433,1.2113955,-0.30293711
19991066,before,0.23644307,1.914064,-1.7237471,-1.1326608,-0.93905836,-1.5143018,-0.11169461,-0.17759472
19991072,before,0.26540552,-0.059393511,0.35941834,0.66413033,-1.2010133,0.072662056,0.42667553,0.059545656
19991073,before,0.62967742,1.8218418,-1.1926684,1.4508743,2.3554359,1.2542547,0.41655263,0.12534798
19991080,before,-0.024707707,0.21863342,-1.0339206,-0.66493306,-1.0235199,0.18291163,-0.27260555,0.20238824
19991088,before,0.42408102,-0.63229704,-0.55105129,-0.93921547,-0.45837504,-0.057866542,0.1604718,-1.0543631
19991089,before,-0.16980606,-0.70390318,-0.40869815,-0.72165108,-0.13361678,0.45392636,0.15034021,0.0053672084
19991121,before,-0.20322608,-0.09192351,0.56705012,0.67077803,-0.59095383,-0.81708707,-0.010620126,-0.94589637
19991126,before,-0.61323921,0.31193939,-0.26923159,-0.83438438,0.90867215,0.49980443,-0.48823956,-0.81840168
19991127,before,-0.41741228,-0.39499655,-1.2207617,1.2473918,-0.48672747,0.059255107,0.19359481,0.080442955
19991132,before,-0.59831524,1.0637851,0.5538099,-0.9924491,-0.11094934,-0.52694631,-1.4163023,-0.28901272
19991137,before,0.018536766,-1.1716131,0.1300999,-1.3066956,0.040541131,0.20591622,-0.40388468,0.54478622
19991148,before,2.209983,0.12751709,-0.65840147,0.38354187,-3.9638113,1.3708024,0.85406949,-1.1912994
19991174,before,-0.79038738,-0.41401936,-0.050194536,-0.89414154,-0.035257544,-0.75016679,-0.63386889,-0.51904242
19991180,before,-0.91837048,-0.35430468,-0.13270311,-0.52783811,0.02893687,-0.44794376,-0.17206462,-0.95187483
19991185,before,0.53237179,-0.68239098,0.93588743,-0.078020108,-0.35259471,0.87823692,-1.3747418,-0.5262947
19991186,before,0.63899865,0.20272102,0.84712082,1.6213286,0.84838312,0.27770032,-0.2075284,-1.9668702
19991192,before,0.22166509,-0.60536955,0.36741483,-0.010984609,-0.15554965,-1.5984061,-0.74473505,-1.2083987
19991198,before,0.89577464,-0.15582563,-1.4660152,-1.612379,-1.1312014,0.44592503,-0.33401593,0.88504668
19991202,before,-0.83979062,0.50214847,0.098438633,-0.10886345,0.20284401,-0.080448677,-0.53138023,-0.25754808
19991207,before,-1.1280719,-0.40025687,-0.45906205,-0.55135397,-0.24398097,0.74494255,-0.0076877408,0.49071994
19991216,before,0.031220838,0.35912791,1.531106,-0.52857987,-0.40100326,1.2370683,-0.23790477,0.33660272
20000003,before,-0.085200479,-0.52510819,-0.70444322,-1.8765467,0.59080909,-0.08248635,0.48287153,-1.2223605
20000009,before,-0.14555155,-0.12685518,-0.45281601,-1.717076,0.34619986,0.30303254,-0.86714199,-0.9795975
20000012,before,-0.80101206,0.79531328,-0.82719284,-0.41503222,0.37250268,-0.52067296,-0.28283787,-0.14222555
20000014,before,0.49079467,-0.44028157,-0.12349574,-1.3061211,-1.2015829,-0.55339082,2.8235364,-0.82976749
20000029,before,0.78583308,-0.47446784,-0.21007111,0.4497578,-0.27349798,-0.52536435,0.21890501,-0.29266214
20000035,before,-0.56087554,-0.21319767,-0.092076355,0.34871809,-0.21713839,0.12698469,-0.62852635,-0.7677084
20000047,before,0.081139573,0.87478543,-1.3051526,-0.036738524,2.3325165,1.4887542,0.30417238,0.8015227
20000052,before,-0.46331359,0.062693649,-1.5416918,0.28191484,1.3248683,1.7607806,-0.35311211,-0.47847323
20000054,before,-1.1196318,0.31793872,-1.0586894,-0.22310665,0.44310572,-0.2164654,-0.34194844,-0.5862488
20000063,before,0.8234253,0.51737075,-1.6624515,0.54565133,-0.72154109,0.96230699,-0.12392306,-0.057430802
20000072,before,-0.31466758,-0.42607833,-0.26810224,-0.79131117,0.44260362,-0.0039179413,-0.33802091,0.98520877
20000086,before,-1.2064372,-0.31207897,-1.2915193,1.4223475,0.58860346,0.069707585,-0.016975076,-0.033683785
20000090,before,-0.41832965,-0.066384229,0.48221196,-0.59608392,0.023178753,-0.32437658,-1.3140087,0.33121608
20000093,before,-0.34613109,-0.056182053,-0.47674145,-1.1864367,-0.082996468,-0.14858348,-0.28490831,-0.13386964
20000104,before,-0.48570552,-0.45051674,1.1779822,-0.070886438,-0.2117553,2.281966,0.040272147,0.25450161
20000112,before,-0.11953977,-0.42829141,-0.14826801,-0.72844819,-0.061570949,-0.57639112,-1.8166534,-1.5231225
20000119,before,0.40126544,1.0587386,0.53792243,-1.6503233,0.23503197,0.73761625,-0.20243639,-0.37319336
20000120,before,-1.0611471,-0.097588255,-0.051869261,-1.1171772,0.42456317,-0.13809721,-0.73351692,-0.81118075
20000136,before,-0.033582437,-0.25265938,-0.69254137,-1.1461287,-0.15447966,0.03561969,-0.36855576,-0.94841272
20000157,before,0.17066583,0.48605793,0.066856308,0.6110538,0.15967711,0.91224119,0.050467054,0.14412115
20000160,before,2.0700758,-0.57232598,-0.8867535,-0.20216933,-2.2777512,0.11758193,-0.61030378,-0.57156515
20000170,before,3.4017341,-1.0257781,3.3450577,-0.92077556,1.803614,0.41533693,3.2392703,-0.89484832
20000178,before,-0.87531818,0.29770961,0.10328965,-1.1357918,0.87138823,-0.037860432,-0.095588697,-0.83858261
20000185,before,-0.25620531,2.3072737,0.83813106,-0.76980382,0.97779651,0.42372782,-0.25092385,0.30896882
20000191,before,-0.49625393,-0.85626344,0.066370912,-0.52250658,-0.31123195,-0.32832098,-0.17913676,0.53877952
20000193,before,0.2210457,0.12805058,-0.26070893,-0.51057474,0.094399889,-0.0036915978,-0.18811346,-0.03588354
20000195,before,0.03224151,-0.3708714,-1.057754,-1.5034221,-0.43335458,0.89038923,0.39581796,-0.64922539
20000210,before,-0.15672067,1.5244078,1.1007651,-0.82020076,0.43074232,0.46626366,-0.66125851,1.1031226
20000212,before,0.28269533,-0.99453901,-0.054986351,-1.4768532,-0.15554177,-0.3605177,0.48618806,1.3111404
20000224,before,1.4244358,-1.2135344,0.61910633,-0.1656086,1.4780804,-1.0092281,-0.12299686,-1.3485123
20000227,before,-0.20976177,-0.42198945,-0.17254723,-0.57380811,0.52692913,-0.32962595,-0.84184138,-1.2444883
20000234,before,2.4379665,-2.9815874,0.52811906,0.37663272,2.8511323,-0.36301009,1.9063862,-0.71057807
20000239,before,-0.62627334,-0.8530719,2.0006933,-0.47486447,1.2040978,-0.19492889,-2.5111314,2.6076337
20000245,before,0.94861869,-1.6908588,0.88158367,-1.4606149,3.603639,-0.9714957,0.68836138,3.3153462
20000247,before,0.36340585,0.088355195,0.55102151,-0.2734769,-1.2094187,0.91210078,-0.75270295,-0.96560518
20000250,before,2.3202632,0.36936422,-0.24778072,-0.9338588,2.3863252,3.5317221,3.1627667,-1.1472146
20000251,before,1.9271775,-0.46421667,1.2579243,-0.18214325,2.7029895,-1.2604498,4.2213704,-2.0175359
20000268,before,-1.0415521,0.081914354,-0.72247317,-1.6011162,-1.2297135,-0.09499387,4.9020551,0.56707303
20000283,before,-0.64334688,1.2644572,0.12284559,0.40028756,0.71432389,-1.6007496,-0.084152342,-0.8669189
20000293,before,-0.87032924,-0.53471237,-0.10616043,-0.17157878,-0.46543758,-0.26466173,-0.88382889,-0.21891052
20000296,before,-0.96580138,-0.19684305,-0.63125064,-1.0688427,0.59799482,0.64349909,-0.19817125,-0.40204667
20000314,before,-0.82353445,-0.39496465,-0.70010395,-0.41027696,-0.049456956,0.17390096,-0.22092379,-0.1052361
20000331,before,-0.15284791,0.11800534,0.34421089,-0.82806528,0.013677915,-1.041591,-0.13636686,-0.85208875
20000340,before,-0.87577167,0.39523808,0.75207011,-0.54041961,-0.23809156,0.040669709,-0.90543219,-0.69565453
20000351,before,0.20461053,-2.4108041,0.32461057,0.91272,1.5833041,-2.1556162,-0.10617932,3.6688514
20000354,before,0.38449284,-1.8950307,3.2849641,0.14041374,-0.74391426,2.068829,0.46174434,-0.3679093
20000362,before,0.19411141,-1.0084572,0.54048042,-0.63142483,0.98693682,-0.73997077,0.44523254,-0.25111541
20000366,before,0.81160366,-0.97839723,0.51641591,0.41749062,1.5796906,1.1358202,-0.34352196,1.1592352
20000387,before,-0.93991729,1.7023025,-1.2060876,0.0065569427,0.52489152,-0.64818827,0.083899487,0.8697835
20000390,before,-1.1011129,0.035937126,-1.3888225,-0.11474188,0.40936679,0.34915992,0.35742477,-0.31396357
20000403,before,-0.64622126,-0.51538006,-1.734924,-0.58686972,-0.12783305,-0.1778246,-0.19796856,1.1258801
20000407,before,-1.1134025,0.33730743,-0.30856424,-0.48746497,-0.20160211,-0.65110262,-0.28877037,-0.63535135
20000420,before,-0.28307801,0.37060561,-0.21614671,-0.62765573,-0.54729548,-0.38808753,0.057258449,0.80682817
20000429,before,0.19723289,-0.58924284,-0.69272398,0.46172618,-0.99274132,-0.69545981,0.09590543,-0.39323293
20000441,before,-0.46153481,-0.15696496,0.9992581,-0.59663928,-0.23195277,-0.016511186,-0.64815654,0.49393804
20000443,before,0.35812271,-1.450796,0.29051846,-0.51106245,0.60358671,0.14626918,-0.66123304,0.9223868
20000449,before,-0.60873278,-0.41981347,0.57238117,-1.0037679,0.040305874,-0.19596114,0.092069458,-0.40828542
20000465,before,0.1615386,-0.060359455,0.67781771,0.66257325,-0.89694801,0.40543407,0.48174681,0.58106417
20000481,before,-1.9229725,-1.1080089,-0.45552242,0.68437282,-0.63257842,0.38890856,1.8209664,2.0455394
20000488,before,-0.62749089,0.71718077,1.6728026,1.4805866,-1.1183194,1.8938274,1.3686622,0.31968194
20000494,before,0.026763219,-0.47651087,-0.13857785,0.17430991,-0.37336749,-0.77298733,0.31080931,0.64775199
20000501,before,-0.99101107,-0.70329084,1.2109016,0.12084458,0.54048962,-0.20933016,-0.28837859,0.50846321
20000514,before,-0.63118522,-0.17421827,-0.14871494,-0.9230443,0.16310204,0.098113992,-0.75888519,0.16588605
20000551,before,2.0545259,-1.4280875,0.88571322,0.34139586,1.2020246,-1.3094502,0.41593302,-2.2911184
20000554,before,-0.7313029,0.24746455,-0.79954165,-0.026161645,0.66060993,-0.009559987,-0.48899562,-0.58658188
20000561,before,0.76519266,-0.74940795,-0.43194677,1.3687228,0.15649901,-1.272972,-1.4316909,0.11158386
20000566,before,0.97917322,0.87872908,0.70668221,1.8272112,-2.502591,-1.3385456,-1.6504017,0.13383893
20000568,before,0.71396183,0.81354201,-1.4190942,0.68410956,0.63957147,-2.1624245,0.70807448,-1.3573139
20000580,before,0.73769211,-0.11397664,2.5657388,1.1264278,-1.3947208,0.031733183,1.3864706,-0.23775445
20000586,before,3.3134656,-1.2153936,-0.70497698,-0.61526289,1.1145718,-2.6089493,-1.7323489,2.2321446
20000591,before,-0.96801872,-0.41776787,0.29871397,-0.080657014,-0.0094921432,0.15109268,-0.310743,-0.74447972
20000595,before,1.379333,0.46251183,2.6877008,-0.42966182,-1.6629162,1.8888604,1.5077932,0.53760796
20000602,before,0.095926597,-0.74781002,-0.24072638,1.0326502,-0.26139204,0.17184314,-0.60897308,-0.16645007
20000633,before,1.5552251,-2.1295714,-2.5078587,-1.9090438,-1.6557429,-0.42096656,1.4481298,1.3050638
20000654,before,0.13701379,0.5365953,-0.96757423,-1.6496676,-1.0399411,0.35614431,0.43096103,-1.8453592
20000658,before,-1.128785,-0.50107806,0.55746591,0.63872422,-0.013461469,-1.0501517,0.5294367,-0.022112931
20000668,before,0.55514695,0.8861085,-1.7187514,-1.4464114,0.034190157,0.18902148,2.3080695,0.66333654
20000671,before,0.72045704,2.3535252,0.098133712,-0.82477057,3.9300495,4.4690447,3.844376,1.1941546
20000696,before,-0.66450344,-0.37802748,-0.93672396,-0.24829753,-0.49495115,-0.52889616,-0.67048232,-0.075699461
20000699,before,0.66972277,-0.59354649,0.17134784,1.188636,0.20838341,0.76257783,0.13798265,-0.39697396
20000705,before,1.8491085,-0.58724636,-0.39822026,-0.67264815,-0.064881586,-0.28526059,-0.34740949,1.4740963
20000706,before,-0.037741572,0.48857106,0.31867834,0.19747506,-1.034886,0.63130256,0.047330259,-0.21242401
20000712,before,-0.67693464,-0.47851391,0.10178412,1.5885895,-0.23367826,-0.095617954,0.16160434,-0.71640699
20000716,before,1.0547828,-0.88808881,0.43553142,1.6529019,-0.48870561,-1.3398239,0.298946,0.93225971
20000717,before,-0.36912164,0.64150775,-1.1268386,0.75552606,0.69618416,-0.52132236,1.2762619,1.3933709
20000720,before,1.4096506,3.0635789,0.36204961,0.53099036,0.47626118,0.22521372,1.8797888,0.16458175
20000743,before,-0.66225438,1.0147083,0.60000042,-0.1809302,-0.053756908,-0.14141831,-0.19440206,-0.54360417
20000745,before,1.4471216,-0.34004583,1.0009401,-1.3313172,-0.021001813,0.98565799,0.67502426,0.36209042
20000747,before,-0.59233394,-0.41303503,0.34673386,0.69993318,0.051531512,1.3342231,-0.71344306,0.039313249
20000751,before,-0.73539628,-0.30834497,-0.63349427,-0.7812899,0.14580601,0.51996665,-0.42788409,-0.10140656
20000776,before,0.8220003,3.5262643,0.20265464,0.56559411,1.5804677,-0.24214803,-0.1449554,0.75515669
20000780,before,-0.59603193,1.2204019,0.035165004,-0.62685739,-0.51049911,-1.5832918,-0.019840716,0.042580608
20000787,before,-0.35087042,-0.69301549,0.53967233,1.0246384,0.8284085,-0.019840052,-0.023552688,1.2970206
20000789,before,-0.62409718,-0.90408065,0.2978219,-0.38748265,0.35442688,-1.0004511,-0.62335779,0.61092309
20000801,before,-0.042390423,0.28958413,-0.4791366,-0.0071539198,0.82039607,0.34594454,-0.62926762,-0.27278316
20000803,before,-0.058285759,0.020873099,-0.16411684,0.054261617,-0.424379,-0.57066244,-0.40769433,-1.142566
20000821,before,-0.24155691,0.66322095,-1.879299,0.9144838,0.97210125,-0.11114194,0.11203229,-0.22942791
20000842,before,1.6217137,-0.22452464,-0.37620903,0.8035607,0.45712613,-1.2201315,-0.08292345,-1.4256836
20000849,before,1.1747653,0.73213211,0.67940473,-1.1875612,0.56286869,1.10253,0.69070523,-0.49327076
20000856,before,0.81599029,-0.28777705,2.0732432,0.4847662,-1.2979266,-1.6568323,-3.4877976,1.6610569
20000857,before,0.15863143,-0.4605302,0.32224253,-0.32801774,1.1254068,1.224971,1.5929758,-0.78268462
20000863,before,1.7355896,-0.48402874,2.3168837,-0.035992999,-0.59293056,-0.09451892,1.2555422,-1.0189058
20000881,before,2.7809658,0.76944364,-0.4181808,1.4148895,0.97548098,-0.04529483,-1.6535049,-0.60325415
20000885,before,-0.99827354,-1.61272,-0.42960137,1.1273387,0.3685447,-0.59179238,0.98941181,-0.29631467
20000888,before,-0.0046502101,-1.5036424,-0.39024129,1.3622146,-1.0012466,0.4920789,0.39039338,0.72323909
20000897,before,-1.5373245,-0.18496345,-0.75788646,-0.51498859,-0.12285766,0.70659371,0.77281283,1.535897
20000910,before,0.38598698,-0.25322796,-0.2449223,-0.58413215,-1.1168401,-0.79292003,-0.64472717,-0.55366735
20000913,before,-0.95726892,-0.2542945,0.93209984,-0.4973272,-0.26997353,-0.31198205,-1.3221376,0.82172391
20000923,before,1.2154445,-1.4983303,0.34491515,-1.5669711,1.7611985,1.7554124,0.92246432,0.71656919
20000934,before,0.024762087,-0.41650352,-0.054911065,0.6797915,1.2102355,-0.42376258,0.2974808,-1.4172458
20000939,before,1.8160029,0.63722516,0.82869217,1.0665312,-1.4907659,1.1662942,-0.50276889,-0.5461558
20000944,before,0.46953593,0.26074172,0.20638808,0.68224117,-0.25474281,1.1082782,-0.14008008,-0.58345605
20000957,before,-0.75264735,-0.5091145,-0.21857778,-0.60233328,0.31583737,-0.67900659,-0.33992213,-0.63487266
20000958,before,0.7318869,1.279622,-0.065674857,2.6955242,-0.39954665,0.79818042,-0.28495834,0.12672477
20000960,before,-0.41681434,1.3598743,-0.32323894,1.3891821,-0.512,0.29300174,0.49189759,1.7470021
20000963,before,-1.2166572,-0.014643187,-0.26258002,-0.79409488,0.039797099,0.20775609,-0.60011967,-0.15840667
20000967,before,-0.013757847,-0.20297784,0.29979441,0.0063193068,-0.8007692,0.57961453,0.51659653,-0.44194161
20000975,before,0.023115391,-0.07573856,0.62172528,1.1891562,-0.38153733,-0.31686956,0.24356212,-0.54913874
20000981,before,2.2470298,-0.82838517,-2.9617885,-1.439781,0.47070683,0.81335936,6.0094033,-0.37492353
20000988,before,-1.388088,0.037624368,-1.0734881,0.094400992,0.40736613,0.23959042,0.31269751,0.87795808
20000998,before,0.099672676,-0.38190398,-0.21028947,-1.5437749,0.2893239,0.034207384,0.5114881,0.016585942
20001012,before,-0.67728517,-0.13843593,1.2000176,-0.6147139,0.01973683,0.27825788,-0.044832684,0.55344321
20001018,before,0.78516596,0.012618998,0.29279593,-0.43033514,-0.53477003,-0.0955221,-0.0028576377,0.1019666
20001030,before,0.51543505,-0.4930642,-0.27107217,-1.3964717,-2.0046118,1.224403,-0.29207634,0.75484085
20001037,before,0.79963381,0.083890205,2.624879,-0.041364249,2.6751955,-0.50346369,2.1773972,-3.233493
20001047,before,-0.35493696,0.57395849,0.36720834,2.4649067,-0.086052255,0.17667921,0.72523758,0.099209187
20001048,before,-0.14492634,0.77395959,0.62576531,-0.2848095,0.35386849,0.37028893,0.14385189,-0.71041606
20001057,before,-0.44575671,-0.32713338,0.50617682,-0.091887516,0.052895387,-0.49497486,-0.96480861,0.94478614
20001064,before,0.69515747,-1.1038278,0.24647405,0.61140186,-0.60800638,0.46402319,-1.6075654,1.1275265
20001070,before,1.3698281,0.47065822,-1.0822125,-0.15393984,2.0461829,0.93469185,-1.056796,0.33990808
20001071,before,-0.32407313,0.10860643,0.15249595,-0.26142282,0.93862099,0.14031064,1.1515915,-0.87582789
20001086,before,0.13230029,0.28934797,-0.3584418,-0.6145375,0.37592809,-0.17774795,-0.4833082,-0.66265736
20001096,before,0.23802908,2.1520188,-1.9136989,-0.16891318,-0.63734227,-0.056885091,0.32392192,0.60600076
20001103,before,-0.57598235,-0.050638552,0.48198739,-0.25657566,0.64080562,-0.2436903,-0.87796684,-0.4387663
20001104,before,0.25403572,-0.16077961,-0.43813767,-0.88799342,0.22410646,-0.11463539,0.68013668,0.049586348
20001106,before,-1.947178,-1.0203707,-0.14216523,0.14218428,-0.13159007,0.19580305,1.5816182,-0.03189714
20001110,before,-1.0081668,-0.40289991,-0.071353123,-0.90227776,0.17595241,0.091069199,-0.78319515,-0.68747281
20001113,before,0.19696229,-0.64809227,-0.064088231,0.22758769,-0.36632046,-0.11838384,-0.18939736,-0.050266478
20001116,before,-1.4298628,-0.63130417,-0.37153429,-0.42982802,0.27535499,0.12198931,0.18516265,-0.35096301
20001118,before,-1.0791365,-0.72331642,0.690682,0.67872814,-0.59821423,-0.28804972,-0.15542855,-0.70817906
20001127,before,1.2287956,0.99565061,0.86628656,-0.65403503,2.8504905,-1.0997756,3.3851596,-2.5491228
20001131,before,-1.2862254,-1.3136779,0.10111231,0.4806488,0.10195515,-1.466648,-0.019285115,0.91102514
20001137,before,0.4544746,0.6844384,-0.16378565,-0.38002126,0.66810004,0.83590325,-1.7690918,0.88097246
20001150,before,-0.2312399,0.24417375,0.65967301,-0.091710749,-0.84156241,-0.085129576,-0.38559373,-0.18863879
20001151,before,-0.097343359,-0.0096598389,0.94685339,-0.22308393,0.1500498,0.64730049,0.54474369,-1.1821925
20001160,before,0.54039997,-1.2177254,0.94033497,0.41679816,0.032850891,-1.6317177,-1.7712624,-0.66140764
20001163,before,-0.99751664,-0.096666523,-0.020687871,-1.0415687,0.58160178,-0.35574252,-0.62328565,-0.6508678
20001166,before,0.76319498,0.96933984,0.83720815,0.20268495,2.9573803,2.0690768,0.30446377,-0.51855896
20001179,before,-0.097708745,0.35124541,-0.78502958,-1.2875086,1.2675168,0.50409585,-0.68094533,-0.48852206
20010011,before,-0.67475624,0.2647639,-0.84239539,-0.091817522,-0.28836287,0.29118044,-0.51829617,-0.7949531
20010014,before,-1.1675831,-0.20830338,-0.19641966,-0.89171544,0.30967084,-0.26706664,-0.6971181,-0.71131803
20010017,before,-1.0213347,0.68516267,0.026937435,1.042831,-0.19417785,-0.35957848,0.93956998,-0.57404379
20010020,before,-0.22694098,-0.8817645,1.1309254,-0.23955914,-1.1555764,0.93172862,-1.6952436,-1.2624811
20010023,before,-0.0065551336,0.61915894,1.0193445,0.85578418,-0.49549253,-0.66075074,-0.60815824,-0.57871828
20010040,before,-0.45883314,-0.47902202,0.42532595,-0.48937647,0.7982557,-0.47419639,0.90689346,0.20969301
20010049,before,-0.35385847,-0.3424555,-0.33409755,0.42204651,0.025629672,0.53753621,-0.31508693,0.078903973
20010051,before,0.14543844,1.2310411,0.4431972,0.61864046,1.1566353,1.0842891,-0.373036,0.64463894
20010056,before,0.42942837,0.22360687,-0.20305064,-0.34748973,1.5767474,-0.16751326,0.30490248,-0.75788869
20010067,before,-0.81527433,-0.61508972,-0.12408341,0.45144483,0.17797618,-0.63780567,-1.0272365,-0.17135126
20010069,before,-0.37975851,-0.64816262,0.84262359,0.62816467,-0.83298492,-0.038722343,0.015240682,-0.067476114
20010075,before,-1.0424824,0.027186246,-0.38049668,-0.46021973,0.13768474,-0.65878801,-0.31412374,-0.57704534
20010076,before,-0.56036866,0.11986437,-0.012384329,-0.873592,-0.12454202,0.18035587,1.3166698,-0.41674239
20010078,before,-0.11185641,-0.38845874,-0.42605101,-0.99803659,0.15469871,-0.022912643,-0.18565513,-0.80743975
20010087,before,1.040837,-0.59182339,3.0968165,-0.4565437,-3.0705075,3.004144,-0.15831936,1.8943257
20010088,before,2.8986275,-1.8273068,0.99685708,0.089998022,1.4129188,0.11854233,-2.4106354,0.51836122
20010096,before,0.46913713,-2.7638416,-0.21227372,1.2938758,1.470644,0.39497771,-0.009485297,1.3434063
20010112,before,-1.7361195,0.18792181,-0.70290182,-0.23078848,-0.3503513,-1.9638585,4.0797962,1.7626733
20010117,before,0.66813976,-3.32533,3.3751106,-0.48910612,1.9644889,4.383988,4.6090805,0.8974165
20010124,before,0.23874616,-0.47065006,0.40303956,0.14499555,-0.70624281,0.83141077,-1.2957613,-0.094965394
20010126,before,0.071870729,0.15200327,0.93649515,0.65915967,0.28378255,0.39434974,0.21631522,-1.4750497
20010130,before,-1.8555339,-1.5025766,-0.2689863,1.4426297,-0.77586424,-1.9622812,1.4860189,0.86963111
20010134,before,-0.91111747,0.68339166,-0.53739687,-0.15216328,0.14477961,0.37893109,-0.57559687,0.31815207
20010139,before,-0.56878695,0.70450991,-0.37997996,-0.20781363,0.97561466,0.47246056,-0.060208358,0.044217732
20010140,before,0.49562501,0.62636094,-0.71734109,-0.63022109,1.3880384,0.0095170034,0.54521738,-0.25000462
20010146,before,0.31062121,-0.26297696,0.023845444,0.98190462,-1.2283967,0.22453632,0.1859923,-0.10916373
20010151,before,-1.8282274,0.015341175,-0.29749601,0.2143757,-1.0283901,-0.19461322,2.5495229,0.11043184
20010161,before,1.749889,-0.39900657,-0.64509992,0.79004801,-0.51971799,-0.22549099,-0.99002177,0.66333999
20010164,before,0.64638911,1.4050374,-1.1725714,1.866255,0.20115589,0.72405664,1.2428883,0.023636307
20010171,before,-1.0752768,-0.32787537,-0.67586208,-0.67089007,0.53611467,0.034572737,-0.62355335,-0.82719275
20010172,before,-1.019884,0.010253035,0.14508746,0.028464572,-0.10980887,0.26425864,-0.38398252,-0.61615177
20010174,before,-1.2356081,0.26941443,0.50471592,0.081140971,0.039864082,-0.41342488,0.72440238,-0.56556468
20010179,before,-0.51102034,-0.59045651,2.4191617,-0.39418109,0.37274601,1.8716317,-0.18386747,0.31939258
20010189,before,-0.69342022,-0.38418025,-0.034300115,0.82211478,0.092749358,1.4253061,-0.10935345,-0.071248163
20010196,before,-0.58898168,-0.062760722,-0.19312519,-0.73909008,0.52539214,-0.43235479,-0.71605505,-0.81643976
20010202,before,0.86535242,-1.0499517,-1.698109,-0.42257018,0.23934861,0.60240401,0.93544602,1.216687
20010204,before,-0.39808401,-0.69532108,1.6902183,0.75231374,-1.6571378,0.10402271,0.90463824,-0.86976573
20010206,before,2.9011863,-0.210676,-1.3720524,2.8000347,1.8529854,1.1719112,-0.95804493,0.62350272
20010211,before,-1.3334288,-0.11034835,-0.94756141,0.026150063,-0.067159667,0.23635321,-0.29895809,-0.50727376
20010219,before,-1.0234133,-0.86787251,0.652181,0.10599021,-0.73784355,0.18332607,-0.77106426,-1.1220334
20010222,before,-0.060104622,-2.5488279,0.72002859,0.57497506,-0.30379253,1.1844149,0.088953161,0.39571857
20010228,before,-0.73576846,0.37160685,-1.8005038,-0.39582856,1.7553385,2.4169464,-0.41263422,-0.026623585
20010230,before,-0.30562726,-0.28294197,-0.34262943,-0.26615022,-0.44371287,0.20223633,-0.31374407,-1.0673794
20010235,before,-1.0838489,0.023376896,-0.13398808,-0.90257054,0.26567679,-0.45120727,-0.90288322,-0.73283416
20010239,before,0.15113701,0.33510249,-0.10715646,-0.56759622,-1.2804613,-1.1366332,-0.097806333,-0.8033118
20010254,before,0.10114677,-0.20569588,0.96895935,0.074495781,0.26666261,0.58461046,-0.919764,0.29406932
20010258,before,-0.84928623,-0.71398597,-0.86082626,0.48597223,0.21405226,1.1501157,-1.1563387,-0.21838342
20010269,before,-0.75330403,0.21232979,-0.35741922,-0.34389649,0.04136731,0.054346791,-0.38700363,-0.12461384
20010270,before,-0.92086032,-0.11332348,-0.28398464,-0.93358459,0.26991962,-0.034308003,-0.75628918,-0.87524823
20010275,before,-0.36860373,-0.0089877913,-0.0098649918,-1.0398746,0.73720419,-0.29512334,-0.80238127,-0.60284817
20010283,before,-0.66881314,0.92922977,0.40756859,0.19227188,0.83094466,0.90794551,0.72799294,0.15381306
20010287,before,-0.1607525,0.16751359,-0.19656452,-1.4422431,0.92998771,-1.1571441,-0.33557506,-0.54846022
20010288,before,1.0954808,0.74451866,-2.0251901,3.0478121,1.9937166,-1.0436746,-1.6401303,-2.0489364
20010300,before,1.7328861,-1.3600283,0.1500226,-1.0287682,0.9557504,-1.3282692,-1.0233428,1.5571047
20010307,before,-0.22178011,0.057331016,-0.36726706,-0.72937693,0.60874388,-0.34600138,-0.29779286,-0.28854925
20010331,before,1.2941195,-1.1735094,-1.3412995,1.029247,1.3881856,-1.2013075,-2.4992596,0.14943053
20010333,before,1.0545907,-0.73131979,-1.5371792,-0.98064982,-0.85500617,0.612085,-0.56848671,-1.8978524
20010337,before,-0.75086896,-0.27184459,0.62298517,0.22175613,-1.1332034,0.08137185,-0.78417972,-0.33457844
20010346,before,0.16178567,-0.90443405,1.145599,-0.97673618,1.5620343,-2.4347879,-1.3934244,2.2773712
20010357,before,0.98432041,-0.35773524,0.12437949,-0.16550907,-1.0096154,-0.044765118,-0.41721704,-0.026905817
20010391,before,0.50641855,-0.49648748,0.03133047,-0.57036895,-0.11001366,-0.71911803,0.16170105,-0.44000997
20010397,before,-0.75437976,0.75054843,0.87105455,-0.87496393,0.14572593,-0.15664878,0.17881917,-1.1604175
20010400,before,0.75123927,-0.36466043,1.0953564,0.56573669,-1.8476737,-0.72360171,0.1046137,-0.84158765
20010422,before,-0.052480368,0.37318655,-0.13331522,-0.29995429,0.66508977,0.38592228,-0.85344945,0.15337918
20010428,before,1.3541453,-0.36800986,0.069458254,-0.41026516,-1.3045502,0.047938711,0.23005969,-0.071439388
20010437,before,-0.87153869,0.13544757,1.1903034,-0.47039942,-0.49068698,0.88142898,-1.0451436,-1.4721547
20010439,before,-0.51282939,-0.5704218,0.38174025,-0.59042232,0.14759,-0.24449434,-0.36038376,-0.22582768
20010454,before,1.1926488,-0.28958321,2.8416746,-1.117878,2.0879937,0.35726466,0.88855562,0.035684145
20010467,before,1.7326256,0.57290031,-0.73794907,2.8818089,0.37921706,-0.23011595,-0.89430235,-0.7650986
20010481,before,-0.31741355,0.037532334,1.432856,0.92874891,-0.46670389,0.13585146,-0.32498622,-1.6531634
20010483,before,0.53863156,-1.1038881,0.73921353,0.31414739,0.82755823,-0.9497593,0.10958572,0.6072357
20010499,before,-0.81051935,0.011654642,-0.88705998,2.0469543,-0.053967708,1.3521728,0.46730275,0.015567453
20010500,before,0.12902352,0.015186732,0.54569753,1.0193497,0.0045394892,0.36991238,0.7378402,0.59619255
20010503,before,0.61822626,-0.53270895,0.19457882,0.71743116,0.4102346,-0.48850749,-0.38838227,-0.025145218
20010505,before,0.033956926,-0.61926602,-0.66937437,1.6796228,0.55051883,0.55665541,0.49131803,-0.79053213
20010510,before,1.5336025,-1.8874964,-1.4481059,2.4039534,1.0893807,0.17413463,0.86419714,-1.3314402
20010512,before,-0.27093874,-0.6332622,0.46752168,1.4565173,-0.26123804,0.048322148,-0.23643433,-0.088064078
20010518,before,0.97262748,0.4142724,-1.4416549,1.2171587,-1.1474672,-0.11759489,0.95607388,1.0288764
20010527,before,1.2053824,-1.1317564,0.32601391,0.45532702,-0.24969606,-0.083166985,0.08061177,0.72540448
20010530,before,0.29922908,0.51932715,-1.7561095,-1.6234901,-0.38482086,-0.16134145,-0.008095327,-1.6316143
20010534,before,2.2947286,1.1592102,-1.9700644,-0.27613671,-3.3104804,-1.4293525,-0.1983719,-1.3636985
20010535,before,-0.49640231,-0.42833312,0.68586115,2.2227522,-0.62530233,-0.72912355,0.054237589,-0.81055352
20010542,before,-1.1922107,-0.25228014,-0.7054324,-0.63480315,-1.0848624,0.60716196,0.04724217,0.31895108
20010558,before,0.098185966,-0.58033036,-0.51257988,-0.87746821,-0.85732859,0.25218388,0.3852458,-0.22886015
20010560,before,-1.0925548,-1.1502685,-0.097207901,0.34388941,0.092388495,-0.088326957,-0.87020963,0.50537801
20010567,before,2.1715514,-0.33727682,0.95709956,-1.3320557,1.2357238,-0.85999857,-0.40277797,2.910301
20010570,before,-1.1050516,0.24758346,1.0613028,0.40869434,-0.46565744,0.46985498,1.0241872,1.4368894
20010573,before,-0.50178836,0.12347177,1.7616538,-0.22266768,-0.61406033,0.97735397,-0.53457559,1.3044242
20010577,before,0.78974837,-0.53840654,0.78973145,-0.5260236,-0.48262714,-0.42126277,-4.1236432,0.76478355
20010583,before,-0.44068933,0.28761153,0.24494279,-0.65517465,0.20069601,-0.84550095,-0.66369733,0.21403343
20010588,before,1.6313269,0.25994375,0.60336094,0.63329727,-0.87208228,2.1157254,2.2422827,0.13486385
20010603,before,-0.50222721,-0.84070826,-0.22669703,1.3764504,-0.55158134,-0.20473999,0.95310404,-0.10301819
20010608,before,0.9165107,1.4978983,0.055353844,0.5838423,-0.41920554,0.028695424,1.7526156,-0.64510644
20010617,before,0.86807078,2.2562936,2.8159526,1.2176212,-0.27933446,0.70463207,0.82198999,1.8918486
20010618,before,1.1578472,-0.0071710759,-0.745734,-0.46871828,-2.6296234,-0.057120444,-0.037267205,0.47489899
20010624,before,-0.25546946,-0.14743008,0.50684411,-0.39897533,-0.029782622,-0.22912772,0.8205361,-0.41426398
20010633,before,0.64658528,-0.056116735,1.0037806,0.763492,0.45329511,0.11710215,-0.73885214,0.37260673
20010634,before,0.87113355,-0.66502253,2.0022932,0.94179675,-2.5573971,-2.4660056,0.87512267,0.37813497
20010662,before,1.2903879,0.89019786,-1.414163,0.49207498,-0.55308483,-1.3586077,-1.2602141,0.51144321
20010668,before,-0.50858271,0.085055534,0.77793951,-0.22548485,-0.50372733,-0.56868063,-1.0785551,0.23139571
20010669,before,-0.090010042,-0.29847568,0.068394587,-0.60045364,0.17026622,0.73084593,-0.27563496,1.2791301
20010678,before,-0.37503197,-0.18697424,-0.39179717,-0.31558263,-1.4398931,1.0910758,1.1999331,-0.65199929
20010682,before,-0.078071669,-0.25750782,1.6112413,-0.13012067,-0.035204747,-0.732174,1.9201883,0.060792958
20010695,before,1.5899039,-0.58814202,0.77690873,-1.4579221,-0.38983251,-0.74078608,-1.398778,1.1231382
20010700,before,0.13619594,0.4275406,0.24787642,0.51631776,-0.58788232,0.028154293,-0.20052488,0.88688559
20010717,before,-0.21415903,1.1042393,0.59775578,0.69611382,0.46441501,-0.24579788,-1.5074395,-0.63748764
20010722,before,0.30417725,-0.19621785,1.3927596,-0.18110241,-0.82823926,0.013401815,0.096325612,-0.25056157
20010723,before,-0.40241921,1.6092074,1.517199,-0.30702987,0.7892984,-0.64222627,1.5345678,-0.46405014
20010726,before,0.67518035,0.74686432,1.0298548,0.20925418,-0.95957568,-0.36600378,-1.1706278,0.028345024
20010731,before,0.28484927,0.99014465,0.53965687,-0.85872629,-0.32336409,-1.2111192,0.7969612,0.88197946
20010740,before,-0.45323114,0.29330096,-0.81544897,-1.3366908,-1.5920988,0.64435552,-0.3031491,-0.79658257
20010743,before,-0.66806001,-0.63849484,-0.33184551,-0.89723063,-0.26845635,-0.15772827,-0.48446956,-0.26143371
20010759,before,1.0586517,-0.7669665,2.4619696,0.83713744,-0.5979102,-0.44521665,0.29890926,1.539879
20010774,before,0.15907257,1.0149176,2.305862,0.1800726,-0.60233472,-0.019679152,-1.3166657,-0.10254898
20010791,before,-1.2985399,-0.5817753,-0.61526544,-0.02330421,-0.73165036,0.081008894,0.5499225,-0.33190981
20010794,before,-0.26355243,-0.27317085,0.31425913,-1.0728617,0.21374489,-0.030681279,0.60902118,-0.47043339
20010796,before,-0.073076758,-1.5904375,0.32581596,0.30437996,0.32292972,0.35127925,0.36259379,-0.60363971
20010798,before,-0.62030902,-0.079765316,0.85271082,-0.031799473,-0.33017327,0.10363131,0.0091300035,0.85579
20010804,before,0.72188461,-0.51250673,0.57417502,-0.042404128,0.30596412,1.3664339,-0.083266301,1.8219283
20010811,before,-0.54659209,0.1988637,-1.5290088,-0.47617782,0.11810641,2.2511586,0.45601812,0.049945351
20010826,before,0.80402584,0.18301432,-2.604813,-1.1777123,-3.1386388,0.44784987,1.9154783,-1.291205
20010854,before,-0.97216446,0.73154486,-0.62597808,-0.32702409,1.510471,2.6775965,-0.02835576,1.3284315
20010860,before,0.44517864,0.1607123,0.12646329,0.087119175,-0.8441891,-0.78987888,0.47758448,-0.59088563
20010873,before,-0.93197716,0.015991271,0.18812516,-0.92286133,-0.052108332,0.25250762,-0.93357888,-0.22030718
20010895,before,-0.8508058,0.38244121,-0.11722789,-0.55106232,0.37239891,0.0216767,-0.19984545,-0.10044002
20010897,before,0.082970079,-1.2631574,0.84100001,-1.4126069,0.28473669,-0.31176165,-0.80315777,1.2214402
20010904,before,-0.76124224,-0.071815002,0.24840959,-0.70750412,0.29393296,0.62607756,-0.7516251,0.22146279
20010915,before,-0.70477006,-0.31440923,-0.0020642851,0.12710393,-0.27224987,-0.088201786,-0.6719373,0.076651833
20010924,before,-0.92751816,-0.26390808,-0.25658092,-0.30956239,0.12302546,-0.62686198,-0.69047778,-0.62863272
20010934,before,0.83615497,1.4691983,1.2734339,0.92107111,0.47232252,0.28311043,-0.77885384,0.61009345
20010943,before,1.139802,-1.3115894,-0.38179653,-1.4928987,0.065332311,-0.53856029,-0.12383858,-0.082996076
20010956,before,1.9413285,1.2693209,0.93736789,-1.1355001,0.10189922,-1.2306262,-1.4239567,0.18920589
20010960,before,0.30736463,-0.12415085,-0.019271839,-0.4958782,-0.0056486527,0.36478688,-0.38540977,-0.14562933
20010986,before,0.69449623,-0.056725529,3.8268602,0.4124034,-1.7988639,0.62204039,0.15098182,0.45275088
20010991,before,-0.39629851,-0.19172311,-0.80075068,-1.5143268,0.54724811,0.97428294,0.3212949,-0.038311417
20010992,before,-0.33305998,-0.067677484,-0.81186539,1.8330029,0.51601029,0.02399464,-0.57878429,-0.20951284
20010995,before,0.62449303,0.55994804,1.2315246,-0.58455438,-0.69807824,1.8302181,0.70341173,-0.31312244
20011002,before,-1.7842134,0.50239745,-0.78789913,-0.76455829,-0.53809037,-0.71670306,1.7646093,1.285619
20011010,before,-0.24851326,-1.3934124,2.0734625,0.3404143,-0.36617875,-0.33519382,0.0080850252,0.5713371
20011022,before,-0.83718998,0.030956215,0.18292181,-0.78964935,0.80737994,-0.10098787,-0.16486518,-1.0325311
20011025,before,-1.0749289,-0.45681553,-0.40958928,-0.42323011,0.12403841,-0.25516271,-0.39998948,-0.22939349
20011028,before,-0.036714875,-0.4205802,0.25573936,-0.29001749,0.48083458,0.16361675,0.026242901,-1.2755734
20011034,before,0.092283681,-0.08875226,0.71146033,-0.74684675,0.33746562,-0.15856091,-0.39534787,0.81641462
20011035,before,0.21500245,-0.69386368,-0.47681907,-0.80452832,-0.79859312,-0.96199816,-1.1540169,0.71764714
20011044,before,-1.1616152,-0.28484553,-0.20449605,-0.58208428,0.053290109,-0.17105464,-0.64816335,-0.37769663
20011048,before,-0.70297756,0.022972824,0.71063417,1.6075244,-0.29799184,-0.10010571,-0.19172266,0.50152507
20011054,before,0.54322773,-0.56578504,-1.0806813,0.91124306,0.38206781,2.626532,-2.6326164,1.5885115
20011059,before,-0.92215334,-0.81084295,-0.64927506,0.49294294,0.10898775,1.1933217,-1.9159582,-0.6491282
20011060,before,-1.0378372,-0.2081061,-0.42823566,-0.45775443,0.73045711,1.688618,-0.82380511,-0.25147853
20011071,before,-1.4720013,-0.48490567,-0.40724373,-0.61752758,-0.63596116,-0.51123156,0.42592784,-0.71499436
20011072,before,0.97397526,-1.4253333,2.0780645,2.0774252,1.6150304,2.9759816,2.0334145,1.0322705
20011077,before,0.132563,-1.4163172,-0.58920606,0.60914511,-0.16872388,0.49247005,-2.230529,-0.14277147
20011081,before,0.075714243,-1.1040751,-0.56744229,-0.49226879,0.07436453,-0.22882924,0.58045012,1.2234777
20011085,before,-0.65938072,-0.22932159,-1.0544702,-0.54861694,-0.0322124,0.83885414,-0.17129021,0.32502591
20011092,before,-0.099545504,-0.028972637,0.10134737,0.27533656,0.019531963,0.0026069819,0.34343818,0.31577566
20011093,before,0.50802288,-0.16183517,0.64786192,-0.7729143,-0.25913236,-0.84679664,0.18751142,-0.6783181
20011114,before,0.4399909,0.063113176,0.2337275,-0.67993499,-0.58187353,0.94974948,-0.68532267,0.40752334
20011124,before,-0.99623077,-0.16373359,-0.3180994,-0.34907497,-0.30086099,0.23653093,-0.56464474,-0.30085284
20011130,before,-0.8305914,0.068162069,-0.19211781,-1.0728604,0.041068488,-0.06508669,-0.48735947,-0.26724891
20011134,before,-0.42627619,-0.086411892,1.8616864,1.1398565,-0.54122224,2.2410858,-3.9134506,2.0805776
20011137,before,-0.89824134,0.45736585,0.29173899,0.089314552,0.35537117,-1.2561411,-0.23103063,-0.94015308
20011149,before,-0.82032559,-0.60413404,-0.93108361,1.3073039,-0.078809657,1.0435881,-0.88562829,0.33562508
20011150,before,-0.17805721,-0.11814951,-0.027236285,-0.6330183,0.35336807,-1.3270794,-0.44639577,0.021428217
20011154,before,0.065318674,-0.75032507,0.20546827,-1.0634119,-0.10323993,0.28801778,0.42994535,0.53144208
20011163,before,1.2931341,-2.2543822,-0.25976786,0.19084459,1.4224158,-0.26348279,-1.7306041,0.96577741
20011170,before,-0.78861641,2.028298,0.70014715,-0.29172806,-0.30516405,-2.142632,0.22563516,-0.211593
20011177,before,-0.028966146,-0.44548673,0.95551231,0.61080257,-0.74653926,-0.063184194,-0.25891407,0.021076917
20011178,before,-0.884054,-0.37208356,-0.16855167,-0.1103554,0.07062264,0.081071449,-0.0052941752,-0.91223799
20011187,before,-0.90077301,-0.21706529,-0.062215511,-1.1472664,0.45207217,-0.037985337,-0.58471866,-0.3803538
20020010,before,1.9093217,-3.7245106,0.24996434,-0.88241371,2.2340462,-3.2472311,0.25964637,1.8311103
20020011,before,0.17624644,-0.55970646,-0.063631787,-1.0442135,-0.52716156,-0.57033204,-0.52659125,-0.32193004
20020015,before,-0.4162678,-0.37107364,-0.68827875,-1.2699626,0.74344588,0.59085961,-0.29742719,0.070677141
20020019,before,-0.81066312,0.23530472,-0.22998132,0.079898833,0.40175604,-0.42197772,-0.95904492,-0.69888784
20020021,before,-0.25382011,-0.86640773,1.5718904,0.15878121,-1.3384761,-0.18206288,0.10278129,-0.74190427
20020023,before,2.1601026,-2.3157589,0.75762492,1.383016,0.97521821,0.71828331,1.814463,-1.2840807
20020028,before,0.0042069506,-0.86625433,-0.22016485,-0.85493201,0.43752614,-0.44970732,-0.31936692,0.43701359
20020030,before,-1.0587602,-0.57992623,-0.033880454,-0.021932838,-0.24385581,0.63749101,-0.60933347,-0.19043223
20020033,before,-0.43029154,-0.56579276,-1.1280683,-0.18412064,-1.4196044,0.27747935,1.2108047,-1.0388988
20020034,before,-1.0956285,0.0016926069,-0.12938635,-1.1535902,0.036925934,-0.32470283,-0.68263665,-0.76726159
20020038,before,1.2320913,-0.042556416,1.0088519,-0.55004156,0.85730444,-0.93137603,3.6472328,-0.380429
20020062,before,-0.67448737,0.26686057,-1.6078913,1.2337217,0.21856824,-0.38109501,0.38257027,0.073023797
20020070,before,-0.70137277,-0.65911868,0.095825474,0.38739241,0.90787476,-0.84517726,0.84324785,-0.31390007
20020077,before,-0.45611505,-0.4099899,-0.14590347,-0.5596203,-0.30682926,0.62134225,-0.19704312,-1.1711873
20020085,before,-0.16786579,0.94610576,-0.42868839,-1.7627885,1.9809002,1.5272935,1.4407471,0.56954997
20020087,before,2.1374903,-0.63731151,-0.48577087,-0.73248004,-1.6747213,0.19187685,0.087521659,-0.54247981
20020094,before,-0.61979927,-0.57945492,-0.11624053,-1.1997598,0.92863525,-1.1093597,0.21275212,-1.2592132
20020103,before,0.36121144,-0.23262535,0.010432412,-1.5380713,0.78271886,-0.045489231,-0.7975042,-0.30468606
20020104,before,0.67659869,-1.4712068,-0.25735644,-1.6995033,-0.98797443,0.30492641,0.57954805,1.5515125
20020117,before,-0.90515555,-0.48121887,-0.080661167,-1.048644,0.25297873,-0.41078975,-0.52126794,-0.5611581
20020123,before,0.29941796,1.255717,0.93583854,-1.0272484,1.0559345,-0.060267352,0.14541323,-0.035907829
20020125,before,-0.067801743,0.22768982,-0.26692281,-0.58511262,0.096512462,-0.236014,-0.082650382,-0.29839095
20020129,before,-0.47577657,-1.8164387,-0.084495061,2.052114,-0.41679752,-0.90271607,-0.62883962,-0.89283193
20020131,before,-0.91370603,-0.10704967,-0.3333082,-1.1593463,0.56325611,0.04963231,-0.58437719,-0.58547356
20020132,before,0.45935315,-0.11999625,-0.41850996,1.501746,-0.12522862,0.25072483,-0.44703551,0.40092361
20020135,before,0.97166197,-0.45682058,-0.29853026,-0.64093337,-1.4459473,-0.73417217,-1.7449043,0.057982898
20020141,before,-0.5483529,0.35764415,-0.79442341,-1.1259212,1.244039,-0.032743321,-0.36845252,-0.37008465
20020148,before,-0.70252552,-0.17249117,-0.51620225,-0.90163186,0.47701783,0.19222274,0.01497397,-0.90505437
20020159,before,-0.10747111,-0.3485285,0.39937431,-1.334213,-0.71318809,1.6873275,1.43348,1.0172641
20020164,before,-0.21509751,-0.61908517,-0.071383632,-1.2727961,-0.25636166,-1.0145976,0.83917396,1.0143374
20020165,before,0.23714655,-0.2508469,-0.77077949,-0.57432074,1.3940963,1.3546055,-0.75823636,0.25804826
20020180,before,-0.62064295,-1.1055218,-0.89516666,0.1533681,-0.29477637,1.4254997,-2.0556142,-0.58382653
20020182,before,-0.85028699,-0.69402478,1.8568363,0.63398669,-0.54095541,0.97610217,-0.070003774,0.88440005
20020197,before,2.2437945,-0.35063462,-0.79254465,0.77238819,-1.1544025,-0.14697519,-0.79376693,-1.1440905
20020216,before,-0.48594366,1.0226172,-0.71458964,0.49511118,0.28987797,-0.2646161,0.061908411,0.17004739
20020220,before,-0.58145286,0.5325215,-0.37607336,-0.7968202,0.74285207,-1.5039915,-0.12870494,-0.35536749
20020221,before,-0.050121702,0.27628508,0.398373,-0.81906537,-1.475811,0.0023378396,-0.02268428,0.33346114
20020223,before,-0.66155321,2.5527044,-0.18072434,1.0412809,0.45235766,0.59599136,-0.19660312,0.6375744
20020230,before,1.7312677,-0.11696648,0.31207435,-1.0904406,-2.2550169,0.63884605,-0.034989979,-0.32086528
20020233,before,-1.0368614,-0.60503155,0.3101609,-0.81851163,0.030291004,1.3818406,-0.55789158,-0.69872974
20020243,before,-0.093732123,0.072884048,1.5697873,0.55716859,0.66978556,-0.25358883,1.7580615,-2.4967443
20020254,before,-0.09044031,0.51603973,-0.53945177,0.18699645,1.0735923,1.6823433,0.046552407,-0.20757373
20020261,before,1.2144098,-0.54660697,-1.1900748,-1.4523359,-2.8781636,0.65685177,0.54875826,-0.79127923
20020268,before,0.28531782,0.70082667,1.2027255,-0.62042353,0.26166881,-0.64414171,-0.66531025,-0.080654772
20020271,before,-0.91343726,0.65191193,-0.94099444,-0.67869368,0.84909585,0.107987,-0.41818461,-0.18302807
20020277,before,0.11816433,-1.5758914,0.87242933,0.43879217,0.19605096,-0.24849843,-0.46570181,1.4344992
20020289,before,-1.220647,-0.060253812,-0.47809254,-1.1107974,-0.018539313,0.33646932,-0.086267149,-1.0605783
20020321,before,-0.22091921,-0.87394577,0.62984275,-0.23945623,-0.12672132,0.61677807,0.43540234,1.7752746
20020328,before,1.8798593,0.65797306,0.68288479,-1.4840384,0.3854901,1.5111543,1.9082234,-0.79378624
20020332,before,-0.40350184,0.68408603,-0.34609498,-1.3785346,-0.42876827,0.20529452,1.2307327,0.31174708
20020335,before,1.0545334,-0.63656884,-0.58773752,-0.91791576,-0.82288506,0.89795104,0.62163792,0.92893527
20020342,before,-0.26524107,-1.0574839,0.64319539,-0.71924655,-0.35653885,-0.036642805,-0.53559394,0.35767564
20020348,before,-0.99898162,0.19239311,-0.50373926,1.3481526,0.68997604,0.52605803,-0.25824254,-0.1357704
20020352,before,1.2238178,-2.1376844,-0.28378946,-0.8495096,-1.7252408,-0.17944815,0.93868433,3.8659385
20020363,before,1.3547041,-0.1678023,0.6361583,-0.4821018,-0.25529744,-0.57662169,-0.029516368,-0.83056481
20020365,before,-1.2248992,-0.029431276,0.33633182,-0.39237188,0.17570646,-0.69453497,-0.62802301,0.010924023
20020368,before,-0.05690785,-1.3341797,-0.45677414,0.76979792,0.12113168,-0.83490546,-0.58904036,0.4073198
20020369,before,-0.34093021,0.077735708,1.0795266,0.0027468016,0.36634409,0.010794272,0.47366203,-1.2130917
20020381,before,-0.12253698,0.18135887,-1.141806,3.9506061,-0.82136455,-1.4256061,-0.13560301,-0.29135328
20020382,before,-0.4311533,0.89124155,-0.45282135,-0.36289779,0.58122814,-0.019045385,-0.57698604,-0.29133666
20020385,before,0.79136455,2.2703018,-1.7709986,0.6002548,-0.46163657,0.91699101,0.73089565,1.8687938
20020394,before,0.64187469,-0.42315354,-0.91581249,-1.0940947,-0.53649754,0.252709,0.41066829,1.3932911
20020402,before,0.038787113,1.3925517,0.9160895,-0.64009906,0.84582844,-0.72463573,1.3900311,0.73576633
20020415,before,0.68156977,2.8875459,1.2006286,1.039161,0.24774331,-0.037675548,0.51651404,1.0569792
20020423,before,0.27191199,-0.97887992,-0.0067077544,-0.64054058,0.26957481,0.60757539,1.1737919,0.51691456
20020428,before,-0.71906509,-0.3443137,0.52670036,-0.03472001,0.62989017,-1.3293905,0.20237792,1.5607783
20020429,before,1.1214189,-0.53443726,0.91302736,1.2674759,-0.60788855,-1.5135785,0.37241553,-0.83303762
20020439,before,-1.0296619,0.93810884,-2.0731494,0.70940435,0.74482372,-0.21527451,1.9352024,0.0030129728
20020444,before,0.15905665,0.31389265,1.3337021,-0.628051,-0.14608731,-0.35742999,1.3717348,-0.59821692
20020445,before,-0.54155051,0.18665771,-1.2795602,-0.20037091,0.89865865,0.81316566,0.32362382,0.33057426
20020457,before,0.74558052,-1.0318753,-0.40072329,-0.4478601,-0.1999484,0.077076147,0.57958925,-0.76817792
20020459,before,-0.28150181,-0.65662643,-0.59508307,1.5083282,0.28275678,-0.16718637,0.079521743,0.016022882
20020461,before,-0.37596177,-0.40332516,-1.0071408,1.2535549,0.26935701,0.32236498,-0.087794221,-1.0303802
20020467,before,0.34522188,0.087031311,0.088109152,-0.001774124,0.039369006,0.81341287,-0.39780336,-0.61462333
20020483,before,0.51913879,-1.774366,-0.32101363,0.026267923,-1.4401606,0.41386593,2.2865331,0.62848096
20020484,before,-0.41018516,0.6375755,1.4490562,0.19958465,-0.62983704,-1.6145036,0.19947276,-1.2306302
20020490,before,-0.24882052,-0.17065353,0.73989096,0.40371476,-0.43438828,-1.2919706,1.0889465,0.3000367
20020495,before,2.7102448,-0.92809974,0.30487117,0.72194108,-1.9020765,0.026572496,-0.99152093,0.478727
20020503,before,-0.14611718,-0.18144612,0.57468137,0.20734669,-0.31312316,0.33616277,0.54538205,-0.81569468
20020508,before,0.60533138,0.24302698,-0.5481631,-0.48921678,0.20982074,-1.0653795,0.64458124,1.016529
20020512,before,0.2650338,-0.20334833,3.3950524,2.3650998,-0.63978818,-1.9255778,3.2466726,-3.0461046
20020519,before,1.4362308,1.6008982,-1.2600895,3.5298011,0.11909774,-1.6310683,0.336327,0.13295253
20020521,before,0.90386229,0.46859897,2.6642776,0.41492878,0.21296977,0.85455771,1.7845232,-0.044914649
20020547,before,-0.35216482,1.2682796,0.77947703,0.16497268,-0.19625311,-0.77824565,-0.3444917,-0.43364702
20020554,before,1.8848987,0.23175199,0.54305932,0.2968919,0.89118681,-1.235821,0.030394185,0.48451898
20020557,before,0.71890842,0.54425853,1.82131,1.5534404,-0.33242378,-1.5881311,-0.22550054,-0.77822783
20020574,before,7.4181744e-05,1.0172654,0.88621115,-0.85896454,-0.086205008,-1.3903116,-0.59044687,-1.4342339
20020580,before,-0.68868966,0.16463051,0.98528447,0.17135373,-0.04978161,-1.8481916,-0.4208315,0.44712842
20020585,before,-0.043061963,0.079562159,0.66285687,0.63597802,-0.28378586,-0.38385231,-0.38765727,-0.47212196
20020587,before,0.62694898,4.1836867,-0.77564971,-0.59501335,2.2062685,0.54474005,-0.66851327,2.1080136
20020608,before,-1.9247021,-0.37310379,0.58707816,-0.40319155,-0.42634134,0.17489228,2.9330704,0.63953843
20020611,before,0.34844939,0.2702404,0.56531162,-0.41357063,-0.20259779,0.10165048,-0.58465494,-0.3544226
20020613,before,-0.46931957,-2.4550154,0.17544461,2.5236097,-0.19634006,1.1831077,-0.79375321,-0.49094629
20020618,before,0.62676955,-1.651626,-1.4612211,0.83625112,0.90373272,-0.24591579,-0.15635681,-1.1314335
20020624,before,-0.18754238,-0.2373522,0.48569712,1.1931549,-0.21914884,-0.32944195,0.17972172,0.39789152
20020630,before,2.7422664,-0.49789155,-1.9772902,1.2747518,0.71870211,0.27426198,-0.85230779,-1.3574279
20020631,before,-1.1552942,-0.20269981,-0.67673182,-0.76222075,0.34670175,-0.35799411,-0.34504157,-0.60954977
20020646,before,0.94371465,-1.4511063,0.39288195,-1.0545497,0.98755816,-1.3937136,-0.41877323,0.056129975
20020650,before,-0.089084049,1.482857,0.57316152,-0.81423696,-1.1497619,0.71217352,0.16158772,-0.71877102
20020659,before,1.3304742,0.76200267,0.89823382,-0.92253452,-0.62738272,-1.3863407,-0.27050852,0.051454875
20020671,before,-1.3887847,-0.18313067,-1.8551241,0.94137216,-0.28128621,-0.3693046,0.59243764,1.1250187
20020688,before,0.24825567,0.35973685,-0.93197377,0.077668736,-1.1579396,-0.18155517,0.017998259,-0.57793427
20020708,before,-0.61242713,-1.4318145,-0.28711104,1.5805146,-0.2241253,-0.37700915,-0.30352018,-0.44396048
20020716,before,0.28044706,-0.07971373,0.96398765,0.72775536,-0.37557117,0.12377796,-0.040434708,-0.6387013
20020717,before,1.4417589,-1.771914,1.201413,1.2359112,1.8999791,0.085954889,-0.63706388,-1.2980977
20020740,before,-1.4705878,0.92081773,-2.0679262,0.001181761,0.41648633,1.826574,0.52180249,1.5517455
20020749,before,-0.74000647,0.18099263,-0.037575172,-0.73676118,0.11303434,0.40115443,-1.4896551,-0.37050272
20020752,before,-0.55922483,0.26782578,-0.32131198,-0.39799147,-0.22202945,0.066129343,-0.94655821,-0.054244161
20020760,before,-0.065777706,2.1316824,-1.236939,2.4249772,1.2688291,0.99325453,-0.21634019,0.79156338
20020773,before,0.74116316,0.037770993,-0.097308217,-0.4088643,-2.4187152,0.57245319,-1.1329747,-0.066831063
20020774,before,1.2237832,-0.34094804,2.4534787,-0.15482345,0.74332178,0.55082184,-1.3985068,1.147551
20020787,before,-0.49184856,-0.96119807,0.37680929,0.070807625,0.55961544,-0.063510049,-0.970122,1.3455709
20020797,before,-1.2705555,-0.69502528,-1.0223405,1.2684846,0.26895905,0.066645053,2.5552027,0.69313727
20020803,before,1.8252032,0.56708358,3.0594875,0.0047849624,-0.40350676,1.6269351,0.57673623,0.97321316
20020816,before,0.48248339,0.15651369,-0.027542774,0.46749312,-0.36460475,1.0907768,-0.27155707,0.40295975
20020823,before,1.5361441,-1.0044847,-0.70147173,-0.1133071,1.4559592,-0.9899577,-0.26074724,0.56990221
20020824,before,-1.0746009,1.0799849,0.36538909,-0.56873457,-0.75061811,-1.6235664,0.98032381,1.3384357
20020833,before,0.6537276,-0.47650829,5.1956519,0.76972725,-0.50776811,1.8022599,1.6335968,1.1910301
20020840,before,4.0111307,-1.7519263,1.0801443,-1.4435132,2.1866963,-0.92318667,2.2647457,-1.7612643
20020854,before,-0.50582395,-0.83223229,2.2303202,-0.23378718,-0.18930811,1.6004651,1.7979576,-1.1052513
20020857,before,-0.83718369,-0.20686339,0.52996714,-0.39396956,0.039798482,0.30412134,-0.68270129,-0.83593428
20020866,before,-0.27732802,0.31665198,0.69629129,-0.37226886,0.2025273,0.8135645,0.55497663,0.72348949
20020871,before,0.31281029,-0.51449729,-0.84718252,0.92075059,0.78139688,0.032690304,-0.62852009,-0.54837868
20020872,before,-0.90223844,-0.34648923,0.56519711,0.50510644,-0.65742328,-0.45229086,-0.24393054,-0.46728319
20020874,before,-0.94584861,-0.30168663,0.5096098,-0.13250324,-0.52261384,0.043949115,0.24764387,-0.43155741
20020877,before,0.47336536,-0.3506218,-0.11724117,-1.3837983,0.27664978,-0.26533805,0.4609156,1.7503597
20020882,before,-0.061654643,-1.3759327,1.561566,0.22465735,-1.7745822,1.1057477,-0.477627,-1.2306022
20020883,before,0.99000024,-0.020461134,0.92960913,0.076835479,-0.86768272,1.8532856,2.1718018,0.82527456
20020891,before,-0.17772068,0.67754849,0.58163662,-0.47902101,-0.026549638,1.7427896,0.93203254,-0.008173624
20020896,before,0.27340659,-0.021420121,2.0031814,-0.24834592,0.87489302,2.0187367,2.4412823,1.3567279
20020902,before,-0.90158754,0.33792223,0.071696736,0.099112342,0.16307657,-0.39674928,-1.0934973,-0.96390017
20020906,before,-0.50076442,-0.072150972,1.2178965,-0.071213938,-0.70999933,0.1136577,-0.1147113,0.010591693
20020912,before,-0.96309274,0.086985176,-1.2873389,0.94375231,-0.12161336,-0.12502216,-0.2122945,-0.2684285
20020915,before,-0.54488966,0.36967223,-0.69081974,1.1640706,0.028229906,-0.17123888,-0.58733039,-0.047480209
20020916,before,-0.30913102,-0.10449245,0.59110613,-0.41608627,-0.25530195,-0.34458431,-0.84319471,0.8733078
20020917,before,-1.9152325,-1.2014763,-1.0887463,1.8955915,-0.136082,-0.24779657,1.7497274,0.21695412
20020920,before,-0.60856647,1.1393788,0.0078864262,1.2564639,-0.66914471,-0.51430308,0.58789229,-0.22552418
20020927,before,-0.85816781,-0.2036582,0.67608404,-0.53673356,-0.64278244,0.69987127,-1.1985516,-0.24078336
20020930,before,1.0117945,-0.75638306,0.56455215,-0.65266563,-0.3906356,-0.7756154,0.79019952,0.46792676
20020934,before,-0.83659451,-0.34776527,-0.36788289,-0.87901612,0.38630807,-0.8054076,-0.6017367,-0.18898077
20020940,before,2.0934384,-0.9092173,1.9418875,-0.18962254,-1.8981864,-2.0475468,0.62901436,-0.051303075
20020954,before,-0.87862094,0.10639575,-0.28720167,-0.22656641,0.4449322,1.4783895,-0.31787832,0.14224253
20020960,before,0.16820159,-0.4597015,0.40410788,0.19167033,-0.90900532,-0.18176937,0.011414049,-0.90598566
20020963,before,0.96023824,-0.0031609245,-0.47293592,0.54028013,-1.3295078,-0.61779229,-0.083730263,-0.51170945
20020966,before,0.018716848,0.63943477,0.05256927,-0.85590702,0.27238876,1.0871559,0.092677669,-0.19319394
20020976,before,-0.64002298,0.0114186,-0.43395936,-0.78302952,0.11555922,-0.31934105,-0.31729839,-0.48888432
20020985,before,1.2171009,1.0632443,-0.83605357,2.067895,1.2342053,0.21144458,-0.74007831,0.046776947
20020991,before,1.1656451,1.1513568,-0.45336407,2.2117537,0.61376543,0.24679266,-1.4889914,-0.0027470021
20020994,before,0.29238914,-0.14606503,-0.98120483,-0.52730411,1.0908568,1.4851879,0.018885925,-0.80600627
20020996,before,-0.51608287,-1.0025059,0.47509675,0.25660235,0.98317344,-0.50070207,0.11222772,1.5572169
20021005,before,0.44109016,-1.0788647,0.08168287,-0.37818095,-0.7064166,0.8282345,0.26658705,-0.59675224
20021017,before,-0.89448292,0.44007861,-0.29764683,0.93034523,-0.22971502,0.34393714,-0.39995248,-0.25950834
20021019,before,0.093478213,-0.70642826,0.048021601,0.77291976,-1.9329578,0.67821906,-0.84131342,0.44231535
20021029,before,-0.8257608,-0.68318428,1.5747958,-0.07587623,-0.89990201,0.7567457,0.10312488,-0.34256837
20021032,before,-0.49817185,-0.44619806,-0.25081268,-0.16281105,0.32295349,-0.012283411,-0.4586415,-0.71612611
20021033,before,-0.11506484,-0.40427122,-0.01748955,-1.3560344,-0.15178669,0.16868212,-0.18624192,-0.68466379
20021039,before,-0.61205266,-0.50353084,-0.069168223,-0.61320882,-0.16135574,-0.4889884,0.5767636,0.24619392
20021049,before,0.18919204,-0.36071295,0.8375435,-0.78739535,0.76149971,-0.23579727,0.79966379,-0.63529954
20021061,before,-1.1631064,0.8491752,-0.1639208,-0.39346718,0.046205677,-1.273639,0.36370181,-0.19164054
20021062,before,0.53211004,2.9632151,-0.55094089,-0.52715654,0.82822178,-2.1071504,0.67090733,1.5851427
20021067,before,-0.62364561,-0.12159752,0.22690859,-1.0122284,0.84133588,0.25922613,0.15023129,-0.57322307
20021079,before,0.4373461,0.07394636,-0.92248905,-0.49759274,-0.18176804,-0.88421167,1.2869938,-0.11500686
20021087,before,0.34104486,0.33769627,-0.22580197,-1.0169558,-1.247165,0.78490608,-0.41414988,-1.0404273
20021093,before,-0.96803998,0.27775625,-0.57489778,-1.000498,0.71546171,0.58863731,-0.48136729,-0.40643333
20021097,before,-0.69910778,0.011516443,0.093793015,-0.78284122,0.17702865,-0.52943641,-1.1489629,-0.045073327
20021107,before,0.71288063,-0.79206667,0.84921014,-0.91259928,0.8722398,0.58597099,0.63893612,-0.37574711
20021115,before,-1.0118728,-1.0337524,0.73703879,-0.056655633,-0.66054711,1.1200627,-0.6621172,-1.2045392
20021118,before,0.8780665,-2.3442216,0.66536192,0.79540895,0.022498262,-0.0027439102,-0.83452307,-1.2166308
20021129,before,0.23595029,-0.3509259,0.91812586,-0.55521711,-0.5813531,-0.14091934,-0.43524789,1.17468
20021131,before,1.6575498,0.77774193,-0.81466138,-2.3322485,3.9826341,3.9232714,1.3775821,0.49413984
20021138,before,-0.85890189,-0.20733246,0.0089812948,0.063870496,-0.11584685,-0.20850903,-0.88165845,-0.21117471
20021142,before,-1.1167908,0.021101299,0.32653353,-0.63809255,-0.18042098,-0.2849922,-1.1430181,0.60417729
20021150,before,-0.85377325,0.39295084,-0.46660738,-0.096235769,0.075450062,0.038471628,-0.97756606,0.15085809
20021153,before,-1.2036279,0.82891778,-0.18336843,-0.18318548,0.056838147,-1.1276317,-0.11111813,-0.31734056
20030011,before,-0.51288999,-0.18905205,0.29612023,-0.34536403,0.51924952,-0.051880101,-0.71504124,0.42722378
20030016,before,0.28821241,-1.9579142,-0.87202463,-0.30683812,1.3310695,-1.4720083,-0.6179641,1.7958606
20030021,before,-0.23885667,-3.1459006,-0.48393686,1.3397121,1.3679047,-1.5256222,1.9019346,4.1268717
20030024,before,-0.8804259,1.0474663,-1.049344,-0.1676188,0.72653979,0.41037584,-0.69517783,0.26605384
20030029,before,-0.61535723,-1.7529291,-0.051280473,-0.61825035,0.74816815,-0.502691,0.82702363,0.72764903
20030030,before,-1.068119,0.15580614,-0.87034093,-0.72291079,0.72559642,1.1971408,-0.64259361,-0.28707015
20030035,before,-1.0595873,-1.3631435,0.063062919,0.27688035,0.54349142,-1.173368,-0.033716178,-0.81805356
20030038,before,-0.66594578,-1.1567883,-0.19912197,-0.85447568,0.6429595,-0.57213658,-1.3588908,0.13282011
20030041,before,-0.58905195,-0.34111112,-0.61169835,-0.093204862,-0.015691784,0.1600799,0.27949887,0.70752119
20030044,before,0.35216035,-0.14525282,1.2976982,-0.53754984,-1.8432946,0.87942571,-0.87636795,0.58216565
20030046,before,3.5528138,-2.7947638,-0.36891733,-0.074694298,2.9972733,0.4678564,1.6631278,1.5277077
20030049,before,-0.91262391,0.11621914,-0.53616719,-1.1893793,0.34719001,-0.72156564,0.26436127,-0.25754981
20030053,before,-0.40417961,-0.348868,0.32265468,-0.096610049,-0.96113568,0.28994703,-1.5166779,0.25740039
20030057,before,-0.95808022,-0.1452987,0.10326383,1.0559326,-0.63823238,-1.4091074,0.59582512,-0.2581926
20030063,before,3.0124626,-0.21451133,0.010736565,-1.3448561,-2.1968904,-0.027262761,-1.0433419,-1.1400763
20030066,before,1.6065545,-0.22260622,0.76905241,-0.29756758,3.0091057,-1.7333819,1.2000767,-1.0737217
20030067,before,-0.20839326,0.29222291,0.0038305468,-0.30116931,-1.4596954,-0.24575849,-1.6221553,-0.095864054
20030072,before,-0.63296951,-0.56799463,0.28964857,-0.42002766,0.045787705,1.1616859,0.37013542,-0.2756695
20030076,before,0.26845125,-0.50483335,-0.30789125,-0.6079451,0.26536696,0.31050897,0.25806534,-0.12414212
20030077,before,0.71536513,0.33711329,-0.70627781,-1.8092879,1.8882329,-0.79594997,0.35069692,-1.0941308
20030081,before,-0.21472025,1.3392824,-0.2149769,0.97672946,0.5614519,0.10131354,-0.69950311,-0.25732401
20030086,before,-1.1689287,-0.47018279,-0.19318873,1.1494637,-0.66923812,-0.54886764,0.21699264,-0.50668934
20030090,before,0.57025763,0.81913996,0.15280398,-0.23074889,-1.0457082,-0.21597841,-0.70965319,-0.54068764
20030097,before,-0.89068699,0.29190213,0.36346243,-0.80621744,0.28665336,-0.70674665,-0.66485128,-1.0018997
20030098,before,-1.0369846,-0.42432895,-0.3344662,-0.75291805,0.32264224,-0.0374806,-0.35393168,-0.5946348
20030099,before,2.8309338,-2.2484467,-1.6849158,-0.81427441,-1.5023802,-0.32582295,1.0332052,0.40975539
20030105,before,-1.0193609,0.50720979,-0.22193875,-1.2191579,0.91744022,0.07732335,-0.47804971,-0.49638158
20030110,before,0.53361475,-1.0366052,0.0059062754,-0.26557049,-0.82833665,-1.224913,-0.39257655,-0.81366041
20030116,before,2.1595337,-2.698097,-1.2907265,-2.1564099,-0.15031211,-2.1078089,0.41881596,2.7156888
20030118,before,-0.99555372,-0.73574845,0.21986529,0.18787003,-0.09839335,0.57275066,-0.23373836,-1.3094063
20030124,before,-0.45896979,-0.29751685,-0.091399254,-1.3195856,0.38544619,-0.19181433,-0.80975944,-0.40894903
20030132,before,-0.45984585,-0.97692407,0.60715708,-0.72253576,0.21600149,-0.11837712,-1.7388913,-0.27097814
20030134,before,-1.0888732,0.15319152,0.43805903,-0.90080713,-0.074321705,0.0059377472,-1.8161438,-0.54649861
20030170,before,0.12630794,-1.5935851,-0.16543171,0.56196481,-0.39773589,-0.64279942,-0.37158664,-0.17658893
20030176,before,-1.1076683,-0.078816312,-0.6992973,-0.89761953,0.18166797,-0.01546639,-0.29901721,-0.74609877
20030187,before,-0.41514663,0.76879865,-0.10363239,-1.1998878,1.0840941,0.5499263,-0.4945162,-0.596999
20030210,before,0.15731382,-1.592522,-0.32777506,-1.0389517,0.61723177,-0.4528883,0.00074422018,0.80334373
20030213,before,-1.0956126,0.10290415,0.17685438,-0.07763361,-0.0012749234,-0.63890037,-0.93804943,0.012985711
20030216,before,-0.64844323,0.34773674,-0.46217266,-0.95978886,0.92381857,0.80323957,-1.1907792,-0.14659309
20030219,before,1.2372768,-0.35154372,0.66115517,-0.57973008,0.31996451,-0.14468644,-1.2605696,0.28282544
20030220,before,-0.45713413,-0.74564646,-0.89499005,2.2624583,0.0083116146,0.46943515,-0.52971703,-1.0236028
20030228,before,0.89204721,-1.4096093,-0.9111226,-0.32905039,0.37721769,0.32652266,-1.9110307,0.54653364
20030229,before,2.5320142,0.55492547,0.27803912,0.80460266,2.5676928,0.3659447,-2.7154761,-0.65837674
20030230,before,-1.617741,-0.064570672,-1.2423792,0.74021116,-1.6139568,0.45192933,1.7627221,1.2017011
20030236,before,-0.4042166,-0.030588069,0.81384847,-0.98407469,0.29530172,-0.27068952,-1.104277,0.13061334
20030246,before,-0.21521367,-0.087769193,-0.21157488,-1.1382875,0.00535316,0.34009298,0.15083388,-1.0373691
20030262,before,-0.18984714,1.1256964,-0.48607981,1.0189342,1.0691943,0.81699115,-0.099699608,-0.17743462
20030267,before,-0.7053449,0.018533536,-0.69728915,0.67937339,-0.62686292,-1.486504,0.640957,-0.37590431
20030284,before,-0.6818709,-0.41075003,0.52751619,-0.31313068,0.17309116,0.17485653,-2.5264966,0.24356679
20030302,before,-1.2399031,0.5867638,-1.8303191,1.4632456,0.75247979,-2.7553414,0.64549806,0.26766855
20030319,before,0.56642746,-0.15949408,0.33770011,-1.2797532,-0.052738309,0.1835316,-0.12601143,0.040005578
20030330,before,-0.54215799,0.5285033,-0.54308299,0.20035529,-0.23151064,0.055529967,-0.38010087,0.092482937
20030338,before,0.25090496,-0.1780997,-0.59048738,-0.29728413,0.30311706,-0.042534055,-0.16607722,-0.39259493
20030355,before,0.069251614,-0.10110139,0.68407216,-0.286853,-0.53347804,0.015303928,0.26850237,-0.06302239
20030361,before,-0.90529763,-0.99701288,0.36796795,-0.78703427,0.20398573,-0.29980147,0.72010337,0.67721936
20030369,before,2.6243833,-0.26419012,-2.2609991,-2.5123006,0.83525892,1.9760832,-2.3085015,1.9673052
20030388,before,1.1395159,0.013711271,-1.2594984,-1.2138318,-0.22614659,-1.3098099,-0.50578079,-1.1095275
20030392,before,0.13611335,-0.046313349,-1.153654,1.5125963,0.087148527,0.0053986345,-0.76619602,1.1606174
20030396,before,-0.43615359,-0.032260535,0.42084142,-0.14499343,-0.41338759,0.048383878,1.0061639,-0.82051932
20030415,before,0.53696679,1.6720943,0.97464135,0.27718447,0.77281187,-0.48500319,-0.035438942,-0.17308251
20030426,before,1.2082392,-0.7905415,-1.3223837,0.7810163,1.5456918,-1.8332044,1.0158639,-2.1002146
20030427,before,1.4788915,0.92719814,0.42473906,1.183521,-0.96872111,-0.32270622,-0.88428808,0.57564675
20030452,before,-0.90305973,-1.3929612,0.70421833,-0.84789675,0.38147565,-0.32362794,-0.069719058,2.1799839
20030456,before,-0.821133,-0.4718209,-0.0024130911,0.21692269,0.12912118,-0.74224132,-0.61642128,1.5297124
20030464,before,-0.68095208,-1.301714,0.45141064,0.40913512,-0.14366291,-0.75044353,-0.099006684,0.82670824
20030472,before,0.15717256,-0.24354165,-0.69005404,0.98178109,-0.66187889,0.36416551,0.16683518,-0.29424093
20030478,before,0.92960787,-1.004594,-1.4650686,1.0950561,1.1146124,1.5690238,-0.34228607,-0.47308936
20030479,before,3.5124124,-0.43659851,-2.3691084,3.0306477,2.639033,0.12166058,-0.47977041,-3.1081432
20030484,before,-0.4960822,-0.044177925,-0.31951909,-0.9328034,-0.073426966,0.73164259,-0.13177047,0.037208296
20030486,before,-0.32028556,0.27235664,1.0269028,0.53835559,-0.66648102,0.10711098,-0.44912053,0.15319947
20030495,before,-0.061348392,-0.1050696,0.048271098,-0.31653133,-0.84724815,0.24289272,-0.51438052,-0.05095276
20030509,before,2.0620444,-0.10557976,-1.4936103,0.11641548,-0.00043780518,0.44872063,-0.46545838,-0.23068925
20030513,before,-1.1093183,0.33443066,-0.061981964,-0.63458009,-0.241674,0.46778249,-0.13679087,0.44569937
20030521,before,-0.0074655346,0.29873292,2.2088347,0.081433041,-1.486051,1.7164269,-1.9020238,3.5798129
20030527,before,-0.84658457,0.083343122,-0.52761335,-0.54610996,-0.16152798,0.49962147,-0.21650045,0.095898828
20030546,before,0.35428402,-1.2103301,-0.30222217,-0.3360503,-0.010162124,-0.82409251,-1.45865,1.68992
20030548,before,-0.88848261,-0.92202078,0.4402302,-0.26384275,-0.51270301,0.17140673,-0.48571012,-0.14444657
20030552,before,-0.045925275,0.31093873,-0.088655984,-0.73159046,-0.83860951,0.064441415,0.027082593,-0.49060571
20030564,before,-1.1691201,-0.47731536,-0.087755393,1.5614873,-1.4029755,-1.8586195,0.46413867,-0.099743106
20030570,before,-1.4618049,-0.49269562,-0.23926151,0.017999086,-0.085509725,0.24822882,0.61022334,0.28080679
20030572,before,-0.83355289,-0.58698685,0.26386662,0.39081863,0.14922949,-0.53243253,0.47592938,2.132353
20030573,before,1.3584204,-0.68011855,-0.25357456,-0.44289612,-1.2943757,-0.70470573,0.2859596,0.84228235
20030575,before,-0.86171021,-0.38065807,0.47967082,0.41916989,-0.47166232,0.11783291,0.56173968,-0.13478257
20030577,before,-0.14873508,-0.39366953,-0.071136768,-0.24783373,0.19273962,-0.67780438,-0.79158346,1.4793206
20030600,before,-0.64679819,-0.38354989,-0.31636344,-0.10000134,0.093819075,-0.19512787,-0.088066573,0.1057482
20030625,before,-0.062190883,0.10831615,0.21814111,-0.74464899,-0.69513889,0.33597656,1.1487603,0.85725176
20030629,before,0.60070968,-0.36518605,0.37212275,-0.91895421,-0.49501834,1.1542613,0.56608929,1.2455351
20030646,before,-0.51082255,-1.3651014,0.68235227,0.48727991,0.73127142,0.6117263,-0.53763291,1.0077035
20030653,before,0.28041286,-1.336812,-0.16451115,-0.15408854,1.2750303,-0.32023745,-0.0054061573,1.2496715
20030665,before,-0.9278311,1.4289708,-0.04616004,0.34880675,0.29985288,-1.0403669,0.39200421,0.47702816
20030668,before,-0.61232996,1.088675,-0.43003621,-0.89349425,-0.51296786,-0.52545339,-0.50672452,-0.34303031
20030676,before,-0.30167856,1.6564268,-0.73399767,1.7605964,0.94567296,-0.53349724,-0.51110352,0.1729275
20030677,before,-0.35076314,0.8035727,-1.8501097,0.71957033,0.8931347,1.7400406,0.46055413,0.95912743
20030685,before,1.2459946,-0.016909766,0.86630133,1.5123481,-1.4713248,1.0324576,-0.084173816,0.8230325
20030691,before,-0.48278646,-1.0208107,0.86454747,0.97655601,-0.28096777,0.36941898,-0.080888005,-0.12164528
20030707,before,0.10982087,-0.13227642,-0.071270962,-1.703479,0.1296701,2.0893664,1.3532741,-0.0041019502
20030716,before,0.17650537,-1.0667554,-0.71655192,-1.3049306,-0.95405825,-0.082651816,2.0859326,0.40918635
20030727,before,-0.19026679,-1.5849325,-0.77215702,2.4079783,0.55715443,-0.24142786,0.48053299,-0.28032528
20030729,before,-1.0276385,-0.011602877,0.91897159,0.74462816,-0.66625546,-1.0634682,0.25910019,-0.24231267
20030750,before,0.27833123,-0.13703293,0.59354925,0.14786322,-0.42647938,-0.47555404,-0.94633078,-0.62143552
20030753,before,-1.6644049,-2.1252104,-1.1200909,2.7511241,-0.4357822,1.6698653,-0.15340147,-0.64680995
20030762,before,0.25673886,0.17670907,1.5371699,1.0241266,0.50400841,-0.18885954,0.58499985,-1.0190433
20030772,before,0.91204645,2.7947046,-3.0522151,-1.4358785,-1.3843172,-1.4469806,3.9081787,-0.16449041
20030775,before,2.6293598,4.2383582,2.3598544,1.636157,1.7053886,-2.1734613,-0.038186256,-0.076276353
20030786,before,-0.14904886,1.0083174,-1.2616405,1.8196725,-0.73467086,-1.3332104,1.0607911,-0.62136144
20030789,before,-0.54148132,2.2825866,-1.0456568,-0.0031415918,0.41272281,1.2941205,-0.057903774,1.3912439
20030793,before,-0.10211675,2.2001419,1.8711797,-0.57456749,0.16098811,-1.5720108,-0.44534894,-1.2732001
20030796,before,-1.0617957,-0.38777864,-0.23328178,-0.63431125,-0.089162644,0.12447163,-0.79643011,-0.56540475
20030799,before,0.37884788,-0.79709686,-0.33166557,-0.39302138,-0.61916369,-0.47565156,-0.54732472,-0.18430456
20030801,before,-0.98214073,-0.20756425,0.31047243,-0.47884202,0.28459169,-0.85015666,-0.30712857,-0.31795228
20030810,before,-0.56147331,0.36466099,0.50467526,0.71992858,-0.19825121,1.1206707,-0.41932456,0.2069875
20030831,before,0.17288546,1.8297338,0.82735169,1.4501261,0.22073469,-2.3327572,0.81834708,-0.037807541
20030835,before,-1.1244777,-0.40546544,0.12243925,-0.12089551,-0.016665375,-0.32015038,-0.36077932,-0.65341757
20030838,before,1.2768777,-0.62312618,1.2530012,-0.46037328,-0.29704438,-0.36671531,-0.2466807,-0.38545697
20030853,before,0.049686099,1.0117523,-0.1799209,-0.25588681,0.1049122,-0.61532684,-0.14455569,0.091268443
20030862,before,-0.12780294,0.039259082,0.14948015,-0.32501821,-0.83886448,0.30590799,0.45177644,0.12295649
20030870,before,0.15522692,-1.5285682,1.1355807,-0.12918673,2.0728337,-1.0765898,0.56790969,1.1097709
20030871,before,-0.57059681,0.97210108,0.38383294,0.061512601,0.25429697,-0.12157851,-0.72758522,0.002776914
20030893,before,-0.17705047,1.3670515,-0.66219461,-1.3462468,1.6273826,1.2397829,0.49110096,1.1570405
20030910,before,-0.55725792,-0.43637003,-0.12268697,0.87816672,0.55949342,0.94467784,-0.17451882,-0.64375738
20030921,before,-0.51577139,0.22342197,0.38817503,0.48961155,-0.12178859,0.92761041,-0.15984056,-1.0554985
20030923,before,0.75047878,-0.28275493,0.2578348,1.3394417,-0.88624524,1.0040262,-0.20608208,-1.5098027
20030928,before,1.7683654,0.99688397,-1.3913466,1.8517552,1.4061261,1.5426907,0.20850265,0.69330496
20030931,before,-0.66325179,0.30156508,-0.4189392,-0.42158514,0.79474009,0.80703755,-0.39782161,-0.3820849
20030936,before,2.6975597,3.3813824,0.87569758,1.5561764,1.1455517,0.53437725,-0.84161033,0.58946587
20030940,before,0.9876103,1.4921808,-1.1599813,1.248684,-1.9201714,-0.47839371,0.68528897,0.4411294
20030942,before,0.19137505,-0.12232707,0.84526063,-0.091147341,0.59743078,-0.032337862,-0.72015914,-1.2159625
20030952,before,-1.0050863,-1.5636889,0.12569072,-0.10706383,0.64577107,-0.26099453,-0.034187748,0.87351525
20030962,before,-0.031694133,0.81019304,0.77601168,0.1595407,-1.9517503,1.7451457,-0.81628513,0.95680311
20030969,before,0.41180122,-0.71077048,-0.22108551,-0.16548006,-0.50442157,-0.61136121,-0.48990994,-0.53406191
20030976,before,0.08116942,-0.6053563,-0.15804997,-1.1940842,-0.18381603,-0.18947943,0.40260886,0.25089348
20030978,before,0.47911008,-3.3061125,0.61218533,-1.3716996,2.2948211,-3.2412612,1.7400537,4.0027784
20030997,before,-1.1253935,-0.78744132,-0.47674819,-0.21165559,0.19745486,0.75315928,-0.93602711,-0.19180862
20031004,before,1.1355689,-1.170202,0.56237157,3.1461589,1.68492,0.81072916,1.1213914,-0.86019616
20031013,before,3.5270993,1.8952587,-0.68467161,0.4531706,2.2215538,0.4143715,-1.6365568,1.5037567
20031014,before,1.2463625,-1.2070262,-1.014376,0.131687,1.3475568,-0.9846379,0.87968276,-2.4822537
20031023,before,-0.88897516,-0.32891455,1.0747107,-0.13070017,0.22205544,-1.6693082,0.63057671,0.42052352
20031034,before,-1.3006841,0.10797881,-0.021749055,-1.1523025,-0.92586563,0.50173541,-0.18507231,0.48439041
20031043,before,-0.30131918,-0.41998667,0.072514251,0.33246364,-0.58635885,0.30523943,-0.19895452,-0.5948978
20031053,before,0.25625504,2.5627568,-0.21638467,0.031010676,0.70055386,-0.091882422,0.42941433,1.227239
20031056,before,1.5958355,0.1158133,-0.59390262,-0.69556001,-0.21311574,0.13975053,-0.45093715,0.12122955
20031065,before,0.44339437,0.31225743,-1.1873221,-0.66149073,-3.3973318,0.87013908,0.13483531,1.0802387
20031066,before,-1.0765074,0.32794204,-0.3177739,-1.0631601,0.44663058,0.67421679,-0.50339851,-0.18424835
20031071,before,1.179166,-0.81670824,-0.7818529,1.021386,1.2711281,1.2731688,1.3165457,0.03136713
20031077,before,2.7787089,-0.077207145,-1.9394758,-0.60677404,-0.812199,2.0790296,-5.2914113,2.0714388
20031079,before,-0.91727479,-0.47909589,-0.9835241,0.38397141,0.32314211,0.7681713,-0.057855754,0.40499478
20031082,before,0.25860346,-1.0093178,0.04388589,-0.82623269,0.39550075,-1.5031054,-0.82448467,0.43867786
20031091,before,-0.71893442,-0.55175704,0.22138622,0.52440463,-0.011849788,0.78970048,-0.12493066,-1.2414036
20031093,before,1.6969838,-1.5859827,-1.1401982,4.45178,0.46619688,-0.52540783,-0.5508128,-2.9304071
20031095,before,-0.92452411,-0.072763739,-0.032761222,-0.29530329,0.55203959,0.85014799,-0.66674897,-0.64515285
20031096,before,0.91702336,0.050361523,1.1142163,0.89081131,0.7100932,0.042265909,1.5096057,-0.52076611
20031101,before,-0.25713712,-0.21696136,0.001010504,0.81455631,-0.31191082,0.13108997,-0.51790293,0.13524005
20031103,before,-0.18939438,0.30838156,-0.6521761,-0.90072104,0.72858975,0.7833462,-0.27178254,0.037651198
20031107,before,-0.54298089,-0.1373457,-0.49246863,0.067226004,-0.5098022,-0.043777211,-0.046860027,-0.085543603
20031115,before,0.093104315,-0.57279516,-0.34321749,0.054971634,-0.76430522,-0.89053075,-0.62380592,-0.30245705
20031120,before,0.4036415,-0.78502275,-0.38852483,-2.1113155,1.9326505,-0.72842966,2.0042205,1.0323499
20031122,before,0.22403319,-1.1983249,0.60162757,0.00014814169,-0.29857981,-1.3240866,-0.33577919,-0.32869326
20031125,before,-1.0081032,-1.7276929,-0.059381592,-0.0086408982,0.024071106,-0.59642791,-0.80053678,0.096635213
20031129,before,-0.75247017,1.0889062,-0.51635211,0.55568738,0.27790309,-1.3408523,-0.34339807,0.17274056
20031138,before,-0.90283587,-0.3196737,0.1533932,-0.54082928,-0.37751886,-0.21655473,-0.79520343,-0.28689295
20031140,before,-0.76099853,0.12284304,1.0749078,0.71880339,-0.73071617,0.52608249,0.092819501,-1.0558301
20031149,before,-0.074353541,0.86338811,-0.2499708,-0.85133139,-1.2505811,0.32338142,0.08104687,-0.58332952
20031150,before,-0.7474347,1.7891938,-0.34837232,-1.4967912,1.8951089,1.3771161,0.38074723,0.16036729
20031157,before,0.15304989,0.97909389,1.0437973,-0.23499491,-0.018489221,0.71748892,0.63223213,-0.094129832
20031161,before,2.6760029,0.56461921,-1.6098084,0.80993919,0.54737643,-0.67464359,-0.87908187,0.68281763
20031166,before,-0.80115574,-0.87904422,-1.2529034,1.5038452,0.55664072,0.37931906,-0.8059305,-0.95528493
20031168,before,0.18898107,0.27004319,-0.036492312,-0.026926853,-0.97126752,0.099361864,-0.68851329,-0.64473535
20031170,before,-0.87745156,-0.32002576,0.16755372,-1.02878,0.83803022,0.47900116,-1.3088608,0.81228375
20031173,before,1.9565388,-2.2109903,1.6622014,-2.3303549,0.41026432,0.72332101,2.0495871,3.3162469
20031189,before,0.72613871,1.0443783,1.8456802,0.046005459,-0.98335934,1.1402495,0.44045143,0.92553698
20031192,before,0.26015904,0.0058750832,0.6284391,-0.63256592,-0.58104088,-0.46277652,-0.62358887,-0.14810172
20040002,before,-0.14092057,0.32062909,-1.0300236,-0.14524331,0.3085508,-0.9761578,0.72336072,0.18937195
20040003,before,-0.41333975,0.16050385,-0.63407483,-0.88769533,0.59695101,0.042914271,-0.77778026,-0.72071238
20040020,before,-0.17739005,-0.85787765,1.3384431,0.41521403,-0.10133939,0.26426048,0.12496662,0.2156857
20040035,before,1.0701024,1.5809286,-0.164361,1.2517938,0.87054831,-0.74697783,-0.73738739,0.63773844
20040038,before,-2.4575026,-0.35009524,-0.37392867,1.102616,-1.4419474,3.0514452,1.4642448,2.3528707
20040054,before,0.42976486,1.2789441,0.31410561,0.27757096,0.11275221,0.45517779,-1.5167409,1.7271624
20040067,before,-0.6702166,-0.075829741,0.95137392,-0.38512462,-0.053711983,0.53147678,-0.48804819,-0.1328667
20040071,before,0.019085083,-0.2044751,-0.086612134,-0.85570477,0.15794838,-0.75169466,-0.8696716,-0.27620118
20040075,before,-0.13539596,0.50899983,-0.17182242,-1.1997292,-0.54615306,-0.19535232,-0.12682682,-0.42033733
20040090,before,-0.56183959,0.56347239,-0.51148516,-0.42681321,0.24644836,0.51015721,-0.18610446,-0.069356214
20040092,before,-0.75768474,0.59862544,0.090666593,-0.15750565,0.59671941,-0.5573337,0.0042980207,-1.0505462
20040100,before,1.368804,1.1891414,-1.4529775,-0.91165558,1.2325533,-1.1239394,0.23353504,-0.37999915
20040105,before,0.059223958,-0.02045699,0.28211725,-1.0868045,-0.37699322,-0.57129362,-0.82883036,0.023668738
20040116,before,-0.41754715,-0.47384568,0.13475898,-0.71646098,-0.0073027994,-0.80362773,-0.74405901,-0.65186895
20040137,before,0.095575141,-0.14266369,-0.10312134,-0.70515897,-0.78636265,0.088217643,0.47765792,-0.2855293
20040144,before,-0.33945211,0.27391678,0.6591769,-0.95840496,0.51377491,0.078215464,-0.24248163,-0.93257509
20040153,before,0.060551789,0.13675734,-2.1542397,1.0627145,-1.079476,-0.18733055,0.70819266,0.3454238
20040155,before,-0.15394848,0.077462532,-0.0060994686,-1.475904,1.2104174,-0.84208375,-1.4162623,-0.36440478
20040159,before,-0.23073228,-0.31980289,-0.18640472,-1.3784965,0.0072108891,-0.34308535,-0.80218204,-0.17338055
20040164,before,1.2889166,-0.29140391,1.5856102,-0.97213745,1.4156854,3.025203,0.085022736,1.7285058
20040167,before,1.7811205,-2.9117927,0.47315529,-2.0378397,2.3533336,-1.4333901,0.44468877,4.3978085
20040181,before,-0.10009478,0.87831866,1.2153571,-0.058186374,0.22443294,-0.64259299,-0.45629072,-1.106894
20040184,before,-0.16021927,0.35801872,-0.24889905,-0.53634696,0.90969502,-1.8930067,-0.30834353,-0.91040691
20040199,before,-0.78536467,-0.48208088,-0.0730716,-0.78760636,0.066335664,-0.19724736,-0.80959681,-0.0034998695
20040201,before,-0.35124976,-0.22898757,-0.25732721,-1.3224696,0.33542574,-0.16230477,-0.50262796,-0.29197053
20040205,before,-0.83620579,0.13263469,1.0405562,-0.09022911,0.5946044,0.54210893,1.7875987,-0.12704916
20040217,before,0.57198427,-1.4835102,-1.0041448,-0.23359692,0.88770247,-1.2828905,0.43126353,1.0538671
20040230,before,-0.76857556,-0.65250732,0.53043879,-0.18344261,0.097519763,0.25152163,-0.066509379,-0.24725158
20040235,before,-1.2151647,0.22709241,-0.45519165,0.024241934,-0.26132191,-0.83209517,0.2677868,-0.27084402
20040242,before,-1.1694025,-0.34706044,-0.25839218,-1.1140248,0.033339777,-0.24916019,-0.53297971,-0.77749586
20040248,before,-0.41265514,0.29029026,1.018998,-0.79574394,-0.28349773,1.2351863,-0.93672979,0.2839809
20040263,before,-0.5140069,1.6954031,-0.28269312,-1.2246357,0.74520776,1.9556179,0.5390824,0.43134642
20040282,before,-0.8914719,0.0684692,-0.71678961,-0.1642849,0.30590394,-0.34792618,-0.70431858,-0.39542854
20040307,before,0.31181523,-0.42344804,0.66282857,0.037762451,-0.23941194,-1.3798197,-0.17636594,-0.72989055
20040312,before,0.33553977,0.66398197,3.8651981,0.66147675,0.46243055,-2.3042529,3.6689897,-2.531333
20040339,before,-0.74147611,2.7305179,0.8053872,-0.18924201,-0.82344345,-2.5335737,0.71609945,-0.74862041
20040347,before,3.1330233,0.8034699,-3.4989302,-1.0831549,-3.6026105,0.94815572,0.67175032,-0.71859948
20040358,before,-0.78530728,0.11045451,-0.26952203,-0.34571281,-0.51530912,-0.045428508,-0.36987895,-0.33945682
20040366,before,-0.70680712,0.17476444,0.82610412,0.30154266,-0.13869686,-1.7694726,-0.086982628,1.0768407
20040372,before,0.14913913,0.55271804,-0.49063481,0.9322582,0.48947133,-0.86977546,-0.0032145226,-0.49338584
20040382,before,-0.066860889,0.46889372,0.10008223,-0.45806957,0.57970906,-0.371397,-0.47145881,-0.52534366
20040386,before,0.25293002,1.7165226,-0.84871182,0.92641311,0.48951622,-2.2605286,0.63801882,-0.012023013
20040393,before,0.59871972,0.14682946,-2.4529745,3.0137301,0.68469472,-0.21251555,-0.031021624,-0.63135059
20040394,before,1.0438907,0.084190703,-0.70389854,-0.85211021,-0.16017408,0.46741455,1.4655527,-1.1636188
20040395,before,-0.80702856,-0.63377938,0.37174227,1.1191551,-0.20107472,-0.60470256,0.4387943,-0.49778579
20040402,before,3.7743373,-0.11007895,-1.7677742,2.972797,-1.3174308,-0.13592117,-0.48050083,-1.3573173
20040408,before,2.0229259,1.6592083,-3.4257524,3.0310611,-3.7487195,0.3756732,0.078682184,-0.31631782
20040443,before,-0.4415992,0.99523551,-0.69784232,0.62855958,-0.12832179,-1.6945757,0.44198689,-0.26474037
20040453,before,-0.69971989,0.99383946,-0.236122,0.011273108,0.35228389,-0.55319169,-0.21237921,-0.44879418
20040456,before,-1.0645143,-0.40356485,-0.04322998,-1.0151933,-0.49987059,-0.04166168,1.3848355,0.39931318
20040458,before,-0.10713138,-0.11254439,-0.15822446,-1.1671475,-0.022544282,0.48714126,0.94470688,0.40089305
20040460,before,-1.6560305,0.46168353,2.7120116,0.36060103,-1.2083771,2.267758,0.61741318,0.61151164
20040463,before,-0.86944786,-0.58732939,-0.067387962,0.39193885,0.41785107,-0.062119729,0.13156511,-0.61478984
20040471,before,0.19522062,0.40280122,1.0964763,-0.32002597,-0.13389871,1.8398952,0.30482451,-0.72066654
20040485,before,-0.10931276,-0.060000028,-0.17121471,-0.69227457,-0.46489943,-0.29945497,-0.46277738,-0.33900497
20040490,before,-0.39700956,0.43172669,0.94052146,0.042719099,0.099656083,2.5406302,0.78738078,0.52818659
20040497,before,2.2431508,-0.50099185,1.3121435,0.46125203,0.49910877,-0.43562529,2.3472817,-0.6063389
20040498,before,-0.72414494,0.5616705,-0.80608985,-0.61604273,-1.5378661,0.89343171,1.1428056,-0.69630813
20040499,before,-0.50703791,0.34601452,0.27097113,-0.25209455,-0.31479759,0.026337257,-0.60110092,0.10671362
20040504,before,-1.1477443,-0.33673718,-0.6351636,1.2025622,-0.52262357,0.33703665,1.1022789,0.82341914
20040509,before,0.46033914,3.4321198,-1.3360482,-0.89568126,0.60184701,-1.781113,1.1837118,-0.19850488
20040511,before,1.7556036,-0.088970785,-0.44876108,0.76917269,1.6269308,-1.7318173,-1.9115268,0.86773098
20040516,before,-0.43303025,0.086663872,0.72978291,0.75951197,0.56940339,1.7518375,-0.83381949,3.6471586
20040526,before,0.57272461,1.3133703,1.9278461,0.38040016,-1.0172086,-0.69195595,0.66193686,1.0573606
20040533,before,-0.75090506,-0.051613521,0.82556972,-0.43797485,-0.59379035,0.28227046,-0.49683852,-0.67562477
20040537,before,-0.89167376,0.016461398,0.30315049,0.16523264,-0.81165311,-1.2660699,-0.70869907,-1.1109343
20040539,before,-0.95369701,0.57844501,-0.24044559,-0.29881617,0.24127234,-0.24181929,-0.84828511,-0.47935613
20040551,before,0.77903385,-0.2301522,0.82885615,-0.35563047,1.1758137,-0.6825875,0.45516091,-2.4090964
20040555,before,-0.36451745,-0.31048982,-0.56183526,-0.69975849,0.64705752,0.99535665,-1.0093751,0.054559552
20040557,before,0.48872188,-1.143493,-0.29668448,1.9539092,-0.49172786,0.95497638,0.11995316,-0.56086408
20040560,before,-0.14791748,0.79005846,1.2567782,0.26096417,-0.70953135,0.29280149,-1.0226687,0.22301418
20040565,before,0.22370129,-1.3835425,0.093558033,1.0223852,-2.760904,0.86389078,2.1074024,-1.507107
20040572,before,2.1368996,-0.76021,0.045706307,1.5693491,2.4879235,0.047996595,-0.55241158,-1.7634573
20040595,before,2.1562431,0.16396606,0.9742614,1.0936697,2.4859709,-0.60416966,1.7495653,-2.8494425
20040602,before,-1.4364002,-0.62222804,-0.44685304,-0.81296785,0.43606043,-0.81102488,3.0193396,1.3020549
20040611,before,-0.34025784,1.0492461,-0.91847161,2.4497803,-0.21317572,-2.7945561,0.25889435,-0.041616676
20040614,before,1.0889886,1.5016729,-0.08229198,-0.013238064,-2.7140848,-0.46557619,-0.52986222,0.05013299
20040615,before,0.31278048,0.64090228,0.81284161,1.5000566,-0.28949835,-1.1922041,0.02869041,-0.18656887
20040624,before,0.90240462,-0.27324877,-0.7883469,1.431772,0.38725796,-0.25975395,-1.1815207,-0.74949712
20040653,before,0.57256961,1.6255077,0.7120424,-0.13336456,0.4561006,0.21669525,-0.86774798,0.52060165
20040656,before,1.6549916,1.691776,1.2397283,0.5749664,0.68365406,-0.30396176,-0.044772028,1.0641593
20040676,before,1.4616241,-0.52533405,1.3536994,-1.0183835,0.49773753,1.7853783,0.70196409,0.92569024
20040684,before,-0.55108531,-0.42006933,-0.014071422,-0.78646232,-0.59502818,-0.043458502,-0.82818182,0.27663564
20040688,before,-0.4548148,0.97626665,-0.95891392,1.8070025,0.36662219,1.0688885,-0.92182325,1.1340508
20040697,before,-0.5576167,0.93323879,-0.1277756,1.1292758,0.56477148,1.3737495,0.61066729,1.0783562
20040700,before,0.3761672,-1.3545782,3.1785411,2.2286439,-2.6098899,-0.12250308,-1.020345,1.456768
20040703,before,1.0142334,1.1007954,1.2840451,1.4159703,-0.42507929,-0.35148675,0.30221694,0.86858674
20040713,before,0.41311287,0.72891091,-2.2350466,-2.5447748,-2.527997,1.4382593,2.4999317,-1.638495
20040715,before,2.3020402,-0.05114664,-1.2766338,-0.70483982,0.90980332,1.9985501,0.20868656,0.17050976
20040718,before,-1.0315273,-0.19212454,-0.78968119,0.022398343,0.058534894,-0.83892567,0.22586725,0.18246494
20040726,before,-1.3874819,-0.1681323,-0.42942448,-0.36597068,-0.60366381,-0.10395589,0.95991022,0.48383056
20040733,before,0.61605273,2.624957,3.2719507,-0.57580082,0.81130789,-1.6363028,1.2440635,-0.34571645
20040747,before,0.29548868,-0.20941667,0.5529405,0.042359932,-0.61020534,0.29519631,0.16507968,-0.77365499
20040767,before,-0.46764551,0.33840921,-0.056419266,0.37306151,0.22757701,-0.48697945,0.48751482,1.1499218
20040777,before,0.041736699,-1.2312975,0.95804778,1.9124749,-1.4920495,0.60319614,0.22047632,-0.60089152
20040785,before,0.15902964,0.7262811,0.44411983,-0.13385406,-0.24422278,-0.3527058,-0.28567613,0.2270772
20040786,before,-0.38480752,0.29939956,-0.16270136,-0.37718341,-0.429746,0.31883332,0.50411424,0.25112037
20040792,before,0.43959978,-1.7921146,-0.88368983,0.70190997,-0.0097806709,-0.72265025,0.94821026,0.35900044
20040795,before,-0.9677197,0.046680348,-0.14293546,-0.25458562,0.27304378,0.55210791,-0.37134131,-0.46081639
20040800,before,0.45215844,-0.79087956,-0.84404729,-0.89603384,0.94903747,0.061227405,1.0157111,0.6216428
20040805,before,-1.5358712,-0.54350233,-0.39369468,0.64815044,-0.53549,-0.58169538,0.9966013,0.15744616
20040811,before,0.73327115,-0.32308881,3.1517494,-0.98984604,0.9001537,2.8164958,1.5033875,-1.534069
20040820,before,0.47558913,-0.82325715,1.6191903,1.9217504,1.4754087,0.46547662,2.6532971,-2.2645884
20040832,before,-0.58534387,0.26039482,1.145875,2.0058214,-0.30487042,-0.087974557,0.99328219,-1.6262302
20040837,before,-1.6642767,-0.94408596,0.070595649,0.41981033,-0.022810486,0.021835074,0.68378974,0.85207198
20040843,before,0.76689187,-1.1671574,-0.85870019,-0.82537698,0.55599096,0.1549574,0.51194678,0.82644596
20040846,before,0.3297741,0.86425627,-0.85332352,0.4624056,-0.26056764,0.73007688,-1.1707759,1.0381829
20040850,before,-1.828524,-1.4284627,-1.2032175,1.218111,-0.51555802,0.70875539,1.7988072,0.14940646
20040855,before,-0.60058941,-1.2606144,2.1634845,1.4424622,-1.1901214,4.0296906,-0.55657875,-0.64797053
20040880,before,0.94714866,0.43442597,0.19616721,2.6003793,0.87040825,1.0137325,-0.81615359,-2.0830986
20040883,before,-0.49591502,0.0020960617,-1.7059485,2.5653387,-0.49019126,0.84409954,0.71340716,1.3970042
20040888,before,0.67203063,-2.2933662,-0.35699045,0.40732536,0.34875408,0.40310519,-0.85746606,1.7042268
20040890,before,-0.99787057,0.033871596,-0.69026481,-0.019268163,0.33242306,0.17527439,-0.38235242,-0.18542579
20040895,before,1.3231167,2.1444261,-0.087836116,-0.31356762,-0.1209344,1.3324759,1.1343002,0.91709383
20040902,before,-0.36826706,-0.10695322,-0.59237901,-0.87881563,-0.99654469,0.20177761,0.48898771,-0.010546437
20040920,before,-0.93593013,0.15707388,1.7889725,0.32249069,0.13081607,0.69142879,1.2100754,-1.094633
20040928,before,0.092998967,0.82184902,3.1361668,0.95666527,0.10149115,1.2212338,-0.34476628,-1.711788
20040932,before,1.977492,0.079418144,-1.6201736,-0.57731882,-2.5451325,1.2950245,-0.47596665,-0.82602361
20040937,before,0.49259667,-1.0002598,0.93027681,-0.0089921082,-0.64149139,-2.9683953,0.43527491,-1.2809189
20040941,before,0.043705838,-0.19033833,1.2818501,-0.76487987,0.11602287,-1.6081411,0.019040646,-0.86050552
20040950,before,1.0333508,-0.62428999,1.6953241,-0.33242669,-0.083779915,-0.39145777,0.75347534,-0.034672755
20040953,before,0.18699786,-0.22456103,0.13269287,0.03046753,0.83303145,-0.02250241,0.59439075,-0.37830614
20040957,before,-0.21138899,-0.20163248,0.0059010075,-0.19653366,0.055337005,-0.030642998,-0.098561862,0.37750009
20040960,before,-1.487744,-0.10289202,0.10700491,-0.55616483,-0.79171994,-0.43071375,1.2999394,0.47602869
20040961,before,1.922351,0.054368402,-0.3055519,-0.055134086,1.7495459,-1.0884472,-0.23764732,-1.7243632
20040980,before,-0.69483927,-0.96266041,-0.23282686,-0.35768402,-0.22467057,-0.2680116,-0.40765915,0.27370401
20040984,before,2.0729932,-1.7483489,0.050238503,-0.17348294,1.7337812,-0.21645259,-1.2797138,0.55186968
20040988,before,1.0805785,-0.76893636,-0.54787753,0.32193371,-1.42998,0.07765578,-2.5856572,2.4477672
20040991,before,-0.60893608,-0.14842992,-0.36472838,-0.086793624,0.12192851,-1.0217574,0.45441649,0.5826124
20041006,before,1.1827881,-0.51267163,0.6327373,0.35846486,0.065525644,-0.58000221,-0.39514329,0.054537887
20041017,before,-0.12886662,0.49172387,-0.085194788,0.93672128,-0.22761739,1.3597923,0.45579195,-0.2164607
20041019,before,0.5787605,0.48045518,-0.41147334,0.05039029,1.5064014,1.2736991,-0.6390911,-0.26667108
20041025,before,2.058448,0.52312367,-0.28427978,0.080222542,-0.86978148,-0.97998759,0.83475111,0.35935247
20041031,before,-0.93528314,-0.87457401,-0.59929458,0.18524153,-0.33684199,-0.17180395,-0.48148003,0.51701628
20041036,before,0.050746586,0.045687256,-0.8094866,-0.25598972,-0.29779388,-0.24653667,-0.28237589,1.1196114
20041049,before,-0.047452628,-0.21791731,-0.42317409,-0.89948275,-0.3677924,0.63470234,0.02292739,-0.79850303
20041062,before,0.23596433,0.61386202,0.98785232,0.83763242,0.37650805,0.20965713,-1.981156,-0.7558114
20041070,before,-0.87880133,0.20571896,-0.3434548,-0.22059124,0.57857253,0.27734178,-0.0085431311,-0.050193738
20041079,before,-0.94265735,0.49673563,-0.79812294,-0.89035525,0.97502379,0.22381798,-0.28864135,0.13397206
20041087,before,1.4202619,1.3662592,-0.50188889,-0.054371231,0.060462877,-0.47393994,0.91462531,-0.62747176
20041091,before,-1.4571468,-0.71381028,1.9324908,0.6700942,-1.4435456,2.3118336,-0.3722354,1.0999579
20041098,before,0.47521575,2.9582054,1.1715362,0.70943798,0.40945945,-1.8514341,-0.98232377,0.29139904
20041100,before,-0.31903905,0.66097994,0.57982176,0.032110502,0.27481253,0.28138512,-0.21053752,0.41673604
20041106,before,-0.13967366,0.051058744,-0.20939795,-0.21583051,-0.050700086,0.077504626,-0.41564135,0.1003675
20041117,before,-0.6170434,0.32058387,0.26180697,-0.72304659,-0.48611568,0.53607365,-0.57729701,-0.10035725
20041118,before,-0.7966379,0.45046402,-0.77466886,-0.53873406,0.62902272,0.76153833,-0.43198994,-0.32972565
20041126,before,0.19351535,-0.086510728,-0.57616801,-0.36377322,0.15039279,0.074226207,-0.56147262,-0.24327428
20041128,before,-0.6960125,0.68388779,0.088232096,-0.042585256,-0.26497085,-0.10490664,-0.36110527,-0.34462945
20041132,before,0.77075488,1.151389,0.040488629,-0.11776848,-1.3686139,-0.67499434,-0.091563997,-0.56900762
20041137,before,0.44880982,-0.092002722,-0.89320629,-0.73456829,1.4302836,-0.18166753,0.052024835,-1.092525
20041143,before,-0.67777728,0.42412751,0.3199147,1.2301815,-0.43579263,-0.90985569,0.32428484,0.20961327
20041145,before,-0.24589387,-0.1999517,0.073827503,-1.0130739,-0.19734322,-0.1806372,-1.1427572,0.75161408
20041159,before,-0.74833537,0.45670935,0.60045647,0.087825254,-0.61398976,0.3423292,-2.1986083,-0.59979904
20050002,before,-0.57363192,-0.31292315,-0.80671755,1.860156,-0.5823946,-0.35743798,0.78316039,0.84623557
20050007,before,-1.2832688,0.0080642143,-0.46473731,-1.1353827,0.26682631,0.26124664,-0.46561227,-0.26371113
20050012,before,0.61130739,-1.4147961,2.7141038,0.37846379,-1.4928224,3.3456891,0.64240238,1.2480099
20050025,before,-0.069988249,-0.72877579,0.27961994,0.88135468,1.0135264,1.4551029,0.84089745,-0.58237146
20050027,before,-0.40880133,-0.6896764,-1.7944891,0.52431838,0.38905336,1.6924712,-0.6039257,-0.04033695
20050033,before,-0.72888643,-0.0076418056,-1.2595557,-1.4941409,0.46325164,1.1009213,0.31029241,-0.34277652
20050036,before,-0.77886991,-0.20927905,0.70691666,0.72078376,0.46799522,1.1324955,0.35471535,-1.0445112
20050037,before,-0.37977304,-1.2425696,-0.79820196,1.7373001,1.8903461,2.6297832,2.3417424,0.08925939
20050043,before,-0.11785651,0.46432861,-0.80189552,-0.19427371,1.5895019,1.2491508,1.1943128,0.86494589
20050056,before,0.54870204,0.21779896,-0.51325732,0.92353844,-0.81121089,-0.61623488,-0.27322198,-0.10289381
20050057,before,-0.049278209,0.92661028,-0.21878786,-1.0038419,1.349685,-0.5011037,-0.37605527,-0.97019335
20050074,before,0.68122821,-1.1152288,-0.50575302,1.0016235,-0.98603663,1.6431243,-1.2902459,-1.0771284
20050077,before,3.5002679,-1.2155808,-1.6314295,0.241611,1.8540182,1.414824,-0.72895736,-2.5458751
20050084,before,-0.8308693,1.5051039,0.61831579,-0.35582946,-0.54640405,0.19590443,-1.8949394,1.3137203
20050090,before,1.3107864,0.08039487,0.92604403,0.34683868,0.52392615,1.6615909,0.98530986,0.34127457
20050095,before,3.3574914,-1.1658595,0.9805481,-0.29511203,-1.0395528,-1.5972158,0.73878784,-0.43864632
20050110,before,-0.13756895,0.41276662,-0.42478302,-0.57782125,0.70954129,-0.60873752,-0.58498788,-0.7052378
20050112,before,-1.0989419,0.041895375,-0.6783843,-0.49618619,0.43728816,-0.091313624,-0.48749916,-0.73362562
20050113,before,-1.328073,-0.67137247,-0.44990932,-0.69439781,-0.077265,-0.038487719,-0.56990854,-0.36826533
20050132,before,-0.94178672,-0.47796305,-0.024411665,-1.0679777,0.6433592,-0.35581083,-0.82499127,0.2866056
20050139,before,-0.66382833,0.044634484,0.34803883,0.039075114,0.20266475,-0.49839458,-1.1746568,-0.33528094
20050144,before,-1.0066695,-0.17792633,-0.34310255,-0.94170514,0.28884829,-0.21838536,-0.56758213,-0.99936867
20050155,before,-0.32802941,0.37887687,-0.11955208,-1.4701249,0.65007879,-0.040431168,-0.86055922,-0.56705278
20050161,before,-0.63369291,-0.32055433,-0.10666755,-0.67690266,-0.12548941,-0.11966358,-0.8500087,-0.62132159
20050162,before,-0.35094005,-0.94389295,0.096098167,0.69654694,-0.0056009629,-0.26597427,-1.0349526,-1.384334
20050169,before,-0.81119553,0.096428396,0.13197112,-0.77868736,0.69611615,0.095056396,-0.0035067959,-0.59592055
20050203,before,-0.87408989,-0.10821466,0.0055854906,-0.45747728,0.023945483,0.29907457,-0.47562056,-0.5089251
20050206,before,-0.72884738,-0.80218555,0.05800071,1.8075432,-0.031829007,-0.66287797,0.26768196,-1.0369313
20050217,before,-0.082297935,0.20437317,-0.39212818,2.6158678,0.42273536,1.1638993,0.42455349,-0.27636078
20050222,before,0.56256729,-0.29949343,0.50161747,-0.12161836,-0.92840374,-0.46046326,0.055605898,0.10517768
20050230,before,0.80663312,-1.0552376,-0.98131811,-1.1150517,-0.50931628,-0.60675704,0.94345952,-0.39055405
20050239,before,0.1282277,-0.23425015,-0.37396161,-1.0995779,0.32294027,-0.54971215,-0.53380866,-0.83878342
20050246,before,-0.54117503,-0.38167448,-0.15808913,-0.61201758,0.11846182,-0.43728001,0.069912486,-0.094797157
20050256,before,2.3797689,-1.188901,-0.77122722,-1.6381105,-0.26335918,-0.71212417,0.11735955,1.3871719
20050259,before,0.9055715,-1.4637208,-1.1914095,0.64513959,0.41337766,-0.36182145,-1.8136318,-0.38724719
20050263,before,0.081769064,0.7406667,-0.67514966,-0.4163942,-1.1740714,0.10238308,0.043169202,-0.17340696
20050264,before,-1.0086608,0.79625654,-0.21867085,-0.62615188,1.3609428,0.50745018,0.69194403,-0.073651817
20050276,before,0.24794479,-1.2049447,-0.1799248,0.18150767,-0.56655949,0.33805797,-1.5021177,-0.6594356
20050282,before,0.76220228,-0.55159867,1.2765395,-0.80861289,1.947733,1.0859537,1.9283445,0.026715147
20050290,before,1.919279,1.5183779,-0.58579717,0.58402838,-0.15056333,-0.35405789,-0.31472844,1.3509711
20050308,before,0.42275153,0.33225486,4.798851,3.9870279,-1.7045915,3.2329402,0.21653535,1.9550483
20050309,before,0.22879722,-0.28240805,0.12828198,0.22056596,-0.54994145,-0.42809612,-0.86292798,-0.034365217
20050312,before,0.17437061,-0.26020525,0.35050872,-0.08692844,-0.46303532,1.0974356,-0.61243818,0.30123618
20050317,before,-0.5675401,0.99525823,-0.2208706,-0.57017168,0.85813124,0.25348095,-0.33330121,0.15999586
20050324,before,-0.38674909,-0.55274877,-0.29915552,-0.4996271,0.64816133,-0.18101795,-0.28567065,-1.2969655
20050326,before,0.80471342,1.0159532,-3.8217234,1.1046502,-0.88706457,-0.83929229,1.613968,-1.2614891
20050336,before,1.6777586,0.41583524,0.2515608,0.27972238,-2.8296618,0.27129454,-0.97422349,0.039449393
20050341,before,-0.90865638,1.4303312,0.35213174,-0.13967725,-0.24232375,-0.22165635,0.21076956,-1.2819153
20050346,before,0.81588067,-1.5305811,-0.72951067,-1.0148616,0.83859724,-1.239455,-0.68820164,2.6305081
20050361,before,-0.082833191,0.0048191648,0.55930994,0.61701827,-0.18759297,-0.42486097,0.38013681,-0.24582191
20050367,before,0.61293476,-0.16616875,0.48442755,1.0143049,-0.80981212,-0.4423248,0.51765734,-0.26318151
20050370,before,0.74697162,2.1542772,-0.61864681,-1.9183013,-3.0150939,-0.11703155,-2.0590553,-2.3133545
20050383,before,-0.68974622,0.66189332,-0.40707795,-0.45529263,0.82332499,-0.58691596,-0.14058643,-0.71298294
20050389,before,-0.62982211,-0.37305615,0.41921792,-0.55085914,-0.63751615,-0.39845467,-0.81644159,0.049201869
20050391,before,-0.76847202,0.098652085,-0.018737761,-0.26762465,-0.16492533,-0.31307147,-0.38900497,-0.37473483
20050399,before,-0.8938345,-0.16932224,0.22270318,-0.81768441,-0.089946714,-0.52645074,-0.74373166,-0.50579089
20050400,before,0.11364002,-0.78931315,0.52063434,0.045487364,0.75218525,-0.33103659,0.1673171,-0.16170862
20050420,before,-0.53400888,-0.85205008,0.91059343,-0.07426075,1.0563199,1.5461303,1.1562877,-0.44495796
20050426,before,-1.0450635,-1.1613077,-0.062325394,-0.14763662,-0.056551171,-1.1406849,0.44944387,0.56493055
20050427,before,-0.15172668,-0.63416301,-0.1820674,-0.20318042,0.19172411,0.50556616,1.1727734,0.2854518
20050438,before,-0.22269446,0.39446912,-0.21364577,0.34310443,0.65921511,-0.27180315,0.64391067,-1.3119946
20050462,before,-0.55409632,-0.24715019,2.3991288,0.99156907,-1.8641793,1.4570895,0.035173199,0.41987099
20050466,before,-0.29060294,0.33060074,1.2026721,0.88876299,0.87992763,-0.48534527,0.43267982,-0.24898538
20050467,before,2.0483733,0.81680136,-0.93030986,-2.2891424,1.4470099,-1.4801754,-0.24546521,-2.7710806
20050471,before,0.27103425,0.08022491,0.3278098,-0.23774488,0.051444755,0.92811492,0.19633337,1.2047008
20050473,before,-0.51839181,-0.25308074,1.8120277,0.31801879,-0.88775415,1.0034497,-0.54899399,-2.0345574
20050485,before,-0.56174839,0.073224137,0.46554241,0.45571304,0.019935747,0.92870212,-0.024816854,0.026888577
20050489,before,2.3704887,-0.36379701,-1.6553017,0.83777899,-0.62061728,-0.67579824,-0.60673707,0.69505794
20050496,before,-0.1580949,0.056292283,0.12509706,1.1015729,0.78895419,0.071376144,-0.47536691,0.26585198
20050497,before,0.91688649,-0.25288147,0.85991465,0.45294698,-0.38231221,0.10243285,0.95190214,-0.40636496
20050498,before,0.30253437,0.39586885,-0.43154963,-0.44832536,-1.0289964,0.78164693,-0.19076375,-0.58397771
20050501,before,0.55722451,0.10491915,0.6742282,-0.6584238,1.2828858,0.40361005,-1.0011774,-0.93718675
20050502,before,0.13267738,-1.0665922,-0.66710512,2.0940165,-1.1592529,0.36822313,-0.35362167,-0.18353765
20050516,before,-0.18470751,-0.18881056,-0.58617792,-0.2590086,-0.63320054,-0.041468658,-0.07332648,-0.10652653
20050521,before,0.16166357,1.545529,0.29965765,-0.23417787,0.73728178,-1.750304,-0.12209894,-1.4905514
20050523,before,1.2483581,1.9007584,0.49593704,2.6609186,-2.9972983,-1.8377595,0.74850681,1.2363004
20050532,before,-0.38395044,-0.30621663,-0.44241296,0.27543233,0.25272375,0.5389186,-1.3114879,-0.64878142
20050533,before,-0.62100293,0.20242233,0.11248154,-0.68045093,-0.20703885,0.11163085,0.63893025,1.1542599
20050541,before,-0.87163104,1.0729177,-1.1101396,1.3488887,-0.20106623,-0.56039771,-0.16136965,0.35104685
20050547,before,-0.98589132,0.84769645,-0.091104958,-0.30799899,0.24801728,-0.71237602,0.29030559,-0.17078945
20050550,before,0.15244411,1.2450021,1.1020107,0.40943307,-1.3660408,-0.66076246,-0.23723763,-0.77014213
20050558,before,1.7710503,-0.82424652,1.6527986,-0.29432664,0.32687012,0.56031334,-0.0054512506,1.303623
20050562,before,-0.33402498,0.064014527,0.27395635,1.7815899,-0.33192026,0.93086214,-0.5002798,1.2572458
20050564,before,0.13204151,0.65328363,0.99596124,1.3798217,-1.1070594,0.28344021,0.94559704,-1.0309056
20050572,before,1.4019715,0.78153137,-0.61890432,1.8074744,-0.31876173,-1.4061255,-0.63151323,-0.48137416
20050579,before,-0.31216067,0.51143775,-0.60729502,0.79149327,-0.25860239,0.059663988,0.082881053,0.16337809
20050581,before,0.064341269,-0.83685395,0.060931787,-0.62377767,-0.42728116,0.099440368,-1.6903861,1.759177
20050590,before,-0.32144324,-0.80366716,-0.96055512,0.21571918,0.24971913,-0.59006072,0.76977883,-0.56613479
20050593,before,0.61021019,-0.73768671,-2.4391402,0.86885781,2.1013295,-1.8771499,-0.30778883,0.95929028
20050596,before,-0.37195884,0.300443,1.1738644,0.22756353,-0.36697932,0.39924411,0.80801224,-0.92614549
20050611,before,-0.55030799,-0.84778769,1.4651362,0.60749378,-0.95144254,-0.57225613,0.62091362,-0.85187358
20050617,before,-0.19972356,-0.64745641,1.5835923,-0.25619019,0.49746074,-1.0164922,0.0051355925,0.99180074
20050618,before,0.00090237477,-0.68254269,-0.52137088,-0.43166531,-0.49857219,1.0140573,0.15623339,-0.45530488
20050626,before,0.8523122,3.7797891,2.0208332,-1.0718448,1.3110629,1.9117054,1.8737229,0.18987242
20050629,before,2.680327,-1.4234965,1.289183,-1.2029792,2.4616546,-0.46378287,0.54747809,-0.090715588
20050636,before,0.63590113,-0.16733518,-0.97822854,1.2261372,-1.2235244,-0.17139791,-0.36583674,0.46417312
20050643,before,-0.80835226,1.1252587,-0.0011931037,-0.21677343,-0.14833342,0.70458381,0.30083348,0.39763227
20050644,before,0.25504872,1.8081344,0.37774068,-0.077084994,1.2400919,0.67003171,0.84778628,-0.4488071
20050647,before,-0.58635374,1.5866271,0.25835877,-0.39905543,-0.12913494,-0.23870842,-0.42527678,0.30021368
20050648,before,0.37514177,-0.53222144,0.65969064,1.1588554,1.3909934,-0.2335925,1.9165967,-1.7717181
20050665,before,3.6808706,-0.70922874,1.6949927,1.8050308,-3.5055857,-1.6867733,0.61680702,-0.58910052
20050672,before,-0.56884811,-0.55298435,-0.70561947,-0.77708324,-0.18457634,0.097529073,0.16738001,0.1556756
20050676,before,-0.90595685,0.82439014,3.3881344,0.59668273,-0.36312366,0.5122885,3.3221326,-1.8082951
20050691,before,-0.97308099,0.18720139,0.95426126,2.1833703,-1.5444112,-2.9436189,0.41051128,-0.99241053
20050694,before,0.95264569,0.46960108,-1.3773039,0.35656799,-0.46991953,-0.93688164,1.4752092,-0.27831066
20050708,before,0.55122515,0.14885267,1.577082,-0.093138248,-0.54339262,0.20935981,-0.062620039,-0.15624557
20050721,before,0.94298699,-1.5430693,1.1430995,0.22384797,0.80792685,-0.064046925,-0.31403434,3.5002793
20050724,before,-0.67734815,0.11912245,0.14430477,0.064083696,0.10040485,-1.2213144,-0.059538812,-0.56950722
20050729,before,1.9377259,-0.6603009,0.852771,-0.87225089,-0.97443125,-0.34079642,0.13412875,0.46276006
20050738,before,-0.75870596,-0.2786849,0.47773438,-0.19607856,0.0080157539,-1.4143147,-0.85950394,0.13356309
20050742,before,1.1665298,1.3236268,0.67355167,1.2231461,0.45227956,-1.1359394,0.15155902,0.099872101
20050743,before,0.89095497,1.4063313,-1.0421856,-1.2589166,-0.88479154,-0.065835022,0.080461359,-1.825567
20050752,before,0.39216032,-0.67455474,0.30099687,0.01574655,-0.80432043,0.022820532,-0.075924001,-0.4379095
20050760,before,1.6942507,0.83994829,-0.31329782,-0.10729494,-0.1743551,-0.88221469,0.16486422,-0.31833503
20050761,before,-1.2431373,0.018964037,0.72216503,-0.93789403,1.3484917,-1.6914003,0.7100036,0.61838567
20050771,before,-0.62226974,1.0941564,-0.26679786,0.38509377,-1.4697681,-1.4958349,0.87891858,-0.19365455
20050772,before,-0.92782369,-0.49174904,0.4021547,0.29684241,-0.29159837,-1.0728858,-0.34262195,-0.98125817
20050775,before,-0.8026543,-0.64285004,-1.1901672,0.3218237,0.27546825,-1.4441057,0.30842626,-0.22133861
20050785,before,3.4770511,0.27225558,2.2246851,1.9544856,2.6331558,1.4333353,0.17260083,-1.6024325
20050802,before,-0.18741357,-0.93814936,-0.022964546,-0.23518702,-0.46897152,-0.90953947,0.33455891,2.435174
20050814,before,-0.55006099,1.1335629,0.56927242,0.39648551,0.11544789,0.10099445,-0.76785115,0.28709424
20050818,before,-0.11056104,0.29011214,-0.62242946,0.93025502,0.064621554,0.1226335,1.0841605,1.18321
20050830,before,-0.37907662,1.0538057,0.13080093,0.59356499,0.22871084,-0.56518207,-0.082767628,-0.40022234
20050833,before,0.080116486,-0.62887349,0.53611255,0.18839774,0.15653049,-0.21951595,1.3902803,0.80054298
20050836,before,2.3828902,-1.5006026,-0.12260102,-0.62176269,2.0093661,-0.74396321,3.1527858,-2.2867136
20050850,before,0.69876502,1.0269722,0.066599886,1.9725748,0.31087261,1.2500058,-1.4537732,1.0308468
20050869,before,-0.056299816,-0.94063283,0.83066414,0.24836206,-1.1214941,0.94101156,1.1695778,-0.57122368
20050880,before,-0.69781583,0.53560769,0.2408207,-0.24935743,0.67652645,-0.1604833,0.36382777,-0.15432627
20050882,before,-0.75525538,0.54636067,-0.46239342,-0.36511199,0.30041167,0.17846004,-0.0780003,-0.13712861
20050890,before,-0.70904384,0.35871053,0.33468989,1.9060977,0.13254848,-0.66050682,0.45897495,-0.20726108
20050892,before,-0.73231893,0.82743668,-0.51418516,1.377491,0.29934068,-0.00953053,-0.20878268,0.85133879
20050893,before,-0.78434841,-0.39138548,0.82819345,1.5159965,-0.35432688,1.4954547,0.85501107,0.093975769
20050897,before,0.76036983,-0.26115041,-2.10579,1.2595092,-1.496164,-0.20127912,-0.52772582,1.8154227
20050902,before,0.40352243,-0.11434327,1.0852276,0.27510466,-0.59885542,-0.053066888,-0.39252062,-0.93485454
20050906,before,0.65158412,1.7361632,-0.40867953,0.55427089,-0.39957712,0.99370697,0.62017532,0.68811631
20050912,before,-0.46840368,1.8850084,-0.22518756,-0.16365359,0.66036121,-0.19817267,-0.31959449,0.041306385
20050917,before,-1.6885093,-2.0052686,1.1929833,1.8360314,-0.4685491,-0.78442309,1.777153,1.5369094
20050919,before,-0.24769716,-0.30081865,-0.67069812,1.4114334,-0.38611992,0.012956744,-0.56921062,0.14946756
20050921,before,0.01516295,0.8844451,-1.9566792,2.3811713,0.16569057,1.0720943,-0.55688462,1.5231487
20050925,before,0.051645838,0.25018334,0.064033655,-0.99575452,1.5549411,-0.88276008,0.59980202,-0.80829086
20050942,before,1.168938,0.22481409,0.84341756,-0.52960154,-0.46679718,-0.24617458,0.26157495,-0.4222324
20050961,before,-0.065666149,0.1573657,0.13545246,-0.18932799,-0.55422062,-0.33035544,0.067513783,0.094930031
20050967,before,-0.87880257,0.22252251,0.50600544,-0.92171115,0.051630828,-0.53267949,-0.52383728,1.938752
20050973,before,0.31982233,1.485737,-0.074687039,0.022940407,-1.2042197,-0.084940957,-0.27824459,-1.8685149
20050977,before,2.5518287,-0.41480027,0.95749017,-0.15668795,-0.89609688,0.56162072,0.91033752,-0.58971348
20050978,before,0.5332432,1.052244,-0.14205258,0.8249344,-0.76339656,-0.47050587,0.086605961,-0.36136725
20050982,before,2.1722231,-1.3001298,0.20698891,2.082478,1.2396512,-0.14458992,-1.7845547,-2.1312057
20050987,before,0.50435344,0.32862138,-0.14299445,-0.48018628,-0.43595769,-0.79911685,-0.13134434,0.05228076
20050998,before,-0.59518122,0.6277286,0.21295508,-0.71985364,-0.00042816147,0.19447573,-0.31844931,-0.58840389
20051008,before,-0.15454629,0.33229121,0.16320928,-0.17094343,-0.13552283,0.22307179,0.18777722,0.080199766
20051021,before,-0.6650788,0.90290827,-0.88294959,-0.27780525,0.86236589,-0.36379454,0.52947794,1.4676734
20051025,before,0.75169486,-0.35190519,0.51602787,-0.060518599,0.5597598,-0.9140541,-0.25972646,0.0081058123
20051036,before,0.54166662,0.56650375,1.5240805,0.22755211,-1.019024,1.1816111,0.2418816,0.80458739
20051041,before,0.88208353,0.19369706,-0.52829648,-0.36369274,-1.7387948,-0.85113688,-0.64370578,-0.72066587
20051053,before,-0.39117387,0.96714224,1.3370436,0.27757774,-0.58570568,-1.4752439,0.73910686,-0.035417491
20051066,before,-0.6137289,1.3589378,1.1567516,-0.40092654,-0.20180375,1.7519845,-0.42001124,1.5797324
20051069,before,0.0070167134,-0.37452286,0.27945732,-0.43272837,-0.92841689,0.38870345,-0.85488456,-0.4125543
20051072,before,-0.079260143,-0.67636164,2.0660587,0.25846677,-0.38427036,1.250757,0.63662199,-1.4965598
20051073,before,0.93216905,0.38474739,-2.0976231,-1.9792594,-1.4598826,-1.6281638,-0.14896666,-1.2473483
20051079,before,2.8349953,-1.9101118,2.3932323,1.4913961,1.3861003,0.34849342,1.611101,-2.2529323
20051083,before,-0.70077452,-0.26645118,0.14318069,-0.73030496,0.41143838,0.0049747113,-1.0523593,-0.62821127
20051085,before,-0.53159407,0.49164825,-0.35454023,0.22397092,0.016272948,-0.56241484,0.7157346,0.85533303
20051087,before,0.02049366,-0.25623854,0.0042163586,-0.22167927,0.094160978,0.57954641,-0.78562001,-0.12474972
20051091,before,0.40246355,0.60058009,-0.15411152,-0.41190662,-1.1156881,0.83809174,0.70073377,1.4069866
20051094,before,-1.4623377,-0.61151478,-1.6464805,0.028726965,0.2808482,0.39149811,1.097927,0.094451314
20051106,before,-0.49499659,-0.10428525,-0.010703338,0.27642351,-0.74062122,0.056529989,-0.11368011,-0.54029474
20051107,before,-0.81785426,0.034443923,-1.106917,0.33909664,0.51286909,0.65516386,-1.1499249,0.016794498
20051112,before,-0.071422241,-0.55801303,0.07378427,-0.38363229,0.0099557341,-0.55499061,-0.13793961,-0.78940275
20051113,before,0.12575245,-0.36230039,-0.086294867,0.047167022,-0.014676116,-0.82631578,-0.55114688,-0.82227761
20051116,before,0.41365052,-1.8464278,-0.85951037,-0.42249622,-0.37854332,-0.10489362,0.058793923,1.5565532
20051118,before,-0.17053996,0.93034958,1.0381335,-0.093409637,0.93368988,-1.0507484,0.46642074,-1.1531564
20051124,before,-0.85052881,-0.1839624,-0.19472313,0.2575184,0.13864693,0.4369898,-0.4953372,-0.19045003
20051127,before,-0.64922686,0.54529381,0.190149,0.062307233,-0.67945112,-0.30301648,-0.4383971,0.32801308
20051130,before,-0.48230002,-1.12344,-0.048718384,0.49268491,0.88123142,0.70139491,-0.394977,0.52645967
20051131,before,-1.5611832,1.1450824,-0.1127796,-1.3921331,-1.345899,-1.1153961,4.2511931,1.2546257
20051137,before,0.88746351,0.40006815,0.029828751,2.1787353,-0.38044044,-2.1850788,0.11587009,0.38479318
20051154,before,-0.87311553,-0.10477534,-0.39665079,-0.091318253,0.19735708,-0.14168548,-0.96353063,-0.73156797
20060004,before,-0.53871067,-0.5142288,-0.50545474,-1.0190956,-0.3341471,-0.1593155,0.49712446,-0.6938724
20060008,before,-0.29662094,0.31819244,-0.17435837,-1.2193448,1.8505727,-0.19959852,0.97002082,-1.0842967
20060010,before,-0.71110667,-0.9310397,0.67421384,-0.6530264,0.52625832,0.10019089,-0.11978535,0.28493937
20060016,before,-1.2322019,-0.95667064,0.15414726,-0.15382229,-0.52116638,0.72489362,-0.39459406,-0.27756496
20060028,before,0.23791415,-0.35331842,0.23882652,-0.15694463,-0.74346594,-0.23023376,-1.1873822,-0.3183424
20060035,before,1.745645,0.52266721,-0.0050165283,-0.48164518,-0.67738136,-0.16339108,0.015694033,2.3745761
20060040,before,0.60236727,-0.26873811,0.25026586,-1.567431,-1.6222986,0.27163921,0.6451946,0.22441778
20060045,before,-0.76864297,-0.38151286,2.498556,-0.24608761,1.2922763,1.20306,2.3279709,-1.8013386
20060049,before,-1.087485,-0.2148597,-0.054851408,-0.99663266,0.20610653,-0.37672164,-0.75833917,-0.77945397
20060057,before,-0.14242853,-0.22190948,1.6159996,-0.9857749,-4.2166429,4.4215141,1.7469725,4.4356191
20060071,before,-0.17548637,-1.2133354,0.7629407,-0.12228915,0.73265342,-0.37897471,-0.61947325,-0.81075755
20060076,before,-0.59598543,-1.5561553,0.89015018,-0.52947641,1.4382389,-1.6494753,-2.253067,2.0065317
20060088,before,-0.64638289,0.19271544,-0.16994322,-1.3172025,0.59998551,-0.91143379,-0.1625424,-0.77702926
20060099,before,-0.28334492,0.30794491,-0.52987734,-0.36336823,0.32784989,0.15137534,-0.31548635,-0.0095329496
20060101,before,0.93165844,2.0814716,0.73005132,-0.097240892,2.1128167,-2.0468076,0.21619309,-1.0633215
20060104,before,0.0092546948,0.42563115,-0.33911945,-0.78684535,-0.75659064,-0.18957164,0.25378221,-0.35187888
20060105,before,-0.044886789,-1.3438968,-0.29780523,-1.1904857,1.093981,-0.63642317,0.88200919,1.0871975
20060125,before,-0.0091226707,0.46265587,-0.67414159,-1.2045987,1.0962281,-0.11082909,-0.54599592,-0.090112255
20060138,before,-1.1143293,-0.78402548,0.056194423,-0.52760056,0.51782678,-0.5260836,-0.57642385,0.54394138
20060146,before,-0.38114304,-0.20495771,-0.64216647,-1.5140558,-0.36100977,0.12969653,-0.024227713,-0.46708325
20060147,before,-0.85589487,-0.72130073,-0.74570069,-0.079328775,0.1602511,0.62986439,0.010289774,-0.75573646
20060152,before,-0.8561193,-0.46589031,1.3373784,2.5680453,0.24575803,0.007939349,0.33752703,-2.4382554
20060153,before,-0.34429327,-0.33324712,0.78213299,1.1163618,-1.1661646,-1.4115096,0.51494697,-0.17360053
20060159,before,-0.68095098,0.21534246,-1.1638252,1.5060239,0.23541772,0.81834339,-1.3215018,1.0419098
20060171,before,-0.68229676,0.86616811,-0.94241242,0.16626668,0.52034471,0.059823726,-0.83143537,-0.067747369
20060173,before,-1.1052474,-0.43704039,0.94723354,-0.16790925,-0.72852283,0.30876297,-0.84400157,-0.54411703
20060176,before,-0.52908407,-0.84900049,0.69051636,-1.0279436,-0.26270513,1.0375169,-0.10217062,1.0299617
20060187,before,-1.2590585,-0.52976927,-0.62464127,-0.65852661,-0.60757669,0.21550889,1.612235,0.86862646
20060192,before,-0.64872376,-0.32234305,-0.374755,-0.67233125,0.017853435,-0.34274475,0.14609686,-0.38268423
20060209,before,-0.36893684,-0.50711593,0.32745216,0.061657218,-0.029479404,0.62714233,-0.74211892,-0.10277396
20060214,before,-0.6090046,0.46343088,0.394891,-1.0153037,1.1538414,-0.83119322,0.2520686,-1.3436311
20060224,before,-0.057772685,-0.22323422,-0.18435292,0.25032714,-0.63123276,-0.25697092,-0.78247707,-1.3669193
20060226,before,-0.89189005,-0.11906162,-0.25784268,-0.94596177,0.11783473,0.041657914,-1.3374928,-0.69617607
20060231,before,-0.78633092,0.095857252,1.483546,-0.47431585,-0.56567691,0.82444729,0.58813356,-1.7354155
20060234,before,-0.87635126,-0.24073571,0.21600669,-0.45770699,0.43553705,-0.77566341,0.023116166,-0.90448316
20060242,before,-0.21325086,-0.56920688,0.27348439,-0.75707185,0.4681404,-0.19414725,-0.75270284,1.0963622
20060245,before,0.09727795,-0.67273103,-0.71124856,-0.34016675,0.3426132,2.4516418,-2.7709669,1.2950188
20060246,before,0.44459407,-1.0437876,-0.016940963,0.27097859,0.51260243,-0.90979672,-1.5443693,1.0075384
20060249,before,0.085471297,0.084452614,-0.67943566,0.56363075,-0.41181076,0.050307007,-0.35009594,-0.073332081
20060257,before,-0.8936795,0.42178244,-0.16016485,-0.26726843,0.4346159,0.009239642,-0.71065843,-0.52974289
20060260,before,-0.086954503,-0.735205,0.17910079,-1.1202334,1.1451555,-1.5082222,1.2355871,-1.5640891
20060262,before,-0.94566378,1.8834648,-0.47835753,-1.4974061,-3.0724946,-0.54948291,2.2372896,-0.097049439
20060268,before,-0.91781677,-0.34491239,-0.36777482,-0.59823604,0.34496538,0.12318025,-1.1530825,-0.97672732
20060272,before,0.44023491,-1.6376312,-1.1267174,-2.2788266,-0.40474037,-0.29067891,2.4833474,0.9908681
20060280,before,1.2055168,-2.993039,0.58171029,-2.2279943,2.08633,-0.011762417,1.7201724,1.6192832
20060283,before,-0.5277033,-0.27390962,-0.24026635,-1.5315486,1.070918,0.51646494,-1.0239543,-0.22506074
20060284,before,-1.0802166,0.28470355,-0.28078491,-0.57284257,0.10615805,-0.26414279,-0.97340075,-0.59514502
20060295,before,-0.95946627,0.034145119,-0.53334031,-0.6150074,-0.018288629,-0.1831476,-0.74097074,-0.34999579
20060301,before,-0.37714872,0.45296977,3.571381,-0.042623981,-2.3377137,3.6112389,-1.4688021,3.6536963
20060303,before,0.089701566,0.27008083,0.81673656,-0.47547651,1.0157963,-0.66244389,-0.52259201,-0.95491896
20060312,before,-0.76174968,-0.21457016,0.052651496,-0.5209866,0.45729915,-0.53975493,-0.28606734,-0.59557356
20060321,before,0.62707937,1.321132,-0.53330071,2.6978569,0.23493534,0.044046231,-0.41864114,0.62797094
20060338,before,2.0359421,0.62876192,-2.1041138,-0.79215708,-1.9099693,0.67394163,-0.082234424,-1.4120807
20060344,before,-0.66804926,-0.66923083,-0.053087593,0.13108457,-0.0044227269,-0.065026298,-0.99891115,-1.2035333
20060355,before,-0.65689606,0.3567657,-0.071181151,-1.0327682,-1.4165159,0.45135797,0.040718394,-0.36061246
20060360,before,0.31228531,-1.686498,0.97123667,-0.6081528,1.8932185,-0.21504301,-1.5875092,1.902874
20060366,before,-0.70125585,-0.68130516,0.35791412,-0.1134247,0.21809397,-0.42190755,-0.14456205,1.9221663
20060370,before,-0.65321192,0.43609858,-1.4465925,1.414608,0.060566234,-0.55714508,-0.69013,1.1758012
20060373,before,-0.85757461,-0.5957241,-1.1297979,-1.081868,-0.21203378,0.78362532,1.5173907,0.5389493
20060378,before,-1.2121727,-5.0817949,0.22043992,1.3883606,2.1555167,-1.3037398,2.9612841,3.4919998
20060390,before,-0.41990247,0.51150877,-0.23945005,0.082956488,-1.2640613,1.8069742,-1.00698,-0.74166319
20060396,before,0.079920691,1.1499064,0.78054768,0.96426197,1.7387032,-0.51286755,-0.51302442,-0.3462169
20060399,before,-0.79939507,-0.39034764,-0.26325001,-1.0110351,-0.11222725,-0.22433711,-0.59425857,-0.34595551
20060413,before,-0.11331649,-0.075250074,0.093799858,0.15309466,-0.30371445,-0.5817435,-0.11119356,-1.0597443
20060416,before,-0.35621351,-0.05224676,-1.3262778,0.083369811,-0.8571602,-0.3452498,0.51946275,0.20272908
20060422,before,0.50114705,1.7946654,-1.4479635,-0.18619709,-0.96063448,-1.4663167,0.30976452,-0.5225604
20060423,before,-1.0379409,-1.6270118,-0.94849828,1.0617485,-0.079684757,0.30445811,-0.096179979,0.12239385
20060435,before,-0.53224688,-1.4189406,-0.29831822,3.7349052,-0.19090212,1.7700673,-2.5277617,0.26850821
20060438,before,-0.30089294,0.32977108,1.0024329,0.17775769,-1.3279765,0.53504596,-0.25864604,0.0060516307
20060442,before,0.55753321,0.8444677,-0.39131112,0.16276381,-1.1675639,-0.059955094,-1.3822416,-1.3594699
20060443,before,0.65565971,2.5349762,-0.56680224,-0.93845525,-0.68983958,0.075091654,0.62673967,0.33189486
20060451,before,-0.11446922,-0.34847916,0.8663024,1.4467281,-0.016136157,0.44919411,0.31582482,-0.11505474
20060466,before,0.72019583,-0.11090483,-0.71341845,0.27740229,0.49097355,-0.32625782,-0.53600874,-1.13619
20060482,before,1.7322423,-0.23972882,-1.545603,-0.01532328,-0.66125024,-0.29058233,0.24051434,-1.1464018
20060488,before,-1.1619197,0.37236641,-0.21278163,-0.74518334,0.48717628,-0.73899385,0.89460105,-0.64498978
20060491,before,2.6844603,-0.82719329,-1.7633013,-0.86270659,-2.7383668,0.073359455,-0.10567012,-0.93399358
20060498,before,-0.23045602,0.18789392,0.061603855,-1.1955199,0.14104701,0.66914099,-0.51621927,0.79483649
20060499,before,-0.1061475,0.31020305,0.12733604,-0.9224594,0.10184168,0.88660253,0.61201023,-0.35755589
20060503,before,-0.66237523,-0.53443283,0.57255802,-0.46324862,-0.041674692,-1.3194206,-0.63391503,0.64421164
20060508,before,-0.30341156,-0.27872772,0.015157037,0.62898184,-0.19849788,-0.09589289,-0.45695175,-0.38955545
20060524,before,-1.3287868,2.350696,1.3882942,-0.22020771,-2.0427528,-2.6061441,0.99824535,-0.18782089
20060527,before,-0.56873377,0.37513401,0.22616269,1.8212217,0.42515952,0.90411427,0.2852857,-0.31058306
20060534,before,-1.095093,1.5321248,-0.60952113,0.13776015,1.0588182,-0.80620639,-0.055643121,0.84606594
20060538,before,0.011749682,0.37511936,-0.54872227,-0.028527705,-0.7967318,-0.59605973,0.19086985,-0.3832856
20060544,before,0.53064358,-0.02854196,-0.035423703,2.1049203,-0.37467212,-1.2052051,1.917929,-0.55268695
20060564,before,1.0676293,-0.27428668,-0.64232222,1.2636927,-0.88934487,1.1352995,-0.67975293,1.5572095
20060573,before,2.0376325,-1.1712282,-0.56942158,-1.4151307,1.3224133,-1.634933,0.75507453,0.51511503
20060582,before,2.0267052,0.15518809,-2.0776174,0.050792653,-1.9139301,1.1151504,-0.51008888,-0.61053353
20060587,before,-0.86810279,-0.19081779,-0.29107334,-0.34907366,0.1889488,-0.38760525,-0.030695701,0.70179489
20060600,before,-1.2250951,0.21111597,-0.66571763,-1.1550197,-0.1499121,0.45326561,0.7863129,-0.16128359
20060602,before,-0.3077715,-0.24594814,-0.954747,-0.73227429,-0.31316575,0.17811664,0.094061547,-0.67334021
20060616,before,-0.12885051,-1.2261613,1.401131,-0.52977924,-0.58366483,0.51796782,0.59209221,0.42496212
20060620,before,0.45496517,-1.6014897,1.6821263,0.32834051,0.70479162,-0.57278626,0.1515383,0.32621838
20060645,before,0.88963585,-0.38007743,-2.24681,0.78417463,0.42140782,0.84866234,-1.0463388,-0.57671275
20060654,before,-0.55524287,-1.1567469,-0.039773436,-0.58427701,0.50359425,-0.63728856,-0.45061285,0.94645598
20060661,before,-0.73429589,-1.113473,-0.59953685,1.5774947,-0.18735346,-0.29042933,-0.25869251,-0.64260263
20060663,before,-0.89063132,0.49784737,0.44519049,0.63411049,-0.48527494,-1.5544957,0.54650453,0.25095053
20060668,before,1.2295674,0.81350577,1.4044439,1.9154358,-1.56298,-2.8040479,1.2791511,-0.4463907
20060669,before,-0.10571991,0.69115631,-0.81445618,-0.1641321,0.10405573,0.48441192,-0.19978752,1.1685674
20060680,before,1.1921532,-0.50806433,-1.8847545,1.0398731,-0.86402445,-0.40641541,0.48823971,-0.76446206
20060708,before,0.02555967,-0.19013624,0.92916209,0.46669384,0.25818052,0.26972425,0.63837947,-1.581161
20060715,before,-1.9774925,-1.1384151,-0.33711351,0.83654503,-0.92119029,0.64428004,2.3571979,1.7224584
20060722,before,-0.11407955,0.71518072,1.2448806,2.1699557,-0.28582601,0.73803159,0.83404659,-0.83906024
20060731,before,-0.41316559,0.22056679,0.96037819,-0.32729818,-0.47804716,-0.31330651,-1.4439241,0.84237524
20060739,before,-0.15596365,1.0922827,0.53034337,0.89244513,-0.30223226,0.031907346,0.092528516,-0.47117816
20060744,before,0.79681049,3.2317276,-0.32429999,1.6620276,0.28074515,-1.8385838,-0.83882242,0.50969255
20060749,before,1.2790455,-0.37230287,1.5347539,1.0928976,-1.5821684,-0.29016567,0.42543623,-0.21034283
20060761,before,1.528141,1.9201193,0.065828681,-0.13618328,0.4738601,-1.0992389,-0.580345,-0.24508989
20060763,before,0.60895237,1.5565224,-3.0328727,4.3899188,1.3194702,0.1503867,-0.37289168,0.75897922
20060769,before,2.1434936,0.55551726,0.57549795,-0.39567326,-1.3798012,-0.42626667,-0.45937034,2.2025383
20060772,before,4.6808432,0.52988662,-1.045048,0.73217653,-1.1135687,0.048352534,-2.7000339,2.5853679
20060783,before,0.33843157,-0.2435582,-0.95899381,0.60697896,-0.69127295,-0.25719183,0.552847,-0.21290487
20060787,before,1.3850097,-0.0018101001,1.6523273,-0.91096762,-0.30425281,-0.97551157,0.39289737,0.99074698
20060799,before,0.44658544,-1.3036694,-0.58862664,-0.58340459,0.83035635,0.35245234,-0.33585053,1.2850002
20060804,before,-0.42120082,0.99843489,-0.073585964,-0.90757738,0.64447274,1.1055165,0.76325689,-0.31950185
20060816,before,1.3887774,1.5261847,-3.0393085,-1.3070967,-1.8540192,0.083251772,0.3891155,-1.2941249
20060823,before,-0.9841964,0.1271566,0.25901073,-0.39187941,0.15252097,-0.10082506,-0.21070932,-0.94184979
20060827,before,-0.78476474,-0.54892584,0.27044133,-0.1459393,0.18825395,-0.8830373,-0.067448115,0.68611684
20060829,before,0.13959178,0.22054452,0.4991806,-0.98639326,0.91309658,-0.4123333,-0.44666581,0.23065496
20060832,before,-0.55706289,0.27611569,0.77109223,-0.22826887,-0.44664802,-0.14752935,-0.53136785,-0.92507789
20060841,before,0.054843812,-0.96482484,0.98629442,-0.25814839,-0.57371931,-0.011797182,-1.4672217,3.7673716
20060849,before,-0.022866158,-1.4854766,-0.23013868,0.68937691,0.047581012,-0.52680321,-0.65632482,0.80458465
20060851,before,-0.48455758,-0.14774918,-0.044956085,1.3418061,0.12457696,-0.42004464,-0.30133588,0.34062613
20060853,before,-0.14934856,2.1353273,0.83743156,0.78125266,0.64518542,-0.20224671,0.40301164,-0.0029598937
20060862,before,0.86591847,0.59876685,0.60818089,-0.52297811,0.78960846,-2.141626,0.052116244,-0.25357887
20060872,before,-1.153583,1.2724672,-1.0648747,0.61922267,-0.77720841,-0.15580902,0.93312172,1.3425696
20060875,before,1.7379198,0.28435015,-1.5690285,-1.1275328,0.39581545,-0.18490484,1.474929,0.22477765
20060891,before,3.5378146,0.28951781,-3.0242893,1.5678533,-3.3026001,0.3681733,0.37212853,-0.71505314
20060903,before,-0.31444873,1.1504231,0.85991278,0.78137408,-0.26280909,-1.3290482,0.58774682,-1.0226076
20060907,before,-1.0319455,0.3758529,-0.4439352,-1.5115511,1.1096112,0.40778414,0.0042576937,-0.7813205
20060913,before,1.1972379,-0.89229981,4.4501763,-0.37782509,0.096367988,-0.3008711,-0.70510829,2.2071644
20060920,before,-0.069462818,0.56166094,0.80886215,0.041593155,-0.4307536,-1.7621108,0.22456772,-0.11692856
20060927,before,-0.38780422,-0.65608369,1.1624429,0.97096241,-1.3985301,0.6178837,1.1082943,0.41051718
20060929,before,-0.071300447,0.064987452,0.032576211,-0.24637106,-0.1633131,-0.14385281,-0.7579933,-0.38276719
20060940,before,-0.78117003,1.7029974,-1.6590485,0.10252711,1.08767,0.49402971,-0.048601306,1.0637876
20060942,before,-0.7536764,-0.22615877,0.84681523,-0.50001112,0.39509348,1.0410191,0.16254799,-0.52681924
20060946,before,-1.1696801,0.043405483,-0.36131363,-0.87644285,0.4587094,0.22716801,-0.73114149,-0.36086725
20060954,before,-1.2095165,0.02331109,-0.36363668,0.73888866,0.22805775,-2.054296,0.4321203,0.25747549
20060960,before,-0.7419803,-0.73450664,-0.78379398,0.89667523,0.11969602,0.48062833,-0.99508196,-0.2964634
20060991,before,-1.2356414,0.097628426,-0.34348371,-0.56034411,-0.73255628,-0.14897978,0.34498459,1.3832294
20061010,before,0.46298906,0.33889194,1.8536858,-0.79281484,-0.35942305,-0.49211634,-1.302598,0.1051521
20061021,before,-0.62451176,0.81986781,-0.095350049,-0.18160446,1.6341435,1.7238431,-0.3139352,0.33741289
20061022,before,-0.1869375,-0.11528129,1.6787796,-0.091232188,-0.073000648,-0.31099039,0.041989877,-1.2762228
20061034,before,0.73739082,-1.3048008,0.51847047,-1.247821,0.62270578,0.10979761,0.72031138,-0.004961332
20061041,before,-1.2265569,-0.26606831,-0.32360052,-0.42249837,0.2973962,-0.18303484,-0.62690583,-0.89932504
20061050,before,-0.68606884,0.20086179,-2.1187657,2.537568,-0.75166612,-1.2798875,-0.12797232,-0.89595199
20061056,before,-1.1527094,0.27178212,2.1965855,0.3247407,0.39928662,1.1943878,0.52634982,0.18374229
20061067,before,0.90399249,0.22938732,0.31325484,-0.73310482,-1.5422225,1.0032155,-1.17754,-1.0780236
20061079,before,-0.14733127,-0.11458635,-0.67749662,-1.0464203,0.28854961,-0.21308321,-0.22353285,-0.62562993
20061082,before,-0.096189202,-1.1846577,0.30754493,0.53125629,-1.354044,-0.58680798,-1.0449672,1.552698
20061090,before,-0.51347958,-0.16991007,-0.38723042,-0.31860205,0.0071242284,-0.28315035,-0.56508448,-0.68401253
20061096,before,0.40279497,0.85252193,0.52548969,1.1536382,-0.14227734,0.16027882,0.58038374,-0.25401198
20061098,before,-1.0610921,2.7368466,0.3152636,-0.93991027,-0.34719162,-2.5939438,1.8573615,2.0614907
20061101,before,-0.73681375,-0.74240557,0.058901255,-0.67415756,1.1994743,-1.6911062,0.48021918,1.0485026
20061105,before,-0.12538673,0.7127717,-1.4077942,0.29079123,0.79022923,0.33137995,0.61026362,0.31700427
20061109,before,0.2427786,0.046521653,-1.2900716,-1.4224614,-0.088146089,0.057608489,0.30571582,0.084361607
20061116,before,-0.80926935,0.067634128,-0.37892839,-0.40026982,-0.046788361,0.83838103,-0.62841489,0.039752349
20061127,before,-0.65823866,-0.40923714,1.0807414,0.28527296,-0.51310536,0.21443819,-0.71400477,0.3837435
20061128,before,-0.52510254,-0.015831267,-0.53858909,-0.65101963,0.37956588,0.32015126,-0.084061346,-0.37145131
20061132,before,-0.12941483,-0.67892527,1.3128165,-0.36509287,-0.68737263,1.0379749,-2.6687606,2.1239746
20061148,before,-0.82030408,-0.65693228,0.33039909,-0.13894304,-0.11127493,0.044800403,0.22401441,-0.48544466
20061156,before,0.07327008,0.32839231,0.31534045,0.26200519,-0.97881982,0.85776649,-1.1354389,1.1432093
20061157,before,-0.49301396,0.14360421,-0.86033319,-0.70663892,0.67058419,0.87855292,0.16602808,-0.25654422
20061169,before,-0.33480671,-1.5972953,2.2005643,1.5857154,-1.5106627,1.4247023,-0.68194095,-0.24815512
20061185,before,0.24101974,-0.69626724,0.020541158,-0.49426044,-0.36440295,-1.2679811,-0.26783572,-0.35322286
20061188,before,-0.6479644,1.1011987,-1.293428,-0.91219001,1.8616341,2.1948761,-0.24087366,1.2655568
20061191,before,0.060999096,-1.459075,0.75414538,-1.2882751,0.9205682,0.16462837,-1.4258454,1.2685778
20061195,before,-0.56973968,-0.28974485,-0.32774944,0.32906026,0.37527675,0.28595829,-0.041032635,0.25833085
20070008,before,-0.47393593,2.325162,0.72511977,-1.0397611,0.08473911,-1.6615437,2.0465393,1.6249838
20070019,before,2.1132714,1.9613474,-0.22369255,-0.52409439,2.7486351,-0.14859278,-1.203536,-0.700812
20070027,before,-0.89327882,0.5502402,-0.41643062,-0.87311433,0.37698339,0.087031868,-0.82912691,-0.30782966
20070032,before,-0.83436433,-1.1078539,1.8598209,0.18312326,0.28747087,0.12132812,0.37112379,0.79481368
20070034,before,-1.3474338,-0.28482595,-0.16414841,-0.86230538,-0.2863797,0.55562194,-0.67455553,-0.77053418
20070038,before,-0.94378687,0.48548068,-0.57871764,-1.0963191,0.78827626,0.27203527,-0.39410674,-0.49094445
20070042,before,-0.53178037,0.71513261,-0.47427983,-0.30533838,1.3014341,1.4172592,-0.67839387,0.97608457
20070046,before,-0.64154899,-0.84120745,-0.38868961,0.85522775,-0.37837296,-0.0045192475,-0.25691868,2.523138
20070056,before,-0.34197707,-2.9014724,-2.4708645,5.2139126,0.76187507,0.014103566,-0.10039619,-2.2450249
20070061,before,0.032637498,-0.48336927,0.046863395,0.49624539,-0.15532325,-0.40950026,0.16708817,-0.77963112
20070073,before,-0.90020773,-0.076970402,0.39403353,-0.25945521,-0.62363289,-0.32466091,-0.70234978,1.2949797
20070084,before,-0.025475145,-0.25791455,0.16410478,-1.5355747,0.17231072,-0.18981779,-0.22614964,0.10950931
20070086,before,-1.1591478,-0.36137016,-0.10292763,-0.93152176,0.47464413,0.2145205,-0.72970152,-0.52928866
20070087,before,0.16702386,0.077192267,-0.028149621,-0.8164705,1.0063741,-0.26567889,0.99028593,-0.40791834
20070092,before,0.06378565,-0.64039573,0.13974875,-0.66053602,0.17124099,-1.1949984,-1.1874026,0.53648298
20070094,before,-0.10907625,-0.45114978,0.53842845,-0.23201742,0.59173699,-0.17852472,-1.6768516,0.68675311
20070106,before,0.098223956,0.36526976,0.20657351,0.44866535,-1.0659953,-0.35711759,0.23081232,0.012030311
20070108,before,0.92977097,0.32735971,1.7732288,-0.51249255,1.7666571,-1.3769895,1.8689851,-1.8767263
20070118,before,-0.16910523,-0.52882632,-0.68682503,-0.94008965,-0.35432746,0.10273132,-0.65015359,-0.65906432
20070131,before,-0.71838057,-0.028838572,0.91214827,0.10014122,-0.11064319,-1.7302871,0.35444236,-1.3627935
20070132,before,0.95698577,-0.30703031,2.0847358,0.79970247,0.60878623,-1.7078293,0.46034514,-0.28792647
20070135,before,0.00093181259,0.13275926,0.96432033,0.54812098,-0.68626144,0.18512972,-1.046041,-0.6110146
20070139,before,0.0077121643,0.35818101,-0.46936064,-0.88029942,-0.46012331,0.51657645,-0.04477794,0.066464729
20070168,before,-1.2584129,-0.61400935,-0.68759297,-0.27463753,-0.25177626,0.083511481,0.58264102,-0.19842682
20070170,before,-0.78182148,0.69976127,-0.079462038,-0.59990475,0.42383114,0.18352432,-0.93464467,0.062877446
20070173,before,-0.043122483,-1.8592957,0.022741262,1.0443599,-0.44854478,-1.0847959,-0.15096214,0.57707561
20070177,before,0.82877869,3.0550527,-1.1358923,0.32749608,2.7280112,1.2104011,-1.1055574,0.89247175
20070187,before,1.2144424,0.59197862,0.14841878,0.50759449,-2.1845267,-0.98783226,-0.53338814,0.41881478
20070195,before,0.40140882,0.61542733,0.6303343,-0.64311058,0.61508371,-1.4152728,0.0051894241,-1.0314914
20070197,before,0.2147301,0.54212113,-0.06074155,0.30139747,-0.88669901,-0.98765941,-0.071498342,-1.0205338
20070202,before,-0.38972576,0.6087021,0.056962492,-0.13192438,0.13303782,0.0090979956,0.33847827,-0.37410239
20070215,before,0.31196638,1.8510783,-1.4752177,-0.0088839899,-0.92093306,-1.3055964,-0.1120491,-1.1030903
20070219,before,0.62140562,0.87131117,-0.045616133,-1.0967564,-1.1335265,1.3221983,0.25665261,-1.4635754
20070227,before,-0.98513595,-0.26981634,-1.0107437,0.11863911,0.50537197,1.3507111,-1.2800892,-0.49083158
20070231,before,-0.8088645,-0.85973142,0.44795372,-0.11964999,0.34606069,0.031425465,-0.22480464,-0.49931482
20070241,before,-0.63974196,0.17298853,-0.10829046,-0.88361514,0.51464066,-0.55034038,-0.61373221,-0.24044502
20070250,before,0.30489372,-0.23719334,0.50561568,-0.30279743,-0.35133339,-0.14201362,-0.57098279,-0.45123095
20070262,before,0.3223698,0.64738393,0.47237712,0.86324611,-0.4853601,-0.47570778,0.3172952,-0.40300053
20070265,before,1.442366,0.42647553,1.443846,0.96547334,-0.88801006,-1.0245077,-0.80759437,-0.057853621
20070270,before,-0.65246624,0.40245131,0.20206542,-1.0173437,0.45442553,-0.28623078,-0.58893101,-0.75351885
20070274,before,-0.68876377,0.040920464,-0.77346955,-0.68289807,0.97153178,-0.3919289,0.67274391,-0.081163733
20070275,before,-0.78133597,-0.60679237,0.54049089,-0.88660514,0.48952295,-0.22446214,1.1336608,0.36528548
20070288,before,0.56660323,-0.25084296,0.73754343,1.2146904,-1.0358029,-0.12204177,0.96840467,-0.86849727
20070296,before,-0.27212844,-0.96221332,0.68154605,-0.19907146,1.0849354,-2.0363488,0.49770829,-0.23774817
20070299,before,-0.59363879,0.20201009,-0.20485126,-1.0098152,0.38902754,0.27049167,-1.4299174,-0.30961338
20070301,before,-0.56192708,-0.45057818,0.79492525,-0.36543202,0.10332933,-1.2996692,-1.4810577,0.80816669
20070304,before,0.78704734,-0.86408944,1.4330265,-0.18410802,0.26781747,0.30202307,-0.037867069,-0.29602535
20070305,before,1.5874049,-0.77505555,3.0216399,1.1531202,0.6481978,1.3713275,-0.66500942,-0.66020156
20070308,before,-1.3972641,0.22861623,2.2867613,0.45273644,-2.5996908,0.86035596,1.0349154,1.6529396
20070316,before,0.4307643,0.29529132,0.3045531,0.6200825,-0.12981335,-0.30544414,-0.96485325,0.32848537
20070322,before,-0.29120316,-0.34720442,-0.11211842,0.018873797,-0.12406251,0.85420935,-1.7406318,0.51266323
20070327,before,-0.76965563,-0.14637406,0.4999527,-0.69760235,0.083358034,-0.5075653,0.016367278,-0.61624248
20070340,before,-0.54573989,0.043950238,0.91719308,0.51713345,-0.40162369,-0.94195689,1.1816807,-0.86946899
20070346,before,0.62204841,-1.1916413,-0.64790623,-0.60547469,-0.27124241,-0.70337335,0.12527129,0.8837082
20070362,before,-0.36866987,0.83679163,-1.3623473,1.8677085,0.96599375,1.779741,-0.39209338,1.1098448
20070383,before,1.7961829,5.3764521,-0.63066489,-2.5906132,-2.4547757,-6.5178173,1.3272616,0.67924212
20070387,before,0.43969146,1.8724554,-1.8683552,-0.49913073,-3.5645203,0.78181286,3.9540706,1.5771128
20070399,before,0.61509457,0.0032244979,-0.96184087,-0.42938181,-0.4583886,-0.10550431,-0.60968742,0.25309491
20070407,before,-0.3182399,-0.36697133,-0.75660221,0.66606066,-0.20771082,-1.0711917,-0.40396678,0.072924888
20070413,before,-0.27927,-0.58456794,-0.32304927,-1.3684601,-0.42281143,0.51179305,-0.15361749,-0.25182023
20070416,before,0.36578532,-0.59660984,0.88732731,0.15267798,0.42005523,-0.63822122,-0.2364338,-0.61624055
20070434,before,0.97104131,2.4085429,0.80191715,-0.76892424,0.081981296,0.6924228,0.597046,-0.13020977
20070439,before,0.34310554,0.68625687,-2.9816423,-2.8517557,-5.8350529,2.4413817,5.834934,-3.054811
20070443,before,2.8390746,-0.96339636,-0.58564784,-1.6652368,0.14229487,1.9622903,0.26235419,0.41969432
20070457,before,0.46954044,1.1847487,-1.7500071,0.80607164,-1.7030592,-1.2018118,0.16846728,-0.29198695
20070458,before,0.20332544,-1.6053488,0.74527983,1.810798,-0.80606296,-1.57614,-0.80841759,-2.1958269
20070470,before,1.1977323,-1.6681847,1.9740398,-0.48535023,3.4943002,3.5242257,4.8228938,-0.72154181
20070473,before,4.1962489,-4.0661073,2.5999693,-1.8936161,4.2329683,1.5343016,-1.2492266,5.4032551
20070474,before,-0.191697,-1.0960335,-0.4772457,-0.7181084,-0.37927719,0.2906359,0.047823208,1.9599965
20070492,before,-0.97844206,0.023496296,0.19438181,-0.47590808,-0.10241705,-0.47785438,-0.72845125,-1.0403064
20070495,before,-1.4521656,-0.29871165,-0.1490487,0.56737717,-0.58551095,-0.78137265,0.87593606,-0.48071158
20070498,before,-0.73955725,0.75425496,-0.44441146,1.2586231,0.027297708,-0.15160119,0.96656376,0.20435693
20070506,before,-0.36763269,1.2017933,-0.11046913,-0.17283486,0.46822055,0.11316851,0.92222769,1.1824506
20070509,before,-0.40349858,-0.55438665,-0.25533303,1.3729851,-0.61955913,0.11121129,0.32588967,0.28367325
20070512,before,0.054545712,0.94137793,0.28352021,1.1148251,0.68665693,0.37201021,0.90427173,-0.0050677731
20070518,before,2.9024864,-3.4741597,-1.8220339,1.3037617,-0.21673195,-1.1919029,-0.30275095,2.573788
20070519,before,0.90132798,-0.83211204,1.5752518,0.44871436,-0.51683057,-2.6539228,0.96528982,0.69564001
20070521,before,-0.66248008,0.52755338,0.30195063,-0.90365617,-1.0748447,-0.3949879,-0.01826524,-0.75895808
20070528,before,-0.8121333,0.0017382209,-0.0080645712,0.11151172,0.2863464,0.39026937,0.86444501,-0.39834782
20070530,before,0.099673484,-1.2341543,1.5044655,-0.049597232,-0.28010708,2.4607602,0.67484924,0.28474013
20070532,before,0.0617307,-0.33570935,0.62892537,1.7322655,0.022929714,-0.61197291,2.1013268,-0.18772146
20070557,before,-1.0046497,-0.91798889,-0.48718019,0.29009235,-0.42225907,1.1500913,-0.15112886,0.4694663
20070562,before,0.48415177,-1.1630957,-1.8116065,1.412811,0.70427857,-0.11802543,1.2723601,-0.8431245
20070573,before,-0.64181867,-0.12739683,0.31522171,0.25463254,0.093380068,0.20222194,0.25748329,-0.63519353
20070575,before,-0.82568646,-0.92415235,0.39984737,0.50041043,-0.43459945,2.2254357,0.60210151,-0.091747547
20070578,before,1.2210109,0.27824242,0.8433369,1.8017693,0.84619942,2.1661117,1.6405314,-1.1637833
20070584,before,1.1848221,2.6503437,-0.56918645,-0.15186439,-0.94502497,-1.5428341,-0.57756621,0.45024776
20070601,before,0.52704721,1.6428739,2.4909196,1.6680791,1.0335405,0.62975581,3.3811041,-1.6958216
20070608,before,0.33995984,-0.13993617,1.1478155,1.0798401,-1.4292605,-0.091884398,-0.58440843,1.0691199
20070615,before,-1.0237122,0.49851229,-0.14259949,0.11804991,0.045729868,-1.5085829,-0.018265767,0.51005656
20070623,before,-1.417979,-0.14446026,-0.16822063,-0.022399233,-0.28843277,-1.1914163,0.40204442,0.37867938
20070633,before,1.0929484,1.0053937,-0.13298281,0.17196377,-1.4879488,0.1550139,0.80123544,0.23100292
20070643,before,1.8977639,-0.37850656,1.128755,0.18790545,-0.55346168,0.61987862,-0.13041819,0.76516022
20070645,before,-2.3690571,-0.093240426,1.0617443,-0.26698052,-3.0285902,0.95864233,3.0322227,0.904348
20070648,before,0.74063837,-1.8401292,-1.0001371,2.5069852,-1.8040661,-1.182547,0.05473323,0.6454243
20070652,before,2.39897,0.85438503,-4.7530328,-2.1796343,-5.2669826,2.3754723,3.1585243,0.10868428
20070682,before,-0.48709144,1.9585497,-0.30554953,0.56205837,0.65365441,-1.0198126,-0.29733604,0.47909993
20070685,before,-0.58592964,0.1311774,-0.49538701,-0.92480561,0.40885085,1.6343189,1.3025433,-0.22154245
20070695,before,0.62922205,-0.13725529,0.8647539,0.10175024,-1.1554161,-0.63342154,-0.15896189,-0.19338206
20070707,before,0.48552141,0.048163763,2.327732,0.15843139,-0.39124041,1.7147955,-1.6163318,0.69975029
20070715,before,2.3033349,2.1442793,1.3382721,0.40583532,-1.2167003,1.0980243,1.8133184,0.75690372
20070719,before,0.49251429,-0.1019645,0.45550467,0.98915842,-0.80514324,-0.29118559,-1.2289086,-0.088136833
20070721,before,0.85724603,2.8345464,-1.8591852,-1.2693971,-4.5978293,0.8677512,0.022504576,-1.4009898
20070732,before,0.29725306,-1.5190551,0.25562242,-0.50441554,0.11905111,-1.278402,0.77968517,1.6906445
20070757,before,-0.81878959,0.36593714,-0.26377345,-0.79560969,-0.87552611,-0.16058735,-1.668117,0.70755797
20070766,before,0.19533588,-0.35429104,-0.49839764,0.13929041,-0.30887928,-0.40383759,-0.020916331,0.21153531
20070774,before,0.30157691,0.65052626,-0.50753199,2.9538077,-0.86192527,-0.44699234,-0.88788974,1.0597457
20070777,before,-1.0508756,-0.65685768,-0.088389235,0.76654877,0.035957863,-1.3145382,0.78801052,-1.3458393
20070781,before,0.66997448,0.17765229,0.49466934,0.28379766,-0.61635299,0.52764292,-0.081638187,2.0670529
20070785,before,0.52537474,0.56766031,0.33386431,-0.066926104,-0.72882385,1.9118451,0.43401046,0.039321676
20070793,before,-0.9641744,2.3796416,-1.3668419,1.7108714,0.34472558,-1.3840972,0.54605777,1.1040134
20070798,before,0.35791083,0.0720158,1.4542626,1.3723489,-1.6579706,0.50555433,-0.18782519,0.94437039
20070808,before,0.64537098,0.37194252,0.92894728,-0.55146173,0.046135927,1.4095702,0.64994497,-1.2076544
20070810,before,0.4962052,0.81801407,1.3494942,0.08277362,-0.58148505,-0.02687144,0.44907178,0.22295559
20070821,before,-0.52517647,1.1585371,-1.4076515,1.035558,0.6275991,-0.087472339,-0.60625843,0.83992475
20070835,before,-0.1421636,-0.16138769,1.0191632,-1.2662093,0.25921362,-0.44320662,-2.0652829,0.74051118
20070849,before,-0.47480015,-0.39449293,-0.96559539,1.203171,0.58445274,0.29192023,1.0270361,-0.4524123
20070855,before,1.3415436,0.19599529,0.82066249,0.035024093,-1.6190729,0.80686042,0.35260067,-0.7306707
20070861,before,-0.14149032,2.3529543,0.7028296,0.5464771,0.1937092,-0.77949408,-0.15946626,-0.088821732
20070879,before,-0.79551383,-0.16475809,0.33629217,-0.79675258,0.20096305,-0.11848282,-0.86885188,-0.409732
20070882,before,-0.028646104,0.46544388,2.2006852,-0.18728514,-1.7522288,0.97037797,-0.64005692,0.027525551
20070884,before,-0.78242362,0.41728587,0.5025064,-1.01945,0.92808378,0.26243046,0.18459723,-0.3397254
20070889,before,-0.5599708,-0.36428546,0.58650487,0.95968282,0.28561571,1.6053234,0.24274135,-0.15747028
20070902,before,0.90100689,0.31295591,0.60490828,0.66177708,-0.27332852,0.72406315,0.26513081,-0.4775226
20070922,before,0.59848632,1.6909873,2.1700861,0.35808699,-0.57888945,-0.98491863,0.57637623,-0.14773489
20070926,before,2.2895047,1.0180603,-1.3142142,3.1861023,0.59145128,0.85870676,-2.5204653,-1.7911831
20070929,before,-1.3492349,-0.95479614,1.0144155,0.47515648,-0.15605271,-2.1960071,2.1784097,2.7728879
20070935,before,-1.1864518,-0.43627083,-0.6708215,-0.48669547,-0.1727801,0.26011027,-0.064725692,0.2020595
20070941,before,-1.1037022,2.029979,-1.3556731,-0.45585891,1.0400049,0.31265163,1.7245654,1.5957565
20070953,before,-0.18462565,0.8114163,0.067562662,-0.33504934,-0.49689073,1.1944129,-0.37810694,0.84250864
20070954,before,0.67309892,-1.4466492,-0.52475005,0.76549773,0.91100859,-0.018059822,-0.22348816,0.0049691935
20070955,before,-1.1010983,-0.1492973,-0.18358677,-0.61087621,0.11214073,-0.43551343,-0.54430967,-0.64728856
20070960,before,-0.87675377,-0.17284663,-0.22821952,0.11340201,-0.36824469,-0.84383626,0.12143536,-0.51737322
20070963,before,-0.10166565,0.20549587,-0.30061933,0.88212548,-0.29912564,0.21344826,-0.34754536,-0.31747529
20070974,before,0.49097011,0.072794012,0.35119681,-0.36472376,0.34639877,0.18503947,-1.1380069,0.21138825
20070975,before,-0.99117791,-0.85915464,-0.090795006,0.066041134,-0.19758427,-0.84228577,0.29589238,-0.57829707
20070980,before,-0.079890722,-1.5270793,-0.43344978,2.2380759,-0.034579955,-0.31639124,-0.54003594,0.65665479
20070989,before,0.56831982,-0.48989231,-0.51181401,-0.65021183,-1.1733432,0.045735104,-0.15647191,1.6737724
20070991,before,-0.16546785,1.3027297,1.2487931,0.04697579,0.59037091,-0.46100411,-0.16877886,-0.48663762
20070997,before,0.54536302,1.4020926,0.033302133,0.83117735,-0.48185656,-1.0664229,-1.3155062,0.46995992
20071009,before,-0.074094948,1.6328304,-1.5439841,0.77736028,0.96044426,-0.79448171,-0.28017397,0.64282347
20071021,before,-0.66886737,-0.19133212,-0.60066336,0.71413803,0.1918363,0.062503459,-0.44825767,0.040155021
20071022,before,-1.0571858,0.40232826,-0.60592327,-0.17238236,-0.29920463,-0.95177602,-0.19655958,-0.098824113
20071026,before,1.4770364,1.1852209,1.0062091,-0.60622891,-1.290946,0.5556557,1.0680442,0.65713354
20071033,before,-0.93396527,0.074886107,0.63935047,-0.3846455,-0.32222849,0.039581641,-0.46658392,-0.38274162
20071038,before,0.76000508,-0.26391927,0.76890586,-0.60213091,-0.41418574,0.49325109,-1.7842431,-0.29916208
20071040,before,1.4943379,-1.1442696,-0.92949049,0.25426534,1.1421029,0.49664175,-0.67674531,-1.7546588
20071042,before,-0.29705983,-1.3921662,-0.18395568,-0.55222255,0.24488645,-1.320077,0.39844222,-0.86141437
20071049,before,-0.5055577,-0.62493551,-0.27224733,-0.9970165,0.09737676,-0.098237346,-0.9238295,-0.54604453
20071055,before,0.82847732,0.14203574,0.24854549,-1.0186545,-0.72708167,1.1343947,0.36404165,0.15015571
20071064,before,-0.44005629,-0.72834782,-0.075912049,-1.2389026,0.18590344,-0.47821693,-0.45508203,-0.18099941
20071068,before,0.19560902,-0.073039297,-0.06289515,0.15999143,-0.7151814,0.32421718,-1.0338375,-0.24562154
20071071,before,-1.1250913,-0.87119615,-0.50472715,-0.16336461,0.35689876,-0.66185434,1.5489162,0.79770266
20071076,before,-0.84443104,-0.3562735,0.69710306,0.0056844025,0.1294643,-0.2749579,-0.24493893,0.90403757
20071088,before,-0.30147281,-0.17471863,0.16107095,-0.078244202,-0.14782566,0.84673456,-0.32869554,-0.64017882
20071092,before,-0.044199299,-0.42907268,0.10848321,-0.96981062,0.018440359,-0.71959886,-0.78416094,0.47450181
20071095,before,0.52716098,-0.78194475,-0.66692035,0.52454658,-0.15890861,-0.12030658,-0.943891,-0.017475978
20071099,before,-0.33421202,-0.40726459,0.12423849,0.7923001,-0.015871809,-0.061518506,1.2987982,-0.63684322
20071100,before,-0.38320693,-0.57862697,-0.40925506,-0.040684255,-0.940094,0.76201628,-1.4922952,1.7462825
20071104,before,1.3503807,-0.15328754,-1.0267306,-0.37747684,-0.061444956,1.5550222,-1.9705774,0.16128552
20071109,before,0.037730526,0.1759131,-0.90269907,0.63944872,1.1421868,1.0818654,-0.87015441,-0.057867756
20071110,before,0.11747973,-0.0069847381,-0.98654068,-0.87769356,-0.83234803,0.77425795,-0.19727624,0.16087512
20071113,before,-1.1052849,-0.039914403,-0.52569183,-0.90503319,0.26527251,0.39688259,-0.67947686,-0.47430982
20071117,before,0.39820295,0.061018163,0.28793283,-0.81905076,-0.95073042,0.11393881,-0.84026398,-0.16197237
20071127,before,-0.5523518,-0.2203036,-1.2937694,0.40480506,-0.49812052,0.97717572,-1.2163157,-0.61825386
20071133,before,-1.0172466,-0.36882921,-0.50230796,-0.041624444,-0.21556263,-0.78198898,-0.51609974,0.223858
20071134,before,-0.20590689,-0.054593626,-0.60635133,-1.4770532,1.3973086,0.6136796,-0.32569538,-1.0885135
20071135,before,-0.70197491,-0.8147157,-0.38544973,-0.62343462,0.25538804,0.037711002,0.24549276,-1.0593131
20071139,before,-0.29646234,-0.031155993,-0.23012787,-0.42790899,-0.57353338,-0.27399452,-0.49099835,0.0096486474
20071141,before,-0.24013669,0.52493904,-0.036787266,-1.1571303,0.40778835,-0.59951903,-1.0951515,-0.40223432
20071149,before,-0.42032853,0.33527757,-0.65921163,-0.91768522,0.36465667,-0.50205753,-0.44501709,-0.5541768
20071156,before,-0.63629697,-0.44139369,0.22237408,-0.96975139,0.6039064,-0.60208547,-0.52102097,0.085720571
20071163,before,-0.86581283,0.21799573,-0.15557248,-0.9334334,0.47957495,0.20039447,-0.9317792,-0.56656112
20071164,before,-0.98588724,0.18379137,0.16822178,0.32679139,0.45879917,-0.63467639,0.55754689,0.40153791
20080005,before,-1.1336618,-0.36004244,-0.22011615,-0.38061085,0.051369578,0.2812861,-0.085249134,-0.51309515
20080007,before,-0.73498917,-1.7340946,0.14991028,1.4344828,0.35239845,1.2512823,-0.68468656,-2.3175443
20080009,before,0.15143222,-1.2716604,1.3309082,1.2420571,-0.94079745,0.70168254,0.20347089,-1.0752793
20080010,before,2.3562075,-0.65988853,-1.6666587,1.0868369,1.971929,-0.38522346,-1.4123249,0.55269404
20080013,before,0.029331057,0.65313892,-0.50144971,-0.15809766,1.4023391,1.0602119,-0.16233791,-1.0709588
20080014,before,-0.27316243,-0.34765597,-0.66713439,-1.2199415,0.76081087,-0.22657188,-0.16198372,-0.80444959
20080015,before,-0.42057284,-0.45247013,-0.27902382,0.096483407,-0.34945846,-0.017457455,-1.1091272,-0.15202487
20080021,before,-1.2184827,0.3924125,-1.3612457,-0.12732485,0.51099685,0.97931867,0.17235925,0.63255537
20080029,before,1.1451569,-0.94920239,-0.19106494,-1.6245342,-2.995287,2.657622,1.9342188,0.070628285
20080031,before,0.71181961,-1.3508958,-0.31291467,0.66786274,1.0917228,0.85121459,-1.6265534,-0.50023967
20080034,before,0.82057587,-0.18509178,-1.0571876,-0.53597616,1.4242324,1.6463443,-2.0541161,0.36053113
20080041,before,-0.18090121,-1.0030432,0.40854838,0.9889936,-0.1519838,0.64187233,-0.34041756,-1.1413617
20080048,before,0.118159,0.40458007,-0.1731607,-0.79917932,1.1652581,-1.3154428,-1.3161449,-0.49466314
20080050,before,-0.63977385,1.4570078,-1.7938752,1.4419092,-0.53783112,-0.24166208,1.2306697,1.3625723
20080071,before,-0.44157233,0.96378972,0.44321114,-0.17962611,0.15348645,-0.13818629,0.050039306,-0.40720672
20080093,before,0.037752078,0.33328617,0.49484882,-0.34842899,-1.0939586,-0.64487435,0.13747296,-0.75425712
20080098,before,1.7779839,0.46358727,-0.32011638,-1.2707948,1.0250998,1.4545575,-4.3765845,1.3585766
20080105,before,0.86815151,0.51406272,-1.9666965,-0.69572645,-0.27374974,0.87353708,0.55245438,-0.57072446
20080109,before,-0.23413605,-0.42499637,-0.64242769,-0.22204194,0.016575425,0.82544481,-0.099271466,-0.42840813
20080113,before,-0.38890749,1.9196659,-2.1731495,0.8773538,2.3904066,1.0218218,0.097033388,1.5209336
20080124,before,-1.0391823,-0.78538995,0.54929649,0.31709802,-0.50042926,-0.13547859,0.18608902,-0.98385852
20080126,before,-0.19221747,0.045635675,-0.040851036,-0.46411939,-0.61858349,0.071584627,-0.64288391,-0.34554898
20080136,before,-0.65025692,0.23279535,-0.25411808,-0.69473466,0.4801192,-0.48354253,0.3493792,-0.39432939
20080139,before,-0.51208386,-0.56372016,0.83725568,0.25752896,0.07375034,0.76686874,0.089794073,0.27092949
20080152,before,-1.1823938,-0.52812138,-0.45399887,-0.34650107,-0.1904294,-0.59340142,-0.3530697,-0.47124069
20080158,before,-0.63763661,-0.19481068,-0.43152666,-1.2814448,0.50963436,0.22740681,-0.32817467,-0.18727199
20080169,before,-0.81740162,1.9295615,-1.4609835,1.5196597,0.2004351,-2.1352436,-0.062728241,1.6253802
20080170,before,-0.88523813,-0.45245517,0.093587141,-1.0528264,0.39177735,-0.68733041,-0.62773274,-0.78276958
20080192,before,-0.53337869,0.54434865,1.8032465,-0.31987786,-0.50527512,-0.41860813,0.11884477,0.89463486
20080197,before,-0.3098021,-0.45004731,-0.30375222,-0.74946308,-0.89817064,0.33306632,-0.71227245,0.31169135
20080204,before,-0.95024585,0.9048017,1.2796312,0.4769546,-0.095126464,0.43346993,1.0370925,-0.98352616
20080207,before,0.964653,-1.5357831,-0.70029846,1.3880063,1.4934131,-0.069913474,0.20461979,0.11627498
20080213,before,-0.74763863,1.1524842,0.42508775,-0.20885041,-0.18520508,0.18846047,-1.1285374,-0.022188652
20080216,before,-0.74579552,-0.018283304,-0.045841654,-0.37118861,0.46057465,-0.16375284,-0.066961596,0.3664572
20080220,before,1.6359179,-3.3804999,1.0999643,-0.39050578,3.5684098,-2.7266105,0.26275365,4.1814794
20080222,before,0.36686767,0.091170433,-0.14701362,-0.49120654,-1.1310431,0.40445103,-0.66059008,-0.11056131
20080224,before,1.2116727,0.42845478,0.83785634,0.20993559,1.4128939,-0.81186834,-1.7625191,-0.28362457
20080240,before,-0.50510526,1.3298481,-0.088993297,-0.056391076,0.61534433,-0.16682838,-0.80604148,-0.0073912529
20080247,before,0.67782954,0.28705812,-0.64722346,-0.38215589,1.869289,0.31704962,0.83924633,-0.63943209
20080257,before,-0.88569676,-0.045228253,-0.9546453,-0.52903851,0.25684245,0.46784384,-0.27149928,-0.61726564
20080258,before,-0.84813513,0.54484337,-0.49943167,-0.69691667,0.67926848,0.40585191,-0.14959139,-0.11382279
20080288,before,-0.97534964,0.30182561,0.070135411,-0.78702667,0.18526121,-0.52831898,-0.20951185,-0.67171822
20080290,before,-0.71160429,-0.41254741,-0.27900377,0.364538,-0.26726772,0.2232435,-0.76459687,-0.83085607
20080297,before,0.52125682,-0.75278056,0.33132187,2.2306084,-0.90496219,1.0110573,0.48691452,-0.88810413
20080302,before,1.9277075,3.4699073,-2.8732288,-2.4572996,-1.6186841,-1.0097577,5.5933865,0.030648576
20080318,before,-0.91457995,-0.17955969,-0.34624826,-0.32743516,0.17618049,-0.10261493,-0.77001202,-0.74505786
20080319,before,0.42521456,-1.0571719,-1.026915,-0.75236785,0.61743352,0.2704691,0.75631501,2.0980203
20080328,before,-0.49591015,-0.29168994,0.1318029,-0.87638158,0.21080458,-0.30838529,-0.54284219,-0.83552595
20080344,before,-1.1230505,-0.16961792,-0.44590937,0.067025844,-0.042730793,0.42109739,-0.070156978,-0.4161341
20080347,before,2.4249761,0.36094247,0.58531886,-0.3616552,-2.2353003,0.23154045,0.35157604,-0.50793411
20080350,before,2.4072318,2.9002119,-3.0162247,-2.2361416,-4.9003108,-1.5634407,3.1900821,0.56519995
20080363,before,-0.63444499,1.9825386,-0.047627542,-0.48178161,-0.091224543,-0.26005958,0.29358944,1.4568577
20080381,before,-0.53779928,-1.7534511,-0.11203197,0.37620955,0.41859146,-0.20307124,-0.054644502,0.11837824
20080393,before,0.18008601,-3.1552627,-0.78012308,1.4913439,2.2033041,-0.036919609,1.2995304,0.61839342
20080396,before,1.5146724,0.086239308,-0.36689855,3.9253921,-1.9597602,-1.1883148,0.95821945,0.84848952
20080418,before,0.64988781,0.28900286,-2.5563234,1.6682057,1.5855546,-0.0019198412,-0.55747268,-0.45891616
20080425,before,-0.34884585,-0.61812419,-0.021302667,0.062056805,-0.3228163,0.10670168,0.18278713,0.1780594
20080434,before,2.0943486,0.28142789,-1.1363687,-1.7132714,-4.0278123,0.75193878,-0.83369454,-0.38269675
20080440,before,1.587457,-0.58567846,1.5910888,0.58439292,0.14903673,-0.091236474,-0.33360003,-0.58777374
20080443,before,-0.26461661,0.96235104,-0.30212433,-0.33046382,-1.3988663,0.10165469,-0.23595178,-0.26917142
20080460,before,-1.0098386,0.31338979,-0.12584338,-0.32211614,-1.0903557,0.13457425,-0.46586058,0.18711905
20080462,before,-0.71566786,0.82134345,-0.45409196,0.0078162439,0.065099493,-0.73165854,-0.60193287,-0.43026455
20080468,before,2.2689861,-0.13263431,0.33321035,-0.36562832,0.29870211,0.6116202,0.68186597,-1.2049139
20080470,before,-0.90167543,3.0996089,-1.0033795,0.17286043,-0.56232951,-4.2088864,0.88571415,1.43773
20080474,before,-0.99487752,0.59550857,0.41898188,-0.46013252,-0.10410274,0.26580514,-0.49549954,-0.075260264
20080480,before,1.6624089,-0.41014478,-0.86657542,1.0145709,-1.2544108,-1.2694288,0.1492448,-0.095432648
20080481,before,-0.73303204,-1.2436125,0.34805476,-0.98754662,0.36832516,-0.42736981,-0.76052633,1.3307742
20080485,before,-0.022703409,-1.2180029,-0.32955343,-0.30368278,0.070939143,-0.71625756,-0.35745405,0.77733085
20080491,before,2.13421,-0.21296908,-1.6417499,-0.52969018,-0.98499916,-0.010167034,0.94788481,0.24327548
20080501,before,0.034552197,0.60496783,-0.030583356,0.31440405,-0.6529149,-0.64598785,-0.14087419,-0.16890608
20080534,before,-0.87935414,0.12145837,-0.71347414,-0.59475635,0.37066358,2.405641,-0.089120939,0.2745218
20080536,before,0.19182128,1.1707278,0.2740905,1.1617218,0.52633838,-0.20990072,-0.27043087,-1.330829
20080537,before,0.28470454,-0.43300911,-0.15186131,2.1531835,0.84049081,0.42978032,-0.86314283,-1.8179374
20080541,before,-0.39278512,-0.12145076,-0.36176259,-0.47972212,-0.70696224,-0.23717769,-0.54845249,-0.50685313
20080542,before,0.1794138,-0.94351958,0.76982752,1.623069,-1.8981224,1.4043157,-0.69335548,-0.24694565
20080566,before,0.17681031,-0.46281578,-0.89600723,-1.3446476,-1.5318143,-0.022404959,0.39396259,0.37560057
20080567,before,0.3295442,0.093889686,1.7570999,1.5314736,1.235318,1.3130767,-0.28948536,-2.284428
20080573,before,0.16586968,-0.27385726,0.74719601,0.18024797,-0.58373073,0.097635439,0.012037525,0.81180549
20080576,before,1.742019,2.4685488,1.5536586,0.57831488,0.78429604,1.3160412,1.1616894,1.5350713
20080590,before,-0.00017673909,0.85703437,0.45422723,1.3045163,-0.22114856,1.2891935,0.41898552,0.0083009799
20080610,before,-0.045078637,0.17112381,0.26089268,1.4508055,-0.85458367,-0.56149953,-0.08713137,-0.32557176
20080618,before,0.3166088,0.6403025,0.10990004,0.66301766,-1.3288399,0.066408231,0.64658867,1.2632
20080621,before,-1.0457857,0.075884997,-1.1628888,-0.88616025,0.1135774,-0.16317824,0.70374849,-0.52969316
20080640,before,-1.1046765,0.085826578,0.05846128,-0.37977605,-0.34638941,0.063703323,-1.0638179,-0.54566334
20080642,before,-1.0639605,0.55900161,-0.66037146,0.5691983,-0.73309522,0.12081309,0.44090496,0.44256504
20080647,before,-0.65946612,0.21303936,0.35245756,-0.47682444,0.11689026,0.76793579,-0.43996856,-0.53927863
20080649,before,-0.16330493,1.1666363,0.50374506,-0.16726163,-0.19618919,0.32507037,-0.016903628,0.56365
20080651,before,0.52202168,1.2079816,0.1123199,0.7156913,0.089863132,0.55995306,0.041093949,0.61075406
20080660,before,1.5547027,0.30139948,0.99494732,1.1847952,-0.35674088,-1.1385795,0.3529016,-0.30609544
20080662,before,0.92092006,0.31916061,0.1521559,-0.036828411,-0.87148937,-0.26050446,-0.53247616,0.074546039
20080672,before,-0.56130601,-0.5012583,0.8799794,1.6248964,-1.0136581,-0.60791966,0.82874383,-0.8716761
20080675,before,0.49296825,2.2623243,-0.87098751,-1.1593974,-0.096141737,-2.4539293,0.66753122,-0.26469506
20080677,before,0.5610336,1.2545168,0.53777193,0.15154083,0.052126001,0.89915175,0.7369396,-0.11900535
20080687,before,0.012538988,0.10276205,-0.10986102,-0.12515663,0.097301035,-0.54009143,-0.52985982,-0.44042086
20080689,before,-0.50344344,0.043864085,0.46612885,-0.28805516,0.14327528,0.48032242,-0.38230748,-0.69604709
20080710,before,-0.55178176,0.91863146,0.3943751,-0.63408966,0.5988081,-0.7601601,0.30186013,-0.56715533
20080714,before,1.3960239,1.7711651,-0.2388256,2.7063655,0.12101692,-0.013500847,-0.64357154,1.5596722
20080717,before,0.84876699,0.80628748,1.0435773,-0.03959318,-0.54316418,1.7163777,0.24999011,0.77162423
20080721,before,0.84697557,1.4365033,-0.18271566,0.89927974,-0.71015353,-1.716815,-0.41771274,0.41091379
20080726,before,0.19747598,-1.3527847,1.0169548,-0.29731272,1.3915359,-1.4457024,-0.023071409,2.8065784
20080742,before,-0.70482654,0.743729,0.56839582,-0.67452103,0.32277125,-1.0078536,-0.38118578,-0.43854246
20080743,before,-1.4733403,-0.77153198,-0.35512356,-0.1571211,-0.22718891,-0.0045204472,0.42508688,0.92758505
20080749,before,-0.70859397,-0.77953488,-1.3838717,1.5375931,0.25549574,-1.0939922,0.70485169,-0.55661822
20080754,before,2.4620558,-0.99945231,2.0289957,0.74932454,-1.5215679,-1.1327254,0.049338536,-0.03812229
20080763,before,1.5929552,0.15995747,-1.0898988,-0.67597959,-1.1983036,-0.045643509,-0.67181983,0.013039302
20080768,before,0.55901956,0.92229744,-1.1150104,1.2389587,0.31393343,-0.12675572,0.33170823,2.1006753
20080774,before,0.71972259,0.7933205,-1.6070484,0.10348366,0.41014691,0.49212538,-0.24198529,0.092381613
20080776,before,0.13580141,-0.90188683,0.69073962,4.4407917,-1.380068,-0.39014164,-0.63606816,0.31005146
20080781,before,0.45726826,-0.99441452,0.17073499,1.3805074,-1.0819321,1.033757,-0.75301348,-0.49357138
20080794,before,-0.75754559,0.17498095,0.46768591,-0.55137213,0.12088038,-0.22147428,-0.36115199,-0.74018929
20080807,before,0.016168591,0.33384046,-0.56531817,-0.77721918,-0.020263043,1.6489599,0.87219074,-0.28198106
20080819,before,-0.85102286,-0.14441887,0.76089099,0.14520107,0.093213666,-0.81187982,-0.20154284,-1.0181516
20080823,before,0.29098019,0.45076321,1.0401563,1.4383167,-0.44484898,1.7320802,-0.88728722,1.666156
20080829,before,0.50798412,-0.25568755,-0.29922029,-0.82899438,-0.72406234,-0.072518319,0.11289797,-0.037513285
20080837,before,-0.82846671,-0.25785964,0.55515714,-0.71488043,-0.11116156,-0.34316763,0.54927285,-0.60832874
20080849,before,-0.74030762,0.27566059,0.45079803,-0.68845706,-0.24643319,1.2570097,-1.0745533,1.1354945
20080867,before,-0.061885905,-0.37700465,0.41784173,0.033940388,0.89079893,-0.93109,-0.4237481,-0.23622347
20080882,before,1.6433415,0.34162063,-1.1041945,-0.60697153,-0.97709812,0.60800158,0.23407185,1.2274927
20080889,before,-0.95827283,-0.042700026,-0.11669086,-0.40148365,0.089925136,-0.37503185,-0.61741862,-0.61187995
20080894,before,-0.24547477,0.58145242,0.77821785,-0.77608108,-0.78647655,0.52476444,-1.3737681,1.0076993
20080898,before,-0.71473908,-0.13641708,0.26140311,0.37792596,-0.0034436959,-0.64128936,-0.2173219,-0.32104855
20080909,before,0.32414137,1.0171826,-0.59884145,0.30302996,0.57376612,1.4351321,0.31836238,-0.0018852391
20080919,before,-0.45567135,0.16711942,-0.36910266,0.47513348,-0.015612098,0.34098005,-0.99567248,0.15425457
20080921,before,-0.79041022,0.29990355,-0.42842265,0.5487849,0.54159016,-0.23660446,-0.48082822,-0.71768797
20080923,before,-0.52757922,0.85500207,0.54912929,0.65582536,0.82076148,0.36583626,0.18568616,-0.48533941
20080924,before,0.047995002,-0.74980078,-0.15125336,1.4004931,0.41370505,0.76980937,0.45137884,0.56915732
20080943,before,-0.49423481,-2.096956,-0.20512823,-0.80100929,0.77075299,-1.2151186,0.50696874,1.9845037
20080945,before,0.012259297,-0.42817576,0.10221746,-0.7666366,-0.18787215,-0.55909565,-0.42820327,-0.2851856
20080959,before,-0.83716905,-0.68744474,0.015706198,0.45701806,0.037686714,-0.22223186,-0.84426466,-0.52501636
20080964,before,0.45279258,-0.37770255,0.73514732,0.86702442,-0.55174555,0.70179291,-0.28710019,0.17043747
20080967,before,-0.33853984,0.43966451,-0.25013811,-0.99742953,1.1120517,0.801279,-0.50778801,-0.16556155
20080969,before,-0.85868564,-1.0939616,-0.55955945,0.5568603,0.30958993,0.088703198,-0.31799994,0.49703231
20080975,before,1.0704466,-0.3853566,-2.8016333,2.619113,1.3057728,1.7325875,-0.75513288,-0.65667362
20080979,before,-0.71394952,0.2729505,-0.56345009,-1.1042842,0.58358389,0.59093738,-0.32260493,-0.24813625
20080982,before,-0.9183655,-0.3383614,0.23829006,0.12354282,-1.0746921,0.36527689,-0.51518085,0.45082533
20080986,before,1.2148089,-0.18206904,2.0055675,0.14486882,0.24080206,2.3333181,-2.5008771,1.1710957
20080990,before,-0.48077881,-2.0767046,-1.4372342,-0.04678368,-0.90178478,0.82656521,2.393153,1.3936144
20080999,before,-0.88237017,-0.45730189,0.090515749,0.61026227,0.23185737,0.074281827,-0.37568617,-0.98228051
20081004,before,0.08938491,-0.49798002,-0.032944372,-1.2576092,0.69891835,-0.013871907,-0.4589558,-1.0353113
20081010,before,1.0737665,-0.13488118,-1.2576463,-0.35328263,-2.0256088,-0.031433322,-1.3559637,-0.35632647
20081020,before,-1.0504643,-0.21965062,-0.33042178,-0.33509272,-0.6348395,0.69591059,1.0074191,0.076081381
20081022,before,-1.3251623,0.27179939,2.7555296,0.85685776,-1.7509994,1.0237983,0.66572547,1.5020309
20081032,before,0.060130065,2.0624311,1.7954865,-0.51145712,0.80355556,-1.3876041,-0.17041505,-1.3179656
20081041,before,0.33742508,-0.29304646,-0.65563247,-0.86370822,-0.35106443,-0.27395808,-0.26718875,-0.87735205
20081078,before,-0.33216257,-0.38392709,-1.0185642,-0.70466915,0.17814737,0.365652,-0.37945336,-0.18606744
20081095,before,-0.75745148,-0.48148825,0.14694899,1.0430777,-0.24737282,-0.55814131,-0.062313431,-0.38970485
20081103,before,-1.0935824,0.014737074,-0.28073269,0.010810982,-0.2341253,-0.65473187,0.91846275,0.080162219
20081122,before,0.12717782,-0.69137559,0.25741913,-1.1884388,0.13930811,-0.1864753,0.13790353,0.30185758
20081125,before,-0.52052942,0.82442634,-0.37604205,0.67354148,0.15474322,-1.5081501,-0.80761194,-0.786696
20081132,before,-0.47170313,-0.037735954,0.048427657,-1.2183819,0.72115628,-0.17231548,-0.32551562,-1.2173385
20081138,before,0.55979997,-0.20391701,-0.46538655,0.17723611,0.98242157,-0.37635901,-0.59760711,-0.20738064
20081142,before,0.9007135,-0.30208961,1.6902481,-0.043244276,-0.16916711,-0.049719516,-0.51997486,-0.41351259
20081146,before,0.75901537,-0.69235316,-0.60182593,0.72592034,0.78842976,0.32801232,0.09868151,-0.72717967
20081147,before,-0.65265242,-0.19605311,-0.46265823,-0.99835512,0.54259276,0.90929757,-0.71511768,-0.22479842
20090004,before,1.121138,-0.23688895,0.97351825,0.050411985,-0.25422173,-0.98118885,-0.88293477,-0.29409644
20090009,before,-1.7894196,0.35307386,-0.38561905,-0.72415683,-1.3196664,-0.34708137,3.0286937,-0.12191359
20090012,before,0.73606062,-1.3095451,-0.72554076,-1.0547826,-0.33164997,-0.58976091,0.55078771,-0.2188278
20090014,before,-0.74895175,-0.77057264,-0.091207797,1.4204525,-0.20679817,0.58171708,-0.6466322,-1.0630912
20090017,before,0.57916353,-0.16048081,-0.44743108,1.5640356,0.091977597,-1.1212813,-0.30520116,-0.75760413
20090020,before,-0.089155645,0.46025343,0.24442409,-0.24707847,0.19918496,0.37602244,0.06322104,-0.23476542
20090024,before,0.91009701,0.034716208,-0.55666434,0.19590304,0.62862786,-1.9257403,-0.62852685,-1.2093557
20090026,before,-0.59266768,0.32523468,0.048185881,-1.1266267,0.49423711,-0.73005843,-1.0471483,-0.78083121
20090033,before,-0.4706294,-0.068550833,0.15283297,-0.029954182,0.14915326,0.36970212,0.066637226,-0.21252006
20090040,before,-1.0629608,-0.47086586,0.45440127,-0.92249167,0.25014357,0.38454127,-0.29099644,0.17915929
20090041,before,-0.75231252,-0.14451536,-0.04708199,-1.0370533,0.45063725,-0.063676947,-0.77541981,-0.31115419
20090049,before,0.55287283,0.2905427,2.6015895,0.46227366,-1.345243,-0.22932626,-2.7686748,2.1105007
20090054,before,1.61543,-1.7661714,-1.9547618,2.6492923,1.3404627,0.80964233,-0.78388404,-1.66184
20090073,before,-0.15003027,2.2263672,-0.3123225,2.0198839,0.97505994,0.064605136,-0.52050853,0.9845328
20090078,before,0.34102579,-0.032829133,1.4684894,0.074478483,-1.0707995,1.0963466,-0.62315863,2.2294723
20090087,before,-0.98194736,0.054734386,-0.53369608,-0.026957568,0.044231524,-0.32661989,-0.3658334,-0.38588004
20090090,before,-0.66809115,-0.66451021,-0.2726242,-1.2528012,0.50316913,-0.67904681,0.033018042,-0.25101602
20090093,before,-1.0438931,0.073954533,0.91012044,1.3680609,-0.23204376,-1.6578711,0.39464513,-0.41312323
20090097,before,-1.0382248,0.012839157,-0.002605886,-1.0789419,0.058214982,0.44552211,-0.20658953,-0.64592624
20090100,before,0.12662377,-0.40854832,0.61226939,-0.91440878,0.2405865,-0.45453325,-0.34205559,0.43930226
20090111,before,0.83715805,1.0941302,-1.044524,-0.11190202,0.94535793,0.11322701,0.35058849,0.18810181
20090117,before,-0.48208777,-0.84665553,0.83840186,-0.61993359,-0.29175614,-0.76731494,-1.025285,0.26341443
20090130,before,-0.33654863,-0.5299927,0.053054482,-0.53902118,0.16156443,0.4980546,1.2937608,-0.98085859
20090133,before,2.2632117,-0.78093494,1.0472421,-0.9325274,1.4513342,-1.341619,0.13121755,0.29155764
20090140,before,1.3377943,0.86004054,-1.1851955,-0.19879916,1.529155,-0.044977826,-1.9265502,0.11134203
20090143,before,-0.4598093,1.6030001,-0.068250242,0.7176549,0.84810336,0.33332082,0.11629173,-0.016616937
20090164,before,-0.50944308,0.40873879,1.472281,0.93975603,-0.57048639,-0.33291788,0.62790695,0.63881642
20090175,before,1.2835744,-0.69339963,-0.20407695,-0.59095051,-0.25409263,-1.6745027,0.17598891,-0.88860845
20090187,before,0.50161682,-0.47113856,0.12182768,-0.25437453,-0.57443856,0.56878997,-0.62912747,0.56684902
20090191,before,-0.90343964,-0.21311937,-0.3329703,-0.75871153,0.49445045,-0.47321388,-0.35867204,-0.63768749
20090193,before,-0.5100731,-0.40426319,-1.3398568,1.0731025,0.14514004,0.87720864,-0.92690252,-0.0060891414
20090198,before,0.90204397,1.5312291,0.88869142,-0.14821044,-0.26523239,0.63040714,0.57737369,0.26317217
20090200,before,-1.2790129,-0.45978904,-0.67019533,-0.20184152,0.46243987,0.43633999,-0.68308488,-0.73423198
20090205,before,0.6570714,0.28214464,0.23262898,-1.0118083,-0.53831724,0.36894792,-0.43214388,-0.33241964
20090207,before,-1.2368415,-0.57880676,1.5671263,-0.23471542,0.21537341,0.94264976,0.3922133,1.1998674
20090211,before,0.35930042,0.87167736,-0.40758073,-0.14530573,0.5878547,1.5126739,0.13521787,0.74411863
20090224,before,-0.11456206,-0.19742836,0.17143236,-1.2650069,0.83858852,-0.30280981,-0.47025654,-0.94402547
20090237,before,0.49586068,-1.3185072,-1.1043476,0.98122031,0.32583077,-0.7589871,-1.2274583,0.85741611
20090247,before,0.70833048,-2.0932039,0.54850256,-1.5465805,1.463359,-1.9717346,-0.45927249,3.2618629
20090256,before,-0.54268932,-0.45544517,-0.17936645,-0.33048058,-0.24040072,-0.43885656,-0.6820107,-0.3430141
20090264,before,-0.45916701,-1.4500971,0.32769257,-0.5675099,0.56816136,-0.565814,-0.15969516,1.6976822
20090269,before,-1.0562496,-0.88554483,-0.11129587,1.1661698,0.19099258,-0.94264379,0.25238376,-0.55629809
20090270,before,-1.0886469,-0.10472313,-0.14557214,-0.70307506,0.02284933,-0.083849428,-0.69734196,-0.6995429
20090272,before,-0.85475077,-0.036848224,-0.5405798,-1.0539932,0.55776546,0.16380809,-0.56831837,-0.41260668
20090278,before,-0.35476118,-0.38608015,0.40405389,0.30268469,-0.53468714,-0.21649393,0.52388565,0.41537695
20090294,before,1.8839513,1.2325951,-0.20291887,-0.36832147,-1.829568,0.61814752,-0.72729903,-0.17324021
20090297,before,-1.6950538,-0.82915066,0.082236985,1.2000941,0.66504889,-0.92268369,2.2030938,2.3079647
20090307,before,-0.21463514,-2.6590238,0.67972295,-1.4460382,2.0303924,-2.0882324,3.1609506,6.8981509
20090314,before,-0.88047903,-3.7019532,-1.1991507,1.4235357,0.94331809,-1.0508924,1.888266,4.5874438
20090319,before,1.3444754,0.3294782,-1.6457405,2.8111716,2.6013176,0.21316504,0.20132146,-1.6067182
20090333,before,-1.2725501,-0.286464,-0.40856539,-0.21247133,0.13495897,-0.26084627,-0.4779122,-0.39814442
20090343,before,-0.66540627,0.15803425,-0.08384559,0.0012425685,-0.24970676,0.090105902,-0.022356057,-0.024528059
20090345,before,1.6623386,0.75161822,-1.4642281,0.97492725,2.1018731,-0.43116951,-0.15540371,-1.1918394
20090346,before,1.6957738,0.0089159109,-2.8111453,1.3189647,0.0018420009,0.37209039,0.17192337,-1.6064096
20090354,before,-0.8521222,-0.60999251,-0.36480969,-0.039130381,0.14327441,0.41771842,-1.5062602,-0.42311065
20090362,before,2.0651816,-0.093522521,2.3571398,1.8572705,-1.812863,0.73693311,-0.60480388,0.55459711
20090363,before,1.6799199,-0.85987479,-1.4881896,0.50617745,-0.56929456,0.098148951,-2.6033103,1.6106115
20090366,before,-0.94592771,-0.84859879,0.91578618,-0.23226339,-0.35841978,-1.1388795,0.38541797,0.58784717
20090370,before,1.1180213,-1.9610073,0.028116882,0.90988475,1.6306502,-0.94117829,1.6459757,2.2839253
20090376,before,1.1264825,-0.56393392,1.579152,0.0054199372,0.55380419,-0.10976433,-1.795615,1.2405634
20090379,before,-0.92433903,-3.0924785,-1.0923219,1.8891124,0.12047668,1.4418385,0.10336792,0.027409546
20090385,before,2.6193681,-3.1101139,-2.0750375,-0.0042785499,-0.13874855,-0.29090746,-1.5061927,1.2436622
20090393,before,-0.95460402,-1.0316405,0.81814041,0.73063184,-0.11206033,1.0723623,0.16268483,0.25353519
20090417,before,0.89341519,2.2695862,-1.9617454,2.0461127,1.8240196,1.6591599,1.3554354,0.11954683
20090427,before,1.8121277,0.86346985,-0.39172214,-0.10124624,-1.3390254,-0.38078527,1.2898749,-0.12987951
20090434,before,2.0129976,-0.77368563,-0.7706279,-0.60096947,-0.49486101,0.20253925,-1.4910753,-0.055638203
20090437,before,-0.37198917,-1.1444081,1.2175398,0.094650006,-0.1291401,1.8034257,-0.32008572,1.2766335
20090447,before,-0.528176,-1.8640332,-0.81814595,2.7639388,-0.074221375,0.48691712,-0.4378881,-1.2610367
20090460,before,-0.27295095,-0.27584234,0.65761252,-0.69294021,0.032262997,1.3955121,0.16374116,-0.098992639
20090469,before,-0.2465623,-0.63596944,0.32862008,-0.24734065,0.1756841,-0.044139787,0.27304236,-0.66357307
20090475,before,-1.3918195,-1.7673738,-0.17718961,1.1775291,1.127567,-0.51509627,0.46893995,1.6698954
20090477,before,-0.25915409,-0.75922914,-0.074112073,-0.81499497,0.21179967,-0.40057444,0.098179038,0.23202735
20090486,before,1.7064618,1.532491,-2.5907965,-2.0332932,-2.9422961,0.71081031,2.005101,-0.71457724
20090494,before,-0.97574641,-0.41041194,-1.6007892,-0.47192647,0.39398724,-0.57816263,2.2460122,0.88432498
20090502,before,-1.1606899,0.064182365,-0.69521077,-0.64188176,-0.16448026,-0.33841596,-0.13543108,0.026708094
20090508,before,-0.12999164,1.185973,-0.28502855,-0.14943005,0.73053136,0.76409709,-0.66299906,-0.087679224
20090514,before,-0.87281376,0.026792431,-0.89640359,-0.67098517,0.043137923,-0.28873787,-0.10855292,-0.57323161
20090521,before,-0.61150977,0.10546434,-0.42073556,-0.054193582,-0.11934432,0.11625593,-0.29647995,-0.35929049
20090537,before,0.41399531,-0.60469323,0.23614941,-0.272411,-0.76612815,-1.5437991,-1.5073603,0.84540255
20090538,before,-0.41554434,-0.26767205,-0.12653643,-0.55188006,-0.32154603,-0.50068328,-0.45255965,-0.093915264
20090541,before,-1.0030563,-0.035655762,1.1567287,0.12740686,0.081192976,0.87484547,0.88016015,-0.32348874
20090553,before,0.37802784,-2.6067891,-0.68119345,1.5612332,1.1213711,0.77371127,2.1843118,0.58169949
20090578,before,-0.53825905,-0.23908134,-0.51282666,1.194593,-0.52524091,-0.30462126,-0.35265635,-0.53970614
20090588,before,-0.28839296,-0.85312816,1.0132791,0.70336261,-1.3267231,-1.0002927,0.042973618,-0.3446002
20090591,before,-0.71656221,0.48170996,-0.1960343,-0.49351866,-0.033860624,-0.62220225,-1.0331403,0.29207424
20090598,before,1.0539694,-0.16760096,-1.354559,-1.6431343,-0.91141374,-0.05666367,1.05965,-0.42664605
20090608,before,-0.47537533,-0.011051166,0.50712383,-0.39222528,-0.11289136,-0.66163118,-0.091026692,-0.4642617
20090612,before,-0.61727387,-0.53221418,0.28881522,-0.31558692,-1.005457,0.26945289,-1.4280446,-0.3621939
20090614,before,0.58681551,-1.1097225,0.94621924,-0.049349321,0.59148285,-0.063735364,0.2157022,-1.3543139
20090615,before,-0.18478967,0.29412466,0.17481676,-0.12552199,-0.7590605,-0.97788891,-0.39135198,0.060207598
20090622,before,1.1553456,0.20437247,0.020939538,-0.0018587407,-0.52170076,0.39873079,-0.48013559,-0.36541934
20090623,before,-0.27267745,0.19453927,-0.81975865,-0.33914011,-0.2423999,-0.53973197,0.49498025,0.1025873
20090629,before,0.022903137,0.66330527,-0.36875985,-0.18059367,1.5197896,0.46070144,0.67553806,-0.70968221
20090636,before,0.59617313,0.45817218,-0.65506579,-0.43470689,-1.5912232,0.61613369,1.6049716,-0.57134321
20090648,before,-2.5093886,-1.1366509,-2.035043,1.0589437,-1.8291087,0.75822415,3.9486064,1.0987217
20090651,before,-1.2721797,-0.67380009,0.016559,-0.080806635,-1.065295,0.5642333,0.4954453,1.8887176
20090676,before,1.5686165,2.0020183,0.17189112,-0.60161743,0.60194375,-1.9213332,-1.5356014,-0.80658476
20090679,before,2.1934563,-1.4498294,0.94031455,-1.1957444,-0.67915428,1.057617,3.5426836,-0.041543819
20090697,before,1.5976698,-1.227093,-1.458025,2.1938151,1.0821434,-0.54218411,-0.65772322,-1.9039699
20090705,before,-0.61830012,0.73013739,0.097548242,2.1681848,-0.89375107,-0.59296002,-0.29591219,1.4135396
20090712,before,-0.23650325,-0.31809701,1.4996164,0.89081888,-0.56317768,0.78290379,0.12094629,-0.55887748
20090719,before,0.36468145,-0.13199634,-0.57879148,-0.75229065,0.0092411151,0.30061107,-0.62234511,1.1626061
20090723,before,-0.7198502,0.45571959,0.067316747,0.13136823,-0.48447486,0.19282768,0.30134879,-0.63288387
20090732,before,-0.75562138,-0.29229133,0.38843374,-0.069693348,-0.6290171,-2.1577815,-0.095729332,-1.3688935
20090736,before,-1.0358127,-0.64274812,0.58312732,0.11977996,0.38775266,-1.1648791,0.64648654,0.013282134
20090742,before,-0.069338081,1.1192604,-0.98426965,0.53734903,0.87371713,1.5516923,-0.76347169,1.7738095
20090745,before,-0.78061337,-0.24646944,0.27486199,-0.14050785,-0.18392267,-0.17770821,-0.2061644,0.43277933
20090750,before,0.54931989,0.44037416,-0.90360327,-0.032651994,-1.08727,1.0515931,-1.7223154,-0.26012079
20090757,before,-1.0057621,-0.26342101,-0.51522348,-0.010248418,0.19801559,-0.25541932,-0.37571474,-0.65583273
20090765,before,0.33947663,-0.31482104,-0.052486514,0.73845405,-0.8464297,0.57834193,-2.2677908,1.2051337
20090771,before,0.54177045,0.41412753,0.32200446,-0.032994159,0.61191718,0.04091499,-0.63448729,-0.89910786
20090774,before,1.1917326,0.21633396,0.64092754,0.36551054,-1.4548338,0.50140915,-0.69790329,0.22112612
20090787,before,0.54311396,0.82707794,-0.40299674,0.076849393,0.055419944,0.7125675,-0.22888961,-0.044705116
20090794,before,1.4252761,0.074973631,-1.2417985,0.74781157,-0.92593725,-0.26733726,-0.59235359,0.2738563
20090801,before,-1.0187282,-1.0641568,0.25707702,0.33323341,-0.0738624,-1.0042523,0.66822853,0.36792587
20090805,before,-0.786421,-1.7245113,0.94722955,-0.059476188,0.68617135,-2.5156203,0.72649887,1.8804618
20090814,before,-1.1379842,-0.19308179,0.091367724,-0.7033246,0.13615839,-0.69495146,-0.3552322,-0.56838581
20090826,before,-0.66353609,0.83088509,-0.40090507,-0.55005514,0.3151195,0.97736637,0.14105769,0.79543874
20090827,before,0.74778366,1.2416213,-0.19013828,0.40181188,1.3364565,0.00036518812,-0.43179354,-0.41120464
20090830,before,0.60100245,1.5909239,-1.1319965,1.2602626,0.87251722,-0.65450869,-0.342327,-0.26982034
20090841,before,0.57956951,2.1919045,-1.2998427,-0.39550906,0.19005932,-2.8013224,0.11801243,2.1406755
20090852,before,-0.22082931,-0.62589179,-0.59958318,-0.75098559,-0.22389307,0.027437702,0.013272195,-0.29325355
20090859,before,-0.65338014,-0.026949592,1.3373759,0.15733699,-0.22548272,-0.0082504789,-0.048683447,-0.7442786
20090862,before,-0.74544372,0.82417483,0.69601726,0.48504121,-0.086649689,-2.1830961,-0.0025848661,-0.64769139
20090865,before,-1.3372385,-1.0427437,0.62991628,-0.090175488,-0.52764904,0.089208346,2.524169,2.680556
20090880,before,-0.018689611,-0.57926836,0.68542455,0.089839382,-0.24589866,-1.2941086,-1.3630333,0.067851073
20090887,before,0.93489891,2.0124726,0.21662972,0.29889461,0.23414443,-0.90893576,-0.13572769,0.3566715
20090894,before,0.63655893,0.75756682,1.4893847,0.72772751,-0.14567644,1.7720284,0.38038708,-0.78033529
20090898,before,0.99502771,1.5554123,0.20358923,1.2696515,1.0221839,-0.85398719,0.9315154,-1.0838987
20090906,before,-0.15000243,0.033909514,0.055223144,0.29688522,-0.019531354,-0.18627527,-0.0098410595,-0.071415354
20090907,before,-0.40670276,1.0275126,-0.85035644,-0.72446835,-1.9765942,2.6211076,-0.17672846,-2.2416091
20090910,before,1.6114953,-0.516924,-1.8640677,-0.67869812,-1.5133499,1.7211883,1.8452577,-1.4578229
20090927,before,0.88250993,-1.3260302,0.52731783,-0.12364539,-0.046931669,-0.40566926,-0.19733269,2.4897371
20090934,before,1.0727284,-0.71208466,1.4692099,-1.0968923,3.2070551,3.1094979,1.4715249,-1.4359486
20090944,before,-0.54420249,0.058734461,-0.64163084,-1.0510806,0.39735652,0.48856075,-0.17291606,-0.17648296
20090946,before,-0.071918108,-0.10897173,1.8489475,0.80440856,0.12779679,-0.97742243,0.51282869,-2.2221979
20090950,before,-0.92471543,0.26554397,0.88330466,0.0093964806,0.20291588,1.3735937,0.66340846,0.4234912
20090969,before,1.6760213,-0.79833549,-0.84635456,-0.14903435,-0.67245487,0.36707184,-0.51755216,-0.71272379
20090973,before,-0.56964539,0.81307642,-1.2723275,-0.24941384,0.8491645,0.11182326,-0.12723926,0.31883664
20090989,before,-0.39572174,-0.51385315,-0.57738918,-0.27084628,-0.20820386,-0.065097764,-0.65971961,-0.57797507
20090990,before,-0.88317529,0.46885798,-0.37927422,-0.63283265,0.50537764,-0.35954528,-0.082380359,-0.64272516
20090996,before,-0.63639021,-0.39408763,-0.11470817,-1.1393151,0.60586557,-0.17030689,0.17753618,0.84557201
20091005,before,1.6059176,1.1116847,-2.5868334,-0.99617583,-1.2859644,-1.4897708,-0.68697257,-5.091235
20091007,before,0.60333453,-0.77220873,-0.45858756,-0.38273531,-0.094239987,-1.0026659,-0.46386116,1.311167
20091018,before,0.031634591,-0.63162761,-0.4766195,-0.61427326,-0.54431441,0.26162498,0.11350552,1.1012795
20091022,before,0.24962219,-1.4935625,0.43928892,1.1043719,-0.63465728,0.72744098,0.21463592,-0.40973603
20091031,before,0.62605239,-0.1657483,0.34155212,0.28142786,-0.47525151,-2.0190868,1.0054766,-0.10702962
20091038,before,0.22285082,-0.16192287,0.061752967,-0.0728823,-0.65459895,0.58525375,-0.14117656,0.46682971
20091040,before,-0.72990387,0.22401989,-0.73810781,0.7396277,0.38403955,0.57960877,0.76976361,-0.011864654
20091045,before,-0.26900706,1.6126766,-0.26892483,-2.0214359,-1.8934248,0.075961733,0.47134909,-1.8039128
20091053,before,-0.3439541,-0.24038211,0.048128122,0.32131323,0.17291466,0.52783575,-0.69208177,0.094842532
20091065,before,-1.475554,1.3215752,-0.53918935,-0.64763657,0.38181278,-1.422847,1.1457297,-0.40968972
20091071,before,0.70508306,-0.055448961,-1.4307452,0.92237745,-0.41701066,0.17397992,0.7732575,0.34236803
20091073,before,0.3498192,-0.5499296,-0.045608502,-0.34302874,0.19578419,0.36152875,0.56221569,-0.41664672
20091075,before,0.074309467,0.021079082,-1.1071421,0.60485588,0.81968213,0.76054886,0.44432439,-0.14226131
20091085,before,1.4043224,-1.1316264,-0.2604373,-0.92837437,-1.1766106,0.80860686,0.9533875,-0.5075842
20091088,before,-0.66865044,-0.83021429,1.2658546,0.1562023,-1.0961526,0.72506512,-0.84692097,0.10378863
20091095,before,0.50958849,-0.33348128,0.18890053,-0.97462877,-0.86334728,0.39668924,-0.20588506,-0.42799714
20091109,before,-0.75047078,-0.028241211,-0.99397625,-1.0083205,-0.050878459,0.68411707,0.25646125,0.082049292
20091111,before,0.14047422,-0.091780525,0.99348559,-0.56297284,0.18003621,0.98614896,0.33624084,-0.44078961
20091114,before,-0.060323013,-1.4698297,-0.33954055,1.3988899,-0.11144737,0.84209774,-0.080432173,-1.6190291
20091118,before,1.0709941,-0.95240617,0.099609568,1.8201147,0.55080668,0.84831342,0.86232023,-2.0854998
20091124,before,0.53205659,-0.80707644,0.37689572,0.010848113,-1.0061917,-0.036883159,-0.78874579,-0.94788567
20091135,before,-0.47301635,0.92377084,-0.84941425,-1.1225618,1.2975846,0.33304597,-0.043945377,-0.2089876
20091145,before,1.5083837,-0.16064629,-0.5848376,-1.2152401,-0.77996161,0.056739862,0.8540685,-0.75648407
20091152,before,-0.48505576,-0.24047182,-0.33884944,-0.69530956,-0.34235545,0.16539671,-0.40144019,-0.4890845
20091164,before,-1.1536714,-0.018561734,-1.2742396,-0.91427064,0.71758652,2.0899865,0.44263034,0.26897652
20091165,before,-0.39738259,0.33273416,1.4821973,0.49842602,0.43438997,1.9470038,-0.92578559,0.56544298
20091169,before,-0.22245107,-0.49078854,-0.15269563,0.72233505,-0.80516804,0.4467085,0.091647094,-0.073798655
20091172,before,-0.65525553,0.21562398,0.085695141,-0.53333092,0.55818114,1.0406001,-0.34287186,0.40830806
20091183,before,-1.1326516,-0.036038433,-0.080049927,-1.0071148,0.58846022,-0.2346244,-0.56742073,-0.71693849
20091192,before,-0.13762056,-0.52690131,0.21346606,-0.32440905,-0.10987736,0.86357091,-0.46883374,-0.81638232
20091196,before,-0.46387942,-0.90279425,0.63592077,-0.40365239,1.721657,-0.29726332,-0.56276746,2.5513649
20091198,before,-0.52554098,0.13132105,1.0243018,0.54973033,-0.130745,-3.6764861,0.75917265,-1.7022875
20091201,before,1.3100341,0.18466838,-0.89943773,-1.0193578,-0.68466356,-0.8453362,-0.91903746,-1.3011463
20100003,before,-1.2275266,0.30800855,-1.5645402,3.1073219,-0.56026387,-2.6464555,1.723469,2.2015329
20100009,before,-1.2174388,-0.23172531,-0.42441656,-0.78446549,0.8446297,0.68624796,-0.11034334,-0.17334522
20100011,before,0.0089588977,-0.067526375,0.45986429,-0.015643836,-1.4296485,1.2224282,0.17710872,0.40185994
20100015,before,-0.76925693,-0.29108958,-0.089474575,0.12629329,0.12891401,0.14991407,-0.45726557,-0.55564599
20100021,before,0.055756035,0.33406618,-0.45929406,1.5892178,-0.65951422,0.45900384,-1.2416551,0.81481392
20100022,before,0.48871816,0.76975301,-1.165404,-0.56019783,2.3245434,-1.0739064,1.1559146,-0.31887823
20100026,before,1.5904764,-1.5638703,0.17493451,-1.4011533,0.73866637,2.3377412,0.51936311,0.22613639
20100035,before,0.98539281,0.075941019,-1.3792157,-1.6714731,-0.11242064,1.5234427,-1.8065727,0.73763932
20100041,before,-0.437914,-0.3476063,0.17710254,-1.1842235,0.50093283,-0.12167041,-0.29187172,-0.3551377
20100042,before,-0.57280347,1.4531484,-0.15568492,-0.26626865,0.51565668,-0.2328331,-0.75752095,0.18324534
20100048,before,-0.48215372,0.38725013,0.65118843,-0.10125244,-0.27848397,-1.1342618,-0.86148616,-0.42088481
20100050,before,1.9213357,-0.19844143,0.71078456,0.0067912997,-1.1603845,-1.0670946,-0.098581798,-0.049783185
20100056,before,-0.4796922,-0.52185855,0.30195455,0.1298348,-0.16971965,-0.84977046,-0.27450803,0.54464629
20100059,before,-0.52951701,0.26756208,-0.33537276,-0.85079926,0.37631817,-0.26001917,-0.79186264,-0.55409672
20100064,before,-1.0184802,-0.021044417,-0.28110647,-1.2413907,0.6227425,0.022013852,-0.73249466,-0.87561911
20100069,before,-0.46612262,-0.93973792,0.62285579,1.3953517,-1.3006438,0.86904703,-0.35992084,-0.9689737
20100077,before,-0.47824514,0.094707825,0.20826031,-1.1725905,1.1955705,-0.39181676,-0.011047014,-1.036966
20100079,before,0.90041764,0.24197694,0.27971594,-0.56587062,-1.1780289,0.36467921,0.40208074,-1.0968554
20100083,before,-0.90610744,-0.34615704,-0.13858764,0.066114788,0.90180105,-0.77326116,0.44774531,-0.32384431
20100087,before,-0.30898169,-0.80871332,-0.025319689,-0.49509064,-0.76148273,0.24223545,0.53451832,-0.60910932
20100093,before,-0.82362121,0.0089665192,1.1905911,0.39319969,0.38702047,-1.2101868,0.97869569,-0.2866918
20100095,before,-0.78190555,0.26200968,0.23806123,-0.28225779,0.50657625,0.053278385,-1.3593948,-0.14511906
20100102,before,-0.73942607,-0.59810525,0.63386512,-0.54115197,-0.42700695,-0.39620575,-1.0690178,1.5611988
20100105,before,0.52770196,-1.3140631,1.4130429,-0.032534829,0.67006618,0.58444721,0.62856469,-0.60527424
20100108,before,-2.4290073,1.8610816,1.1067574,-0.22065703,-4.117292,3.8551391,1.3564146,1.0427683
20100112,before,0.95257204,-2.1238232,1.2132664,2.2114808,0.45031106,1.3787118,-0.063849355,-2.9050691
20100133,before,1.0111636,0.84080057,1.336038,0.48037757,-0.5548818,-0.31565915,0.11721942,0.32087653
20100135,before,-0.5270796,0.035794529,0.36477827,-0.8522679,-0.15306365,0.34560916,-0.048706872,-1.0813908
20100137,before,1.0810039,0.29621635,0.3930825,0.34136013,2.7558729,1.3953406,0.36712662,-1.5492352
20100138,before,0.66991914,0.19687109,-1.7464527,1.5163868,2.3159708,2.9981264,-0.78620603,-0.12759484
20100144,before,0.37799057,1.2115748,1.2522473,0.30082306,-0.23642521,-1.520972,1.0019565,-0.79347879
20100149,before,1.6464073,0.26008768,-1.1253131,-1.4747084,-2.3515572,0.54835157,-1.6141209,-0.52847923
20100158,before,-1.0029395,-1.9107338,-0.17807034,0.26225337,0.54885226,-0.60422043,0.0094863928,0.85208459
20100173,before,-1.0188623,-0.23385735,-0.18047369,-1.1960012,0.53470752,-0.2261112,-0.15650907,-0.48717513
20100192,before,-0.49900607,-0.55838146,0.94681795,-0.30096451,-0.28944669,-0.73605145,-2.0101638,1.411941
20100196,before,0.15112571,-0.45692995,0.80738389,-0.7005966,-1.0870259,-0.59682875,-1.2168468,-0.49891209
20100208,before,2.0939878,0.8423134,3.5230349,0.76494786,2.4222775,1.1198763,1.2032946,-2.4884602
20100209,before,1.166122,-2.091407,-0.67403317,1.0553268,-1.3305459,-0.071601407,-1.4500935,0.20783681
20100219,before,-0.23572305,-0.52557854,-0.13426353,-0.29289618,0.43387958,-0.39432693,-1.1422315,0.26273796
20100222,before,-0.4635318,0.78484736,-1.4054458,-0.0085483296,0.097638434,0.86109998,0.26707511,0.55764955
20100223,before,-1.4354843,-0.43167791,-0.91276412,-0.31672165,0.7609957,1.1152198,-0.017109937,-0.22212488
20100234,before,-0.39331685,-0.36327012,0.52239326,-0.51866032,-0.17228897,0.21982795,-0.63998602,-0.59958535
20100249,before,-0.82590113,0.8744441,0.031721091,-0.4438247,0.019681919,-0.59565906,-0.26078855,-0.26904895
20100257,before,-0.68846161,0.48178697,0.76394912,-0.16003936,0.41712483,-0.52430395,0.72761463,-1.1992879
20100260,before,-0.0589231,0.89652878,-1.3343799,0.61285713,-0.35484035,-0.27101095,-0.18004237,0.17397592
20100269,before,0.04841089,-0.75152896,1.8426449,-0.041036952,-0.42607326,1.0439234,-0.16107752,0.63422908
20100290,before,-0.071945072,-0.79340406,-0.05966667,-0.89669654,-0.047710584,-0.43824258,-0.36278104,0.88553083
20100304,before,-0.60274867,-0.55929583,0.012574916,-0.13570129,0.01386625,-0.67703868,-0.47201147,0.06021518
20100312,before,-1.1276213,0.41478719,-0.59225782,-0.5583551,-0.033417376,-0.093535708,-0.65365436,0.17454567
20100320,before,0.4897564,0.5698653,0.79193514,0.47995095,-0.59424088,0.77312356,-1.2262186,-0.76747576
20100321,before,0.15244008,1.5214755,1.9312138,0.41845478,-0.53711809,-0.27214091,-0.65421948,0.79127913
20100322,before,0.10574223,-1.0368878,-0.26283118,0.37171581,-0.41559091,0.32793313,0.0027112456,-1.2851859
20100323,before,-0.38671931,-0.97411551,1.5492498,0.56492238,-0.16981719,-0.38786955,-0.032540554,-1.9084716
20100328,before,0.27206554,0.80344871,-0.49211159,1.2200773,-0.21409081,0.57362191,0.34043293,0.36116171
20100350,before,-0.32796932,-1.0371054,0.94412367,-0.66331986,0.45139969,-1.7544574,0.60398401,1.7886738
20100355,before,-0.68113322,-2.553581,0.6833071,0.28636189,1.8727251,-1.2754468,-0.27746032,3.0606191
20100371,before,-0.39353677,-0.51030075,1.8203421,-0.094823986,0.81509153,1.4509328,2.9258386,-0.75778051
20100376,before,4.4610293,-3.5304178,0.10872823,0.21909968,3.0258557,-1.7448205,0.51243784,1.8142116
20100379,before,-0.22159481,0.096708476,-0.59621369,1.1778457,-0.23657196,-1.7240163,-0.22059604,-0.75854819
20100385,before,-1.2933048,-0.5756399,-0.78569566,-0.2846465,0.1477212,-0.40635044,0.014806018,-0.51734127
20100418,before,2.5645937,1.0965931,0.52416567,0.33306154,-0.41273719,1.9619537,-3.0765184,1.039479
20100436,before,0.55767933,-1.5794321,0.96772388,-1.4073722,1.1036565,-0.47111603,-0.96882628,1.2999893
20100437,before,0.4321615,0.89771326,0.10088997,-0.38863511,-1.0394022,0.52401129,-0.67890545,0.61393566
20100445,before,0.26141324,0.15866911,-0.61971555,0.06381079,-0.57040545,-0.29568797,-0.95743094,-0.41789018
20100453,before,1.7218761,-1.520562,-2.6726604,-0.83573917,0.21537332,-0.19756585,1.0536712,2.7248192
20100459,before,2.666593,-0.78698356,-0.91283269,-1.019524,-0.63240215,0.54131856,-0.17287335,0.60791188
20100481,before,0.91334752,0.21884791,-1.6382397,-0.31490681,-1.8691071,0.21589424,-0.11013924,-1.5443786
20100491,before,-0.56847045,0.5824619,-1.3364663,3.9594554,-1.8654107,-1.8000484,0.51038347,0.5232754
20100502,before,0.69690843,-1.5172912,-0.389201,-0.14453694,-1.2435108,-0.81118324,0.82751446,-0.11433713
20100507,before,-1.0478844,-0.5804053,-0.43036908,0.41150581,-0.27926732,0.66130658,-0.60909429,0.1281409
20100510,before,-0.025954286,-0.48308874,1.0760135,0.28412795,-0.37922178,-0.40027331,0.087443499,-0.50161363
20100534,before,-0.23880544,3.3591296,-0.074355803,0.7184108,-0.43590232,-3.7011366,0.71400061,2.7287674
20100540,before,-1.1161701,-0.038429964,-0.1468851,-0.069115524,0.8710018,-1.8979433,2.0349101,0.0045244977
20100541,before,0.96064935,0.053464276,-1.3445466,1.0977269,-1.3935529,1.4769916,0.37101213,-1.8485049
20100543,before,2.090722,1.9883396,-2.441558,1.5105644,-0.59669328,0.5391864,-0.21154524,3.1503495
20100545,before,-0.2259051,-0.36707501,1.7614574,0.10519952,-0.50158284,-0.21427309,0.11290946,-1.4765637
20100560,before,0.81826,-0.42626347,0.82854676,-0.38193598,0.44005885,-0.46512088,0.21180511,1.6749262
20100583,before,-2.6920164,-2.2634136,-0.58479484,0.31090234,-1.0448776,0.1186016,4.5114509,-0.17555425
20100596,before,-0.18331847,-0.22418137,0.92443822,0.035548533,-0.43298556,-0.12592387,0.32679984,0.55619915
20100601,before,0.59721009,-0.72474423,0.04334255,1.9816284,-0.2604595,-0.10168077,-1.236967,0.71686678
20100609,before,1.4674128,-0.38081787,-1.9366422,-1.1320627,-3.7812023,3.0109579,1.8128151,-0.55166221
20100650,before,0.68123683,-0.9120166,0.8530876,0.57297291,-0.51385468,0.6155133,1.1474789,-0.39227351
20100651,before,-0.18022619,0.88618543,-0.25989704,-1.0908316,-1.0714051,1.0285924,0.77643087,-1.2400238
20100655,before,1.4107169,1.644021,0.25351338,1.5105745,0.26390813,-0.0045545272,-0.33480954,0.034054
20100664,before,-1.0151398,-0.015579773,-0.11617583,-0.85279349,0.093043412,-0.80514659,-0.26249039,-0.54897697
20100675,before,0.72720143,0.027438202,0.89117428,-0.018531848,-1.0544733,0.29003706,0.039835809,-1.4299706
20100676,before,0.13601464,-1.2443981,-0.17214879,-0.072582381,-0.11674519,-0.31848356,-0.035005113,1.6949621
20100680,before,-0.24191722,0.93555185,-1.2268426,0.54338802,0.72101658,-1.9665382,1.2116251,1.1981175
20100682,before,1.3953941,1.0934075,1.1448012,0.45440334,-0.27125291,1.1033381,2.2366627,-0.15774124
20100690,before,1.6806707,1.5167038,-2.0736677,-1.1134518,-2.8545499,-1.6485457,-0.84976162,-1.7486987
20100705,before,-0.24381681,-1.7787075,1.5858834,0.97294247,0.39952581,-2.7711877,-0.57997444,1.5806586
20100707,before,-0.99886661,-0.70835932,0.35039684,-0.18796624,-0.1140388,-0.11891288,-0.086686415,0.13184185
20100714,before,-1.5345497,-0.38847242,-0.31914367,0.071241651,-0.78554978,-0.36024798,-0.74595942,1.0021545
20100715,before,0.37145483,-0.042237123,-0.0063277596,1.050221,-0.94668259,-0.027962533,0.14639695,-0.43856949
20100718,before,-0.10592723,-1.2560466,-1.0510499,-0.59029701,-1.031642,0.17543508,1.6596421,2.3320386
20100730,before,2.5521958,-0.37302493,-1.7693708,-0.19988885,-0.9700909,0.064395305,0.019876872,-0.10083144
20100731,before,-0.22520965,2.2874335,-0.83311201,0.73302758,0.5611772,0.21260619,-0.973483,0.13144012
20100735,before,-0.61384871,-0.42994596,-0.90506505,-0.53349334,-0.07837848,0.66465311,0.86703838,-0.23209322
20100744,before,0.84299828,-2.3704376,0.93513193,-0.67257831,1.6321358,-1.2455617,-2.7705458,3.3696348
20100745,before,-0.88036472,-1.397925,1.7626054,0.70744564,-1.9957523,0.85472701,-1.3989528,0.93622448
20100751,before,-0.79286903,-0.071498796,0.092185822,0.24773169,0.27497139,0.62818319,-0.2677465,-0.4033771
20100759,before,-0.71532832,0.1168061,-0.053804785,0.23776567,-0.58663524,-1.2824578,-0.25904642,0.35367122
20100760,before,-0.72787118,-0.37178054,-1.4963131,0.85991747,-0.34442016,-0.41815619,0.98568317,0.027815631
20100761,before,-0.92254224,0.069089055,0.96618236,0.32722794,-0.3639659,0.02525729,-0.041558909,-1.1708503
20100769,before,-0.97014123,-0.10897239,0.5616927,0.98292301,-0.59047606,0.72618049,0.34742508,0.069746028
20100772,before,1.1190808,0.85143295,0.54970455,0.41616424,-1.9244778,0.71138387,-3.0113065,-1.1319636
20100803,before,-1.0171706,-1.1112961,-0.036379511,2.0156795,0.08454385,-0.91507432,0.67955264,-0.87638838
20100814,before,2.2036698,-0.3911799,-0.78686531,0.046011413,0.61720158,-2.6785382,-0.6561717,1.0154412
20100822,before,0.68440996,-1.5492021,0.40711022,-0.57742887,1.1646162,1.3602773,0.18511946,-0.96532185
20100833,before,0.79713342,0.92425193,1.6442064,-0.3167761,0.22414418,0.23934121,-0.19473305,-2.0385372
20100840,before,-0.89500853,-0.23473486,-0.053272858,1.7237437,-1.2113647,-1.8393854,0.9481401,-0.405384
20100843,before,-0.7727536,-0.36097999,2.3365369,0.18269476,-1.1748715,1.0883617,-0.80315525,-0.91555621
20100845,before,-0.61177062,-0.30928613,1.1646673,0.46998331,-0.061322729,0.95005061,-0.7151278,-1.0277297
20100850,before,-0.70039828,-0.84521919,0.58714067,-0.035768506,-0.1138934,1.1869779,-0.71578227,-0.40969208
20100851,before,-1.0667961,0.21900107,0.013695616,-0.36931682,0.41105235,0.24876057,0.61249071,-0.016985036
20100862,before,-0.68298875,0.81519028,-1.1125818,-0.86643246,-1.3601509,0.57378663,1.1877749,0.95404559
20100867,before,1.3162835,0.087619803,1.1123458,-0.81729683,0.3743324,-0.79378296,0.49211663,-0.45136546
20100872,before,0.50031048,0.88241972,1.4682546,0.17797448,-0.042335122,-0.19405307,-0.16401797,0.51596626
20100877,before,0.46456914,1.7965416,-1.3877684,1.8851537,-0.69150221,-0.42084172,0.82297388,0.76166537
20100880,before,-0.3802614,1.1484004,-1.3386571,-0.63091947,1.4076311,1.4959681,-0.020791412,0.41314087
20100896,before,0.63896712,-1.5887982,-0.48401597,0.19111725,-0.51458907,-1.3202291,-0.05767477,0.1643077
20100897,before,-1.1525358,-0.50202251,-0.14709804,0.521246,0.089450517,-0.59099878,-0.32006428,0.26540073
20100901,before,-0.28961662,0.70220502,0.25561486,0.72586441,-0.66931738,-0.85951404,-0.35218082,-0.53610304
20100905,before,-0.40606953,0.42403977,-0.47495856,-0.14807685,0.46469842,-0.42377925,-0.035145502,-0.10558371
20100917,before,0.30895791,-0.76792222,-1.0485105,-1.6305738,-1.427121,1.0523471,0.95907052,0.83830331
20100924,before,-1.0609713,-1.9837886,-0.29567238,3.5841355,0.35938136,-0.21082089,0.27003908,-0.68836408
20100929,before,0.35942341,1.4825785,0.12945454,3.7695537,0.53503775,0.4313897,-0.089615347,0.2087908
20100937,before,-0.3754303,2.3705082,0.17984317,1.1982847,1.2556832,-0.79617617,1.0081634,-0.059909325
20100953,before,-0.15372195,-1.1445588,-0.061213827,-0.64004976,0.13818017,-0.44151357,0.63085491,-0.081647242
20100954,before,-1.2995974,-0.77316988,0.78787717,-0.2387368,-0.57244722,0.81659708,-0.27376303,0.03114175
20100959,before,-0.11113456,-0.17484331,1.9523584,1.1635902,-1.1603226,2.1157047,-0.71037007,-1.0990953
20100960,before,0.39353869,0.40267719,1.5893647,-0.40600108,-1.069242,1.5165443,-0.67865543,0.92788621
20100974,before,-1.0932114,-0.16444079,-0.49870956,-0.026881237,0.14247048,0.18004227,-0.26228653,-0.40574903
20100983,before,0.87945997,-0.50727685,-0.64557099,-1.5309375,2.4893059,-0.76553055,0.60026066,0.63541681
20100997,before,-0.33941219,-0.75526003,0.73137213,-0.82835884,-0.083265115,-1.215423,-0.95799496,0.98085102
20100999,before,-0.98417764,-0.0037969748,0.030505383,0.099347599,0.31770955,0.90119701,0.00061466315,-0.53416402
20101006,before,-1.0412557,-0.40209639,-0.83238327,-0.64049423,0.67637752,-0.66069653,0.77036972,0.014843863
20101019,before,0.85938978,0.6108577,-0.3769231,-1.2584042,-2.6058465,0.65057489,-0.15535421,-0.82241094
20101027,before,0.60681092,0.42579738,1.0931118,1.5749094,-0.54905705,-0.56980016,0.58604308,0.80275978
20101034,before,1.6213427,0.19994854,-0.78265798,-0.31387497,1.4086072,-1.6206984,-1.3938071,-0.99735434
20101036,before,-1.1381129,1.3096254,-0.97872911,-0.36903863,-2.039758,1.1606253,1.5241189,0.20584755
20101040,before,-0.77593745,-0.42591381,-0.036936473,-1.0090642,0.46463258,-0.33589501,-0.22461293,-0.07042308
20101053,before,-0.32192177,-0.36469697,0.39868285,-0.68074863,-0.60934839,0.4877103,0.038766901,0.43415185
20101055,before,1.1286329,1.1864348,1.4021999,0.52302696,1.824789,-2.6593782,-0.29475678,-1.5520726
20101064,before,0.84995998,-0.23826126,0.17180919,-0.22192139,0.38973148,-0.83738533,-2.3645493,0.96236608
20101068,before,-0.5145068,1.0085615,-0.65148888,-0.36096526,0.32252715,-0.24876125,0.11528166,-0.056388371
20101069,before,-0.035779079,-0.39618807,-1.2641749,1.2770761,0.77720561,0.99504925,-0.77099034,0.39458997
20101072,before,-0.94445199,-0.45865852,-0.4333711,-0.57564527,-0.65093787,0.51755773,-1.0351032,-0.6398665
20101078,before,-1.0051114,-0.86317246,0.24025854,-0.22197546,0.89001529,-1.2456557,0.27166638,1.0205745
20101090,before,0.65439838,-1.0357804,0.55971295,-0.18878156,0.22057259,-0.12553694,-1.3596223,0.96948446
20101091,before,-0.65594972,-0.59289865,0.18985615,0.407227,0.047834489,-0.18263392,-0.26014751,-0.48026823
20101094,before,1.7415744,-1.0517026,-0.33584638,0.46945235,1.5753986,-0.027921083,0.21969881,-0.48779683
20101110,before,-0.65518196,-0.068742352,-0.25924859,0.50823375,-0.13166308,-0.60773769,-0.36828653,-0.60446555
20101114,before,-0.31709634,-0.5461929,-0.35049206,0.42690417,-0.02590104,0.062824591,-0.49967514,1.8042253
20101141,before,-0.045276625,-0.35475999,-0.19117115,-0.93262054,0.25534595,-0.38319204,-0.72845222,-0.36526254
20101143,before,-0.62306766,-0.23751309,0.68480786,2.1075953,-0.45906525,0.39235615,-0.0031716492,-3.2249849
20101146,before,-0.023827584,1.8340395,1.5037958,1.1316559,0.5986996,1.0212753,-0.030243447,-1.0187003
20101148,before,2.5246908,0.22937165,0.73479267,1.8765892,1.406295,1.4027398,1.3342671,-0.68224207
20101159,before,-1.6179057,0.237957,0.88947201,0.11717946,-0.50748658,-1.0011218,1.8280862,1.700483
20101161,before,-1.1194133,-2.4022301,1.1539196,1.7457039,-0.63418861,0.16703667,0.25567204,-0.0055473542
20101166,before,-0.63001063,-0.30287566,0.17510142,-0.65011855,0.39545383,0.068422515,-0.63020691,-0.16195477
20101168,before,-0.90412629,0.083483084,-0.14737033,-0.43945284,0.20764686,1.3358271,-0.66575332,-0.19272115
20101169,before,-1.0775135,-0.72356777,0.84826179,-0.13593252,0.3897036,-0.18894615,0.13192587,-0.72437851
20101174,before,-0.81556579,-0.03545489,-0.63626164,-1.2821867,0.70486825,0.38004225,-0.41252454,-0.43752344
20101185,before,-0.50540061,0.2211416,0.25299183,-0.46909521,-0.60341184,-0.4739084,-0.58985488,-0.36261796
20110008,before,-0.95984896,-0.10376939,-0.13700895,-1.31677,0.63006112,0.0090899515,-0.54712181,-0.7026457
20110010,before,-1.2381801,-0.33734415,-0.038012533,-0.39902737,0.049211513,-0.38398954,0.085180571,-0.18190037
20110013,before,-0.71828363,-0.23347728,0.31316632,-0.59473215,0.20950825,-0.47132276,-0.48937561,-0.2022494
20110017,before,-0.96287922,-0.045430946,0.090353341,-1.2494611,0.50595401,-0.40120903,-0.36751469,-1.1190593
20110026,before,-0.7730273,0.59356644,-0.60372518,-0.30942173,-0.56788576,0.23462042,-0.58681575,0.87751037
20110030,before,-0.32429025,-0.54690777,-0.51419439,-1.3094497,0.61081457,0.14394012,-0.10040444,-0.89097312
20110037,before,-0.044435464,-0.15872268,0.08070825,-0.53625422,-0.28361356,0.17820007,-1.3201827,0.22329543
20110040,before,-0.43272385,-0.62329913,0.030989788,0.16639256,-0.28877168,-0.10100372,-2.8845169,0.4040023
20110043,before,-0.84363141,0.21352545,0.76407696,0.1368876,-0.20196804,1.8364585,0.12407657,-0.36226776
20110047,before,0.017097309,-0.70417296,1.0617085,-0.70308655,1.1228853,1.6707031,0.1294427,0.67682818
20110051,before,0.46521863,-0.16678057,0.50284616,-0.75888263,1.2603004,-1.3557473,-0.12144123,-1.1601869
20110056,before,-0.10185746,-0.28429552,-0.11541511,-0.70610618,-0.62698987,0.67227568,-1.8320694,-0.56586851
20110060,before,-0.93912091,0.63969893,-0.37216321,0.26319488,0.18597739,0.12856616,-0.61808616,0.11445038
20110064,before,-1.0836631,-1.5680213,0.20035058,1.2052856,1.029732,-1.2913494,1.0032097,0.16766491
20110066,before,-0.83685775,0.3116317,-0.21282355,-0.8628404,0.41943379,-0.68082636,-0.67156194,-0.89165174
20110072,before,-0.20442815,0.71545751,0.020791277,1.3033454,-0.38471096,-0.54191125,0.28690752,0.038361397
20110073,before,-0.61515644,0.58005658,-0.2685873,-0.56490275,0.57357032,0.33714053,-0.59349846,-0.033155797
20110077,before,-0.068236384,-1.1535758,0.18908717,-1.3956937,-0.24346734,-0.36778901,0.19539194,2.0576213
20110080,before,-1.1205789,-1.5182978,0.24277367,1.211875,-0.38971722,0.047346008,-0.13805693,-1.4844088
20110082,before,0.017193676,-0.37514585,0.57720001,0.58757742,0.11552227,-0.37358209,-0.6697032,0.064680204
20110089,before,-0.72958728,-0.66051108,0.62140993,0.65358102,-0.18290434,1.0521782,-0.47896101,-0.59904707
20110093,before,0.2596009,-0.60917363,0.26338512,-0.89498342,0.565362,0.3861477,-0.22604819,-0.067156836
20110098,before,-0.92976257,-0.47568836,0.028671448,-0.75829132,0.3880813,0.14404102,-1.317175,-1.0015681
20110104,before,-0.33513866,-0.21195384,-0.33472796,-1.043412,-0.077061036,-0.0038683834,-0.61972908,-0.68869543
20110118,before,-0.97496279,0.63033766,1.254103,-0.7583372,-0.23045323,-0.094885157,0.63014595,0.039539649
20110128,before,-0.26178394,-0.38258131,0.54745144,0.80929286,-1.4300213,0.5100776,-0.98343503,-0.7402508
20110140,before,-1.1296656,-0.09745208,-0.096466439,-1.1547567,0.27670152,-0.67206927,-0.64019572,-0.58490108
20110149,before,-0.90478102,0.073351137,-0.4426789,-0.14659805,-0.047686611,-0.57855718,-0.65745972,-0.77415817
20110153,before,-0.74690806,-0.058205076,-0.17612177,-0.96269129,0.54880341,-0.42514987,0.10969837,-0.85817738
20110157,before,-0.4004164,-0.33186657,-0.17853718,-1.0574373,-0.14702201,-0.024719076,0.17175963,-0.58742671
20110165,before,-0.18891899,-0.071596962,0.68884569,0.68091844,-0.54341963,-0.81356835,-0.5252417,1.0396155
20110166,before,0.30504476,-0.60260317,-0.51713389,-1.6354846,-0.94062057,0.0064776387,-0.56428823,0.56650878
20110169,before,-0.99471301,-1.663716,-0.75234059,0.031199571,0.16964898,0.46371425,-0.73124637,-0.43215927
20110172,before,-0.80831149,0.24615708,-0.59754175,-0.52603605,0.22782916,-0.098090141,-0.66095896,-0.54221411
20110176,before,-0.29931551,-0.76926881,-0.37169634,-0.57642203,-1.1169897,0.68873351,-1.8296883,2.0453572
20110177,before,0.48731474,-1.4525031,-1.0991552,1.2676728,0.0075435661,-0.58503548,-2.3114571,1.1697654
20110190,before,-0.90818493,-0.20644494,0.18796725,-0.27158118,0.19707856,-0.17153966,-0.26867424,-0.60375164
20110205,before,1.953945,-0.87437654,-0.68404409,-0.66332969,-0.87346271,-0.69154358,-0.58762503,-0.42881594
20110213,before,1.3863769,-1.6467445,-1.9348942,1.5709285,2.0188931,0.047134493,-0.61227022,-0.11159329
20110219,before,1.7003012,-2.3289124,-0.32475729,-0.99720604,-0.09635464,0.026107817,-0.60645443,1.4656823
20110235,before,-0.87105801,-0.52512822,0.37560154,0.97410725,0.37230886,1.2819046,-0.17353046,-1.1703076
20110236,before,1.264137,-1.2316335,1.112646,0.48570227,-2.0262473,0.71143568,-1.526127,1.1813644
20110241,before,-1.3656818,1.6750041,-0.57691468,-2.2876884,-2.8116205,0.86118063,9.8359712,-0.7462364
20110244,before,1.7195479,-0.6445044,-1.909392,-0.10429669,-3.4588346,0.76007904,0.17776406,-1.4259486
20110248,before,-0.16081091,-0.34175708,0.5832016,-0.34219123,0.61608274,0.47381937,0.28574495,0.73176095
20110255,before,-0.26134798,-1.0271269,0.68273361,-0.092192466,0.47086138,0.16469358,1.0568347,-1.1390709
20110259,before,-0.13978084,-1.627422,-1.0377759,-1.3990445,-0.036355894,-0.56451643,3.5010047,1.3159151
20110269,before,-0.8816148,-1.973116,1.1730678,2.0654679,-0.97984406,0.28213117,0.41135941,-1.3302858
20110270,before,-0.87772545,0.10738851,-0.26482117,-0.19386525,0.15737634,-0.26181632,-0.62235469,-0.74888291
20110277,before,-0.11041314,-0.66364111,-0.25872812,-0.8978262,-0.072289404,0.16843571,1.1626398,0.15943341
20110283,before,1.9261721,0.1827468,1.4020657,0.43301179,1.5237091,-1.0600002,-0.84601074,-1.1299912
20110286,before,0.85963212,-0.18269106,1.1040025,-1.1773055,1.261808,-0.034847944,0.94508274,-1.0508226
20110294,before,-0.78229502,-1.3699337,-1.3230008,0.033038403,-0.93237754,1.639229,0.23288831,0.15458889
20110299,before,-0.97444485,-0.44457487,-0.071934957,0.70989446,-0.70166126,-0.55081884,0.68640582,0.99043765
20110303,before,-0.26185442,3.5332318,-0.95674849,-0.069344117,1.2234589,-1.1194332,-0.26477227,1.3082847
20110304,before,-1.055236,0.063956525,0.2609176,-0.59885935,-0.28369861,-0.30419708,-1.6854767,-0.48069202
20110306,before,-0.11646844,0.52527554,0.16263314,0.4483749,0.053029477,0.12328747,0.090088356,-0.53469406
20110314,before,2.62443,-0.22033588,-1.0175998,-0.66298251,-2.1547266,-0.36964733,-1.1883062,-2.3605144
20110323,before,0.89319743,-1.0731883,-0.5177454,-0.4944364,-0.30038433,-0.76907846,-0.19210314,-0.17063767
20110332,before,0.32888509,-0.62865782,0.52966207,-1.6532203,1.0323701,-0.28904288,-0.0071942233,-0.11947635
20110335,before,-0.58897941,-0.76224935,3.201403,0.27533203,-1.6370066,1.9180821,-1.3572651,6.1538484
20110342,before,1.2253413,-1.6747126,-1.4396722,-1.3778823,-0.3059913,-0.0026097209,0.69899386,-0.46177345
20110351,before,1.4214611,-0.35099212,-0.13867835,0.7063151,0.42486815,-0.41645829,-0.50343558,0.83052575
20110358,before,-0.27525335,-0.43400377,-0.36814335,-0.39391707,-0.064331905,-0.077800033,-0.23556476,-0.24708595
20110362,before,-0.89344618,0.09817286,0.26164599,-0.64859408,0.073133869,-1.0170806,-0.30094226,-1.3033641
20110365,before,1.4042588,-1.3443905,-0.028760433,-0.69781025,1.2414309,-0.33494004,0.86424102,3.2487012
20110374,before,-0.76213845,-2.8580881,-0.46016009,1.5434644,-2.5739379,0.30922051,1.4046025,-0.80095702
20110398,before,0.74716177,-0.61661975,-0.3149273,-0.39756645,-1.4430854,-0.28745223,0.22465243,-0.85073099
20110407,before,0.24395854,1.252658,-0.56357297,0.060106681,-0.057878182,-1.3768898,-0.050493957,-0.012357538
20110424,before,0.14251755,-2.2029229,-1.4770023,3.1129769,0.99825736,-0.25497522,-1.998203,-2.4346911
20110427,before,-0.25722976,-0.0066420568,1.937367,-0.0019514634,-0.2132784,0.84787338,0.63161879,0.72847916
20110443,before,0.13058517,-0.56830777,-0.41733179,0.28713382,-0.16261763,-1.2883319,0.32761238,2.3007529
20110445,before,0.86004141,-0.88712411,-1.2779829,-1.560892,-0.39809478,0.32468902,1.0272189,2.1955108
20110459,before,-0.33043979,-0.61351336,0.29227981,-0.87232501,-0.49497958,0.39361031,-1.197431,0.95984324
20110472,before,-0.71918603,0.031440783,-0.36221958,0.31841048,0.019805784,0.56873974,-0.16141966,-0.079434031
20110475,before,0.8102361,-0.20303515,-0.4918906,-0.41743909,-0.50284132,0.78315632,0.31372974,-0.35260068
20110485,before,-0.45694421,-0.93597921,-1.0103152,0.98402426,0.045794328,0.86845266,-1.7178932,-0.17461377
20110486,before,-0.89562235,1.9598524,-0.85140383,-0.1224426,0.67206059,-1.0726854,-0.05731128,0.61619785
20110494,before,1.2288037,-1.4412573,0.24486634,0.22046805,-1.1002959,-1.5820852,0.36898348,0.85775301
20110501,before,-0.63724827,0.394979,-0.51023112,-1.6097747,-0.67606402,-0.35367354,2.9781819,0.26645362
20110503,before,-0.99439001,0.42355308,-0.13361398,-0.34741717,-0.10955114,-0.88274502,-0.75759918,-0.21488889
20110504,before,0.97987405,0.51566439,-0.37096333,-0.12649805,1.1501303,-0.46671395,0.35588125,-1.3178713
20110505,before,-1.4048981,-1.4569953,1.0361145,0.50558442,-0.59914473,0.66391985,-0.21234781,-0.65717737
20110508,before,-1.2338566,-0.34944894,-0.077217208,0.038564309,0.17328461,0.0710301,-0.0027798131,-0.46030175
20110518,before,-0.6624399,0.5545905,-0.18997288,0.65218085,0.29646409,0.28340271,-0.18516538,0.026230071
20110519,before,-0.74872427,1.4522393,1.259701,0.037145577,0.24609379,0.14006388,0.030526152,0.37554011
20110523,before,-0.27758294,0.94756029,0.26341278,-0.5539683,-0.090444535,-0.95750641,-0.36994628,-0.5827427
20110524,before,-0.8468658,-0.79767772,-0.54499714,-0.13683574,0.29386355,0.87081876,-0.24493709,0.097915888
20110532,before,0.46559901,-0.38578736,1.4288471,-0.65354934,2.2326313,1.7595771,1.9798086,-0.86468805
20110538,before,0.74619728,0.036031512,1.3792813,-0.41784661,-1.3034557,1.0046281,0.66579968,0.062806356
20110541,before,1.6261712,-1.9262625,-1.9136608,-1.05283,0.019290706,-0.56155702,0.957094,1.0339757
20110550,before,0.20191587,-1.1994722,0.30635405,-0.8667322,1.492524,-0.252415,-0.13480609,1.4593979
20110572,before,-0.46838817,-0.32987267,1.272634,-0.3514401,0.66329986,0.69042418,0.34750052,-0.81045692
20110573,before,3.021261,0.50688243,-0.72142417,-0.94442801,-2.5184871,3.073802,0.22991345,-0.36995148
20110579,before,0.45603727,-0.60636345,-2.5766669,-0.9125427,-4.8911855,1.9907545,2.0722426,-1.1883429
20110583,before,0.62129492,-0.50389212,0.78965249,-0.42515255,-0.50901522,0.35111377,0.14067833,0.41562181
20110587,before,-0.12324174,-0.49379925,-0.25909284,-0.63344647,-0.14506275,-0.30914513,0.1076151,0.90133875
20110598,before,0.063802338,-1.8461668,0.55204599,0.35159121,1.3755572,-2.6304132,0.74385907,2.2644233
20110614,before,-1.1302626,-0.60071556,0.14682874,-0.73070333,-0.15626162,-0.48722486,0.0083598221,-0.5033973
20110617,before,-0.36694461,0.041430672,0.68791887,-0.35228501,0.39120559,2.4074435,-0.20230079,-0.18003608
20110629,before,2.615553,4.0166996,0.76031661,-1.514192,0.018190027,0.528872,-0.79922782,0.37195502
20110635,before,-0.081866735,2.0472104,-0.67493655,-0.94887571,-1.611571,-0.36242613,-0.14970597,-1.2513414
20110644,before,-0.50476362,0.29432666,0.18939971,0.91745257,-0.96675954,-0.82415921,-0.64647148,-0.61029139
20110649,before,0.20131945,0.36369829,1.0659194,-0.59201829,0.98882338,0.24880992,0.89662588,-0.46885552
20110655,before,-0.82086919,-1.1635443,0.66454467,0.51810654,0.43901457,-1.646283,-0.44396086,0.97706904
20110659,before,-0.52912865,2.2213171,-0.46326567,2.7594225,0.33804234,1.3581153,0.7270194,1.3861739
20110666,before,5.1586659,1.9524016,-1.2417473,0.25631402,0.28295418,-0.64678041,-1.3312052,0.93959835
20110669,before,0.21318564,0.4754545,-0.34960161,1.7257551,1.4974105,1.0805799,0.72512948,0.31354076
20110677,before,2.5205589,-0.86047049,-0.048462103,0.5766956,2.6991392,-1.4976322,1.112396,-1.4984369
20110679,before,0.97981338,-0.8794085,0.81292092,0.16004323,-0.3027402,-0.21520821,1.3050114,-0.38365446
20110691,before,-0.024285842,-0.38646892,-0.2196524,-0.99939052,0.71705254,-1.2310604,0.89845334,0.59485604
20110695,before,0.22665246,1.4775574,0.68251976,-0.065680031,-1.9179958,-2.2008928,-0.68689379,0.12639956
20110699,before,-0.81788309,0.33570583,-0.89816658,1.0040333,-0.16702945,-0.18811624,-0.94135403,0.29785845
20110713,before,-0.97293882,-0.4251762,0.62146536,-0.32218318,-0.41485866,0.24349443,0.59313215,-0.80470327
20110715,before,0.88961789,-0.90941547,-0.10860887,0.0087046165,-0.57382291,-1.1648292,-0.28329163,0.25528488
20110719,before,-0.06379,-0.11447262,-0.29708419,0.76115476,0.35714975,0.27177701,-1.5355283,-0.70391852
20110725,before,0.24114093,1.0646349,0.38290818,0.030749923,-0.74548575,0.21952481,-0.16719371,0.96874004
20110749,before,0.30388507,1.4782353,-1.4464279,-0.97770036,-3.9826372,-0.31702206,0.39521236,0.5357988
20110762,before,-0.73984737,0.042567898,1.4252272,0.13214929,0.49899769,-0.49613921,0.70425498,-0.62331699
20110770,before,1.6294122,0.82022482,-1.6971959,-0.57320212,0.39641414,1.2908369,-0.25510302,0.71622705
20110774,before,3.2472427,-1.9433297,-1.4253466,-1.0881945,-0.17068926,-0.95633768,-0.85933864,1.1299456
20110783,before,-0.64634641,0.24225172,0.42480151,-0.6882778,-0.034546583,-0.21120905,0.076726466,-0.27174966
20110785,before,0.48137702,0.092520541,-1.1616545,-0.7020501,-2.6945782,-0.037515855,1.5944199,-0.19581434
20110787,before,0.73296968,-0.42459835,0.28667637,-0.50360209,-2.2455261,0.97785329,1.6721519,-0.6868954
20110802,before,-0.49349979,-0.5384423,1.0899367,-0.27787833,0.059179199,2.5083923,-0.074059381,-1.185617
20110804,before,-0.56017248,-0.070271665,-0.33607999,-0.3723912,-0.095880247,-1.0883948,-0.626671,-0.37640357
20110813,before,-0.38090423,0.078723044,-0.80977011,0.18646594,0.28941864,0.047650551,-0.19180972,0.35593443
20110817,before,-0.60124543,0.11426762,-0.42945044,0.77195856,-0.15141172,-0.3824901,-0.45778986,0.0071544587
20110822,before,1.3160991,-1.799926,-0.55017016,-0.92633059,1.008284,-0.61605454,-0.47905,2.7399423
20110830,before,0.34353462,0.385436,0.47401723,0.032967789,-0.75590745,0.27016387,-1.247573,-0.1919036
20110838,before,-1.1197174,0.15321995,0.33334807,1.2705802,-0.10988902,0.26797124,0.64633076,-1.0807663
20110844,before,1.7592013,0.37509929,4.3382437,-0.068917716,1.0438891,4.1066217,0.72402055,4.6281132
20110850,before,0.016221073,-0.08434998,0.51170582,-0.25781799,0.089616972,1.0398855,-0.097790821,0.084383241
20110880,before,0.38757715,-0.83872355,-0.39010869,0.11843438,0.41932212,0.43530558,0.61303599,1.0952948
20110888,before,0.12609173,0.010273068,0.064885427,-0.83122728,0.13292772,1.1680668,0.36273038,0.38136074
20110899,before,0.72899164,-0.10222284,1.1231721,-0.25869281,-1.4271081,-0.61733852,-0.38119813,0.64148715
20110900,before,0.43834392,2.4825852,0.19916385,-0.2961108,1.2927971,0.58639986,0.10316558,0.56188043
20110908,before,-0.11021722,2.0654119,-0.76274164,1.1191899,0.44558346,-0.011273962,-0.20081819,1.1245469
20110932,before,1.6170534,-0.83261022,0.91355413,-1.1541795,0.3138271,-0.46776495,0.02174135,2.2847841
20110955,before,-1.1079643,0.71212875,-0.0096479259,-1.3743526,0.050866854,0.051155356,1.1407205,0.60046165
20110959,before,-0.1817937,-1.4012336,-0.2870159,1.7738757,-0.44944712,1.1214457,-1.4457342,-0.12910266
20110962,before,0.60250002,0.33866061,-1.4131088,0.40692178,1.8421726,1.7853195,1.7141858,0.80598815
20110977,before,-0.13941715,-0.58684452,0.12729407,-1.1438163,0.33793223,-0.011022534,-0.37167563,-0.045736391
20110986,before,-0.74349953,-1.4437221,0.20515224,-0.45785415,0.60269329,-1.4375963,0.041888958,0.65297822
20110990,before,1.4881393,-0.39282444,-1.0603158,-0.49331018,0.52882387,0.47544819,0.4582486,-1.0097529
20110995,before,-0.50494141,2.0919833,0.29063095,-0.88432683,-0.2323296,-0.63770561,0.12802385,-0.216301
20111005,before,-1.2662969,-0.49363721,-0.25653712,-0.59752841,0.16356579,-0.21280584,0.21057643,0.025906947
20111012,before,-0.32902163,0.38839232,1.1793015,0.47397003,0.66475206,0.19985437,-1.4760058,0.127066
20111013,before,-0.841513,-0.26171354,-0.82397945,0.40075873,-0.30368002,0.93872758,1.268154,0.62066923
20111016,before,0.29899928,0.60304668,1.3845617,-0.65348618,0.95113345,1.8344407,1.3214322,0.40978262
20111020,before,3.0289699,-1.3211282,-0.38482959,-2.4337133,0.13683567,-0.77930544,0.48415604,0.67139058
20111028,before,-0.73226158,-1.0259604,-0.087226706,-0.94371256,0.46806913,-0.55539375,-0.37294158,0.30663617
20111033,before,-0.27717955,0.22318179,-0.1520847,0.65009783,0.02563216,-0.12271489,0.14393075,0.3360264
20111034,before,0.32904133,0.032374241,0.36774957,-1.3850592,-0.69530181,1.1478938,-0.95396423,0.18298507
20111040,before,1.2668001,0.73590534,0.4357687,0.58709994,1.0493613,-0.74577431,-2.5146582,0.62949697
20111044,before,-0.12542173,1.7731389,0.5336071,-1.426674,2.6267869,2.4207954,0.60850386,-0.37628963
20111047,before,0.082368039,-0.56700645,-0.38817918,-1.4091756,0.034002451,0.23083214,-0.11083713,0.58388978
20111049,before,-0.56619179,0.42555937,0.52062578,-0.4849961,-0.47524209,0.4872635,-0.43749953,0.65841176
20111051,before,-1.0567307,0.18402567,-0.36898299,-0.40759498,0.081155279,-0.6184868,-0.029319431,-0.29084031
20111053,before,0.25882086,0.24005748,0.63735634,-0.07422212,-0.77823818,1.1527352,-0.39081841,-0.4963015
20111057,before,-1.9613715,1.8289983,0.9013791,-0.10643088,-1.2574702,-0.71650694,3.6438186,-0.85837578
20111062,before,0.27592384,0.76033001,0.15473914,0.92728205,0.77011019,-0.99943558,-1.0324019,-1.2729452
20111064,before,0.45450169,0.42680292,-1.1638213,2.5125971,0.91120906,-0.62634432,-0.61646821,-1.2885677
20111066,before,1.4074236,-1.4823303,-2.0283427,-0.46813368,-0.18405442,0.19391812,1.3420642,0.13846425
20111075,before,-0.65382266,0.1411309,-0.1662329,-0.81920849,0.41927186,0.15723819,-0.86911404,-0.58905227
20111082,before,-0.8282424,-0.97379206,0.34910637,-0.488951,0.068958353,0.42641868,-0.86885116,0.14053407
20111083,before,-0.41671569,-0.17885155,-0.19628636,-1.0838808,0.26916041,-0.40966636,-0.19370142,-0.040629999
20111088,before,-0.096197292,-1.313163,-0.84180175,-0.34705678,0.14414707,0.41152744,-1.7083756,1.4162224
20111092,before,-0.86349457,0.30867602,1.1401736,-0.52848136,0.06105274,-0.56433882,0.11906634,-0.45429913
20111098,before,-0.30659291,0.54250424,0.60445432,-0.47880553,-0.24558284,1.2029679,0.51698399,-0.77944134
20111100,before,-0.56333808,-0.71847371,-0.65713182,-1.1324374,0.37580685,0.20791077,0.42818801,-0.3305694
20111116,before,-1.3765118,0.72937146,-0.8703275,0.31003846,-0.12388454,-0.76006464,0.274465,1.7360999
20111118,before,-0.96676647,0.61489482,-0.13075639,-1.1555728,0.46170437,0.089861447,-0.70618876,-0.88692375
20111127,before,-0.31192468,1.05038,1.0558574,0.072081617,-0.12131571,0.99516497,0.38239629,0.034955769
20111128,before,0.32409492,-0.38050745,0.35728632,-0.80198267,-1.4401295,1.6103808,-1.0889911,-0.32542948
20111133,before,0.19190406,-0.041438968,0.024386361,0.16898757,-0.56416841,-0.41908012,-0.33124419,-1.1258067
20111137,before,2.7950596,-0.092521134,-2.4654738,0.36358108,2.7525656,1.0631476,-1.2009494,-0.44349113
20111141,before,-0.081197818,-0.86190461,-1.1184722,-0.58946415,0.16420014,0.20438447,-0.51286621,-0.40143907
20111151,before,-1.057392,-0.66067203,-1.4923929,0.82673254,0.23051372,0.65066392,0.053972087,0.0050220273
20120005,before,-0.61332923,-0.31483371,0.18093306,1.2703352,-1.0238157,1.4583824,-0.9573009,1.9156019
20120011,before,-1.0335694,-0.59730608,-0.6873227,-0.39468437,0.10189547,0.20795264,-0.30460161,-0.9681411
20120013,before,-0.81231909,-0.043512149,-0.55926674,-0.97943752,-0.56155993,0.42344956,-0.67673127,-1.140159
20120017,before,1.0193032,2.0102836,-3.1798344,2.8578452,0.63839804,-2.4502706,-0.064312556,0.43577924
20120024,before,-0.2071916,-1.0586691,-1.2160368,0.22786797,0.47617809,-0.58769592,-0.72012154,0.43720869
20120027,before,-0.60250213,1.2172928,0.91384545,-0.35629821,-0.40070764,-0.43299373,0.64450803,-0.11756279
20120046,before,-0.67209789,0.97776802,-1.2204656,1.1616698,0.52008844,0.37380889,-1.0176303,1.1392096
20120054,before,-0.78712896,0.093138825,0.18475822,-0.99886807,0.23401805,-0.24478721,-0.78409913,-0.60526282
20120056,before,-0.96242835,-0.26612928,-0.89593765,-0.0057271796,0.4649229,-0.061337465,-0.48763465,-0.84555824
20120058,before,-1.0866405,0.22635574,-0.17494039,-1.1061083,0.26363282,-0.56064716,-0.61111062,-0.73341462
20120068,before,-0.85386249,0.61628782,0.15652902,-0.82593236,0.42176825,0.85512015,-0.77898656,-0.17918691
20120073,before,-1.0896368,-0.3491015,-0.063550129,-0.70505145,0.44602559,-0.16723013,-0.70903894,-0.69013675
20120079,before,2.6573023,2.1058614,-1.3327792,-0.41415731,2.2233346,-0.97560603,-0.89882185,1.0456625
20120088,before,-0.2364424,0.45551171,-0.15354641,1.0336152,-0.70453022,-0.40837797,0.11625324,0.28085347
20120089,before,-0.38016604,-0.39745469,-0.55405356,-1.3957697,0.44110965,0.47297901,0.0035673482,-0.45564457
20120090,before,-0.56932664,0.93937024,1.7436584,0.28008438,-1.0919164,0.40003708,-0.59887329,1.2786094
20120095,before,1.1428814,0.20465021,-0.29755991,1.5657193,-0.13058454,2.9053693,-1.757614,0.54884573
20120103,before,-0.90965681,-0.034298357,0.32818652,-0.59295003,0.098030676,-0.10956827,-1.2096589,-0.29556636
20120109,before,0.61025259,-1.4915578,2.2336871,2.1527864,-1.6352542,0.66620041,-3.0441883,2.6320355
20120116,before,-1.1189063,-0.62665961,-0.4728343,-0.87544708,0.44778377,-0.22018936,0.37232814,-0.16872344
20120120,before,2.0735129,-0.88833009,0.89322032,0.69855093,-0.61660961,0.85313002,0.014585433,0.81634863
20120123,before,0.044533214,-0.54234578,-0.047921846,-0.80779062,-0.18692487,-0.21562072,0.29732946,-0.29831884
20120129,before,-0.7072807,0.28664473,-0.51445106,0.45050789,0.32527304,-0.65800587,-0.25948031,0.86742038
20120132,before,-1.1017516,-0.19863536,0.55341108,0.074271177,0.21563792,-1.4762506,0.46968364,-0.55792373
20120134,before,-0.85428154,-0.45293591,0.87059158,0.46222948,0.34941118,0.97179495,-0.46252809,1.0998094
20120138,before,-0.389316,-0.079600718,0.43589344,0.10474091,0.39679808,1.7184933,0.0066092974,-0.35471213
20120144,before,-0.73947183,0.84888446,0.054301911,1.8230522,-0.35430304,-1.2503787,0.35910889,-0.12382443
20120151,before,-0.78334459,1.5435838,-1.0025256,0.52428769,1.3540894,1.8013222,0.41256289,1.3429993
20120153,before,0.23662532,2.3348467,0.73552959,0.19494902,0.02544813,-0.22545084,-0.51183757,0.44980078
20120157,before,0.4584398,0.8061441,-0.34582592,1.3750137,-0.6387501,-0.94969251,0.47236327,0.21047591
20120163,before,-0.21511167,1.8352662,-0.45649696,-0.31867097,0.68081596,-1.070597,-0.18599071,-0.14586271
20120172,before,0.14766072,-0.98588088,1.2227143,-0.26991125,1.0438539,-1.9067889,-0.96338463,1.1971337
20120173,before,-0.054391433,0.42193563,0.058792209,-1.326253,1.4795734,-1.1272743,0.95680833,-0.24996224
20120178,before,-0.26799412,1.7552207,-1.0420804,0.35179972,1.5103098,2.1020463,-0.27091897,1.1111335
20120185,before,0.84812555,0.062627701,0.35148805,-0.47590744,-0.85415546,-1.1770458,-0.16315932,0.1140586
20120195,before,-0.83993189,0.42721203,0.62440951,0.040910306,-0.49333418,-0.074776156,-1.4877242,0.039896179
20120199,before,-1.2067485,-0.034164727,-0.46640895,-0.66915328,0.1706904,0.1346466,-0.45661334,-0.44413082
20120200,before,0.19496193,-1.5807566,-1.1247727,-0.62895422,-0.69392306,-0.99012635,1.6903612,1.1341324
20120206,before,0.49519218,-0.27867052,-0.22075048,-1.2740044,0.5282038,0.98441646,-0.17387001,0.98116375
20120214,before,0.34569558,0.34079456,-0.91221498,-0.78533411,-0.56226986,-0.17897506,0.90047051,-0.33357727
20120227,before,-1.6958386,-1.1727136,-0.30422985,0.20718787,-0.74123232,-0.023440867,2.2896141,0.34698066
20120235,before,2.2134168,-3.24895,-1.3328549,1.6629203,2.2949459,0.75327713,-1.8874139,-0.024375736
20120239,before,-0.11618517,-0.79447284,0.137771,0.35386895,1.1412849,-0.53507806,0.20046711,1.1820894
20120244,before,-0.41133799,-0.38301612,-0.098971156,-0.21343593,-0.4593144,0.15693352,0.10604028,-0.33842519
20120246,before,-0.98603668,0.26181352,-1.5081588,0.17003421,0.52789657,-0.11868844,0.63883546,0.29505679
20120250,before,-0.63734251,0.40629045,-0.027023223,-0.20919451,0.027148235,0.35066041,-0.20443502,0.22499544
20120268,before,-1.0326654,-0.043825747,-0.67637537,-0.20634703,-0.29030185,0.0098428269,-0.029286651,0.45528771
20120275,before,-0.31865185,-0.4238871,-0.11568134,-0.72197018,0.26433,-0.74787512,-0.26475858,-0.82943998
20120277,before,-0.23174261,0.22965151,-0.35739916,0.42618345,-0.16036606,-0.065035959,0.1494107,-0.88426373
20120283,before,1.1767755,-1.0138129,-0.67278452,-0.83747265,-1.0219433,-1.979314,0.84073288,0.82270422
20120289,before,-1.4756117,-0.65944683,0.04598479,-0.51168717,-0.21669884,-0.3086142,0.1032212,-0.088395672
20120295,before,0.62150985,0.511578,1.986007,-0.61206707,-0.43296381,0.79471281,-0.12688982,-1.5301543
20120297,before,1.3069916,-0.85190409,-0.049415224,0.35304603,1.2542134,-2.2087707,-3.7985317,0.80865267
20120300,before,0.1628862,-0.25668771,0.7750118,-0.1551241,-0.68384497,0.6244314,-0.6483988,-0.401728
20120312,before,-0.31823437,1.5075959,0.16396944,-0.61356933,0.81745144,0.52759327,-0.76538747,0.93252868
20120317,before,-1.4956437,-0.040416863,0.092067867,-0.63673589,-0.49460724,-0.15756361,-1.1922634,0.05719834
20120333,before,1.3939564,-0.87470273,-1.3392561,-1.7061006,-2.1203181,0.20493949,0.27769784,0.19689752
20120341,before,0.99635036,-0.58281656,-1.8071877,-0.454183,-2.3046564,1.1778866,1.2107841,-0.25011593
20120345,before,-0.53101365,-0.11383317,0.10225825,0.18230995,0.099474179,-0.40454915,-0.65743413,-1.0971585
20120353,before,-0.47408635,1.2585874,-0.26021292,0.024849469,-0.79058435,-2.0312523,0.12422301,0.43126558
20120375,before,-0.98726127,-0.99876545,1.1533657,0.82631512,-0.89942871,0.95667112,-0.091143037,-0.58197851
20120377,before,-1.1230024,0.18137547,0.22440125,0.25097457,-1.420661,1.2995346,0.17659537,0.17103809
20120383,before,0.47133337,3.2894873,-2.2622647,1.9358417,1.7967923,-1.2997628,0.55471239,1.8820444
20120392,before,-0.20638172,0.13357935,-0.46070554,0.023780435,0.31603714,0.48310165,0.38643861,-0.81173845
20120398,before,-0.66373643,0.33382897,-0.77591843,0.39059067,0.38759684,-0.71375814,-0.45710534,0.067976943
20120402,before,-0.22941029,0.037174584,0.025831306,-0.15743133,-0.046150382,1.176906,-0.60257635,1.2576648
20120409,before,-0.0040480934,-0.62459095,0.88345662,0.98055743,0.5529913,-0.80284657,1.1196251,-2.3768768
20120422,before,-0.18362357,0.95848495,0.73120443,-0.74596136,-0.61981606,0.76784132,-0.52030442,-0.12306321
20120441,before,0.29133327,-1.8467128,1.3605862,0.38199779,1.3835083,-0.39199684,0.79057626,0.011873132
20120443,before,0.032777921,-0.46108507,-0.050939067,-0.53750517,-0.23628938,0.38636878,-1.3453532,-0.84720248
20120451,before,-0.21790988,0.3748878,-0.085660957,0.015285837,-0.43292499,-0.60505224,-0.67112602,-0.49339712
20120458,before,1.0637743,0.54889177,-0.3285325,-0.042646861,-0.79087691,-0.13216144,-1.0135014,-0.69086182
20120465,before,0.40566376,-0.1193219,-0.17306051,-0.21606101,-0.38816451,-0.21841556,-0.76892024,-0.38283179
20120478,before,-0.0059075273,-0.99670169,-0.74750184,0.16474084,-1.689359,0.20980185,2.6932448,-0.55018144
20120502,before,0.23991264,3.1796997,-0.3035401,1.7246341,1.6818504,0.087742561,-0.64300404,0.47796983
20120511,before,0.031663765,0.40767936,-0.16068228,0.15781087,0.27642861,-2.1347525,0.41093081,0.0086536904
20120520,before,0.047007391,-0.7818925,-0.16556038,-0.3454292,1.0162743,1.108194,-0.13778322,-0.52172049
20120528,before,-0.20849199,0.16700428,-0.64432535,-0.62868685,-0.17185849,-0.38606227,-0.15256244,-0.45493695
20120530,before,-0.50008727,-0.78102268,0.2340356,-0.60920893,-0.094408024,-0.75631538,0.31606294,1.120762
20120540,before,-0.48331271,-0.40685016,0.24666957,-0.25123928,-0.36682262,0.073038357,-1.1192617,-0.72929884
20120541,before,0.71361487,-1.5370122,0.73213072,0.32350138,0.25092866,-0.93327826,-0.83677481,-0.16922629
20120553,before,-1.458824,-3.6446664,-2.3956317,4.6002545,-0.5741255,0.33606366,0.80761204,0.33139949
20120557,before,-1.3137212,-1.7197944,0.55282732,1.9075209,-0.97656593,-0.11602915,0.33972644,-0.16766284
20120567,before,-0.31546937,-1.5723275,1.0665461,1.6405891,-0.58976524,0.43102223,-1.150664,-0.86046894
20120569,before,1.4071838,0.40420071,0.14884903,0.62292219,0.19391693,0.22751978,1.5320279,0.78476283
20120570,before,-1.1817565,-0.60290762,1.2988976,1.6889954,-0.94281737,-2.6393749,1.6597347,-0.70577492
20120582,before,-0.11401769,-0.068026151,3.4489581,1.3317711,-1.2104611,0.32430076,2.8129096,-0.99846309
20120595,before,3.2805874,-2.6305245,-0.92483855,0.12710671,-0.35336015,-0.37796455,-1.3947511,1.7630785
20120596,before,-0.28430299,-0.092819104,0.43064747,0.33613262,0.40095098,0.26620926,0.24600562,-0.78026542
20120611,before,-0.51431721,-1.1865825,-1.0656258,-1.5626008,0.45251189,-0.70174099,2.484446,1.9799399
20120612,before,-0.015454706,-0.22448886,-1.2676697,-0.077527087,-0.083070188,-0.52129896,0.089028213,0.079009321
20120613,before,0.1887769,0.30227101,-0.090128891,0.28322812,-0.67407766,0.13717064,1.0611605,0.61969166
20120626,before,0.88225516,0.39662155,-0.57645547,-0.85586085,-1.0569201,-0.61468263,0.49320163,-0.57601218
20120628,before,-0.82265606,-0.29318805,0.38675686,-0.4736914,0.26431322,0.35685458,0.24124285,0.87623782
20120642,before,-1.3131961,-0.75388438,-0.11912833,1.0491861,0.5907529,-0.033312109,0.11393843,1.9123136
20120672,before,-0.93138771,0.59670169,0.0094304475,0.7270707,0.018892049,-0.34252078,0.05581277,0.39108148
20120675,before,3.0692612,0.80367128,-1.135751,0.32065179,0.7850257,1.3720387,0.33126756,1.6868877
20120676,before,3.4253282,0.021456382,2.1583324,0.43670668,3.3903908,-1.0190408,3.9797709,-1.5061347
20120678,before,-0.78556485,0.32928871,-0.2849738,-0.13067152,0.53677429,0.31051152,-0.1680984,0.12286525
20120683,before,-0.41635759,2.8482856,-0.73442847,-1.270532,-1.5899423,-1.5850997,3.2809065,0.923988
20120693,before,-2.4684025,-2.0269504,-1.7276713,0.87933228,-1.2204743,0.55770721,2.4939174,-0.31782437
20120705,before,0.49791978,-1.9916734,0.239703,-0.21842669,-1.9807363,1.1731682,-0.47980173,1.5129637
20120723,before,0.74070308,1.1675674,2.783085,-0.19020942,0.35785765,2.072476,1.5638202,0.68189976
20120733,before,1.4084543,1.2672348,0.27935583,0.25071643,-1.5620411,0.1193622,-1.7014871,0.62638585
20120745,before,0.089717254,-0.77483441,0.66679003,-0.19128942,0.040857232,-0.27466835,0.74249331,0.17538378
20120754,before,-0.0040831276,0.14651414,-0.58797118,1.7846969,0.86564595,-0.43760941,-0.31741805,-0.94822759
20120755,before,0.6129541,-0.93609837,0.93463057,-0.89723875,0.79159105,-0.80154589,-1.1533604,0.16597434
20120774,before,-0.4319618,0.66351912,-0.40107319,0.8561173,0.30873396,-0.41343449,0.018337779,0.21460639
20120777,before,0.32972937,-0.38046719,0.095484049,-0.15968817,-0.93888827,-1.4408857,-0.63957173,-0.26457385
20120781,before,-1.2973394,-0.33196377,-0.6033898,0.14250266,0.24423313,0.57209518,-0.17377538,-0.0056701321
20120789,before,2.2695573,-1.9938242,-2.7548066,0.39719624,-1.0919827,0.71963933,1.6286954,0.55151493
20120804,before,-1.2042283,-1.0093429,0.032197832,-0.22305814,-0.51769851,-0.075017887,-0.32340325,-0.31625628
20120830,before,-1.6741946,-0.39092015,-1.4990556,1.306395,-0.039024519,0.4219561,1.3030917,1.533397
20120837,before,-1.0322173,0.22838133,0.7371893,0.53934031,-0.7742269,1.0043852,-0.33217146,0.9399989
20120841,before,-0.51184786,2.2529829,-0.26918323,-0.087065098,0.50373964,-1.1209756,0.79257806,0.82623643
20120847,before,0.056673314,0.478468,0.086198898,0.53692268,0.31778412,-0.25756517,-0.3517511,0.2743747
20120853,before,0.35256265,0.30263414,-0.12819469,-1.2729197,-0.28493875,-0.85492299,-0.45172871,-0.17296958
20120859,before,0.21297272,-0.43377642,1.3307631,1.6002352,-0.32821301,-0.6532921,0.2743711,-0.68477819
20120877,before,-0.75613815,-0.43403772,0.53167483,-0.54694696,0.16658794,-0.12838945,-1.4989786,-0.32452458
20120886,before,-0.7667945,0.11141658,-0.41601916,-1.1649636,1.7501274,2.0756979,1.0842396,0.24672676
20120890,before,-0.26435524,0.15645981,0.0055870637,-1.2236963,1.100272,1.473099,-0.022698801,-0.035725657
20120893,before,-0.62347508,0.3028216,2.0554391,0.65566658,-0.97909724,0.74633025,-0.83771371,-1.8788943
20120911,before,-0.56126222,0.24131465,1.2040377,0.67155949,-0.040825572,-0.22729983,0.10066751,-1.1519853
20120914,before,1.2958769,0.3887743,-1.0698692,0.65780707,1.1563605,-0.016165114,-1.3639581,0.22193837
20120921,before,-1.0569829,0.06873021,-0.50719353,0.0058807081,0.26271857,-0.16988904,-0.74000062,-0.36323761
20120926,before,-0.57681523,-0.35091197,-0.69277879,0.077057038,-0.13353187,-0.13270595,0.036140145,0.20933895
20120951,before,-1.1904976,-0.45893524,-0.58869826,-0.0024819232,0.21621564,0.60092304,-0.33847432,0.037698894
20120955,before,0.71338091,-1.1437039,1.9,0.25275756,-2.3013978,-0.53882198,-0.13875841,-0.45525723
20120959,before,-0.55013265,-0.19402767,0.52971875,-0.13297858,-0.28490719,-0.26648094,-0.41630542,1.7470756
20120968,before,1.0395791,0.37974609,0.96989618,0.71611183,-1.4283694,0.0583756,0.095339064,-0.99505004
20120970,before,-1.3352141,-0.30961716,-0.58128634,0.37548154,0.27366329,-0.068493316,0.8281492,-0.62117422
20120981,before,-0.44718598,0.44271202,0.0015939636,-0.15878991,-0.026015872,-0.13935022,0.076314032,-0.1505675
20120987,before,0.029861413,-0.18969619,-0.36300045,-0.50451167,-0.72021176,0.63441834,-0.35000604,0.077061659
20120992,before,-1.0617613,-0.40612327,0.20295871,-0.54409854,0.26904784,-0.38367988,0.012046374,1.1118504
20120998,before,-0.42289116,-1.1649222,-0.60366752,1.4136558,-0.041069961,-0.73429337,-1.3290686,-1.3964863
20121002,before,-0.58259234,-1.9743827,0.0063863617,1.0555508,0.42967475,-0.97083934,1.0121268,1.7271817
20121005,before,-0.20206638,-0.08714865,-0.74473543,-0.0071396229,-1.2196684,-0.52928315,1.083092,0.28511346
20121020,before,0.10340324,-0.22887866,-0.88080243,-0.16859456,-0.22174714,-0.73883592,0.17174678,-0.92952431
20121026,before,0.019070154,-0.01587367,-0.7385866,-0.6086559,0.45470915,0.44547219,-0.050870456,-0.87377594
20121030,before,-0.83075127,1.2534512,1.6021032,-0.55446566,-0.39860246,-1.5118459,-1.2005942,0.65232463
20121035,before,-0.65321045,-0.073039079,0.41397119,1.7449637,-1.3054606,-1.4900623,0.071375147,-0.32985295
20121036,before,-0.86008073,0.28731421,-0.80981642,-0.30431188,0.3236603,0.19071386,-0.24956606,-0.036053392
20121041,before,-0.5327483,-0.65946399,-0.57399425,-0.92791724,-0.52617697,-0.23754074,0.43498432,0.68837558
20121042,before,-0.318867,-0.62721904,-0.87596089,0.31515403,0.1168439,0.19027355,0.2534653,0.16985705
20121049,before,-1.2192822,-0.11634767,-0.69176113,-1.1861711,0.67663323,1.1293392,0.15006543,0.14082624
20121069,before,0.071689284,-1.1688364,0.31021999,-0.47299364,-0.096701148,-1.4425988,-0.29152985,-0.69255306
20121086,before,-1.1227107,-0.675618,-0.21503866,-0.55842721,-0.32591664,-0.32071212,-0.53329076,-0.80898271
20121090,before,-0.63091069,0.92538321,-0.060596825,0.89971392,-0.41458652,-0.87824789,0.42470726,0.4486898
20121099,before,0.84735329,-0.83266596,2.0783328,0.12536943,-0.04588484,0.01550331,0.90471879,0.41793976
20121109,before,0.51352229,-0.11256261,-0.18434724,-0.81995008,0.094351531,1.1569705,0.17594946,0.99385372
20121110,before,-0.94078499,0.22627563,-0.92380726,0.30131832,-0.32212984,-0.6329743,-0.15330413,-0.0095011293
20121113,before,0.27988179,-0.46037784,-0.38485793,-0.81763095,-0.39848202,0.28548942,-1.507256,-0.7416051
20121118,before,-0.52388727,0.68705263,-0.19395938,0.58400925,0.071882187,0.034847622,-0.62164426,-0.14326472
20121119,before,-0.90267938,0.39352491,-0.12669078,-1.10257,0.66596177,-0.35692098,-0.41679561,-0.70131306
20121121,before,-0.47331049,0.2560284,-0.66573769,0.6732417,0.55611019,0.086155066,0.20701592,-0.47742405
20121126,before,0.76416971,-0.61045055,-0.44090343,-0.45694321,-1.2856895,-0.31243605,-1.0452947,-0.74858871
20121127,before,-0.47442559,0.14409658,0.68767266,-0.33850737,-0.51660508,0.89554783,0.1816335,-0.90335742
20121130,before,0.73319918,0.21609597,3.652362,0.18444742,0.95899047,-1.450097,1.5252561,-1.1434516
20121133,before,-0.53066229,-0.40967416,0.10045863,-0.32968179,-0.53415362,0.050233146,-1.0107777,-0.55656087
20121136,before,-0.77891215,-0.084414888,-0.51348305,-0.53330246,0.37489038,0.0018989715,-1.2011194,-0.8397131
20121141,before,0.15806478,-0.20541658,-1.1388853,0.69713198,-0.34166135,0.29849664,-0.082501781,0.20192052
20121150,before,1.8613594,0.48518177,1.1928133,-0.15373748,-3.2152113,-0.66660091,0.20400239,-0.25671627
20121155,before,-0.47401239,-0.24327419,0.62855096,0.49869506,-1.8345167,0.15622517,-1.2329376,0.59939965
20121159,before,2.8874726,-1.2613695,-1.3455514,-0.6376167,-2.2223264,0.25648765,0.41927855,-0.03086955
20130004,before,-0.69975427,0.28402081,0.34158941,0.20103357,-0.57883854,-0.16424661,-0.40855972,0.28356445
20130009,before,-0.87997762,-0.13575552,-0.014499011,-0.90743006,0.34659768,0.071954261,-0.17851869,-0.39103707
20130016,before,0.80921429,-1.5724932,0.13798819,0.85103134,-0.34897269,1.8415859,-1.3214553,0.0065756409
20130018,before,-0.31989319,0.22095847,-0.16673741,-1.2746822,0.98598131,-0.38164251,-0.044156933,-0.98389276
20130020,before,0.31711125,-1.2253201,-0.77797976,-0.16476005,-0.22859989,-1.0395323,0.795606,1.0014607
20130022,before,0.51878783,-0.5659796,-1.0420931,-1.601929,1.6709015,0.25977413,1.0056447,-0.51306379
20130028,before,0.23143767,-0.67096717,-0.18329115,-1.8755122,0.16477186,0.088831072,-0.56315941,-0.48075181
20130043,before,-0.54091934,0.096251414,-0.14222393,-0.61331124,0.33154329,-0.08094488,0.21336478,-0.20100903
20130047,before,-0.019450708,0.33373678,-0.046001713,-1.4343174,1.1591785,-0.8142216,-0.32754758,-1.1010875
20130051,before,0.47734344,-0.2378441,-0.61758897,-1.4878783,1.3209772,0.37274528,-0.92290761,-0.49686877
20130057,before,-1.3287455,0.75458053,-0.42807911,1.2997047,0.13902195,-0.55222194,1.0034806,1.2963734
20130061,before,0.021859168,-0.0090750119,-0.5450513,-0.074625361,0.14300595,0.31308869,-0.95165823,0.7417411
20130064,before,0.47316699,-0.54735824,-1.0109964,-0.76174403,1.0488193,0.11672996,-0.43023146,-1.0308086
20130073,before,-1.30776,-0.071010295,-0.40143168,-0.95343293,0.33854783,0.12265005,-0.34788443,-0.66703533
20130086,before,1.1878279,0.73560649,-0.91006803,0.45219938,1.8689947,0.40824795,-0.86036067,0.7395853
20130088,before,0.60865051,-0.88792725,-0.38020442,-1.3668561,0.51475023,-0.10509073,0.58506429,0.26380139
20130096,before,-0.65632107,-0.70855369,-0.45604341,0.74706918,0.01046946,0.20959726,-0.26177427,-0.70873293
20130101,before,-1.5587527,-0.74379759,-2.0930641,1.1803345,0.17902821,1.3542568,1.4641417,1.5257708
20130106,before,-0.7179195,-0.0068979681,0.56081603,-0.8473208,0.55561378,-0.87171356,-0.51100633,-0.37481415
20130111,before,-0.49859668,0.60780136,0.2235032,-0.62477675,-0.071659537,0.093516476,-0.7193903,-0.4570284
20130112,before,0.18390587,-0.5492032,0.15220074,-0.75664582,-1.1106109,0.22318662,-1.1233194,-0.11556641
20130116,before,-0.76012841,0.67407796,0.13849787,-0.15588538,-0.096536185,-1.1221589,0.43184341,1.2364953
20130117,before,-1.0741689,0.11008868,-0.00019876933,-1.028072,0.55723781,-0.061079262,-0.80915303,-0.84520607
20130123,before,-0.54903025,-1.1590052,-0.3238072,0.080527303,0.11649903,-0.41108681,0.63963012,0.6081916
20130135,before,-0.24330406,-0.58379454,-0.7120617,-0.25792504,0.32972795,0.1228142,-1.139536,-1.0171469
20130138,before,-0.57328194,1.539826,-1.1420677,0.27341373,-0.63825073,0.65403638,1.3808662,0.35430617
20130143,before,-0.15072273,-0.21236737,-0.16620771,-0.48221012,-0.92018458,0.34009025,-0.50496142,-0.84848512
20130162,before,0.58803225,-1.4787704,-0.49543812,-0.17320505,-0.94816319,0.71518575,0.055679009,-1.0145945
20130178,before,-0.3404334,1.1861407,-0.18538119,0.51215303,-0.12034845,1.3424101,0.082118606,0.79970609
20130181,before,-0.99004277,-0.51051336,1.8602634,0.43421897,-1.2541571,1.3762553,-0.8937668,2.7527954
20130191,before,0.44197247,-0.9256093,0.54112157,-0.32383982,0.10540407,-0.97295348,-0.62195017,1.5581458
20130197,before,-0.51434716,0.15232847,0.10495313,-0.69757296,0.58973138,-0.58435973,-0.23893882,-1.0703383
20130201,before,0.67412444,1.0868708,-1.1950799,1.6335483,-1.164671,-2.2809725,0.085503866,0.42600791
20130209,before,0.4699792,-0.022561957,1.4969449,0.50374828,-1.1556276,-1.043959,-0.26112595,-0.70395534
20130211,before,0.043331924,2.0668315,-0.98258354,-0.3412689,0.095243972,-0.20155375,0.033323155,0.80098038
20130245,before,-0.16302697,-0.97371803,0.64730715,-1.0559135,1.0838557,-0.83819059,-1.2217251,1.4143922
20130246,before,-0.55475618,0.3358243,-0.097508769,-0.97775042,0.27896748,-0.53718088,-1.6633471,0.62091334
20130247,before,-0.99587897,0.1529228,-0.15591164,-0.73989407,0.53720819,0.34349751,-0.66203576,-0.56296
20130253,before,0.71337516,0.057313504,1.3106032,-0.92894484,-0.73328044,-0.36537091,0.53653703,-0.0045510722
20130273,before,-0.38713344,-0.62934069,1.0508638,-0.80684496,1.0834323,-0.52333274,-0.31615968,-0.13383731
20130277,before,-0.12133535,1.0552098,-0.28025046,1.2625447,-1.1619479,1.297934,-0.02433115,1.1566959
20130281,before,0.10719129,-0.38007771,-0.1754138,-0.33075524,-1.4436983,-0.64842656,-0.15355765,1.1276287
20130286,before,-1.3313227,0.45220616,-0.22121335,0.017411594,-0.35233296,-0.9192398,0.65195974,0.075374085
20130297,before,0.54680842,-1.2344522,0.9831823,-1.2565834,1.0387939,0.21799139,2.9973389,0.5616819
20130301,before,-0.43843276,-0.15264449,0.899958,-1.7192578,2.6857627,0.71434398,0.28370177,1.0425418
20130305,before,0.5649653,-0.087979555,0.8344985,1.0498268,-0.084089687,1.0391183,-1.7027297,-0.16289811
20130321,before,0.82677235,0.1623332,-1.2851306,-2.0015113,-2.6020741,1.2002247,0.98086845,0.38326019
20130332,before,0.6116408,-1.7362681,-1.6539211,2.2779516,-0.16880035,-0.616031,-1.4005205,0.54226663
20130340,before,0.43795142,-1.356539,-1.1459173,-1.3200545,0.89005071,-1.0665545,1.0089455,2.0025409
20130350,before,-0.75085712,-0.062903677,-0.28660733,-0.58407082,-0.20747595,0.27147089,-0.21336914,0.19818052
20130368,before,-0.70980567,0.25805735,-0.35153419,0.06212966,0.0055468477,0.59281802,-0.052771084,0.48848252
20130375,before,0.27417434,-0.62202024,0.61449274,0.32845308,-0.3039893,-0.72829976,0.1886258,-0.84742702
20130384,before,1.3526067,-0.33246251,-2.2392311,-3.5464049,-1.8428646,0.94553414,5.2875591,0.39323637
20130385,before,1.1644016,-1.153862,0.27809432,0.017557964,-0.4803697,-2.2995162,-2.6056339,1.0763092
20130387,before,1.1741784,-1.4949711,-0.65354338,-0.43320951,-0.65562014,-0.72437386,-1.2213773,2.1471209
20130393,before,-0.84145109,-1.8034858,-1.4864226,1.7332566,-0.22130587,0.326572,0.24341208,0.5178873
20130407,before,-0.055948962,-0.26820983,0.65037189,0.72313089,-0.27133328,-1.0916198,0.96270839,-0.79877272
20130415,before,0.73965643,0.078214034,0.083941638,-0.23565056,-0.5940474,0.98443673,-0.44889432,-0.38071609
20130421,before,2.2656376,2.7318523,-3.654851,-2.7287218,-5.7055602,-0.48608543,4.8163168,-3.2549602
20130425,before,3.6476391,2.5478955,-0.96923622,0.69455911,2.1775002,5.5168178,-2.7901784,1.9281305
20130434,before,-0.70179669,-0.23185723,-0.51537965,0.12451707,-0.54548183,-0.92527416,-0.29168106,1.2908849
20130436,before,-0.8673688,0.63040728,-0.16500117,0.085602133,-0.026517146,-0.0017522051,-0.22381775,0.23173835
20130441,before,-1.1673172,0.086494419,-0.40953285,1.2625152,-0.6046249,-0.93910198,0.28467684,-0.24058904
20130444,before,0.057260513,0.78982201,0.28271808,-0.64064266,-0.090850383,0.66074849,-0.5377646,-0.078875724
20130461,before,-1.1267935,-0.098350352,0.021260163,-0.25026406,-0.13346045,0.05118261,-0.25421384,-0.40912156
20130470,before,1.8403929,-2.3556691,1.5524852,-0.71899051,2.3554055,-1.0751278,0.35392456,1.9693468
20130482,before,1.8319647,-0.63238173,-1.0643029,-0.57414586,-1.4494487,-0.75822571,-1.7166398,-2.1435262
20130486,before,2.9440456,0.51662388,0.89704129,-0.53294453,2.1955647,-1.4828147,-1.3232773,-0.0021191862
20130501,before,-0.36825757,-2.2341125,0.58040438,0.79882698,1.0107942,-1.4840556,0.53326238,3.0094669
20130517,before,-0.94751365,-0.43032905,-0.085933306,-0.62989368,-0.022260447,-0.68571419,-0.23996398,-0.27862167
20130529,before,2.4140216,-1.1212428,-1.7575705,0.79233448,1.5902362,0.85491799,-1.282026,-0.16993817
20130534,before,0.75682733,-0.64487348,0.05883483,0.92179288,-0.80359507,-0.19137673,-0.88293253,0.52106607
20130536,before,1.8695078,-2.0947647,1.4765533,0.23760171,-0.2085979,0.90947342,0.19737877,2.8331493
20130540,before,0.77698453,-0.73103322,2.0625408,-0.67256275,2.1804709,-0.49012328,1.1823331,1.4327662
20130544,before,-2.7211474,-2.5996436,3.4329592,1.4062551,3.599636,-1.5111038,3.9435582,8.2067822
20130550,before,2.8028622,-2.3452783,-1.0310985,-0.58504383,1.6856559,-1.3953842,1.0143345,0.79792184
20130597,before,-0.65954522,1.6281374,-1.2556163,0.36051295,1.0109427,-0.068795895,-0.19731445,1.2612643
20130613,before,-0.2403328,-0.39967148,0.21439455,-0.33435689,0.29086347,-0.056326596,0.64718119,0.63321025
20130626,before,0.083109468,-0.035860913,1.4085439,0.20245233,0.25687172,0.43413038,-0.2919515,-0.7205398
20130629,before,0.27018973,0.36412193,-0.077878979,-0.4433288,0.59617148,1.144389,0.51090442,1.0471852
20130635,before,2.8178053,-1.0438727,0.31185043,0.26425974,2.5496589,0.74629132,1.1642441,-2.0108909
20130656,before,-0.4961465,-0.82669171,0.68895193,1.4139674,0.14291344,0.26132914,0.89862757,-0.56848422
20130657,before,3.7552974,3.146958,-3.8950442,-2.3387448,-4.9250883,3.6838167,-1.5877995,-4.082268
20130658,before,-0.87713246,-0.8855849,-1.2600428,-1.290417,-0.086823819,-0.45541859,1.5024316,-1.0197217
20130666,before,0.80699107,-1.8498016,0.060468525,-0.5161567,-0.91132655,-1.4554304,-0.45960822,0.52007279
20130667,before,-0.22150761,-2.0420407,2.0622339,2.3283677,-0.44253824,1.5803081,-0.68403089,-0.61355273
20130669,before,0.291268,1.6138951,0.53188738,-0.026685361,-0.19381095,1.5909063,-0.31962012,2.0764158
20130681,before,-0.10946401,0.29108966,0.83659483,0.46788454,-1.1632112,1.8677063,-0.16594783,-0.47532628
20130687,before,0.47996913,0.033337555,0.18065591,1.4420762,-0.87436674,-1.577073,-0.31744678,-0.39981724
20130706,before,0.21371849,-0.74895847,1.1309592,-0.67479194,-0.38734541,-1.0103802,-0.7091434,0.85192183
20130711,before,0.86041877,-0.58811876,0.71512909,0.42932384,-0.69310453,-1.3970722,-0.096928439,-0.61934752
20130718,before,-0.79074799,-0.20347776,0.81715022,-0.29412926,0.042556722,-0.30316365,0.1510991,-0.26967528
20130729,before,0.86132146,2.129443,-2.4557176,1.151684,2.1446553,1.0486316,0.47541076,0.29827214
20130734,before,0.36100239,-0.15498474,0.46433289,0.036491817,-0.57320514,0.55298691,-0.44250289,0.00057712581
20130741,before,-0.68623182,-0.12281386,1.887505,1.0652857,-0.95267429,1.1629637,-0.28396753,-1.3952357
20130743,before,0.40125033,-0.13699701,0.22111374,2.1481404,0.40468139,0.43376227,0.86414989,-1.1559667
20130746,before,1.9645002,0.39831742,-1.7923664,-1.0825117,-1.3422314,-0.39323332,0.34117818,2.8032417
20130755,before,0.034525377,-0.053385918,0.27631362,1.070556,-1.2515989,2.030598,1.0118246,0.54382162
20130767,before,-0.1295336,1.4213551,-1.0980149,0.44624114,0.13987925,-0.34556607,-0.13775456,0.37188082
20130776,before,0.58694097,3.1849605,-1.2748564,-1.9072984,1.2823001,1.6544348,1.381143,1.7054917
20130777,before,0.59166063,0.37258046,1.4221789,0.2888594,-0.37573392,-0.1083339,-0.16848265,-0.24475612
20130782,before,-0.47568928,-1.5331078,1.4103637,0.97329161,0.35783452,-0.7852346,-2.5339659,0.80004983
20130783,before,-2.006799,-1.692974,-0.81217387,2.0249032,-1.2636626,0.42583325,1.3897665,0.63333504
20130786,before,0.19565823,-0.27347242,-0.28828665,1.0131187,-0.49646968,-0.19304313,-0.55914063,-0.33440531
20130790,before,0.21421427,1.5932292,-1.3181346,-0.013087615,-0.59531523,-1.284735,0.78987997,-0.14868821
20130807,before,-1.0526835,0.19090452,-0.85212422,0.2467214,0.33983983,0.20562067,-0.24771619,-0.14996855
20130813,before,-0.085382743,-1.5652238,0.80102412,-0.52204948,1.2567056,-1.9754824,-0.027476695,1.8407969
20130825,before,0.57630168,-0.52638756,0.84906377,2.0096683,-0.97034375,-0.60990118,0.65314926,0.74427357
20130835,before,0.1316551,2.8697757,0.229805,1.2544838,0.64074853,0.84883549,-0.89094763,2.1392467
20130841,before,-0.047387657,2.4797089,-0.64405186,0.54802595,1.0363625,0.87526365,-0.55510251,1.7574824
20130850,before,0.57772645,-0.49942796,1.9542069,0.26105509,0.43375341,-0.61474796,0.042199533,-1.5914026
20130853,before,0.39493645,-0.37564679,0.10014371,-0.37755623,-0.67060979,-0.43896401,-1.5376657,0.33702483
20130866,before,0.29492979,1.6734127,0.27291351,0.56862052,0.86981256,0.089588876,-0.43527523,0.38358499
20130878,before,-0.19153964,-0.63396108,0.054542752,0.090933481,-0.72908055,-0.61815863,-0.48317589,-0.17418678
20130902,before,-1.3585394,-0.17487758,0.14917756,-0.07603794,0.077789464,-0.1938719,0.52543756,-0.033617554
20130903,before,0.18908362,-0.089363805,-0.9991568,-0.50288938,0.4283928,0.58173873,-0.33660647,-0.4179602
20130909,before,-1.129577,-0.21666232,0.3289487,1.1784421,-0.23873278,0.35666396,0.34015396,0.59308248
20130910,before,-0.063341536,-0.6817864,0.98589715,-0.091110854,-0.078139672,-1.042853,-0.10923126,0.86683175
20130914,before,0.95785827,-0.97758866,-0.4053271,-0.75127654,-0.34492579,-0.55199999,-1.2010669,1.7523623
20130920,before,-0.96751554,-0.56305016,-0.13329575,-0.83432691,0.14156699,-0.20442208,-0.110129,-0.1345164
20130927,before,-0.51564598,-0.14799599,0.75249603,0.65392773,-0.35207548,0.28847966,-1.169286,-1.1817653
20130929,before,-0.22324245,-1.0218585,0.76149435,2.0642676,-1.092057,0.099691277,-0.2294969,-1.4828384
20130933,before,-0.030767177,0.25827365,0.1291571,-1.4464007,0.93689148,-0.75797164,-0.34468489,-0.44413693
20130940,before,1.0537227,-0.93342975,0.28791309,-1.3891095,1.6373553,-0.90564476,0.33696607,-2.1976278
20130948,before,3.6004204,-0.27287718,-0.7150435,3.1116157,1.6689396,0.42342495,-2.8470391,-1.2819332
20130952,before,4.0624134,0.55617047,1.3947469,-0.091735218,1.4735775,-1.799247,0.5830913,-0.51388329
20130953,before,-0.025324819,-0.10334119,-0.46597829,-0.043088771,-0.27299226,-0.11183751,0.59529395,0.89840879
20130957,before,2.4695942,-1.6032929,-0.64525407,-0.86756753,1.2515499,0.10472225,3.7521474,-0.0074646981
20130966,before,0.25337929,-1.3205441,-0.067763109,-0.91973422,0.54359401,-1.0581936,0.48040107,0.93083673
20130968,before,0.48871942,-0.89235341,-0.029816153,-0.9955964,0.022969004,-0.19389433,0.27001268,0.5376553
20130977,before,-0.33460145,-0.42623653,-0.27787917,-1.196536,-0.42911465,0.16146517,0.78208849,1.2918563
20130990,before,0.12578528,0.36471535,-0.026804183,-0.80477374,1.0334293,0.97395514,-0.096174917,0.08981484
20130991,before,0.72548017,-0.47242132,0.99612858,-0.6932932,0.25649349,-0.36574013,-0.57224261,0.67740813
20131000,before,-0.49849646,-0.95555364,-1.3583551,0.62878358,-0.39403086,0.18331234,0.25807786,-0.10902364
20131001,before,-0.58766846,-1.2991202,1.0997769,1.1207704,0.32178673,-0.31003138,1.1539634,0.68517124
20131002,before,-1.2400297,-0.020141816,-0.72753486,-0.50549851,0.068479356,0.13578626,-0.32045385,-0.42829457
20131017,before,-0.20098632,-0.4995286,1.6725216,0.42938023,-1.621949,0.5493305,-0.074994943,-0.053258997
20131018,before,0.4802214,-0.36206458,0.71955542,-1.0750813,-0.36224095,0.67826234,-0.094331086,0.4015498
20131021,before,-1.0377845,-0.019376733,-0.46455614,-1.1182957,0.36017255,-0.61832766,-0.92413245,-0.7483977
20131029,before,0.41065162,1.125369,0.68081098,-0.70391963,0.41389944,3.185872,1.7472941,1.5573639
20131031,before,2.8872965,-1.6502625,-1.7482348,-1.5357097,-0.54248937,1.5455821,0.73650718,1.2991839
20131038,before,-0.61102001,-0.058879183,0.22662085,-0.76348154,0.12757548,0.27045622,-1.4061689,-0.2495751
20131043,before,0.9132893,0.43232088,0.21721924,-1.3403729,-0.56258102,0.85255224,0.15823313,-0.65834616
20131050,before,-1.1217385,-0.62157544,0.061263745,-0.32479551,-0.1874408,0.98992403,-0.71984102,-0.74143853
20131052,before,-1.0594797,-0.6693011,-0.69361384,-0.2851205,0.15301401,-0.16597835,0.11238046,-0.10903733
20131057,before,1.0019785,-0.85900681,1.5536446,-0.45218832,-1.9349093,0.96170023,0.38697457,2.6572578
20131072,before,0.99572084,-1.7137663,-1.0824676,1.0287575,-0.96669775,-0.48772282,1.040327,-0.89262874
20131083,before,1.532137,-0.16612261,2.1960483,-1.1536787,3.2050032,-1.7786097,0.77686767,0.35799017
20131086,before,0.61078371,-1.1699643,-0.17945329,-1.0445555,0.054645582,0.40247926,-0.22604869,1.354381
20131096,before,0.91012749,-1.4330678,0.35023975,-0.089724942,1.4747429,2.1189186,-0.58352687,0.29852019
20131099,before,0.044123461,-0.26586624,-0.71045055,0.94841429,-0.059940524,-0.30768191,0.53201489,0.46375043
20131105,before,-0.33893874,0.5432672,-1.856741,-0.089032367,1.1699627,1.5448388,-0.0063080991,-0.18534348
20131115,before,-0.25938633,-0.87736867,-0.66087379,-0.1377786,0.6018989,-0.1889374,-0.2988164,-0.045355495
20131146,before,-1.1051831,-0.8638399,-0.32319793,0.12976041,0.23056969,1.2293233,-0.88688465,-1.0223211
20131147,before,-0.81045922,-0.30553539,-0.17242297,0.32122685,-0.45720668,0.58780959,-0.46646948,-0.95670166
20131158,before,-0.43121823,2.3210211,-1.1471659,1.9790894,0.53499548,-0.38756134,0.1311516,0.71332316
20131161,before,0.73139242,0.011631528,-0.20104825,1.022997,-0.89899114,0.28817352,0.45055597,-0.033452433
20131163,before,-1.0642853,1.4381915,-1.6283391,0.57867907,0.79769705,0.2744944,0.69797791,0.76818234
20140006,before,0.29357927,0.33393953,-0.87218118,-1.7252685,-0.66142808,0.1595054,0.6515875,-0.52713898
20140012,before,-0.26158153,0.27167345,0.18064094,0.93172451,-0.46268687,-0.39983641,0.13835333,-0.1007652
20140018,before,-0.773182,-0.48923017,0.16969334,0.028573571,-0.69772775,0.017075589,-0.22561675,-0.3489332
20140027,before,-0.370838,0.6855555,-0.38635123,-0.6197269,0.41242564,0.60104034,-0.9357168,0.078451043
20140029,before,0.79010864,-1.0677612,-0.64622502,-1.1027036,-1.8295846,1.0753108,1.3421899,-0.85441671
20140031,before,1.3250188,-0.54649981,0.20975264,1.5847085,1.3395489,0.69055269,-1.3191769,-1.8252313
20140041,before,-1.129582,-0.017067307,-0.25443809,0.26275072,0.030506103,-0.22931289,0.33957498,-0.33429818
20140044,before,-1.0717533,0.28019992,0.098334091,0.72984887,0.273879,-0.86974406,0.35361744,0.93802879
20140045,before,-0.54298086,-1.0295913,-0.24301859,0.63473573,-0.49463232,-1.0201647,-0.77420861,-0.43398225
20140052,before,-0.056526177,-0.36393223,-1.5600855,1.9983586,0.1878585,-0.059031274,0.79320516,1.0879059
20140056,before,0.044484469,0.33413218,-0.36322049,0.11324121,-0.42844209,0.001776261,-0.056024212,1.4588681
20140060,before,-0.41322918,-0.71167682,0.4762591,-0.2477,-0.88534115,0.50232848,-0.96624676,-1.2633005
20140066,before,1.2232599,0.80570931,0.55849795,-0.044039421,-1.3626312,0.15799522,0.19809974,0.39563976
20140077,before,-0.73188151,-0.095968669,-0.73382644,2.2463071,0.24645131,0.54397279,-0.30209739,-0.4795672
20140086,before,0.58323188,0.30528323,0.35449804,0.20854998,-1.4056879,-0.57245717,-0.31082505,-1.015428
20140089,before,-0.43530011,0.034041356,-0.12546439,-0.31571524,-0.41341716,-0.24814693,-0.25419264,-0.42068171
20140090,before,-0.67159374,-0.60474702,0.61816167,0.66012206,-0.74239971,-0.13236672,0.36352869,-1.3264836
20140098,before,0.67862011,-0.85291859,1.1253175,-0.26181289,0.75348948,0.75986113,-0.50823685,1.5223923
20140104,before,-0.74473688,0.47859607,0.096631016,-0.3620222,-1.2086655,-0.037071176,-0.72404656,0.62113123
20140108,before,0.6867206,0.0073366241,0.024097512,-0.53568879,-1.561152,-0.31228025,-1.6083272,0.16193592
20140110,before,-0.37494881,1.1351269,-1.0490228,0.23115704,0.75778428,0.74976507,-1.0353836,1.2003199
20140118,before,-0.1342136,0.53032649,0.45838607,0.51854664,-0.10306194,0.34077579,1.1190314,0.09627053
20140124,before,-0.52093828,-0.10366712,-0.73124921,-0.51938205,0.33965375,0.2399883,-0.96814543,-0.65218374
20140133,before,-0.39703265,0.90768444,0.86724953,-0.47933042,0.68245059,-0.73097614,0.032266684,-0.45656325
20140139,before,-0.30395454,0.8413999,0.017303471,-0.22402305,0.74726349,1.2610201,-0.91263012,-0.36664752
20140150,before,1.5450518,3.523082,-0.95880656,-2.0354061,3.2070917,-3.7761635,2.32196,-0.90926215
20140156,before,0.71123383,0.36395636,-0.15320152,0.085841414,-0.94485737,-0.047813945,-0.66534265,0.46733624
20140162,before,-0.50510822,0.93646649,0.42505809,-0.47796594,0.16035722,-1.1313403,-0.067643156,-0.62838548
20140174,before,-0.25363744,-0.88424201,-0.10458529,-1.331399,0.96468908,-0.54503395,-0.030214833,-0.50976186
20140178,before,-0.60726618,0.16365995,0.97462086,-0.48298386,-0.33942036,-0.074630232,-0.19801728,1.1228763
20140181,before,0.75511991,-0.30420968,0.43724611,-1.4525024,1.5777654,-1.4536883,-0.38895656,-1.1606676
20140185,before,-0.045151326,-0.25840147,0.16170463,-1.1675067,0.85299988,-0.7209013,-0.20779997,-1.1868116
20140186,before,-0.0073761905,-0.51635688,0.30735075,-0.2319235,0.8313273,0.83249659,-0.79806386,-0.37049724
20140191,before,-0.36998075,0.015550866,0.023668743,-1.0270916,0.51692215,0.52097709,-1.505318,-0.46023236
20140194,before,-0.36544579,-0.9518969,0.16828199,0.5913295,0.097138976,-0.88289451,-0.74909209,0.13568317
20140197,before,-0.99227847,0.12205455,0.014363345,-1.0475644,0.33411896,-0.56827293,-0.71405464,-0.55211118
20140201,before,2.0542322,-0.15303743,1.1811385,-0.93997045,-1.8019822,-0.75894925,0.81409817,-0.91224413
20140207,before,1.7739231,-0.15578067,-1.7867924,-1.2046192,-1.9059451,-0.2277613,0.021643946,0.42693502
20140243,before,-0.99529859,-0.089792587,0.13468478,-1.122008,0.34726426,-0.27883135,-0.87565091,-0.69095845
20140245,before,-0.78413478,-0.82148256,-0.7579697,-0.15392269,-1.5831801,0.46987282,2.2345868,0.91481959
20140253,before,-1.0479569,-0.40441322,0.093410458,-0.61414218,0.10544566,0.11991729,-1.3521468,-0.55290743
20140284,before,-0.78437447,-0.68340241,1.2081313,-0.39362451,0.66115096,-0.16747499,-0.96122322,-0.017239089
20140300,before,-1.5058188,-0.77450078,-0.48417421,-0.4343249,-0.016529918,-0.37882807,0.38408012,0.23026738
20140307,before,-0.14358773,-0.26648523,1.0334355,1.1985926,-1.192705,-0.019940657,-0.72751675,0.47941333
20140319,before,-0.3062559,-0.061955577,0.38118291,-0.70806719,-0.59755415,-0.30702515,-1.6551271,1.8153738
20140331,before,-0.17762061,0.82260824,0.57225127,-0.39393091,1.1401931,-0.38353129,0.40563572,-1.1798946
20140344,before,1.5854665,0.64543701,-0.22224105,-0.81742063,-2.0939489,1.8320361,-3.0465452,0.82008437
20140345,before,-0.77758364,0.1845601,-0.33626568,-0.07921771,0.21315537,-0.32746073,-0.19847504,-0.46213227
20140358,before,-0.20234881,-0.044126845,0.59694325,0.017742173,0.61088978,-0.40811576,-0.13080979,0.3538309
20140363,before,-0.94337229,0.63521381,-0.83378424,-1.225987,1.6711054,3.2272172,-0.12991353,1.037932
20140364,before,-0.99210201,-0.25997191,1.7385516,0.23280368,-0.85372321,1.6437933,-0.55722051,0.85097399
20140367,before,-0.54374798,0.34511834,0.1049871,-0.14572685,0.14657523,-0.33288921,-0.13470793,-0.40602803
20140368,before,-0.016789986,-2.0621819,0.25268556,0.22909126,0.05058024,0.40872451,-1.744723,-0.65567217
20140374,before,-1.8043983,-0.2648184,-0.80906254,0.033097478,0.52792166,0.50949034,1.7052592,0.57048482
20140379,before,0.22441461,-0.013049219,0.44687586,0.055549781,0.066170662,0.80785351,-0.67990915,2.1001676
20140385,before,0.93904778,0.32670089,-1.2019386,-0.89229568,-0.16857316,0.66457847,0.45607433,0.66290298
20140393,before,-0.62155907,-0.26534639,2.4970268,0.38763578,-1.1730134,2.2407862,0.41312491,1.2149354
20140404,before,0.65448476,0.68838528,-1.6794743,0.11727966,0.96983506,-0.66344672,-0.25347291,-0.57672381
20140418,before,0.93542403,-1.2418124,-0.29762194,0.8604042,-0.32100797,-2.7545258,-0.11701914,1.6291064
20140421,before,-0.32774333,0.73977134,-2.0677535,1.6921624,0.60266234,0.15550752,0.6352744,1.1915165
20140438,before,0.62336899,-1.1413561,-0.93574437,-0.82556942,-0.22687622,-1.3322742,0.14480472,2.8570472
20140450,before,0.68927448,0.65289085,0.17552595,0.58483056,0.06635986,0.11828741,-3.1977652,0.87363678
20140468,before,-0.66923876,-0.58266683,0.21364543,-0.3525939,-0.41442349,1.053403,0.54874502,0.5211419
20140474,before,0.36989812,-1.9455345,1.6151366,0.75267087,-0.085689261,-0.49337304,0.41289347,-2.7864461
20140477,before,1.7445622,-1.8947645,-0.47485726,-1.9833517,1.6182192,-0.76255094,0.15577097,-1.8015996
20140487,before,-0.43641703,-0.18540266,0.90299516,-0.66638326,-1.1385795,0.30255256,-2.6406943,0.61637726
20140496,before,-0.54285175,-0.10694314,1.8835223,0.65526149,-1.3498773,0.34886658,0.57193637,-0.2406318
20140500,before,1.8769002,1.1267538,2.9035698,0.50340408,-1.5362138,-1.511152,2.1685497,0.38652192
20140508,before,-1.0846362,0.071243705,-0.28725971,-0.11826001,0.49185587,0.52886053,-0.4584854,-0.44047531
20140515,before,-0.50264986,-0.5742182,-0.23873579,-0.84662551,0.049092844,-0.81120554,0.15911943,-0.19444584
20140516,before,0.34277807,-0.58720961,-0.234889,-0.3517009,-0.49742001,-0.10797621,0.1012359,-0.55956698
20140525,before,-1.2887772,-0.85121935,-1.1678703,-0.35673194,-0.043871478,-0.35017462,0.34521605,0.51756078
20140532,before,-0.42650564,1.5000493,0.082461721,0.23964384,0.023385215,-1.1197029,-0.62956654,-0.086279535
20140536,before,-0.22416932,0.13203169,0.7014299,-0.61428066,-0.057705216,0.37522866,-0.079794277,-0.55260921
20140544,before,-0.59055873,-0.33530159,0.21273482,-0.41457375,-0.30745535,-0.31346797,-0.79669529,-0.81261184
20140547,before,-0.33966292,0.10099653,-0.63220227,0.30707706,0.94777097,0.59583756,0.0053565117,-0.55756861
20140549,before,0.1341265,-0.8235634,-0.049383722,-0.30247538,0.19755617,-0.168189,0.17916915,-0.55100869
20140592,before,-0.084296059,1.0209724,-2.7102362,0.78809278,-0.47030174,-1.357683,2.7020492,2.341121
20140598,before,-0.82732611,0.13329865,0.30926503,-0.79183164,-0.026014082,-0.028571021,-0.42892812,-0.78742752
20140607,before,-0.88375185,-1.3335289,0.18614717,-0.024493311,-0.59889884,-0.13064035,-0.57487973,0.34170481
20140615,before,0.80008167,0.61017986,1.662965,-1.2573239,-0.83124204,0.76787221,0.89201257,-0.41222813
20140618,before,0.68460625,-0.46692476,1.021821,-0.0736976,1.2105217,-1.2964745,-1.1691744,-0.56198793
20140623,before,2.7912046,0.58719608,-0.65571502,-0.40261174,-0.70273808,0.16469422,-0.60596969,-0.0449877
20140642,before,0.44638385,0.44260954,0.99223811,-0.0665583,-0.6472638,-0.34243004,-1.7865218,-1.4997978
20140648,before,3.792244,-0.04943983,1.9109152,0.40695774,1.0538395,-0.3566073,-0.31112689,-1.1147466
20140651,before,0.28018787,-0.30542328,0.13999175,0.59258997,-0.27163419,0.64664479,0.51765624,0.56091218
20140668,before,-0.63191079,0.83908757,0.5982683,-0.60743178,-0.14067068,-0.29305265,-0.98410696,-0.30203186
20140678,before,-0.84207577,-0.23695237,0.33091509,-0.28293103,-0.24900244,-0.3672396,0.02204877,-1.3591619
20140686,before,-0.6444798,0.0098501491,1.0897842,0.44551186,-0.74601526,2.1812762,0.20458116,-0.34818241
20140692,before,0.85493998,-0.035792049,0.22705219,-0.22474135,-0.3901946,1.444664,1.2229792,-0.090486833
20140706,before,1.0117583,1.2625557,0.82455726,0.23064375,0.2817806,1.4491381,-0.3096698,0.22630558
20140710,before,-0.22822838,-0.45736411,-0.41269861,0.88396223,0.092768894,0.61644345,0.71745678,-0.36320889
20140711,before,0.67368338,-0.69148912,-0.58979163,-1.3586709,0.85786494,-1.009587,0.38920731,1.1552232
20140712,before,1.1270518,0.11699544,-0.091466544,0.17582034,-0.6638936,0.10052395,-1.110649,0.73091472
20140726,before,-1.1145509,0.02174768,-0.43487418,-0.90839921,-0.064999104,0.35597959,-0.059832718,-0.45374415
20140727,before,-0.99732882,-0.12019977,0.38420706,0.50582339,-0.3249552,0.79058477,-0.1885603,0.52954491
20140731,before,-0.74124595,-1.857995,-0.47762732,1.387532,-0.047121489,0.30028642,-0.10904469,-0.12232735
20140736,before,-0.26087014,-0.30784891,0.099714245,1.0807049,0.0020963944,0.67163144,-0.030547863,2.2397485
20140759,before,-0.28910175,-0.072026878,-1.3669407,0.4983324,-0.76990806,0.88195038,-0.20186179,1.1496857
20140766,before,1.9200818,0.29768436,0.53018056,0.38476393,-1.5623073,-0.68223547,0.057980206,-0.74292264
20140774,before,0.7804883,0.67929857,-1.1699727,0.1869477,0.069138607,0.021830345,-0.1454291,0.46133115
20140778,before,-0.76464912,0.53511378,0.39984844,-0.5060449,0.0099738073,-0.028834519,-0.66808188,-0.70789528
20140797,before,1.3524015,0.88257707,0.6280787,2.2404858,2.8508766,3.8686613,-1.0219442,-0.035340209
20140807,before,0.4447536,-0.18830171,-0.036944323,-0.83485241,-0.29797035,0.16512791,0.033533031,-0.3454963
20140822,before,0.089141613,0.0060227992,-0.13099098,1.1099377,-0.27173072,-0.20520876,-0.35246266,-0.99913874
20140830,before,2.257595,0.058037223,-0.34064007,-0.92343928,-2.4302485,1.0399894,1.9433956,-0.78511322
20140838,before,-1.0988075,-0.37995582,0.40928235,0.026159956,-0.56631132,0.21444854,-0.62923607,1.4144299
20140840,before,-0.24750682,0.48395415,0.41526139,-0.86318459,0.93658361,2.13294,-0.37986513,0.80012338
20140852,before,2.5479609,-0.3178893,-0.76875024,-0.97037679,0.94655213,0.95498368,1.3355837,0.42453341
20140855,before,-0.83165085,-1.169203,-0.024944265,0.13265081,0.37887831,1.9064288,-0.22192532,-0.92047562
20140862,before,0.7243442,3.4068509,-1.8863196,0.15486835,2.4469365,1.2949018,-0.10671527,1.8539294
20140864,before,-0.60853241,0.54778758,-0.55823399,-1.0406025,1.6767937,2.1164163,0.56744254,-0.012171397
20140873,before,0.44913828,0.6098457,-1.3340997,0.50387405,1.4222414,-0.1113648,-0.49937659,0.16303925
20140877,before,0.7817398,-0.78107961,2.2424565,1.0901299,-1.6204245,0.25066309,0.68087622,0.068339625
20140894,before,-0.061205461,2.4952891,0.70249016,1.6218678,0.76630426,-0.43642895,0.43241335,1.2777346
20140918,before,-0.97412027,0.17062872,-0.84161852,0.92591229,0.34521595,0.71411652,1.262987,-0.42560314
20140924,before,0.27337367,0.030276118,-0.16684699,-0.8058418,-0.88286751,0.84299506,0.30884204,-0.71768806
20140932,before,-0.71507026,0.89189881,-0.30436164,0.097815238,1.1279487,1.7654606,0.98505806,0.35714553
20140935,before,-0.15389684,0.46213225,-0.10475409,-0.71149368,0.4034311,-0.027026452,0.33331402,0.25778912
20140942,before,-0.10644937,0.24605593,-1.3808173,0.25720832,0.17932353,0.37375179,-0.11954696,-0.39334753
20140944,before,-0.23482403,1.5586007,-0.54291808,-0.023923524,1.040894,1.8861641,0.68901906,0.19396173
20140950,before,0.080007059,1.2197027,0.56785764,0.48581042,0.44558558,0.98301524,0.33417315,-0.018704181
20140951,before,-0.67063684,-0.59528367,0.3193485,-0.23164968,0.56690494,-0.51607422,-0.65913671,0.38931479
20140954,before,1.5795468,0.26246451,-2.9648016,1.1558854,-0.83177473,0.99809774,-0.54919032,-0.10820939
20140963,before,-1.0452851,-1.5846827,0.17143425,1.332735,-0.11137954,-1.5216345,1.071722,2.3755377
20140976,before,-0.56320596,-0.48625229,0.22950218,0.71561066,-1.1501537,-0.91693701,-0.79016643,0.27533265
20140979,before,0.80475204,-0.30662943,2.8049192,0.70493194,-1.9536745,0.65683531,0.33145885,0.59613388
20140987,before,1.0047771,3.1260494,1.257391,0.64471557,-1.6167912,0.33524595,0.57730146,1.024479
20140991,before,1.0464805,2.6809188,-0.1354346,0.70352708,1.1943989,-1.989869,0.10664409,0.12918441
20140997,before,0.57371611,-0.010098347,1.6406017,0.20400552,-0.44740448,0.434084,-0.30973026,0.34210285
20141006,before,-0.21159008,0.039722726,0.1532832,-0.69238435,0.21650839,-1.3579309,-0.71929416,-0.4288938
20141009,before,-0.58295513,0.54282612,0.23752613,-0.33787814,-0.70881214,0.69272136,-1.5062414,0.078502638
20141011,before,0.55965665,-2.5218044,0.45257015,-0.089763009,0.92110686,-0.35834292,1.0734998,2.6990703
20141014,before,-0.2456583,0.081691836,0.50624815,-0.58145832,0.078232111,0.23051158,-0.091569965,-0.7994305
20141021,before,-2.6645535,-1.330539,-0.78934178,0.51234918,-1.2747704,1.6520213,4.7225162,1.8214613
20141031,before,1.3136066,-0.28050186,0.24271916,0.59633523,0.96208191,0.17129696,-1.0751151,-0.43607812
20141035,before,1.2771745,-1.1095854,0.5254138,-0.68611339,0.85992294,-1.2710939,0.96580449,-1.2808648
20141038,before,-1.6036034,-2.0467166,-0.97612293,0.54949002,-0.35969587,0.60490561,-0.20762666,-0.15396731
20141039,before,-0.37752645,-1.4336141,0.17380221,1.6052078,-1.1819425,0.31083452,-0.42328702,-0.65593303
20141045,before,-0.2346324,-1.1555546,-1.7250729,3.8704462,-0.41773316,-0.21843063,0.24424196,-0.35424003
20141056,before,-0.52096424,-0.16217019,-0.46235119,-0.75874755,-0.088195785,0.12618668,0.14944011,0.024033541
20141063,before,0.47787984,-0.22602227,0.39025336,-1.0008624,0.26267679,-0.56242057,-0.34271188,-0.48165933
20141068,before,-0.44553205,-0.14789168,0.51338658,-0.26544045,-0.38271246,0.083305144,-0.44954862,-0.87045665
20141074,before,-0.07714616,0.58663852,-0.45354732,-0.52414506,1.3190899,-0.3361265,0.11559079,-0.90700655
20141076,before,-0.66528958,0.11461836,0.62673395,0.52080438,0.067466821,-0.37784538,-0.13873045,-0.38463926
20141089,before,1.5354978,-0.64787858,0.81808397,-1.0917001,0.5306977,-1.4591508,0.73199883,-0.46657091
20141094,before,-1.465338,0.12978866,-1.3615615,1.1528978,-0.065574846,-0.50462917,0.96662137,-0.054982328
20141103,before,-0.043021037,-0.65826514,0.44469628,-0.26601744,-0.6292796,0.6174559,-0.014083909,0.26745852
20141104,before,-0.88847772,-0.12596476,-0.091467089,0.44198836,0.27676027,-0.74704653,-1.2751213,0.77656785
20141118,before,-0.92119168,0.71710882,-0.74759378,-0.098116931,0.59956773,0.11652564,-0.57159997,-0.29779192
20141124,before,1.1413457,2.1601451,0.086150526,-1.5186504,2.325285,-1.0520265,0.36507489,-0.13515185
20141142,before,-0.56441754,-0.54410886,-0.20851918,-0.33723127,-0.23190625,0.48598405,-0.24430583,-0.56011128
20141147,before,-1.1937957,-0.90279175,-0.15413282,-0.76196876,0.39122567,-0.66555488,0.043788933,-0.17943649
20141148,before,-0.44065933,1.1100182,-0.13639453,-1.4387294,-1.5759504,0.30345641,1.9165344,-1.8214448
20141157,before,-0.39900696,0.67647299,-0.15655355,0.16833442,-0.0036273786,-0.36473613,-0.40147351,0.10612142
20141160,before,-0.4994427,0.0089378679,-0.21643859,-0.85283277,0.659894,-0.49050287,-0.60905511,-0.24219019
20141165,before,-0.69992833,-0.010151264,0.27481418,0.37871368,-0.10652431,-0.74394414,-0.011888887,-1.3430593
20141169,before,0.13409463,-0.10200155,-0.17325913,-0.51244515,-0.037134836,0.13272765,-0.06332971,0.094052573
20141170,before,-0.28723813,-0.11185298,-0.74154992,1.1176264,0.094294812,-0.045341654,-0.035766951,-0.1996454
20141177,before,-1.0383012,-0.071186782,-0.087659927,-0.75680982,-0.23683579,0.0061944446,-0.39786019,-0.69049844
20141180,before,-0.25023079,-0.40961081,-0.26275627,-0.36830788,0.47596015,0.17040877,-0.59234397,0.43278447
20141181,before,-1.1931935,0.028156544,-0.60275367,-0.88912379,0.4278124,1.0405064,-1.0356415,-0.65278046
20141185,before,-1.028141,0.42742078,0.40179722,-0.60526231,0.28396976,-0.4386476,-0.16708316,-0.73428161
20150005,before,0.13485201,0.18973443,-0.037654855,-0.39024415,-0.85484874,-0.11368763,-0.35051316,0.69268005
20150010,before,-1.1461057,-0.41648398,-0.12187959,-0.61329609,0.15402015,-0.2970664,-0.78989257,-0.85845525
20150015,before,-0.61216177,-0.38336128,0.17555346,0.49621085,0.36535908,0.24615584,-0.20904718,-1.1475097
20150017,before,-0.94043366,0.4994817,-0.070237843,-0.89529436,0.55534764,-0.60723414,-0.83273379,-0.6824118
20150020,before,-0.51893236,1.5183757,-0.067769941,-0.65110521,0.82064895,-0.5868533,-0.42836736,0.21209438
20150024,before,0.34511076,2.3277862,-1.8372658,0.53628176,0.87350187,-1.2365829,0.1389942,0.84777745
20150025,before,-0.17011425,-0.91949134,-0.071638897,0.98435134,-0.69783365,-0.19312564,-0.3746966,-1.2733707
20150027,before,-1.1431662,0.54203858,-0.028212797,-0.0876709,0.046511179,-0.88912974,-0.15427955,-0.70898525
20150031,before,-1.025277,-0.069398492,-0.11782131,-0.82871989,0.38263449,0.045823523,-0.73660335,-0.73563482
20150039,before,1.4708365,-0.29581057,0.54049732,-1.1019344,0.13193797,-0.60327178,-0.82852752,0.77054645
20150049,before,0.46935848,0.11297323,-0.062688395,-0.51455677,0.33991682,-0.22627933,-0.75069673,0.33004299
20150053,before,-0.81628853,0.22433993,-0.79322768,-1.2224449,0.71041066,0.30547609,-0.34841227,-0.23386562
20150059,before,-0.76673955,0.57043737,-0.32389578,-0.3746051,0.56539163,-0.55988198,-0.55187529,-0.051435282
20150069,before,0.78508294,-0.99881604,-0.27522258,-1.4272953,-0.52533415,-0.39739759,1.8980406,-0.54227038
20150075,before,3.9165319,-1.2658501,-1.0463517,-0.9441901,3.6113728,-2.407034,3.4400537,-1.8410326
20150081,before,-0.87455511,-0.26156785,-0.20362922,-0.58896023,0.33589201,-0.5570024,-0.72995138,-0.43441753
20150083,before,-0.9103297,-0.59452597,0.41955944,0.86227521,-0.12524117,-0.0030362121,-0.48297065,-0.94600787
20150087,before,-1.2005639,-0.25694815,-0.88471088,-0.51917746,0.039831279,0.56347981,0.57276143,0.027750755
20150097,before,-0.52210913,-0.59999171,-0.31955578,-1.4845372,0.34576483,-0.33872205,0.039468909,-0.062638441
20150098,before,-0.77772584,0.21760572,3.7870378,0.95181956,-0.74881892,-0.57570143,1.4428997,-1.5128908
20150100,before,-0.95869794,-0.25079858,0.82814255,0.04760315,0.18791364,-0.2496577,0.043063423,-0.56807786
20150108,before,0.056846,-0.11093659,0.80479421,-0.91882505,-0.47141143,0.3913181,-0.59118726,-0.80626447
20150111,before,1.5945632,0.43697139,-0.73627591,0.29029939,0.73356958,-0.12224157,-0.70287222,0.6795021
20150112,before,-2.2463152,-0.40728693,1.7316049,0.50609264,-0.50789849,-0.93250958,0.17216435,2.1152712
20150115,before,-0.56951217,0.29530806,0.10365977,-0.56257841,0.38389255,-1.3713001,-0.38254518,-1.3804826
20150123,before,-0.21733829,-0.20119261,-0.22251777,-1.2074139,0.47972328,-0.22637218,-0.38686044,-0.30473398
20150134,before,2.9681788,-1.4391539,-0.54896343,-1.0187668,2.4987958,-0.54486973,0.94852224,0.67315173
20150135,before,-0.82101273,-0.36400452,0.6289448,0.2097757,0.13920393,0.62421867,-0.49770934,-0.47294933
20150140,before,0.63516767,0.58005203,0.36498906,-0.88139419,1.1493755,-0.66225007,0.35333778,-0.26023332
20150149,before,-0.93028503,-0.32220104,-0.28408999,-1.1160394,0.28636752,-0.51710476,-0.21425744,-0.35166402
20150153,before,0.93504825,1.2005714,-3.0412016,0.6894154,2.3023972,1.9126166,-0.11960549,1.5842186
20150165,before,2.3680659,0.6994023,-0.16887051,-0.25239746,-1.5690312,0.56958993,-2.1229146,-1.761199
20150167,before,-0.3243964,-0.78193686,-1.0943226,-0.067590273,0.025875964,-0.15375687,-0.048169766,-0.06135705
20150175,before,-0.12273931,-0.14363941,0.005762093,-0.87739356,0.32371115,-0.78102234,-0.29833394,-0.69972834
20150185,before,-0.46331911,0.33279141,0.47725965,-0.032216185,-0.90308243,0.0053468801,0.46056047,-0.88711754
20150187,before,-0.99730111,-0.036906914,-0.27049355,-1.1087297,0.25771822,-0.27703368,-0.57202814,-0.74827644
20150189,before,-0.91114756,-0.40869795,1.0864841,0.26612647,-0.50269218,-0.53106176,0.34381623,-0.57706927
20150198,before,-1.1112552,-0.33803801,-0.85407617,0.48500929,0.45812661,1.0938967,-0.11625492,0.37446381
20150206,before,-0.18467411,-0.2936661,0.23060154,0.27202842,0.99113617,1.0668951,-0.066866441,-0.65962465
20150212,before,-0.80723857,-0.98995074,1.0433164,1.4350409,0.37504641,-0.73984948,0.042747983,-1.5930098
20150213,before,-0.47230505,-0.40847924,-0.55217119,-1.5454732,-0.24733541,0.17673692,0.081172693,-0.79411049
20150218,before,-1.2991858,-1.3308588,0.44682328,0.52011009,-0.02479872,0.93461352,-1.0488379,0.085233386
20150222,before,-0.24940087,0.8486256,0.41227296,3.2745322,1.3695158,1.1357189,0.22128144,-1.0417613
20150231,before,1.1450789,1.2440625,-0.20383029,-0.63338064,1.7811673,-1.2703102,-0.52852368,-0.47686486
20150234,before,0.23239739,0.15730759,-1.17069,-0.01477877,-0.80396624,-0.046298301,-0.43173109,-0.77606837
20150252,before,-0.42838131,-0.89049562,0.76177457,-0.035468644,0.33084268,-0.58072292,-0.47061558,1.6763959
20150260,before,-0.20070747,-0.16377465,-0.38979857,0.51625948,-0.29562529,-0.43867485,-0.038899031,-0.86106002
20150266,before,1.1124301,-0.36875834,-0.8527858,0.31107936,-1.2665632,1.3722947,0.03430753,0.50276291
20150272,before,-1.1793731,-0.30555232,-0.069471111,-1.0380112,0.39062214,-0.43579074,-0.38563966,-0.25043261
20150285,before,-1.0905781,0.42793562,1.8107381,0.47711265,-0.61145378,0.062566655,1.5181496,-0.41142762
20150293,before,-0.59472994,1.3378543,0.89950874,0.52129876,-0.51601959,-0.73466282,1.7652601,0.8108618
20150306,before,-0.058102489,-0.15931799,0.37904651,-0.699124,-1.3269052,0.37319768,-0.22557652,-0.70514313
20150325,before,-0.7971753,0.033770611,-1.8908882,2.1374621,0.065972278,0.31506264,0.37721349,0.6066304
20150359,before,1.2818949,-1.0674387,0.35781808,-1.6521051,1.2433687,0.46709301,1.4277488,0.1306508
20150369,before,3.4305437,0.47855919,2.0962747,-1.2899682,2.7609984,-0.96255557,-0.43938424,-0.6757649
20150370,before,-0.70573709,-0.26572877,-0.65265105,-0.11322875,-0.52299197,-0.54116847,0.5493813,-0.40244349
20150371,before,-0.11316888,0.0011105242,0.43815837,-0.017428336,0.035085145,-0.1790307,-1.2768829,-0.94549114
20150373,before,-0.17478592,0.31339496,-2.0840964,0.73839553,-1.3547407,-0.87128645,1.3888888,0.034457579
20150377,before,0.44458781,0.78601729,-2.1209554,0.74815984,0.18095903,0.7534781,0.67978847,0.38193913
20150391,before,0.84281373,0.1757509,-0.053600457,-0.37142072,0.22997968,-0.95016386,-0.74906238,-0.8173566
20150403,before,-0.60892289,0.45738994,0.27624467,-0.057830399,-0.047463684,0.064327819,-1.0462748,-0.2716714
20150407,before,-0.86020897,-1.3574604,0.53598553,1.0983162,-1.4526668,0.49786179,1.3924807,-1.1805152
20150436,before,0.4725655,0.014860218,-0.49752324,0.74409471,-1.6281099,0.88895053,0.36694304,1.8425293
20150441,before,-1.6024871,0.58944307,-0.25848552,-0.43646149,-0.40003651,-1.3274738,2.5944422,-0.26186529
20150445,before,0.41118836,0.88573952,1.1834116,1.4966393,0.062868795,-0.3148754,0.26634105,-2.0319427
20150448,before,-0.18130728,1.0954046,-1.4268895,0.38638183,-0.7229454,-1.3295039,-0.84199572,-0.97569375
20150451,before,-1.2674665,-0.22389721,-0.19444367,-0.394933,0.21696304,-0.35101569,0.55094596,0.13697236
20150458,before,-0.82438858,0.058268494,1.4981799,1.2199352,-0.12780734,0.44119959,0.75431529,1.4074282
20150468,before,0.0046781145,-0.21484777,0.63687587,-0.18086379,-0.56305377,0.65420134,-0.06291261,-0.21826897
20150482,before,-0.40853998,-1.2418235,0.23219495,1.5108095,0.31978109,0.3163437,0.1213166,-0.6677944
20150483,before,1.1063633,1.141149,1.213873,-0.048487785,-1.5665072,-2.3856332,-1.6315435,0.78601096
20150491,before,-1.3878978,-1.5306493,0.61223609,0.8023558,-1.0088665,-0.24582739,4.7449792,4.5966326
20150496,before,0.85862209,-0.49400491,-0.90743985,-1.0894551,0.57296336,-3.1641572,1.7668167,0.86248722
20150499,before,0.10813092,0.15306692,1.7985175,0.44971885,0.066067551,1.6510624,0.87675622,-0.5988745
20150515,before,2.9938757,2.3581287,0.48457717,2.636577,1.6849086,-2.3759983,0.3948737,-0.2868617
20150528,before,2.7648594,-0.8793357,-1.394131,-1.2493862,-1.8960611,0.2671904,0.14387011,-0.28529501
20150532,before,3.7246738,-1.3329245,-3.7790932,-1.3952605,-1.1837628,1.2225881,-0.15409774,0.40660477
20150537,before,-0.81168129,0.4094068,0.68850543,0.069899823,-0.065547885,0.25201,-0.47079312,-0.88812265
20150539,before,-0.62953432,0.32723209,1.0837541,-0.023023607,0.061170287,0.39728745,-0.71986407,-1.0534518
20150541,before,-0.58423264,-0.75883535,0.7304356,0.61507771,0.20023719,-1.068817,-1.0426326,0.78719847
20150544,before,-0.57010092,1.0191414,0.37054029,0.85658417,-0.35949168,-0.95117744,-1.102049,-1.0190099
20150546,before,0.0069993389,-1.4233618,1.3557687,1.6391705,-0.044832944,0.28305133,-0.64090354,-1.3320337
20150550,before,3.2035202,3.7810265,1.6403545,-0.80266361,3.1737516,-1.9657453,1.1290665,-1.3035119
20150553,before,-0.15488733,1.2429591,-1.059397,0.82422388,0.18896691,0.77848929,0.512438,0.11909453
20150560,before,0.93117883,0.47692408,-1.4274826,-2.1910375,1.6616526,-0.50510608,3.3842083,1.9032706
20150561,before,2.209389,-1.9370105,-1.2779193,-0.95726443,-0.20714682,-0.38510675,1.6364487,-1.4337611
20150566,before,-0.038208973,1.2261372,0.25941632,0.20137395,-0.55151131,-0.67296767,0.20208024,-0.11747083
20150594,before,-0.25614808,0.65967667,0.12240388,-0.89022575,0.74571654,0.48760796,-0.67665284,-0.21356053
20150604,before,0.36613697,1.7568396,2.9293749,1.1961801,1.1359155,-0.064721506,-0.69501494,0.37264274
20150608,before,0.018835463,-0.17407794,0.16159963,0.090568338,-0.083675735,0.29044581,0.66758492,0.21177771
20150614,before,-0.26704982,-0.15945126,0.10456521,-0.83502209,0.20176674,-0.038059215,-0.42542693,0.24922448
20150628,before,2.154109,-1.4459357,0.67589324,-0.34674387,0.37386767,-0.97868987,0.083107234,0.36132598
20150629,before,-1.1879061,-0.099314167,0.094012298,-0.044529576,-0.18293138,-0.80290239,-0.068666341,-0.027396454
20150637,before,-0.48150591,-0.12041195,-0.11606247,2.152067,-0.033008515,1.7827385,-0.14960481,2.1447348
20150638,before,-0.66238862,-0.59043223,-0.60192093,-0.17757364,-0.13940727,-0.049995086,-0.026465144,-0.15441331
20150646,before,1.4710545,-0.12507306,0.25961876,0.022908086,0.25773786,0.2029245,0.86308195,1.1098248
20150650,before,-0.27145136,0.25686214,0.76879723,-0.18932844,-0.4362562,-1.3081419,-1.0091349,-0.35036463
20150655,before,-0.54106491,0.2826235,-0.1773059,0.010895995,0.79806199,-0.24502644,-0.86440118,-0.32535491
20150656,before,1.0362543,-1.680641,-1.1402157,-0.43671747,-0.37741169,-0.25098001,0.43398355,1.0521855
20150667,before,-0.22125396,1.1386388,0.1589503,1.1718206,0.60061034,0.57216951,0.090334807,0.06589641
20150669,before,-0.76047441,1.1394974,0.63448227,-0.30634361,-0.53781697,-2.3020617,1.0927412,0.14861024
20150680,before,-0.66269003,0.99239449,3.1891041,0.92870079,-0.3561687,1.2910516,0.48005129,-3.4363175
20150682,before,0.37646107,0.28007176,1.9143935,-0.53758966,0.19760494,0.77103096,0.071416088,0.0411417
20150699,before,2.2033592,0.57916678,2.3997716,1.2473599,-1.6142355,-0.092397017,-0.073408538,1.6048472
20150700,before,-0.075510153,0.2705377,0.54204292,0.45336477,-0.023023958,0.2108196,0.27681172,-0.7542175
20150717,before,0.47531232,-1.6441384,-0.42431311,0.093708662,-0.62116036,-1.3102042,0.071128451,-0.55724637
20150719,before,1.652721,3.8845753,-0.85858724,4.7874642,1.1049446,-1.7961437,-0.60435037,0.2904485
20150746,before,2.2050355,-0.36236949,-1.4334655,0.26491815,-0.30325998,-0.73859654,0.74261097,-0.17562781
20150751,before,-1.0337313,0.51753474,-0.30067786,-0.11592525,0.28503392,0.86909523,-0.11983882,0.25007025
20150761,before,0.78085438,-0.89769499,0.8562887,0.56122434,0.17862885,-0.47127911,-0.87745098,1.710615
20150765,before,-0.20658525,1.5806919,0.74370833,-1.3023878,0.088771855,1.1745282,-0.068559235,1.038555
20150783,before,-0.69405497,1.2385914,-2.0924503,-0.46749445,1.1282386,-2.3957926,2.5673419,4.1012358
20150802,before,-0.4634688,0.053621532,-0.79937807,0.37092616,-0.63680284,0.1223883,-0.15509408,0.22993179
20150805,before,-0.064409448,0.97216991,1.4029052,-0.00070461677,-0.54314314,0.077240856,-0.063187449,0.076413244
20150807,before,1.0514342,0.94228167,-1.9011726,3.2516613,0.063616339,0.088980148,1.2712001,1.1711426
20150809,before,-0.20040766,2.0388777,2.4763919,0.56432291,-0.21971272,0.085982912,1.0454121,-0.35642795
20150815,before,2.3726971,3.4088618,3.441002,-0.034661594,0.081857375,2.8037729,-0.14809903,0.93329852
20150821,before,1.7797268,2.2260287,2.1070224,0.84464307,0.45644127,0.58563106,2.3733156,0.017794044
20150827,before,2.6145665,1.5778744,2.6503504,0.11247419,-0.62452629,0.12726263,2.5465989,-0.60867016
20150829,before,0.17868599,-0.13404539,1.2779835,-0.52156116,-0.39990561,-0.96018701,1.034258,0.7790667
20150836,before,0.72235339,1.8442624,0.25899522,1.5356071,0.59883013,2.372329,0.30612457,1.1077697
20150843,before,2.23257,-0.44689567,-0.55143525,1.3899243,2.9060049,2.0524711,-0.22652149,-2.3127057
20150871,before,2.3273738,-0.71097276,0.87645865,-0.18067948,1.2301375,0.93517761,1.6647293,1.5634357
20150880,before,0.17499,0.043962503,-0.03761707,-0.39619523,-0.10982293,1.0300777,0.69036614,0.96820931
20150882,before,-0.13830781,0.26907563,-0.43530984,-0.32063975,-0.47747123,-0.68594982,-0.13094777,0.028557772
20150890,before,0.50619562,0.77410858,-0.69803765,0.44957198,-0.044861955,0.34776692,-0.030686962,-0.46093667
20150908,before,-0.51542286,1.4736817,0.30187756,-0.50156908,1.0489358,1.0195429,-0.019361816,-0.43302044
20150914,before,0.56696567,-0.053587378,-0.27247631,2.4248557,2.0049613,1.9594382,0.66612209,-1.5749812
20150917,before,0.25452702,1.3433622,-0.98213276,0.172317,1.8869986,3.2917917,-1.1235278,0.71671099
20150922,before,-0.033312641,0.68201724,0.083367384,-0.047634098,0.60207738,1.0524719,-0.55046091,0.067364482
20150942,before,-0.49522043,-0.055089511,0.75945718,0.69504586,-0.30006026,0.10231185,0.80280979,-1.971164
20150949,before,-0.45145386,2.1023083,0.25595767,1.4363741,-0.55115713,-3.9674829,0.29769194,-0.40597543
20150953,before,0.84424526,-0.2270277,1.0167448,0.20393542,-0.85798218,0.092987433,-0.22028315,0.067385333
20150971,before,-0.88190507,0.22691546,0.41108105,-0.68088373,0.028114599,-0.75280025,-0.7236388,-0.77574748
20150977,before,-1.1152502,0.20681392,-0.87723393,-0.51563229,0.48733894,1.1489337,-0.4678082,0.089668715
20150984,before,-0.25709395,0.042565533,-0.0027012793,0.25788785,0.52926668,0.71304389,-0.089115086,-3.0545253e-05
20150992,before,-0.063124076,0.22599661,-1.2060476,1.0721871,0.7732062,0.50699239,0.2501152,-0.49197551
20151014,before,-0.95804518,0.12651806,-0.47424453,-0.54333424,0.18841455,-0.61192028,-0.85773212,-0.3896443
20151023,before,-0.45164987,0.59000242,-0.012781846,-1.4846247,-1.8799544,1.0880395,0.20754522,-0.18205767
20151026,before,-0.53540021,-0.15253508,-0.1781988,-0.81828352,0.18821798,0.24249374,0.018321579,0.63828611
20151030,before,-0.49533591,0.2676679,0.78295679,0.58871593,-0.24340968,0.057291634,0.016931215,-0.87287337
20151042,before,1.6688508,-1.2063481,0.073802546,3.0925954,0.87812323,0.75615035,-0.45019788,-1.8235683
20151045,before,0.70590852,1.2676235,1.312647,-0.058816366,0.69913169,-0.27398264,0.54110724,-0.44562394
20151050,before,1.1453549,-0.027684063,0.57109585,0.28997015,-0.83364238,0.72180065,0.15950133,0.3577633
20151054,before,-0.39595723,-0.5466347,0.071423919,-0.94141881,0.032583971,-0.52752691,-0.41015816,0.34621723
20151067,before,-1.1537688,-0.4963076,-0.1646469,0.086881203,-0.46894543,-0.099245708,0.091803758,-0.20970573
20151076,before,-1.0453859,-0.24490305,-0.43566553,-0.12670623,0.17700236,-0.4601796,-0.47716906,-0.43047615
20151093,before,-0.64956653,1.0756167,-0.47043654,0.074897087,1.0693916,0.11913192,-1.0265502,-0.34231967
20151116,before,-0.44864134,0.25114483,-0.080350756,-0.70391679,0.53032775,0.56357434,-0.1912669,0.15272787
20151119,before,0.27087992,-1.4048725,0.92903238,1.1624789,0.93162142,0.5661479,-0.49812378,0.61336086
20151123,before,-0.53757128,0.30316744,-0.12767102,-0.67060314,0.4608464,-0.27986811,-0.55268252,-0.46537883
20151130,before,0.52326537,-0.46018475,0.049747894,0.60033959,-1.0146321,0.054193169,-0.38015418,0.087105299
20151136,before,0.26683114,1.7888971,1.490134,-1.2636279,1.4502761,-1.3785181,0.80320634,-1.3283433
20151141,before,-0.90507767,0.36895287,0.26255422,-0.81301176,0.58213951,-1.123347,-0.53799347,-0.79417721
20151143,before,1.7168395,1.9010508,0.12105364,-0.19060956,1.9852578,-1.2991831,-0.14320207,0.14404615
20151148,before,-0.47619109,-0.4990435,-0.36407296,-0.067897168,1.5257347,0.80343264,0.38175246,2.3618347
20151157,before,-0.30583137,0.8494539,0.96239566,-0.51949451,0.6527276,-0.450086,0.57189046,-1.420772
20151160,before,-1.1295886,-0.028601011,-0.31736857,0.00063809562,0.21314649,0.50297424,-0.062484563,-0.00027240091
20151161,before,-0.5431203,0.41425858,0.52520597,-1.3382606,2.4257086,2.4362928,1.007235,-0.56824449
20151162,before,-0.5582376,-0.60303973,1.1703132,-0.35623747,-0.91628843,1.1473146,-1.4237789,-0.30370915
20151163,before,2.574687,-1.2155555,0.8424392,-0.38644513,-0.81530172,-2.4742393,-3.4735229,1.50989
20151164,before,-0.4263942,0.66913424,0.054118251,-0.47071022,1.2744992,0.63720407,-0.64734277,-0.5852347
20151170,before,-0.84301284,0.70159421,-0.99886671,2.4936767,0.12382987,-0.01414486,0.73321423,0.61760605
20151172,before,-0.32510003,0.02321087,-1.8505703,1.6838644,0.55389754,-0.19509858,1.29505,1.0388211
20151175,before,-0.7187797,1.1185707,-1.9475278,1.7237602,0.86217915,0.6641142,0.58062658,0.43909043
20151178,before,0.039629351,-0.3743958,0.7317254,0.25560821,-0.79111064,-0.17544381,0.091714044,-1.1698013
20160006,before,-0.75999203,-0.25092349,0.90670174,0.11587969,0.69201023,0.25748602,0.2241394,-1.2104974
20160012,before,-0.35005508,0.18213697,-0.27041014,0.70444181,1.360786,1.0895091,-0.40833043,-0.1959466
20160030,before,1.1836476,-0.18992249,-1.3478381,-0.14224175,-1.1589322,0.97117045,-0.99723914,0.39389316
20160037,before,-0.90932435,0.13672279,-0.11633243,-0.90623607,0.23314585,0.2708796,0.28609595,-0.3987004
20160048,before,0.064108235,0.51349798,-0.67372966,-1.4760976,1.1219164,-0.5985147,-0.03052778,-0.92754148
20160051,before,-0.35976512,0.053078189,0.17206601,-0.22927456,-0.22224432,0.099284274,-0.59689581,-0.082757411
20160068,before,1.238358,0.27270102,0.8443271,0.018785204,0.67611669,-1.0325271,-0.78332645,-0.71535979
20160075,before,-1.0300204,0.060532492,-0.047809486,-1.0834436,0.13490325,0.012478379,-0.70193982,-0.58634391
20160080,before,-0.62081305,0.090982063,-0.10967422,-1.119799,0.12280738,-0.44868617,0.58478929,-0.19305599
20160093,before,-0.35098944,-0.2666986,0.2752747,-0.97212881,-1.2967858,0.64189512,-0.17039554,0.14021526
20160102,before,-0.86802364,0.22373854,-0.088730792,-0.94172335,1.2040458,1.4024612,0.21248541,-0.44604486
20160104,before,-0.094688349,-0.27616133,0.84441322,-0.4183488,0.68503989,-0.22749439,0.70396894,0.18804464
20160127,before,0.42873701,-0.23121697,-0.27402686,-0.23451838,-0.28535727,0.021145866,-1.4287987,1.4378011
20160132,before,-1.0935312,-0.019133693,-0.095931233,-1.0341728,0.22728363,-0.33079159,-0.56780864,-0.50410888
20160135,before,-0.076596566,-1.1056554,0.74309186,-0.24474661,0.54109506,0.68582935,-0.66005703,-0.95250416
20160139,before,0.55315036,-0.92389385,0.23525852,-0.5259408,-0.54551776,0.0075318538,-1.0685194,1.1214672
20160145,before,-0.89383546,-0.074885178,-0.0942799,-1.255909,0.38778677,-0.64107428,-0.53909316,-0.81311702
20160161,before,0.48733441,0.7836538,-0.14911321,-0.13573588,-0.96555799,-0.7930194,-0.33687177,-0.37448653
20160162,before,-0.36131681,0.26970764,-0.60719547,0.063180956,0.090743899,0.54629486,-0.47178829,-0.64483434
20160168,before,-0.15944861,0.80592365,-0.08069262,-1.0220994,1.6235312,-0.41937253,-0.47843253,-0.68448238
20160176,before,-0.39720095,-0.54552225,0.48651323,-1.0005965,0.5172357,-0.01835875,0.51565062,0.18106291
20160186,before,-0.78697215,0.055017703,-0.290084,-1.048764,-0.24541875,-0.13122408,-0.2386807,-0.11830466
20160195,before,2.0594929,-2.8873489,-2.4094002,0.88213594,1.8230081,-0.92643699,0.43904094,0.66892202
20160199,before,0.94605867,-0.38586757,-0.10850065,-1.2201652,0.88000437,-1.1898392,-0.059890803,-0.9609584
20160232,before,-0.35608072,-0.4788462,-0.91029432,-0.93682196,0.57946306,0.4040594,0.42273363,-0.4730845
20160248,before,-0.2550705,-0.17235711,-0.70117176,-1.5793455,0.19754035,0.84867297,-0.20332465,-0.69620561
20160253,before,0.53259451,-0.19412127,0.49286753,-1.5662438,-0.30912893,0.16371971,-3.0115399,1.5694158
20160268,before,0.91541265,2.2312128,2.9922031,0.93703282,0.72255924,1.2420154,-0.35919257,1.3970353
20160281,before,0.50818827,-0.34587938,0.67458306,0.2781856,0.19033579,-2.3506978,-0.48662227,-0.928921
20160288,before,-1.0949819,0.40536128,-0.22602775,-0.36626678,0.20276109,0.37461227,0.099087191,0.7364494
20160293,before,1.3139376,2.9421031,3.4611136,2.1048141,-0.54489262,2.3272998,-3.3133551,4.6064241
20160314,before,-0.7598446,0.83314101,0.56886567,-0.81744359,0.18015333,-0.63317147,-0.77147694,-1.0306
20160315,before,-0.80411761,-0.78519363,0.1037045,-1.0244801,0.93420213,-0.3145744,0.68569343,0.17985501
20160317,before,-0.075969816,-0.27154819,0.11603803,0.067963828,0.030436219,0.38479822,1.1334123,0.089418841
20160330,before,-0.76378092,-0.040413431,-0.8497484,1.3328584,-0.26715338,-0.65789394,0.05646553,-0.49348333
20160336,before,0.35155598,0.9915443,1.0242179,0.023779491,-0.73053951,-0.15084302,-0.066595058,0.97344618
20160337,before,0.95422184,1.4487707,0.81232953,-0.13286869,-0.19916359,-0.88775667,-0.84440876,-1.0583558
20160340,before,-0.32849774,1.0153431,1.2930119,-0.19152245,-0.19129115,-1.7029313,-0.078372306,-0.93254077
20160343,before,1.0259729,1.3394536,-0.73964121,0.57433894,-0.22363703,-1.308877,1.57189,-0.91886324
20160344,before,-0.58811838,0.27891484,0.83342408,-0.56768938,0.049240265,-1.7287304,0.54283511,-1.0476744
20160348,before,0.53722794,1.3917936,0.74899739,1.852092,0.26442661,-0.14740208,0.97419968,0.28407583
20160365,before,1.7040256,-0.58287519,-0.79132862,-0.88031024,-0.53871735,-1.0654639,-1.0068134,0.14875549
20160368,before,-1.3930915,0.77035832,-1.4496059,-0.12375141,0.20221562,-0.76430869,0.81422164,0.72864552
20160380,before,-0.66039056,0.091802874,-1.9976932,0.4928831,0.87703376,-1.0088486,1.1551023,0.75700631
20160395,before,-0.8745192,0.80996195,-0.25279201,-1.0721129,0.99950155,1.6598826,-0.25319955,0.17774696
20160404,before,0.23581403,0.65475017,1.1934478,-0.33998906,-0.62325031,-0.0067052587,1.1235568,-0.54918757
20160411,before,0.81392848,0.2997614,-0.80487867,0.98275812,0.69673951,-0.67585908,-0.60438345,-1.5221773
20160414,before,0.85462329,-0.70423896,0.47068434,0.50771658,-0.13951862,-0.30121794,0.82690242,-0.97649717
20160429,before,-0.86629029,0.47735009,-0.7750434,-0.59245146,-0.030848567,0.25664951,-0.013862352,-0.38192613
20160443,before,-0.93523071,1.0502797,-1.042755,-0.16410861,0.39425349,-0.059917679,-0.48618498,0.11400366
20160453,before,-0.79690607,-0.26526282,0.15188577,-0.79115406,0.35732504,-0.2791512,-0.81998416,-0.37299982
20160465,before,-0.69790658,0.10133495,0.20074567,-0.77010506,-0.40277036,-0.44661999,-0.52031627,-1.4814773
20160486,before,0.63090127,0.77969662,0.32124276,0.38673304,-1.0683683,0.73150643,-0.18230694,-0.47101967
20160487,before,0.0531739,-0.34884225,0.086894921,-0.64209529,0.62722826,-0.076501213,-0.23571949,0.20960137
20160490,before,-0.16563422,1.4542828,0.23778111,0.89281891,-1.5163194,0.83496849,0.21775392,0.96438604
20160498,before,-0.28476303,0.061154427,0.40199238,-0.36945134,-0.55544848,-0.10636279,-0.71106736,-0.30895277
20160516,before,0.26040476,3.035515,0.3207977,0.14405421,0.38645092,-1.1448839,-1.963718,0.3710097
20160523,before,-0.61512733,-0.27520672,-0.042260475,-0.28710712,0.15819612,-0.6070519,-0.31522828,-0.14422166
20160527,before,-0.31406249,0.36899441,-0.79032271,-0.40948306,-1.1976798,-1.2143131,-0.23117213,0.42229319
20160539,before,-1.1831804,-0.56528422,-0.42554343,-0.74641819,0.2810493,-0.37823402,-0.049148917,-0.68041524
20160546,before,-1.1436135,-0.301174,0.22374172,-0.62050967,0.034968146,-0.25412798,0.14653462,-0.3122867
20160555,before,-0.55318712,0.021200341,-0.82902037,-1.2594601,-1.0783868,0.37972501,0.11633456,0.59991156
20160565,before,-0.47669471,2.9641471,3.6605146,-0.21087284,-1.0546848,-1.5484911,3.7300201,-0.50405231
20160579,before,-0.28258499,-0.50477227,0.47215443,1.1043133,0.084405269,0.073256323,0.46748943,-0.29205689
20160587,before,2.2240034,-0.43837405,0.12737796,-1.2164737,0.84727925,-0.93512553,0.45165619,-1.0605284
20160599,before,-0.31971244,-0.29765655,-0.13419854,1.7289945,0.084149428,0.38176449,0.72595299,-0.56082125
20160601,before,1.2465817,1.1279506,1.9576397,0.44267201,-0.50994711,-0.36531001,-0.39810884,0.40900029
20160609,before,-0.7924431,0.34698,0.16977055,-0.84537419,0.068958644,-0.11479026,-0.073084379,-0.21185002
20160610,before,-0.22710822,0.1627659,0.33215993,0.62651007,-0.066629308,-1.2177815,0.15389091,-0.84900587
20160619,before,-0.49158459,-0.020752695,-0.62958287,1.6255242,0.52621885,0.54308147,0.11954755,-0.49080526
20160627,before,-0.014581852,-1.1618848,0.14529086,0.75137062,0.88588536,-1.3577662,-0.31025166,-0.63605891
20160630,before,0.68382112,0.35159376,1.4599148,1.1356044,-1.1256781,0.55490008,1.0491785,-0.13136064
20160644,before,0.21158489,0.21850702,0.99911712,-0.8362582,-0.039519837,-0.48026358,-0.007597968,-0.047042096
20160647,before,-0.38721809,0.19620158,0.7229028,-0.5944544,-0.10723275,-0.075266925,-0.7786534,0.05808668
20160649,before,-0.91170772,-0.42762177,0.25517093,0.044650068,0.099060209,-0.69513317,-0.33166115,0.56694253
20160692,before,-0.28806805,0.29124408,-0.17878882,-0.053510355,0.27326417,1.6972495,0.2952484,0.52019639
20160696,before,-0.87502364,0.63455285,-0.70635583,0.24789092,0.7843635,-0.19242035,0.31664111,-0.29660001
20160703,before,-0.95437805,1.6800347,-0.43326292,-0.61818488,-1.1528054,-0.46823357,0.81373445,0.26484719
20160711,before,-0.92712806,-0.7878128,0.16963781,-0.47318479,-0.53255533,-0.10476465,-0.24280422,-0.054300182
20160715,before,-0.69609298,0.45618611,-0.50008871,-1.3606319,-0.98544064,-0.23978227,0.99813253,-0.015704202
20160721,before,-0.61832625,-0.21013528,0.69132852,0.41869958,-1.1735576,-0.74707581,-0.42469125,1.1533228
20160729,before,-0.46778881,-0.088384718,0.38221773,1.3795059,-0.75268773,-1.084349,0.1416445,-0.21415946
20160735,before,0.59550771,0.96459559,-0.86250535,-0.055527893,-2.1094212,0.95845405,-0.3788719,1.7215551
20160738,before,0.18378302,0.6084319,-0.11605779,0.055078505,0.32647636,-1.4351997,-0.3894412,-0.91959667
20160742,before,0.1182076,0.39987994,0.31840291,-0.23157059,-0.15813574,0.3429481,0.036833752,0.0070377934
20160746,before,-0.46711029,1.3699628,-0.37311201,2.6647016,-1.9432286,-3.8198109,1.7177803,-1.5607964
20160748,before,-0.44506139,1.5002319,0.27110997,-0.080704358,-0.17772424,-1.3184169,0.023096913,-0.30440183
20160754,before,-0.15182121,0.20383863,1.1446973,0.32981883,0.0092921318,0.041831348,0.55952504,0.24086795
20160758,before,-1.9271254,-2.6079836,-0.82078167,1.2344396,0.056348512,-0.28800005,1.6079845,2.5789384
20160760,before,3.3353833,1.8573068,0.55991607,0.69720583,-0.024389791,-0.53295955,-0.11853044,0.96570532
20160766,before,-0.99118761,-0.70788547,-2.5216856,2.4405649,0.44006107,-0.09340452,1.2137719,0.29847606
20160775,before,0.9030163,-0.40777618,0.47250243,-1.0353475,0.81432257,-0.40129374,0.1576332,-0.29503561
20160788,before,0.065920594,2.7170291,0.68969154,-0.55584655,2.344225,1.148555,0.80190038,-0.75798121
20160797,before,-0.33672703,0.1020087,0.52048614,-0.35208931,-0.056146625,-0.15000074,0.0045541332,-0.34944044
20160800,before,0.13001249,-0.88708127,0.21103351,-0.86327416,0.23653017,-0.37578979,0.0011186128,0.34378185
20160815,before,0.2102239,0.5439085,0.31372226,0.64802559,-0.76633395,0.61884232,-0.93143825,-0.49087738
20160827,before,0.87228322,-1.3182758,-0.17101698,-0.73643675,-1.1193389,0.62605199,0.79350343,-0.53536241
20160840,before,-0.87006007,-0.21093655,-1.1651437,0.57708713,-0.16440891,0.28238237,-1.1930312,0.16338768
20160844,before,-0.30284218,0.42067982,-0.69211553,-0.16338593,-0.23336702,0.78887819,-1.0596561,-0.37240241
20160852,before,-0.88035748,-0.1250121,-0.48496292,0.4761068,0.04264506,-0.055049781,-0.19702091,-0.44620508
20160857,before,0.89787824,-0.1925187,-1.0193774,-1.1213578,-0.44482638,0.74252967,0.50540729,-0.32824056
20160861,before,-1.1490385,-1.0807876,-0.84911491,0.17814117,-0.23446594,1.2905949,-0.63151668,-0.22134344
20160866,before,0.059265422,-1.1695195,-0.037029758,-0.94893119,-0.70022688,-0.24275218,-0.65929246,1.952497
20160877,before,-0.3928988,-0.64643272,1.8278003,0.71920833,0.072318646,-0.19163906,0.78202988,-1.1322418
20160881,before,-0.6597663,-0.15208737,-1.0142884,0.039352614,-0.1139798,0.13875798,0.020748825,0.64917665
20160895,before,-1.0439095,-0.3286737,0.040577946,-0.67964078,0.44166245,-0.58176375,-0.35288953,-0.37054252
20160903,before,-0.7108184,-0.50285111,1.0886674,-0.30812106,0.67300256,-0.65061122,0.42558099,0.43083305
20160904,before,-0.61851218,0.34058359,-0.44333857,-0.39743848,-0.093581405,-0.54548793,0.28133164,0.051851458
20160911,before,-0.35710107,0.011683905,-0.22796063,-0.92259039,-0.068698337,-0.76143415,0.11289571,0.25018097
20160922,before,-1.3233662,-0.68359788,-0.35824427,0.70605427,0.045639522,0.2476371,1.011735,-0.54849333
20160927,before,0.44325194,0.40961559,0.2665007,-1.1627237,0.84750244,-0.47263187,0.10822846,-0.70419393
20160949,before,0.56206788,0.33928904,0.26512934,0.82421296,-0.94122807,-0.79582703,-0.33679229,-0.80335368
20160964,before,-1.0587677,0.30842821,-0.74420052,0.8127921,0.19724691,-0.47542873,-0.3551749,-0.18303871
20160972,before,-0.77921819,0.85599998,-0.24360223,0.5020413,0.54986206,-0.070307206,0.00040871135,-0.065132234
20160977,before,2.0596983,-0.10428127,-1.6821269,-1.7956849,-2.2244601,0.35268814,-0.065116219,-0.34882823
20160980,before,-1.2125324,-0.33631251,-0.84727553,0.61937508,0.37531936,-0.82794626,0.35089162,-0.1414934
20160994,before,1.4885684,-0.89637526,1.2070962,-0.50766086,0.18948314,0.47938776,-0.61603763,0.42093409
20160999,before,0.49650194,-0.43161099,0.3925622,-1.0496782,0.95336944,-0.60642708,-1.2206112,0.5756728
20161003,before,0.19919787,-1.8657229,-0.33689835,1.036256,-0.38095586,-0.50288091,-0.27360223,2.3581062
20161008,before,0.65456558,0.14210039,1.8204457,2.1279515,-1.2800137,-0.14176622,0.44476366,-0.28646967
20161009,before,0.0090616675,-0.53879682,-1.227696,1.8563156,0.14339305,2.3940366,-2.5015548,0.43112094
20161021,before,0.49738704,-0.1905357,1.6036599,-0.45598004,1.3132071,-1.5886215,0.3501347,-1.0857554
20161031,before,-0.18643277,0.80683124,-1.4913737,-1.4360968,-1.4575477,-0.051414263,1.1240693,-2.159554
20161039,before,-0.58284182,0.60641189,0.50349175,-0.53364384,0.65385596,0.50750996,-0.3638808,-0.54406653
20161043,before,-0.040087675,-0.38621043,0.6896423,0.56747214,-2.0572814,1.3484954,0.23717819,0.69961746
20161047,before,0.58386055,0.35722125,-0.96807574,0.20170031,-1.8489108,-0.78144983,-1.4088436,-2.1922339
20161051,before,0.71635905,-0.79914182,-0.086315154,-0.39869489,-0.57071553,-0.50048032,-1.1823419,0.45850291
20161052,before,-0.50339663,-0.41796266,-0.16432087,-0.15893821,-0.43196877,-0.22309936,-0.51204612,-0.27315642
20161053,before,-0.79117853,0.45680847,-0.56794263,0.0024856644,-0.067779697,-0.25924226,-0.40520076,0.53430389
20161058,before,0.21776499,0.63175237,-1.8788903,0.67046909,-0.99864119,0.19366249,0.8109733,-0.049703225
20161071,before,-0.70208429,-0.69657827,-0.48649559,0.7132989,0.32318617,-0.56892375,-0.091795058,-0.97403323
20161074,before,-0.33830837,0.59708606,0.50133803,-0.3262707,-0.56366953,0.051423071,0.19290294,-0.32936416
20161085,before,0.55387021,0.44021982,0.038370461,-0.073154759,-0.29469717,0.26759034,-0.84205934,-0.13466319
20161086,before,-1.0189069,-0.1358411,-0.80774741,-0.38092453,0.29507754,0.15992055,-0.73762798,-1.0211411
20161087,before,0.36508111,-0.9755856,-1.2137857,0.30635593,0.24330191,-0.43269595,-0.5999754,0.6391244
20161094,before,-0.33894438,0.49113226,-0.085664932,0.41799994,-1.5500793,-0.38779047,-1.125255,0.043409639
20161097,before,-0.8751172,-0.026913658,-0.26544824,-0.27989067,-0.30350131,0.56488265,-0.059754858,-0.31392464
20161098,before,-0.10864561,-0.27859241,-0.65288845,-1.5973541,0.28163039,0.15731037,0.32807175,-0.11169745
20161104,before,-0.65840573,-0.80664092,0.47574341,-0.54541916,-0.46076118,0.14218179,-0.61029344,0.36624782
20161120,before,-0.013486414,-0.13738081,-0.35451007,-0.051264122,-0.44945871,0.44922727,-0.40814449,0.14336316
20161121,before,-0.93585211,0.92932266,-0.22323021,-0.59411028,0.92625242,-0.67821335,0.6093315,-0.69929189
20161130,before,0.12044707,0.0035174154,-0.37452916,0.62975326,-0.74469341,-0.044933389,0.51016026,-0.33767303
20161135,before,3.3524672,1.0335774,-3.9984517,-1.0338206,-4.0194186,-1.6444236,-1.1174844,-2.3763773
20161143,before,-1.3063225,-0.59351921,0.13373996,-0.2307432,0.38071113,-0.1838416,0.25762988,0.54193628
20161158,before,-0.5511914,-1.0535948,1.3132255,0.32941802,-0.65378624,1.0995926,2.112406,-0.80342333
20161164,before,-0.44196141,0.12299989,-0.45117824,-0.37715514,0.5801739,0.53981014,-1.296272,-0.42756995
20161168,before,-0.10839108,0.61226631,-0.30692358,-0.81142561,0.092322988,-0.51328888,-0.98361084,0.098963089
20161180,before,0.26187282,-0.2068575,-0.93215625,1.2642075,-0.61231468,-0.32116574,-0.45557214,-0.75995347
20161187,before,0.16178998,0.15771321,0.24032467,-0.66881287,-1.6871297,-0.17660699,-1.3643468,-0.54860091
20170002,before,0.34728652,0.48793905,-0.7521221,0.043036276,1.5478338,-0.85033016,-0.26106294,-1.9071183
20170005,before,-1.0656449,-0.18742667,-0.49364031,-0.45980692,0.19538941,-0.093356522,-0.8000421,-1.0151391
20170008,before,-0.50502792,0.41755896,0.34787716,0.26727654,0.026576304,0.85364306,-0.35634189,-0.25960256
20170020,before,0.32199331,-0.69054603,-0.72658531,-0.040492453,-0.72374677,0.60525781,0.76050712,0.065125452
20170022,before,-0.83536706,-0.12133982,0.10321466,0.39148856,0.2005195,-0.59541642,0.26084484,-0.412621
20170023,before,-0.14182089,-0.98096036,0.96082803,-0.61456583,-0.021152108,0.94303564,0.18902154,0.50644585
20170027,before,0.22216663,0.37515184,-0.079757325,-0.1575537,0.50190154,0.032225422,-0.37307485,0.18654701
20170033,before,-0.30158357,-0.31313746,-0.60355328,-0.59347666,0.027344452,0.037007184,0.27858466,-0.036607397
20170039,before,-0.5813502,-0.34201664,-0.39879722,-1.2157699,0.47715285,-0.61030064,0.16032943,-0.20692054
20170049,before,1.3006054,-0.08804168,0.018715327,-1.0657746,-1.1502579,-1.2990614,-0.79574894,-0.46469658
20170051,before,0.023632443,0.967079,-0.8778513,-0.88210432,0.8492804,0.96380771,-2.2057572,0.10055987
20170056,before,-0.55728427,-0.98950414,0.46062716,0.66143522,-0.91566362,0.77545661,-0.03725222,-0.58692706
20170070,before,-0.74422664,0.7975271,-0.7766541,-0.18633666,0.74079995,0.056356822,-1.0090434,0.86788732
20170073,before,0.78920837,-2.0673752,-1.3876147,0.90167389,0.98854382,0.55740289,-2.9817373,1.5346696
20170082,before,-0.18291864,-0.71395748,1.2521768,0.50388126,-1.5135394,0.5733719,-1.2714911,0.080837373
20170092,before,-0.60608274,0.17728065,0.1643217,-1.0005326,0.46595144,-1.0055133,-0.81522486,-0.58863955
20170098,before,0.92919883,-0.39985649,0.1600718,-0.93741072,-0.28114508,-1.0987727,0.042878828,-0.39065715
20170105,before,-1.0365042,0.2896016,-0.17837517,-0.76675776,-0.17107935,-0.32325201,-0.71788721,-0.8048804
20170111,before,-0.3691391,-0.37916276,0.26970721,-0.35843281,-0.54327577,-0.42822706,-0.69628958,-0.72995102
20170117,before,-0.71211697,-0.014444956,-0.41785991,-1.3188769,-0.28128928,0.26546394,0.18345339,0.17063301
20170127,before,-0.62221,-0.44800679,-0.14440519,-1.1274196,-0.0011330631,-0.34593654,-0.76933419,-0.76637497
20170135,before,-1.3612035,0.95515568,0.93088778,0.74345482,-0.71626837,0.22018668,1.0630391,1.4541183
20170141,before,1.5631634,-1.5855138,-0.097965413,0.14229724,0.12950747,-1.2602242,-2.5906405,1.6195248
20170145,before,-0.69236925,-0.89298109,-1.0539271,2.8674369,1.2705862,0.070661714,0.59058127,-0.12866831
20170150,before,-0.6181672,0.33621241,-0.64000275,0.55443813,0.12889354,0.95318458,-0.40709927,0.63905919
20170154,before,0.47536655,-1.4404414,-0.79952004,0.023752122,-1.2999305,-0.9241556,-1.2867205,-0.78996802
20170167,before,-0.6198927,0.99776856,-0.4913733,-1.1265424,0.9095293,-1.2010823,0.26464748,0.19933652
20170171,before,-1.0522981,0.0014585185,-0.2269443,-1.0424698,0.45400786,0.078376668,-0.45911509,-0.62677406
20170181,before,0.25353287,4.2359594,-0.48963435,1.4982767,-0.30175,-2.7423332,0.48949181,2.2062132
20170193,before,-0.79667278,1.6020145,-0.68807648,-0.41863041,1.2254572,2.2785644,1.6241347,0.31049546
20170194,before,-0.37269775,-0.39226349,-2.5193985,1.5037938,1.7562926,-0.16588294,-0.16850502,0.68649515
20170225,before,4.8425553,-1.6584466,-1.2871394,-0.61666585,3.3680333,-2.2422662,-4.224314,1.2521844
20170228,before,-1.0086527,-0.56769512,-0.42807521,-0.65817479,-0.15583268,-0.33798498,0.53105098,0.71617572
20170242,before,0.10633169,-0.47986915,-0.52553926,-0.38057336,-1.2140628,-0.24613633,-1.3820198,-0.43361745
20170245,before,-0.93607186,-0.1066534,-0.31702858,-0.37838889,0.079650333,-0.35584796,-0.47303332,-0.3991918
20170284,before,-1.1848632,3.5033129,0.031857603,-0.61316001,-1.4907415,-3.4623329,1.5927547,1.0833314
20170285,before,0.94469724,3.0101956,0.87133194,0.37148331,1.5822331,0.83123577,-0.329106,0.10914625
20170288,before,0.15179309,1.3792567,2.3149924,0.77671984,0.93340155,0.033872019,0.85566576,-0.083371769
20170296,before,1.6647422,-0.83275939,0.7623688,-1.1328146,1.4873733,-0.95200988,2.0579727,-0.80150136
20170299,before,0.59838349,0.56373395,0.12986605,-0.41614126,-1.5351758,1.9639328,0.46742631,0.42714855
20170319,before,0.43192169,1.4406878,-0.60496175,0.28035105,1.2226345,0.023925078,0.98813522,0.7803276
20170329,before,-0.15744492,0.71454525,0.3625232,-0.79450445,0.64992045,0.84722628,-1.3366979,0.33605732
20170340,before,1.4162464,0.33257525,2.3899682,-0.23144698,0.17061021,0.41501632,-0.59317313,-0.73777014
20170341,before,-0.44437069,0.24887954,0.2264702,-0.3689247,-0.19317539,-0.87643539,-1.9059496,-0.45487432
20170342,before,1.0507623,-0.18777188,0.015994541,1.087359,-0.53226382,-0.92373781,-0.39705991,-0.301327
20170347,before,0.79777291,-1.1653364,0.30006632,-2.0982666,1.3338151,-1.4429871,0.55574452,1.7499892
20170348,before,1.3081996,-1.0431778,1.0009106,-1.4856984,0.69779267,-0.58669605,1.9004568,0.91103818
20170369,before,-0.88879177,1.1117486,0.93788729,0.23614644,-1.1789121,-0.086007472,-0.08775894,-1.4021332
20170375,before,-0.093656252,-0.30262321,0.9307035,-0.18409853,-1.6570096,1.0045731,0.037850413,1.3065266
20170381,before,-1.030233,-0.054970434,-0.49444083,-1.2809682,-0.27218349,0.37175846,-0.30517801,-0.19147846
20170385,before,-0.41749708,1.4552413,1.1137225,-0.33953548,-0.0682522,1.2191164,0.32782493,0.6455306
20170395,before,-0.63500526,-1.0789772,-0.18894853,0.28469221,0.4842188,-1.1407872,-0.34346134,-0.1396736
20170409,before,0.94523845,0.40498687,-1.3528433,-0.56358783,-1.2982203,-0.51500808,0.5508084,0.45201358
20170410,before,0.019317398,0.13268722,-0.65653851,-0.92522894,0.42112945,0.6710729,0.051529105,0.25645838
20170432,before,-0.21573444,1.8906601,3.2159586,-0.6293064,-1.11839,0.21129982,2.2198429,-0.40372527
20170438,before,2.1588904,0.60435182,2.3887662,-0.12891218,1.293908,-0.94437736,-0.80416892,0.50187557
20170446,before,0.66101408,0.70742816,1.7634955,0.77013089,1.7895267,-1.0497465,2.0665285,-2.2448138
20170453,before,1.4282847,1.1361892,1.5043471,0.85447772,-1.2973707,1.8225183,-1.4653029,-0.30928491
20170467,before,-0.93259031,0.06302192,-0.08782625,-0.42809206,0.076194285,-0.61667322,-0.35994603,-0.084818776
20170479,before,-0.70872176,-0.3529845,1.0277965,0.43774319,-0.03498915,1.2562992,0.22486734,-1.5785269
20170482,before,-0.36183549,-0.79154308,0.44199942,-0.022793554,-0.36768655,0.070694877,-1.1965648,-0.29762561
20170484,before,-0.32040799,1.1127778,-0.29754849,0.23926771,0.38812601,-0.01365424,0.22469942,-0.018596756
20170485,before,-0.20773681,-0.70661314,0.99444591,0.22898015,0.80945708,0.43349739,-0.49222445,-0.71594029
20170489,before,-0.77419808,1.0200534,-0.63386207,0.13093522,0.86434817,-1.4409565,0.33184285,0.044636573
20170491,before,-0.62388363,0.30921947,-0.07789022,-0.9444047,-0.12099472,-0.96846934,0.947751,0.90988614
20170492,before,1.5211352,0.23348471,1.5451712,-0.13445012,-0.92161399,0.17446453,1.0395577,0.43491075
20170498,before,2.9404321,0.044211664,-0.7433968,0.030495802,-3.885261,0.78549759,-3.2623946,1.9878555
20170504,before,1.0618541,-2.1230885,0.15073865,0.0016019853,1.1020304,-1.5531717,0.35026321,3.4531242
20170510,before,-0.088119747,0.23259622,0.41090451,0.97757118,-0.045635515,0.9489384,0.38758795,-0.84921785
20170511,before,0.04126264,0.30812994,0.45941208,0.94739075,-0.22237621,0.73320133,0.09473159,-1.8096973
20170514,before,-0.34200215,-0.3105547,-0.5748239,-0.93510316,0.11240115,-0.17517448,0.33112988,0.10395139
20170520,before,1.0583052,1.0053363,-0.92400605,2.0418976,-1.838965,-1.3908331,0.58449431,0.29296447
20170534,before,-0.23077361,0.37367891,0.43524475,1.1818772,-0.38231564,1.359337,0.68902591,-0.23571233
20170544,before,-1.054455,0.099278773,-0.85786481,0.88006227,0.037393455,0.030540263,1.0310458,0.25473281
20170548,before,0.57732813,1.5139119,0.8245105,-0.53042614,-1.5430212,-0.27775536,-0.28151036,0.99200315
20170554,before,-0.43167666,4.9119728,-0.36176101,0.072251711,-0.53277886,-4.3584551,1.5239589,2.9090681
20170556,before,0.7529087,-0.12657088,1.0640985,0.36123039,-0.54418428,-0.92528719,0.090978737,1.0908472
20170575,before,0.37786685,0.18471386,0.1375615,1.3870862,-0.10938309,-0.78613573,-0.66882146,-0.31101491
20170576,before,1.3867354,-0.42390126,-1.7124464,-0.70838162,-2.0431565,0.20267539,0.60141005,-0.28437308
20170587,before,0.77841637,-2.8961805,-1.8455091,0.39747548,-0.088941131,-0.83596458,2.7925247,4.0924179
20170595,before,-0.36561789,0.15694497,1.2384692,-0.33063928,0.031340676,0.24843631,-1.169521,0.067377061
20170596,before,-0.60316412,0.86812148,1.6119153,-0.30572853,-0.68701169,-0.079976285,-0.84948857,-0.18382478
20170601,before,0.65123229,-0.61730757,-0.29783686,0.90865824,0.76423355,-1.2959111,-1.013254,-2.2768176
20170634,before,2.8220493,0.74030044,-0.74395457,0.26279674,-3.3332554,3.8752667,0.91771809,0.034887088
20170643,before,-0.21056844,-0.10518184,-2.8640446,-1.912195,-1.913764,2.0087043,5.4593587,-3.2532544
20170662,before,1.4187669,0.30474903,-1.6756204,-1.1030223,-4.6640062,0.88534076,3.1503802,-0.65370102
20170673,before,-0.64441938,-0.4659288,2.9280832,1.7160099,-1.5113029,3.0751556,0.52487053,1.6593684
20170676,before,0.6236639,-1.1660872,1.1941476,1.6633051,0.26146629,3.4398644,0.10146032,1.1366964
20170679,before,0.49701073,2.5979016,-0.70054859,1.9678572,1.6627455,0.32186559,0.45769088,1.2406014
20170684,before,0.52952974,0.39696593,1.3408599,-0.397545,-0.70880511,-1.0287978,-0.55612123,-0.67814495
20170687,before,-0.68795165,1.0267768,-1.4422926,1.4661827,0.99558222,1.379417,-0.61321306,0.83665606
20170688,before,-0.86591053,0.049621112,-1.0375246,1.0513765,0.28777422,0.81111574,0.22732356,0.72815296
20170696,before,0.61020282,0.38114248,0.43994778,-0.010668208,0.14202988,0.10229239,-0.40619529,0.61160894
20170699,before,-0.49842645,-0.97015397,0.02616494,0.36750548,0.23612642,-0.754219,0.02719739,0.53708091
20170707,before,0.67083054,0.21262541,0.046564875,0.71107558,-0.70308356,1.8679933,-1.5546726,0.36325259
20170717,before,-1.1295282,0.89628738,0.4573902,0.3630972,-0.76571774,0.85418199,0.4143231,0.04694136
20170722,before,0.4636939,0.027032462,1.5821929,-0.68562778,0.154151,-0.029469534,0.20346283,1.2124755
20170727,before,2.0122198,-1.3093615,3.0481847,-0.27677099,1.6185427,0.76186344,2.0858486,-1.4949831
20170743,before,0.54129647,1.3063944,-0.11445586,-0.15324812,0.2062878,-0.74130478,-0.64551098,0.34043993
20170749,before,-0.46092213,-1.3727565,0.20275704,1.3614612,0.63290243,-0.56218882,-1.2587482,0.52944938
20170756,before,1.4471975,0.63115998,-0.27355375,-0.95462139,-1.5713269,1.0023661,0.83183833,-1.3777478
20170760,before,2.3062292,-0.40812926,0.074646577,-0.76791589,0.74106555,2.532326,2.2590329,-0.55321607
20170777,before,0.73009266,1.1557398,0.25277905,-0.55297584,-0.85219353,1.056305,-1.5408691,-0.22117652
20170781,before,-0.31371475,1.9035808,0.50089566,0.59801164,0.16252524,0.87153406,-1.2446314,1.675424
20170783,before,-0.1025505,1.4734893,-0.19039174,-0.23790867,0.68911813,0.79041857,-0.64244861,0.90763045
20170794,before,2.3765361,-0.42829264,-1.244072,1.2440432,-2.0385802,0.23399373,1.0004958,-0.98565925
20170799,before,-0.58449142,-0.16162456,0.13097962,0.71732395,0.041675144,0.73366522,-0.40950588,-0.87309599
20170807,before,1.4849197,0.72916419,0.38074781,0.7256187,1.0408873,1.0240886,0.13476057,-0.26714008
20170815,before,0.73311029,0.65740002,-0.10789151,0.79861569,-1.0362988,0.064824026,-0.13485794,0.26131323
20170818,before,-0.29953521,0.1585769,0.51888041,-0.62537554,-0.14717453,0.43546707,-0.91922725,-0.49051225
20170820,before,-0.5123271,0.62470109,0.55647027,-0.42049994,-0.20950221,0.44758595,-1.197412,-1.0739634
20170824,before,-0.60131958,0.027663292,-0.21515815,0.11224143,0.13408648,0.13717136,-0.053253076,-0.014939836
20170832,before,0.61223145,-0.077474888,0.76522571,0.41746451,-1.7033986,-0.17215607,0.55056486,2.0137361
20170843,before,-0.0785985,0.72689829,0.24503073,2.173174,0.18697828,0.77830942,0.93178529,-0.94370916
20170845,before,0.18999307,-0.13476723,-0.31872193,-0.34192212,-0.31484039,0.30107489,-1.3238961,-0.21845616
20170858,before,-0.49160556,-0.20527459,0.95252604,0.052166127,-0.045222313,0.27273487,0.6385959,0.46847384
20170866,before,0.47819274,-0.52898711,0.3392485,-0.8293756,-0.84187689,0.10398064,0.20487262,0.57351886
20170870,before,-0.25824416,-0.10308473,-0.59909868,-1.2568795,-0.49353156,-0.23008968,1.3191177,-0.050276492
20170881,before,0.81244208,1.0886171,-0.4318833,1.1795399,0.5960909,0.22333771,-0.051462978,0.45335971
20170885,before,-0.35287843,0.57494181,0.17080518,-0.88838432,0.16985345,0.13345236,-0.19975529,-0.34346668
20170890,before,-0.015838131,-0.51064861,-2.462453,2.0066435,1.4578591,-0.90512703,0.80703489,0.251652
20170899,before,1.3314544,0.4550715,-0.11241488,-0.30671536,-1.0644506,-1.2099573,-2.0446489,-0.94277938
20170905,before,-0.51965421,0.39884785,1.1065734,-0.62747465,-0.42372819,-0.12456531,-0.61087271,-0.63613644
20170907,before,0.82628632,-3.0938974,-0.27121504,3.7239094,-0.85054705,3.1883765,-0.69317057,-0.077852115
20170909,before,0.70081576,-0.92841831,1.2496942,-0.38486849,0.066271214,-0.50510558,1.2499632,1.7532368
20170912,before,-0.85551392,-0.25736274,1.478259,0.26288136,0.051552963,0.5093785,-0.88009223,2.9508768
20170920,before,-0.87294089,1.0014125,0.17826528,1.6052199,0.023500101,-1.0259227,-0.014190467,-0.028796833
20170922,before,0.2638215,0.50409874,0.84347555,-0.72737561,-0.071954364,0.075207307,-0.094415982,-0.58274284
20170923,before,-0.84630182,-0.22251318,0.22453561,-0.58005154,0.093846481,-1.4846929,0.42162723,-0.58756315
20170932,before,-0.30683922,1.4525743,-0.93490497,0.94232013,0.73910859,-0.9100318,0.3873075,-0.63034777
20170952,before,-0.17521401,0.88301476,1.5581473,-0.30991552,0.25154271,0.28726637,0.50978489,-0.57532213
20170957,before,-0.87193188,-0.84448543,0.39703215,1.0292947,-0.71564514,-0.93114696,1.1177997,-0.17996778
20170960,before,0.97183034,3.0134712,-0.20024653,0.67417405,1.0344817,0.32927323,-0.41995698,2.2797554
20170968,before,2.0704152,-0.5547837,-0.62593587,-0.24099024,1.2923022,0.16832538,3.3416814,-1.7827393
20170969,before,-0.54720528,1.7628006,0.048297298,0.92089013,0.6057704,0.71903966,-0.26683219,2.2912102
20170970,before,1.8216387,-0.40133091,-0.90125048,-0.60329703,-4.0600707,0.03180648,-1.7359884,-0.6619877
20170979,before,0.0026286086,-0.36751268,0.65027891,0.24665454,-0.26472449,-0.27105425,-1.5736739,-1.3698785
20170984,before,0.72723801,2.4345949,-0.79581561,-1.840134,2.6939799,1.9273468,0.77813625,0.73292868
20170988,before,-0.11986881,-0.72125402,-0.39881121,-0.23912253,-0.18487547,-0.39541406,-0.59103429,-0.74335083
20170993,before,-0.36937298,0.25731782,-0.37320434,-1.4282521,-0.98843179,0.96206914,-0.054556285,-0.21147287
20170998,before,0.33278361,-0.38723085,1.1175429,-0.84053849,0.24107923,0.16094066,-0.32420456,0.1681994
20171007,before,0.5305289,-0.28357052,0.46550063,-0.58352092,-0.90418151,1.0786267,0.016992261,-0.56319279
20171016,before,1.3910593,0.52359863,-1.1144982,-0.19072343,1.4586375,-0.65937086,-0.093435382,-1.4878606
20171038,before,0.71614547,-0.236894,0.53141128,-1.4029757,1.7342236,0.25963172,0.9573947,-1.3511677
20171043,before,0.14239339,0.3816449,0.63088968,-0.84298201,1.6403556,0.024080812,1.0770693,-1.5775342
20171054,before,0.059580277,-0.52884452,-0.27742142,0.8282941,-0.73866553,0.16523793,-0.21816042,-0.53686096
20171061,before,-0.022978783,1.0231974,-0.38657044,-0.54658792,0.66802652,0.16571965,-1.4768567,-0.41380749
20171068,before,-0.36433409,-0.98967019,-0.24388086,1.1806006,-0.89571699,-0.22430387,-2.0930586,0.35391863
20171069,before,-0.50321583,-0.15392242,-0.1575905,-0.7694206,0.25837535,-0.78275533,-0.83576604,-0.4158678
20171073,before,0.068623103,0.24793969,-0.52849156,-0.16814655,0.30646739,-1.3971846,0.23490774,0.62384752
20171078,before,0.86678839,-0.87804196,0.5966965,-0.65230155,0.26168647,0.26940299,1.1534257,-1.3164372
20171080,before,-1.0751958,-0.64714321,0.16544601,0.71755055,-0.36227365,0.38004013,-0.57548065,0.66834679
20171085,before,0.73762268,0.60060457,0.474491,-0.46556407,-0.014009494,-1.3807411,-0.67881856,-0.59179396
20171092,before,-0.19739233,-0.15667405,-0.33882141,-0.69449435,0.85588382,-0.88408361,-0.22580215,-0.72034139
20171097,before,-0.58169101,0.67825472,0.30701453,-0.28886342,0.38018723,0.096445662,-0.61597078,-0.073574272
20171104,before,-0.96134625,0.10361482,-0.43198423,-0.2293861,0.2592503,0.21421315,-0.7801974,-0.17102741
20171106,before,-0.62140145,0.57282931,-0.95202551,-2.2594769,1.3205239,2.0123107,0.58134395,0.90920244
20171124,before,-1.0836227,0.20156484,-0.34837884,-0.17798423,-0.2684795,-0.24125729,-0.34067839,-0.18600191
20171126,before,-1.0973987,0.10675789,-0.29172485,-1.258095,0.57747156,0.0010256041,-0.17914171,-0.41658654
20171130,before,-0.029919676,-2.8551484,0.17604237,-0.79253913,0.83606187,-1.3042155,2.4980488,3.1397752
20171141,before,0.41482935,-1.9255356,-2.8555496,4.3279318,-0.55303914,1.0559173,-0.26178472,0.024036198
20171155,before,-0.75466226,-1.6760856,-0.64426084,3.2726346,0.33906582,0.61837462,0.71556693,-1.2140659
20171159,before,7.1697662,-0.48376603,1.0128959,-0.49353465,1.9367168,-2.5480676,-4.2023041,5.9343548
20171171,before,-1.3918478,-0.36998777,0.66179914,0.4920198,0.13991861,0.75132093,1.6102778,-0.187091
20171173,before,-1.0455886,0.04678555,-0.15157448,-1.1715137,0.64081274,-0.57682746,-0.28562615,-0.7060129
20171176,before,0.62911137,-1.2448981,1.3853998,0.4440005,-0.03312149,1.7035467,1.5282545,-0.96276925
20171179,before,1.2840747,-0.87691777,-0.089034493,-1.1076191,-1.5131997,2.6830346,0.57958948,-0.59551127
20171182,before,0.079084133,-0.037783404,-0.87836482,-0.59609417,0.55647067,0.35151676,-0.20151523,-0.6431452
20171186,before,-1.0281082,-0.89404797,0.52542509,0.69602631,-0.15116816,0.17047259,-0.43051559,-1.6271505
20171189,before,-0.56557568,-2.1670536,-0.28846908,1.8047607,-0.22641476,0.27176091,-0.86279902,-2.1724744
20171190,before,0.52738359,-0.35976374,-0.41093125,1.9168234,-0.12684594,-0.24959024,0.069386732,0.18411731
20171195,before,-0.80374653,-0.59771335,-0.062919896,-0.13078095,0.20340658,0.94464225,-0.35810149,-0.314966
20171197,before,-0.44711048,-1.800146,-0.67988005,2.877752,0.52518908,0.46248876,-0.61219757,-2.3769198
20171199,before,0.37366306,0.48515822,-1.2049172,2.2447855,1.9932185,2.4639137,-0.31263317,0.70080937
20171200,before,-0.69506438,-0.029848912,-0.30105703,-1.0896105,0.52887655,-0.34486999,-0.29162819,-0.74463259
20180009,before,-0.79339626,-0.17971353,0.54189099,-0.083399431,-1.0231005,-0.9473037,1.154973,-0.11962384
20180010,before,-0.38177167,-0.472282,0.6800083,-0.15174901,0.063117107,-0.8446085,0.33429332,-0.49470603
20180011,before,-0.76952091,0.31800746,0.55159757,0.67766598,-0.45589019,-1.2554574,0.076075134,-0.69209786
20180016,before,1.0337712,0.021957185,-0.12684299,-1.3691149,-1.391638,0.12204601,-1.0916952,-0.57589718
20180039,before,-1.1566558,-0.10602274,-0.21624589,-1.1802269,0.34161744,-0.02707289,-0.74424812,-0.55144702
20180050,before,0.1908456,0.059329415,-0.47036323,-0.6345593,0.77201627,-0.19699597,-0.62994707,-0.81566565
20180056,before,-0.2087641,0.36734625,0.46560284,-0.80617705,0.17041264,-0.23692626,-0.26581925,-0.7470218
20180058,before,-0.8363584,0.23109783,0.18721862,-0.3115292,-0.070813219,-0.68547776,-0.4189819,-0.53445154
20180079,before,0.18628686,0.20894414,-0.87299527,1.2795009,0.15867425,-0.044418249,0.53159779,-0.48067097
20180082,before,0.58567188,-0.45243948,0.24234232,-0.59984208,-0.42706716,-0.546263,-0.34286633,-0.21243466
20180096,before,-0.66178447,-0.81766249,-1.1409543,-1.4503366,0.71391777,0.86251534,0.899941,0.49140411
20180099,before,-0.65501245,-0.329934,2.2814681,0.65692586,-1.6404036,2.11123,0.52133064,3.837948
20180105,before,-1.9429598,-0.8544591,-1.0699285,-0.66415808,-1.8491877,1.8151309,2.947262,0.54690529
20180106,before,-0.51351527,-0.012736264,-0.19431578,-1.0621012,0.395077,0.079416225,-0.92893049,-1.0664423
20180117,before,-0.94231551,-1.1783889,-1.2570458,0.96776092,-0.34039094,1.6437493,-1.5549816,0.22412882
20180129,before,2.4361508,-0.87017469,0.11339215,-0.54641692,-1.2997535,-0.20701568,1.5500839,-0.77473922
20180131,before,0.38795334,-0.42627679,1.0415845,0.56720505,1.5276794,-0.15231198,0.30491072,-1.4338796
20180138,before,0.05503727,-0.12900919,0.47976715,-0.34909423,-0.13497451,-1.8041789,-0.517872,-0.5861068
20180143,before,-1.4411853,-0.68296271,-0.61791539,-0.23312979,-0.18192117,0.060370854,0.94892753,-0.11963513
20180148,before,-0.45848005,-0.33427815,-0.7097594,-1.277524,-0.13942379,0.31655531,-0.47248138,-0.30209144
20180149,before,0.47043431,-0.097342351,-2.2985554,3.1835523,1.1562281,-0.16233591,-2.0121762,-0.9738265
20180154,before,-0.088289632,0.31013585,-0.63912061,-0.29915112,-0.60057384,-0.33782912,-0.43025645,0.065106441
20180159,before,0.33535303,-0.063640329,0.31089248,-0.80857409,-0.17864815,-0.69906822,-0.19503077,-0.36463809
20180160,before,-0.42496493,1.269733,0.19980366,-0.82404363,-0.73561389,-0.50916275,-0.94217634,-0.23534109
20180167,before,-0.99953426,-0.036789677,-0.34693119,-0.67607908,-0.52520072,0.22858352,-0.45571115,-0.22310098
20180170,before,0.83299775,0.25398125,-1.0179056,-0.64664551,0.36427591,0.075402654,-0.796853,-0.79572206
20180175,before,-0.75307442,0.67310076,0.047417111,-0.10350064,0.68743739,-0.2659322,-0.95532029,0.14579457
20180178,before,0.34490045,0.58917967,-0.93138692,0.3099201,1.3629167,-0.34921788,0.12622581,-0.46017731
20180181,before,-1.1448284,0.16443113,-0.24924059,-0.69520528,0.26134366,-0.32652895,-0.55368115,-0.72563235
20180182,before,-0.81019783,-0.92756746,0.26683497,0.022815192,0.49343096,-0.44368153,-0.76808383,-0.096954019
20180194,before,-1.1775584,-0.048086833,-0.52647987,-0.73908525,0.46592658,0.21633046,-0.39881495,-0.50260124
20180196,before,-0.81036358,0.51563364,0.18922892,1.4436881,-0.28427489,-0.58721374,0.56726925,0.44212158
20180200,before,0.30720525,0.15708335,-0.23322461,-0.48448272,0.85640894,0.61983717,0.13329765,1.132949
20180203,before,-0.17539542,-0.61657497,-0.40099931,-0.61434452,-1.024395,-0.32804918,-0.5652105,-0.11839136
20180231,before,-0.77954273,-0.41336775,0.13027274,-0.86287696,-0.060493116,0.10364791,-1.8477619,0.98419333
20180234,before,0.47248203,-0.70442625,-0.4421954,-1.075026,-0.18843148,0.82776374,-0.36264675,1.2911996
20180236,before,-0.31187955,-0.071472658,0.50267975,0.52943351,-0.36756526,0.0063667707,-0.25142996,-0.77945155
20180244,before,1.2453032,-1.2282173,1.6269152,-0.17849761,0.80899378,0.43517177,1.3670586,0.71970225
20180249,before,-0.53641752,0.33801125,-1.5342236,-0.051282225,-1.6862761,-1.2248054,1.3812896,-0.22182055
20180255,before,-0.27607731,-0.32795222,-0.33198224,-0.86767722,1.1874677,-0.51871779,0.47872376,-1.2647317
20180261,before,-0.1813358,0.076471371,1.8479192,-0.63735408,-0.76014199,1.4236669,-1.5980328,-0.29603582
20180263,before,1.1121031,-0.83973345,0.47042356,-0.59680234,0.79081796,1.5965928,3.3189206,-1.7842047
20180267,before,3.0760226,-1.3106216,-0.85943192,-1.3780629,3.3739655,-4.1338017,2.141512,-0.3209321
20180276,before,-1.021078,-0.93421151,0.26519785,0.38357716,0.05124175,1.3848249,-0.85157442,-1.3758322
20180278,before,0.33230772,-1.9279388,0.083375186,0.12727866,-0.44831906,0.086300511,-0.13924684,-0.4093049
20180283,before,0.065338971,-1.7006455,0.74638705,0.34978117,0.72870821,-0.082013037,-0.66110178,-0.14960693
20180287,before,-0.69992576,0.066400299,-0.28712516,-0.96717429,0.48411822,0.027263148,-0.41669618,-0.95395741
20180300,before,1.1696836,-0.89486754,1.1747578,-0.024774672,-5.1884262,1.7170687,2.4353771,-1.6220343
20180309,before,-0.27315703,-1.2778151,0.97131399,0.033877316,0.044374883,-1.2847253,0.29634557,-0.42730539
20180313,before,-1.0103954,0.641681,1.5250555,-0.78067473,-0.010680973,1.5135213,0.37419832,-0.65751533
20180324,before,-0.23802387,0.080239844,-1.2131887,0.20719278,0.31343515,0.62301391,-1.79514,-0.22945686
20180327,before,-1.0149684,-0.21409727,0.87985047,-0.096623734,-0.22969986,0.35237301,-1.45306,-1.6076745
20180333,before,0.37477428,0.36709254,0.44545724,-0.47346387,-2.2439963,0.98286728,-0.97630339,1.1884919
20180339,before,-1.3292098,0.0069960195,-1.0143604,0.097969537,0.051803816,-0.35968816,0.069670632,-0.16170599
20180346,before,-1.1353059,-0.33517893,-0.43928987,-0.70940012,0.26193983,-0.014591598,-0.49340703,-0.30072616
20180347,before,-0.35375494,0.41199474,-0.59988988,-0.39965533,1.3035421,-0.0092831452,-0.61158347,-0.50165645
20180365,before,-0.22972028,2.6140859,-4.5598262,2.2713351,2.3605118,1.5395841,0.65477679,3.1908821
20180368,before,0.68151013,0.7236458,0.95113827,-0.21954155,-1.4792217,-0.023387852,0.67470757,-1.0615138
20180409,before,-0.91305469,0.34023137,-0.60965947,-0.28401838,0.66710788,-0.32518652,-0.46310828,-0.040389729
20180415,before,0.67165405,-0.26188193,0.59625347,0.083499108,-0.27630408,-0.55029379,-0.17274563,-0.33084279
20180416,before,-0.79044435,-0.29637131,-0.1061349,-0.011434003,-0.21542158,-2.7708413,0.62843076,-0.32526409
20180419,before,-0.92948215,0.62345728,0.017292635,1.4159786,-0.87789626,-3.8883719,0.67031919,0.28826166
20180422,before,0.17385233,0.50035511,-0.35037637,-0.73339252,-0.66786489,-0.67917661,-1.2389845,-1.0007897
20180427,before,0.16885143,0.81945685,1.5860566,-0.16216812,-1.1599767,1.0588246,0.79941691,-0.62226339
20180435,before,-0.40268497,0.17554829,-1.3409632,-1.4531944,-0.52846901,0.13315927,2.3527624,-0.9609992
20180438,before,1.7570992,-0.32097641,0.19338563,-0.02641352,-1.0027548,-1.2083703,-0.13536123,-0.75150089
20180441,before,-0.62578664,-0.88379824,0.48484626,-0.69232767,0.32225675,-0.44669061,0.31140693,0.0027090023
20180445,before,-0.72711218,0.33298626,-0.058050558,-0.541046,0.031118539,-0.35634965,-1.2369404,-0.11564685
20180464,before,-1.1642148,0.41674076,-1.6609951,1.1795256,0.46673395,-1.5850979,0.44159668,-0.93881766
20180468,before,-0.85306802,0.59501053,0.47867389,0.66744361,-0.5187195,0.26084697,0.63338126,0.37687114
20180490,before,0.25563171,0.99170311,0.37548593,0.43776514,0.10155533,0.1335402,-0.88337077,-0.032094692
20180496,before,1.9271153,0.7582528,-0.24546586,0.83202691,-0.46051123,-0.33773814,0.12881056,-0.55533117
20180516,before,0.22133876,-1.2473836,0.1156552,0.023261245,0.28138874,-0.69602919,0.19610463,-0.21882716
20180535,before,-0.56568034,1.7227721,-0.60678491,3.8517671,-0.91858163,0.43878802,-0.53982354,2.2233502
20180540,before,-1.0463681,-0.37287054,-0.10829986,-0.29408643,0.3479586,-1.6051243,-0.088272135,-0.33674286
20180545,before,0.16980153,-2.4015379,0.59746283,0.13829952,1.6157201,-0.73179201,0.085013997,2.6186309
20180548,before,-0.054331654,-1.6331203,0.36115033,2.2792482,-0.15768569,-0.2398936,0.69800259,0.42017792
20180555,before,-0.23078464,-0.63008238,0.83096598,0.1442571,0.89520714,0.21860721,-0.79725574,1.4856658
20180558,before,-0.72464056,-1.3083145,-1.1720749,3.2429174,0.66662408,0.86731456,0.64697867,-0.39095785
20180563,before,0.11792833,0.98685722,0.015939119,1.1368994,0.3168693,-0.56617529,0.15826965,0.031447681
20180566,before,-0.79436829,0.11473169,-0.49712281,0.46081092,0.012568001,-0.19386768,0.17838559,0.36441412
20180576,before,0.18803768,-0.30636201,0.41268654,0.81291579,-0.58703511,-0.032144379,-0.40579828,-0.27065871
20180578,before,-0.20729371,1.1616413,0.14560072,-0.92451352,1.1712448,-0.13357481,0.17663541,-0.35150689
20180583,before,-1.2781814,-0.6282146,0.13438753,-0.54116956,0.0109804,-0.9431018,0.10619481,0.030106322
20180602,before,0.12295746,-0.0061235263,0.7993723,2.5456805,-1.9727078,-1.6545255,-0.79800927,-0.0076532025
20180608,before,1.6701482,0.036032945,-0.65887777,0.097767141,-1.1593003,0.58281789,0.90145157,-0.55232651
20180610,before,0.61990992,-0.73028772,-0.7855627,-0.23339457,0.24323227,0.32523922,0.46687836,-0.43541288
20180616,before,1.0567055,0.24055481,0.044651101,1.3341986,0.59959511,0.29604886,-0.89931478,-1.2680202
20180628,before,1.9868671,-0.26666613,-0.36264669,1.5387978,-1.4402479,-0.095656608,1.3499807,-0.62249579
20180654,before,2.9673545,0.27667682,-1.0699401,-1.2932301,-2.0520489,1.1150625,-0.3262553,1.6350781
20180686,before,-0.28136125,0.28119021,1.2185643,-0.54578554,1.1445207,0.29646552,0.70972763,-2.2617088
20180688,before,1.5420598,-0.77191113,0.99270326,-0.27408491,1.6361641,-1.0807729,0.80095416,-0.91320886
20180690,before,-1.4922997,-0.57702464,-0.84611972,-0.20824781,-0.18882667,0.39316634,0.035449576,-0.075393261
20180705,before,-0.94183545,0.1791734,-0.33256421,0.89653616,0.32910244,-0.34740577,0.92983611,0.52924838
20180707,before,-0.24564769,0.62887413,0.0047556723,0.52383472,-0.26264817,1.5115553,-0.24745029,0.53790736
20180715,before,1.330338,-0.31077061,-3.1824564,-0.62477444,-1.0325042,3.8295771,1.6192639,1.0743171
20180719,before,-0.38904489,-0.62505169,0.11477115,-1.4960363,-1.0622607,0.0011076377,-0.76304466,1.7517591
20180723,before,-0.83760378,-0.15715055,0.31960613,0.52636537,-0.26903741,-0.12470744,-0.41115002,-0.14210082
20180725,before,-1.4010526,0.86439249,-0.034119057,1.3842565,0.10962353,-1.5012567,1.4013563,1.5426648
20180733,before,1.5047726,1.064954,0.0028851952,0.11151551,-0.93397284,0.76036952,0.29826921,0.8187507
20180747,before,-0.75016863,0.029970658,-0.66032749,-0.71415646,-0.40864167,0.50583003,-0.61400713,-0.5249818
20180755,before,0.054038279,-0.67653224,-0.15565841,0.046914373,-0.079344275,-0.41660298,-0.50038349,-1.0330802
20180759,before,1.7426319,-0.96824127,-1.4963726,-1.2005618,-1.5643298,0.7844728,1.0717673,-0.96619794
20180772,before,2.5670824,-1.2292631,0.11084226,-1.624688,0.03595681,0.51823199,-0.55345272,0.72074758
20180783,before,1.964088,0.26087107,-2.1168483,0.053271412,-2.5402986,1.9614215,-0.33663845,-0.5697048
20180786,before,0.45846168,-0.78465755,0.059852667,4.3228203,0.36915433,0.75266081,-0.30221572,-3.2054735
20180803,before,0.67281287,1.2505401,1.0384928,-0.76622307,0.56573662,0.74044985,0.55488617,0.82584356
20180809,before,2.0182848,0.12637303,-1.5737854,-1.0425065,0.26881106,0.48597035,-0.27336223,0.087412661
20180813,before,-0.97721472,-1.702543,0.020047708,1.0521385,-0.51976119,0.85642836,0.15019927,-0.31980965
20180842,before,-1.0657088,-0.13480259,-0.13266303,-0.42658564,0.23456578,-0.35988067,-0.22158551,-0.28466109
20180849,before,1.3554086,1.385172,-0.31982189,1.6799753,0.99398472,-0.3300925,-0.72257572,-0.076119777
20180864,before,-0.48041634,-0.53043602,-0.12004417,-0.57406404,-0.40593441,-0.84491432,-0.73392732,-0.50894687
20180865,before,-0.9330986,-1.803918,-1.6236801,2.793726,0.50922275,0.98189167,0.45988195,-0.01521637
20180866,before,-0.87071165,0.0026992422,0.33678777,-0.4767047,-0.093801885,-0.33445581,-0.56189907,-0.42913018
20180872,before,0.010109977,0.41860579,-0.00083369695,0.80084044,0.73922189,0.45642988,0.66115438,-0.34253489
20180891,before,-0.86243277,-0.10060093,-1.3412628,0.82197712,0.54034554,1.1027255,-0.2962539,0.18093365
20180897,before,0.23910534,0.14643161,1.5332586,0.53085483,0.36546486,0.43570255,0.8293747,-1.642759
20180898,before,0.70745031,0.5142202,-0.067620162,0.55861847,-1.7269341,-0.196252,-0.67211972,-0.36544864
20180910,before,1.2702052,1.2262847,0.94081095,1.4170847,-0.11396078,0.40394078,-0.13659131,0.37422603
20180917,before,0.42396795,-0.17821453,-0.068363543,1.0833962,0.17703074,-0.39837665,0.33106831,-2.0571549
20180923,before,-1.1397336,0.035169553,-0.5020654,0.40218571,0.13843142,-0.4786293,0.34479773,-0.46982284
20180930,before,-1.1510591,0.1232835,-0.14972337,-1.0059206,0.78617786,0.19281155,0.022560272,-0.32060654
20180931,before,1.1079908,1.6063574,0.32493665,-1.0088088,-1.3543745,0.15232685,-1.0888152,-0.91793405
20180939,before,-1.125045,-1.0803825,0.054168512,0.1807026,-0.39887314,0.22138315,-0.99880459,-1.4321907
20180941,before,0.46213798,0.41979721,0.86794198,-0.23729841,0.028671628,0.15554635,-0.079722125,0.11506834
20180942,before,-0.57680523,1.3143105,0.31962067,-0.72137445,-0.6569975,-0.38052891,-0.98970219,0.039636211
20180958,before,0.69660841,0.43808175,-1.6392677,0.70153061,1.7218576,0.58453134,0.95874993,-0.60787941
20180970,before,0.43609022,0.47033404,0.041872397,-0.73974578,-0.2335784,0.81162154,-1.1918662,0.31364092
20180989,before,0.32026984,0.49658911,0.76895861,-0.39055355,0.63739866,-1.4794991,0.32703779,-0.78022596
20181005,before,-0.0090394876,0.37255069,-0.35061,-0.55754002,0.8633723,1.3097673,0.017520316,0.39774418
20181011,before,-0.14319546,-0.15584191,0.80929184,-0.17843097,-0.65562329,0.69524497,-0.92821136,-0.72195052
20181019,before,-0.9033288,-0.34938776,-1.1617335,0.016934948,1.0129581,1.419776,-0.71083094,-0.25864466
20181039,before,0.020069272,-0.13690902,1.4884814,-1.0522217,0.071138538,0.44922706,1.1870375,0.086167972
20181046,before,0.67248457,-1.3022384,-1.217062,0.047304109,-1.8938033,-0.8963217,0.49156859,-0.80537364
20181048,before,-1.1706885,-0.57886227,-0.49589114,-0.023993357,0.048238822,-0.13121086,-0.27456542,-0.98243753
20181052,before,1.7245407,0.17165719,0.13068593,-2.1615913,0.84292259,1.6609955,0.5624317,1.3956557
20181059,before,-0.38027189,-0.35331886,-0.88462346,-0.71434745,0.30377608,0.99840014,-0.81614436,-0.19681704
20181060,before,-0.28340363,-0.26480536,0.41403861,0.27248166,0.18929904,0.26941304,-0.27437811,-1.1358293
20181068,before,-0.3534955,-1.316706,-1.0772365,1.9983084,0.31445118,0.45159527,-0.30894187,-0.81961423
20181073,before,2.2785651,1.5325053,0.34269765,3.1390085,-0.78128125,-0.68458342,-0.26183476,2.3279251
20181088,before,-0.82908463,-0.34907179,0.54593113,-0.60081011,0.45568846,0.012678143,-0.050313297,-0.74466137
20181089,before,-1.0104898,0.76712319,-0.79958089,-0.73806528,0.88023458,0.32569239,0.1206783,-0.047093814
20181098,before,-0.52968079,0.47594022,-1.4148734,-1.3774272,1.8018521,1.9642905,-0.042502522,0.47976156
20181099,before,0.71665539,-0.87052281,0.28005829,-0.60501229,-0.066999885,0.48516185,0.6400681,0.57921612
20181107,before,-0.56731609,-0.15442293,-1.4725168,-1.3875571,2.0300018,1.9398872,0.45254794,-0.54817054
20181118,before,0.20131621,-0.51625559,-0.64920721,-0.26104615,-0.46111919,-0.66637488,-0.27939603,0.54929042
20181128,before,-0.8833008,1.0704621,-1.920779,0.66707376,-0.30363488,0.18331255,-0.24634497,0.41121425
20181129,before,-0.58143656,-0.85179677,0.14693202,-0.60366788,0.40613268,0.39604138,0.27908118,0.14143723
20181133,before,-1.2277402,-0.2927032,0.36935714,-0.23711411,0.042438069,-0.6574151,-0.72272063,0.01932504
20181134,before,-0.97112173,0.57843648,0.22661595,0.16371836,-0.42348504,-1.0074608,-0.4618525,-0.3835684
20181135,before,0.26073403,-0.24609983,-0.47898551,-0.58085175,-0.27270706,0.12935742,0.10063829,-0.27748805
20181141,before,0.24788669,-0.44544354,1.3750565,-0.71101726,0.17037113,-0.18930897,0.96986303,0.10825725
20181155,before,-0.15540766,-0.29846848,0.15723973,-0.056984987,0.95405049,1.1038793,-1.0780229,-0.096411519
20181177,before,-0.93112132,0.13076385,-0.86108214,-1.0544397,0.44974863,0.87810159,-0.35492809,-0.41921964
20181188,before,0.24578651,-0.26762989,-0.12540997,0.63237693,-0.31589449,0.076785275,-0.11435902,-0.35279848
20181194,before,-0.99993539,-0.078646362,-0.18310792,-1.184524,-0.050694533,-0.57899621,-0.74379295,-0.43394855
20181202,before,0.57647812,-1.2782546,0.87992063,-0.55110766,-0.32389984,-0.11408332,-1.9062112,0.50443215
20190004,before,-0.997789,-0.31648574,-0.089056101,-0.70279065,-0.00022368312,-0.12860362,-0.88307797,-0.84776804
20190008,before,1.5034413,-0.25705665,1.7280178,0.49684001,-1.7122282,-0.85753826,0.6106736,-0.53910119
20190012,before,-0.1921714,0.65035893,0.17180375,-0.78529744,-0.78923445,-0.61836777,0.20570245,0.41887411
20190013,before,-0.48363733,0.43183693,-0.99193808,1.979017,-0.10187469,-0.27051021,-0.55639234,0.16418651
20190014,before,-1.2364024,-0.45427714,-0.085092695,1.6977599,0.11824954,-0.64932545,0.072401247,-0.089292478
20190021,before,0.87087257,-0.64775799,1.0948093,-0.42144815,0.0047035759,-1.0727624,0.74338669,0.24375544
20190028,before,-0.33609118,-0.20425551,0.57832435,0.41067976,0.57476153,0.082942528,0.29166337,1.0061056
20190036,before,0.31635461,0.431985,0.18798379,0.29459241,-0.92750108,-0.7083399,0.52493028,0.46906285
20190042,before,-0.067054025,-0.31336907,-0.30132977,-0.15227203,-0.31436325,-0.383953,-1.0352081,-0.29086132
20190050,before,1.1213136,-0.46487568,-1.5270911,0.27542671,-0.86058088,-0.93561001,1.6772392,-0.066248473
20190052,before,-0.15855206,0.069781049,-0.21052759,-0.96278285,0.55465627,-0.11429675,-0.55797934,-0.13260947
20190065,before,-0.26225574,-0.58524898,0.34366237,-0.60413966,-0.70581007,0.25263822,-0.20692038,-0.53276035
20190069,before,-1.3931536,-0.58959689,-0.87329945,-0.58762636,-0.17972097,1.0737405,0.29674528,-0.37110675
20190077,before,0.38976149,-0.86139157,0.10920167,1.3458404,-0.020852889,0.63066593,-0.31323462,-0.2284923
20190087,before,-0.52107354,-0.98575458,0.026411484,0.5807341,-0.53369928,-0.27311976,-0.74877873,-1.5238768
20190094,before,0.62135354,-0.58239691,-0.61721863,1.0398953,1.6262703,-0.37938078,-0.73303049,-1.7916243
20190096,before,-0.61545997,-0.1382885,-0.38933421,1.5591153,-0.12180726,-0.95347745,1.1141241,-0.39346664
20190110,before,-0.81899533,-0.29250436,0.18959943,-1.0015017,0.4879183,0.11662288,-0.045643026,-0.76243003
20190116,before,-0.13619569,0.29549319,0.50282369,-1.0556062,0.45496347,-1.0017452,-0.6003927,-0.98565829
20190118,before,-0.47938134,-0.22825138,-0.20333989,0.45266886,-0.024268269,-0.68496662,-0.61920985,-0.78751753
20190120,before,-1.2429921,-0.76234685,-0.36092199,-0.22335103,0.093901381,0.34773313,-0.66568007,-0.40504809
20190122,before,0.12136046,-0.60588535,-0.67151651,1.4950962,-0.91571432,-0.90421451,-0.65931679,-1.4807475
20190129,before,0.95644568,-0.45615701,-1.8085785,1.0502438,1.6168692,0.23370924,0.64941217,-0.94939492
20190137,before,-1.0355845,-0.019397256,-0.4454309,-0.5923026,0.10217558,-0.014529888,-0.95035139,-0.63700638
20190151,before,-0.94253652,0.26467748,-0.24819701,-1.4211215,0.60551662,0.53745805,-0.57617481,-0.65640061
20190156,before,-0.15895741,0.0759232,0.64684686,1.5924239,-0.14090918,0.9884683,-0.74259232,0.64749066
20190160,before,-0.54530457,-0.0064263323,-0.20535289,-0.40153085,0.01489761,-0.2793103,0.015826703,-0.3280048
20190171,before,-0.47680845,-0.30568822,-1.2446318,2.1912602,0.23205815,1.6736347,-0.9674517,-0.11434636
20190172,before,0.91555196,-0.61949066,0.056913043,-0.32486374,-1.2537268,-0.57429273,-0.38205353,0.37875936
20190178,before,1.1071655,2.5175727,-0.96819795,-0.18425746,-2.5889807,-1.053331,0.43765637,-0.15467209
20190188,before,-0.29232222,0.23393735,0.096877237,-1.4075153,1.2725044,-0.49295374,-0.58783243,-0.56496775
20190190,before,0.65169013,0.18599893,-1.1857581,0.37430982,-0.82325015,-1.5028358,-0.25573258,0.86172428
20190197,before,-0.074989333,0.58188065,0.11637011,-2.0671663,2.1805776,1.9252933,0.53006589,0.3953899
20190202,before,0.0080319794,-0.74379059,1.1379017,-0.027398669,0.49600823,-0.33361606,-0.36408292,-0.20398054
20190207,before,0.081349787,0.27223673,0.67286697,0.18425434,-0.70224485,0.63507462,-0.11670598,-0.65064755
20190209,before,0.45532653,0.49820064,-0.50965985,-0.98448452,1.5625677,-1.7675448,0.442335,-1.3626293
20190218,before,-0.82621546,0.15537522,-0.25406986,-0.64125223,0.145809,-0.12574589,-0.67850145,-0.54672211
20190221,before,-0.68104662,-0.15946635,-0.6456429,-0.57875733,0.37839219,0.25675087,-0.88563011,-0.61132667
20190237,before,-0.6324854,-0.32758057,0.41580342,-0.933647,0.56901123,0.0406293,0.26666217,-0.23391233
20190239,before,0.29999091,0.069535209,-0.19216597,-0.749379,-1.1537672,0.0057210396,-0.6415612,0.48289656
20190255,before,-1.1695891,0.67877633,0.56940831,-0.31966974,-0.84435059,-0.51474236,0.096141718,-0.050831395
20190257,before,0.63305147,-0.14241919,0.43373686,0.63716962,-1.4205267,-0.19274258,-1.1452311,-0.25920997
20190277,before,-0.39870999,-0.46069295,-0.94994316,0.58791669,-0.10657651,0.061585662,1.3282653,-0.322352
20190278,before,-0.92416142,0.51248464,0.26492848,-0.65166643,0.0298291,-0.43654769,-1.0825066,-0.75428788
20190310,before,-0.37486822,0.13838602,-0.11475242,-0.79938697,0.21463741,-0.84119223,-0.77423584,-0.76927995
20190316,before,-0.22764798,-0.045196287,-0.72687989,-0.1126836,-1.0118806,-0.1722796,0.064052788,-0.78692649
20190325,before,1.7705525,-1.1678104,-0.56189782,-1.0246028,0.25583651,-1.2118525,-1.0186106,-0.27575507
20190332,before,-0.54496883,-0.15597973,-0.80797859,-1.1974235,0.22773914,0.53161446,0.34394983,0.29382447
20190337,before,-0.7118337,-0.30796022,0.23164964,0.45214906,-0.079600332,1.400439,-1.4165398,-0.29992892
20190342,before,-2.8611181,0.85252754,-0.59205653,-0.46099566,-1.5459987,1.5859642,3.002618,5.0677903
20190348,before,-0.17352859,0.36852396,1.1210568,0.49796261,-1.2283352,-1.1061976,1.2471306,-0.31731366
20190349,before,-0.40571506,-1.4056264,-2.6008273,1.927523,0.22172111,0.80721189,1.6217153,0.66612581
20190371,before,-1.0067563,-1.129943,0.28376641,-0.3318143,0.53936735,-0.58876891,0.86272752,0.10789489
20190376,before,0.33558219,-1.3262563,0.21606606,-0.626385,0.48874582,-0.64035029,-0.016451931,-0.8384458
20190394,before,0.40122499,0.055650016,0.063220402,-1.0396752,-0.59643613,-0.18602588,0.51331958,1.0589655
20190397,before,1.3585408,0.58132702,-1.2784401,-1.3317209,0.43103155,0.46061384,2.8546202,-0.44584432
20190400,before,0.61340186,0.36184063,-1.877344,-0.010722877,0.75695907,-2.0859773,0.84506973,0.39782316
20190414,before,-0.28840216,0.016144286,-1.1073821,-1.0429787,-0.89672274,0.60539261,0.14759582,-0.09721542
20190425,before,2.9986793,-1.8179866,-0.9695555,-0.49852122,-1.2917611,-0.80539119,-0.74006564,1.1825953
20190445,before,0.74235013,1.3158897,0.28675113,0.14339741,0.83841144,-0.21121733,-1.6663322,0.032961837
20190453,before,-0.31028969,-0.42935964,0.00037834441,0.67935256,0.04669863,0.16409992,0.071548039,-1.2420774
20190464,before,0.36812736,-0.17048432,-0.18030944,-0.3779668,-0.25674857,-0.48939342,0.12869325,0.27079524
20190467,before,-0.52073072,1.3445863,-2.1895979,1.1045749,0.78972265,0.53333034,-0.66733889,0.56975551
20190472,before,0.16878121,0.80543848,-0.7924872,0.68223837,-0.094331644,-0.6094148,0.13898679,0.777249
20190480,before,0.48951809,1.1645828,1.2938723,0.098779281,2.3514107,1.9378144,1.9455042,-0.61886908
20190489,before,0.91897483,0.77099308,0.063550124,0.62733946,1.5037257,0.24360118,0.77445905,-1.0068961
20190490,before,-0.58525668,3.4930167,-0.8600897,0.88187773,-1.0542836,-3.4697518,0.57509162,2.431831
20190492,before,-0.66188446,1.142526,-0.42786416,-0.13017969,0.38403179,-0.17520673,-0.37084921,0.38934963
20190497,before,-1.4218262,-1.1488365,-0.20954483,-0.69168178,0.53492112,-1.4143945,3.8123753,0.70389897
20190503,before,1.3534231,-1.0709489,-0.44731869,-0.07798309,-0.87267587,-1.0528002,-0.15522474,0.84659658
20190509,before,-0.55033103,-0.30671547,0.52607661,-0.45169357,-0.40129788,1.0102915,-1.1733191,0.16878591
20190512,before,-0.34752122,-0.081318773,-0.020406697,0.98621207,0.20630011,1.3342278,0.86650668,-0.66240584
20190517,before,0.080514855,0.077378351,-0.031084582,0.13968337,-0.69271644,-0.25253678,-0.22209019,0.045899637
20190519,before,-0.77336418,-0.18585728,-0.016221432,0.44155466,-0.43415411,-0.2180878,-0.34440876,-0.24980798
20190529,before,-0.36695462,0.03189576,0.41737374,1.2287265,0.33457996,0.68701081,0.55147018,0.88515747
20190532,before,0.86419412,-0.086871498,1.2390526,-0.13478591,-1.1427804,0.47352554,0.77838913,-0.081515743
20190536,before,0.59687253,-0.37586151,0.92082206,-0.60143099,-0.29585754,-0.16354912,0.56031125,-0.5528857
20190559,before,-0.80346961,1.2789693,-1.3608178,0.39366639,0.61620133,-1.0976485,0.94312271,1.0392487
20190568,before,0.76392793,-0.024119424,0.086618946,-0.44473118,0.089902834,1.5371657,-0.44914613,0.39806983
20190574,before,0.078663886,-0.054139962,-0.44093737,0.21535379,-0.92250912,-0.80381897,-0.64281735,-0.35772105
20190580,before,0.3462452,-0.49975416,1.1520619,0.82823357,-0.66029473,-1.2650349,0.77958551,-0.31763641
20190583,before,0.239396,2.1199143,-1.3839497,1.0721291,2.5050292,0.95248161,0.055123317,0.33252617
20190591,before,-0.58074616,-0.9424069,-1.6657949,-0.034101282,0.29119445,-0.14568698,0.50424244,1.375877
20190598,before,0.54635755,0.49882436,-1.2310586,0.19563844,-1.7277786,0.082769176,-1.1331059,-0.86020567
20190605,before,1.306411,1.3293748,-0.022103634,0.65941434,-1.9419911,-0.10096745,0.30854751,0.36113709
20190620,before,-0.033078724,0.71241486,-0.106853,0.13901937,0.026952353,0.23902358,0.23943631,0.35294269
20190626,before,-0.096790026,0.59113563,-0.41597644,2.4609493,-0.78210074,-1.6344113,-0.025478672,0.15593595
20190639,before,2.6632539,-0.82824335,-1.1958248,1.2891727,-3.7519674,-1.5429403,1.2941979,-0.33074662
20190657,before,0.0011280247,-0.81996068,1.0439484,1.1132839,-0.1430631,0.63916561,0.060388068,-1.1253787
20190661,before,0.77973964,1.558632,3.1494768,0.84254863,-1.5863547,1.3985915,1.5261629,2.1502158
20190664,before,1.2244237,2.385725,-0.064881122,1.5108919,2.1096545,2.8675261,-2.235462,1.4638313
20190674,before,1.0262359,1.9024626,0.25490606,2.1802199,-0.48311507,-0.86780774,1.3336834,0.69267268
20190677,before,-0.99398648,0.18314273,0.51075271,0.26463174,-0.25700556,0.32013756,0.060142564,-0.79521268
20190683,before,-0.74938553,0.41977235,-0.23052391,-0.60831886,0.29847152,0.060970009,-0.54389692,-0.13102257
20190687,before,-0.37133969,-0.84529671,0.35443379,0.12240771,0.38069007,-1.5789477,-0.76498884,0.88148802
20190691,before,-0.017948161,0.067001985,-0.90651462,-1.0841473,-1.9172259,0.063890695,0.73054877,-0.52044088
20190695,before,-0.49524165,1.0138453,0.28187385,1.8263859,0.53922747,0.1718174,1.0846652,-0.16329744
20190716,before,0.20167399,-0.012061234,1.6931616,1.660496,-0.60398519,1.2265571,0.088770961,1.4799515
20190725,before,-0.2214574,2.0312555,-0.49611467,0.76831703,0.59329051,0.85188948,-0.076874759,1.5832943
20190728,before,1.253496,3.9097857,-1.204516,-0.7320815,0.11413862,-1.6306774,1.2487315,0.15212669
20190742,before,1.4323754,0.54684593,-0.015533385,-0.27832706,-0.99481457,-1.0064119,-0.54821225,0.076773703
20190746,before,-1.20622,-0.32534739,-1.6235535,0.8264504,0.77654122,0.52295115,1.7773189,2.2013524
20190765,before,-1.5042624,1.0695788,-0.44502267,0.3002052,-0.78494656,0.15626822,1.6381549,0.73913145
20190777,before,-0.93537176,0.0049719985,0.85478936,-0.19745119,-0.31545848,0.41309458,-0.60742321,-0.82452692
20190785,before,-0.50633666,-0.13278031,0.0031666607,-1.2844054,1.1794592,1.2519183,-0.40290345,0.39482194
20190797,before,0.094379323,1.2391855,-0.88203999,-0.28790056,-0.51223724,-0.74922446,-0.2162754,-1.2940762
20190812,before,1.0848061,0.33144475,0.78452499,0.048932982,1.1312983,-0.19051497,-0.52720449,-1.4866256
20190813,before,0.40789408,0.084790094,-0.46615364,-0.80732326,-0.77292191,1.4429496,-1.2253385,0.14123079
20190815,before,2.4164187,0.6053183,-0.072351251,0.11380893,-0.13989753,-0.68392056,-1.3659847,0.29450493
20190836,before,0.21827084,1.069472,-0.52528638,-0.92426788,-0.024814589,0.77712193,0.7291511,-0.29490287
20190844,before,1.7187926,-0.51618228,1.495916,0.64306706,-1.7749447,-0.81078914,0.036052988,-0.3334528
20190853,before,-0.28961514,0.79704637,-0.2616342,1.2046501,0.47688149,0.84472013,-0.3980653,0.31872019
20190857,before,-0.62020245,1.2137663,-0.47301384,-0.32129103,1.2144039,0.71190258,0.31869949,-0.45294174
20190863,before,-0.76256367,1.0570794,0.64625061,0.41893702,0.2329121,-1.3892536,0.91000958,-0.94105209
20190867,before,0.26880216,0.23326499,-0.25266518,-1.0722147,-0.36021707,1.0024584,-1.0387964,-0.24768127
20190870,before,1.6012355,0.37391438,-0.70594662,-0.95894774,-2.1192641,0.13893236,-0.60446462,-0.16231911
20190875,before,0.2164139,0.6851714,-0.2204422,0.9994654,-0.9983757,-0.98425365,-0.67169213,0.4580249
20190879,before,1.9088185,-0.1331856,-0.019952182,-0.35436374,-1.1409944,0.59924006,0.091238879,0.35697423
20190886,before,0.86858737,1.4500055,0.2803235,0.21222762,1.5042981,1.9104077,-0.79090477,-0.34021098
20190887,before,-0.62224789,-0.93637549,-0.51516665,1.1026334,0.088445,-0.82553067,0.68618911,-0.24951305
20190893,before,-1.8664471,-1.3233989,-1.7316782,0.8583259,-0.13443309,-0.057924846,0.70174909,0.42130369
20190900,before,0.2057325,-1.2879839,-1.3350935,-0.93557599,-1.3136859,-0.26548519,0.55291416,1.2159954
20190904,before,-1.0423803,0.52928054,0.24322277,-0.64333298,0.048649509,0.12452452,-0.55643243,-0.54952353
20190925,before,0.51624958,1.9084272,0.68644767,1.1061839,1.1864134,-0.3214828,-1.4993574,1.1900028
20190927,before,-0.35344884,-0.43873832,1.0282871,0.71720236,-0.46006332,1.4535602,-1.2917975,0.8587579
20190943,before,-0.17178949,0.84634607,0.51513888,-0.14398537,0.41271658,-1.1901222,-0.8135898,-0.78258748
20190948,before,-0.80335205,0.5051418,0.38721547,0.44700147,0.30910916,-1.3272659,0.2398137,-0.78068364
20190951,before,0.10177464,1.2890471,-3.254551,3.2568088,2.730025,2.7579626,0.22627705,1.4448391
20190968,before,-0.71911773,0.38252231,0.30999529,-0.54188169,0.37220527,-0.63226677,-0.81725131,-1.3209308
20190970,before,-0.32228521,-1.1555452,0.034183178,-0.18184072,-0.0097392093,-0.54278919,1.2474478,0.45972108
20190977,before,-1.0656696,-0.58275053,-0.55819093,-0.18035105,0.28739432,-1.0538779,1.2697601,-0.019846027
20190987,before,-0.84601164,-0.68314221,0.83671695,-0.37917647,-0.012097063,-0.36418815,-1.0658461,0.91790872
20191004,before,-1.0543747,-0.61941549,0.39550255,-0.58924541,-0.27059181,-0.76733238,0.0069797364,1.2014565
20191010,before,1.0272356,-1.4455146,-0.62090463,0.97708325,-0.43418505,-0.62968131,0.20429177,-0.9474875
20191014,before,2.5261918,-1.9003314,-1.239677,-0.26802599,-1.346204,-1.7783562,-0.56794379,1.4384033
20191015,before,-1.0163258,-0.17046558,1.3343616,0.12271253,-0.52948968,1.2140215,-0.47671765,0.72835891
20191020,before,-0.86051307,-0.41205636,-1.2978287,-1.2122411,0.46971566,2.1281076,1.4243871,1.8423644
20191039,before,0.22150663,0.11725693,0.77171873,1.3749767,-1.3381818,-0.13927299,-0.25312287,-0.67573047
20191042,before,-0.46238,0.30078354,0.22328136,0.070543325,-0.27420445,0.17864971,-0.13501969,0.42540211
20191052,before,-0.18519091,0.31665852,-0.30690267,-1.566655,0.66187079,0.73410614,-0.3912125,0.15551263
20191057,before,0.055033254,-0.55007883,-0.053479135,-1.3612204,0.92359617,-0.21867011,-0.044816509,-0.17708001
20191058,before,-0.53109042,-0.33048989,-0.32235902,-0.79494336,-0.21223601,-0.51743269,-0.69129731,0.1449986
20191070,before,-0.48795304,-1.5843505,0.34701006,-0.49387882,0.44138649,-0.10720698,-0.67121174,-0.13931116
20191084,before,-0.16987161,2.2110639,-2.6987375,0.65067757,2.1924477,3.1374348,0.26999231,2.5571847
20191087,before,0.97678181,0.60874201,0.39948098,0.79067939,-0.70356454,0.10056164,1.6212001,0.32705416
20191097,before,-0.31599445,-0.34346314,0.82151525,-0.68342006,0.0092864695,0.021793625,-0.8177494,0.21770277
20191103,before,0.36063528,-1.3359839,0.26454301,-0.48277047,0.37892686,-0.36742979,-0.73745508,1.5918812
20191104,before,-0.047935897,-0.046489327,-0.36014702,-0.97021405,-1.2871896,-0.045098501,-0.093348096,0.93717251
20191110,before,0.017209174,0.67770489,-0.11700209,-0.70859213,1.0983386,-0.49948828,-0.0029181306,-1.1068665
20191127,before,-1.5834083,-0.087789382,-0.27312539,-0.29947407,0.51374729,-1.7636174,0.93001419,1.0391277
20191128,before,-0.76610978,-0.015938065,-0.20493214,-0.89585027,0.52047876,0.18115114,-0.76641281,-0.45810492
20191150,before,-0.72049936,0.55406973,-0.48375096,-0.011485975,0.16155531,-0.22195135,1.0990555,0.11774478
20191155,before,1.4508914,-1.0207494,-0.47726781,-1.5321559,-0.043346897,0.15319454,0.98854513,-0.35158267
20191177,before,-0.77731015,0.43156418,-0.24411503,-0.88747002,0.39571942,0.26006298,-1.0921975,-0.029091303
20191179,before,-1.1155354,-0.15770906,-0.49700506,-0.32691255,0.16631833,0.38618818,-0.70529569,-0.19652638
20200075,before,-0.52949093,1.5823389,0.35423937,1.6138963,0.9086563,0.23428344,0.26853096,1.5897902
20200115,before,-0.47596741,0.25006015,-0.41299681,0.15755976,0.16332888,0.72842328,-0.78625554,-0.026026477
20200222,before,0.2397943,-0.2526976,-0.40908849,0.30013991,-0.6515195,0.84391631,-1.0952412,-0.38648521
20200285,before,0.14237771,2.4860132,-0.9428236,0.26150353,0.54770976,-0.1137844,0.93416503,1.7133796
20200288,before,-1.1123119,0.15983745,-0.34738463,-0.70866251,0.37284308,-0.3986164,-0.58689839,-0.74874506
20200367,before,-0.63144601,-0.15472857,0.16712799,-0.89051577,-0.94931363,1.0735316,1.4179898,-0.3663216
20200502,before,-0.48950502,-0.43328521,-0.5481192,0.47965198,-0.32930559,-0.29525209,-0.85331537,-0.7610925
20200561,before,0.19725234,0.13421237,0.14197188,-1.3971031,1.1331437,-0.26591256,0.441636,-0.50412589
20200569,before,0.14906172,0.14070046,-0.45184241,-0.37529547,-0.26829127,0.74732523,0.18502159,-0.84676253
20200598,before,-0.95448509,-0.2133134,-0.065268798,0.067121854,-0.55947839,-0.52506745,1.0076157,-0.68302681
20200632,before,-0.11421625,-1.8586178,-0.37205219,-0.77916824,-0.11514328,-0.3480092,0.5771735,1.1713314
20200643,before,-0.84420035,0.34906016,0.12611364,-1.1575523,0.58569957,-0.25399313,-1.17267,-0.99553511
20200685,before,-0.5377316,-0.72314587,0.81005246,-0.13048539,-0.12878691,0.85776801,-1.2058778,-0.46617247
20200759,before,-0.14291508,0.62466825,-0.77920663,0.034197036,0.8018739,0.65158416,0.14145802,-0.26492228
20200790,before,-0.85999651,0.2954124,-0.76735552,-0.52371931,0.63794334,0.44230773,-0.65299013,-0.21021181
20200994,before,1.8346852,-0.018914914,-0.08827501,0.88243994,-0.42139861,-0.76901886,1.0371356,0.28552252
20201027,before,-0.76250685,-0.040189339,-0.34796124,-0.67764349,0.63437091,0.32932297,-0.40080129,-0.64907988
20201100,before,0.29400814,1.4274463,-0.5246859,-0.36529152,0.31867818,-0.27171962,-1.7629413,0.9902875
20201113,before,-0.44765787,-0.38423653,-0.33963191,-0.042962273,0.38799841,-0.49743455,-0.64025263,-0.77464718
20201175,before,-0.47576527,0.042416969,-0.47602021,2.2398193,-0.11218593,0.31027351,-0.31135822,-0.35697629
20201192,before,0.13084066,0.040518704,0.44964661,0.28429924,-0.10615609,2.1530087,-1.0808295,1.516386
20201245,before,1.485584,-0.79017128,-2.5851586,-0.86650168,-1.5148078,0.67297899,0.36044923,-0.89487337
20201322,before,1.0001229,-0.18378301,-0.83786925,-1.1040885,1.0622104,-0.6489465,-0.58131855,-0.87436159
20201408,before,-1.7868651,-1.293565,-0.1895407,0.25499423,-1.3431834,0.81913914,-0.7278007,1.3415191
20201416,before,0.84474109,-0.44029738,0.78440946,-0.63088152,0.59827542,-0.83921747,0.08308901,-1.1657661
20201429,before,-0.52023731,-0.90089167,-1.1385879,0.15884566,0.24889562,-0.26716225,0.83550747,-1.439024
20201535,before,-0.21349205,-0.29850507,-0.38487408,-0.50167761,-0.39625426,-0.386861,-0.19441546,-0.56054954
20201617,before,0.0014746078,0.43928129,-0.035251306,-0.50806647,-0.94545966,0.31825617,-1.1517403,0.20887443
20201732,before,-0.4703085,-0.2935269,-0.44260602,-0.66237927,0.035654421,-0.23093065,-0.090882531,0.019568084
20201807,before,-0.084724722,0.22521609,-0.23926386,-0.80819222,-0.87267658,1.0373572,-0.29451244,1.3838295
20201882,before,-0.36889547,0.21068976,-0.056552008,-0.44969125,0.29292113,-0.75825497,-0.90264405,-0.032938416
20201884,before,-0.44733671,0.26820118,-0.93326881,-0.782169,0.67592534,0.12197638,-0.49625208,0.085415296
20202023,before,1.4358863,-1.0248955,-0.41584607,1.2487265,-1.267404,-0.46141843,0.75338953,-0.65561303
20202129,before,-1.3157868,-0.23683793,-1.41709,0.13890298,-0.40630896,1.4012949,-0.0014398451,0.076296244
20202177,before,-0.91311361,-2.0573154,-0.90589051,2.8857979,0.017043805,-0.16874269,1.6311845,0.14421279
20202267,before,0.025631501,-0.50654104,-0.84758721,-0.56424237,-0.28557229,-0.35310874,-0.08441425,0.39537164
20202365,before,1.2846816,-1.0966378,-1.0203876,-0.65056296,-1.8495422,-0.47571748,0.31760443,1.0547183
20202523,before,-0.23418913,-0.47190128,-0.35254722,-0.53348794,-0.26636933,-0.27496321,-0.52738068,0.080972555
20202667,before,-1.2846443,-0.17785483,0.83362724,1.3422781,-0.36921057,0.41309749,0.30497826,-0.65235421
20202709,before,-0.46094687,0.13628229,0.50197399,0.77892616,-0.26499758,1.4449393,-0.79626899,0.1496649
20202743,before,0.29432318,0.89943396,-1.3169324,1.2761439,0.84801818,0.57041057,0.43056009,0.23767408
20202994,before,-1.350515,0.29160021,-0.051704714,-0.63047985,-0.05840162,-0.66127746,0.099517015,1.6121486
20203066,before,-0.7602572,0.36364763,0.62583585,-0.5370741,-0.94802163,1.6165558,0.23295926,-1.0547286
20203101,before,0.26393586,0.59307773,-1.0989066,0.62911257,1.0230771,-1.0833597,0.033954665,-1.1139067
20203146,before,-0.26747573,2.4260863,-0.9986346,2.2202443,-0.17706118,2.04511,1.1901441,3.9729939
20203207,before,-0.84815047,-0.96630184,-1.7662993,-0.087124223,0.3656843,-0.84789991,0.58882341,0.81098708
20203231,before,-0.95195761,-0.16633822,0.1362394,0.40266636,-0.20239104,0.59559459,-0.62720485,-0.68320393
20203282,before,2.3289109,0.22330516,-1.7185014,0.028193952,1.0777792,0.64471629,-1.0323064,-2.4468608
20203303,before,-0.39917988,1.3703789,0.92080406,-0.11640741,-0.11665241,1.7115632,0.41862416,0.45219257
20203333,before,-0.6214962,1.6027327,-0.70457271,-0.094838915,-0.077069003,-1.3816577,0.61591121,0.91376454
20203373,before,1.8543482,0.51938307,-0.44180146,-0.2375112,1.2974654,-0.033815801,0.18751422,-0.76536991
20203389,before,0.39679334,0.36933479,-0.79863381,-0.25772538,-0.34736915,0.47321101,0.23715578,0.23001009
20203470,before,2.6040996,-1.9666665,-1.5415904,4.081335,-0.082464542,-4.8677681,2.0267858,2.1960796
20203660,before,-1.078458,-1.9550697,-0.57208492,-0.05339771,1.0128793,-0.33856418,2.1787581,2.0121079
20203664,before,-0.56058622,0.51781481,0.32518764,-0.2886496,0.77201657,1.3151797,0.89756761,0.79439367
20203686,before,-1.0699627,-4.2235626,-0.52389296,-0.31538481,0.68597335,-0.78329865,4.031455,6.3138658
20203738,before,-1.3228286,-1.3016609,-0.07253818,0.96270577,-0.75924021,0.10989115,-0.27968827,-0.17656853
20203778,before,0.15536921,0.042858814,-0.36489106,0.69255823,-2.1390642,-0.21402473,-0.24257725,0.18747768
20203888,before,0.1683912,-0.23084345,-0.4613147,0.99933447,0.77634972,-0.69497077,-0.48235343,-0.36785929
20203947,before,1.2280503,-0.09649485,-0.78961567,-0.23004357,-1.4873218,1.0829466,-0.50459898,0.02653206
20203983,before,-1.4199002,2.2161512,3.4652708,-0.20592727,-2.4850387,2.9230848,-0.69628656,2.9828555
20204034,before,-0.057704658,0.28178849,1.6455981,-0.0056803647,0.024666188,-1.5501396,-0.93287401,-0.46029973
20204062,before,-0.99247587,-0.68884618,0.46754247,0.22167498,-0.13472063,-0.53369677,0.086277761,-0.74893645
20204069,before,-0.7721897,-0.75402155,-0.33595354,0.23198226,-0.29234399,-0.35257506,0.68525128,-0.15901256
20204070,before,-1.5093109,-1.2882295,-1.2740246,1.1270743,0.32733804,2.6785208,0.76891707,0.13776806
20204079,before,-1.0728362,-0.59200884,0.012921282,-0.093992434,-0.30174492,-0.57811108,0.21763884,0.34239352
20204121,before,0.75099459,-0.3589834,-0.56203699,0.6087079,1.2772566,-0.35650432,0.61411591,2.4158956
20204146,before,2.6140129,-1.1877017,-2.0164013,-1.2167051,-0.71844566,-3.7870437,0.92116181,0.54261639
20204260,before,-0.5355516,0.24471196,1.9051212,0.058866892,-1.9243196,-0.11176801,-1.0431003,0.24586212
20204367,before,-0.62503958,-0.099015871,0.071227549,0.074074702,0.17083879,-0.4336187,-0.67704189,-0.9843539
20204371,before,-1.1669171,1.6684673,0.81101393,1.0041328,-1.7732343,-2.1528736,0.03607067,1.3707286
20204384,before,-1.0350902,-0.27796878,0.15866975,-0.76701226,0.25713294,-0.9536788,-0.24407975,-0.90746699
20204409,before,0.22864696,0.18825292,-0.58856678,2.4466343,-0.58394718,-1.8044505,-0.55760111,-0.95122382
20204418,before,-0.82232404,0.15977644,-0.77792092,-0.25217435,0.60427627,-0.39618451,-0.83130629,0.1365234
20204458,before,-0.26297692,0.49542989,0.37473422,-0.75355285,-1.1026897,0.94778129,-0.24642356,-0.27458018
20204474,before,-1.5209165,-1.4767525,0.98245853,1.2547516,1.4596384,-0.64240962,3.0404057,2.030576
20204563,before,-0.19032211,2.6002331,0.29733726,-0.74534626,-0.6585332,-2.1427621,-0.017872903,0.76449302
20204603,before,0.7402704,0.64210093,1.2762468,0.71734957,-0.51355015,-1.0821532,0.52381465,-1.1302908
20204655,before,2.9962809,-0.28425681,-0.48919742,-1.7301961,-0.45443022,-0.35179332,2.7563833,-0.018073975
20204777,before,-1.0994783,0.50385857,-0.96326377,-0.070201569,0.5421938,-0.38376002,-0.14209064,0.10152853
20204795,before,1.6399366,-0.26186706,0.56039231,-0.084665386,0.25436243,0.33885015,-0.074464563,1.1756873
20204822,before,-0.18644363,2.087993,-2.0808922,2.0887226,1.1075061,-1.0351733,0.42385906,1.0093737
20204833,before,-0.32182013,2.0520609,-0.60707832,0.065558305,-1.864711,-2.5233552,-0.040057992,0.4155066
20205052,before,0.88623155,2.2489788,1.2132926,1.0968491,-0.69329611,-0.28675614,0.45210295,-0.26182431
20205294,before,0.28417586,0.65841948,-4.6381959,1.7736089,3.7966337,3.5764357,0.67904447,0.25196885
20205386,before,1.4557673,0.026811605,1.2866685,-0.29990352,-2.0547181,-0.082815349,2.6392365,-0.10048477
20205515,before,1.3240013,0.60544163,1.1723403,1.9999402,-0.63661386,-0.27514492,-0.74933843,0.56305768
20205522,before,-0.12439314,0.64460559,-0.99283039,2.6230419,-0.074313839,-0.25313731,0.23522696,0.0049529951
20205692,before,-0.54682423,0.13568927,-0.52596196,-0.92358584,-0.32156553,0.20026671,0.56104116,0.66861194
20205754,before,-0.34927484,-0.85868364,1.2656831,0.13181571,0.071375192,-0.0056972822,1.4110859,-1.2308299
20205822,before,-0.87157075,-0.77780725,0.58235861,1.0364206,-0.40961989,1.4938417,0.20236999,0.51850033
20206010,before,1.0382909,0.37719522,-0.41959465,0.1268606,-1.1651729,-1.5616459,0.045548164,-0.31438577
20206145,before,-0.11662376,0.40624751,1.0161709,-0.0053053685,0.23107835,0.65019607,0.4434784,-0.48897244
20206175,before,1.669387,2.1788947,0.35064048,-0.4213233,1.4243257,2.3182416,2.419998,0.095699997
20206231,before,1.1275643,-1.3504253,0.1964504,0.31139609,0.89152807,-0.40601092,-0.079146732,-2.0470164
20206447,before,0.39699953,2.7133099,0.45332951,0.36286431,0.43755269,-1.3737672,-0.17801401,0.44997641
20206478,before,-0.53900111,0.47378254,2.524181,0.052721993,-0.27008974,2.9294326,0.49694821,1.0740271
20206498,before,1.4226679,-0.90076837,0.31510229,0.16394597,-0.67816871,1.4692906,0.97164952,2.5444681
20206517,before,-0.45004178,1.2278348,1.2476979,0.42894005,0.64836954,-0.12570414,-0.14886197,-0.5549442
20206591,before,1.4375578,-0.43688275,2.677229,1.8198407,-0.35911227,-0.50374843,1.2540055,0.422194
20206745,before,-0.56515297,1.5341534,0.61531132,1.1240581,-0.63577835,-3.2547987,-0.023239763,-0.015790628
20206945,before,0.59161006,-0.53142076,0.80425755,-1.5222373,1.0061915,-0.77857883,-1.5027479,0.6339932
20206957,before,-0.63665813,-1.0524752,0.72717554,0.048584285,0.30668457,-1.3526973,-1.5866019,0.27912724
20207012,before,-0.18866524,0.46098702,0.82423061,0.71095014,-0.57309127,-0.46753216,-0.60450512,-1.5961562
20207038,before,0.18241491,-0.40829572,-1.3779802,-1.2526567,-0.1519838,0.71672037,3.171096,-0.53176045
20207041,before,-1.0080292,0.16926775,0.20149259,0.57741605,0.46209058,-0.036400547,-0.057622011,-0.78132395
20207084,before,-0.092690899,0.10241049,1.1654274,0.5691321,-0.64884826,-0.73293047,-0.93817914,-0.60761644
20207121,before,-0.52655435,0.92872076,-0.3036512,-0.66037476,0.96058803,1.3934769,-0.19472718,0.37578864
20207167,before,-0.45244184,-1.0182928,0.26830101,0.30169315,0.26992225,-0.73435433,-0.70423545,0.72657158
20207194,before,-0.14159498,-0.67626584,-1.5765785,-0.071135392,-0.23974451,-0.58812808,1.2210792,0.73285893
20207340,before,-1.5640505,-0.62263979,-0.26270242,0.18598384,0.32084193,-0.17658193,1.3073588,-0.026628546
20207440,before,0.7333663,-1.5411159,1.1634812,-0.98654741,0.69261588,-1.1814169,0.20072867,0.78678207
20207514,before,0.40039094,0.066630593,1.4266784,2.2282736,-1.2074133,-0.67405292,-0.12597794,-0.96915213
20207711,before,-0.41138004,0.6452046,1.4404941,0.32521983,-0.65741994,1.4017581,0.49326371,0.21412856
20207746,before,-0.42124252,-1.1320473,-0.748821,0.24718587,-0.33013187,0.072085531,0.67811787,-0.34454245
20207777,before,-1.0129123,-0.33604869,-0.56747704,0.65792899,1.1902219,0.46572234,0.72293389,-1.0373082
20207789,before,-1.600301,0.44582319,-0.26122858,-0.91349054,0.11448102,-0.64285615,2.3035459,1.3882815
20207822,before,1.4729078,-0.43269805,-0.66932506,0.03078904,-0.83144232,-0.73240595,-0.53175528,-0.68034202
20207824,before,-0.87651801,-1.5985489,-0.85292108,0.32329499,0.17301593,0.35337018,-0.44931748,0.35103054
20207954,before,-0.90469657,0.15230366,-0.66202482,-0.57697176,-0.406029,0.27238456,-0.19176189,-0.093496538
20207997,before,-1.0094741,-0.7247556,-3.0072378,3.2590415,0.92793842,-0.2450455,0.95746983,0.55388028
20208066,before,1.7499663,2.861186,0.45148012,1.6122663,-0.82553382,-0.57947481,-0.88778501,1.084402
20208180,before,-1.1407868,0.57560533,-0.69328757,-0.84663016,0.78690843,0.99666272,0.16504229,0.35101355
20208267,before,-0.45460168,0.077364555,1.8932623,-1.6390709,1.3866836,4.1330369,2.0654508,3.2896369
20208276,before,-0.23250162,-0.21050206,1.1206102,-0.60038553,-0.11297943,-0.64670811,-0.75324061,1.8292945
20208309,before,-0.13686867,0.032619035,0.47111238,-0.67436551,-0.41702766,-0.14128382,-2.5403507,0.15154375
20208327,before,-1.496479,0.086497087,0.61553827,0.27968018,-0.1147544,0.90008381,2.1607151,2.8883005
20208427,before,-1.3178221,-0.88448168,-0.50241379,-0.30915209,-0.53294415,0.24557403,-0.95584801,0.17667771
20208517,before,-0.60770806,0.085068609,-0.053423246,-0.68348634,-0.42994185,0.053281386,0.18821586,-0.25601209
20208620,before,-1.3263899,0.43855278,-0.51588655,0.049759891,0.55254329,-0.60729859,1.0412013,0.25683341
20208688,before,-1.0155491,-0.029394052,-0.23394001,-0.68001038,0.25875384,-0.14131528,-0.22978032,-0.4309617
20208758,before,0.033423299,0.3018351,0.6184819,-0.062625702,0.21577822,-0.078767486,-0.1307522,0.33008845
20208782,before,0.62908781,1.5307752,-1.1001519,-0.76089023,-0.16891935,0.43626823,-1.9616522,1.2852543
20208841,before,-0.093425082,-0.062470368,0.29669321,-0.30841478,0.34569633,0.42805485,-0.39080656,-0.15854646
20208943,before,-0.11694014,0.25624748,-0.72720193,-1.0299505,-1.5846387,0.49359726,-0.66704354,-1.1933811
20208961,before,0.17783185,0.14376621,-0.13676772,-0.73223252,-0.38412541,0.036642623,-0.24329611,0.67904035
20208980,before,-0.67698177,0.21000564,1.2435012,-0.36992761,-0.43778578,0.4516776,-1.9262657,-0.19091304
20209125,before,-1.1290593,-1.0985174,0.74819763,0.83930387,-0.17696558,0.37447938,-0.17294122,-1.7781145
20209135,before,1.1431288,-0.077940833,0.35398402,-0.26543574,-0.25226049,-1.0729627,-0.049097404,0.82101141
20209220,before,-1.0050788,-0.46814102,-0.44433991,-0.21545051,0.25330675,-0.15247757,0.22403684,-0.41043884
20209235,before,0.93462877,-0.27250999,-0.94340041,1.5591832,0.94300862,0.11457685,-1.379163,-0.72260065
20209245,before,0.69048151,0.069585921,0.55533722,-1.5164464,-0.15161057,1.0125772,-0.45818915,0.30135212
20209372,before,-1.3605938,-0.58904004,0.72055276,-0.13592176,0.088554299,-0.69817845,1.1201411,0.22999265
20209489,before,-0.64530029,0.44640307,1.1640127,0.51557809,-1.019458,0.14982735,-1.4492573,1.3202749
20209525,before,1.8570062,0.022238196,-0.61942597,-0.10432174,2.2805788,1.1528657,0.29394135,-0.16372401
20209569,before,-0.23075297,-1.0677523,-0.17291226,0.26475715,-1.2093003,0.86155059,-0.8630536,1.3763228
20209664,before,-1.0914795,-0.17072063,-0.1602404,-0.76018225,0.30372755,-0.62913269,-0.2707355,-0.60614457
20209676,before,0.55247745,-0.15048901,-0.33672722,1.1182231,-0.50774944,-0.45169173,-0.81046531,-0.80258267
20209703,before,0.89757662,-1.0676714,-0.10759984,-0.7669029,-0.69402171,-0.015628984,1.7247244,-0.91372662
20209838,before,-0.85932396,-0.076441793,-0.37160904,-1.2644029,0.74891646,0.07198106,-0.51504593,-0.38046954
20209956,before,-0.39196548,2.5071741,0.91494616,-0.4100403,0.68005364,0.84655915,-0.32745962,0.85293199
20209992,before,1.351079,0.11190371,0.32011674,-0.64762447,-1.3761885,-0.74647708,-1.4943412,0.4294292
20210007,before,-0.31487011,-0.52613117,-0.72445802,1.4149917,-0.18579153,-1.1414977,-0.34064316,-0.074530941
