track_id,version,PC1,PC2,PC3,PC4,PC5,PC6,PC7,PC8,sign,dominant_eof
19790080,before,1.9215751,0.42133726,0.18242667,-0.50918581,1.3479142,-0.1616394,-1.5352423,0.093704812,positive,1
19790087,before,-0.47046256,0.27216462,-0.39723928,1.8164412,-0.1609976,-0.97561333,0.36398943,-0.44210208,positive,4
19790166,before,1.4211822,-0.083291726,-1.8554564,-2.0124879,-2.7525312,1.2862399,0.99426433,-1.4534046,positive,1
19790293,before,-1.5026619,3.6116272,-0.25037679,-3.4202869,2.510533,1.9486777,1.3361513,2.3499559,positive,2
19790407,before,-0.074951496,-1.4581419,2.4234054,0.33325088,-0.10039356,1.2356922,1.3071927,-3.8405105,positive,3
19790410,before,0.33751354,2.6870464,-0.90178652,1.7986293,0.44512,0.11188832,-0.14790252,1.9303028,positive,2
19790419,before,1.7570925,-0.37639309,1.0799912,-0.56788097,-0.89672459,-0.46065361,-0.94926691,0.58739971,positive,1
19790513,before,-0.66840729,-0.13767085,1.4785877,-0.22255777,-0.34301845,1.1589168,0.27521375,-0.13060379,positive,3
19790535,before,1.812127,1.0461528,1.3941602,-1.2319873,-1.6729344,0.62871751,0.42073637,0.69245617,positive,1
19790542,before,-1.3442356,-1.2182149,-1.6919762,1.8931241,0.35491612,-0.85304042,0.90063852,1.0744794,positive,4
19790574,before,1.3600655,-1.7221332,0.051928479,0.050855531,1.3350026,-1.149591,-0.39204637,1.2132429,positive,1
19790585,before,2.580445,0.94426956,0.70680698,-1.1147714,-0.84209616,1.4978662,1.929726,0.49029925,positive,1
19790626,before,1.4711145,-1.2220858,-1.2117978,-2.7061723,-2.1429261,0.77649392,0.71582322,1.0557801,positive,1
19790632,before,1.7837288,-0.81330139,0.7349423,0.55412267,0.82910197,-0.20419734,1.0558105,0.70361826,positive,1
19790644,before,2.5171933,-0.020353379,-1.3075642,-0.77615874,-1.5511807,0.82333538,0.6380434,0.47629357,positive,1
19790661,before,-0.51320659,0.4498896,1.311647,-0.060154571,-0.69124522,-0.13254217,-0.2202638,-1.5039017,positive,3
19790669,before,-0.067449155,0.59649544,2.7039677,0.51467081,-1.4100511,-1.6025588,0.96821579,0.020363618,positive,3
19790689,before,-0.25276741,-0.24443208,1.3643458,-0.36271259,-0.1166322,-0.51616466,-0.6220452,-0.46908991,positive,3
19790758,before,2.1120963,0.11044023,1.8164811,-1.5624219,1.218676,-0.66838332,0.77246574,0.55636756,positive,1
19790783,before,0.53584487,0.61225404,1.5705084,0.4109502,-0.22714804,-0.31208631,-0.40677495,-0.96012756,positive,3
19790802,before,0.075993774,0.79953323,2.4341843,0.22583715,-1.9077143,0.003097094,0.88949275,0.04911229,positive,3
19790806,before,2.4412326,3.5077765,2.0177728,0.42158957,1.4245582,-0.33953606,0.50187326,0.19211631,positive,2
19790820,before,1.4348117,-1.5677906,0.50144585,-1.5001225,0.52986026,0.51304175,0.53156824,-0.079485658,positive,1
19790835,before,-0.59647381,0.41909969,2.124943,0.26346903,-0.42122774,0.13002454,0.015523039,-1.14362,positive,3
19790867,before,0.8893762,1.6362728,1.0228142,0.053350014,0.91788897,-0.2756298,-0.55996046,0.44143854,positive,2
19790876,before,-0.24787694,1.36136,0.73613721,0.46880053,0.059360147,0.54027563,-0.23527503,0.57274718,positive,2
19790918,before,0.61908963,0.72189042,-0.31075688,1.8307632,1.4080402,1.6284559,-0.79380513,0.073482811,positive,4
19790957,before,-0.70297223,-0.7476831,-0.15240386,1.8716591,-0.45455745,-0.48576831,-0.2519473,-0.56364135,positive,4
19790985,before,-0.23049374,1.525213,-0.65871165,0.49006895,0.67202302,0.56684221,0.030022077,1.0462999,positive,2
19791000,before,0.67468797,0.56817681,1.2631911,1.1556211,-1.1216091,0.68546522,0.72516882,-0.038439421,positive,3
19791008,before,2.5455664,-0.39776112,-2.0321163,2.1002123,1.5179526,-0.015473376,-0.83615189,-0.3997009,positive,1
19791013,before,-1.0439439,0.14847165,-3.27615,3.1322948,1.8904721,1.2004512,0.43009846,1.2137016,positive,4
19791015,before,-0.15665087,0.46432035,2.2351592,2.9708797,-2.4281363,-2.6110987,0.71226159,0.77961557,positive,4
19791021,before,0.61983997,0.99621247,2.3355862,1.5019475,-0.74606677,-1.3173084,1.3622436,0.89385092,positive,3
19791150,before,1.578806,-0.70577539,-1.3573752,-0.60946474,-0.59681388,0.37442882,0.31722941,-0.66857233,positive,1
19800055,before,-0.30304675,-0.40727239,-1.3001046,2.0588624,0.6206755,1.5809209,-1.2923364,-0.36452704,positive,4
19800114,before,2.0581483,-0.51950646,0.54333418,-1.3890812,1.1418026,-0.24051509,0.24769246,-0.26754716,positive,1
19800170,before,-0.1144791,1.7713487,0.11491585,1.2937541,0.38525191,-0.43847725,0.035735984,-0.0064787081,positive,2
19800256,before,2.4317224,-1.0004366,-0.59744691,-0.9554208,-0.45723905,-1.6113046,-0.14196126,1.0756708,positive,1
19800273,before,-0.1904869,0.29120003,2.2608493,0.70974851,-0.98481361,0.07094307,-0.26893807,0.061110012,positive,3
19800300,before,-0.1453991,1.5473038,1.6773159,-0.63241214,0.66893424,-0.39898532,1.0509908,0.049144315,positive,3
19800318,before,1.8861733,-0.64485369,-1.1256742,-0.6821786,-1.2267872,-1.3303601,-1.1222343,0.85552978,positive,1
19800322,before,-1.4208935,0.17571299,-0.25703064,1.890627,-1.2190926,-1.2882292,1.2988176,0.54200192,positive,4
19800328,before,-0.67130844,1.3712319,-1.2195848,0.12940828,0.77183733,-0.10126695,0.39491845,0.27366544,positive,2
19800336,before,-0.60064187,2.2461266,1.4627453,-0.11113154,-0.40066534,-1.0937219,-0.033576394,-0.69651112,positive,2
19800347,before,2.0763662,3.1833241,3.9358003,1.0006306,-2.5804835,-0.83999757,0.020727182,1.2798937,positive,3
19800411,before,1.9061888,-0.63482929,-0.045090707,-0.075411037,-1.2117604,-0.34733338,1.4855514,1.1701432,positive,1
19800423,before,-1.1008068,0.13814671,1.6668753,-0.12476081,-1.9709053,1.6217146,0.0069270675,-1.7242948,positive,3
19800434,before,2.4206066,0.3993411,0.31783547,-1.4342622,1.9809912,-2.4916361,-2.5558776,1.8563708,positive,1
19800445,before,-0.65483631,1.5626657,-0.74851485,1.2006477,-0.0013242477,-1.3556073,-0.7334243,0.14717624,positive,2
19800455,before,1.4962934,0.91532847,-0.54017708,-0.36886951,-1.9338106,0.29054348,-1.1783269,-1.1145838,positive,1
19800460,before,-0.12823064,1.6619059,-1.9267131,5.4610818,-2.3984656,-1.6310403,1.7658048,1.8319655,positive,4
19800464,before,1.9318368,1.206094,0.24057915,-1.291262,-1.0570087,0.26399729,-0.46849182,-0.76130666,positive,1
19800473,before,0.82261049,2.8069748,1.4384313,-0.16932606,0.96177123,2.3581703,-1.0010115,0.075032454,positive,2
19800482,before,-0.39389757,2.1587255,-0.71795049,0.85039406,0.54952173,-0.93763219,0.36612945,0.6277478,positive,2
19800525,before,-0.5910387,-0.903839,2.0016033,0.62668881,-0.81757531,1.0082754,-0.25124481,-2.0243087,positive,3
19800537,before,2.7944223,0.29877486,-4.449751,1.8924231,1.125155,0.37403812,-1.1868436,-1.4108868,positive,1
19800550,before,-0.52690238,0.2440663,2.6724056,0.40393096,-1.1599045,1.0051926,0.18555254,-0.57734448,positive,3
19800553,before,1.974354,0.36113185,1.9784289,-1.1602245,0.58791713,0.22369912,1.0617272,0.17038062,positive,3
19800583,before,-0.55892983,1.5909807,-1.3944782,1.312164,0.81949229,0.090747509,-0.59826363,0.9524777,positive,2
19800601,before,1.5623123,0.30776712,0.86969659,-1.511457,-1.118097,0.26907791,0.11780419,0.3603702,positive,1
19800621,before,4.3313786,1.451269,2.1139865,1.3081658,2.0732745,0.77283002,0.97238144,0.21191788,positive,1
19800622,before,2.3783515,-1.6458206,-0.056345648,-1.3998532,0.79347632,-1.0897915,-1.2547766,1.2464827,positive,1
19800626,before,-0.72220117,-0.98570786,-2.8026142,3.6201104,-0.054524381,-0.2123443,-0.51541761,-0.22349092,positive,4
19800640,before,0.8891062,0.34148093,-1.2433347,1.5604359,-0.28265503,-1.8773127,-0.74952975,0.0068556409,positive,4
19800646,before,0.066001456,-0.079938589,-0.31297932,1.4173711,-1.1724383,0.021330536,-0.48928893,0.35037807,positive,4
19800657,before,0.76975427,-0.90407664,1.3591096,-0.38276624,0.34471533,-0.88962252,0.46262274,1.0893468,positive,3
19800673,before,2.0378616,1.1495612,0.81334823,1.3309709,1.727022,-0.35495321,1.1775035,-1.2995302,positive,1
19800695,before,1.4651948,-1.2393363,-0.25518924,-0.74700758,0.34868962,-0.57431827,-0.93880802,-0.719721,positive,1
19800724,before,-0.31291388,0.74744019,-2.3184532,3.8452364,-0.15228072,1.2696777,0.1537258,2.5230911,positive,4
19800725,before,1.6085641,0.25950329,-0.77900842,-0.4209961,-1.6461255,-0.28690083,0.33396696,-0.028714575,positive,1
19800733,before,-0.71460865,-0.55309385,1.6010671,0.28662358,-0.52887072,1.0412855,-0.6476944,-0.51828173,positive,3
19800810,before,1.6412353,0.31895122,0.39138295,-0.10653945,-0.19864458,0.3479929,-0.99974529,1.3466849,positive,1
19800835,before,-0.53191055,-0.20269524,0.21153612,1.3084107,-0.21027858,-1.2703827,0.49319582,-1.5388711,positive,4
19800851,before,-0.69872847,1.898293,0.93723848,0.44104938,0.051334321,0.25980863,-0.092497542,0.064695955,positive,2
19800870,before,1.0202205,-0.37830011,2.5096481,0.9878835,0.73006807,-0.035233798,0.74771734,0.11815968,positive,3
19800871,before,1.5283159,-0.53508256,0.12003985,2.5046479,1.8798673,-0.26687373,-1.3191931,-0.68264429,positive,4
19800873,before,0.54487579,0.60245006,1.2904406,0.85477599,1.0063415,-0.10170518,-0.037944162,0.036112868,positive,3
19800887,before,0.74194111,0.55222362,0.29675398,2.088443,-0.38129403,0.10008803,0.12300721,-0.13689663,positive,4
19800901,before,-0.71397075,0.99713609,-1.8369219,1.5200478,0.6486163,-0.094985655,-0.66027292,1.0718931,positive,4
19800940,before,-0.16740988,3.1133898,0.59332733,0.048740814,0.62557802,-0.70434457,-0.6564023,0.61138522,positive,2
19800948,before,0.028680351,-1.4591988,0.38943606,1.3301529,-0.35406338,-1.0608961,0.19182359,-1.110173,positive,4
19801009,before,-0.63757933,0.18362574,1.76278,0.2286813,-0.7156181,1.1714304,0.10543081,0.13686901,positive,3
19801023,before,1.2358489,-1.0461461,-0.30709654,2.3384834,1.8656682,1.6325397,0.91303565,-1.2531379,positive,4
19801034,before,0.96453405,2.3027296,3.541248,-0.1572881,-0.82864183,1.7310651,-0.10461284,1.8010752,positive,3
19801064,before,-0.40935376,-0.56143033,-0.995798,1.9515071,0.29224887,0.59777331,-0.22991079,0.28532572,positive,4
19801105,before,0.28187722,1.7478972,-1.8199953,-1.856594,-2.3442166,0.26691025,1.7421258,-2.2986114,positive,2
19810013,before,-0.11354337,-0.49695317,-0.86586991,1.7682316,1.4941637,0.48403816,-0.43333129,-0.23368687,positive,4
19810055,before,3.057301,-2.3906132,-0.47415733,-0.24277348,2.2472586,-2.0795989,2.5709764,-2.0870628,positive,1
19810096,before,2.0797498,-1.5880302,-2.4419908,-1.3912202,-0.94396404,-0.17796612,0.88163085,0.26294962,positive,1
19810133,before,0.8738045,1.5523621,0.84519223,-0.10841806,1.2424486,-1.2903515,-0.096877387,0.016655497,positive,2
19810160,before,-0.65197067,-0.14487969,-1.2302302,1.7687408,-0.1696477,-0.49621821,0.65308939,-0.11515657,positive,4
19810179,before,0.66745498,-0.63302978,1.6332431,0.15195426,-0.98864537,-0.3589652,0.24543287,0.82516535,positive,3
19810189,before,-0.3016123,-0.56423806,-0.99390349,1.5235546,0.27464801,0.80081767,-0.40401869,-0.59296602,positive,4
19810229,before,1.5299673,-0.0058860614,-1.3535439,-0.34032643,-1.6194835,0.41387383,-0.19207273,-0.11473714,positive,1
19810349,before,1.4677464,0.78543932,0.74424467,-1.2581525,0.7673684,-1.6793093,1.2794384,-1.1557963,positive,1
19810388,before,0.14465897,0.28363622,2.2786503,-0.19272567,-1.4120762,0.69078242,1.1213049,-0.49977071,positive,3
19810440,before,0.063323898,0.5589339,0.41173867,1.6852967,0.18290344,0.1398073,0.17956549,0.007433112,positive,4
19810450,before,1.1610065,1.7050923,0.066018196,0.22173683,0.65667983,0.36756311,-0.34612101,0.1766494,positive,2
19810473,before,2.9355706,1.0727361,0.73569531,0.54027781,1.4207624,-1.2407166,-0.16536527,-0.7675324,positive,1
19810475,before,-0.80303165,1.4073433,-0.5185455,-0.48164164,-1.4094282,-2.0866219,1.1803037,-0.97046465,positive,2
19810481,before,0.94624259,-1.7193119,-3.942157,3.1983558,1.0096451,-0.42489348,1.7842873,-0.86948943,positive,4
19810545,before,-0.66908464,-2.1468404,-1.1105223,2.8820945,-0.12670974,1.946256,-0.82651881,-0.66167501,positive,4
19810554,before,-0.22996579,0.47258438,1.2632615,-0.072052403,-0.01507266,0.77073562,0.15889482,0.45020994,positive,3
19810578,before,0.13247984,1.2635484,-0.25302925,2.3200413,-0.63802233,-0.66681024,0.094043436,1.359476,positive,4
19810586,before,1.6195447,-0.2731448,-0.43502215,1.0857259,-1.9791802,-1.080432,-0.062478146,-1.164658,positive,1
19810618,before,0.73477548,0.59534276,0.87975037,1.3553202,-1.8057531,-0.82805158,-0.097386466,0.15417352,positive,4
19810626,before,1.6357648,0.057656016,0.33900987,-0.39458902,-2.6862348,0.32828599,0.20477202,-0.1709832,positive,1
19810641,before,-1.7786185,-1.6151596,-1.3719803,1.8991179,-0.09892351,-0.9654189,1.2644642,0.32899445,positive,4
19810650,before,-0.58333078,1.5111336,0.80055717,0.51268655,-1.4092347,-0.53538719,-0.33021537,0.62733216,positive,2
19810691,before,2.1455526,1.4014487,-1.2453688,-1.0557222,-2.712133,-0.73348165,-1.9833298,0.42057226,positive,1
19810692,before,1.9351633,0.76046713,-0.50561568,0.06818268,0.56727193,0.81035193,-2.8123891,0.56058596,positive,1
19810733,before,0.092024986,1.6699795,1.5476391,0.92859206,-2.0005658,1.3301401,-0.0532822,1.5626295,positive,2
19810736,before,-0.28819949,1.6743323,0.27754557,-0.0030100332,1.1824597,1.5331871,1.100703,-0.28647549,positive,2
19810803,before,0.14865215,0.5494938,-0.32896022,2.4395011,1.3378589,1.4801119,0.033873304,-0.25700907,positive,4
19810804,before,-0.18538479,2.5251093,0.42806089,1.3489381,0.056417679,-2.5934853,0.20382271,0.13739815,positive,2
19810839,before,0.81305376,1.5441684,-0.68622514,1.2268783,1.2244023,0.43176957,-0.56802258,0.14194974,positive,2
19810842,before,-1.4134749,1.2199793,-0.78242762,0.1788042,-0.28512191,-0.84069541,0.73272669,0.96187681,positive,2
19810863,before,3.1149333,-0.92259054,-1.8024578,0.57592148,-0.44721348,0.059784664,-0.62273874,-0.27038764,positive,1
19810871,before,-0.8517656,-0.24812482,-0.20095174,1.3817396,-0.215792,-0.27663333,0.47636377,-0.13798991,positive,4
19810877,before,-0.21652006,2.0302886,-0.053695356,2.0842026,0.68161194,-0.065868662,0.34567924,0.74490907,positive,4
19811003,before,0.033117669,1.3470156,-0.018646565,-0.27748161,0.71849898,-0.59434871,0.13096224,0.094695991,positive,2
19811024,before,2.2415815,-2.0978477,-0.56059222,0.16785608,-0.24904893,-0.42077417,-0.14116389,0.5190949,positive,1
19811086,before,1.1578798,0.85515069,1.1138144,1.3398655,-0.34235754,0.015560191,0.74825774,-0.25276582,positive,4
19811097,before,2.9200816,-1.9074085,0.58575988,-0.98413492,2.3195779,-0.15395242,1.8585427,0.19746752,positive,1
19811158,before,-0.57266614,1.9341964,0.011985904,-0.47494346,0.11600896,-1.4262142,-0.14125428,0.27367208,positive,2
19811187,before,2.2379891,-1.1890063,-0.21028426,0.41571707,2.1166143,-0.39174915,-0.2556567,-0.70069814,positive,1
19820011,before,-0.7915569,1.5221163,-0.41906181,-1.1041245,-0.26890774,0.049710302,-1.0450297,-1.2210248,positive,2
19820038,before,-0.1729356,-0.3552656,2.6800949,-0.53900149,1.0293885,2.1551756,0.76497275,1.7659626,positive,3
19820047,before,-0.78023135,0.48314147,1.6828575,-0.36905553,0.12823538,0.61649581,1.4416127,-1.4413367,positive,3
19820050,before,2.3856348,-0.95139403,-0.99570849,-0.31985187,1.5764719,-0.17620817,-2.117365,1.3716702,positive,1
19820081,before,-0.35324725,1.6463237,0.86961764,-0.043344384,0.19402639,1.0745438,0.063059979,1.2797882,positive,2
19820253,before,0.95504774,-2.5198113,-0.17824868,2.0624507,-1.4882091,-1.0869774,-0.45744122,0.35801861,positive,4
19820314,before,3.5280168,-0.543381,0.81345917,-0.64119776,3.0975203,-1.7771512,1.3826939,-3.4255016,positive,1
19820362,before,-0.74122282,-0.075749067,-1.4889016,3.1269356,-0.04149606,-0.44272916,0.15630374,0.60977007,positive,4
19820453,before,-0.26731533,-1.0509377,-0.35023985,2.4526587,0.35376062,-0.15425851,0.55244907,-0.75201829,positive,4
19820478,before,-0.53092455,1.8424468,-0.38913165,0.51635166,-0.06275799,0.25652115,-0.13254436,0.99920431,positive,2
19820487,before,1.9502461,0.42774285,-0.97493324,-1.9928344,-0.83627861,-0.29752594,-2.703483,-1.9373452,positive,1
19820543,before,0.52626613,2.0670392,-1.1678514,-0.51373157,1.7622474,1.2598638,-0.8187027,0.5566263,positive,2
19820563,before,-0.78305749,0.30044335,-1.1705632,2.3883069,0.5140786,0.38660424,0.34735366,-0.10532062,positive,4
19820602,before,3.8518915,0.052441118,0.42510781,0.16916555,-1.705427,-0.7465009,-0.51984662,1.1023435,positive,1
19820676,before,-0.6041632,0.19572113,1.8444368,0.14297734,-0.51532582,1.2502786,-0.4414276,-1.4386044,positive,3
19820684,before,-0.54229414,-0.6903791,1.805918,-0.011910862,-0.21309486,0.026750626,0.22128594,-1.2063578,positive,3
19820699,before,-0.68381828,1.5120512,1.5645862,1.6146157,0.25474032,-1.2044032,1.5570854,-1.7881799,positive,4
19820740,before,2.9318554,-2.5115885,-2.4101627,4.0737534,1.948038,-1.502699,2.0568549,-0.48384825,positive,4
19820754,before,-0.49581208,1.8328801,-2.3340389,1.9524457,0.91322536,-1.273827,-0.21763592,1.6589611,positive,4
19820758,before,0.11869531,2.1955549,0.29890504,-0.59548297,-0.82106337,0.29210846,-0.23121471,0.17869468,positive,2
19820762,before,-0.35411825,1.6898303,0.45422461,-0.2190652,-0.52773463,-1.7464483,-0.27342519,-0.71237095,positive,2
19820808,before,1.4225902,0.73887212,0.74123109,1.1396178,-1.8047395,1.1408778,0.020273476,-1.0093014,positive,1
19820831,before,1.7168692,-1.2105082,0.033307573,0.42946809,-0.49130085,-1.955403,-0.1095504,-1.1114542,positive,1
19820833,before,-0.28297425,-0.010659354,1.2060865,0.41322503,0.056208673,0.13439622,0.036040002,-1.4069595,positive,3
19820835,before,-0.45216103,-1.0129926,-0.55345156,1.8722127,0.46826627,0.79586721,0.41117551,-0.52659227,positive,4
19820898,before,0.3551715,0.45926873,1.4161413,-0.024393414,0.24559547,-0.29134051,0.1099143,-0.85685629,positive,3
19820953,before,-0.15873148,-0.16763125,1.2994822,0.40889171,-1.3873856,-0.57755987,0.13232037,-1.2471501,positive,3
19820954,before,-0.85682467,1.474685,0.41622191,-0.48889666,0.39074387,-0.95380594,1.1118435,0.36475297,positive,2
19820962,before,-1.6441568,0.88803345,-0.4837781,1.7956693,-1.3053976,-2.089408,1.7897519,0.68716972,positive,4
19820972,before,-0.017564505,0.3122717,0.53004793,1.4499057,0.30178411,-0.25749251,0.020756407,-1.529765,positive,4
19820983,before,1.8140631,-0.28997297,1.8375175,-0.13719767,-0.10380573,-0.34106241,-0.21165311,0.3592549,positive,3
19821027,before,-0.44800049,-0.19835152,2.0997599,-0.22335861,0.30929918,0.58207832,0.89795153,-1.9476966,positive,3
19821030,before,0.86383341,-0.22312017,1.3233123,-0.98670263,1.1139176,0.77024912,0.02002794,-0.091666566,positive,3
19821058,before,-0.59224171,2.6251557,-0.97620908,0.060578735,1.0169041,-1.5946763,0.54249605,0.91309501,positive,2
19821065,before,1.880759,0.29651754,-1.2644903,1.7034731,1.6097045,-1.0779258,1.2814196,-0.42513795,positive,1
19821076,before,1.3310157,-1.589357,-0.077701526,-0.02802377,1.1337087,-0.064732729,1.3163907,-0.50731976,positive,1
19821085,before,-1.4433722,-1.2954044,-1.341146,1.8335527,0.2296045,-0.44826427,0.46787972,-0.77211112,positive,4
19821086,before,-0.88197635,-0.9736928,-0.87949252,1.9166031,-0.1895897,0.29656264,0.58819748,-0.77172539,positive,4
19821108,before,-0.40852894,2.5944287,-1.1542617,-0.78314359,1.5205402,-0.31171903,0.080650342,0.83439693,positive,2
19830032,before,-0.92036417,0.80037606,-2.2608904,1.7095647,1.0566178,-0.44288491,0.35311815,0.82318503,positive,4
19830034,before,-0.14362999,0.86649021,-0.87746969,1.8363735,0.42374726,0.23625025,-0.11090826,-0.11334644,positive,4
19830065,before,-0.78316034,-0.047063599,1.4175807,0.036474606,-0.90649936,0.90776901,-0.082684116,-0.76558687,positive,3
19830078,before,-0.48461643,2.2039206,-1.5597145,0.95608364,1.1522871,-0.85356599,0.049306516,0.32518518,positive,2
19830080,before,-0.27451626,1.8110622,1.1704777,-1.2042462,1.5193457,1.6147145,1.1350782,-0.087070263,positive,2
19830111,before,1.6602037,-0.72819164,-2.4551839,2.1609547,-0.48018668,-1.8369503,1.7657525,-0.079883253,positive,4
19830130,before,-0.30502747,1.2367937,-0.5502592,1.2042658,0.40253117,0.017689109,-0.59858564,-0.077399178,positive,2
19830138,before,0.71161743,1.8597332,-0.64232375,-0.22431239,1.4270396,-0.0099675708,-0.68903467,0.57151909,positive,2
19830224,before,1.6633647,-0.99232497,-2.2602425,-1.7429239,-2.8717911,-0.28895867,-0.60960195,0.15528174,positive,1
19830250,before,1.4089834,-0.18915893,-0.98830678,-0.069521475,-1.258903,-1.1438019,0.13697116,-0.73896448,positive,1
19830257,before,-0.67186243,1.9340219,-0.49075836,-1.2754729,1.4070424,1.1353989,-0.35809157,0.64756958,positive,2
19830386,before,0.095446478,0.94601058,1.6756536,-0.47764333,1.4136133,1.1407791,1.0398903,-0.96053518,positive,3
19830456,before,0.93981849,2.7107716,-0.30565871,-0.019994368,2.3645465,0.92715005,-0.081508104,0.42702746,positive,2
19830459,before,1.074607,1.469337,1.5392996,0.66764138,0.32391228,-0.24623188,0.96172227,-0.63570657,positive,3
19830490,before,0.70138115,-0.41981493,2.3063514,0.27255591,-0.37487981,-0.57721087,0.13095487,-2.0443288,positive,3
19830515,before,1.372496,-1.1948405,-1.1086529,-0.94526502,-1.3135961,0.27193138,0.34387473,0.39185094,positive,1
19830532,before,-0.071507242,0.36436416,1.6129382,-0.26632492,-0.81191961,-0.031212698,-0.36291417,-0.84542464,positive,3
19830540,before,1.1996694,-2.6807134,4.3412178,3.0777411,-1.4341095,0.50898652,-0.2991766,-2.4066825,positive,3
19830575,before,1.3641821,-1.5164522,1.7412915,-0.29428921,-0.053750402,-1.4969813,-0.34015723,1.3717364,positive,3
19830662,before,-0.32144689,2.0003615,-0.61528601,-1.3757569,-1.0127135,0.030566382,0.37588263,-0.062591654,positive,2
19830683,before,-0.1441602,0.86426712,1.6915868,0.94355598,-0.40524901,0.45721994,0.28170045,0.22927987,positive,3
19830693,before,-0.13142616,1.2910247,-0.08161214,1.0944922,-0.88903133,-2.3001115,0.12864151,0.45092098,positive,2
19830710,before,0.34779843,-1.1093602,1.3393739,0.56491529,-1.2505793,-1.8839444,0.706641,-0.031521902,positive,3
19830822,before,0.75228671,0.66601939,1.7700568,0.30582604,-0.13288798,0.9075504,0.62430885,0.14515693,positive,3
19830837,before,1.4244649,0.085259751,-1.3433442,-0.91431,-1.4967615,0.45105255,-0.67431595,-1.1762641,positive,1
19830845,before,-0.35633789,0.41238832,2.5448201,0.79931634,-1.7660161,1.5392058,0.17118546,0.99561542,positive,3
19830855,before,0.64051777,1.6575889,2.0859217,0.82510478,-1.3431422,1.0138598,0.86578696,0.84912002,positive,3
19830875,before,-0.20481762,-0.18492971,1.2049539,-0.10783712,0.0657934,-0.0058252825,0.15416126,-0.030085611,positive,3
19830881,before,0.82844281,1.4083887,0.3089124,0.67469337,-0.31862943,0.96003088,0.10023408,0.48480595,positive,2
19830894,before,-1.0823886,2.0416463,-0.38852958,0.21992146,-0.47010241,-2.8063788,1.3073911,0.99299465,positive,2
19830949,before,2.1244579,0.70649971,1.8829441,0.12030316,0.34294966,-1.3576475,1.8497563,-1.8789633,positive,1
19830995,before,1.2327736,-1.0453668,1.1379876,2.54872,-0.20470626,0.44986138,-2.6551623,1.1421985,positive,4
19831039,before,-0.69152028,1.3712697,1.1187753,0.54225596,-0.054698609,-1.0628416,0.1414807,-0.94631509,positive,2
19831052,before,1.3418199,-1.1581001,-0.22068805,-0.84038006,-0.078379761,-0.212806,-0.18400981,0.15686049,positive,1
19831059,before,2.4558603,-0.070279487,0.94448082,-0.82941681,0.05426728,-1.1509971,-0.74232448,0.52411183,positive,1
19831112,before,-0.3477477,0.3422747,1.5958426,1.2460719,-0.85615884,-0.54292513,0.90965295,-1.0753078,positive,3
19831148,before,0.42327361,-0.82140426,-1.6355336,1.7839446,0.8252341,0.65165358,-0.73029138,-0.26228631,positive,4
19840039,before,-0.17973695,1.5388523,0.14401339,-0.97796131,1.0626084,-1.1412264,-0.28175575,-0.49780578,positive,2
19840053,before,-0.81735813,1.9264461,-1.5293482,-0.053016464,1.7878099,-0.58139591,0.78543547,1.2458008,positive,2
19840093,before,-0.26507464,1.5332648,-1.0068963,2.2009152,-0.025385038,-0.61810667,-0.50282303,0.46932307,positive,4
19840163,before,0.011454722,2.7442532,0.84770598,-0.095200779,0.15783102,-0.40133797,-0.28307076,0.095334174,positive,2
19840172,before,0.1200913,1.283986,-0.0058016078,-0.99577078,-0.424473,-2.0797879,-0.85784501,0.79594182,positive,2
19840188,before,1.3796705,0.17889512,1.3786608,0.65162538,-1.7611957,-1.425242,-0.10821598,0.37789501,positive,1
19840229,before,-0.027744945,-0.062504381,1.3563585,-0.59491299,-0.68052814,-0.40905552,-0.98544052,0.61867697,positive,3
19840242,before,0.30956358,-0.76230036,-1.2874506,2.576356,0.16291263,0.73369407,-0.72580601,-0.75768311,positive,4
19840243,before,-2.7793178,5.1712943,1.438439,-4.841038,-3.7800588,-5.0978404,4.656347,4.5667996,positive,2
19840311,before,0.02971619,2.9908359,-0.93879418,-0.38032891,-2.0733612,-2.7178296,2.8267231,0.97780471,positive,2
19840364,before,0.46119598,1.609785,0.13351466,-1.596933,-1.6166901,-0.16331889,-0.6817761,-0.28283853,positive,2
19840365,before,0.57066717,1.4643584,2.0320475,-0.11997255,-1.1907308,-0.12689148,0.65517105,-0.059912223,positive,3
19840518,before,0.56247383,2.1139914,0.36581478,1.4388604,1.1409496,0.66690072,0.30465129,0.74417196,positive,2
19840531,before,0.89134134,0.7441303,1.2854646,0.74182399,-2.0316957,-0.29863072,0.21342198,0.25074323,positive,3
19840606,before,1.384479,0.4927712,-1.0674879,0.70819792,-1.5575901,0.69965017,-0.0088076919,0.041142567,positive,1
19840683,before,-0.21412496,1.3160905,0.44099445,0.32598288,-0.043774007,0.36060892,-0.52404184,0.65350528,positive,2
19840730,before,1.0783,1.4200297,1.2765553,-0.81032721,1.1650294,-0.59792308,0.24260305,-0.94610703,positive,2
19840746,before,2.9088437,-0.21241508,2.4299404,-1.4523529,0.62359409,0.57592012,0.38699182,0.61897978,positive,1
19840784,before,-0.1016235,2.8831776,-0.31505048,0.57645806,-0.12409733,-0.91343759,0.40362186,0.73509196,positive,2
19840792,before,-0.77760895,0.73952605,1.4064218,-0.42550396,-0.39358039,0.27331486,0.44029075,-1.1996604,positive,3
19840823,before,-0.30088716,1.251275,0.46146612,0.017945265,0.48936341,0.30424248,0.33829937,0.29025374,positive,2
19840873,before,-1.2640054,-2.4015064,-0.3104843,2.2496948,0.72709127,1.5652777,1.1575372,1.322184,positive,4
19840876,before,0.00434768,1.0698512,1.895026,2.8789351,0.062778386,0.94354085,0.93606806,0.47590207,positive,4
19840883,before,0.85361019,-0.57513247,1.9343169,0.22055589,-0.023129122,-0.48148945,0.031028277,-0.17587466,positive,3
19840906,before,0.64506245,-0.21908278,1.9605312,0.61493327,0.56756218,0.082475868,0.31968426,-1.2594665,positive,3
19840915,before,-0.58278452,2.3057303,-0.14757204,0.79051494,-0.24325648,-1.9127632,0.35248249,1.3959223,positive,2
19840925,before,-0.51790883,1.3027912,-0.57302455,0.19914513,0.25352402,0.29681723,0.85280045,0.62448066,positive,2
19840983,before,0.083656511,2.1927102,-0.84665091,1.4386922,0.64992675,1.6805153,-0.75707931,1.4362835,positive,2
19841013,before,-0.045203739,3.0349845,-0.81923809,-0.035150284,2.1782793,2.6077884,0.12165839,0.98332809,positive,2
19841077,before,0.28147469,1.3907434,-1.0599339,-1.0290593,1.3376434,-0.86258804,-0.34835967,-0.018210785,positive,2
19841094,before,3.2959461,-0.33992544,2.7739202,-0.73332709,3.1933293,-0.41141168,0.6636198,0.012302694,positive,1
19841112,before,2.9880399,-1.0773552,-0.19044843,-0.17632794,-0.55101113,-1.6168292,-0.65464648,-1.4396769,positive,1
19841134,before,0.18077431,-0.25753542,2.052487,0.55616108,-1.2433807,-0.72269463,0.76787969,-0.98570676,positive,3
19850038,before,2.0660654,-1.0502473,0.31329301,-1.7327451,1.332881,-1.3413549,0.54445942,0.48965196,positive,1
19850175,before,1.7181145,1.068045,-1.6611269,1.3238203,1.5133727,1.6127905,-1.5990147,0.4100215,positive,1
19850262,before,0.80029997,4.4172452,0.25007465,-0.77371996,-2.4864439,-3.9553331,0.21007675,-0.2515777,positive,2
19850282,before,0.82569774,2.0039224,0.30641914,0.61131475,0.97428391,0.48912346,0.36936739,0.71390039,positive,2
19850313,before,-1.0898445,-2.5982157,-0.97108594,2.0078042,0.44911005,0.0026212277,-0.54963405,-1.102045,positive,4
19850329,before,-0.55936095,-1.1773362,0.058724934,1.6119464,-0.21715479,0.41030511,-0.78313969,0.37520355,positive,4
19850337,before,0.70119664,2.075579,-0.44585034,-1.4503599,-1.8783971,1.4699659,-0.076368493,0.44306365,positive,2
19850338,before,-0.1596524,0.95385006,-0.03823879,2.4630474,0.16855872,-0.1617069,0.25799002,-0.0060842363,positive,4
19850342,before,1.2525795,0.27276869,1.5332545,0.52910531,-1.5084023,-1.1152706,1.0328151,0.33166353,positive,3
19850343,before,1.0900604,2.7268464,-1.5153398,-2.0660293,-4.2169025,-1.1783894,0.84607813,-0.69007175,positive,2
19850390,before,-0.28862021,1.9419222,-0.97679531,1.5174324,0.43819541,-1.270116,0.47792413,0.22047303,positive,2
19850402,before,-0.58482907,-0.5886745,1.4428821,0.13731147,0.30776578,-1.0710332,0.60867659,0.02081074,positive,3
19850409,before,1.6468875,-2.1201525,-2.151699,-2.0811035,0.93746097,-0.68155895,1.2111008,1.0307432,positive,1
19850450,before,2.4925635,1.8931621,-0.58171989,0.16846707,2.3161298,0.42763894,-1.6967234,-0.25912668,positive,1
19850472,before,1.6194692,0.3697521,-2.6545859,-1.2158809,-3.8877088,1.4845511,1.1680242,-2.046584,positive,1
19850509,before,1.3880525,0.59044876,0.50587085,-0.41939914,-0.61216842,0.31651761,0.30953029,0.15415274,positive,1
19850520,before,-0.86884678,2.0427373,1.174578,-0.3881924,0.16075839,-1.5143317,-0.091106345,0.10043939,positive,2
19850559,before,-0.60201436,1.3338413,0.27208668,0.59232631,-0.070813223,-0.34199308,0.3224677,-0.33891384,positive,2
19850565,before,0.22282074,2.1092558,2.0148778,0.675582,-0.4160121,1.3760152,1.4081519,0.91326984,positive,2
19850633,before,-0.030555677,-0.19127592,2.1628496,-0.12764124,-0.38942425,0.52055973,-1.0505155,0.53307456,positive,3
19850648,before,-0.73264578,-1.3721597,0.34279117,1.3767339,0.064219463,-1.4370534,0.3322665,0.26982986,positive,4
19850679,before,0.64208818,-0.35589814,0.64083221,2.6101829,0.96788799,2.4867845,-0.27479843,-2.2210886,positive,4
19850741,before,-0.13551818,1.7793363,-0.014972762,1.3831527,0.45712629,-1.105217,0.62485659,-0.021895414,positive,2
19850773,before,-0.54257397,2.3387773,-0.13190499,-0.18326443,-0.65889095,-2.0891355,0.20831738,0.77791252,positive,2
19850815,before,1.5016802,1.2040571,1.4372751,-1.3190867,0.034358711,0.48520488,0.19413605,0.091967221,positive,1
19850849,before,1.5703941,-0.076811079,-2.1020429,-0.68315808,-1.7091004,-0.48158961,1.0419904,0.18905786,positive,1
19850897,before,1.7587487,1.8026878,-1.2442644,1.0564666,0.1133884,0.63633648,1.4712051,-0.20009328,positive,2
19850955,before,0.54630943,1.3657356,2.5300937,0.37322526,-0.66153929,-2.3414328,0.31966912,0.48710342,positive,3
19850962,before,0.26878463,3.546396,-0.18562875,1.2538182,0.82416917,0.34406262,0.34794594,0.89339209,positive,2
19850973,before,0.18932403,1.1777278,2.2390766,0.25688266,-0.39168576,-0.17413637,0.63823434,-0.66926482,positive,3
19851079,before,-0.93482356,-0.14704074,1.2899335,-0.16735753,-0.51748607,0.92593029,-0.23122936,-0.32252109,positive,3
19860073,before,-0.9662961,0.066074976,1.6369332,0.3929852,-0.69631471,0.72895179,0.92073588,-1.3132926,positive,3
19860092,before,-0.50066826,-1.5263838,-0.73090701,1.619358,-0.46300007,-0.76858046,0.075132347,-1.4723471,positive,4
19860125,before,0.80368943,-0.16207091,-2.1379598,2.7403594,0.63562006,-0.88470763,-0.17134293,0.31759471,positive,4
19860133,before,-0.0050863766,-0.38297139,-1.4407564,2.9323362,0.4836575,-1.0286171,0.66494305,-0.3931848,positive,4
19860141,before,-0.85459422,-0.61762936,1.40647,1.0041176,-1.3344404,0.64215226,-0.26621411,-1.45193,positive,3
19860197,before,5.0956909,-5.1752988,-1.8269774,2.4323567,1.9086342,-0.87340243,-1.3443345,-1.3446243,positive,1
19860245,before,0.86175395,-1.9989225,3.0331401,0.99292671,1.2764568,1.1114794,2.6568006,-3.2050525,positive,3
19860254,before,-0.26405397,2.2067475,-1.0502045,-0.20880497,1.3831567,0.27881997,0.42719672,0.55635851,positive,2
19860278,before,2.266513,0.20978471,-0.78181429,0.37348974,1.0973655,-0.4191792,0.15835374,-0.34312508,positive,1
19860281,before,-0.51822522,1.5596005,3.3661954,1.0107459,0.068824548,-1.0183906,2.0695046,-0.7052641,positive,3
19860325,before,-0.22368164,-1.3792742,-0.12526466,1.3997358,-0.06458746,0.95484812,0.17549719,-0.8461466,positive,4
19860337,before,-0.55527792,0.81517005,-0.77348172,2.0110485,0.19845731,-1.1494982,-0.13502769,0.30136487,positive,4
19860346,before,1.4587437,-0.29484413,0.76082484,0.70079163,-0.55467979,-1.6035845,-0.20261878,-0.20619837,positive,1
19860369,before,-0.3631617,0.29400064,-0.6831427,2.3045714,-0.007232061,-0.89233814,-0.41164872,0.13230935,positive,4
19860374,before,2.5046557,0.48709755,1.571241,-0.62690764,0.75869178,-0.75962849,-0.96219989,0.74447271,positive,1
19860400,before,3.9947409,0.27050978,1.5128965,1.6599632,0.4090079,-0.41808652,0.0033629579,-0.5966902,positive,1
19860409,before,2.8625844,0.46076238,2.6543082,-0.7204613,-1.4709284,0.19912601,1.4826647,1.1372113,positive,1
19860417,before,-0.7483754,1.5404274,0.25124926,0.53371778,0.40552825,0.19265158,0.0039694395,0.40879758,positive,2
19860430,before,1.5986909,-0.71641275,1.4707319,-1.2058793,1.0278652,0.3031021,-0.31440659,0.24152062,positive,1
19860443,before,2.0831448,-0.53285716,-1.0061046,0.20646348,-2.3574099,-0.90158392,-0.16405036,-1.6876204,positive,1
19860448,before,-0.72288169,0.39010352,1.5767954,-0.23045093,-0.3785,1.1258043,0.39123595,-0.33358807,positive,3
19860469,before,-0.53914402,-0.30376201,1.9259628,1.2512477,-0.74212869,-0.43512814,1.0223562,-0.74106324,positive,3
19860476,before,-0.73642225,0.75859011,-1.6675292,1.4510256,0.91880567,0.72477465,-0.18374082,0.60515131,positive,4
19860480,before,-0.34119149,-0.12702727,1.3009992,-0.023950824,-0.56913424,0.65817974,-0.28859944,0.061517151,positive,3
19860491,before,-0.30087455,-0.21718203,1.3859427,0.54126097,-0.75427707,1.0018462,0.67403391,-0.5923459,positive,3
19860496,before,2.2218814,2.2444745,-0.84156788,-2.1010546,-0.93821199,-2.6869474,-0.0041710106,-1.1047696,positive,2
19860513,before,3.8153323,-1.2124859,0.12602878,1.6316178,0.87039893,0.87272934,-1.1335089,1.3419756,positive,1
19860526,before,-0.19757783,-0.64215786,0.16125878,1.6143507,-0.51581857,0.55759187,0.52124611,-0.40061112,positive,4
19860529,before,0.32666947,-0.56116723,-0.76698241,3.4280363,-0.02786613,-0.098109497,-0.44573381,-1.5586102,positive,4
19860563,before,0.41742863,-1.6287449,0.62507251,1.4463121,0.043586227,0.23117691,0.76458194,-1.4381471,positive,4
19860599,before,0.29967013,0.43003255,1.6010739,2.863941,-2.0092191,0.90672591,1.6472242,0.38397561,positive,4
19860610,before,-0.10274068,-0.780047,-0.43877251,1.8698197,-0.95164351,1.2612162,-0.091860771,0.23748134,positive,4
19860622,before,0.84357751,0.51037103,-0.67123322,2.0286548,-0.56196339,-0.86353692,-0.044836758,-0.69466258,positive,4
19860631,before,0.16187152,0.27251997,-2.6628904,1.8195207,0.59918683,1.1387549,-0.49066331,-0.3794579,positive,4
19860700,before,0.32810873,1.3784629,1.7454719,-0.5736088,0.86096681,-1.2682282,0.98465634,-1.1178708,positive,3
19860758,before,1.1856159,0.045307656,0.92350278,1.8649235,-1.6370431,1.0590061,0.12526911,-0.35180076,positive,4
19860771,before,-0.91895011,-0.86582392,0.17995131,1.5556677,-0.21844062,-0.50638765,0.64689355,0.64316061,positive,4
19860777,before,1.811338,4.5317656,-0.77764467,0.92766956,-0.57001523,-2.9077239,-0.25624874,0.02206599,positive,2
19860782,before,1.1609695,1.2988292,1.2901734,0.8006758,-1.1412001,0.73589618,-0.32258987,-0.23217134,positive,2
19860799,before,-0.0094746004,-0.35011639,1.5369861,-0.27403295,-0.13785812,0.51798707,0.44555872,-0.013606969,positive,3
19860803,before,1.2671365,-0.42627287,1.2526678,-0.81737561,0.23081788,-0.7168906,-2.0687129,-0.048242658,positive,1
19860831,before,0.26180123,0.76023892,1.6984904,0.16337602,-0.5268892,0.6876388,0.061673174,0.4570534,positive,3
19860849,before,0.99685391,2.4294753,0.55661518,0.26782334,-0.25847198,1.1102438,0.28405563,0.59763771,positive,2
19860853,before,2.3496798,1.142341,2.0534452,-0.54666358,-0.14416973,1.8251835,0.85720067,0.59151552,positive,1
19860900,before,1.8411466,-0.56916032,-2.2754504,-0.34700628,-2.3811494,-0.32046717,-0.2016279,-0.71545607,positive,1
19860905,before,-1.2860134,-1.5046647,-0.071134736,1.751468,-0.57902327,0.051148891,-0.57128657,-1.2151557,positive,4
19860921,before,-0.03457847,-0.055966722,1.7100549,-0.11642671,0.26974169,-0.56325177,1.2407758,-0.41389591,positive,3
19860963,before,2.7962953,-1.4816969,-1.508011,-1.7927603,-1.6208205,-0.44902648,1.1974767,-0.3463539,positive,1
19861059,before,-0.59500229,2.1207173,-0.17778796,-0.60594734,-0.89914683,-2.1112185,0.47911539,1.1276178,positive,2
19861094,before,1.7356335,-0.12126689,0.49622776,-0.80284703,-1.8548167,0.71856958,0.61502322,-0.41594713,positive,1
19870071,before,-1.1898618,-1.6218738,-0.48662624,1.5848323,-0.57827655,0.28568565,0.21023246,-0.55546272,positive,4
19870104,before,1.5571757,0.60352152,2.3071632,1.4499214,-0.29248472,-1.2800156,0.66765655,1.4539241,positive,3
19870214,before,0.96697327,-0.98067703,-0.066291339,1.3064102,-0.88142008,-0.45884825,-0.77022224,-0.12704688,positive,4
19870253,before,0.36509125,-0.84148696,2.18803,-0.23032514,0.66274405,-0.073173596,0.82871886,-0.49878958,positive,3
19870288,before,1.4694019,1.2875384,-1.804952,-2.1945933,-1.5423993,-1.9488895,-0.89449217,-1.25038,positive,1
19870300,before,1.6653137,-1.4425566,0.33836703,0.52369269,-0.31155122,0.37243442,0.9559082,-1.5224738,positive,1
19870308,before,-0.43840308,1.5429907,-0.54566216,-0.24872073,0.60999608,-1.8058109,-0.32857979,-0.56549535,positive,2
19870336,before,-0.79273505,1.5871348,-0.0058295913,-0.9967013,0.3724049,-0.48720773,-0.45132544,0.50642278,positive,2
19870365,before,1.4344789,-0.63535899,0.32978157,0.025728437,-1.1195274,0.76576672,-0.58088443,-0.23017615,positive,1
19870367,before,-0.40824766,0.79449494,1.2681461,-0.76921888,1.0505076,1.1444295,0.29645446,-0.69617841,positive,3
19870369,before,3.806933,-3.1706555,-2.5386314,-2.8656356,-1.985369,-2.3023176,3.2029725,3.6563349,positive,1
19870383,before,-0.74882575,0.7469602,-0.53746267,1.925375,1.0551738,-0.10212945,1.7126296,1.473112,positive,4
19870481,before,0.78383462,1.8252701,-0.61650677,-0.44466243,-1.2416512,0.45217037,0.47321625,-0.83771925,positive,2
19870483,before,0.97842416,-0.60184472,-0.11219507,2.5139713,-2.2047649,-0.23965676,-0.49519432,-0.82198094,positive,4
19870495,before,1.4363557,0.30467882,2.9038077,-0.065944997,-0.90040712,0.87199949,1.7717101,-0.63115053,positive,3
19870554,before,0.67742227,0.59663385,1.9433784,-0.833246,-1.5448716,1.0192549,-0.34793064,0.71188017,positive,3
19870560,before,0.00081298535,1.922127,0.23510325,1.3347658,0.42720569,-1.3154164,0.69947192,0.25124422,positive,2
19870568,before,-0.12418765,1.3349669,-2.6924703,2.3365357,0.61488549,-1.0790969,1.1685398,0.86594648,positive,4
19870588,before,-0.3546034,0.78364482,1.8882774,1.1170294,-0.60056983,-0.00088013718,1.3440249,-0.19624155,positive,3
19870612,before,1.1301338,-2.1075143,2.6694166,4.0545904,-1.1368044,-1.524248,0.63218156,-0.060433239,positive,4
19870646,before,0.89488874,-0.89312271,3.5199267,0.5017667,-1.274342,2.0535823,0.93785183,1.2631765,positive,3
19870649,before,2.464364,-0.67425867,1.3599017,1.3349656,-2.5334936,-0.1631678,0.51254868,1.152947,positive,1
19870666,before,0.084850017,1.3425494,-1.3164299,0.45588398,-0.41133243,1.1861117,1.1272817,0.14389412,positive,2
19870687,before,1.3226009,0.19625628,-0.89753107,-1.5013653,-0.52869616,1.2309064,0.097565971,-0.33019414,positive,1
19870697,before,-0.40876783,1.5893698,2.7770433,-0.19296251,-0.57627223,0.091305374,1.1348555,-1.2674664,positive,3
19870710,before,2.4526897,-1.3081745,0.096272616,-0.65163639,0.8877341,-0.5824368,-0.072235678,1.3585116,positive,1
19870714,before,-0.0084899458,0.34010703,1.1539243,1.399362,-2.4592762,-3.0789477,-0.08537258,-0.94639791,positive,4
19870730,before,-0.051410836,2.1596515,-0.22155283,0.94992184,1.263549,-0.17668362,-0.54813527,0.15447464,positive,2
19870748,before,1.7867944,-0.56907944,-0.51133632,0.00012442083,-0.75236184,-1.4592413,-1.0344466,0.18282362,positive,1
19870780,before,-0.056909467,1.3343984,1.7049922,0.20760155,0.568397,1.0130325,1.0680982,-0.17970722,positive,3
19870818,before,1.2520873,-0.37165176,1.987799,-0.89967661,0.70326087,0.53444886,-0.24030933,-0.47964062,positive,3
19870825,before,-0.84330675,-0.8725882,0.74756339,1.4420667,0.40534679,0.44046834,-0.116391,0.5092713,positive,4
19870840,before,5.5425253,1.0233374,0.39890499,0.13694062,3.780972,-2.4090705,3.4006455,-1.4491985,positive,1
19870848,before,1.7273747,1.2315518,0.49187954,-0.33143651,-1.6288167,1.3856725,-1.0755183,0.49663016,positive,1
19870862,before,-0.34893842,0.98879906,1.2018556,-0.33980694,0.81755961,0.64321914,0.71306766,-0.90198757,positive,3
19870894,before,0.60085766,3.0846948,-0.93404661,-0.15896532,2.8174825,0.94760662,-0.2286545,0.80802028,positive,2
19870902,before,2.2514166,0.68849685,-0.32624606,-0.93880776,1.5726871,1.8072227,0.034445845,0.86636569,positive,1
19870909,before,-0.41452077,2.9906015,0.14174893,-0.55568311,0.76664365,-1.0199362,-0.10087521,0.77985267,positive,2
19870942,before,-0.34181328,-0.48264379,-0.91203841,1.9293318,-0.57770181,-0.5521547,-0.50432236,0.27900306,positive,4
19870963,before,0.61138653,0.54582549,1.3829379,0.90533191,-0.46936541,1.1737558,-0.26158308,0.075601364,positive,3
19870989,before,-0.27180476,0.40379696,2.4149341,-0.23940217,0.092293474,0.52872195,0.68373725,-0.85955609,positive,3
19871016,before,3.2731621,0.0092227771,1.1902142,-0.042160853,1.0648817,-0.54639786,-2.3937428,2.1338542,positive,1
19871082,before,-0.92138566,-2.5198088,1.1063802,1.3863092,-0.95953212,0.0024462204,-0.15898858,-1.1171172,positive,4
19880009,before,0.53207057,-0.88461781,0.45401925,1.5988394,0.029164583,-0.88363439,1.2137215,-0.83081596,positive,4
19880096,before,-0.005930853,-0.041157248,-1.7314252,2.0818679,1.161207,-0.89878922,-0.27742519,0.79973069,positive,4
19880135,before,-0.13364764,-0.82610485,0.80529389,2.4880897,1.0923679,2.2010681,1.5422486,-1.3946444,positive,4
19880191,before,-0.56584074,0.051292853,1.4146493,-0.53548197,-0.14988371,-0.35071214,-0.71998712,0.17836195,positive,3
19880281,before,4.0319498,-2.821303,-0.50821523,-0.10037464,3.4660298,2.7523805,2.7823452,-0.65657586,positive,1
19880286,before,-0.87628837,-1.6289558,-0.57710253,1.3047436,-1.1276457,0.91995656,-0.64316082,-1.5262981,positive,4
19880299,before,3.5311954,0.36055147,0.48034672,-0.68064852,0.73112739,-2.5611601,0.60563169,-0.12056681,positive,1
19880333,before,2.9478028,-1.6821871,0.085952384,0.55312914,2.7163539,-0.86825765,1.3981415,-2.881826,positive,1
19880341,before,1.9427863,0.31907485,-0.091876965,-0.20034791,-0.47998069,1.8446298,1.6015281,-0.28468256,positive,1
19880345,before,-1.2148121,3.4433421,-0.00011250168,-1.5653721,-1.6593549,-1.0787981,1.6983502,2.7002435,positive,2
19880481,before,2.9479854,-1.1663408,0.71209373,-1.3976192,0.76544476,-0.89688518,-1.629393,1.4017578,positive,1
19880482,before,-0.10303412,-0.46302251,-3.0857221,3.1334941,0.71698689,-1.0733542,-0.11598899,-0.73959804,positive,4
19880514,before,0.85518181,1.330676,1.1165315,-0.46275111,0.95147779,-0.34163471,0.41101664,-0.4108009,positive,2
19880519,before,-0.11175978,-0.35127739,1.4300859,0.81311452,-0.86718497,0.42353963,0.38030059,-0.34074082,positive,3
19880548,before,1.172525,0.53279605,-0.958562,4.1415138,-0.54261483,-0.5605327,0.65569303,-0.60614042,positive,4
19880563,before,-0.63361008,1.2254466,1.3590341,0.21753533,-1.3987461,1.1355155,-0.71809113,0.31630872,positive,3
19880579,before,-0.55273383,1.1314212,1.6100768,2.5923761,-1.5058441,-2.8720949,1.859719,-0.70100485,positive,4
19880581,before,1.822439,-0.092057895,2.2074566,0.99518359,-1.0108393,-0.30104605,0.0823551,-0.2655083,positive,3
19880595,before,0.34992583,0.27361946,0.22396774,2.5596117,-0.79001773,-1.4017744,-0.25258463,-1.1069807,positive,4
19880609,before,2.541291,0.95055442,-3.9673373,-0.4630381,-2.7401196,1.0051123,-0.038726389,-1.6234687,positive,1
19880632,before,0.011951203,2.3135295,-1.21234,-0.72908193,-1.3215441,-0.48367563,-0.37000477,0.85207401,positive,2
19880633,before,0.41430015,0.93872809,0.12834576,1.522887,0.58282002,-0.62150008,-0.13758508,-0.7396207,positive,4
19880648,before,-0.62596625,-0.068968763,-0.37452463,1.6899455,0.86236731,0.049206086,0.71332914,0.42785273,positive,4
19880650,before,2.0881254,0.6336907,1.3879886,1.1191184,-1.37126,-1.0070259,0.17101699,0.53366741,positive,1
19880666,before,0.24193455,0.12308633,1.7529567,0.75812162,-0.27945007,0.42657822,0.23484837,-0.71977827,positive,3
19880698,before,0.12671278,-0.93372599,-0.06754424,2.291236,0.40340547,1.1015888,0.71827922,-0.35671702,positive,4
19880721,before,1.8073166,-1.7027126,1.793637,0.41025927,-0.9008648,-0.46860435,0.3320312,-1.1008858,positive,1
19880732,before,-0.87569102,1.2423351,-0.75713142,0.14960758,0.82035203,0.23918362,-0.72568167,0.094981474,positive,2
19880758,before,1.9105362,-1.91432,4.2944858,1.0191927,2.7246492,3.3839688,3.978884,-3.6702896,positive,3
19880784,before,0.17641508,0.50232194,-1.7193811,1.8999377,-0.20123636,-1.2886105,-0.67126785,-0.64376848,positive,4
19880800,before,0.53776382,-0.66769557,3.1136487,0.39156133,-0.36407954,-0.53141376,0.34809861,-0.74855921,positive,3
19880922,before,-0.90077643,1.7489647,0.12315248,0.37005545,-0.58859688,-1.8263938,0.58862069,0.43509979,positive,2
19880933,before,1.5855146,-0.304212,-0.65014213,-0.95399899,-0.99630984,0.28727454,0.23176042,0.049671063,positive,1
19880950,before,-0.2102753,-0.66690908,1.6724997,0.59558497,-0.15578003,1.5529753,0.23740147,-0.84790708,positive,3
19880964,before,2.4794209,-0.56757817,0.82833098,-1.4920132,-0.17361755,-1.41529,1.7866725,-0.11027744,positive,1
19880989,before,0.78950543,1.7940055,0.59785661,0.10307825,1.2290726,1.5479214,-0.83230561,0.12922044,positive,2
19881033,before,-1.2821071,0.31870631,3.0941647,0.7161059,-3.1322322,1.8985425,-0.45512458,2.7698464,positive,3
19881039,before,1.8262303,-1.3422335,-0.061819059,-1.1780402,-0.39574524,-1.1601286,0.43874661,-0.32263441,positive,1
19881098,before,0.44923949,-0.46649421,1.433973,-0.17834588,-0.022904953,-0.19045753,-1.1334378,0.090184162,positive,3
19890039,before,0.18942599,1.6599782,-1.3049763,2.8349185,1.0002415,-0.087552146,-1.5283212,-0.43830138,positive,4
19890060,before,-0.49968254,0.85276941,-1.1601965,2.5336061,-0.082686309,-0.45817983,-1.427102,0.28807305,positive,4
19890138,before,-0.32186551,1.5091486,0.027965343,-0.45652286,0.71824071,-0.07641413,-0.78236232,-0.065980916,positive,2
19890240,before,-0.97765259,-0.29811681,0.23436583,1.7711604,-0.21346488,-1.1552957,-0.00248896,-1.0079004,positive,4
19890246,before,-0.72541884,-0.0178247,1.0258383,2.3233162,-0.34278219,0.29996182,-0.81777214,-0.17040144,positive,4
19890251,before,1.0897929,1.9666875,-0.47697483,0.91696043,-0.020183967,-0.71409506,-1.6744026,0.905555,positive,2
19890304,before,-0.08147901,1.3974621,0.27929884,0.51971883,-0.90708478,-0.70175187,-0.22723381,-0.92671391,positive,2
19890342,before,2.797399,1.7058827,-2.037959,1.1501712,0.52494051,1.0761484,-0.57659834,0.69620403,positive,1
19890359,before,1.4212126,-0.91409594,-2.9788071,3.3381943,-0.68637865,0.99648226,-0.55240362,-1.0391351,positive,4
19890398,before,-0.90909707,0.21526934,2.3923148,0.096862621,-0.78745205,0.31734814,1.1279258,-0.02350803,positive,3
19890399,before,-1.3933718,1.2837721,-0.32376115,-0.44003742,-0.4440499,-0.46719483,0.80619701,-0.038439198,positive,2
19890473,before,1.6179789,1.7355389,1.0153757,0.57128864,0.74327756,-0.11487134,-2.1935344,1.3135475,positive,2
19890509,before,-0.22302653,1.4078741,1.0590073,-0.22399018,-0.063617842,-1.1432452,0.64859524,-0.95416697,positive,2
19890513,before,2.3202344,1.6836854,-1.7057558,-0.63005615,-2.9057229,0.53883175,-0.28836778,-0.54117962,positive,1
19890568,before,0.0029854247,1.3657077,1.6219858,0.11311288,0.3877496,0.032754465,0.10637396,-0.012831344,positive,3
19890595,before,3.0204906,-0.022484083,-3.5549543,-0.35536544,1.3353546,-1.7840392,0.79437857,2.7047254,positive,1
19890611,before,1.5874295,1.1211933,0.0079525568,-0.31345493,-2.109951,-0.775261,-0.75994011,0.11428163,positive,1
19890770,before,0.24262928,-1.0143073,1.2501639,-0.51480889,0.041033689,-0.22714513,-0.61406856,0.84005944,positive,3
19890805,before,-1.1014044,-0.73585347,2.5223228,0.86096086,-2.1486938,0.51686035,-0.37872971,-2.4853532,positive,3
19890810,before,-0.86015445,-1.174772,0.062846648,1.5742784,-0.050080004,-0.48068615,0.37408546,-0.88861821,positive,4
19890816,before,0.51204014,1.9399891,-0.47082351,2.662355,0.64909851,1.1647942,-0.59217688,1.40308,positive,4
19890818,before,0.20529258,1.7504067,2.4119403,0.62830321,-0.4833551,-0.8537952,0.6461343,-0.08554878,positive,3
19890822,before,0.56057721,1.8402775,2.237436,0.89568434,-0.31761041,-0.2998562,-0.41328259,-0.018779843,positive,3
19890963,before,-0.59188238,-0.13192176,1.2730405,0.013824387,0.17579294,-0.14784488,0.85187446,-1.3988213,positive,3
19890974,before,1.5059114,-0.6596361,0.76701483,-0.84899808,1.1764116,-0.4788932,0.0049295216,-0.49403247,positive,1
19891034,before,1.9301113,-2.8405877,-1.0790838,1.2718977,1.0670036,0.24741294,-0.16515413,-0.016422766,positive,1
19891087,before,-0.79692689,0.0057103692,-0.43292656,1.6160903,0.67825813,0.41686357,0.77597278,0.3264786,positive,4
19891088,before,2.1845061,0.93094362,0.31735028,-1.1794863,-1.2206844,0.39954326,-1.592489,0.16994838,positive,1
19891127,before,3.0175832,-0.72316627,0.069111672,-0.15188052,1.2197409,0.21282516,-1.393106,-1.3516399,positive,1
19891133,before,-0.029955811,1.5874134,0.32758877,-0.076554972,0.051808972,-0.039146657,0.28623457,0.59824451,positive,2
19891148,before,-0.57164135,1.4858491,0.92201339,0.85090771,0.21966936,-0.48288835,-0.036238672,-0.24932819,positive,2
19900020,before,1.3097257,3.1258427,-1.3648308,0.33050343,2.195952,0.77629647,-1.1466661,0.4018226,positive,2
19900037,before,-0.4209512,1.7086032,-0.56075502,-0.25097996,0.91206139,1.1432592,-0.4362713,0.88041493,positive,2
19900071,before,-1.0550105,-1.118835,-1.3556312,1.7128119,-0.99430611,-1.3736921,-0.032175875,0.68960439,positive,4
19900084,before,0.54068691,2.6284816,0.5160728,1.6626523,-1.1354416,0.67379831,-1.5238523,1.6612065,positive,2
19900091,before,-0.37744004,1.3610441,0.35976031,-0.31426129,0.75431727,0.44825646,-0.39365296,0.1714696,positive,2
19900228,before,-0.79721519,-2.3690705,-0.30702871,2.1337559,-0.64464159,1.5285703,-0.33833773,-0.7003908,positive,4
19900239,before,1.3049295,0.58209387,1.6334251,-0.6614877,1.4445534,-0.71099156,-0.60444245,-1.0429159,positive,3
19900247,before,-0.68354695,-0.42508518,1.1739158,-0.46560599,-0.89320693,0.48104061,1.1609158,-0.49803479,positive,3
19900269,before,-0.41952408,1.4109167,-0.071687515,0.60703921,0.97347641,-0.44365381,0.13004856,-0.35178718,positive,2
19900326,before,-0.29918237,-1.1519604,1.8916573,0.97468812,0.098132464,1.1064725,0.62166699,-1.239682,positive,3
19900330,before,-0.49769856,1.4365437,0.53999685,5.6977401,-2.929762,-3.0370345,-1.1784235,3.7157563,positive,4
19900332,before,0.018812652,-0.82061351,0.54997543,2.3724051,-0.33020535,0.59258042,0.26149217,1.4763735,positive,4
19900369,before,0.62981913,2.1979708,0.7185228,1.3946156,0.56750885,0.60558709,1.2854463,-0.055287947,positive,2
19900397,before,-1.0056548,-2.4639148,0.077702473,1.5353585,0.01314301,0.83002945,-1.0392296,0.72723069,positive,4
19900409,before,2.6006687,-1.1573905,-0.97727724,-1.7115093,-2.3721029,-0.23470316,-1.8988609,2.5535176,positive,1
19900443,before,0.4726557,1.8257733,0.97735893,2.5391566,-0.23329884,0.50974078,-0.28527493,-0.070222761,positive,4
19900451,before,-0.36681218,1.7136645,0.75427999,-0.31264535,1.1450939,0.81614452,0.024280344,-0.64742772,positive,2
19900494,before,4.0547655,-1.2627712,1.4036439,-1.5084319,2.7349866,-0.3745246,-1.5731722,2.1668529,positive,1
19900502,before,-0.14961083,-0.15375199,1.7608953,0.33190963,-0.90725923,0.25235468,-0.61473843,-0.069560469,positive,3
19900518,before,0.0090440862,0.14853935,2.1053106,0.23976014,-0.08923623,1.0338674,0.18179151,-1.2774527,positive,3
19900530,before,-0.043040473,0.16297102,1.2439467,1.2767369,-0.64845696,0.16084232,-0.77489741,-1.6780184,positive,4
19900544,before,-0.54998086,1.3984529,0.62433843,-0.56536303,-0.20807656,-0.77505822,0.16673288,-0.78542688,positive,2
19900579,before,-0.86650974,-2.2276813,-1.1513849,1.5584653,-0.35040353,-0.42278164,1.0706164,0.32168067,positive,4
19900641,before,1.9282451,2.3427533,0.48249344,-0.47464041,-1.0060188,0.36235354,0.79141454,-0.12281425,positive,2
19900675,before,-0.64081925,1.7759403,1.3854456,1.3175349,-0.39212117,0.4928919,0.22549222,0.74671359,positive,2
19900716,before,0.80384862,-0.42280739,2.4027217,1.4712841,0.88582776,1.4969016,0.37023623,-1.3021368,positive,3
19900720,before,0.96487517,0.53417626,0.35479855,1.9061755,0.39024956,1.0985206,-0.10618204,-0.11327563,positive,4
19900749,before,1.6105835,-0.60574844,-0.18700929,1.9847515,-1.3681022,1.7782382,0.87627274,-0.80906269,positive,4
19900761,before,3.7503017,-0.78157919,0.34106432,0.064408453,1.2690621,-3.7341211,0.38155273,-2.4709659,positive,1
19900790,before,1.3543813,1.3418887,0.25627991,-0.82525101,-0.08454412,-0.83917462,-3.5802493,-0.26437125,positive,1
19900798,before,1.9460887,3.4075629,-0.71949933,-1.0589904,-1.0606326,1.5708263,-2.2850153,-1.3915027,positive,2
19900808,before,2.8223291,0.24208951,-0.59673333,0.73549417,1.3814827,0.9188482,-0.58766471,-0.49106867,positive,1
19900812,before,0.35144624,1.2517422,0.22908899,-0.37523258,0.94668367,0.95377127,-0.86411263,0.8420262,positive,2
19900919,before,2.1489799,-0.52604031,-0.42754817,-0.71344436,-0.41444658,1.515794,0.31250337,0.43797259,positive,1
19900985,before,-0.19852516,-0.79980249,1.5982736,0.70764258,-1.1362822,0.62806196,-1.2898168,-0.59727666,positive,3
19900990,before,3.0766941,-0.69063199,-2.1629678,-1.5244092,-1.9432703,0.7175257,0.56324207,-0.084128374,positive,1
19901017,before,1.5940106,0.28052254,-2.6873093,0.15826299,-2.745055,-0.21687579,0.51829725,0.43690657,positive,1
19901027,before,-0.2983371,-0.23491986,1.3138221,-0.18455405,-0.52402017,0.51923213,0.019465168,0.3653429,positive,3
19901035,before,-0.43379608,-0.7984682,1.3549536,0.61928621,-0.17091067,0.36850313,-0.94535981,-1.7569582,positive,3
19901038,before,1.8248124,1.6565482,0.81625221,-0.79235294,0.070891532,-1.2389481,0.0087987586,1.0699882,positive,1
19901058,before,0.23188561,-0.058182598,2.3678975,-0.24779536,-0.30188977,-0.25263831,0.36575202,-1.7276777,positive,3
19901100,before,-0.22924331,-0.58462429,1.7183088,1.3488282,-0.96717678,0.25914407,0.66832604,-0.012004921,positive,3
19901102,before,0.077869539,-0.46614447,1.7022554,0.4421273,0.020841676,-0.63537757,0.29062523,1.2160694,positive,3
19901121,before,0.55914007,0.58985517,-1.358013,1.3643701,1.060323,-1.0293252,0.75230741,-0.29536158,positive,4
19901161,before,1.9968475,-0.56752579,0.1273043,-0.51448032,0.015374677,0.09769427,-1.2678375,0.27865294,positive,1
19910003,before,-0.39039498,1.4970763,0.1432525,0.4150958,0.7422593,0.80609703,-0.3187923,0.62500561,positive,2
19910047,before,2.0633057,-1.5459517,-0.25833531,0.51492929,0.97224147,-1.9040264,1.7189651,-1.0889889,positive,1
19910057,before,1.5499443,-1.7847984,0.39094077,-0.959934,1.4626166,0.0082663119,0.48846713,-1.0510676,positive,1
19910175,before,0.90498833,1.462299,-0.7757286,1.3133269,0.92636808,1.1950136,-0.79187743,0.62133886,positive,2
19910187,before,1.8833755,-0.55518496,-2.1723006,-0.37382521,0.32542778,1.1263727,-1.4615851,0.92962143,positive,1
19910260,before,2.9956146,0.70862846,-1.8738209,0.67358096,0.85421091,-1.1605389,0.054297872,-1.0622953,positive,1
19910279,before,-1.544857,-0.29477775,1.2439387,1.7247345,-1.6440858,0.12990033,0.079532687,-1.8032066,positive,4
19910317,before,2.3251164,-0.54270464,-0.16608364,-2.0039634,-2.2300284,1.4034139,-0.14461302,1.6123347,positive,1
19910380,before,1.1558917,0.24365815,2.395073,0.72011139,-0.84225312,-0.27596257,0.25851644,-0.58551286,positive,3
19910449,before,0.045180969,1.6154615,2.0598533,1.9272203,-0.73465257,-0.32113684,0.98307942,-1.4525479,positive,3
19910454,before,0.24561625,-1.1295224,0.68212138,2.0956513,-0.53870231,1.2113905,-1.0893277,-0.17795663,positive,4
19910483,before,0.46575788,1.6022832,0.023626446,-0.33591005,1.2534409,-1.8472351,0.75581004,-1.0988855,positive,2
19910595,before,0.22514468,1.9916906,-0.72789763,0.090337698,1.9023878,1.2705933,1.6103715,0.093038643,positive,2
19910603,before,2.8578416,-0.61844152,-0.78923435,0.58781291,-2.537728,0.56049997,0.82751328,-0.35784493,positive,1
19910624,before,0.80302652,-0.67145972,2.4966131,-0.8501664,-0.16102692,1.2603161,0.127423,2.2729364,positive,3
19910655,before,0.66498513,-0.64860164,1.481792,1.2443475,-0.1673113,0.58980264,0.40614589,-0.17352623,positive,3
19910669,before,0.07947715,1.2558751,-0.75879381,2.2307483,0.96284273,-0.30172314,-0.47670944,-0.54180368,positive,4
19910681,before,0.23656524,1.6571122,0.5360559,-0.92453086,1.0278567,0.30271,-0.16749229,0.31053064,positive,2
19910683,before,1.4448516,0.11474396,-0.14677008,2.0807265,-1.4100075,-1.0364999,0.70051313,-0.855089,positive,4
19910698,before,-0.57436079,0.7014388,1.2624395,0.31748859,-0.13881762,-0.50778421,-0.70839174,-1.3310495,positive,3
19910710,before,-0.22056732,-0.3212409,1.2835202,0.3202452,0.022230199,-1.1538989,-0.28897895,0.019552054,positive,3
19910732,before,-0.041635832,-0.01776775,1.6771316,0.67222442,0.39954318,-0.056375121,0.52035341,-1.817541,positive,3
19910747,before,0.42051384,-1.5893896,0.43749141,3.3599448,-0.92934049,0.40148811,-1.0723769,-0.16320282,positive,4
19910777,before,-1.093699,-0.61553921,2.1047515,1.2655712,-0.71890647,2.0938776,0.59705128,-1.2950577,positive,3
19910806,before,-1.1735285,-1.6063357,-0.48495477,1.9304646,0.41833723,0.84640687,1.0966597,-0.64039194,positive,4
19910818,before,0.024236513,3.2022951,-1.7358293,1.2924134,1.8493063,0.8428176,0.21036885,1.31812,positive,2
19910825,before,1.8159426,-1.228365,-1.0931554,-0.83840594,1.3540209,-0.97531516,-1.3460354,1.0887068,positive,1
19910836,before,1.1799357,3.0531654,0.49289927,-0.17458875,2.2301586,1.9111788,1.013752,1.5157902,positive,2
19910856,before,2.0049555,-2.8092531,-1.0048292,1.7282776,1.6453461,0.58101565,0.88930256,-2.6771209,positive,1
19910918,before,2.8693378,-1.2031621,-1.8411743,-1.695204,-1.8383849,0.59802117,-0.54419308,-0.18600041,positive,1
19910919,before,-0.3325357,-0.28456071,1.4898478,0.42780558,-0.21699285,0.33236711,0.76898326,-0.27068506,positive,3
19910925,before,1.0014311,0.66037864,0.13998089,2.6493386,1.0570692,0.49101214,0.69836815,-1.0822058,positive,4
19910952,before,1.5806367,3.2817017,-0.9559982,0.095565349,1.6668637,-1.3028987,-0.73534389,0.39676974,positive,2
19911037,before,0.55221763,1.7433443,2.3968365,0.088140682,-1.5131575,1.334996,1.2438307,0.95671355,positive,3
19911043,before,-0.34766244,3.1177959,-0.63993603,-0.47179695,-0.12041986,-2.1564549,2.0794494,2.6883358,positive,2
19911101,before,0.46774016,0.0915949,-0.89663159,1.6656918,0.36104404,-0.99884907,0.22343588,-0.79635702,positive,4
19911119,before,-0.041217211,1.8164416,-1.0579633,2.3076744,0.13569242,-0.93081123,0.115774,1.2842571,positive,4
19911132,before,1.6895524,0.21878929,-0.15136147,-0.14047548,-1.1800114,-1.2206847,0.37405868,-0.42575126,positive,1
19911145,before,-0.29466282,0.050912677,0.29711102,1.4875903,-0.15047496,-0.25341523,0.26291646,-1.2328203,positive,4
19911146,before,-0.67048338,1.2388247,-0.20834475,-1.3279777,0.021646992,-0.61107918,1.0005018,1.0612613,positive,2
19920083,before,-0.59589357,2.5405347,-1.2562904,0.14718053,2.1055092,0.53273683,-0.44831425,0.53736674,positive,2
19920084,before,0.062701913,1.0116883,-1.1216632,2.6679025,0.68750058,-0.11710751,0.048977381,0.24080087,positive,4
19920122,before,-0.0041321312,-0.20727807,1.5199019,-0.73212343,0.90984324,0.8945697,0.067633398,-0.12431896,positive,3
19920221,before,-0.52131341,1.0586396,-0.64709144,1.6547252,1.0572364,0.93845913,0.12321764,0.13706408,positive,4
19920229,before,-0.0053179367,-1.0730248,0.78364182,1.8431823,-1.7912498,0.045626601,-0.22982575,-1.59552,positive,4
19920248,before,1.271227,0.84004757,-1.2606187,1.1338382,0.76733301,0.11847165,-1.0660594,1.2090164,positive,1
19920323,before,-0.55485354,0.61428745,-0.58584241,2.140897,0.18160046,-0.21545584,-0.35183181,-0.97165466,positive,4
19920358,before,1.3759051,-1.0131818,2.1149982,-0.68380258,-0.83023656,-0.41252829,0.2282676,1.4526857,positive,3
19920370,before,1.8393467,-0.73655831,-0.80406925,-0.18733515,-0.10160756,0.12207625,-0.26617942,-0.93405191,positive,1
19920404,before,-0.15078962,-0.26709425,1.276748,0.3340828,-0.91203189,0.25740925,0.18482771,-0.59759033,positive,3
19920418,before,1.6625819,-1.076734,-0.75873975,-0.54228983,-1.581431,0.22172138,1.5289874,0.93662506,positive,1
19920424,before,0.48796722,-0.27422551,2.4210677,7.5294487e-05,1.1019949,0.89353823,1.5686418,-0.20729284,positive,3
19920433,before,0.45065531,0.94681138,0.79960031,1.7860578,-0.15081156,-0.12411036,0.60993595,-0.34755191,positive,4
19920438,before,1.2025994,1.6298425,0.65385758,2.5491011,-0.60892506,0.023305605,-0.55133624,-0.95899863,positive,4
19920442,before,0.58767357,-0.6597691,1.083271,2.4621125,0.073119635,-0.088336931,1.5483256,-0.91927351,positive,4
19920445,before,0.76697908,-0.83884092,-1.3888684,2.5353273,0.7922741,0.068928228,-0.26656412,0.23940948,positive,4
19920452,before,-0.31352556,0.09223201,1.5684296,0.26711306,0.87944981,-1.042388,0.25970667,-0.84834667,positive,3
19920472,before,2.8980212,-1.2758103,0.50812898,-0.35015732,-0.95493383,-1.6593797,0.21975592,0.73546009,positive,1
19920483,before,-0.020472041,1.2650674,0.77136298,0.5159674,-0.85698465,-1.8035962,-0.23595115,0.22397292,positive,2
19920535,before,0.02972651,1.5231527,0.10159972,1.2302067,-0.57329364,-0.98259982,0.38731818,-0.19049302,positive,2
19920543,before,-0.35185491,-0.36797215,1.5486028,0.49653471,0.346569,-0.46302476,0.81495822,0.58317061,positive,3
19920573,before,-0.3822969,1.7861186,1.197568,-0.15867422,-0.28817412,0.060749439,0.35449477,0.083087282,positive,2
19920579,before,-0.71050827,0.54136578,1.7414685,0.66614478,-1.1189489,-0.80157864,-0.092849983,-0.70788405,positive,3
19920597,before,1.0121662,1.4325816,-0.60475584,2.9503545,1.1309218,1.6186618,1.1858558,1.3763312,positive,4
19920614,before,0.56000898,0.40173419,-0.04396262,1.8202988,-0.26382228,1.3316975,0.56404732,-0.036519557,positive,4
19920641,before,0.54603702,4.6698509,1.1439299,0.72624887,0.47061813,-1.4808439,-1.6653265,-0.097687632,positive,2
19920654,before,1.410014,4.0039159,-1.8424295,0.5006644,3.4918518,1.8426259,0.26013371,1.9859623,positive,2
19920685,before,0.51946485,-0.32597661,2.1313494,0.049823444,-0.071856914,0.82179623,0.98565413,0.60522323,positive,3
19920691,before,0.37087212,2.6810075,-1.007516,-0.38751173,-0.39455693,-1.0078597,0.26580148,1.1951757,positive,2
19920709,before,-1.0604428,0.24485854,1.3470844,1.2403833,0.0055887094,-0.0075136245,0.076903558,-1.4167464,positive,3
19920714,before,0.73036488,0.73080255,1.3811325,0.21602078,-1.1259291,0.021819878,0.069190126,-0.8102127,positive,3
19920759,before,-0.018708328,1.8135258,-1.7136257,1.7852768,1.1778102,-0.02082264,-0.43662501,1.4518383,positive,2
19920766,before,0.95287164,3.4340554,-2.0965719,0.9654307,2.0021769,0.28400597,-0.042333143,1.9410933,positive,2
19920781,before,-0.57908675,0.13730476,1.3689749,-0.27069816,-0.21789226,-0.21300223,-1.1256003,-0.61280429,positive,3
19920851,before,2.157842,0.67109409,1.2186328,-0.069515833,-1.0812808,1.1844384,-3.0925626,-1.0592495,positive,1
19920864,before,2.1480669,4.1037495,1.9283312,-0.0072849816,3.1756372,1.1032072,2.1376132,0.9820608,positive,2
19920898,before,2.9321052,1.5718828,0.70955815,-0.39404818,-0.5575642,-0.4961201,-0.074522552,0.53156707,positive,1
19920931,before,-0.67706849,-3.2634164,-0.68662121,1.3365906,0.51937384,0.071703123,0.74984298,0.54085453,positive,4
19920990,before,-0.64055661,0.592912,0.35095101,1.8012092,-0.038548659,-0.37725593,0.41848726,-0.41901939,positive,4
19921005,before,2.2172001,0.936003,1.5299709,1.1979004,-1.5301485,-0.71537925,2.1198234,0.34644789,positive,1
19921017,before,0.78484306,1.122885,-0.89602585,3.3775629,0.57536637,-0.020305488,-0.67579093,0.19859711,positive,4
19921019,before,-0.17652049,1.5282401,-0.36790407,0.81516617,0.57660123,-1.3398776,-1.0107069,-0.25726146,positive,2
19921027,before,0.85645568,1.3002726,-0.15793995,1.5848003,-0.86799201,-0.47968149,-0.12225725,-0.30553235,positive,4
19921133,before,-0.98398694,0.26127532,1.5381083,-0.50637156,-0.65012352,1.2900967,0.0036328262,-1.8968073,positive,3
19930023,before,-1.5107513,1.5749361,2.0520519,0.57716267,-3.1470492,-0.82106105,-0.88500473,0.90459724,positive,3
19930036,before,-0.66370056,-0.42584116,-2.1654418,2.2501216,0.35837819,0.48996665,-0.097529823,0.10641047,positive,4
19930043,before,-0.78573029,1.3508018,-0.22146113,-0.74369635,0.89887402,-0.37595894,0.10942575,-0.31972712,positive,2
19930045,before,1.7024872,1.06059,1.3961079,0.39791582,-2.4788744,-1.2573567,1.1766369,0.79846865,positive,1
19930080,before,-1.4504335,-0.51378055,-1.03271,1.366448,0.012279815,0.53490478,1.1264464,0.4298256,positive,4
19930085,before,1.5881961,-1.4907877,-0.61746236,-0.39531221,0.19854433,-1.1601133,1.3446706,-0.57228301,positive,1
19930155,before,-0.43441917,2.256309,-0.37946224,-0.17999744,1.2886037,-0.50637805,-0.37328039,-0.10549974,positive,2
19930158,before,1.488602,1.5465254,-1.0324473,2.1708353,1.5749762,-0.13188562,-0.24200909,0.0096035371,positive,4
19930215,before,-0.27102497,0.78181267,-0.28932478,1.4907486,-0.6088742,-1.2728539,0.28411086,0.54745073,positive,4
19930246,before,-1.3535868,-0.51308972,-2.2184847,1.5112998,-0.26003547,-0.90267255,0.3156777,0.78225426,positive,4
19930318,before,-1.3392337,-1.8707277,-1.3903345,2.5915951,-0.028815918,-1.451134,0.48828259,-1.4238891,positive,4
19930370,before,1.1395528,1.1555933,1.4032881,-0.25283414,1.2528819,0.6663668,0.58516171,-1.2086902,positive,3
19930375,before,1.6614137,-0.4266509,-0.7579256,0.094183006,0.58128779,-1.5821157,-1.6739297,-0.9138479,positive,1
19930411,before,-0.039816779,0.14793044,1.6113997,-0.59697966,-0.66180574,1.0193273,-0.83030977,-0.54397799,positive,3
19930434,before,-0.90407374,0.27624373,-0.31760153,2.19883,0.051767494,-0.60873149,1.4571227,-0.0083227649,positive,4
19930454,before,-0.72867257,1.8479591,3.1325598,-0.27055803,-1.1224782,0.949073,0.85302944,-1.98627,positive,3
19930466,before,0.37427495,0.0022117198,3.4301345,0.79873198,-1.9754264,-0.092134601,2.6809806,0.41211359,positive,3
19930468,before,-0.22488579,2.8032979,2.8641991,2.0461544,0.49092398,2.4991021,0.07022085,-0.90017132,positive,3
19930471,before,1.6092357,3.5161587,1.3127507,0.40885869,-1.2829874,-0.62419505,-1.1589783,1.3670995,positive,2
19930472,before,2.014816,1.9775154,2.2261124,0.8977738,-0.005861769,-0.41259367,1.974117,-0.50938261,positive,3
19930476,before,3.1233047,1.3507045,-3.4727233,-2.1819073,-4.8822257,1.02809,-4.4645383,-2.7838204,positive,1
19930484,before,0.27349518,-2.4370962,1.7817291,1.4215422,-0.55260431,-1.5093967,0.0034185116,-1.4605539,positive,3
19930485,before,1.9444394,-0.56608144,-4.1163769,-1.8136484,-0.7103798,-1.218129,0.7245866,-3.1440572,positive,1
19930505,before,0.90076625,-0.97014426,2.3005141,-0.27466643,-0.23189167,0.36245456,1.3544062,-1.1289385,positive,3
19930518,before,1.4655063,1.964494,2.3879647,1.14454,0.60543313,0.5844139,0.088121218,-1.0467575,positive,3
19930531,before,3.0214333,-2.373406,0.062557186,0.069168497,-1.5580206,-3.5242495,-0.011868812,0.46429597,positive,1
19930561,before,1.4160524,1.4702996,-0.18991767,-0.49919073,0.69433744,-0.94029119,-1.1081194,-0.30487956,positive,2
19930568,before,1.6164647,1.7217496,-0.19782413,0.9348681,1.0185639,0.79991883,0.2170475,0.9647355,positive,2
19930571,before,2.5942847,0.86827154,0.24944092,-1.3798044,-0.58553202,-0.033411865,-1.0828974,0.71716789,positive,1
19930602,before,0.62676145,-1.7302508,-1.6497989,2.600917,0.54490316,-2.019713,1.1221707,-1.5873068,positive,4
19930611,before,-0.89390554,1.308583,-0.35146016,-0.93152554,0.47644746,-1.6948548,-0.72863089,0.1204952,positive,2
19930631,before,0.49558351,2.0099145,1.5187041,1.9517449,-0.47287081,-1.3173781,0.59517146,1.2143843,positive,2
19930646,before,-0.18232509,1.9153413,0.26211046,-0.048997327,1.0096818,-0.77036032,0.20132482,-0.69423555,positive,2
19930650,before,0.055756935,2.8811776,-0.90751257,1.9733024,1.2409199,-0.098911557,-0.21342406,1.3495222,positive,2
19930652,before,1.4528979,0.47127607,-0.34550236,0.69211702,-0.22581696,-0.58065568,-0.4573366,0.26727214,positive,1
19930666,before,2.8608028,-1.8092383,-0.93694812,1.4075132,-0.088780503,-1.8718977,-1.6797581,1.0407938,positive,1
19930675,before,-0.58735007,1.4599745,0.3000556,1.0179968,0.35530114,0.74576215,0.63729183,0.47461795,positive,2
19930679,before,0.79595296,1.8031916,-1.0906292,3.7398295,1.5402643,0.98262416,-0.46261536,0.15292753,positive,4
19930680,before,2.1803713,0.89044861,-0.74750898,-0.51925197,-1.9972258,1.4805233,0.42630256,-0.44965545,positive,1
19930756,before,-1.4472365,-1.605162,-0.77546103,1.9671139,-0.50335049,-0.60548964,0.1886117,-1.0704038,positive,4
19930762,before,-0.4851027,0.44271002,1.5980419,0.88042054,-0.93265603,-0.36289633,1.2560976,-0.24050138,positive,3
19930794,before,-0.64218382,1.2248174,-0.37341657,0.47586517,0.017944815,0.50814423,-0.27588014,0.52216109,positive,2
19930825,before,0.51962779,0.52771272,-0.82993601,1.617859,0.08151779,0.26552304,-0.4396656,0.47163193,positive,4
19930866,before,-0.58836523,1.4287918,0.16794849,-0.91196217,0.95235008,0.32826859,0.43567116,-0.27597534,positive,2
19930875,before,1.0043017,-1.2784888,-1.2141927,1.4274867,0.96291796,0.22502887,0.86962371,-2.1764397,positive,4
19930898,before,1.289529,-2.0126175,-1.9631865,2.6143832,0.61578265,-2.0020074,-1.681886,-0.50131225,positive,4
19930909,before,0.53493441,-0.72398021,-1.922808,2.5473271,-0.078541462,-0.21657955,0.75497174,1.6740734,positive,4
19930958,before,1.3588397,3.5819159,0.55843318,1.9115536,-0.11434919,0.20718871,0.13664816,1.9267016,positive,2
19930961,before,-0.94423024,1.0806229,-0.88038402,3.5955247,0.1787829,0.86228293,0.97869163,0.87659732,positive,4
19930970,before,1.8081159,0.69486631,2.0272193,2.2478079,-0.83644792,-1.0044163,0.49891747,0.76434459,positive,4
19930987,before,-0.01990917,1.8423447,-0.65214179,-0.70909652,1.0814679,0.047621737,-0.25163403,0.98043694,positive,2
19931022,before,1.1540373,0.6652196,-0.33091921,1.8956989,-0.42977685,1.269886,0.95016569,1.410787,positive,4
19931042,before,-0.308802,-0.095996268,1.5916164,-0.63971462,0.6045572,-0.36559381,0.71628606,-1.1587807,positive,3
19931091,before,4.2238383,-1.3053418,-0.90174357,-3.0030489,1.6645261,-0.49815395,0.17848374,2.4524311,positive,1
19931097,before,-0.84988883,-1.0396769,-0.15298504,1.3818233,-0.027419437,-0.043084653,-0.83440433,-1.6266042,positive,4
19931108,before,0.87098669,0.57257477,1.2885148,0.058634865,-0.80228664,-0.99101799,-0.57008066,1.0752461,positive,3
19931162,before,1.3757717,-0.56488872,-0.66567664,0.17124323,-2.3055831,0.69111237,-0.67544594,0.81308938,positive,1
19931164,before,4.6240649,0.85543295,-1.458934,1.2584539,3.0083515,0.76712356,-1.8690922,0.44280883,positive,1
19931186,before,0.31669677,2.363762,0.12048831,-0.34611902,1.6736804,1.1206122,0.32323942,0.54803691,positive,2
19931190,before,1.5665847,0.1203063,0.55315533,-0.86370782,0.99642009,-1.7202872,-1.4262011,-0.11039208,positive,1
19940101,before,1.7593155,-0.69642025,-2.0350466,-1.1445036,-2.5509254,-0.02300109,-0.67458297,-1.9047922,positive,1
19940106,before,0.27399462,-0.74643263,-0.71365803,2.5224289,-0.94675833,-0.074130443,-0.6034818,0.43208239,positive,4
19940160,before,-0.41508847,1.4005039,0.52696223,0.84400415,0.48567184,-1.2348146,0.32236259,0.46369833,positive,2
19940163,before,1.3974899,0.85362433,1.4806631,-0.2124583,-1.1571205,-0.30855851,-0.80463547,-0.061934588,positive,3
19940213,before,0.49068766,3.3828646,-2.3250561,1.0590201,1.9760354,-1.692591,0.12508254,0.43121999,positive,2
19940276,before,2.6121376,-0.44836046,-0.76189932,-1.3032751,0.086184185,-1.6693114,0.30242395,0.76264692,positive,1
19940310,before,1.5668716,1.022354,-0.53352557,0.36344194,-2.7772122,-1.3355584,-0.53961505,0.35397651,positive,1
19940325,before,0.52486039,-2.0992684,0.82460858,1.6289147,-0.4812616,0.75115202,-0.32346033,1.0776107,positive,4
19940361,before,-0.70176075,2.142274,0.2762173,1.6045362,-0.54083084,0.69760222,-0.402518,0.94071421,positive,2
19940380,before,0.58524998,1.555528,-2.6626474,1.7957748,-0.3637103,-1.8578624,0.50560787,1.7522689,positive,4
19940385,before,-0.24498661,1.7670213,-0.50809468,0.68842839,0.94564354,0.75763907,0.9234939,1.1540435,positive,2
19940398,before,-1.0511278,-0.12633329,-1.3752892,1.5933133,0.95469062,-0.6538354,0.15383126,-0.26656513,positive,4
19940403,before,-0.81872332,1.5773355,-2.0758233,2.4906135,0.54701945,-1.2401709,0.270048,1.9289032,positive,4
19940431,before,0.6637809,-1.1295492,-0.8158992,1.923922,-0.21613592,1.6573628,-0.81561565,0.67789315,positive,4
19940443,before,-0.8069168,1.9755817,-0.62916915,-0.48227088,-0.15959002,-2.8441528,0.9704507,-0.15402416,positive,2
19940472,before,-1.0185121,-1.7614253,-0.27933024,2.1318556,-0.17274622,-0.86565326,0.26846765,-1.1730278,positive,4
19940479,before,1.1922291,-0.20451281,1.2960284,-0.15629778,-1.6863414,0.87607206,0.24739365,0.069019466,positive,3
19940536,before,1.3047038,1.9187838,1.3655935,-0.27656039,-0.41078685,-1.2967084,-1.4788498,1.1787114,positive,2
19940548,before,-0.35637901,-3.6323378,-0.16454494,3.2347261,-0.25570702,0.073954263,1.0910081,1.2884374,positive,4
19940553,before,2.8393185,0.97749098,1.4013406,0.47458181,1.7062544,0.14733863,-2.0013607,-0.17072841,positive,1
19940559,before,-0.71058982,0.96364231,1.3068627,-0.27558575,-0.39054657,1.226476,0.26321284,-0.67081987,positive,3
19940561,before,1.4462648,-0.89766828,1.9058896,0.82865743,-0.35880431,-0.23195297,-0.40393858,-0.41606438,positive,3
19940564,before,0.89500475,2.9044497,1.5498121,0.54015298,2.6024019,-0.6223441,1.5380238,-0.65041291,positive,2
19940571,before,0.95525697,3.4126834,-1.4071675,-0.24661547,-0.57752802,-0.48336204,0.65039681,0.98500301,positive,2
19940585,before,3.2978788,1.5397312,-1.0914378,-0.71074839,-1.347831,0.55145299,0.5433003,-1.434919,positive,1
19940593,before,-0.69759517,1.441052,0.43836844,-0.53044758,0.088969436,-1.132586,0.18589964,-0.68530751,positive,2
19940600,before,0.1078429,1.8056937,-0.22125819,1.5584299,1.3274052,-0.39591016,-0.80102193,-1.1636354,positive,2
19940605,before,-1.0890259,1.3498596,0.91094857,-0.50057455,-0.17101524,-0.856894,0.52188892,1.0718288,positive,2
19940621,before,-0.20690512,0.92820024,-0.51572491,1.5984226,-0.20652565,-0.3368847,0.9088873,0.51501773,positive,4
19940638,before,3.3104366,2.1091374,1.1604531,0.17776425,0.93780906,0.9084146,-1.7852278,1.9467455,positive,1
19940683,before,-0.6819658,1.8369404,0.57275751,1.7918135,-0.14899652,1.1870207,0.38967134,1.3476058,positive,2
19940689,before,1.5370211,-0.54899181,1.6141741,-0.80011995,0.68872804,-1.0195792,1.328239,1.2216548,positive,3
19940773,before,-0.1421035,2.1194576,-0.064076915,-1.024179,-0.36425204,-1.4944136,-0.33136523,0.81889132,positive,2
19940801,before,0.17044022,-0.011867426,-0.052243978,1.8539384,0.41049143,-0.22630343,0.72433177,-0.11098218,positive,4
19940804,before,0.85460781,2.7509151,-2.286956,-0.55617155,-2.1346933,1.3055377,0.48460301,-2.4105404,positive,2
19940832,before,1.7607956,-0.11995527,2.9085552,-1.4766995,-0.24168886,2.6876742,0.56502185,0.19604002,positive,3
19940840,before,0.9323898,2.3814998,-1.1762452,-0.28008026,-0.97895908,-0.1313722,0.15977301,0.70049889,positive,2
19940860,before,-0.57525209,-0.082021207,1.6524213,1.1072765,-1.2710648,-0.69565698,1.2495808,-0.65091013,positive,3
19940870,before,0.12985927,-0.21095109,2.5833338,0.00060078245,0.36294919,0.65454898,0.80884031,-1.0005247,positive,3
19940877,before,0.34004347,-0.54414246,1.2222525,0.74031432,-0.14928572,0.57987975,-0.48351442,0.0053487704,positive,3
19940882,before,-0.37379769,-0.35156298,1.8504605,1.6274152,0.73956288,0.73792662,1.7665021,-1.5403508,positive,3
19940899,before,1.3411682,3.2795626,0.46970696,1.7241457,-0.71500167,0.30461505,0.86617792,1.4109299,positive,2
19940900,before,0.29654656,0.68069196,0.92377295,1.3976412,-0.26624181,0.27302456,-0.55552613,-0.14056766,positive,4
19940933,before,0.50959821,-1.1983799,1.2096745,-0.99764574,0.50371095,-1.6883921,0.35387373,1.0324198,positive,3
19940943,before,0.45827194,1.7884614,1.7013151,0.86509666,-0.2816366,1.1179972,1.2631981,-0.41961462,positive,2
19940954,before,0.046371738,1.2533065,0.25180291,-0.21976887,0.054520749,0.23500535,-0.49048108,-0.043199048,positive,2
19940960,before,0.31051521,2.1189251,0.41658991,-0.42869223,-1.0287737,-2.124851,-0.94512567,1.8806304,positive,2
19941030,before,-0.52763352,-0.45775042,1.7910351,-0.019371381,-1.120298,1.6775979,-1.342438,-0.84798636,positive,3
19941074,before,1.4935726,0.91151011,1.133502,0.42426598,0.30075203,0.77032951,0.22412082,0.22809704,positive,1
19941093,before,1.7048974,0.22641059,0.028802791,0.10729459,-2.1369722,-1.2963612,-1.6003308,1.103892,positive,1
19941140,before,0.10401597,-0.83128837,2.309306,0.00360039,-0.26244,2.2763918,-0.58256689,0.15667157,positive,3
19941186,before,-0.63527083,1.6033069,-0.025859302,1.4759247,0.77781819,0.71936423,0.39714919,1.2875102,positive,2
19950014,before,-0.29770363,-0.5825059,1.5360379,0.21976241,-1.4479107,0.9697393,-1.6411153,-0.69336148,positive,3
19950017,before,1.627949,-0.50449082,-0.54608782,-0.80073858,-1.0148764,0.19827796,-1.0618724,0.17225878,positive,1
19950044,before,-0.62761443,1.3481382,-0.86848552,1.0278062,0.59628398,0.28965359,-0.68011093,0.30787226,positive,2
19950093,before,1.5362707,-0.58639922,2.0264841,-0.2754502,-0.41588699,0.5436166,-1.8096651,-1.1615172,positive,3
19950127,before,0.96540132,1.6152901,0.18379797,1.0878995,0.81971739,0.6691212,-2.858329,1.3709886,positive,2
19950143,before,-0.31005528,1.7928084,-1.2553892,1.2375711,0.81797633,-0.82194659,-0.20419701,0.68086862,positive,2
19950146,before,-0.33501302,1.3772287,-1.6703569,2.0977583,0.59995819,0.11902771,0.16107826,1.4867189,positive,4
19950185,before,-0.36591919,-0.4431014,1.5952091,0.15171218,0.37099053,0.33101529,-0.41495114,0.099252271,positive,3
19950211,before,-0.483051,-1.0536189,1.5259894,0.18085047,0.5782379,0.16158932,-0.082627538,-0.24632592,positive,3
19950226,before,0.61440089,-1.9061494,-2.064601,3.3494133,1.8147314,0.55031522,0.46940312,-2.9784508,positive,4
19950240,before,1.2722672,0.64242301,-0.82425696,3.0817491,0.74534592,1.4469495,-1.5293981,-0.14906326,positive,4
19950265,before,0.65198845,-1.0788993,1.3763776,0.12876366,-0.68939691,-1.0305504,-0.56661729,0.29476508,positive,3
19950306,before,2.0054631,-1.2030434,-1.0237191,-2.2104961,-1.4846078,0.74767265,-0.23736301,0.41142223,positive,1
19950315,before,-0.93954041,2.2491666,0.098610038,-0.57431862,0.20667971,-0.37384503,-0.30508861,0.46526579,positive,2
19950380,before,1.260016,1.6020379,0.7194155,-0.18595701,0.36821448,-0.30123612,-0.24303237,0.41749578,positive,2
19950486,before,-0.41134622,-2.020788,2.671743,0.6825156,-0.88473005,1.1891846,-0.50676602,-0.49102421,positive,3
19950512,before,0.32166884,-0.094041583,1.0920294,1.4730503,-0.86768708,1.3515605,0.22325783,0.71408552,positive,4
19950549,before,1.2317485,0.25491745,3.6466111,0.34078571,-2.091192,1.0813651,2.3637606,-1.0662675,positive,3
19950555,before,4.4257615,-1.5458355,2.7406789,-1.7737714,3.4851012,-1.6481432,-1.475935,3.2005932,positive,1
19950562,before,1.2746576,-2.2456747,-1.246564,2.6030915,0.30151669,-0.59591333,2.3401099,-2.4138069,positive,4
19950574,before,-0.44415432,1.406591,-0.22292969,1.3937988,-0.062232429,0.57563826,0.12826255,0.51679558,positive,2
19950595,before,0.30632834,-0.91466914,0.06886747,1.5732811,-0.50038905,0.45479826,-1.8380829,-0.62582657,positive,4
19950611,before,-0.09894131,0.33273454,-0.25845511,1.9556774,0.10150919,0.27555143,-0.87246584,-1.240694,positive,4
19950626,before,0.47118581,2.5982387,1.2342886,0.31028667,0.52477788,0.66971495,-0.02163801,0.52890848,positive,2
19950629,before,0.28241641,0.11257788,1.7216089,0.7352921,-0.71404741,0.16166246,0.13044728,-0.033090824,positive,3
19950637,before,0.9208418,3.9219172,1.5068913,-0.1884359,-0.27392342,-0.790781,0.088454062,1.2301854,positive,2
19950654,before,0.87471383,1.6648621,-1.6530647,4.9259546,0.73691056,0.73599863,-0.34693245,1.3111985,positive,4
19950672,before,-0.0095662707,1.3363871,-0.82625726,0.84952313,0.059778271,0.051084851,-0.18324849,0.058480694,positive,2
19950677,before,-0.19354344,-0.35988572,-0.1370875,1.6695409,-0.84151765,0.59075785,-0.45523196,0.63733218,positive,4
19950691,before,0.82706013,-0.8006688,2.6409023,1.4180738,-0.17648967,1.1265219,1.3569746,-0.67434631,positive,3
19950728,before,0.707708,1.4995326,-0.48730131,1.9048358,0.54498016,0.8010672,0.85491475,0.22330872,positive,4
19950732,before,0.50727286,1.535912,-1.095184,-0.56483782,0.21254864,0.15468246,0.74003236,-1.0929842,positive,2
19950734,before,0.62074465,-0.16079759,-0.40142986,4.9154441,-0.21317033,-0.74913778,1.308364,0.17444887,positive,4
19950770,before,0.41973821,0.34133543,0.11917012,1.4355337,-1.5181106,0.60847593,-0.93307587,0.083670584,positive,4
19950774,before,0.64239678,0.46054559,0.47600922,1.9539272,0.16972057,1.8846773,0.023643374,-0.40683581,positive,4
19950812,before,-0.69742466,-1.9432165,-0.25369753,2.8089366,-0.28431528,1.4599887,0.33756472,-0.94462077,positive,4
19950815,before,-0.070846596,-3.5486054,-0.98349209,3.472491,-0.56464109,1.2726771,1.3983085,-1.6617916,positive,4
19950839,before,-0.6542846,3.0070294,-0.22533173,-0.96801044,0.53344261,-0.85536042,-0.45895222,0.85974656,positive,2
19950852,before,4.1095666,-0.89738901,-1.2060343,-1.1728734,-0.58540797,1.7175519,3.633043,-1.2934722,positive,1
19950935,before,0.53461914,-0.10135582,4.5631387,0.015197937,1.2201904,0.093433989,1.9838506,2.8064071,positive,3
19950948,before,1.6006789,1.618959,-0.91654774,3.0350251,0.24854681,-0.40753211,-1.1067789,0.2415618,positive,4
19950954,before,0.34859363,2.2257753,1.0819517,-0.42465463,0.8388233,-0.68440019,0.0075978547,-0.34790885,positive,2
19950986,before,3.0012725,-0.067259828,-0.63783263,1.4571708,1.5824165,-3.0213688,0.95690896,-3.0568171,positive,1
19951022,before,2.1862614,-5.5076379,-3.6901048,5.7206578,-0.26068802,-0.28479607,-1.3221008,-4.3758253,positive,4
19951024,before,-0.37888059,2.4385075,-1.2333643,1.7152002,0.22607136,-0.74595579,0.097670788,2.2135031,positive,2
19951122,before,2.449415,-0.59067641,-1.5661734,-1.2485677,-0.43401517,1.0286736,1.1070966,1.0697877,positive,1
19951146,before,1.6207705,-2.0321151,0.53690039,1.3579492,-0.24284445,1.1348934,-0.59159931,-2.1266721,positive,1
19951150,before,-0.55217099,-0.56478602,-2.3038455,3.9601459,0.42294009,1.0213112,1.6671524,1.1957758,positive,4
19951172,before,-0.68274159,0.38646092,0.27193443,1.6603232,1.0327955,0.31044607,-0.41604292,-0.99710123,positive,4
19960027,before,1.9159863,-1.0557297,-0.47767251,-0.55122769,-0.28672411,-0.98893239,-0.18280637,-0.11024344,positive,1
19960066,before,0.38333889,-0.063136219,0.50277674,1.4873724,-0.65325932,0.73424381,-0.84291491,-0.55512547,positive,4
19960074,before,-0.78927956,-0.56859992,-0.92394136,1.5786794,0.12648582,0.75588846,-0.64076567,-0.29908378,positive,4
19960076,before,-0.52651956,3.5565906,0.26795822,-0.68816595,-0.9376439,-3.9426874,1.1505983,0.86026685,positive,2
19960077,before,-0.41802146,3.5793463,-0.60851001,-0.1599775,-1.056282,-1.7504239,1.2613785,1.9591414,positive,2
19960111,before,2.218069,-1.022148,-1.0594882,-0.81039501,-2.9894158,0.48554063,0.29336815,-1.7685543,positive,1
19960132,before,-0.3621001,0.33160179,1.9349142,-0.28763629,1.2155327,-0.57078294,0.86254933,-0.69509637,positive,3
19960155,before,1.7537112,-1.38643,-0.038871256,2.2370523,1.6424273,-0.60849158,-0.74490549,-2.5665766,positive,4
19960165,before,1.6953342,-0.7065985,-0.74309993,-1.8316031,-0.59683327,-0.30354344,0.24920167,0.10031608,positive,1
19960202,before,0.45909594,0.4873958,1.2779043,0.23423057,-1.0736392,1.0519062,-0.28002458,0.14356765,positive,3
19960207,before,0.15920046,0.40552083,1.5754872,-0.50677251,1.1643632,-0.88187641,0.49044768,-1.689724,positive,3
19960233,before,-0.76823597,1.3368017,0.44405073,-0.36843004,0.86922371,-0.63072682,-0.2087028,-0.52576384,positive,2
19960308,before,-0.029030868,-0.15527274,1.5439296,0.49055605,-0.78556645,0.31186285,0.47106261,-0.3786026,positive,3
19960320,before,1.7221254,2.7329503,-2.7406428,-0.97198806,-3.3104452,-2.6920948,-0.24357194,-1.7752683,positive,2
19960347,before,2.2098615,0.4044591,-0.63402073,-0.44132408,-2.3981676,1.1435579,0.44589417,-0.93459098,positive,1
19960350,before,-0.4924308,-1.1115236,-1.1943482,1.9982667,-0.27706505,1.2955515,-1.7694221,-0.6107428,positive,4
19960410,before,-0.044027515,0.90737637,1.1406705,1.5289652,0.38199308,0.28411928,0.86505327,-1.0448174,positive,4
19960422,before,-0.013816514,-0.37127434,-0.44272292,1.3900363,0.8008662,-0.33584038,0.46587888,-1.4641427,positive,4
19960472,before,3.6755284,-0.20362788,-2.464664,-1.6656843,-1.3700515,0.91651977,-1.4544313,-0.94652121,positive,1
19960489,before,2.3927499,0.2929995,-1.9917698,1.7481746,-0.033158396,-1.0073403,-1.2164234,-0.53860878,positive,1
19960490,before,-0.94361528,-0.48817735,-0.66274114,1.8677186,-0.1635065,-0.94633882,0.60602798,0.5053037,positive,4
19960501,before,-0.42757331,0.75627466,2.1122822,0.66425562,-1.4139067,-0.87911392,1.4716677,-0.26364684,positive,3
19960518,before,3.0203505,0.36488099,-1.0981801,3.5103434,2.5531041,-0.025591862,-0.82945649,-1.3573023,positive,4
19960530,before,0.88566679,0.034587641,-0.026815598,1.4636475,-1.0768256,-1.6900452,-0.39961989,-0.045680038,positive,4
19960538,before,0.74869821,1.996225,-0.41311451,1.950905,-1.0111783,-1.7546013,-0.6538522,0.54788898,positive,2
19960552,before,0.30337552,1.4942146,0.97124029,2.134997,-0.75049045,-2.2584546,1.0488898,-0.47760723,positive,4
19960557,before,1.4968109,0.02762103,1.1446583,-0.0031584404,-0.0066757583,-0.8486749,-0.33930878,0.86765068,positive,1
19960612,before,1.6013668,-0.70074509,-1.0384924,-0.75661346,-1.0795116,0.62288474,0.78915835,-0.1598009,positive,1
19960625,before,4.3353467,-0.75489697,0.40632746,0.29428358,-5.2393604,0.52833453,2.0952425,3.9764448,positive,1
19960663,before,-0.63047737,1.2096182,0.084356015,2.7793739,-0.024484057,-1.0414679,0.23993336,0.40304059,positive,4
19960679,before,1.5706354,0.89114182,-1.152366,-0.19203506,-0.50681017,0.49995707,0.79233261,1.106996,positive,1
19960699,before,-0.82072464,-1.3347967,2.5589217,0.13365657,-0.85238539,1.0657851,-0.40593613,0.17027358,positive,3
19960729,before,-0.20910861,0.21558652,1.429068,-0.43951682,-0.54344789,-0.33701236,-0.47776416,0.16784668,positive,3
19960734,before,0.26353251,-2.0548194,4.8129796,1.5575645,0.36957588,-0.52807826,2.8032317,2.0228773,positive,3
19960752,before,-0.010530646,-0.33262092,2.0074087,1.7373306,-0.62653061,0.66228304,0.28737927,-0.51909125,positive,3
19960756,before,0.52804807,0.60426272,-1.5271004,1.8388729,0.63707253,0.25854818,-0.24007291,-0.25057779,positive,4
19960770,before,0.33789315,3.2413393,0.40854785,-0.66857591,1.6965063,1.1806287,0.93143053,1.2678477,positive,2
19960782,before,1.61622,0.37127919,-0.26846931,0.022641353,-0.32235717,1.2660723,1.5619767,0.12758284,positive,1
19960792,before,2.400637,0.49191291,-0.4594618,-1.5312646,0.95900914,1.9144179,1.1535051,2.136871,positive,1
19960814,before,0.047917242,0.14834609,1.510062,0.31355606,-0.40348285,0.21340873,0.77869004,-0.22048794,positive,3
19960871,before,-0.58819274,-0.2566712,1.3309367,1.0585972,-0.39599725,1.0500071,-0.1615422,-0.66431807,positive,3
19960887,before,-0.48039194,1.8710106,0.60620381,-0.1146873,0.58574717,0.35452088,0.15288091,0.14415526,positive,2
19960889,before,1.8617118,-1.2224378,1.518279,-0.89862511,1.1758395,-1.0594877,-0.0043555283,-0.27210539,positive,1
19960892,before,1.6752439,1.1095063,0.64202472,0.2207226,-0.070762468,-1.5557002,-1.4473321,0.56598008,positive,1
19960953,before,-0.73824462,1.5154116,-0.62081917,-0.38796427,0.057481322,-1.2377457,0.29391603,0.79565415,positive,2
19960998,before,1.6595645,-0.72071019,0.18923636,-1.8444533,1.2198501,1.2113166,0.97582354,1.3060599,positive,1
19961013,before,0.88958226,-2.0976464,-0.47260612,1.5512022,0.69121477,-0.32842921,-1.7184662,0.94961879,positive,4
19961045,before,-0.28627443,-0.1590339,1.202014,0.91105626,-0.60042132,-0.10671892,-0.012276703,0.080285112,positive,3
19961054,before,1.0769506,-0.95893959,2.6681106,0.13630945,0.65098852,1.5808686,1.1240794,1.1692862,positive,3
19961056,before,2.0896863,-1.2004091,3.6975956,0.72651543,1.6214516,1.1955846,2.0477026,0.032617685,positive,3
19961096,before,-0.3098621,0.12084042,-0.031975156,1.737137,0.31250777,0.071490395,-0.37269992,-0.57192346,positive,4
19961121,before,0.068005305,0.46291223,-1.1829029,1.7958009,0.86375385,1.535559,0.43709066,1.496226,positive,4
19961140,before,-0.64465028,-0.12803533,-0.79014098,1.5800137,0.17990417,-1.1383206,0.044048601,-0.49297653,positive,4
19970098,before,-0.35295394,2.4619926,1.2936755,-0.25406284,-0.11535492,0.076949918,-1.2785914,1.2866407,positive,2
19970102,before,4.5552288,-2.594998,-0.067222606,0.14546681,3.5206091,-2.4271865,2.8661906,-2.3756854,positive,1
19970127,before,2.2276231,-0.28300077,-1.6106588,-1.7114018,-0.48337866,0.1644953,0.92526157,-0.42371026,positive,1
19970130,before,1.9333594,-0.9216637,-0.2259857,-0.32694614,-0.83566925,-0.60304121,0.20923513,-0.081290732,positive,1
19970178,before,-0.92767961,1.5450039,2.4816055,-0.0095175121,-0.84450068,-1.5970097,0.70362884,0.66292695,positive,3
19970181,before,-0.46922063,0.26730077,1.4497779,-0.10707926,-0.16573929,0.66118887,0.94607012,-0.088661776,positive,3
19970197,before,-0.26038551,1.7440292,1.6448775,-0.19671341,0.5314377,-0.085475111,0.80550163,0.13417713,positive,2
19970233,before,1.5368002,-0.66184708,-0.31658265,-1.6269856,0.30940734,-0.21552278,0.40030905,0.77535687,positive,1
19970345,before,-0.25118734,2.46483,0.68697206,0.00058358754,0.96620618,1.6480926,0.77080605,0.72703016,positive,2
19970360,before,2.1159232,-0.2950189,-1.8766962,0.89742546,1.148188,1.3090477,-0.36272904,-0.84554488,positive,1
19970378,before,-0.44979624,0.70700146,-1.528246,2.4601195,-0.91864188,-0.44805103,0.27504634,0.70152175,positive,4
19970409,before,0.45509736,1.6144957,1.282571,-0.79668339,-2.3797158,-0.84687967,-2.3147888,-1.4638085,positive,2
19970429,before,0.029890952,1.1739848,1.4634402,0.04311032,-0.65006293,0.20924251,1.20412,0.51108875,positive,3
19970521,before,-0.1283505,-0.094408288,1.2089243,3.5953333,-1.3732637,-0.56387646,-0.03988772,-0.28994461,positive,4
19970555,before,0.62281556,0.85265092,2.2610448,1.2006392,-2.4987068,0.077736859,1.4195905,0.84686948,positive,3
19970559,before,-0.52662285,3.0289414,0.075718867,-0.30344795,0.14647497,0.034343946,-0.53512602,2.2233981,positive,2
19970569,before,-0.7815426,-0.30038622,-0.56635813,1.7092849,0.21299159,-2.1456194,0.66354539,-0.19130029,positive,4
19970579,before,2.7178851,-0.24867566,-1.1398854,0.21200026,-1.0636531,0.57928381,0.18860857,1.8180275,positive,1
19970594,before,-0.52566671,-0.40492551,1.598989,1.5345787,-0.47773698,-0.23773938,1.0889774,-1.051053,positive,3
19970596,before,2.1152362,0.59294897,0.63131729,-0.047866371,-0.76089681,1.6349178,-2.0016636,0.87384374,positive,1
19970600,before,-0.062579041,2.0257839,-1.0164898,-0.52820529,-0.95601839,-0.83120846,0.48211235,0.26254299,positive,2
19970604,before,0.57196468,2.9662056,-2.1350196,0.13204666,-1.2931087,1.8808509,0.029478499,0.0083744451,positive,2
19970614,before,-0.18055298,1.968628,1.6748623,-0.075895511,-0.025580538,0.20920742,-0.35025412,0.1965195,positive,2
19970622,before,0.51368499,1.8805039,2.1351294,-1.0880051,1.8251726,-2.6736967,0.94895317,-1.6479814,positive,3
19970642,before,-0.041274224,-2.3809178,-3.1013803,2.5826867,1.9430967,1.2124679,1.1375713,1.3437455,positive,4
19970649,before,0.70021158,-0.53687523,1.4218856,0.64006531,-2.3613413,0.19039419,-0.9622893,-0.91704884,positive,3
19970650,before,0.20133979,1.6819832,-1.1223183,1.7795467,-1.0121486,-0.72986795,0.43708025,0.91989156,positive,4
19970655,before,-0.18906069,1.5600965,-0.20015057,1.1082825,1.1700148,0.51495612,-0.10998694,0.018650474,positive,2
19970658,before,0.47967755,3.1731024,0.3326575,-0.38083027,2.5895297,1.7681813,0.83890531,0.61764003,positive,2
19970666,before,2.6540323,-0.42917536,1.1428772,4.5995003,-0.5656871,-2.0657298,0.6777282,-2.2698606,positive,4
19970690,before,-0.74291439,0.36783723,-1.6344524,1.6672991,0.27374085,-0.049281418,0.26526315,0.49219539,positive,4
19970704,before,-0.55998235,2.4239243,-1.3969234,0.35677181,1.9110698,2.0864635,0.028814913,1.8505369,positive,2
19970712,before,0.79664083,1.8940723,0.15238521,1.209097,-0.47855278,1.3823363,0.37642113,-0.20534751,positive,2
19970727,before,-1.0160646,-1.2627653,-0.078358819,1.295109,-0.082057836,-1.9020286,1.2533444,-0.46064351,positive,4
19970735,before,-0.36986513,-0.34599113,3.463317,0.48821619,-2.172512,1.58832,0.10700926,0.67470087,positive,3
19970755,before,-0.15481586,-1.1580361,1.2989368,0.43307666,-0.013494079,-2.2553315,-0.32313536,0.5324473,positive,3
19970767,before,-0.33250145,2.485285,-1.375544,1.0058039,-0.97870006,-2.9872143,1.2001533,0.93651958,positive,2
19970779,before,-0.13412662,1.8932037,-0.4350744,0.56908753,1.3044648,1.0945685,0.1898544,-0.06858639,positive,2
19970812,before,-0.12923597,-0.14049271,1.57368,0.82499111,0.3054737,-0.43514834,0.61605895,-0.71610694,positive,3
19970828,before,-0.32659581,2.8765055,-1.2247547,0.36825249,1.3742848,-1.1103653,0.14834978,0.82901012,positive,2
19970844,before,-1.4960987,0.62857813,-0.38580743,1.3106036,-0.45685312,-1.8855503,1.0624924,0.74438224,positive,4
19970867,before,1.2635054,-1.1308527,2.8863724,0.022726683,-1.9186311,-1.2987511,0.34045517,0.9163161,positive,3
19970875,before,0.051462613,0.77600102,0.42557843,1.3084957,-1.2508454,-0.4732874,0.73028883,0.68533371,positive,4
19970892,before,0.00098495881,1.4785753,3.0891764,-0.38278638,1.462647,0.48201428,2.8913749,0.040245237,positive,3
19970942,before,-0.12395963,0.47516168,-0.49153276,1.6982747,0.072508222,1.5083603,0.78509172,-0.11137991,positive,4
19970974,before,-0.41854222,1.6784914,0.44769736,0.090395889,0.10119633,-0.38979389,-0.1840617,0.2357545,positive,2
19970984,before,0.84121998,-0.59017689,1.2679444,-0.60524644,-1.8324073,-0.16404197,-0.33575958,-0.48732379,positive,3
19970995,before,-0.74143073,1.4128414,-0.35627805,-0.33617317,0.21483855,-1.2423226,-1.0276882,-0.013123632,positive,2
19971022,before,0.90941363,-0.2480804,1.7211526,-1.0060849,0.83105407,0.38818704,-1.6139501,-0.19940981,positive,3
19971083,before,-0.66941787,2.1612514,-0.1662434,-0.92197111,1.1303771,-0.084699698,-0.35203936,0.74089678,positive,2
19971093,before,-1.2530975,3.2268657,-0.04870255,-0.52028571,-0.49631941,-3.6287129,0.63329703,1.093514,positive,2
19971096,before,2.9745905,-2.3018309,-1.3080003,2.3140477,2.532406,-0.55341298,-0.60009303,-1.810008,positive,1
19971098,before,0.22416769,-0.91389928,1.6309804,0.4831943,1.027209,0.66676985,1.057125,-0.17641997,positive,3
19980074,before,-0.61583876,1.9938561,-0.77121448,0.49996129,0.89243138,0.12522094,-0.35903758,0.72687353,positive,2
19980129,before,0.37588432,0.48540465,1.2448225,-0.24432498,1.0809839,-0.82672772,0.816378,-1.5937672,positive,3
19980194,before,2.0569124,0.08322268,-0.3937026,0.71845309,0.34124019,0.23103881,0.42319001,-0.142551,positive,1
19980199,before,0.34603743,0.21535802,1.3900885,0.02295542,-0.57360676,0.60245115,-0.34327014,0.56002731,positive,3
19980259,before,1.5688041,-1.505896,-0.39880629,-1.0177719,-0.96169609,1.218016,-1.2948203,-0.17490436,positive,1
19980262,before,2.1368581,-0.58882244,-2.2282644,-0.89591378,-4.1253954,-0.17354646,-3.813918,-1.0776971,positive,1
19980293,before,-1.4845793,-2.2663679,-0.52573084,3.3836706,0.21497161,-0.94683435,0.503683,-1.0935221,positive,4
19980298,before,0.55009056,2.0322957,1.7356207,-0.035639808,-0.3622164,-0.60061619,-0.54481281,0.59254411,positive,2
19980424,before,1.6068089,-0.74313343,1.3045548,-0.94426689,-0.4842056,0.688078,-0.34893591,0.43431541,positive,1
19980456,before,2.9462662,2.7638268,-1.0317047,0.7516539,-0.12117507,-0.22913727,-1.961703,-0.15302176,positive,1
19980459,before,-0.42007748,1.3445672,-0.95099684,1.9373095,-2.0847515,-0.86803074,0.79930305,0.60550906,positive,4
19980485,before,1.3695312,-0.037826123,-1.8332728,0.30125069,-1.9135702,-0.026300492,0.99150468,-0.10129196,positive,1
19980520,before,0.029728022,-0.25548849,1.4705044,-0.19760345,0.91431024,0.54546822,0.53912074,1.3779587,positive,3
19980552,before,-0.32952654,-4.5442074,-1.6897785,2.3216617,0.57662119,1.7302246,1.0965448,-0.89276041,positive,4
19980587,before,0.85870035,1.8974596,1.3526706,-0.66231972,0.90276395,-2.7989644,0.19739017,-0.40302445,positive,2
19980597,before,1.5984017,-0.020715131,0.25778673,-1.0465948,-0.99865928,0.15159211,-0.30929444,1.1945953,positive,1
19980606,before,-0.72668083,-1.1690236,0.39354303,1.5716149,-0.57045067,0.93920468,-0.25568846,-1.4549485,positive,4
19980622,before,0.55675974,3.3013655,3.3023533,1.5732161,0.2105461,-1.0040559,-0.30844355,0.45456135,positive,3
19980638,before,-0.41463262,1.1038418,-0.7795049,3.4009592,-0.42680829,-1.4176466,-0.14734272,0.076626817,positive,4
19980679,before,1.4079363,-0.31575106,-0.23255656,-1.0441036,0.23844137,-0.79426196,0.10461235,0.83132001,positive,1
19980750,before,-1.0994309,-0.68367516,-0.26453369,1.8828603,-1.9090438,-1.0433514,0.45158054,0.44069214,positive,4
19980756,before,1.8218735,-0.40165804,0.63802415,-0.2751133,0.89209085,-1.4265199,-1.0294598,1.6525951,positive,1
19980760,before,0.78855727,1.2806936,0.51372512,0.43617299,-0.016279907,0.36266903,0.29940462,-0.29069432,positive,2
19980803,before,1.0190667,1.2965092,1.5381742,3.7477752,-2.2694474,-0.39446941,0.39424212,1.8551109,positive,4
19980819,before,0.46991027,1.8737629,1.5609457,0.33723262,-0.20540476,0.059372294,0.069792714,-0.36999968,positive,2
19980822,before,1.9372245,1.1255478,0.25246468,-0.084045497,-1.3424353,-2.8812658,-1.1348554,-1.5464216,positive,1
19980828,before,2.3412016,2.869464,1.3676432,1.4211313,2.2855754,-0.37911268,0.7993011,0.52676396,positive,2
19980840,before,0.83828283,3.2793084,-1.5805494,2.4776654,1.3267945,-0.14153427,0.47418375,1.4744591,positive,2
19980850,before,0.92155268,0.026433274,0.83400467,1.321225,-1.4360554,-0.92708233,-0.18820871,-0.72320646,positive,4
19980903,before,0.17679812,-0.2374898,0.38571581,2.2863412,-0.87528649,0.38696865,0.163595,-0.74547334,positive,4
19980977,before,0.31840827,1.3483825,0.71755686,2.5177847,-0.31265013,0.74552303,-1.9651508,0.65510148,positive,4
19980997,before,-0.87567422,0.79671036,-1.295355,1.4054132,-0.33637816,-2.1719509,0.49808912,-0.18524866,positive,4
19981042,before,0.40971523,1.4950637,-1.0920654,0.28185778,0.17366713,-1.632085,0.49594342,1.1378119,positive,2
19981064,before,-0.43882567,-0.80505964,1.7812951,0.13239453,0.010100514,-0.28301575,0.51117969,0.9412893,positive,3
19981149,before,0.25179453,-0.63091885,-1.1959189,2.2862679,0.015695977,-0.89456839,-1.4608249,0.3640742,positive,4
19990020,before,-0.30121548,0.39643612,1.6490035,0.1673129,-1.325096,0.36763256,0.23109006,0.27996155,positive,3
19990098,before,2.1703019,-1.3572114,0.72517011,-0.81668855,-0.32679341,-4.4167668,0.20364277,1.6212327,positive,1
19990128,before,2.1901658,-0.80400942,-2.9763022,-2.3241916,-2.328034,1.5732807,1.4537586,2.1041893,positive,1
19990158,before,-1.0920908,-0.31613815,-1.7045444,2.2816871,0.25061205,0.18177517,-0.57697163,-0.1575025,positive,4
19990180,before,-1.0199793,-0.066252527,1.3473141,-0.45625221,-0.62161103,0.16697468,-0.97823093,0.74083209,positive,3
19990216,before,0.19702544,1.7400224,0.69753466,-0.67719588,1.0072035,-0.12369236,0.11990848,-0.50884458,positive,2
19990249,before,1.2420072,2.5576592,0.045095783,-0.61268336,0.091411164,-0.68582652,0.24893064,0.88650423,positive,2
19990317,before,-0.72376089,-0.16471677,0.19540558,1.433792,0.045898147,-0.37899263,0.64456324,0.16845039,positive,4
19990329,before,1.3982614,-0.1173743,-0.10326137,-1.0431769,-0.72275647,0.99151744,-0.52459099,-1.0146714,positive,1
19990337,before,0.40744783,2.3260547,1.9830826,2.7728429,-0.015868492,-1.5903885,-1.0465333,1.4020394,positive,4
19990398,before,1.2322533,0.86463459,1.8130057,0.34646926,-1.3532285,-0.76880404,0.27563609,1.3431097,positive,3
19990425,before,1.8178655,0.72047738,-3.2908966,-0.4898196,-3.3300129,0.89125169,0.30456871,-1.6760385,positive,1
19990483,before,2.7700072,-1.044527,-0.87155437,-1.1588304,0.79414356,-1.1154806,0.40644748,-0.081264035,positive,1
19990583,before,-0.97641979,1.6591412,0.66407116,0.79057696,-1.7061342,-3.3183884,1.3923816,0.86566749,positive,2
19990596,before,3.1259819,0.74433789,0.67482087,0.72914737,-1.6201261,-1.7802526,0.13132702,-0.75638125,positive,1
19990619,before,-0.94297526,-1.7281803,-0.46174662,1.3769848,-0.210566,1.2257814,-1.0751386,-1.0012904,positive,4
19990620,before,1.7891862,2.1227443,-2.1544404,1.3097448,-3.0380039,-1.6627727,0.47293038,1.5541825,positive,2
19990640,before,-0.0097173565,1.2246191,1.0555681,0.43848447,0.38989246,0.99764812,0.43544516,0.22213192,positive,2
19990645,before,0.18956082,0.30911878,1.7251565,0.0082640907,-0.1282869,1.6626406,0.52708588,0.51430674,positive,3
19990677,before,-0.81579897,-1.8073653,2.0932099,0.18927421,0.33124011,-0.89304419,0.36841473,1.6855694,positive,3
19990687,before,-1.9531827,-3.2131953,0.78135615,2.7469369,-0.25942423,-2.0139974,1.8869743,1.1746553,positive,4
19990689,before,0.90520524,-1.2593272,0.2748076,3.2850907,-1.3635857,0.49859295,2.0829511,-0.48758717,positive,4
19990731,before,-0.43017522,-1.2008207,1.9965885,1.8681706,-0.43385026,0.39716568,1.6782992,0.32098156,positive,3
19990740,before,1.9891884,0.27103217,1.0045107,-0.82370751,-2.0426987,1.0213153,-0.61337895,1.2771755,positive,1
19990749,before,-0.40535455,-1.4312698,0.85562436,1.9062809,-0.79577562,-0.3217527,-0.11656901,-0.38589479,positive,4
19990790,before,0.71311076,0.73411018,1.7614915,0.075867324,-0.49451475,-0.48492632,-0.2169959,0.84491786,positive,3
19990823,before,0.62163446,0.032002495,1.2209571,0.40494801,-0.25420058,0.34642124,0.28814359,-1.2092255,positive,3
19990828,before,-0.39815254,2.1461726,-0.22925626,0.73928538,0.12912241,-1.2702059,0.19065399,0.51167554,positive,2
19990856,before,0.62853726,0.31673637,2.1366661,0.071355206,-1.0522512,0.28808198,0.39779775,-1.1308229,positive,3
19990879,before,-0.0045585515,-0.08507385,1.6907784,-0.76011965,0.31087604,-0.9509339,-1.9493002,1.3005756,positive,3
19990889,before,2.2819614,0.53975256,2.7635951,-0.54155416,0.63362483,-0.33963135,-3.1010356,0.47037593,positive,3
19990926,before,2.8446887,0.55234825,-1.4312512,-0.27344742,0.025149637,0.70602556,-0.36678278,0.29535207,positive,1
19990928,before,1.5557498,-0.37978164,-0.37708116,1.0050177,0.030069636,0.89227966,-0.24463817,0.4961583,positive,1
19990935,before,0.32682177,0.54374546,-1.3492707,1.8798889,1.5532383,1.5284817,0.85625553,0.19922012,positive,4
19990942,before,-0.42195272,4.4348133,-0.2322285,-0.2728469,-1.4736463,-2.0173142,1.0214383,3.1706352,positive,2
19990947,before,1.6263523,0.42160035,1.6374428,1.0393962,-1.6329516,0.76425365,0.28437944,-1.3150059,positive,3
19990990,before,1.0882631,-0.41393594,1.3961908,1.298348,-1.399081,-0.30681957,-1.7207789,-1.4079813,positive,3
19990992,before,-0.66741195,-1.1104687,0.77367912,1.7586411,-1.5009206,1.3477037,0.59341195,1.4062445,positive,4
19991010,before,2.3365115,-2.7788497,-1.8976208,3.6692044,1.5898925,-1.373815,-2.4970793,0.15348022,positive,4
19991020,before,-0.69901811,1.5050473,-0.33836192,-0.012215787,0.58468558,-1.2441988,-0.29683338,-0.092963606,positive,2
19991066,before,0.23644307,1.914064,-1.7237471,-1.1326608,-0.93905836,-1.5143018,-0.11169461,-0.17759472,positive,2
19991148,before,2.209983,0.12751709,-0.65840147,0.38354187,-3.9638113,1.3708024,0.85406949,-1.1912994,positive,1
19991186,before,0.63899865,0.20272102,0.84712082,1.6213286,0.84838312,0.27770032,-0.2075284,-1.9668702,positive,4
19991216,before,0.031220838,0.35912791,1.531106,-0.52857987,-0.40100326,1.2370683,-0.23790477,0.33660272,positive,3
20000086,before,-1.2064372,-0.31207897,-1.2915193,1.4223475,0.58860346,0.069707585,-0.016975076,-0.033683785,positive,4
20000160,before,2.0700758,-0.57232598,-0.8867535,-0.20216933,-2.2777512,0.11758193,-0.61030378,-0.57156515,positive,1
20000170,before,3.4017341,-1.0257781,3.3450577,-0.92077556,1.803614,0.41533693,3.2392703,-0.89484832,positive,1
20000185,before,-0.25620531,2.3072737,0.83813106,-0.76980382,0.97779651,0.42372782,-0.25092385,0.30896882,positive,2
20000210,before,-0.15672067,1.5244078,1.1007651,-0.82020076,0.43074232,0.46626366,-0.66125851,1.1031226,positive,2
20000283,before,-0.64334688,1.2644572,0.12284559,0.40028756,0.71432389,-1.6007496,-0.084152342,-0.8669189,positive,2
20000354,before,0.38449284,-1.8950307,3.2849641,0.14041374,-0.74391426,2.068829,0.46174434,-0.3679093,positive,3
20000387,before,-0.93991729,1.7023025,-1.2060876,0.0065569427,0.52489152,-0.64818827,0.083899487,0.8697835,positive,2
20000501,before,-0.99101107,-0.70329084,1.2109016,0.12084458,0.54048962,-0.20933016,-0.28837859,0.50846321,positive,3
20000551,before,2.0545259,-1.4280875,0.88571322,0.34139586,1.2020246,-1.3094502,0.41593302,-2.2911184,positive,1
20000561,before,0.76519266,-0.74940795,-0.43194677,1.3687228,0.15649901,-1.272972,-1.4316909,0.11158386,positive,4
20000566,before,0.97917322,0.87872908,0.70668221,1.8272112,-2.502591,-1.3385456,-1.6504017,0.13383893,positive,4
20000580,before,0.73769211,-0.11397664,2.5657388,1.1264278,-1.3947208,0.031733183,1.3864706,-0.23775445,positive,3
20000586,before,3.3134656,-1.2153936,-0.70497698,-0.61526289,1.1145718,-2.6089493,-1.7323489,2.2321446,positive,1
20000595,before,1.379333,0.46251183,2.6877008,-0.42966182,-1.6629162,1.8888604,1.5077932,0.53760796,positive,3
20000633,before,1.5552251,-2.1295714,-2.5078587,-1.9090438,-1.6557429,-0.42096656,1.4481298,1.3050638,positive,1
20000705,before,1.8491085,-0.58724636,-0.39822026,-0.67264815,-0.064881586,-0.28526059,-0.34740949,1.4740963,positive,1
20000712,before,-0.67693464,-0.47851391,0.10178412,1.5885895,-0.23367826,-0.095617954,0.16160434,-0.71640699,positive,4
20000716,before,1.0547828,-0.88808881,0.43553142,1.6529019,-0.48870561,-1.3398239,0.298946,0.93225971,positive,4
20000720,before,1.4096506,3.0635789,0.36204961,0.53099036,0.47626118,0.22521372,1.8797888,0.16458175,positive,2
20000745,before,1.4471216,-0.34004583,1.0009401,-1.3313172,-0.021001813,0.98565799,0.67502426,0.36209042,positive,1
20000776,before,0.8220003,3.5262643,0.20265464,0.56559411,1.5804677,-0.24214803,-0.1449554,0.75515669,positive,2
20000780,before,-0.59603193,1.2204019,0.035165004,-0.62685739,-0.51049911,-1.5832918,-0.019840716,0.042580608,positive,2
20000842,before,1.6217137,-0.22452464,-0.37620903,0.8035607,0.45712613,-1.2201315,-0.08292345,-1.4256836,positive,1
20000856,before,0.81599029,-0.28777705,2.0732432,0.4847662,-1.2979266,-1.6568323,-3.4877976,1.6610569,positive,3
20000863,before,1.7355896,-0.48402874,2.3168837,-0.035992999,-0.59293056,-0.09451892,1.2555422,-1.0189058,positive,3
20000881,before,2.7809658,0.76944364,-0.4181808,1.4148895,0.97548098,-0.04529483,-1.6535049,-0.60325415,positive,1
20000888,before,-0.0046502101,-1.5036424,-0.39024129,1.3622146,-1.0012466,0.4920789,0.39039338,0.72323909,positive,4
20000939,before,1.8160029,0.63722516,0.82869217,1.0665312,-1.4907659,1.1662942,-0.50276889,-0.5461558,positive,1
20000958,before,0.7318869,1.279622,-0.065674857,2.6955242,-0.39954665,0.79818042,-0.28495834,0.12672477,positive,4
20001047,before,-0.35493696,0.57395849,0.36720834,2.4649067,-0.086052255,0.17667921,0.72523758,0.099209187,positive,4
20001096,before,0.23802908,2.1520188,-1.9136989,-0.16891318,-0.63734227,-0.056885091,0.32392192,0.60600076,positive,2
20010051,before,0.14543844,1.2310411,0.4431972,0.61864046,1.1566353,1.0842891,-0.373036,0.64463894,positive,2
20010087,before,1.040837,-0.59182339,3.0968165,-0.4565437,-3.0705075,3.004144,-0.15831936,1.8943257,positive,3
20010088,before,2.8986275,-1.8273068,0.99685708,0.089998022,1.4129188,0.11854233,-2.4106354,0.51836122,positive,1
20010161,before,1.749889,-0.39900657,-0.64509992,0.79004801,-0.51971799,-0.22549099,-0.99002177,0.66333999,positive,1
20010164,before,0.64638911,1.4050374,-1.1725714,1.866255,0.20115589,0.72405664,1.2428883,0.023636307,positive,4
20010179,before,-0.51102034,-0.59045651,2.4191617,-0.39418109,0.37274601,1.8716317,-0.18386747,0.31939258,positive,3
20010204,before,-0.39808401,-0.69532108,1.6902183,0.75231374,-1.6571378,0.10402271,0.90463824,-0.86976573,positive,3
20010206,before,2.9011863,-0.210676,-1.3720524,2.8000347,1.8529854,1.1719112,-0.95804493,0.62350272,positive,1
20010288,before,1.0954808,0.74451866,-2.0251901,3.0478121,1.9937166,-1.0436746,-1.6401303,-2.0489364,positive,4
20010300,before,1.7328861,-1.3600283,0.1500226,-1.0287682,0.9557504,-1.3282692,-1.0233428,1.5571047,positive,1
20010428,before,1.3541453,-0.36800986,0.069458254,-0.41026516,-1.3045502,0.047938711,0.23005969,-0.071439388,positive,1
20010454,before,1.1926488,-0.28958321,2.8416746,-1.117878,2.0879937,0.35726466,0.88855562,0.035684145,positive,3
20010467,before,1.7326256,0.57290031,-0.73794907,2.8818089,0.37921706,-0.23011595,-0.89430235,-0.7650986,positive,4
20010481,before,-0.31741355,0.037532334,1.432856,0.92874891,-0.46670389,0.13585146,-0.32498622,-1.6531634,positive,3
20010499,before,-0.81051935,0.011654642,-0.88705998,2.0469543,-0.053967708,1.3521728,0.46730275,0.015567453,positive,4
20010505,before,0.033956926,-0.61926602,-0.66937437,1.6796228,0.55051883,0.55665541,0.49131803,-0.79053213,positive,4
20010510,before,1.5336025,-1.8874964,-1.4481059,2.4039534,1.0893807,0.17413463,0.86419714,-1.3314402,positive,4
20010512,before,-0.27093874,-0.6332622,0.46752168,1.4565173,-0.26123804,0.048322148,-0.23643433,-0.088064078,positive,4
20010534,before,2.2947286,1.1592102,-1.9700644,-0.27613671,-3.3104804,-1.4293525,-0.1983719,-1.3636985,positive,1
20010535,before,-0.49640231,-0.42833312,0.68586115,2.2227522,-0.62530233,-0.72912355,0.054237589,-0.81055352,positive,4
20010573,before,-0.50178836,0.12347177,1.7616538,-0.22266768,-0.61406033,0.97735397,-0.53457559,1.3044242,positive,3
20010603,before,-0.50222721,-0.84070826,-0.22669703,1.3764504,-0.55158134,-0.20473999,0.95310404,-0.10301819,positive,4
20010617,before,0.86807078,2.2562936,2.8159526,1.2176212,-0.27933446,0.70463207,0.82198999,1.8918486,positive,3
20010634,before,0.87113355,-0.66502253,2.0022932,0.94179675,-2.5573971,-2.4660056,0.87512267,0.37813497,positive,3
20010695,before,1.5899039,-0.58814202,0.77690873,-1.4579221,-0.38983251,-0.74078608,-1.398778,1.1231382,positive,1
20010722,before,0.30417725,-0.19621785,1.3927596,-0.18110241,-0.82823926,0.013401815,0.096325612,-0.25056157,positive,3
20010723,before,-0.40241921,1.6092074,1.517199,-0.30702987,0.7892984,-0.64222627,1.5345678,-0.46405014,positive,2
20010759,before,1.0586517,-0.7669665,2.4619696,0.83713744,-0.5979102,-0.44521665,0.29890926,1.539879,positive,3
20010774,before,0.15907257,1.0149176,2.305862,0.1800726,-0.60233472,-0.019679152,-1.3166657,-0.10254898,positive,3
20010934,before,0.83615497,1.4691983,1.2734339,0.92107111,0.47232252,0.28311043,-0.77885384,0.61009345,positive,2
20010956,before,1.9413285,1.2693209,0.93736789,-1.1355001,0.10189922,-1.2306262,-1.4239567,0.18920589,positive,1
20010986,before,0.69449623,-0.056725529,3.8268602,0.4124034,-1.7988639,0.62204039,0.15098182,0.45275088,positive,3
20010992,before,-0.33305998,-0.067677484,-0.81186539,1.8330029,0.51601029,0.02399464,-0.57878429,-0.20951284,positive,4
20011010,before,-0.24851326,-1.3934124,2.0734625,0.3404143,-0.36617875,-0.33519382,0.0080850252,0.5713371,positive,3
20011048,before,-0.70297756,0.022972824,0.71063417,1.6075244,-0.29799184,-0.10010571,-0.19172266,0.50152507,positive,4
20011149,before,-0.82032559,-0.60413404,-0.93108361,1.3073039,-0.078809657,1.0435881,-0.88562829,0.33562508,positive,4
20011170,before,-0.78861641,2.028298,0.70014715,-0.29172806,-0.30516405,-2.142632,0.22563516,-0.211593,positive,2
20020021,before,-0.25382011,-0.86640773,1.5718904,0.15878121,-1.3384761,-0.18206288,0.10278129,-0.74190427,positive,3
20020023,before,2.1601026,-2.3157589,0.75762492,1.383016,0.97521821,0.71828331,1.814463,-1.2840807,positive,1
20020087,before,2.1374903,-0.63731151,-0.48577087,-0.73248004,-1.6747213,0.19187685,0.087521659,-0.54247981,positive,1
20020123,before,0.29941796,1.255717,0.93583854,-1.0272484,1.0559345,-0.060267352,0.14541323,-0.035907829,positive,2
20020129,before,-0.47577657,-1.8164387,-0.084495061,2.052114,-0.41679752,-0.90271607,-0.62883962,-0.89283193,positive,4
20020132,before,0.45935315,-0.11999625,-0.41850996,1.501746,-0.12522862,0.25072483,-0.44703551,0.40092361,positive,4
20020182,before,-0.85028699,-0.69402478,1.8568363,0.63398669,-0.54095541,0.97610217,-0.070003774,0.88440005,positive,3
20020197,before,2.2437945,-0.35063462,-0.79254465,0.77238819,-1.1544025,-0.14697519,-0.79376693,-1.1440905,positive,1
20020223,before,-0.66155321,2.5527044,-0.18072434,1.0412809,0.45235766,0.59599136,-0.19660312,0.6375744,positive,2
20020230,before,1.7312677,-0.11696648,0.31207435,-1.0904406,-2.2550169,0.63884605,-0.034989979,-0.32086528,positive,1
20020268,before,0.28531782,0.70082667,1.2027255,-0.62042353,0.26166881,-0.64414171,-0.66531025,-0.080654772,positive,3
20020348,before,-0.99898162,0.19239311,-0.50373926,1.3481526,0.68997604,0.52605803,-0.25824254,-0.1357704,positive,4
20020363,before,1.3547041,-0.1678023,0.6361583,-0.4821018,-0.25529744,-0.57662169,-0.029516368,-0.83056481,positive,1
20020381,before,-0.12253698,0.18135887,-1.141806,3.9506061,-0.82136455,-1.4256061,-0.13560301,-0.29135328,positive,4
20020385,before,0.79136455,2.2703018,-1.7709986,0.6002548,-0.46163657,0.91699101,0.73089565,1.8687938,positive,2
20020402,before,0.038787113,1.3925517,0.9160895,-0.64009906,0.84582844,-0.72463573,1.3900311,0.73576633,positive,2
20020415,before,0.68156977,2.8875459,1.2006286,1.039161,0.24774331,-0.037675548,0.51651404,1.0569792,positive,2
20020459,before,-0.28150181,-0.65662643,-0.59508307,1.5083282,0.28275678,-0.16718637,0.079521743,0.016022882,positive,4
20020484,before,-0.41018516,0.6375755,1.4490562,0.19958465,-0.62983704,-1.6145036,0.19947276,-1.2306302,positive,3
20020495,before,2.7102448,-0.92809974,0.30487117,0.72194108,-1.9020765,0.026572496,-0.99152093,0.478727,positive,1
20020512,before,0.2650338,-0.20334833,3.3950524,2.3650998,-0.63978818,-1.9255778,3.2466726,-3.0461046,positive,3
20020519,before,1.4362308,1.6008982,-1.2600895,3.5298011,0.11909774,-1.6310683,0.336327,0.13295253,positive,4
20020521,before,0.90386229,0.46859897,2.6642776,0.41492878,0.21296977,0.85455771,1.7845232,-0.044914649,positive,3
20020547,before,-0.35216482,1.2682796,0.77947703,0.16497268,-0.19625311,-0.77824565,-0.3444917,-0.43364702,positive,2
20020554,before,1.8848987,0.23175199,0.54305932,0.2968919,0.89118681,-1.235821,0.030394185,0.48451898,positive,1
20020557,before,0.71890842,0.54425853,1.82131,1.5534404,-0.33242378,-1.5881311,-0.22550054,-0.77822783,positive,3
20020587,before,0.62694898,4.1836867,-0.77564971,-0.59501335,2.2062685,0.54474005,-0.66851327,2.1080136,positive,2
20020613,before,-0.46931957,-2.4550154,0.17544461,2.5236097,-0.19634006,1.1831077,-0.79375321,-0.49094629,positive,4
20020630,before,2.7422664,-0.49789155,-1.9772902,1.2747518,0.71870211,0.27426198,-0.85230779,-1.3574279,positive,1
20020650,before,-0.089084049,1.482857,0.57316152,-0.81423696,-1.1497619,0.71217352,0.16158772,-0.71877102,positive,2
20020708,before,-0.61242713,-1.4318145,-0.28711104,1.5805146,-0.2241253,-0.37700915,-0.30352018,-0.44396048,positive,4
20020760,before,-0.065777706,2.1316824,-1.236939,2.4249772,1.2688291,0.99325453,-0.21634019,0.79156338,positive,4
20020774,before,1.2237832,-0.34094804,2.4534787,-0.15482345,0.74332178,0.55082184,-1.3985068,1.147551,positive,3
20020803,before,1.8252032,0.56708358,3.0594875,0.0047849624,-0.40350676,1.6269351,0.57673623,0.97321316,positive,3
20020823,before,1.5361441,-1.0044847,-0.70147173,-0.1133071,1.4559592,-0.9899577,-0.26074724,0.56990221,positive,1
20020833,before,0.6537276,-0.47650829,5.1956519,0.76972725,-0.50776811,1.8022599,1.6335968,1.1910301,positive,3
20020840,before,4.0111307,-1.7519263,1.0801443,-1.4435132,2.1866963,-0.92318667,2.2647457,-1.7612643,positive,1
20020854,before,-0.50582395,-0.83223229,2.2303202,-0.23378718,-0.18930811,1.6004651,1.7979576,-1.1052513,positive,3
20020882,before,-0.061654643,-1.3759327,1.561566,0.22465735,-1.7745822,1.1057477,-0.477627,-1.2306022,positive,3
20020906,before,-0.50076442,-0.072150972,1.2178965,-0.071213938,-0.70999933,0.1136577,-0.1147113,0.010591693,positive,3
20020917,before,-1.9152325,-1.2014763,-1.0887463,1.8955915,-0.136082,-0.24779657,1.7497274,0.21695412,positive,4
20020940,before,2.0934384,-0.9092173,1.9418875,-0.18962254,-1.8981864,-2.0475468,0.62901436,-0.051303075,positive,1
20020985,before,1.2171009,1.0632443,-0.83605357,2.067895,1.2342053,0.21144458,-0.74007831,0.046776947,positive,4
20020991,before,1.1656451,1.1513568,-0.45336407,2.2117537,0.61376543,0.24679266,-1.4889914,-0.0027470021,positive,4
20021029,before,-0.8257608,-0.68318428,1.5747958,-0.07587623,-0.89990201,0.7567457,0.10312488,-0.34256837,positive,3
20021062,before,0.53211004,2.9632151,-0.55094089,-0.52715654,0.82822178,-2.1071504,0.67090733,1.5851427,positive,2
20030044,before,0.35216035,-0.14525282,1.2976982,-0.53754984,-1.8432946,0.87942571,-0.87636795,0.58216565,positive,3
20030046,before,3.5528138,-2.7947638,-0.36891733,-0.074694298,2.9972733,0.4678564,1.6631278,1.5277077,positive,1
20030063,before,3.0124626,-0.21451133,0.010736565,-1.3448561,-2.1968904,-0.027262761,-1.0433419,-1.1400763,positive,1
20030081,before,-0.21472025,1.3392824,-0.2149769,0.97672946,0.5614519,0.10131354,-0.69950311,-0.25732401,positive,2
20030099,before,2.8309338,-2.2484467,-1.6849158,-0.81427441,-1.5023802,-0.32582295,1.0332052,0.40975539,positive,1
20030220,before,-0.45713413,-0.74564646,-0.89499005,2.2624583,0.0083116146,0.46943515,-0.52971703,-1.0236028,positive,4
20030302,before,-1.2399031,0.5867638,-1.8303191,1.4632456,0.75247979,-2.7553414,0.64549806,0.26766855,positive,4
20030369,before,2.6243833,-0.26419012,-2.2609991,-2.5123006,0.83525892,1.9760832,-2.3085015,1.9673052,positive,1
20030392,before,0.13611335,-0.046313349,-1.153654,1.5125963,0.087148527,0.0053986345,-0.76619602,1.1606174,positive,4
20030415,before,0.53696679,1.6720943,0.97464135,0.27718447,0.77281187,-0.48500319,-0.035438942,-0.17308251,positive,2
20030427,before,1.4788915,0.92719814,0.42473906,1.183521,-0.96872111,-0.32270622,-0.88428808,0.57564675,positive,1
20030479,before,3.5124124,-0.43659851,-2.3691084,3.0306477,2.639033,0.12166058,-0.47977041,-3.1081432,positive,1
20030509,before,2.0620444,-0.10557976,-1.4936103,0.11641548,-0.00043780518,0.44872063,-0.46545838,-0.23068925,positive,1
20030564,before,-1.1691201,-0.47731536,-0.087755393,1.5614873,-1.4029755,-1.8586195,0.46413867,-0.099743106,positive,4
20030573,before,1.3584204,-0.68011855,-0.25357456,-0.44289612,-1.2943757,-0.70470573,0.2859596,0.84228235,positive,1
20030665,before,-0.9278311,1.4289708,-0.04616004,0.34880675,0.29985288,-1.0403669,0.39200421,0.47702816,positive,2
20030676,before,-0.30167856,1.6564268,-0.73399767,1.7605964,0.94567296,-0.53349724,-0.51110352,0.1729275,positive,4
20030685,before,1.2459946,-0.016909766,0.86630133,1.5123481,-1.4713248,1.0324576,-0.084173816,0.8230325,positive,4
20030727,before,-0.19026679,-1.5849325,-0.77215702,2.4079783,0.55715443,-0.24142786,0.48053299,-0.28032528,positive,4
20030753,before,-1.6644049,-2.1252104,-1.1200909,2.7511241,-0.4357822,1.6698653,-0.15340147,-0.64680995,positive,4
20030762,before,0.25673886,0.17670907,1.5371699,1.0241266,0.50400841,-0.18885954,0.58499985,-1.0190433,positive,3
20030775,before,2.6293598,4.2383582,2.3598544,1.636157,1.7053886,-2.1734613,-0.038186256,-0.076276353,positive,2
20030786,before,-0.14904886,1.0083174,-1.2616405,1.8196725,-0.73467086,-1.3332104,1.0607911,-0.62136144,positive,4
20030789,before,-0.54148132,2.2825866,-1.0456568,-0.0031415918,0.41272281,1.2941205,-0.057903774,1.3912439,positive,2
20030793,before,-0.10211675,2.2001419,1.8711797,-0.57456749,0.16098811,-1.5720108,-0.44534894,-1.2732001,positive,2
20030831,before,0.17288546,1.8297338,0.82735169,1.4501261,0.22073469,-2.3327572,0.81834708,-0.037807541,positive,2
20030838,before,1.2768777,-0.62312618,1.2530012,-0.46037328,-0.29704438,-0.36671531,-0.2466807,-0.38545697,positive,1
20030923,before,0.75047878,-0.28275493,0.2578348,1.3394417,-0.88624524,1.0040262,-0.20608208,-1.5098027,positive,4
20030928,before,1.7683654,0.99688397,-1.3913466,1.8517552,1.4061261,1.5426907,0.20850265,0.69330496,positive,4
20030936,before,2.6975597,3.3813824,0.87569758,1.5561764,1.1455517,0.53437725,-0.84161033,0.58946587,positive,2
20030940,before,0.9876103,1.4921808,-1.1599813,1.248684,-1.9201714,-0.47839371,0.68528897,0.4411294,positive,2
20031004,before,1.1355689,-1.170202,0.56237157,3.1461589,1.68492,0.81072916,1.1213914,-0.86019616,positive,4
20031013,before,3.5270993,1.8952587,-0.68467161,0.4531706,2.2215538,0.4143715,-1.6365568,1.5037567,positive,1
20031053,before,0.25625504,2.5627568,-0.21638467,0.031010676,0.70055386,-0.091882422,0.42941433,1.227239,positive,2
20031056,before,1.5958355,0.1158133,-0.59390262,-0.69556001,-0.21311574,0.13975053,-0.45093715,0.12122955,positive,1
20031077,before,2.7787089,-0.077207145,-1.9394758,-0.60677404,-0.812199,2.0790296,-5.2914113,2.0714388,positive,1
20031093,before,1.6969838,-1.5859827,-1.1401982,4.45178,0.46619688,-0.52540783,-0.5508128,-2.9304071,positive,4
20031161,before,2.6760029,0.56461921,-1.6098084,0.80993919,0.54737643,-0.67464359,-0.87908187,0.68281763,positive,1
20031166,before,-0.80115574,-0.87904422,-1.2529034,1.5038452,0.55664072,0.37931906,-0.8059305,-0.95528493,positive,4
20031189,before,0.72613871,1.0443783,1.8456802,0.046005459,-0.98335934,1.1402495,0.44045143,0.92553698,positive,3
20040020,before,-0.17739005,-0.85787765,1.3384431,0.41521403,-0.10133939,0.26426048,0.12496662,0.2156857,positive,3
20040035,before,1.0701024,1.5809286,-0.164361,1.2517938,0.87054831,-0.74697783,-0.73738739,0.63773844,positive,2
20040100,before,1.368804,1.1891414,-1.4529775,-0.91165558,1.2325533,-1.1239394,0.23353504,-0.37999915,positive,1
20040181,before,-0.10009478,0.87831866,1.2153571,-0.058186374,0.22443294,-0.64259299,-0.45629072,-1.106894,positive,3
20040312,before,0.33553977,0.66398197,3.8651981,0.66147675,0.46243055,-2.3042529,3.6689897,-2.531333,positive,3
20040339,before,-0.74147611,2.7305179,0.8053872,-0.18924201,-0.82344345,-2.5335737,0.71609945,-0.74862041,positive,2
20040347,before,3.1330233,0.8034699,-3.4989302,-1.0831549,-3.6026105,0.94815572,0.67175032,-0.71859948,positive,1
20040386,before,0.25293002,1.7165226,-0.84871182,0.92641311,0.48951622,-2.2605286,0.63801882,-0.012023013,positive,2
20040393,before,0.59871972,0.14682946,-2.4529745,3.0137301,0.68469472,-0.21251555,-0.031021624,-0.63135059,positive,4
20040402,before,3.7743373,-0.11007895,-1.7677742,2.972797,-1.3174308,-0.13592117,-0.48050083,-1.3573173,positive,1
20040408,before,2.0229259,1.6592083,-3.4257524,3.0310611,-3.7487195,0.3756732,0.078682184,-0.31631782,positive,4
20040460,before,-1.6560305,0.46168353,2.7120116,0.36060103,-1.2083771,2.267758,0.61741318,0.61151164,positive,3
20040509,before,0.46033914,3.4321198,-1.3360482,-0.89568126,0.60184701,-1.781113,1.1837118,-0.19850488,positive,2
20040511,before,1.7556036,-0.088970785,-0.44876108,0.76917269,1.6269308,-1.7318173,-1.9115268,0.86773098,positive,1
20040526,before,0.57272461,1.3133703,1.9278461,0.38040016,-1.0172086,-0.69195595,0.66193686,1.0573606,positive,3
20040557,before,0.48872188,-1.143493,-0.29668448,1.9539092,-0.49172786,0.95497638,0.11995316,-0.56086408,positive,4
20040560,before,-0.14791748,0.79005846,1.2567782,0.26096417,-0.70953135,0.29280149,-1.0226687,0.22301418,positive,3
20040611,before,-0.34025784,1.0492461,-0.91847161,2.4497803,-0.21317572,-2.7945561,0.25889435,-0.041616676,positive,4
20040614,before,1.0889886,1.5016729,-0.08229198,-0.013238064,-2.7140848,-0.46557619,-0.52986222,0.05013299,positive,2
20040615,before,0.31278048,0.64090228,0.81284161,1.5000566,-0.28949835,-1.1922041,0.02869041,-0.18656887,positive,4
20040624,before,0.90240462,-0.27324877,-0.7883469,1.431772,0.38725796,-0.25975395,-1.1815207,-0.74949712,positive,4
20040653,before,0.57256961,1.6255077,0.7120424,-0.13336456,0.4561006,0.21669525,-0.86774798,0.52060165,positive,2
20040656,before,1.6549916,1.691776,1.2397283,0.5749664,0.68365406,-0.30396176,-0.044772028,1.0641593,positive,2
20040688,before,-0.4548148,0.97626665,-0.95891392,1.8070025,0.36662219,1.0688885,-0.92182325,1.1340508,positive,4
20040700,before,0.3761672,-1.3545782,3.1785411,2.2286439,-2.6098899,-0.12250308,-1.020345,1.456768,positive,3
20040703,before,1.0142334,1.1007954,1.2840451,1.4159703,-0.42507929,-0.35148675,0.30221694,0.86858674,positive,4
20040715,before,2.3020402,-0.05114664,-1.2766338,-0.70483982,0.90980332,1.9985501,0.20868656,0.17050976,positive,1
20040733,before,0.61605273,2.624957,3.2719507,-0.57580082,0.81130789,-1.6363028,1.2440635,-0.34571645,positive,3
20040777,before,0.041736699,-1.2312975,0.95804778,1.9124749,-1.4920495,0.60319614,0.22047632,-0.60089152,positive,4
20040811,before,0.73327115,-0.32308881,3.1517494,-0.98984604,0.9001537,2.8164958,1.5033875,-1.534069,positive,3
20040832,before,-0.58534387,0.26039482,1.145875,2.0058214,-0.30487042,-0.087974557,0.99328219,-1.6262302,positive,4
20040880,before,0.94714866,0.43442597,0.19616721,2.6003793,0.87040825,1.0137325,-0.81615359,-2.0830986,positive,4
20040883,before,-0.49591502,0.0020960617,-1.7059485,2.5653387,-0.49019126,0.84409954,0.71340716,1.3970042,positive,4
20040895,before,1.3231167,2.1444261,-0.087836116,-0.31356762,-0.1209344,1.3324759,1.1343002,0.91709383,positive,2
20040920,before,-0.93593013,0.15707388,1.7889725,0.32249069,0.13081607,0.69142879,1.2100754,-1.094633,positive,3
20040928,before,0.092998967,0.82184902,3.1361668,0.95666527,0.10149115,1.2212338,-0.34476628,-1.711788,positive,3
20040932,before,1.977492,0.079418144,-1.6201736,-0.57731882,-2.5451325,1.2950245,-0.47596665,-0.82602361,positive,1
20040941,before,0.043705838,-0.19033833,1.2818501,-0.76487987,0.11602287,-1.6081411,0.019040646,-0.86050552,positive,3
20040950,before,1.0333508,-0.62428999,1.6953241,-0.33242669,-0.083779915,-0.39145777,0.75347534,-0.034672755,positive,3
20040961,before,1.922351,0.054368402,-0.3055519,-0.055134086,1.7495459,-1.0884472,-0.23764732,-1.7243632,positive,1
20040984,before,2.0729932,-1.7483489,0.050238503,-0.17348294,1.7337812,-0.21645259,-1.2797138,0.55186968,positive,1
20041025,before,2.058448,0.52312367,-0.28427978,0.080222542,-0.86978148,-0.97998759,0.83475111,0.35935247,positive,1
20041087,before,1.4202619,1.3662592,-0.50188889,-0.054371231,0.060462877,-0.47393994,0.91462531,-0.62747176,positive,1
20041098,before,0.47521575,2.9582054,1.1715362,0.70943798,0.40945945,-1.8514341,-0.98232377,0.29139904,positive,2
20050002,before,-0.57363192,-0.31292315,-0.80671755,1.860156,-0.5823946,-0.35743798,0.78316039,0.84623557,positive,4
20050077,before,3.5002679,-1.2155808,-1.6314295,0.241611,1.8540182,1.414824,-0.72895736,-2.5458751,positive,1
20050084,before,-0.8308693,1.5051039,0.61831579,-0.35582946,-0.54640405,0.19590443,-1.8949394,1.3137203,positive,2
20050095,before,3.3574914,-1.1658595,0.9805481,-0.29511203,-1.0395528,-1.5972158,0.73878784,-0.43864632,positive,1
20050206,before,-0.72884738,-0.80218555,0.05800071,1.8075432,-0.031829007,-0.66287797,0.26768196,-1.0369313,positive,4
20050217,before,-0.082297935,0.20437317,-0.39212818,2.6158678,0.42273536,1.1638993,0.42455349,-0.27636078,positive,4
20050256,before,2.3797689,-1.188901,-0.77122722,-1.6381105,-0.26335918,-0.71212417,0.11735955,1.3871719,positive,1
20050290,before,1.919279,1.5183779,-0.58579717,0.58402838,-0.15056333,-0.35405789,-0.31472844,1.3509711,positive,1
20050308,before,0.42275153,0.33225486,4.798851,3.9870279,-1.7045915,3.2329402,0.21653535,1.9550483,positive,3
20050336,before,1.6777586,0.41583524,0.2515608,0.27972238,-2.8296618,0.27129454,-0.97422349,0.039449393,positive,1
20050341,before,-0.90865638,1.4303312,0.35213174,-0.13967725,-0.24232375,-0.22165635,0.21076956,-1.2819153,positive,2
20050370,before,0.74697162,2.1542772,-0.61864681,-1.9183013,-3.0150939,-0.11703155,-2.0590553,-2.3133545,positive,2
20050462,before,-0.55409632,-0.24715019,2.3991288,0.99156907,-1.8641793,1.4570895,0.035173199,0.41987099,positive,3
20050466,before,-0.29060294,0.33060074,1.2026721,0.88876299,0.87992763,-0.48534527,0.43267982,-0.24898538,positive,3
20050467,before,2.0483733,0.81680136,-0.93030986,-2.2891424,1.4470099,-1.4801754,-0.24546521,-2.7710806,positive,1
20050473,before,-0.51839181,-0.25308074,1.8120277,0.31801879,-0.88775415,1.0034497,-0.54899399,-2.0345574,positive,3
20050489,before,2.3704887,-0.36379701,-1.6553017,0.83777899,-0.62061728,-0.67579824,-0.60673707,0.69505794,positive,1
20050502,before,0.13267738,-1.0665922,-0.66710512,2.0940165,-1.1592529,0.36822313,-0.35362167,-0.18353765,positive,4
20050521,before,0.16166357,1.545529,0.29965765,-0.23417787,0.73728178,-1.750304,-0.12209894,-1.4905514,positive,2
20050523,before,1.2483581,1.9007584,0.49593704,2.6609186,-2.9972983,-1.8377595,0.74850681,1.2363004,positive,4
20050541,before,-0.87163104,1.0729177,-1.1101396,1.3488887,-0.20106623,-0.56039771,-0.16136965,0.35104685,positive,4
20050550,before,0.15244411,1.2450021,1.1020107,0.40943307,-1.3660408,-0.66076246,-0.23723763,-0.77014213,positive,2
20050558,before,1.7710503,-0.82424652,1.6527986,-0.29432664,0.32687012,0.56031334,-0.0054512506,1.303623,positive,1
20050562,before,-0.33402498,0.064014527,0.27395635,1.7815899,-0.33192026,0.93086214,-0.5002798,1.2572458,positive,4
20050564,before,0.13204151,0.65328363,0.99596124,1.3798217,-1.1070594,0.28344021,0.94559704,-1.0309056,positive,4
20050572,before,1.4019715,0.78153137,-0.61890432,1.8074744,-0.31876173,-1.4061255,-0.63151323,-0.48137416,positive,4
20050611,before,-0.55030799,-0.84778769,1.4651362,0.60749378,-0.95144254,-0.57225613,0.62091362,-0.85187358,positive,3
20050617,before,-0.19972356,-0.64745641,1.5835923,-0.25619019,0.49746074,-1.0164922,0.0051355925,0.99180074,positive,3
20050626,before,0.8523122,3.7797891,2.0208332,-1.0718448,1.3110629,1.9117054,1.8737229,0.18987242,positive,2
20050629,before,2.680327,-1.4234965,1.289183,-1.2029792,2.4616546,-0.46378287,0.54747809,-0.090715588,positive,1
20050644,before,0.25504872,1.8081344,0.37774068,-0.077084994,1.2400919,0.67003171,0.84778628,-0.4488071,positive,2
20050647,before,-0.58635374,1.5866271,0.25835877,-0.39905543,-0.12913494,-0.23870842,-0.42527678,0.30021368,positive,2
20050665,before,3.6808706,-0.70922874,1.6949927,1.8050308,-3.5055857,-1.6867733,0.61680702,-0.58910052,positive,1
20050676,before,-0.90595685,0.82439014,3.3881344,0.59668273,-0.36312366,0.5122885,3.3221326,-1.8082951,positive,3
20050691,before,-0.97308099,0.18720139,0.95426126,2.1833703,-1.5444112,-2.9436189,0.41051128,-0.99241053,positive,4
20050708,before,0.55122515,0.14885267,1.577082,-0.093138248,-0.54339262,0.20935981,-0.062620039,-0.15624557,positive,3
20050729,before,1.9377259,-0.6603009,0.852771,-0.87225089,-0.97443125,-0.34079642,0.13412875,0.46276006,positive,1
20050742,before,1.1665298,1.3236268,0.67355167,1.2231461,0.45227956,-1.1359394,0.15155902,0.099872101,positive,2
20050743,before,0.89095497,1.4063313,-1.0421856,-1.2589166,-0.88479154,-0.065835022,0.080461359,-1.825567,positive,2
20050760,before,1.6942507,0.83994829,-0.31329782,-0.10729494,-0.1743551,-0.88221469,0.16486422,-0.31833503,positive,1
20050785,before,3.4770511,0.27225558,2.2246851,1.9544856,2.6331558,1.4333353,0.17260083,-1.6024325,positive,1
20050850,before,0.69876502,1.0269722,0.066599886,1.9725748,0.31087261,1.2500058,-1.4537732,1.0308468,positive,4
20050890,before,-0.70904384,0.35871053,0.33468989,1.9060977,0.13254848,-0.66050682,0.45897495,-0.20726108,positive,4
20050892,before,-0.73231893,0.82743668,-0.51418516,1.377491,0.29934068,-0.00953053,-0.20878268,0.85133879,positive,4
20050893,before,-0.78434841,-0.39138548,0.82819345,1.5159965,-0.35432688,1.4954547,0.85501107,0.093975769,positive,4
20050906,before,0.65158412,1.7361632,-0.40867953,0.55427089,-0.39957712,0.99370697,0.62017532,0.68811631,positive,2
20050912,before,-0.46840368,1.8850084,-0.22518756,-0.16365359,0.66036121,-0.19817267,-0.31959449,0.041306385,positive,2
20050917,before,-1.6885093,-2.0052686,1.1929833,1.8360314,-0.4685491,-0.78442309,1.777153,1.5369094,positive,4
20050919,before,-0.24769716,-0.30081865,-0.67069812,1.4114334,-0.38611992,0.012956744,-0.56921062,0.14946756,positive,4
20050921,before,0.01516295,0.8844451,-1.9566792,2.3811713,0.16569057,1.0720943,-0.55688462,1.5231487,positive,4
20050973,before,0.31982233,1.485737,-0.074687039,0.022940407,-1.2042197,-0.084940957,-0.27824459,-1.8685149,positive,2
20050977,before,2.5518287,-0.41480027,0.95749017,-0.15668795,-0.89609688,0.56162072,0.91033752,-0.58971348,positive,1
20050982,before,2.1722231,-1.3001298,0.20698891,2.082478,1.2396512,-0.14458992,-1.7845547,-2.1312057,positive,1
20051036,before,0.54166662,0.56650375,1.5240805,0.22755211,-1.019024,1.1816111,0.2418816,0.80458739,positive,3
20051053,before,-0.39117387,0.96714224,1.3370436,0.27757774,-0.58570568,-1.4752439,0.73910686,-0.035417491,positive,3
20051072,before,-0.079260143,-0.67636164,2.0660587,0.25846677,-0.38427036,1.250757,0.63662199,-1.4965598,positive,3
20051079,before,2.8349953,-1.9101118,2.3932323,1.4913961,1.3861003,0.34849342,1.611101,-2.2529323,positive,1
20051137,before,0.88746351,0.40006815,0.029828751,2.1787353,-0.38044044,-2.1850788,0.11587009,0.38479318,positive,4
20060045,before,-0.76864297,-0.38151286,2.498556,-0.24608761,1.2922763,1.20306,2.3279709,-1.8013386,positive,3
20060152,before,-0.8561193,-0.46589031,1.3373784,2.5680453,0.24575803,0.007939349,0.33752703,-2.4382554,positive,4
20060159,before,-0.68095098,0.21534246,-1.1638252,1.5060239,0.23541772,0.81834339,-1.3215018,1.0419098,positive,4
20060231,before,-0.78633092,0.095857252,1.483546,-0.47431585,-0.56567691,0.82444729,0.58813356,-1.7354155,positive,3
20060321,before,0.62707937,1.321132,-0.53330071,2.6978569,0.23493534,0.044046231,-0.41864114,0.62797094,positive,4
20060338,before,2.0359421,0.62876192,-2.1041138,-0.79215708,-1.9099693,0.67394163,-0.082234424,-1.4120807,positive,1
20060370,before,-0.65321192,0.43609858,-1.4465925,1.414608,0.060566234,-0.55714508,-0.69013,1.1758012,positive,4
20060422,before,0.50114705,1.7946654,-1.4479635,-0.18619709,-0.96063448,-1.4663167,0.30976452,-0.5225604,positive,2
20060435,before,-0.53224688,-1.4189406,-0.29831822,3.7349052,-0.19090212,1.7700673,-2.5277617,0.26850821,positive,4
20060443,before,0.65565971,2.5349762,-0.56680224,-0.93845525,-0.68983958,0.075091654,0.62673967,0.33189486,positive,2
20060451,before,-0.11446922,-0.34847916,0.8663024,1.4467281,-0.016136157,0.44919411,0.31582482,-0.11505474,positive,4
20060482,before,1.7322423,-0.23972882,-1.545603,-0.01532328,-0.66125024,-0.29058233,0.24051434,-1.1464018,positive,1
20060491,before,2.6844603,-0.82719329,-1.7633013,-0.86270659,-2.7383668,0.073359455,-0.10567012,-0.93399358,positive,1
20060524,before,-1.3287868,2.350696,1.3882942,-0.22020771,-2.0427528,-2.6061441,0.99824535,-0.18782089,positive,2
20060527,before,-0.56873377,0.37513401,0.22616269,1.8212217,0.42515952,0.90411427,0.2852857,-0.31058306,positive,4
20060534,before,-1.095093,1.5321248,-0.60952113,0.13776015,1.0588182,-0.80620639,-0.055643121,0.84606594,positive,2
20060544,before,0.53064358,-0.02854196,-0.035423703,2.1049203,-0.37467212,-1.2052051,1.917929,-0.55268695,positive,4
20060573,before,2.0376325,-1.1712282,-0.56942158,-1.4151307,1.3224133,-1.634933,0.75507453,0.51511503,positive,1
20060582,before,2.0267052,0.15518809,-2.0776174,0.050792653,-1.9139301,1.1151504,-0.51008888,-0.61053353,positive,1
20060616,before,-0.12885051,-1.2261613,1.401131,-0.52977924,-0.58366483,0.51796782,0.59209221,0.42496212,positive,3
20060620,before,0.45496517,-1.6014897,1.6821263,0.32834051,0.70479162,-0.57278626,0.1515383,0.32621838,positive,3
20060661,before,-0.73429589,-1.113473,-0.59953685,1.5774947,-0.18735346,-0.29042933,-0.25869251,-0.64260263,positive,4
20060668,before,1.2295674,0.81350577,1.4044439,1.9154358,-1.56298,-2.8040479,1.2791511,-0.4463907,positive,4
20060722,before,-0.11407955,0.71518072,1.2448806,2.1699557,-0.28582601,0.73803159,0.83404659,-0.83906024,positive,4
20060744,before,0.79681049,3.2317276,-0.32429999,1.6620276,0.28074515,-1.8385838,-0.83882242,0.50969255,positive,2
20060749,before,1.2790455,-0.37230287,1.5347539,1.0928976,-1.5821684,-0.29016567,0.42543623,-0.21034283,positive,3
20060761,before,1.528141,1.9201193,0.065828681,-0.13618328,0.4738601,-1.0992389,-0.580345,-0.24508989,positive,2
20060763,before,0.60895237,1.5565224,-3.0328727,4.3899188,1.3194702,0.1503867,-0.37289168,0.75897922,positive,4
20060772,before,4.6808432,0.52988662,-1.045048,0.73217653,-1.1135687,0.048352534,-2.7000339,2.5853679,positive,1
20060787,before,1.3850097,-0.0018101001,1.6523273,-0.91096762,-0.30425281,-0.97551157,0.39289737,0.99074698,positive,3
20060816,before,1.3887774,1.5261847,-3.0393085,-1.3070967,-1.8540192,0.083251772,0.3891155,-1.2941249,positive,2
20060851,before,-0.48455758,-0.14774918,-0.044956085,1.3418061,0.12457696,-0.42004464,-0.30133588,0.34062613,positive,4
20060853,before,-0.14934856,2.1353273,0.83743156,0.78125266,0.64518542,-0.20224671,0.40301164,-0.0029598937,positive,2
20060875,before,1.7379198,0.28435015,-1.5690285,-1.1275328,0.39581545,-0.18490484,1.474929,0.22477765,positive,1
20060891,before,3.5378146,0.28951781,-3.0242893,1.5678533,-3.3026001,0.3681733,0.37212853,-0.71505314,positive,1
20060913,before,1.1972379,-0.89229981,4.4501763,-0.37782509,0.096367988,-0.3008711,-0.70510829,2.2071644,positive,3
20060940,before,-0.78117003,1.7029974,-1.6590485,0.10252711,1.08767,0.49402971,-0.048601306,1.0637876,positive,2
20061010,before,0.46298906,0.33889194,1.8536858,-0.79281484,-0.35942305,-0.49211634,-1.302598,0.1051521,positive,3
20061022,before,-0.1869375,-0.11528129,1.6787796,-0.091232188,-0.073000648,-0.31099039,0.041989877,-1.2762228,positive,3
20061050,before,-0.68606884,0.20086179,-2.1187657,2.537568,-0.75166612,-1.2798875,-0.12797232,-0.89595199,positive,4
20061056,before,-1.1527094,0.27178212,2.1965855,0.3247407,0.39928662,1.1943878,0.52634982,0.18374229,positive,3
20061098,before,-1.0610921,2.7368466,0.3152636,-0.93991027,-0.34719162,-2.5939438,1.8573615,2.0614907,positive,2
20061169,before,-0.33480671,-1.5972953,2.2005643,1.5857154,-1.5106627,1.4247023,-0.68194095,-0.24815512,positive,3
20070008,before,-0.47393593,2.325162,0.72511977,-1.0397611,0.08473911,-1.6615437,2.0465393,1.6249838,positive,2
20070032,before,-0.83436433,-1.1078539,1.8598209,0.18312326,0.28747087,0.12132812,0.37112379,0.79481368,positive,3
20070056,before,-0.34197707,-2.9014724,-2.4708645,5.2139126,0.76187507,0.014103566,-0.10039619,-2.2450249,positive,4
20070132,before,0.95698577,-0.30703031,2.0847358,0.79970247,0.60878623,-1.7078293,0.46034514,-0.28792647,positive,3
20070177,before,0.82877869,3.0550527,-1.1358923,0.32749608,2.7280112,1.2104011,-1.1055574,0.89247175,positive,2
20070215,before,0.31196638,1.8510783,-1.4752177,-0.0088839899,-0.92093306,-1.3055964,-0.1120491,-1.1030903,positive,2
20070265,before,1.442366,0.42647553,1.443846,0.96547334,-0.88801006,-1.0245077,-0.80759437,-0.057853621,positive,3
20070304,before,0.78704734,-0.86408944,1.4330265,-0.18410802,0.26781747,0.30202307,-0.037867069,-0.29602535,positive,3
20070305,before,1.5874049,-0.77505555,3.0216399,1.1531202,0.6481978,1.3713275,-0.66500942,-0.66020156,positive,3
20070308,before,-1.3972641,0.22861623,2.2867613,0.45273644,-2.5996908,0.86035596,1.0349154,1.6529396,positive,3
20070362,before,-0.36866987,0.83679163,-1.3623473,1.8677085,0.96599375,1.779741,-0.39209338,1.1098448,positive,4
20070383,before,1.7961829,5.3764521,-0.63066489,-2.5906132,-2.4547757,-6.5178173,1.3272616,0.67924212,positive,2
20070434,before,0.97104131,2.4085429,0.80191715,-0.76892424,0.081981296,0.6924228,0.597046,-0.13020977,positive,2
20070443,before,2.8390746,-0.96339636,-0.58564784,-1.6652368,0.14229487,1.9622903,0.26235419,0.41969432,positive,1
20070458,before,0.20332544,-1.6053488,0.74527983,1.810798,-0.80606296,-1.57614,-0.80841759,-2.1958269,positive,4
20070509,before,-0.40349858,-0.55438665,-0.25533303,1.3729851,-0.61955913,0.11121129,0.32588967,0.28367325,positive,4
20070518,before,2.9024864,-3.4741597,-1.8220339,1.3037617,-0.21673195,-1.1919029,-0.30275095,2.573788,positive,1
20070519,before,0.90132798,-0.83211204,1.5752518,0.44871436,-0.51683057,-2.6539228,0.96528982,0.69564001,positive,3
20070562,before,0.48415177,-1.1630957,-1.8116065,1.412811,0.70427857,-0.11802543,1.2723601,-0.8431245,positive,4
20070584,before,1.1848221,2.6503437,-0.56918645,-0.15186439,-0.94502497,-1.5428341,-0.57756621,0.45024776,positive,2
20070643,before,1.8977639,-0.37850656,1.128755,0.18790545,-0.55346168,0.61987862,-0.13041819,0.76516022,positive,1
20070648,before,0.74063837,-1.8401292,-1.0001371,2.5069852,-1.8040661,-1.182547,0.05473323,0.6454243,positive,4
20070682,before,-0.48709144,1.9585497,-0.30554953,0.56205837,0.65365441,-1.0198126,-0.29733604,0.47909993,positive,2
20070707,before,0.48552141,0.048163763,2.327732,0.15843139,-0.39124041,1.7147955,-1.6163318,0.69975029,positive,3
20070715,before,2.3033349,2.1442793,1.3382721,0.40583532,-1.2167003,1.0980243,1.8133184,0.75690372,positive,1
20070721,before,0.85724603,2.8345464,-1.8591852,-1.2693971,-4.5978293,0.8677512,0.022504576,-1.4009898,positive,2
20070774,before,0.30157691,0.65052626,-0.50753199,2.9538077,-0.86192527,-0.44699234,-0.88788974,1.0597457,positive,4
20070793,before,-0.9641744,2.3796416,-1.3668419,1.7108714,0.34472558,-1.3840972,0.54605777,1.1040134,positive,2
20070798,before,0.35791083,0.0720158,1.4542626,1.3723489,-1.6579706,0.50555433,-0.18782519,0.94437039,positive,3
20070810,before,0.4962052,0.81801407,1.3494942,0.08277362,-0.58148505,-0.02687144,0.44907178,0.22295559,positive,3
20070855,before,1.3415436,0.19599529,0.82066249,0.035024093,-1.6190729,0.80686042,0.35260067,-0.7306707,positive,1
20070861,before,-0.14149032,2.3529543,0.7028296,0.5464771,0.1937092,-0.77949408,-0.15946626,-0.088821732,positive,2
20070882,before,-0.028646104,0.46544388,2.2006852,-0.18728514,-1.7522288,0.97037797,-0.64005692,0.027525551,positive,3
20070922,before,0.59848632,1.6909873,2.1700861,0.35808699,-0.57888945,-0.98491863,0.57637623,-0.14773489,positive,3
20070926,before,2.2895047,1.0180603,-1.3142142,3.1861023,0.59145128,0.85870676,-2.5204653,-1.7911831,positive,4
20070941,before,-1.1037022,2.029979,-1.3556731,-0.45585891,1.0400049,0.31265163,1.7245654,1.5957565,positive,2
20070980,before,-0.079890722,-1.5270793,-0.43344978,2.2380759,-0.034579955,-0.31639124,-0.54003594,0.65665479,positive,4
20070991,before,-0.16546785,1.3027297,1.2487931,0.04697579,0.59037091,-0.46100411,-0.16877886,-0.48663762,positive,2
20070997,before,0.54536302,1.4020926,0.033302133,0.83117735,-0.48185656,-1.0664229,-1.3155062,0.46995992,positive,2
20071009,before,-0.074094948,1.6328304,-1.5439841,0.77736028,0.96044426,-0.79448171,-0.28017397,0.64282347,positive,2
20071026,before,1.4770364,1.1852209,1.0062091,-0.60622891,-1.290946,0.5556557,1.0680442,0.65713354,positive,1
20071040,before,1.4943379,-1.1442696,-0.92949049,0.25426534,1.1421029,0.49664175,-0.67674531,-1.7546588,positive,1
20080007,before,-0.73498917,-1.7340946,0.14991028,1.4344828,0.35239845,1.2512823,-0.68468656,-2.3175443,positive,4
20080009,before,0.15143222,-1.2716604,1.3309082,1.2420571,-0.94079745,0.70168254,0.20347089,-1.0752793,positive,3
20080010,before,2.3562075,-0.65988853,-1.6666587,1.0868369,1.971929,-0.38522346,-1.4123249,0.55269404,positive,1
20080050,before,-0.63977385,1.4570078,-1.7938752,1.4419092,-0.53783112,-0.24166208,1.2306697,1.3625723,positive,2
20080098,before,1.7779839,0.46358727,-0.32011638,-1.2707948,1.0250998,1.4545575,-4.3765845,1.3585766,positive,1
20080169,before,-0.81740162,1.9295615,-1.4609835,1.5196597,0.2004351,-2.1352436,-0.062728241,1.6253802,positive,2
20080192,before,-0.53337869,0.54434865,1.8032465,-0.31987786,-0.50527512,-0.41860813,0.11884477,0.89463486,positive,3
20080204,before,-0.95024585,0.9048017,1.2796312,0.4769546,-0.095126464,0.43346993,1.0370925,-0.98352616,positive,3
20080240,before,-0.50510526,1.3298481,-0.088993297,-0.056391076,0.61534433,-0.16682838,-0.80604148,-0.0073912529,positive,2
20080297,before,0.52125682,-0.75278056,0.33132187,2.2306084,-0.90496219,1.0110573,0.48691452,-0.88810413,positive,4
20080347,before,2.4249761,0.36094247,0.58531886,-0.3616552,-2.2353003,0.23154045,0.35157604,-0.50793411,positive,1
20080363,before,-0.63444499,1.9825386,-0.047627542,-0.48178161,-0.091224543,-0.26005958,0.29358944,1.4568577,positive,2
20080396,before,1.5146724,0.086239308,-0.36689855,3.9253921,-1.9597602,-1.1883148,0.95821945,0.84848952,positive,4
20080418,before,0.64988781,0.28900286,-2.5563234,1.6682057,1.5855546,-0.0019198412,-0.55747268,-0.45891616,positive,4
20080434,before,2.0943486,0.28142789,-1.1363687,-1.7132714,-4.0278123,0.75193878,-0.83369454,-0.38269675,positive,1
20080440,before,1.587457,-0.58567846,1.5910888,0.58439292,0.14903673,-0.091236474,-0.33360003,-0.58777374,positive,3
20080468,before,2.2689861,-0.13263431,0.33321035,-0.36562832,0.29870211,0.6116202,0.68186597,-1.2049139,positive,1
20080470,before,-0.90167543,3.0996089,-1.0033795,0.17286043,-0.56232951,-4.2088864,0.88571415,1.43773,positive,2
20080480,before,1.6624089,-0.41014478,-0.86657542,1.0145709,-1.2544108,-1.2694288,0.1492448,-0.095432648,positive,1
20080491,before,2.13421,-0.21296908,-1.6417499,-0.52969018,-0.98499916,-0.010167034,0.94788481,0.24327548,positive,1
20080537,before,0.28470454,-0.43300911,-0.15186131,2.1531835,0.84049081,0.42978032,-0.86314283,-1.8179374,positive,4
20080542,before,0.1794138,-0.94351958,0.76982752,1.623069,-1.8981224,1.4043157,-0.69335548,-0.24694565,positive,4
20080567,before,0.3295442,0.093889686,1.7570999,1.5314736,1.235318,1.3130767,-0.28948536,-2.284428,positive,3
20080576,before,1.742019,2.4685488,1.5536586,0.57831488,0.78429604,1.3160412,1.1616894,1.5350713,positive,2
20080590,before,-0.00017673909,0.85703437,0.45422723,1.3045163,-0.22114856,1.2891935,0.41898552,0.0083009799,positive,4
20080610,before,-0.045078637,0.17112381,0.26089268,1.4508055,-0.85458367,-0.56149953,-0.08713137,-0.32557176,positive,4
20080660,before,1.5547027,0.30139948,0.99494732,1.1847952,-0.35674088,-1.1385795,0.3529016,-0.30609544,positive,1
20080672,before,-0.56130601,-0.5012583,0.8799794,1.6248964,-1.0136581,-0.60791966,0.82874383,-0.8716761,positive,4
20080675,before,0.49296825,2.2623243,-0.87098751,-1.1593974,-0.096141737,-2.4539293,0.66753122,-0.26469506,positive,2
20080677,before,0.5610336,1.2545168,0.53777193,0.15154083,0.052126001,0.89915175,0.7369396,-0.11900535,positive,2
20080714,before,1.3960239,1.7711651,-0.2388256,2.7063655,0.12101692,-0.013500847,-0.64357154,1.5596722,positive,4
20080721,before,0.84697557,1.4365033,-0.18271566,0.89927974,-0.71015353,-1.716815,-0.41771274,0.41091379,positive,2
20080749,before,-0.70859397,-0.77953488,-1.3838717,1.5375931,0.25549574,-1.0939922,0.70485169,-0.55661822,positive,4
20080754,before,2.4620558,-0.99945231,2.0289957,0.74932454,-1.5215679,-1.1327254,0.049338536,-0.03812229,positive,1
20080763,before,1.5929552,0.15995747,-1.0898988,-0.67597959,-1.1983036,-0.045643509,-0.67181983,0.013039302,positive,1
20080776,before,0.13580141,-0.90188683,0.69073962,4.4407917,-1.380068,-0.39014164,-0.63606816,0.31005146,positive,4
20080781,before,0.45726826,-0.99441452,0.17073499,1.3805074,-1.0819321,1.033757,-0.75301348,-0.49357138,positive,4
20080882,before,1.6433415,0.34162063,-1.1041945,-0.60697153,-0.97709812,0.60800158,0.23407185,1.2274927,positive,1
20080924,before,0.047995002,-0.74980078,-0.15125336,1.4004931,0.41370505,0.76980937,0.45137884,0.56915732,positive,4
20080975,before,1.0704466,-0.3853566,-2.8016333,2.619113,1.3057728,1.7325875,-0.75513288,-0.65667362,positive,4
20081022,before,-1.3251623,0.27179939,2.7555296,0.85685776,-1.7509994,1.0237983,0.66572547,1.5020309,positive,3
20081032,before,0.060130065,2.0624311,1.7954865,-0.51145712,0.80355556,-1.3876041,-0.17041505,-1.3179656,positive,2
20081142,before,0.9007135,-0.30208961,1.6902481,-0.043244276,-0.16916711,-0.049719516,-0.51997486,-0.41351259,positive,3
20090014,before,-0.74895175,-0.77057264,-0.091207797,1.4204525,-0.20679817,0.58171708,-0.6466322,-1.0630912,positive,4
20090017,before,0.57916353,-0.16048081,-0.44743108,1.5640356,0.091977597,-1.1212813,-0.30520116,-0.75760413,positive,4
20090049,before,0.55287283,0.2905427,2.6015895,0.46227366,-1.345243,-0.22932626,-2.7686748,2.1105007,positive,3
20090054,before,1.61543,-1.7661714,-1.9547618,2.6492923,1.3404627,0.80964233,-0.78388404,-1.66184,positive,4
20090073,before,-0.15003027,2.2263672,-0.3123225,2.0198839,0.97505994,0.064605136,-0.52050853,0.9845328,positive,2
20090093,before,-1.0438931,0.073954533,0.91012044,1.3680609,-0.23204376,-1.6578711,0.39464513,-0.41312323,positive,4
20090133,before,2.2632117,-0.78093494,1.0472421,-0.9325274,1.4513342,-1.341619,0.13121755,0.29155764,positive,1
20090143,before,-0.4598093,1.6030001,-0.068250242,0.7176549,0.84810336,0.33332082,0.11629173,-0.016616937,positive,2
20090164,before,-0.50944308,0.40873879,1.472281,0.93975603,-0.57048639,-0.33291788,0.62790695,0.63881642,positive,3
20090198,before,0.90204397,1.5312291,0.88869142,-0.14821044,-0.26523239,0.63040714,0.57737369,0.26317217,positive,2
20090207,before,-1.2368415,-0.57880676,1.5671263,-0.23471542,0.21537341,0.94264976,0.3922133,1.1998674,positive,3
20090294,before,1.8839513,1.2325951,-0.20291887,-0.36832147,-1.829568,0.61814752,-0.72729903,-0.17324021,positive,1
20090319,before,1.3444754,0.3294782,-1.6457405,2.8111716,2.6013176,0.21316504,0.20132146,-1.6067182,positive,4
20090346,before,1.6957738,0.0089159109,-2.8111453,1.3189647,0.0018420009,0.37209039,0.17192337,-1.6064096,positive,1
20090362,before,2.0651816,-0.093522521,2.3571398,1.8572705,-1.812863,0.73693311,-0.60480388,0.55459711,positive,3
20090363,before,1.6799199,-0.85987479,-1.4881896,0.50617745,-0.56929456,0.098148951,-2.6033103,1.6106115,positive,1
20090376,before,1.1264825,-0.56393392,1.579152,0.0054199372,0.55380419,-0.10976433,-1.795615,1.2405634,positive,3
20090379,before,-0.92433903,-3.0924785,-1.0923219,1.8891124,0.12047668,1.4418385,0.10336792,0.027409546,positive,4
20090385,before,2.6193681,-3.1101139,-2.0750375,-0.0042785499,-0.13874855,-0.29090746,-1.5061927,1.2436622,positive,1
20090417,before,0.89341519,2.2695862,-1.9617454,2.0461127,1.8240196,1.6591599,1.3554354,0.11954683,positive,2
20090427,before,1.8121277,0.86346985,-0.39172214,-0.10124624,-1.3390254,-0.38078527,1.2898749,-0.12987951,positive,1
20090434,before,2.0129976,-0.77368563,-0.7706279,-0.60096947,-0.49486101,0.20253925,-1.4910753,-0.055638203,positive,1
20090447,before,-0.528176,-1.8640332,-0.81814595,2.7639388,-0.074221375,0.48691712,-0.4378881,-1.2610367,positive,4
20090676,before,1.5686165,2.0020183,0.17189112,-0.60161743,0.60194375,-1.9213332,-1.5356014,-0.80658476,positive,2
20090697,before,1.5976698,-1.227093,-1.458025,2.1938151,1.0821434,-0.54218411,-0.65772322,-1.9039699,positive,4
20090705,before,-0.61830012,0.73013739,0.097548242,2.1681848,-0.89375107,-0.59296002,-0.29591219,1.4135396,positive,4
20090712,before,-0.23650325,-0.31809701,1.4996164,0.89081888,-0.56317768,0.78290379,0.12094629,-0.55887748,positive,3
20090794,before,1.4252761,0.074973631,-1.2417985,0.74781157,-0.92593725,-0.26733726,-0.59235359,0.2738563,positive,1
20090830,before,0.60100245,1.5909239,-1.1319965,1.2602626,0.87251722,-0.65450869,-0.342327,-0.26982034,positive,2
20090841,before,0.57956951,2.1919045,-1.2998427,-0.39550906,0.19005932,-2.8013224,0.11801243,2.1406755,positive,2
20090859,before,-0.65338014,-0.026949592,1.3373759,0.15733699,-0.22548272,-0.0082504789,-0.048683447,-0.7442786,positive,3
20090887,before,0.93489891,2.0124726,0.21662972,0.29889461,0.23414443,-0.90893576,-0.13572769,0.3566715,positive,2
20090898,before,0.99502771,1.5554123,0.20358923,1.2696515,1.0221839,-0.85398719,0.9315154,-1.0838987,positive,2
20090946,before,-0.071918108,-0.10897173,1.8489475,0.80440856,0.12779679,-0.97742243,0.51282869,-2.2221979,positive,3
20090969,before,1.6760213,-0.79833549,-0.84635456,-0.14903435,-0.67245487,0.36707184,-0.51755216,-0.71272379,positive,1
20091005,before,1.6059176,1.1116847,-2.5868334,-0.99617583,-1.2859644,-1.4897708,-0.68697257,-5.091235,positive,1
20091045,before,-0.26900706,1.6126766,-0.26892483,-2.0214359,-1.8934248,0.075961733,0.47134909,-1.8039128,positive,2
20091065,before,-1.475554,1.3215752,-0.53918935,-0.64763657,0.38181278,-1.422847,1.1457297,-0.40968972,positive,2
20091085,before,1.4043224,-1.1316264,-0.2604373,-0.92837437,-1.1766106,0.80860686,0.9533875,-0.5075842,positive,1
20091088,before,-0.66865044,-0.83021429,1.2658546,0.1562023,-1.0961526,0.72506512,-0.84692097,0.10378863,positive,3
20091114,before,-0.060323013,-1.4698297,-0.33954055,1.3988899,-0.11144737,0.84209774,-0.080432173,-1.6190291,positive,4
20091118,before,1.0709941,-0.95240617,0.099609568,1.8201147,0.55080668,0.84831342,0.86232023,-2.0854998,positive,4
20091145,before,1.5083837,-0.16064629,-0.5848376,-1.2152401,-0.77996161,0.056739862,0.8540685,-0.75648407,positive,1
20100003,before,-1.2275266,0.30800855,-1.5645402,3.1073219,-0.56026387,-2.6464555,1.723469,2.2015329,positive,4
20100021,before,0.055756035,0.33406618,-0.45929406,1.5892178,-0.65951422,0.45900384,-1.2416551,0.81481392,positive,4
20100042,before,-0.57280347,1.4531484,-0.15568492,-0.26626865,0.51565668,-0.2328331,-0.75752095,0.18324534,positive,2
20100050,before,1.9213357,-0.19844143,0.71078456,0.0067912997,-1.1603845,-1.0670946,-0.098581798,-0.049783185,positive,1
20100069,before,-0.46612262,-0.93973792,0.62285579,1.3953517,-1.3006438,0.86904703,-0.35992084,-0.9689737,positive,4
20100105,before,0.52770196,-1.3140631,1.4130429,-0.032534829,0.67006618,0.58444721,0.62856469,-0.60527424,positive,3
20100112,before,0.95257204,-2.1238232,1.2132664,2.2114808,0.45031106,1.3787118,-0.063849355,-2.9050691,positive,4
20100133,before,1.0111636,0.84080057,1.336038,0.48037757,-0.5548818,-0.31565915,0.11721942,0.32087653,positive,3
20100144,before,0.37799057,1.2115748,1.2522473,0.30082306,-0.23642521,-1.520972,1.0019565,-0.79347879,positive,3
20100149,before,1.6464073,0.26008768,-1.1253131,-1.4747084,-2.3515572,0.54835157,-1.6141209,-0.52847923,positive,1
20100208,before,2.0939878,0.8423134,3.5230349,0.76494786,2.4222775,1.1198763,1.2032946,-2.4884602,positive,3
20100269,before,0.04841089,-0.75152896,1.8426449,-0.041036952,-0.42607326,1.0439234,-0.16107752,0.63422908,positive,3
20100321,before,0.15244008,1.5214755,1.9312138,0.41845478,-0.53711809,-0.27214091,-0.65421948,0.79127913,positive,3
20100323,before,-0.38671931,-0.97411551,1.5492498,0.56492238,-0.16981719,-0.38786955,-0.032540554,-1.9084716,positive,3
20100376,before,4.4610293,-3.5304178,0.10872823,0.21909968,3.0258557,-1.7448205,0.51243784,1.8142116,positive,1
20100418,before,2.5645937,1.0965931,0.52416567,0.33306154,-0.41273719,1.9619537,-3.0765184,1.039479,positive,1
20100459,before,2.666593,-0.78698356,-0.91283269,-1.019524,-0.63240215,0.54131856,-0.17287335,0.60791188,positive,1
20100491,before,-0.56847045,0.5824619,-1.3364663,3.9594554,-1.8654107,-1.8000484,0.51038347,0.5232754,positive,4
20100534,before,-0.23880544,3.3591296,-0.074355803,0.7184108,-0.43590232,-3.7011366,0.71400061,2.7287674,positive,2
20100545,before,-0.2259051,-0.36707501,1.7614574,0.10519952,-0.50158284,-0.21427309,0.11290946,-1.4765637,positive,3
20100601,before,0.59721009,-0.72474423,0.04334255,1.9816284,-0.2604595,-0.10168077,-1.236967,0.71686678,positive,4
20100655,before,1.4107169,1.644021,0.25351338,1.5105745,0.26390813,-0.0045545272,-0.33480954,0.034054,positive,2
20100690,before,1.6806707,1.5167038,-2.0736677,-1.1134518,-2.8545499,-1.6485457,-0.84976162,-1.7486987,positive,1
20100705,before,-0.24381681,-1.7787075,1.5858834,0.97294247,0.39952581,-2.7711877,-0.57997444,1.5806586,positive,3
20100730,before,2.5521958,-0.37302493,-1.7693708,-0.19988885,-0.9700909,0.064395305,0.019876872,-0.10083144,positive,1
20100731,before,-0.22520965,2.2874335,-0.83311201,0.73302758,0.5611772,0.21260619,-0.973483,0.13144012,positive,2
20100745,before,-0.88036472,-1.397925,1.7626054,0.70744564,-1.9957523,0.85472701,-1.3989528,0.93622448,positive,3
20100803,before,-1.0171706,-1.1112961,-0.036379511,2.0156795,0.08454385,-0.91507432,0.67955264,-0.87638838,positive,4
20100814,before,2.2036698,-0.3911799,-0.78686531,0.046011413,0.61720158,-2.6785382,-0.6561717,1.0154412,positive,1
20100833,before,0.79713342,0.92425193,1.6442064,-0.3167761,0.22414418,0.23934121,-0.19473305,-2.0385372,positive,3
20100840,before,-0.89500853,-0.23473486,-0.053272858,1.7237437,-1.2113647,-1.8393854,0.9481401,-0.405384,positive,4
20100843,before,-0.7727536,-0.36097999,2.3365369,0.18269476,-1.1748715,1.0883617,-0.80315525,-0.91555621,positive,3
20100872,before,0.50031048,0.88241972,1.4682546,0.17797448,-0.042335122,-0.19405307,-0.16401797,0.51596626,positive,3
20100877,before,0.46456914,1.7965416,-1.3877684,1.8851537,-0.69150221,-0.42084172,0.82297388,0.76166537,positive,4
20100924,before,-1.0609713,-1.9837886,-0.29567238,3.5841355,0.35938136,-0.21082089,0.27003908,-0.68836408,positive,4
20100929,before,0.35942341,1.4825785,0.12945454,3.7695537,0.53503775,0.4313897,-0.089615347,0.2087908,positive,4
20100937,before,-0.3754303,2.3705082,0.17984317,1.1982847,1.2556832,-0.79617617,1.0081634,-0.059909325,positive,2
20100960,before,0.39353869,0.40267719,1.5893647,-0.40600108,-1.069242,1.5165443,-0.67865543,0.92788621,positive,3
20101027,before,0.60681092,0.42579738,1.0931118,1.5749094,-0.54905705,-0.56980016,0.58604308,0.80275978,positive,4
20101034,before,1.6213427,0.19994854,-0.78265798,-0.31387497,1.4086072,-1.6206984,-1.3938071,-0.99735434,positive,1
20101094,before,1.7415744,-1.0517026,-0.33584638,0.46945235,1.5753986,-0.027921083,0.21969881,-0.48779683,positive,1
20101143,before,-0.62306766,-0.23751309,0.68480786,2.1075953,-0.45906525,0.39235615,-0.0031716492,-3.2249849,positive,4
20101146,before,-0.023827584,1.8340395,1.5037958,1.1316559,0.5986996,1.0212753,-0.030243447,-1.0187003,positive,2
20101148,before,2.5246908,0.22937165,0.73479267,1.8765892,1.406295,1.4027398,1.3342671,-0.68224207,positive,1
20101161,before,-1.1194133,-2.4022301,1.1539196,1.7457039,-0.63418861,0.16703667,0.25567204,-0.0055473542,positive,4
20110072,before,-0.20442815,0.71545751,0.020791277,1.3033454,-0.38471096,-0.54191125,0.28690752,0.038361397,positive,4
20110118,before,-0.97496279,0.63033766,1.254103,-0.7583372,-0.23045323,-0.094885157,0.63014595,0.039539649,positive,3
20110205,before,1.953945,-0.87437654,-0.68404409,-0.66332969,-0.87346271,-0.69154358,-0.58762503,-0.42881594,positive,1
20110219,before,1.7003012,-2.3289124,-0.32475729,-0.99720604,-0.09635464,0.026107817,-0.60645443,1.4656823,positive,1
20110244,before,1.7195479,-0.6445044,-1.909392,-0.10429669,-3.4588346,0.76007904,0.17776406,-1.4259486,positive,1
20110269,before,-0.8816148,-1.973116,1.1730678,2.0654679,-0.97984406,0.28213117,0.41135941,-1.3302858,positive,4
20110283,before,1.9261721,0.1827468,1.4020657,0.43301179,1.5237091,-1.0600002,-0.84601074,-1.1299912,positive,1
20110303,before,-0.26185442,3.5332318,-0.95674849,-0.069344117,1.2234589,-1.1194332,-0.26477227,1.3082847,positive,2
20110314,before,2.62443,-0.22033588,-1.0175998,-0.66298251,-2.1547266,-0.36964733,-1.1883062,-2.3605144,positive,1
20110351,before,1.4214611,-0.35099212,-0.13867835,0.7063151,0.42486815,-0.41645829,-0.50343558,0.83052575,positive,1
20110374,before,-0.76213845,-2.8580881,-0.46016009,1.5434644,-2.5739379,0.30922051,1.4046025,-0.80095702,positive,4
20110407,before,0.24395854,1.252658,-0.56357297,0.060106681,-0.057878182,-1.3768898,-0.050493957,-0.012357538,positive,2
20110424,before,0.14251755,-2.2029229,-1.4770023,3.1129769,0.99825736,-0.25497522,-1.998203,-2.4346911,positive,4
20110427,before,-0.25722976,-0.0066420568,1.937367,-0.0019514634,-0.2132784,0.84787338,0.63161879,0.72847916,positive,3
20110486,before,-0.89562235,1.9598524,-0.85140383,-0.1224426,0.67206059,-1.0726854,-0.05731128,0.61619785,positive,2
20110519,before,-0.74872427,1.4522393,1.259701,0.037145577,0.24609379,0.14006388,0.030526152,0.37554011,positive,2
20110538,before,0.74619728,0.036031512,1.3792813,-0.41784661,-1.3034557,1.0046281,0.66579968,0.062806356,positive,3
20110541,before,1.6261712,-1.9262625,-1.9136608,-1.05283,0.019290706,-0.56155702,0.957094,1.0339757,positive,1
20110572,before,-0.46838817,-0.32987267,1.272634,-0.3514401,0.66329986,0.69042418,0.34750052,-0.81045692,positive,3
20110629,before,2.615553,4.0166996,0.76031661,-1.514192,0.018190027,0.528872,-0.79922782,0.37195502,positive,2
20110635,before,-0.081866735,2.0472104,-0.67493655,-0.94887571,-1.611571,-0.36242613,-0.14970597,-1.2513414,positive,2
20110659,before,-0.52912865,2.2213171,-0.46326567,2.7594225,0.33804234,1.3581153,0.7270194,1.3861739,positive,4
20110666,before,5.1586659,1.9524016,-1.2417473,0.25631402,0.28295418,-0.64678041,-1.3312052,0.93959835,positive,1
20110669,before,0.21318564,0.4754545,-0.34960161,1.7257551,1.4974105,1.0805799,0.72512948,0.31354076,positive,4
20110695,before,0.22665246,1.4775574,0.68251976,-0.065680031,-1.9179958,-2.2008928,-0.68689379,0.12639956,positive,2
20110749,before,0.30388507,1.4782353,-1.4464279,-0.97770036,-3.9826372,-0.31702206,0.39521236,0.5357988,positive,2
20110762,before,-0.73984737,0.042567898,1.4252272,0.13214929,0.49899769,-0.49613921,0.70425498,-0.62331699,positive,3
20110770,before,1.6294122,0.82022482,-1.6971959,-0.57320212,0.39641414,1.2908369,-0.25510302,0.71622705,positive,1
20110774,before,3.2472427,-1.9433297,-1.4253466,-1.0881945,-0.17068926,-0.95633768,-0.85933864,1.1299456,positive,1
20110900,before,0.43834392,2.4825852,0.19916385,-0.2961108,1.2927971,0.58639986,0.10316558,0.56188043,positive,2
20110908,before,-0.11021722,2.0654119,-0.76274164,1.1191899,0.44558346,-0.011273962,-0.20081819,1.1245469,positive,2
20110959,before,-0.1817937,-1.4012336,-0.2870159,1.7738757,-0.44944712,1.1214457,-1.4457342,-0.12910266,positive,4
20110990,before,1.4881393,-0.39282444,-1.0603158,-0.49331018,0.52882387,0.47544819,0.4582486,-1.0097529,positive,1
20110995,before,-0.50494141,2.0919833,0.29063095,-0.88432683,-0.2323296,-0.63770561,0.12802385,-0.216301,positive,2
20111020,before,3.0289699,-1.3211282,-0.38482959,-2.4337133,0.13683567,-0.77930544,0.48415604,0.67139058,positive,1
20111064,before,0.45450169,0.42680292,-1.1638213,2.5125971,0.91120906,-0.62634432,-0.61646821,-1.2885677,positive,4
20111066,before,1.4074236,-1.4823303,-2.0283427,-0.46813368,-0.18405442,0.19391812,1.3420642,0.13846425,positive,1
20111137,before,2.7950596,-0.092521134,-2.4654738,0.36358108,2.7525656,1.0631476,-1.2009494,-0.44349113,positive,1
20120017,before,1.0193032,2.0102836,-3.1798344,2.8578452,0.63839804,-2.4502706,-0.064312556,0.43577924,positive,4
20120079,before,2.6573023,2.1058614,-1.3327792,-0.41415731,2.2233346,-0.97560603,-0.89882185,1.0456625,positive,1
20120090,before,-0.56932664,0.93937024,1.7436584,0.28008438,-1.0919164,0.40003708,-0.59887329,1.2786094,positive,3
20120120,before,2.0735129,-0.88833009,0.89322032,0.69855093,-0.61660961,0.85313002,0.014585433,0.81634863,positive,1
20120144,before,-0.73947183,0.84888446,0.054301911,1.8230522,-0.35430304,-1.2503787,0.35910889,-0.12382443,positive,4
20120153,before,0.23662532,2.3348467,0.73552959,0.19494902,0.02544813,-0.22545084,-0.51183757,0.44980078,positive,2
20120157,before,0.4584398,0.8061441,-0.34582592,1.3750137,-0.6387501,-0.94969251,0.47236327,0.21047591,positive,4
20120163,before,-0.21511167,1.8352662,-0.45649696,-0.31867097,0.68081596,-1.070597,-0.18599071,-0.14586271,positive,2
20120172,before,0.14766072,-0.98588088,1.2227143,-0.26991125,1.0438539,-1.9067889,-0.96338463,1.1971337,positive,3
20120295,before,0.62150985,0.511578,1.986007,-0.61206707,-0.43296381,0.79471281,-0.12688982,-1.5301543,positive,3
20120297,before,1.3069916,-0.85190409,-0.049415224,0.35304603,1.2542134,-2.2087707,-3.7985317,0.80865267,positive,1
20120312,before,-0.31823437,1.5075959,0.16396944,-0.61356933,0.81745144,0.52759327,-0.76538747,0.93252868,positive,2
20120333,before,1.3939564,-0.87470273,-1.3392561,-1.7061006,-2.1203181,0.20493949,0.27769784,0.19689752,positive,1
20120353,before,-0.47408635,1.2585874,-0.26021292,0.024849469,-0.79058435,-2.0312523,0.12422301,0.43126558,positive,2
20120383,before,0.47133337,3.2894873,-2.2622647,1.9358417,1.7967923,-1.2997628,0.55471239,1.8820444,positive,2
20120502,before,0.23991264,3.1796997,-0.3035401,1.7246341,1.6818504,0.087742561,-0.64300404,0.47796983,positive,2
20120553,before,-1.458824,-3.6446664,-2.3956317,4.6002545,-0.5741255,0.33606366,0.80761204,0.33139949,positive,4
20120557,before,-1.3137212,-1.7197944,0.55282732,1.9075209,-0.97656593,-0.11602915,0.33972644,-0.16766284,positive,4
20120567,before,-0.31546937,-1.5723275,1.0665461,1.6405891,-0.58976524,0.43102223,-1.150664,-0.86046894,positive,4
20120570,before,-1.1817565,-0.60290762,1.2988976,1.6889954,-0.94281737,-2.6393749,1.6597347,-0.70577492,positive,4
20120582,before,-0.11401769,-0.068026151,3.4489581,1.3317711,-1.2104611,0.32430076,2.8129096,-0.99846309,positive,3
20120595,before,3.2805874,-2.6305245,-0.92483855,0.12710671,-0.35336015,-0.37796455,-1.3947511,1.7630785,positive,1
20120675,before,3.0692612,0.80367128,-1.135751,0.32065179,0.7850257,1.3720387,0.33126756,1.6868877,positive,1
20120723,before,0.74070308,1.1675674,2.783085,-0.19020942,0.35785765,2.072476,1.5638202,0.68189976,positive,3
20120733,before,1.4084543,1.2672348,0.27935583,0.25071643,-1.5620411,0.1193622,-1.7014871,0.62638585,positive,1
20120754,before,-0.0040831276,0.14651414,-0.58797118,1.7846969,0.86564595,-0.43760941,-0.31741805,-0.94822759,positive,4
20120789,before,2.2695573,-1.9938242,-2.7548066,0.39719624,-1.0919827,0.71963933,1.6286954,0.55151493,positive,1
20120841,before,-0.51184786,2.2529829,-0.26918323,-0.087065098,0.50373964,-1.1209756,0.79257806,0.82623643,positive,2
20120859,before,0.21297272,-0.43377642,1.3307631,1.6002352,-0.32821301,-0.6532921,0.2743711,-0.68477819,positive,4
20120893,before,-0.62347508,0.3028216,2.0554391,0.65566658,-0.97909724,0.74633025,-0.83771371,-1.8788943,positive,3
20120911,before,-0.56126222,0.24131465,1.2040377,0.67155949,-0.040825572,-0.22729983,0.10066751,-1.1519853,positive,3
20120914,before,1.2958769,0.3887743,-1.0698692,0.65780707,1.1563605,-0.016165114,-1.3639581,0.22193837,positive,1
20120955,before,0.71338091,-1.1437039,1.9,0.25275756,-2.3013978,-0.53882198,-0.13875841,-0.45525723,positive,3
20120998,before,-0.42289116,-1.1649222,-0.60366752,1.4136558,-0.041069961,-0.73429337,-1.3290686,-1.3964863,positive,4
20121030,before,-0.83075127,1.2534512,1.6021032,-0.55446566,-0.39860246,-1.5118459,-1.2005942,0.65232463,positive,3
20121035,before,-0.65321045,-0.073039079,0.41397119,1.7449637,-1.3054606,-1.4900623,0.071375147,-0.32985295,positive,4
20121099,before,0.84735329,-0.83266596,2.0783328,0.12536943,-0.04588484,0.01550331,0.90471879,0.41793976,positive,3
20121130,before,0.73319918,0.21609597,3.652362,0.18444742,0.95899047,-1.450097,1.5252561,-1.1434516,positive,3
20121150,before,1.8613594,0.48518177,1.1928133,-0.15373748,-3.2152113,-0.66660091,0.20400239,-0.25671627,positive,1
20121159,before,2.8874726,-1.2613695,-1.3455514,-0.6376167,-2.2223264,0.25648765,0.41927855,-0.03086955,positive,1
20130057,before,-1.3287455,0.75458053,-0.42807911,1.2997047,0.13902195,-0.55222194,1.0034806,1.2963734,positive,4
20130138,before,-0.57328194,1.539826,-1.1420677,0.27341373,-0.63825073,0.65403638,1.3808662,0.35430617,positive,2
20130201,before,0.67412444,1.0868708,-1.1950799,1.6335483,-1.164671,-2.2809725,0.085503866,0.42600791,positive,4
20130209,before,0.4699792,-0.022561957,1.4969449,0.50374828,-1.1556276,-1.043959,-0.26112595,-0.70395534,positive,3
20130211,before,0.043331924,2.0668315,-0.98258354,-0.3412689,0.095243972,-0.20155375,0.033323155,0.80098038,positive,2
20130253,before,0.71337516,0.057313504,1.3106032,-0.92894484,-0.73328044,-0.36537091,0.53653703,-0.0045510722,positive,3
20130332,before,0.6116408,-1.7362681,-1.6539211,2.2779516,-0.16880035,-0.616031,-1.4005205,0.54226663,positive,4
20130393,before,-0.84145109,-1.8034858,-1.4864226,1.7332566,-0.22130587,0.326572,0.24341208,0.5178873,positive,4
20130482,before,1.8319647,-0.63238173,-1.0643029,-0.57414586,-1.4494487,-0.75822571,-1.7166398,-2.1435262,positive,1
20130486,before,2.9440456,0.51662388,0.89704129,-0.53294453,2.1955647,-1.4828147,-1.3232773,-0.0021191862,positive,1
20130529,before,2.4140216,-1.1212428,-1.7575705,0.79233448,1.5902362,0.85491799,-1.282026,-0.16993817,positive,1
20130550,before,2.8028622,-2.3452783,-1.0310985,-0.58504383,1.6856559,-1.3953842,1.0143345,0.79792184,positive,1
20130597,before,-0.65954522,1.6281374,-1.2556163,0.36051295,1.0109427,-0.068795895,-0.19731445,1.2612643,positive,2
20130626,before,0.083109468,-0.035860913,1.4085439,0.20245233,0.25687172,0.43413038,-0.2919515,-0.7205398,positive,3
20130635,before,2.8178053,-1.0438727,0.31185043,0.26425974,2.5496589,0.74629132,1.1642441,-2.0108909,positive,1
20130656,before,-0.4961465,-0.82669171,0.68895193,1.4139674,0.14291344,0.26132914,0.89862757,-0.56848422,positive,4
20130657,before,3.7552974,3.146958,-3.8950442,-2.3387448,-4.9250883,3.6838167,-1.5877995,-4.082268,positive,1
20130667,before,-0.22150761,-2.0420407,2.0622339,2.3283677,-0.44253824,1.5803081,-0.68403089,-0.61355273,positive,4
20130687,before,0.47996913,0.033337555,0.18065591,1.4420762,-0.87436674,-1.577073,-0.31744678,-0.39981724,positive,4
20130741,before,-0.68623182,-0.12281386,1.887505,1.0652857,-0.95267429,1.1629637,-0.28396753,-1.3952357,positive,3
20130743,before,0.40125033,-0.13699701,0.22111374,2.1481404,0.40468139,0.43376227,0.86414989,-1.1559667,positive,4
20130767,before,-0.1295336,1.4213551,-1.0980149,0.44624114,0.13987925,-0.34556607,-0.13775456,0.37188082,positive,2
20130776,before,0.58694097,3.1849605,-1.2748564,-1.9072984,1.2823001,1.6544348,1.381143,1.7054917,positive,2
20130777,before,0.59166063,0.37258046,1.4221789,0.2888594,-0.37573392,-0.1083339,-0.16848265,-0.24475612,positive,3
20130782,before,-0.47568928,-1.5331078,1.4103637,0.97329161,0.35783452,-0.7852346,-2.5339659,0.80004983,positive,3
20130783,before,-2.006799,-1.692974,-0.81217387,2.0249032,-1.2636626,0.42583325,1.3897665,0.63333504,positive,4
20130790,before,0.21421427,1.5932292,-1.3181346,-0.013087615,-0.59531523,-1.284735,0.78987997,-0.14868821,positive,2
20130825,before,0.57630168,-0.52638756,0.84906377,2.0096683,-0.97034375,-0.60990118,0.65314926,0.74427357,positive,4
20130835,before,0.1316551,2.8697757,0.229805,1.2544838,0.64074853,0.84883549,-0.89094763,2.1392467,positive,2
20130841,before,-0.047387657,2.4797089,-0.64405186,0.54802595,1.0363625,0.87526365,-0.55510251,1.7574824,positive,2
20130850,before,0.57772645,-0.49942796,1.9542069,0.26105509,0.43375341,-0.61474796,0.042199533,-1.5914026,positive,3
20130866,before,0.29492979,1.6734127,0.27291351,0.56862052,0.86981256,0.089588876,-0.43527523,0.38358499,positive,2
20130929,before,-0.22324245,-1.0218585,0.76149435,2.0642676,-1.092057,0.099691277,-0.2294969,-1.4828384,positive,4
20130948,before,3.6004204,-0.27287718,-0.7150435,3.1116157,1.6689396,0.42342495,-2.8470391,-1.2819332,positive,1
20130952,before,4.0624134,0.55617047,1.3947469,-0.091735218,1.4735775,-1.799247,0.5830913,-0.51388329,positive,1
20131017,before,-0.20098632,-0.4995286,1.6725216,0.42938023,-1.621949,0.5493305,-0.074994943,-0.053258997,positive,3
20131031,before,2.8872965,-1.6502625,-1.7482348,-1.5357097,-0.54248937,1.5455821,0.73650718,1.2991839,positive,1
20131158,before,-0.43121823,2.3210211,-1.1471659,1.9790894,0.53499548,-0.38756134,0.1311516,0.71332316,positive,2
20131163,before,-1.0642853,1.4381915,-1.6283391,0.57867907,0.79769705,0.2744944,0.69797791,0.76818234,positive,2
20140031,before,1.3250188,-0.54649981,0.20975264,1.5847085,1.3395489,0.69055269,-1.3191769,-1.8252313,positive,4
20140052,before,-0.056526177,-0.36393223,-1.5600855,1.9983586,0.1878585,-0.059031274,0.79320516,1.0879059,positive,4
20140077,before,-0.73188151,-0.095968669,-0.73382644,2.2463071,0.24645131,0.54397279,-0.30209739,-0.4795672,positive,4
20140150,before,1.5450518,3.523082,-0.95880656,-2.0354061,3.2070917,-3.7761635,2.32196,-0.90926215,positive,2
20140201,before,2.0542322,-0.15303743,1.1811385,-0.93997045,-1.8019822,-0.75894925,0.81409817,-0.91224413,positive,1
20140207,before,1.7739231,-0.15578067,-1.7867924,-1.2046192,-1.9059451,-0.2277613,0.021643946,0.42693502,positive,1
20140284,before,-0.78437447,-0.68340241,1.2081313,-0.39362451,0.66115096,-0.16747499,-0.96122322,-0.017239089,positive,3
20140364,before,-0.99210201,-0.25997191,1.7385516,0.23280368,-0.85372321,1.6437933,-0.55722051,0.85097399,positive,3
20140393,before,-0.62155907,-0.26534639,2.4970268,0.38763578,-1.1730134,2.2407862,0.41312491,1.2149354,positive,3
20140421,before,-0.32774333,0.73977134,-2.0677535,1.6921624,0.60266234,0.15550752,0.6352744,1.1915165,positive,4
20140474,before,0.36989812,-1.9455345,1.6151366,0.75267087,-0.085689261,-0.49337304,0.41289347,-2.7864461,positive,3
20140477,before,1.7445622,-1.8947645,-0.47485726,-1.9833517,1.6182192,-0.76255094,0.15577097,-1.8015996,positive,1
20140496,before,-0.54285175,-0.10694314,1.8835223,0.65526149,-1.3498773,0.34886658,0.57193637,-0.2406318,positive,3
20140500,before,1.8769002,1.1267538,2.9035698,0.50340408,-1.5362138,-1.511152,2.1685497,0.38652192,positive,3
20140532,before,-0.42650564,1.5000493,0.082461721,0.23964384,0.023385215,-1.1197029,-0.62956654,-0.086279535,positive,2
20140615,before,0.80008167,0.61017986,1.662965,-1.2573239,-0.83124204,0.76787221,0.89201257,-0.41222813,positive,3
20140623,before,2.7912046,0.58719608,-0.65571502,-0.40261174,-0.70273808,0.16469422,-0.60596969,-0.0449877,positive,1
20140648,before,3.792244,-0.04943983,1.9109152,0.40695774,1.0538395,-0.3566073,-0.31112689,-1.1147466,positive,1
20140731,before,-0.74124595,-1.857995,-0.47762732,1.387532,-0.047121489,0.30028642,-0.10904469,-0.12232735,positive,4
20140766,before,1.9200818,0.29768436,0.53018056,0.38476393,-1.5623073,-0.68223547,0.057980206,-0.74292264,positive,1
20140830,before,2.257595,0.058037223,-0.34064007,-0.92343928,-2.4302485,1.0399894,1.9433956,-0.78511322,positive,1
20140852,before,2.5479609,-0.3178893,-0.76875024,-0.97037679,0.94655213,0.95498368,1.3355837,0.42453341,positive,1
20140862,before,0.7243442,3.4068509,-1.8863196,0.15486835,2.4469365,1.2949018,-0.10671527,1.8539294,positive,2
20140877,before,0.7817398,-0.78107961,2.2424565,1.0901299,-1.6204245,0.25066309,0.68087622,0.068339625,positive,3
20140894,before,-0.061205461,2.4952891,0.70249016,1.6218678,0.76630426,-0.43642895,0.43241335,1.2777346,positive,2
20140950,before,0.080007059,1.2197027,0.56785764,0.48581042,0.44558558,0.98301524,0.33417315,-0.018704181,positive,2
20140954,before,1.5795468,0.26246451,-2.9648016,1.1558854,-0.83177473,0.99809774,-0.54919032,-0.10820939,positive,1
20140979,before,0.80475204,-0.30662943,2.8049192,0.70493194,-1.9536745,0.65683531,0.33145885,0.59613388,positive,3
20140987,before,1.0047771,3.1260494,1.257391,0.64471557,-1.6167912,0.33524595,0.57730146,1.024479,positive,2
20140991,before,1.0464805,2.6809188,-0.1354346,0.70352708,1.1943989,-1.989869,0.10664409,0.12918441,positive,2
20140997,before,0.57371611,-0.010098347,1.6406017,0.20400552,-0.44740448,0.434084,-0.30973026,0.34210285,positive,3
20141039,before,-0.37752645,-1.4336141,0.17380221,1.6052078,-1.1819425,0.31083452,-0.42328702,-0.65593303,positive,4
20141045,before,-0.2346324,-1.1555546,-1.7250729,3.8704462,-0.41773316,-0.21843063,0.24424196,-0.35424003,positive,4
20141089,before,1.5354978,-0.64787858,0.81808397,-1.0917001,0.5306977,-1.4591508,0.73199883,-0.46657091,positive,1
20150020,before,-0.51893236,1.5183757,-0.067769941,-0.65110521,0.82064895,-0.5868533,-0.42836736,0.21209438,positive,2
20150024,before,0.34511076,2.3277862,-1.8372658,0.53628176,0.87350187,-1.2365829,0.1389942,0.84777745,positive,2
20150039,before,1.4708365,-0.29581057,0.54049732,-1.1019344,0.13193797,-0.60327178,-0.82852752,0.77054645,positive,1
20150075,before,3.9165319,-1.2658501,-1.0463517,-0.9441901,3.6113728,-2.407034,3.4400537,-1.8410326,positive,1
20150098,before,-0.77772584,0.21760572,3.7870378,0.95181956,-0.74881892,-0.57570143,1.4428997,-1.5128908,positive,3
20150111,before,1.5945632,0.43697139,-0.73627591,0.29029939,0.73356958,-0.12224157,-0.70287222,0.6795021,positive,1
20150134,before,2.9681788,-1.4391539,-0.54896343,-1.0187668,2.4987958,-0.54486973,0.94852224,0.67315173,positive,1
20150165,before,2.3680659,0.6994023,-0.16887051,-0.25239746,-1.5690312,0.56958993,-2.1229146,-1.761199,positive,1
20150212,before,-0.80723857,-0.98995074,1.0433164,1.4350409,0.37504641,-0.73984948,0.042747983,-1.5930098,positive,4
20150222,before,-0.24940087,0.8486256,0.41227296,3.2745322,1.3695158,1.1357189,0.22128144,-1.0417613,positive,4
20150285,before,-1.0905781,0.42793562,1.8107381,0.47711265,-0.61145378,0.062566655,1.5181496,-0.41142762,positive,3
20150325,before,-0.7971753,0.033770611,-1.8908882,2.1374621,0.065972278,0.31506264,0.37721349,0.6066304,positive,4
20150369,before,3.4305437,0.47855919,2.0962747,-1.2899682,2.7609984,-0.96255557,-0.43938424,-0.6757649,positive,1
20150445,before,0.41118836,0.88573952,1.1834116,1.4966393,0.062868795,-0.3148754,0.26634105,-2.0319427,positive,4
20150458,before,-0.82438858,0.058268494,1.4981799,1.2199352,-0.12780734,0.44119959,0.75431529,1.4074282,positive,3
20150482,before,-0.40853998,-1.2418235,0.23219495,1.5108095,0.31978109,0.3163437,0.1213166,-0.6677944,positive,4
20150483,before,1.1063633,1.141149,1.213873,-0.048487785,-1.5665072,-2.3856332,-1.6315435,0.78601096,positive,3
20150499,before,0.10813092,0.15306692,1.7985175,0.44971885,0.066067551,1.6510624,0.87675622,-0.5988745,positive,3
20150515,before,2.9938757,2.3581287,0.48457717,2.636577,1.6849086,-2.3759983,0.3948737,-0.2868617,positive,1
20150528,before,2.7648594,-0.8793357,-1.394131,-1.2493862,-1.8960611,0.2671904,0.14387011,-0.28529501,positive,1
20150532,before,3.7246738,-1.3329245,-3.7790932,-1.3952605,-1.1837628,1.2225881,-0.15409774,0.40660477,positive,1
20150546,before,0.0069993389,-1.4233618,1.3557687,1.6391705,-0.044832944,0.28305133,-0.64090354,-1.3320337,positive,4
20150550,before,3.2035202,3.7810265,1.6403545,-0.80266361,3.1737516,-1.9657453,1.1290665,-1.3035119,positive,2
20150553,before,-0.15488733,1.2429591,-1.059397,0.82422388,0.18896691,0.77848929,0.512438,0.11909453,positive,2
20150561,before,2.209389,-1.9370105,-1.2779193,-0.95726443,-0.20714682,-0.38510675,1.6364487,-1.4337611,positive,1
20150566,before,-0.038208973,1.2261372,0.25941632,0.20137395,-0.55151131,-0.67296767,0.20208024,-0.11747083,positive,2
20150604,before,0.36613697,1.7568396,2.9293749,1.1961801,1.1359155,-0.064721506,-0.69501494,0.37264274,positive,3
20150628,before,2.154109,-1.4459357,0.67589324,-0.34674387,0.37386767,-0.97868987,0.083107234,0.36132598,positive,1
20150637,before,-0.48150591,-0.12041195,-0.11606247,2.152067,-0.033008515,1.7827385,-0.14960481,2.1447348,positive,4
20150646,before,1.4710545,-0.12507306,0.25961876,0.022908086,0.25773786,0.2029245,0.86308195,1.1098248,positive,1
20150680,before,-0.66269003,0.99239449,3.1891041,0.92870079,-0.3561687,1.2910516,0.48005129,-3.4363175,positive,3
20150682,before,0.37646107,0.28007176,1.9143935,-0.53758966,0.19760494,0.77103096,0.071416088,0.0411417,positive,3
20150699,before,2.2033592,0.57916678,2.3997716,1.2473599,-1.6142355,-0.092397017,-0.073408538,1.6048472,positive,3
20150719,before,1.652721,3.8845753,-0.85858724,4.7874642,1.1049446,-1.7961437,-0.60435037,0.2904485,positive,4
20150746,before,2.2050355,-0.36236949,-1.4334655,0.26491815,-0.30325998,-0.73859654,0.74261097,-0.17562781,positive,1
20150765,before,-0.20658525,1.5806919,0.74370833,-1.3023878,0.088771855,1.1745282,-0.068559235,1.038555,positive,2
20150805,before,-0.064409448,0.97216991,1.4029052,-0.00070461677,-0.54314314,0.077240856,-0.063187449,0.076413244,positive,3
20150807,before,1.0514342,0.94228167,-1.9011726,3.2516613,0.063616339,0.088980148,1.2712001,1.1711426,positive,4
20150809,before,-0.20040766,2.0388777,2.4763919,0.56432291,-0.21971272,0.085982912,1.0454121,-0.35642795,positive,3
20150815,before,2.3726971,3.4088618,3.441002,-0.034661594,0.081857375,2.8037729,-0.14809903,0.93329852,positive,3
20150827,before,2.6145665,1.5778744,2.6503504,0.11247419,-0.62452629,0.12726263,2.5465989,-0.60867016,positive,3
20150829,before,0.17868599,-0.13404539,1.2779835,-0.52156116,-0.39990561,-0.96018701,1.034258,0.7790667,positive,3
20150871,before,2.3273738,-0.71097276,0.87645865,-0.18067948,1.2301375,0.93517761,1.6647293,1.5634357,positive,1
20150908,before,-0.51542286,1.4736817,0.30187756,-0.50156908,1.0489358,1.0195429,-0.019361816,-0.43302044,positive,2
20150914,before,0.56696567,-0.053587378,-0.27247631,2.4248557,2.0049613,1.9594382,0.66612209,-1.5749812,positive,4
20150949,before,-0.45145386,2.1023083,0.25595767,1.4363741,-0.55115713,-3.9674829,0.29769194,-0.40597543,positive,2
20151042,before,1.6688508,-1.2063481,0.073802546,3.0925954,0.87812323,0.75615035,-0.45019788,-1.8235683,positive,4
20151045,before,0.70590852,1.2676235,1.312647,-0.058816366,0.69913169,-0.27398264,0.54110724,-0.44562394,positive,3
20151136,before,0.26683114,1.7888971,1.490134,-1.2636279,1.4502761,-1.3785181,0.80320634,-1.3283433,positive,2
20151163,before,2.574687,-1.2155555,0.8424392,-0.38644513,-0.81530172,-2.4742393,-3.4735229,1.50989,positive,1
20151170,before,-0.84301284,0.70159421,-0.99886671,2.4936767,0.12382987,-0.01414486,0.73321423,0.61760605,positive,4
20151172,before,-0.32510003,0.02321087,-1.8505703,1.6838644,0.55389754,-0.19509858,1.29505,1.0388211,positive,4
20151175,before,-0.7187797,1.1185707,-1.9475278,1.7237602,0.86217915,0.6641142,0.58062658,0.43909043,positive,4
20160195,before,2.0594929,-2.8873489,-2.4094002,0.88213594,1.8230081,-0.92643699,0.43904094,0.66892202,positive,1
20160268,before,0.91541265,2.2312128,2.9922031,0.93703282,0.72255924,1.2420154,-0.35919257,1.3970353,positive,3
20160330,before,-0.76378092,-0.040413431,-0.8497484,1.3328584,-0.26715338,-0.65789394,0.05646553,-0.49348333,positive,4
20160337,before,0.95422184,1.4487707,0.81232953,-0.13286869,-0.19916359,-0.88775667,-0.84440876,-1.0583558,positive,2
20160340,before,-0.32849774,1.0153431,1.2930119,-0.19152245,-0.19129115,-1.7029313,-0.078372306,-0.93254077,positive,3
20160348,before,0.53722794,1.3917936,0.74899739,1.852092,0.26442661,-0.14740208,0.97419968,0.28407583,positive,4
20160365,before,1.7040256,-0.58287519,-0.79132862,-0.88031024,-0.53871735,-1.0654639,-1.0068134,0.14875549,positive,1
20160490,before,-0.16563422,1.4542828,0.23778111,0.89281891,-1.5163194,0.83496849,0.21775392,0.96438604,positive,2
20160516,before,0.26040476,3.035515,0.3207977,0.14405421,0.38645092,-1.1448839,-1.963718,0.3710097,positive,2
20160587,before,2.2240034,-0.43837405,0.12737796,-1.2164737,0.84727925,-0.93512553,0.45165619,-1.0605284,positive,1
20160599,before,-0.31971244,-0.29765655,-0.13419854,1.7289945,0.084149428,0.38176449,0.72595299,-0.56082125,positive,4
20160601,before,1.2465817,1.1279506,1.9576397,0.44267201,-0.50994711,-0.36531001,-0.39810884,0.40900029,positive,3
20160619,before,-0.49158459,-0.020752695,-0.62958287,1.6255242,0.52621885,0.54308147,0.11954755,-0.49080526,positive,4
20160630,before,0.68382112,0.35159376,1.4599148,1.1356044,-1.1256781,0.55490008,1.0491785,-0.13136064,positive,3
20160703,before,-0.95437805,1.6800347,-0.43326292,-0.61818488,-1.1528054,-0.46823357,0.81373445,0.26484719,positive,2
20160729,before,-0.46778881,-0.088384718,0.38221773,1.3795059,-0.75268773,-1.084349,0.1416445,-0.21415946,positive,4
20160746,before,-0.46711029,1.3699628,-0.37311201,2.6647016,-1.9432286,-3.8198109,1.7177803,-1.5607964,positive,4
20160748,before,-0.44506139,1.5002319,0.27110997,-0.080704358,-0.17772424,-1.3184169,0.023096913,-0.30440183,positive,2
20160760,before,3.3353833,1.8573068,0.55991607,0.69720583,-0.024389791,-0.53295955,-0.11853044,0.96570532,positive,1
20160766,before,-0.99118761,-0.70788547,-2.5216856,2.4405649,0.44006107,-0.09340452,1.2137719,0.29847606,positive,4
20160788,before,0.065920594,2.7170291,0.68969154,-0.55584655,2.344225,1.148555,0.80190038,-0.75798121,positive,2
20160877,before,-0.3928988,-0.64643272,1.8278003,0.71920833,0.072318646,-0.19163906,0.78202988,-1.1322418,positive,3
20160977,before,2.0596983,-0.10428127,-1.6821269,-1.7956849,-2.2244601,0.35268814,-0.065116219,-0.34882823,positive,1
20160994,before,1.4885684,-0.89637526,1.2070962,-0.50766086,0.18948314,0.47938776,-0.61603763,0.42093409,positive,1
20161008,before,0.65456558,0.14210039,1.8204457,2.1279515,-1.2800137,-0.14176622,0.44476366,-0.28646967,positive,4
20161021,before,0.49738704,-0.1905357,1.6036599,-0.45598004,1.3132071,-1.5886215,0.3501347,-1.0857554,positive,3
20161135,before,3.3524672,1.0335774,-3.9984517,-1.0338206,-4.0194186,-1.6444236,-1.1174844,-2.3763773,positive,1
20170082,before,-0.18291864,-0.71395748,1.2521768,0.50388126,-1.5135394,0.5733719,-1.2714911,0.080837373,positive,3
20170145,before,-0.69236925,-0.89298109,-1.0539271,2.8674369,1.2705862,0.070661714,0.59058127,-0.12866831,positive,4
20170181,before,0.25353287,4.2359594,-0.48963435,1.4982767,-0.30175,-2.7423332,0.48949181,2.2062132,positive,2
20170225,before,4.8425553,-1.6584466,-1.2871394,-0.61666585,3.3680333,-2.2422662,-4.224314,1.2521844,positive,1
20170284,before,-1.1848632,3.5033129,0.031857603,-0.61316001,-1.4907415,-3.4623329,1.5927547,1.0833314,positive,2
20170285,before,0.94469724,3.0101956,0.87133194,0.37148331,1.5822331,0.83123577,-0.329106,0.10914625,positive,2
20170288,before,0.15179309,1.3792567,2.3149924,0.77671984,0.93340155,0.033872019,0.85566576,-0.083371769,positive,3
20170319,before,0.43192169,1.4406878,-0.60496175,0.28035105,1.2226345,0.023925078,0.98813522,0.7803276,positive,2
20170340,before,1.4162464,0.33257525,2.3899682,-0.23144698,0.17061021,0.41501632,-0.59317313,-0.73777014,positive,3
20170385,before,-0.41749708,1.4552413,1.1137225,-0.33953548,-0.0682522,1.2191164,0.32782493,0.6455306,positive,2
20170432,before,-0.21573444,1.8906601,3.2159586,-0.6293064,-1.11839,0.21129982,2.2198429,-0.40372527,positive,3
20170438,before,2.1588904,0.60435182,2.3887662,-0.12891218,1.293908,-0.94437736,-0.80416892,0.50187557,positive,3
20170492,before,1.5211352,0.23348471,1.5451712,-0.13445012,-0.92161399,0.17446453,1.0395577,0.43491075,positive,3
20170498,before,2.9404321,0.044211664,-0.7433968,0.030495802,-3.885261,0.78549759,-3.2623946,1.9878555,positive,1
20170520,before,1.0583052,1.0053363,-0.92400605,2.0418976,-1.838965,-1.3908331,0.58449431,0.29296447,positive,4
20170548,before,0.57732813,1.5139119,0.8245105,-0.53042614,-1.5430212,-0.27775536,-0.28151036,0.99200315,positive,2
20170554,before,-0.43167666,4.9119728,-0.36176101,0.072251711,-0.53277886,-4.3584551,1.5239589,2.9090681,positive,2
20170575,before,0.37786685,0.18471386,0.1375615,1.3870862,-0.10938309,-0.78613573,-0.66882146,-0.31101491,positive,4
20170576,before,1.3867354,-0.42390126,-1.7124464,-0.70838162,-2.0431565,0.20267539,0.60141005,-0.28437308,positive,1
20170595,before,-0.36561789,0.15694497,1.2384692,-0.33063928,0.031340676,0.24843631,-1.169521,0.067377061,positive,3
20170596,before,-0.60316412,0.86812148,1.6119153,-0.30572853,-0.68701169,-0.079976285,-0.84948857,-0.18382478,positive,3
20170679,before,0.49701073,2.5979016,-0.70054859,1.9678572,1.6627455,0.32186559,0.45769088,1.2406014,positive,2
20170684,before,0.52952974,0.39696593,1.3408599,-0.397545,-0.70880511,-1.0287978,-0.55612123,-0.67814495,positive,3
20170687,before,-0.68795165,1.0267768,-1.4422926,1.4661827,0.99558222,1.379417,-0.61321306,0.83665606,positive,4
20170722,before,0.4636939,0.027032462,1.5821929,-0.68562778,0.154151,-0.029469534,0.20346283,1.2124755,positive,3
20170727,before,2.0122198,-1.3093615,3.0481847,-0.27677099,1.6185427,0.76186344,2.0858486,-1.4949831,positive,3
20170743,before,0.54129647,1.3063944,-0.11445586,-0.15324812,0.2062878,-0.74130478,-0.64551098,0.34043993,positive,2
20170749,before,-0.46092213,-1.3727565,0.20275704,1.3614612,0.63290243,-0.56218882,-1.2587482,0.52944938,positive,4
20170756,before,1.4471975,0.63115998,-0.27355375,-0.95462139,-1.5713269,1.0023661,0.83183833,-1.3777478,positive,1
20170781,before,-0.31371475,1.9035808,0.50089566,0.59801164,0.16252524,0.87153406,-1.2446314,1.675424,positive,2
20170783,before,-0.1025505,1.4734893,-0.19039174,-0.23790867,0.68911813,0.79041857,-0.64244861,0.90763045,positive,2
20170794,before,2.3765361,-0.42829264,-1.244072,1.2440432,-2.0385802,0.23399373,1.0004958,-0.98565925,positive,1
20170807,before,1.4849197,0.72916419,0.38074781,0.7256187,1.0408873,1.0240886,0.13476057,-0.26714008,positive,1
20170843,before,-0.0785985,0.72689829,0.24503073,2.173174,0.18697828,0.77830942,0.93178529,-0.94370916,positive,4
20170890,before,-0.015838131,-0.51064861,-2.462453,2.0066435,1.4578591,-0.90512703,0.80703489,0.251652,positive,4
20170907,before,0.82628632,-3.0938974,-0.27121504,3.7239094,-0.85054705,3.1883765,-0.69317057,-0.077852115,positive,4
20170920,before,-0.87294089,1.0014125,0.17826528,1.6052199,0.023500101,-1.0259227,-0.014190467,-0.028796833,positive,4
20170932,before,-0.30683922,1.4525743,-0.93490497,0.94232013,0.73910859,-0.9100318,0.3873075,-0.63034777,positive,2
20170952,before,-0.17521401,0.88301476,1.5581473,-0.30991552,0.25154271,0.28726637,0.50978489,-0.57532213,positive,3
20170960,before,0.97183034,3.0134712,-0.20024653,0.67417405,1.0344817,0.32927323,-0.41995698,2.2797554,positive,2
20170970,before,1.8216387,-0.40133091,-0.90125048,-0.60329703,-4.0600707,0.03180648,-1.7359884,-0.6619877,positive,1
20171141,before,0.41482935,-1.9255356,-2.8555496,4.3279318,-0.55303914,1.0559173,-0.26178472,0.024036198,positive,4
20171155,before,-0.75466226,-1.6760856,-0.64426084,3.2726346,0.33906582,0.61837462,0.71556693,-1.2140659,positive,4
20171159,before,7.1697662,-0.48376603,1.0128959,-0.49353465,1.9367168,-2.5480676,-4.2023041,5.9343548,positive,1
20171189,before,-0.56557568,-2.1670536,-0.28846908,1.8047607,-0.22641476,0.27176091,-0.86279902,-2.1724744,positive,4
20171190,before,0.52738359,-0.35976374,-0.41093125,1.9168234,-0.12684594,-0.24959024,0.069386732,0.18411731,positive,4
20171197,before,-0.44711048,-1.800146,-0.67988005,2.877752,0.52518908,0.46248876,-0.61219757,-2.3769198,positive,4
20180129,before,2.4361508,-0.87017469,0.11339215,-0.54641692,-1.2997535,-0.20701568,1.5500839,-0.77473922,positive,1
20180149,before,0.47043431,-0.097342351,-2.2985554,3.1835523,1.1562281,-0.16233591,-2.0121762,-0.9738265,positive,4
20180160,before,-0.42496493,1.269733,0.19980366,-0.82404363,-0.73561389,-0.50916275,-0.94217634,-0.23534109,positive,2
20180196,before,-0.81036358,0.51563364,0.18922892,1.4436881,-0.28427489,-0.58721374,0.56726925,0.44212158,positive,4
20180244,before,1.2453032,-1.2282173,1.6269152,-0.17849761,0.80899378,0.43517177,1.3670586,0.71970225,positive,3
20180261,before,-0.1813358,0.076471371,1.8479192,-0.63735408,-0.76014199,1.4236669,-1.5980328,-0.29603582,positive,3
20180313,before,-1.0103954,0.641681,1.5250555,-0.78067473,-0.010680973,1.5135213,0.37419832,-0.65751533,positive,3
20180419,before,-0.92948215,0.62345728,0.017292635,1.4159786,-0.87789626,-3.8883719,0.67031919,0.28826166,positive,4
20180427,before,0.16885143,0.81945685,1.5860566,-0.16216812,-1.1599767,1.0588246,0.79941691,-0.62226339,positive,3
20180438,before,1.7570992,-0.32097641,0.19338563,-0.02641352,-1.0027548,-1.2083703,-0.13536123,-0.75150089,positive,1
20180496,before,1.9271153,0.7582528,-0.24546586,0.83202691,-0.46051123,-0.33773814,0.12881056,-0.55533117,positive,1
20180535,before,-0.56568034,1.7227721,-0.60678491,3.8517671,-0.91858163,0.43878802,-0.53982354,2.2233502,positive,4
20180548,before,-0.054331654,-1.6331203,0.36115033,2.2792482,-0.15768569,-0.2398936,0.69800259,0.42017792,positive,4
20180558,before,-0.72464056,-1.3083145,-1.1720749,3.2429174,0.66662408,0.86731456,0.64697867,-0.39095785,positive,4
20180602,before,0.12295746,-0.0061235263,0.7993723,2.5456805,-1.9727078,-1.6545255,-0.79800927,-0.0076532025,positive,4
20180608,before,1.6701482,0.036032945,-0.65887777,0.097767141,-1.1593003,0.58281789,0.90145157,-0.55232651,positive,1
20180616,before,1.0567055,0.24055481,0.044651101,1.3341986,0.59959511,0.29604886,-0.89931478,-1.2680202,positive,4
20180628,before,1.9868671,-0.26666613,-0.36264669,1.5387978,-1.4402479,-0.095656608,1.3499807,-0.62249579,positive,1
20180654,before,2.9673545,0.27667682,-1.0699401,-1.2932301,-2.0520489,1.1150625,-0.3262553,1.6350781,positive,1
20180686,before,-0.28136125,0.28119021,1.2185643,-0.54578554,1.1445207,0.29646552,0.70972763,-2.2617088,positive,3
20180733,before,1.5047726,1.064954,0.0028851952,0.11151551,-0.93397284,0.76036952,0.29826921,0.8187507,positive,1
20180759,before,1.7426319,-0.96824127,-1.4963726,-1.2005618,-1.5643298,0.7844728,1.0717673,-0.96619794,positive,1
20180772,before,2.5670824,-1.2292631,0.11084226,-1.624688,0.03595681,0.51823199,-0.55345272,0.72074758,positive,1
20180783,before,1.964088,0.26087107,-2.1168483,0.053271412,-2.5402986,1.9614215,-0.33663845,-0.5697048,positive,1
20180786,before,0.45846168,-0.78465755,0.059852667,4.3228203,0.36915433,0.75266081,-0.30221572,-3.2054735,positive,4
20180803,before,0.67281287,1.2505401,1.0384928,-0.76622307,0.56573662,0.74044985,0.55488617,0.82584356,positive,2
20180809,before,2.0182848,0.12637303,-1.5737854,-1.0425065,0.26881106,0.48597035,-0.27336223,0.087412661,positive,1
20180849,before,1.3554086,1.385172,-0.31982189,1.6799753,0.99398472,-0.3300925,-0.72257572,-0.076119777,positive,4
20180865,before,-0.9330986,-1.803918,-1.6236801,2.793726,0.50922275,0.98189167,0.45988195,-0.01521637,positive,4
20180897,before,0.23910534,0.14643161,1.5332586,0.53085483,0.36546486,0.43570255,0.8293747,-1.642759,positive,3
20180910,before,1.2702052,1.2262847,0.94081095,1.4170847,-0.11396078,0.40394078,-0.13659131,0.37422603,positive,4
20180931,before,1.1079908,1.6063574,0.32493665,-1.0088088,-1.3543745,0.15232685,-1.0888152,-0.91793405,positive,2
20180942,before,-0.57680523,1.3143105,0.31962067,-0.72137445,-0.6569975,-0.38052891,-0.98970219,0.039636211,positive,2
20181039,before,0.020069272,-0.13690902,1.4884814,-1.0522217,0.071138538,0.44922706,1.1870375,0.086167972,positive,3
20181052,before,1.7245407,0.17165719,0.13068593,-2.1615913,0.84292259,1.6609955,0.5624317,1.3956557,positive,1
20181068,before,-0.3534955,-1.316706,-1.0772365,1.9983084,0.31445118,0.45159527,-0.30894187,-0.81961423,positive,4
20181073,before,2.2785651,1.5325053,0.34269765,3.1390085,-0.78128125,-0.68458342,-0.26183476,2.3279251,positive,4
20181141,before,0.24788669,-0.44544354,1.3750565,-0.71101726,0.17037113,-0.18930897,0.96986303,0.10825725,positive,3
20190008,before,1.5034413,-0.25705665,1.7280178,0.49684001,-1.7122282,-0.85753826,0.6106736,-0.53910119,positive,3
20190013,before,-0.48363733,0.43183693,-0.99193808,1.979017,-0.10187469,-0.27051021,-0.55639234,0.16418651,positive,4
20190014,before,-1.2364024,-0.45427714,-0.085092695,1.6977599,0.11824954,-0.64932545,0.072401247,-0.089292478,positive,4
20190077,before,0.38976149,-0.86139157,0.10920167,1.3458404,-0.020852889,0.63066593,-0.31323462,-0.2284923,positive,4
20190096,before,-0.61545997,-0.1382885,-0.38933421,1.5591153,-0.12180726,-0.95347745,1.1141241,-0.39346664,positive,4
20190122,before,0.12136046,-0.60588535,-0.67151651,1.4950962,-0.91571432,-0.90421451,-0.65931679,-1.4807475,positive,4
20190156,before,-0.15895741,0.0759232,0.64684686,1.5924239,-0.14090918,0.9884683,-0.74259232,0.64749066,positive,4
20190171,before,-0.47680845,-0.30568822,-1.2446318,2.1912602,0.23205815,1.6736347,-0.9674517,-0.11434636,positive,4
20190178,before,1.1071655,2.5175727,-0.96819795,-0.18425746,-2.5889807,-1.053331,0.43765637,-0.15467209,positive,2
20190325,before,1.7705525,-1.1678104,-0.56189782,-1.0246028,0.25583651,-1.2118525,-1.0186106,-0.27575507,positive,1
20190349,before,-0.40571506,-1.4056264,-2.6008273,1.927523,0.22172111,0.80721189,1.6217153,0.66612581,positive,4
20190425,before,2.9986793,-1.8179866,-0.9695555,-0.49852122,-1.2917611,-0.80539119,-0.74006564,1.1825953,positive,1
20190445,before,0.74235013,1.3158897,0.28675113,0.14339741,0.83841144,-0.21121733,-1.6663322,0.032961837,positive,2
20190467,before,-0.52073072,1.3445863,-2.1895979,1.1045749,0.78972265,0.53333034,-0.66733889,0.56975551,positive,2
20190490,before,-0.58525668,3.4930167,-0.8600897,0.88187773,-1.0542836,-3.4697518,0.57509162,2.431831,positive,2
20190503,before,1.3534231,-1.0709489,-0.44731869,-0.07798309,-0.87267587,-1.0528002,-0.15522474,0.84659658,positive,1
20190532,before,0.86419412,-0.086871498,1.2390526,-0.13478591,-1.1427804,0.47352554,0.77838913,-0.081515743,positive,3
20190559,before,-0.80346961,1.2789693,-1.3608178,0.39366639,0.61620133,-1.0976485,0.94312271,1.0392487,positive,2
20190605,before,1.306411,1.3293748,-0.022103634,0.65941434,-1.9419911,-0.10096745,0.30854751,0.36113709,positive,2
20190626,before,-0.096790026,0.59113563,-0.41597644,2.4609493,-0.78210074,-1.6344113,-0.025478672,0.15593595,positive,4
20190639,before,2.6632539,-0.82824335,-1.1958248,1.2891727,-3.7519674,-1.5429403,1.2941979,-0.33074662,positive,1
20190661,before,0.77973964,1.558632,3.1494768,0.84254863,-1.5863547,1.3985915,1.5261629,2.1502158,positive,3
20190674,before,1.0262359,1.9024626,0.25490606,2.1802199,-0.48311507,-0.86780774,1.3336834,0.69267268,positive,4
20190695,before,-0.49524165,1.0138453,0.28187385,1.8263859,0.53922747,0.1718174,1.0846652,-0.16329744,positive,4
20190716,before,0.20167399,-0.012061234,1.6931616,1.660496,-0.60398519,1.2265571,0.088770961,1.4799515,positive,3
20190725,before,-0.2214574,2.0312555,-0.49611467,0.76831703,0.59329051,0.85188948,-0.076874759,1.5832943,positive,2
20190728,before,1.253496,3.9097857,-1.204516,-0.7320815,0.11413862,-1.6306774,1.2487315,0.15212669,positive,2
20190742,before,1.4323754,0.54684593,-0.015533385,-0.27832706,-0.99481457,-1.0064119,-0.54821225,0.076773703,positive,1
20190797,before,0.094379323,1.2391855,-0.88203999,-0.28790056,-0.51223724,-0.74922446,-0.2162754,-1.2940762,positive,2
20190815,before,2.4164187,0.6053183,-0.072351251,0.11380893,-0.13989753,-0.68392056,-1.3659847,0.29450493,positive,1
20190844,before,1.7187926,-0.51618228,1.495916,0.64306706,-1.7749447,-0.81078914,0.036052988,-0.3334528,positive,1
20190870,before,1.6012355,0.37391438,-0.70594662,-0.95894774,-2.1192641,0.13893236,-0.60446462,-0.16231911,positive,1
20190879,before,1.9088185,-0.1331856,-0.019952182,-0.35436374,-1.1409944,0.59924006,0.091238879,0.35697423,positive,1
20190925,before,0.51624958,1.9084272,0.68644767,1.1061839,1.1864134,-0.3214828,-1.4993574,1.1900028,positive,2
20190951,before,0.10177464,1.2890471,-3.254551,3.2568088,2.730025,2.7579626,0.22627705,1.4448391,positive,4
20191014,before,2.5261918,-1.9003314,-1.239677,-0.26802599,-1.346204,-1.7783562,-0.56794379,1.4384033,positive,1
20191015,before,-1.0163258,-0.17046558,1.3343616,0.12271253,-0.52948968,1.2140215,-0.47671765,0.72835891,positive,3
20191039,before,0.22150663,0.11725693,0.77171873,1.3749767,-1.3381818,-0.13927299,-0.25312287,-0.67573047,positive,4
20191155,before,1.4508914,-1.0207494,-0.47726781,-1.5321559,-0.043346897,0.15319454,0.98854513,-0.35158267,positive,1
20200075,before,-0.52949093,1.5823389,0.35423937,1.6138963,0.9086563,0.23428344,0.26853096,1.5897902,positive,4
20200285,before,0.14237771,2.4860132,-0.9428236,0.26150353,0.54770976,-0.1137844,0.93416503,1.7133796,positive,2
20200994,before,1.8346852,-0.018914914,-0.08827501,0.88243994,-0.42139861,-0.76901886,1.0371356,0.28552252,positive,1
20201100,before,0.29400814,1.4274463,-0.5246859,-0.36529152,0.31867818,-0.27171962,-1.7629413,0.9902875,positive,2
20201175,before,-0.47576527,0.042416969,-0.47602021,2.2398193,-0.11218593,0.31027351,-0.31135822,-0.35697629,positive,4
20201245,before,1.485584,-0.79017128,-2.5851586,-0.86650168,-1.5148078,0.67297899,0.36044923,-0.89487337,positive,1
20202023,before,1.4358863,-1.0248955,-0.41584607,1.2487265,-1.267404,-0.46141843,0.75338953,-0.65561303,positive,1
20202177,before,-0.91311361,-2.0573154,-0.90589051,2.8857979,0.017043805,-0.16874269,1.6311845,0.14421279,positive,4
20202667,before,-1.2846443,-0.17785483,0.83362724,1.3422781,-0.36921057,0.41309749,0.30497826,-0.65235421,positive,4
20203282,before,2.3289109,0.22330516,-1.7185014,0.028193952,1.0777792,0.64471629,-1.0323064,-2.4468608,positive,1
20203333,before,-0.6214962,1.6027327,-0.70457271,-0.094838915,-0.077069003,-1.3816577,0.61591121,0.91376454,positive,2
20203373,before,1.8543482,0.51938307,-0.44180146,-0.2375112,1.2974654,-0.033815801,0.18751422,-0.76536991,positive,1
20203470,before,2.6040996,-1.9666665,-1.5415904,4.081335,-0.082464542,-4.8677681,2.0267858,2.1960796,positive,4
20203983,before,-1.4199002,2.2161512,3.4652708,-0.20592727,-2.4850387,2.9230848,-0.69628656,2.9828555,positive,3
20204034,before,-0.057704658,0.28178849,1.6455981,-0.0056803647,0.024666188,-1.5501396,-0.93287401,-0.46029973,positive,3
20204146,before,2.6140129,-1.1877017,-2.0164013,-1.2167051,-0.71844566,-3.7870437,0.92116181,0.54261639,positive,1
20204260,before,-0.5355516,0.24471196,1.9051212,0.058866892,-1.9243196,-0.11176801,-1.0431003,0.24586212,positive,3
20204371,before,-1.1669171,1.6684673,0.81101393,1.0041328,-1.7732343,-2.1528736,0.03607067,1.3707286,positive,2
20204409,before,0.22864696,0.18825292,-0.58856678,2.4466343,-0.58394718,-1.8044505,-0.55760111,-0.95122382,positive,4
20204563,before,-0.19032211,2.6002331,0.29733726,-0.74534626,-0.6585332,-2.1427621,-0.017872903,0.76449302,positive,2
20204603,before,0.7402704,0.64210093,1.2762468,0.71734957,-0.51355015,-1.0821532,0.52381465,-1.1302908,positive,3
20204655,before,2.9962809,-0.28425681,-0.48919742,-1.7301961,-0.45443022,-0.35179332,2.7563833,-0.018073975,positive,1
20204795,before,1.6399366,-0.26186706,0.56039231,-0.084665386,0.25436243,0.33885015,-0.074464563,1.1756873,positive,1
20204822,before,-0.18644363,2.087993,-2.0808922,2.0887226,1.1075061,-1.0351733,0.42385906,1.0093737,positive,4
20204833,before,-0.32182013,2.0520609,-0.60707832,0.065558305,-1.864711,-2.5233552,-0.040057992,0.4155066,positive,2
20205052,before,0.88623155,2.2489788,1.2132926,1.0968491,-0.69329611,-0.28675614,0.45210295,-0.26182431,positive,2
20205515,before,1.3240013,0.60544163,1.1723403,1.9999402,-0.63661386,-0.27514492,-0.74933843,0.56305768,positive,4
20205522,before,-0.12439314,0.64460559,-0.99283039,2.6230419,-0.074313839,-0.25313731,0.23522696,0.0049529951,positive,4
20206447,before,0.39699953,2.7133099,0.45332951,0.36286431,0.43755269,-1.3737672,-0.17801401,0.44997641,positive,2
20206517,before,-0.45004178,1.2278348,1.2476979,0.42894005,0.64836954,-0.12570414,-0.14886197,-0.5549442,positive,3
20206591,before,1.4375578,-0.43688275,2.677229,1.8198407,-0.35911227,-0.50374843,1.2540055,0.422194,positive,3
20206745,before,-0.56515297,1.5341534,0.61531132,1.1240581,-0.63577835,-3.2547987,-0.023239763,-0.015790628,positive,2
20207514,before,0.40039094,0.066630593,1.4266784,2.2282736,-1.2074133,-0.67405292,-0.12597794,-0.96915213,positive,4
20207711,before,-0.41138004,0.6452046,1.4404941,0.32521983,-0.65741994,1.4017581,0.49326371,0.21412856,positive,3
20207822,before,1.4729078,-0.43269805,-0.66932506,0.03078904,-0.83144232,-0.73240595,-0.53175528,-0.68034202,positive,1
20207997,before,-1.0094741,-0.7247556,-3.0072378,3.2590415,0.92793842,-0.2450455,0.95746983,0.55388028,positive,4
20208066,before,1.7499663,2.861186,0.45148012,1.6122663,-0.82553382,-0.57947481,-0.88778501,1.084402,positive,2
20208782,before,0.62908781,1.5307752,-1.1001519,-0.76089023,-0.16891935,0.43626823,-1.9616522,1.2852543,positive,2
20208980,before,-0.67698177,0.21000564,1.2435012,-0.36992761,-0.43778578,0.4516776,-1.9262657,-0.19091304,positive,3
20209235,before,0.93462877,-0.27250999,-0.94340041,1.5591832,0.94300862,0.11457685,-1.379163,-0.72260065,positive,4
20209956,before,-0.39196548,2.5071741,0.91494616,-0.4100403,0.68005364,0.84655915,-0.32745962,0.85293199,positive,2
20209992,before,1.351079,0.11190371,0.32011674,-0.64762447,-1.3761885,-0.74647708,-1.4943412,0.4294292,positive,1
20210007,before,-0.31487011,-0.52613117,-0.72445802,1.4149917,-0.18579153,-1.1414977,-0.34064316,-0.074530941,positive,4
19790006,before,0.24075105,-0.19119734,-1.7257726,0.42836046,-0.16926087,-0.45825703,0.92738789,0.55273914,negative,3
19790071,before,-1.3792635,-0.70462066,-0.38074963,-0.52521732,0.13857943,-0.039116411,-0.018996291,-0.4525434,negative,1
19790079,before,-1.0552289,-0.63257887,-0.38728272,-0.46654407,-0.90093518,-0.44270012,1.7906734,1.309875,negative,1
19790119,before,-0.43089599,-1.1409246,0.071541285,-0.27215193,-0.36051558,-0.34693032,-0.33586095,1.2741564,negative,2
19790137,before,-0.74987379,-0.062356104,-0.36900933,-1.8086538,-0.73111706,-0.21978503,1.7461644,0.81296965,negative,4
19790140,before,-0.49249905,-2.9240933,0.33076395,1.2515038,0.60363924,0.77460674,0.63317099,-0.19397626,negative,2
19790168,before,-1.1343778,-0.15269894,-0.22141795,-1.2384456,-0.11479717,-0.14372948,-0.58104096,-0.66552856,negative,4
19790171,before,0.0092764665,-1.1928544,0.58226755,-0.95240876,-0.050485375,0.52469428,-0.82637438,1.4374524,negative,2
19790293,before,-1.5026619,3.6116272,-0.25037679,-3.4202869,2.510533,1.9486777,1.3361513,2.3499559,negative,4
19790317,before,-0.18365729,-2.3508868,-1.2621871,1.7606062,1.096378,1.9775972,-2.0578532,0.91206436,negative,2
19790349,before,0.89648818,-0.36420026,0.28003681,-1.1682776,1.1799475,-0.46600365,0.42508105,0.16870397,negative,4
19790384,before,0.61581674,0.53969854,-1.4877213,1.0830752,0.086100072,-0.81463714,-1.0361078,-0.75962995,negative,3
19790385,before,-1.4060144,0.068412999,0.018963271,-0.73157942,0.56811817,-0.022506274,0.64570253,0.47936804,negative,1
19790394,before,-1.2089435,-0.45452682,0.908014,-0.56583086,-0.49216461,0.70770601,0.27969717,0.52959739,negative,1
19790430,before,0.76259527,0.47185708,-1.469507,-1.3091644,0.95950403,-0.42501029,2.4332635,-0.034483767,negative,3
19790451,before,-1.8665549,-0.75263036,-0.90619328,0.80505694,-0.49751257,-0.33558693,1.9844507,0.71493838,negative,1
19790497,before,-1.0778404,-0.61060649,0.14113529,0.19818751,0.99481983,-0.99077803,0.48353519,0.33077399,negative,1
19790542,before,-1.3442356,-1.2182149,-1.6919762,1.8931241,0.35491612,-0.85304042,0.90063852,1.0744794,negative,3
19790550,before,0.077521159,-1.5509471,0.23753767,-0.55340886,-0.20448957,-0.4563688,0.49447037,-0.72058431,negative,2
19790574,before,1.3600655,-1.7221332,0.051928479,0.050855531,1.3350026,-1.149591,-0.39204637,1.2132429,negative,2
19790583,before,-1.1023766,0.22463199,-1.0134697,0.09832339,0.21448677,-0.50855246,0.14380673,-0.41004428,negative,1
19790585,before,2.580445,0.94426956,0.70680698,-1.1147714,-0.84209616,1.4978662,1.929726,0.49029925,negative,4
19790589,before,-1.4234719,-0.89991439,-1.350577,0.16150899,0.73628085,0.11446441,1.9172602,-0.1096107,negative,1
19790626,before,1.4711145,-1.2220858,-1.2117978,-2.7061723,-2.1429261,0.77649392,0.71582322,1.0557801,negative,4
19790656,before,-1.324309,-1.2602502,-0.60164046,-0.78566072,-0.25254425,0.41205659,2.0596936,3.0357154,negative,1
19790664,before,-0.75299543,-1.5045452,0.43621834,0.62857472,0.4942062,-0.29135344,-0.086322731,0.70294491,negative,2
19790726,before,0.059885811,-0.13918811,-0.35968001,-1.7227031,0.29353747,-0.28092184,-0.12533351,0.36329144,negative,4
19790729,before,-1.2982619,-0.012808019,-1.4548125,0.95678806,0.32584775,0.25984153,1.1731524,0.84076121,negative,3
19790731,before,-0.39568019,-0.34087335,-0.65107914,-1.4905376,-0.73838914,0.1369359,-0.48310805,0.29982752,negative,4
19790758,before,2.1120963,0.11044023,1.8164811,-1.5624219,1.218676,-0.66838332,0.77246574,0.55636756,negative,4
19790791,before,1.3053005,-1.4871495,-0.39019863,0.23467536,0.49016162,-1.3326934,0.89779438,-1.3311312,negative,2
19790820,before,1.4348117,-1.5677906,0.50144585,-1.5001225,0.52986026,0.51304175,0.53156824,-0.079485658,negative,2
19790842,before,-0.41156619,-1.4531687,0.46479763,1.2286324,-0.76787335,0.090537282,0.98305411,0.56939638,negative,2
19790903,before,0.51944022,-0.81062093,-1.6496576,0.86245976,-1.372298,-1.6372139,0.99577371,-0.18321022,negative,3
19790961,before,0.69427012,-1.2909248,-1.6920792,-0.99486916,-0.036973481,1.4941067,2.6085031,-1.1840347,negative,3
19791008,before,2.5455664,-0.39776112,-2.0321163,2.1002123,1.5179526,-0.015473376,-0.83615189,-0.3997009,negative,3
19791011,before,-0.10219764,-0.34446915,-0.10792362,-1.2876051,0.37906561,-0.16878188,0.28455194,-0.43541615,negative,4
19791013,before,-1.0439439,0.14847165,-3.27615,3.1322948,1.8904721,1.2004512,0.43009846,1.2137016,negative,3
19791056,before,0.91567399,1.9985168,-3.0203404,0.97488651,-1.6044984,0.45810073,2.277304,-0.24055692,negative,3
19791063,before,-1.0939256,-0.56459057,-0.22572941,0.29946019,0.26654874,-0.97223375,-0.87231452,-0.50102373,negative,1
19791091,before,-1.3346813,-0.69378935,0.74471538,0.19739628,-0.66417137,0.10354497,-0.19642844,-0.24707237,negative,1
19791097,before,-0.024849212,-1.1938657,-0.24892563,-0.20271107,-0.2753803,-0.063491199,-0.63409505,-0.2633126,negative,2
19791119,before,-0.69335395,0.92242123,-1.6969031,-0.69454562,0.44073841,-0.42943387,-1.1928317,0.85536742,negative,3
19791150,before,1.578806,-0.70577539,-1.3573752,-0.60946474,-0.59681388,0.37442882,0.31722941,-0.66857233,negative,3
19800021,before,0.31356046,0.17947205,-0.70596505,-1.3342014,0.98188646,-0.65155155,-0.45143163,-0.29913571,negative,4
19800050,before,-0.59859542,0.16731642,-0.79945624,-1.5223898,-1.1254632,0.86596233,-0.24786039,-1.4735294,negative,4
19800055,before,-0.30304675,-0.40727239,-1.3001046,2.0588624,0.6206755,1.5809209,-1.2923364,-0.36452704,negative,3
19800068,before,0.40959671,0.32798299,-0.050228381,-1.1314149,1.1792493,-1.0493879,-0.53502016,-1.0863313,negative,4
19800070,before,-0.87846921,0.70556231,-1.52573,0.20940828,-0.021828075,-1.1157855,-0.86632984,0.65765503,negative,3
19800114,before,2.0581483,-0.51950646,0.54333418,-1.3890812,1.1418026,-0.24051509,0.24769246,-0.26754716,negative,4
19800155,before,-0.55627395,0.14091418,0.095617391,-1.2657219,0.70149801,-0.38464734,-0.63284967,-0.37188239,negative,4
19800168,before,-0.80674555,0.52204518,-0.00014142125,-1.0877044,0.71920545,-0.4375836,-0.79649075,-0.98221995,negative,4
19800205,before,4.010676,-1.5391562,-1.7242684,-0.78420089,0.6897482,-1.3398174,4.1560345,2.6250227,negative,3
19800232,before,-1.7132421,-1.0875411,-0.68839482,0.12944449,0.56355597,-0.22380684,2.9502289,0.43920335,negative,1
19800286,before,-0.84335851,-0.057788751,-1.2404014,0.94341012,0.49684524,-0.11774124,-0.084333684,-0.22183791,negative,3
19800322,before,-1.4208935,0.17571299,-0.25703064,1.890627,-1.2190926,-1.2882292,1.2988176,0.54200192,negative,1
19800328,before,-0.67130844,1.3712319,-1.2195848,0.12940828,0.77183733,-0.10126695,0.39491845,0.27366544,negative,3
19800401,before,-0.19715802,-1.6848809,1.4887413,-0.60210569,1.3535059,-1.5583429,-0.44796874,1.7811811,negative,2
19800464,before,1.9318368,1.206094,0.24057915,-1.291262,-1.0570087,0.26399729,-0.46849182,-0.76130666,negative,4
19800510,before,-0.75205108,0.096772852,-1.2764146,0.97384883,-0.26699569,0.19834737,0.60540117,0.90856193,negative,3
19800537,before,2.7944223,0.29877486,-4.449751,1.8924231,1.125155,0.37403812,-1.1868436,-1.4108868,negative,3
19800553,before,1.974354,0.36113185,1.9784289,-1.1602245,0.58791713,0.22369912,1.0617272,0.17038062,negative,4
19800580,before,1.1438952,0.35442197,-2.1147503,0.22444943,0.72302614,3.5538357,-1.0832274,0.62501105,negative,3
19800583,before,-0.55892983,1.5909807,-1.3944782,1.312164,0.81949229,0.090747509,-0.59826363,0.9524777,negative,3
19800590,before,0.18950498,1.0083752,-3.2507467,1.5498605,0.0019764432,-2.2878706,2.1376875,-0.10319532,negative,3
19800601,before,1.5623123,0.30776712,0.86969659,-1.511457,-1.118097,0.26907791,0.11780419,0.3603702,negative,4
19800622,before,2.3783515,-1.6458206,-0.056345648,-1.3998532,0.79347632,-1.0897915,-1.2547766,1.2464827,negative,2
19800626,before,-0.72220117,-0.98570786,-2.8026142,3.6201104,-0.054524381,-0.2123443,-0.51541761,-0.22349092,negative,3
19800685,before,0.63138051,-0.86330497,0.47645108,-1.0857816,-0.47522987,-0.18194218,-0.13376639,1.0912232,negative,4
19800695,before,1.4651948,-1.2393363,-0.25518924,-0.74700758,0.34868962,-0.57431827,-0.93880802,-0.719721,negative,2
19800724,before,-0.31291388,0.74744019,-2.3184532,3.8452364,-0.15228072,1.2696777,0.1537258,2.5230911,negative,3
19800730,before,-1.2020805,0.25010449,-0.61900205,0.34458984,-0.30469195,-0.59047943,0.22302104,-0.024749398,negative,1
19800736,before,-0.40281357,1.3222822,-1.263883,0.097409739,1.5547666,1.4020917,-0.3180651,0.92002589,negative,3
19800792,before,-1.7283959,-0.29583935,-0.53662408,0.33526714,-0.567828,-0.934665,3.2000753,1.7053849,negative,1
19800837,before,2.0298889,1.5911188,-2.7852915,0.63753622,-1.5178291,-1.4961847,2.2814558,3.1026223,negative,3
19800901,before,-0.71397075,0.99713609,-1.8369219,1.5200478,0.6486163,-0.094985655,-0.66027292,1.0718931,negative,3
19800948,before,0.028680351,-1.4591988,0.38943606,1.3301529,-0.35406338,-1.0608961,0.19182359,-1.110173,negative,2
19800961,before,-0.29167841,-0.74748498,-1.3944886,0.057885722,1.0066445,-0.19520079,0.67520715,-0.41593813,negative,3
19800967,before,-1.6028884,-0.88940025,-0.62625846,0.0024476524,-0.24540596,0.62876901,0.25386607,0.12396085,negative,1
19801067,before,-0.64927484,-0.073333497,-0.35811195,-1.6073166,0.32348972,0.010721212,-0.18401458,-0.66031386,negative,4
19801135,before,-0.89975918,-0.027115288,-0.54497381,-1.2610021,0.22098672,-0.1751526,-0.12370403,-0.59359368,negative,4
19810003,before,-1.1732878,0.46384347,-1.3655343,0.14002481,0.44741832,0.70529596,0.071281524,0.80685205,negative,3
19810014,before,1.2089228,-0.50400501,-0.17308927,-1.2714345,0.12761109,-0.64567899,-0.12760267,0.1644135,negative,4
19810022,before,-1.0830931,-0.01350527,-0.27359664,-0.59801853,0.24468387,-0.36771716,-0.61656168,-0.46601268,negative,1
19810023,before,-1.1849759,-0.6159503,-0.40957626,-0.25364872,-0.34349063,0.39201789,-0.64406168,-0.21913707,negative,1
19810042,before,-0.6302243,-0.10670795,-0.20801428,-1.1545292,0.5696979,-0.3854723,-0.57306652,-0.73218852,negative,4
19810055,before,3.057301,-2.3906132,-0.47415733,-0.24277348,2.2472586,-2.0795989,2.5709764,-2.0870628,negative,2
19810086,before,-1.3013562,0.00060121354,-1.2668417,-0.14388624,0.86909017,0.70085558,-0.079269031,-0.12778353,negative,1
19810096,before,2.0797498,-1.5880302,-2.4419908,-1.3912202,-0.94396404,-0.17796612,0.88163085,0.26294962,negative,3
19810100,before,-0.49767959,0.41038382,-1.8377095,-0.72363083,0.89202143,1.3278299,0.0095908678,-0.25943797,negative,3
19810109,before,-1.1570224,-0.079593161,-0.39044627,-0.8908816,0.33377477,0.020909736,-0.72339942,-0.6044548,negative,1
19810160,before,-0.65197067,-0.14487969,-1.2302302,1.7687408,-0.1696477,-0.49621821,0.65308939,-0.11515657,negative,3
19810191,before,1.191602,-0.0091355381,-1.5570266,-0.24980649,2.2048629,-0.89846655,0.5237355,-0.27254245,negative,3
19810207,before,-1.1123749,-0.24264677,-0.59178569,-0.9558819,0.72705526,0.74342707,-0.38244538,-0.8659061,negative,1
19810241,before,0.38388701,-0.24472172,-0.45736887,-1.8810902,0.32573075,0.39668931,0.023998119,0.77228355,negative,4
19810292,before,-1.0882224,-0.0200265,0.39475535,-0.53209617,-0.083014187,0.34110562,-0.81385337,-0.78933331,negative,1
19810336,before,0.28596109,-0.65013289,-1.5046263,-0.84405157,0.27710085,-0.88155564,0.57374249,0.3984255,negative,3
19810404,before,-0.51312599,2.3359703,-0.90631546,-2.0466471,1.2903185,3.3078825,1.0115206,1.9055183,negative,4
19810409,before,-0.47178725,-0.25883097,-1.7208894,1.2900243,-0.42787974,2.7868987,-1.218574,0.36846867,negative,3
19810430,before,0.40560588,-0.17468988,-0.35548893,-1.212209,-0.5033107,-0.027778125,-0.75675915,0.46746492,negative,4
19810481,before,0.94624259,-1.7193119,-3.942157,3.1983558,1.0096451,-0.42489348,1.7842873,-0.86948943,negative,3
19810545,before,-0.66908464,-2.1468404,-1.1105223,2.8820945,-0.12670974,1.946256,-0.82651881,-0.66167501,negative,2
19810576,before,1.9867142,0.25422418,-1.6088906,0.61768922,2.4043076,0.8420958,0.11888122,0.059895727,negative,3
19810641,before,-1.7786185,-1.6151596,-1.3719803,1.8991179,-0.09892351,-0.9654189,1.2644642,0.32899445,negative,1
19810695,before,-1.0382871,-0.53432527,-0.09102429,-0.24635575,-0.75947783,-0.21304147,0.3943484,0.555848,negative,1
19810712,before,-1.1076555,0.26009197,0.12676147,-0.16532614,-0.046615022,0.20608467,0.45198537,0.32826048,negative,1
19810782,before,-1.1339058,-0.13559017,0.55856416,0.32958451,-0.092569926,-0.43148412,0.094193093,1.3801165,negative,1
19810842,before,-1.4134749,1.2199793,-0.78242762,0.1788042,-0.28512191,-0.84069541,0.73272669,0.96187681,negative,1
19810854,before,-1.1762942,-0.31045191,-0.69170755,0.66365253,0.2785176,0.58143251,0.58637707,0.18774435,negative,1
19810858,before,-1.1718663,-0.071493551,-0.12556136,-0.98687222,0.35179102,0.10397073,-0.34930011,-0.34214624,negative,1
19810863,before,3.1149333,-0.92259054,-1.8024578,0.57592148,-0.44721348,0.059784664,-0.62273874,-0.27038764,negative,3
19810960,before,-1.0689215,0.014564473,-1.6372499,0.52307578,0.72278546,-0.68753358,0.094979663,1.0934162,negative,3
19810979,before,-1.0628174,-1.0623379,-1.1753849,1.1945033,0.31037588,1.4371235,-0.34988235,0.60187597,negative,3
19811024,before,2.2415815,-2.0978477,-0.56059222,0.16785608,-0.24904893,-0.42077417,-0.14116389,0.5190949,negative,2
19811035,before,-1.0229038,-1.2713824,0.87192693,1.0161174,-0.46630005,0.34077658,-0.39295985,-0.013936855,negative,2
19811036,before,-0.86756015,0.0080674646,-0.26664156,-1.1963644,0.58836564,0.37762154,-0.75093872,-0.43581328,negative,4
19811044,before,0.13344023,-1.3604286,-0.16090221,-0.26443686,-1.0749101,2.1343855,1.230619,0.98943677,negative,2
19811066,before,-0.21155819,-0.56030344,-0.93248312,-1.3445771,-0.077264475,0.28295183,0.32133473,-0.038593215,negative,4
19811097,before,2.9200816,-1.9074085,0.58575988,-0.98413492,2.3195779,-0.15395242,1.8585427,0.19746752,negative,2
19811146,before,-1.0847545,-0.34124559,0.33622611,-0.53478395,0.20582401,-0.74929588,-0.69066188,-0.93892216,negative,1
19811176,before,-1.0920526,-0.35861187,-0.70144334,-0.26861294,0.32158129,-0.4444633,-0.012378603,-0.1816138,negative,1
19811184,before,-0.16008952,0.27816908,0.36150168,-1.2234518,-0.57779765,0.98638696,0.38371241,-0.8138465,negative,4
19811187,before,2.2379891,-1.1890063,-0.21028426,0.41571707,2.1166143,-0.39174915,-0.2556567,-0.70069814,negative,2
19820026,before,0.15709235,-0.038156655,-0.5580734,-1.324318,-0.50410269,0.095403913,-0.28560311,-0.13006095,negative,4
19820057,before,-1.6063866,0.32179694,-1.0338375,0.22446373,0.33193525,0.15030366,1.224877,0.098114357,negative,1
19820084,before,0.32427392,-0.46932833,0.43675973,-1.2245836,-0.88692212,0.70764114,-0.99921182,0.69544823,negative,4
19820099,before,-1.3101653,-1.3239932,0.81250866,0.1108542,0.70776503,-0.51157039,-0.54713885,1.331151,negative,2
19820130,before,0.71381298,-0.29753883,-0.7566388,-1.5383561,1.6275852,-0.31456366,0.63983377,-1.0465013,negative,4
19820162,before,0.5388969,-0.5224793,-1.6804549,-1.2006889,1.853565,-0.862605,1.8366386,-1.4587357,negative,3
19820253,before,0.95504774,-2.5198113,-0.17824868,2.0624507,-1.4882091,-1.0869774,-0.45744122,0.35801861,negative,2
19820256,before,0.56975964,-1.1752009,-0.63343839,-0.48051601,-0.12460073,0.035208396,-0.24663015,0.18711429,negative,2
19820292,before,1.3627967,-2.1822028,-0.07381444,0.50149548,0.37808835,-0.82428413,-0.75098268,1.4714973,negative,2
19820297,before,-0.43287499,-0.36677693,-0.68012591,-1.1960765,-0.97774422,0.2966028,-0.63728797,-0.76208417,negative,4
19820318,before,-1.6142246,-0.46739868,-0.21605126,-0.10007917,0.20676275,-0.4669531,0.97178511,-0.68991842,negative,1
19820362,before,-0.74122282,-0.075749067,-1.4889016,3.1269356,-0.04149606,-0.44272916,0.15630374,0.60977007,negative,3
19820426,before,0.9115618,-2.6643679,1.6985073,-0.89134123,1.703817,-1.8696304,-1.5287139,4.2049353,negative,2
19820442,before,0.55717903,-0.70630141,-0.87786091,-1.8445129,0.12197059,-0.50707358,0.33812486,0.53017504,negative,4
19820469,before,-1.1035697,-0.03186036,-0.28149672,-1.102967,-0.026153089,-0.15609285,-0.69958278,-0.59567219,negative,1
19820543,before,0.52626613,2.0670392,-1.1678514,-0.51373157,1.7622474,1.2598638,-0.8187027,0.5566263,negative,3
19820563,before,-0.78305749,0.30044335,-1.1705632,2.3883069,0.5140786,0.38660424,0.34735366,-0.10532062,negative,3
19820629,before,0.22624413,-0.50607883,0.084457216,-1.1040278,0.68944049,-0.53424581,-0.17038637,0.094371102,negative,4
19820645,before,-1.163966,1.6484033,-0.50958207,0.84447196,-0.45674282,-0.10786507,2.2667075,1.6291767,negative,1
19820674,before,-0.47010916,-0.15656263,-1.373785,-0.39829405,-0.39158026,1.4723876,-0.34336488,-0.002600261,negative,3
19820677,before,0.78426568,-0.88240308,-1.3263411,-0.78956959,0.044051094,0.016278993,0.31568071,-0.39226012,negative,3
19820740,before,2.9318554,-2.5115885,-2.4101627,4.0737534,1.948038,-1.502699,2.0568549,-0.48384825,negative,2
19820754,before,-0.49581208,1.8328801,-2.3340389,1.9524457,0.91322536,-1.273827,-0.21763592,1.6589611,negative,3
19820786,before,0.93704737,-1.2529452,1.0514845,0.61445475,0.60618582,-0.99712518,2.0356262,0.57459342,negative,2
19820805,before,0.055218499,-0.77705583,-1.5216757,-0.27452207,-1.1955997,0.28385798,0.068068984,0.59883213,negative,3
19820822,before,0.16745582,-1.1913433,0.30700037,-0.9810888,0.68862764,-0.46684902,-0.77609706,1.6416634,negative,2
19820851,before,-1.4407097,-0.5512855,-0.86946294,0.20571757,-0.2781565,-0.0043426423,0.66315297,1.4306422,negative,1
19820855,before,-1.7018177,-1.19738,-1.5739948,0.88652496,-0.3371711,-1.1148596,0.82919197,0.73089439,negative,1
19820891,before,-0.17071238,-1.4701073,0.52353094,-0.35685487,-0.026301242,0.54830334,0.36272009,1.5111186,negative,2
19820928,before,-1.8859599,-0.54894979,-0.0063612686,0.91387086,0.28878386,-0.51637776,2.941804,1.1675106,negative,1
19820985,before,-0.493723,0.92754274,-1.4308457,-0.12368156,1.7139092,0.79040004,1.0001209,-0.01699157,negative,3
19821065,before,1.880759,0.29651754,-1.2644903,1.7034731,1.6097045,-1.0779258,1.2814196,-0.42513795,negative,3
19821076,before,1.3310157,-1.589357,-0.077701526,-0.02802377,1.1337087,-0.064732729,1.3163907,-0.50731976,negative,2
19821079,before,0.65343972,-0.63972158,-0.24287531,-1.1883421,-1.1090667,-0.15475507,-0.56759918,0.87568258,negative,4
19821085,before,-1.4433722,-1.2954044,-1.341146,1.8335527,0.2296045,-0.44826427,0.46787972,-0.77211112,negative,1
19821089,before,-1.0553144,-0.015036149,-0.16430648,-1.1752359,0.64376314,-0.40342038,-0.52732902,-0.99056188,negative,4
19821107,before,-1.1364361,-0.27677503,0.32763456,-0.67200387,0.026387377,-0.027550633,-0.6988144,-0.56229693,negative,1
19821108,before,-0.40852894,2.5944287,-1.1542617,-0.78314359,1.5205402,-0.31171903,0.080650342,0.83439693,negative,3
19821118,before,0.36748641,-0.049627847,-1.2509637,-1.5469691,0.87261181,1.2288193,-0.21417268,0.077707339,negative,4
19821122,before,-1.2495244,-0.6181245,0.16090608,0.31557947,-0.25386636,-0.30549207,-0.28635569,-0.79789767,negative,1
19830018,before,-1.1066617,-0.16915933,0.38177223,-0.29030225,-0.23656614,0.29312835,0.061433147,-0.80399484,negative,1
19830032,before,-0.92036417,0.80037606,-2.2608904,1.7095647,1.0566178,-0.44288491,0.35311815,0.82318503,negative,3
19830043,before,-0.90912022,0.87014945,-1.3780332,-0.59576676,1.1965902,1.0418266,-0.42642497,0.11720082,negative,3
19830046,before,-0.92147398,0.98369653,-1.3885925,-1.3464593,1.9780094,1.391396,0.18186781,0.29077393,negative,3
19830051,before,-1.1911177,0.34989851,-0.92125252,-1.1593501,1.1458393,1.14347,-0.2955415,-0.057456584,negative,1
19830062,before,-0.40892236,0.14491248,-0.54600261,-1.6445768,0.72242962,0.6827615,-0.6568495,-0.90038377,negative,4
19830078,before,-0.48461643,2.2039206,-1.5597145,0.95608364,1.1522871,-0.85356599,0.049306516,0.32518518,negative,3
19830080,before,-0.27451626,1.8110622,1.1704777,-1.2042462,1.5193457,1.6147145,1.1350782,-0.087070263,negative,4
19830081,before,2.2471267,1.717242,0.58361503,-1.5304204,3.4506431,0.67457731,1.8990106,-1.0106648,negative,4
19830084,before,2.9424787,0.488761,-0.14355349,-1.8389719,3.0211714,-0.06248317,0.7793422,-1.0882285,negative,4
19830088,before,1.2768194,-0.5529396,-0.013707435,-1.5091268,-0.46365089,-0.31600964,-0.63269808,0.6165972,negative,4
19830111,before,1.6602037,-0.72819164,-2.4551839,2.1609547,-0.48018668,-1.8369503,1.7657525,-0.079883253,negative,3
19830149,before,-1.0840263,0.54714535,-0.97105345,-1.1626422,1.2000939,1.1073141,0.0039517933,0.23572845,negative,4
19830181,before,0.36897461,-0.9971184,0.017971319,-1.2312986,0.79029091,-0.90173213,-0.11548903,-1.1514829,negative,4
19830185,before,-1.1370348,0.053727105,-0.28080085,-1.0825718,0.18747391,-0.10475351,-0.72443554,-0.59421738,negative,1
19830218,before,0.80562268,0.43541343,0.45481759,-1.4704102,1.1492306,1.0827741,0.18935489,-0.84812541,negative,4
19830228,before,0.10289491,-0.3790698,0.19765712,-1.3356696,1.3173902,-0.47901692,-0.64821731,-0.83633848,negative,4
19830257,before,-0.67186243,1.9340219,-0.49075836,-1.2754729,1.4070424,1.1353989,-0.35809157,0.64756958,negative,4
19830285,before,-1.8995194,-1.2452232,-0.50847364,0.1478092,-0.75931813,0.36946157,0.48475082,1.60153,negative,1
19830293,before,-0.34688897,-1.1844288,-0.22705986,-1.0701777,0.046956981,-1.1599374,0.12538203,1.8651106,negative,2
19830371,before,-1.1159072,-0.55193656,-1.1012484,0.97448974,0.10454149,0.92730263,-0.23800736,0.34532142,negative,1
19830375,before,1.4729542,-0.41588493,0.00077496494,-1.4066902,-0.30762346,1.3192562,1.5951302,-0.089312768,negative,4
19830416,before,0.00011899057,-0.42047864,1.1139596,-1.142722,0.61040158,0.088488569,0.32674514,0.12734451,negative,4
19830454,before,-0.25546938,-1.6050877,0.50472606,-1.3513416,0.80699307,-0.55276828,-0.40981218,3.115108,negative,2
19830505,before,1.0444788,-0.56242361,-0.16102649,-1.4772058,-0.078797501,0.069952255,1.3025837,0.3387439,negative,4
19830516,before,-1.1101875,-1.5087967,0.21378988,0.044691429,0.11274758,-0.43893013,-0.63475555,-0.11872678,negative,2
19830540,before,1.1996694,-2.6807134,4.3412178,3.0777411,-1.4341095,0.50898652,-0.2991766,-2.4066825,negative,2
19830575,before,1.3641821,-1.5164522,1.7412915,-0.29428921,-0.053750402,-1.4969813,-0.34015723,1.3717364,negative,2
19830581,before,1.0712049,0.92944513,-1.7183952,0.42646542,0.93921006,0.79122812,-0.24640108,0.65699045,negative,3
19830604,before,-0.41691246,0.083334593,-1.4276856,-1.6641317,-0.75609496,0.66142054,2.9217903,0.33931692,negative,4
19830662,before,-0.32144689,2.0003615,-0.61528601,-1.3757569,-1.0127135,0.030566382,0.37588263,-0.062591654,negative,4
19830671,before,-1.1799402,-0.48099003,-0.44547852,-0.45566439,0.35441581,-0.033816599,-0.21394107,-0.44261553,negative,1
19830689,before,0.3835483,0.077573666,-1.4380852,-0.70997636,-1.3254547,-0.070553354,0.17545516,-0.21547126,negative,3
19830750,before,-1.0346243,-1.2587746,-0.65380059,0.60789269,0.15659955,-0.14957797,-0.14281088,-0.10814951,negative,2
19830754,before,-1.16814,0.049733516,-1.1276625,0.068380598,0.93864918,0.9172377,-0.12853765,0.62597615,negative,1
19830766,before,-0.43244089,1.1224302,-1.4214394,0.95727569,1.0500613,-0.65229932,0.11984968,0.92205211,negative,3
19830888,before,-0.332321,0.48030525,-1.6608852,0.47330632,1.2514385,1.2177768,0.29027231,0.73880137,negative,3
19830908,before,-0.45028156,-1.151749,0.23207671,0.33616441,0.60149828,-0.52566995,0.33509933,0.96027918,negative,2
19830982,before,-1.3467857,-0.62824122,-0.29303619,0.46488167,-0.77290618,0.25332279,-0.46869366,0.21880277,negative,1
19831021,before,-0.44335213,0.087172243,-0.3727075,-1.2962662,1.3365698,1.7726422,-0.13850937,-0.31279854,negative,4
19831044,before,-0.20043589,-0.0063052646,-0.40173419,-1.6966193,1.6142808,1.2802761,0.62240025,-0.27694939,negative,4
19831052,before,1.3418199,-1.1581001,-0.22068805,-0.84038006,-0.078379761,-0.212806,-0.18400981,0.15686049,negative,2
19831061,before,-1.3149148,-1.2220174,-0.39141513,-0.5066713,0.40785356,-0.79643307,0.2613564,0.602673,negative,1
19831064,before,-1.0122074,-1.152051,0.060436169,1.0730525,0.0026055952,0.069212227,-0.74799834,0.16423061,negative,2
19831074,before,0.5269324,-1.4951709,0.20634597,0.28366462,0.19931349,-0.21890232,-0.059480999,-0.69090044,negative,2
19831082,before,1.0186814,0.90176989,-3.2616379,1.4606183,2.0113745,0.50545135,-0.5646183,-1.0078595,negative,3
19831099,before,-1.4854884,-0.891101,-0.58299478,-0.46289339,-0.94554695,1.0047708,0.3424554,-0.51624911,negative,1
19831111,before,-1.1816954,-0.57047168,-1.1151798,0.009419306,0.50456274,1.1619144,-0.24527194,-0.24012556,negative,1
19831117,before,-1.0151726,0.61436963,-0.25770779,-1.155264,0.54743455,-0.40317045,-0.52218482,-0.67650111,negative,4
19831148,before,0.42327361,-0.82140426,-1.6355336,1.7839446,0.8252341,0.65165358,-0.73029138,-0.26228631,negative,3
19831157,before,-1.2154323,-0.42678231,1.0382301,0.25461699,-0.86876731,1.5979748,-0.35555686,0.11040237,negative,1
19840005,before,-1.3172576,0.060980171,-0.65183013,-1.1739509,0.17757128,0.14956732,0.023487808,0.012788512,negative,1
19840053,before,-0.81735813,1.9264461,-1.5293482,-0.053016464,1.7878099,-0.58139591,0.78543547,1.2458008,negative,3
19840061,before,1.3215303,2.2554228,-2.364338,-0.39842715,3.9608576,1.9130981,-0.40384995,0.29259723,negative,3
19840073,before,-0.31905694,-1.3339862,0.28547411,0.56942848,-0.15010264,0.038589375,0.35895386,-0.37730916,negative,2
19840074,before,-1.1195801,0.094977495,-0.29228856,-1.1618372,0.63021019,0.18160086,-0.73893194,-0.65321573,negative,4
19840096,before,-1.243947,-0.24138606,-0.44034241,-0.039629303,0.29986102,0.27762269,-0.48580947,-0.73488892,negative,1
19840098,before,1.3064839,0.083577295,0.052359596,-1.8228703,-1.5860011,1.7871799,0.53090044,-0.25625026,negative,4
19840141,before,-0.66440168,0.85761406,0.040539179,-1.474007,1.0283203,0.36782444,0.62437023,-0.17162856,negative,4
19840181,before,-1.1110662,-0.086786312,-1.102195,0.28335496,-0.20904785,1.0834285,-0.83626656,0.62734801,negative,1
19840242,before,0.30956358,-0.76230036,-1.2874506,2.576356,0.16291263,0.73369407,-0.72580601,-0.75768311,negative,3
19840249,before,-0.18083747,-0.70099463,-0.72304365,-1.5263467,-0.96333767,1.1566051,1.3755812,-0.68461409,negative,4
19840252,before,2.017771,-0.60906805,-3.1430975,0.80174293,2.065547,-0.74425006,0.82598274,-1.4037689,negative,3
19840325,before,-1.161965,0.13481167,-1.1880966,0.70080003,0.32087507,0.11703064,-0.60432755,-0.045719487,negative,3
19840416,before,-1.1460707,-0.56199437,-0.25263832,0.61476174,-0.3161496,0.16591319,0.12928473,-0.1605242,negative,1
19840420,before,-0.48410059,-1.3611178,-0.1846663,1.2695422,0.74424548,3.1195849,-0.16265739,-0.012350521,negative,2
19840455,before,-1.1239524,-0.89947938,-0.041957032,0.78134051,-0.28574594,-0.60346503,0.12145791,1.9169684,negative,1
19840475,before,0.88914365,0.50926269,-0.11201849,-2.1446091,0.6314324,-0.27230421,-2.0251355,1.4400992,negative,4
19840547,before,-0.92619782,0.24329001,-1.7364124,1.2127892,0.74874386,0.031585026,-0.56994033,0.38523927,negative,3
19840635,before,0.36884286,-0.73917274,-1.1760707,-0.20435743,-0.51307871,0.40480694,0.31372099,-0.033503649,negative,3
19840694,before,-0.3488165,1.2019251,-2.0390865,0.74702438,1.6830347,2.4906253,0.26329513,1.0786496,negative,3
19840746,before,2.9088437,-0.21241508,2.4299404,-1.4523529,0.62359409,0.57592012,0.38699182,0.61897978,negative,4
19840766,before,-0.52038716,0.4591079,-1.1586799,0.37592639,-0.47855695,0.27309182,-0.11421555,-0.1491413,negative,3
19840797,before,0.66430496,0.58854705,-1.7970477,-0.38998421,0.80186721,0.60353545,-0.40720887,0.54704606,negative,3
19840834,before,0.68633063,-2.1117635,0.10214341,-1.0630467,0.24374505,-0.27962059,1.8402933,0.47001516,negative,2
19840860,before,-0.6948243,1.2098039,-1.4166554,0.63829199,0.76810342,0.46653004,-0.3066809,0.86891917,negative,3
19840873,before,-1.2640054,-2.4015064,-0.3104843,2.2496948,0.72709127,1.5652777,1.1575372,1.322184,negative,2
19840969,before,-0.43845718,-0.30582805,-1.6338527,1.6510537,1.23314,1.7550521,-0.61308491,-0.43588374,negative,3
19840987,before,-0.40829955,1.7723839,-0.22006282,-1.5177079,2.5198919,2.6907168,0.092042109,0.69562204,negative,4
19841041,before,0.94149785,-1.4744416,-0.28374393,-0.76625854,0.83273269,-0.60373581,-0.27089236,1.2629452,negative,2
19841050,before,-1.3106991,-0.15277504,-1.7958351,0.88805726,0.55562049,2.4299683,0.11075899,0.4343581,negative,3
19841086,before,-1.0359584,-0.2297251,0.17519791,0.65230988,-0.15007036,-0.055752853,0.31761245,-0.33832446,negative,1
19841099,before,-1.6123783,-1.3909727,-0.61283027,1.0774653,0.99000102,-1.2044076,1.3537882,0.88222504,negative,1
19841117,before,0.42243351,-1.7737813,0.59428347,-0.51465528,1.1575799,0.042131552,0.44700329,0.31757321,negative,2
19841121,before,-0.68353603,-0.93960119,0.088220532,-1.0935319,0.50391376,0.14761334,0.89747243,-0.81326799,negative,4
19850010,before,1.0491465,0.20410464,-0.50891548,-1.3743767,1.3081941,-0.13087169,-0.33382329,0.24225693,negative,4
19850012,before,-0.78243003,-1.4827128,-0.14473712,0.26169597,-0.23540465,0.21302151,0.2490052,-0.6751534,negative,2
19850038,before,2.0660654,-1.0502473,0.31329301,-1.7327451,1.332881,-1.3413549,0.54445942,0.48965196,negative,4
19850045,before,-0.89603447,-0.017799015,-0.40723874,-1.188462,0.43279061,0.13902812,-0.71928949,-0.67079172,negative,4
19850112,before,-0.54528237,0.53909141,-1.9786542,-0.3647143,-0.34412759,2.4962821,-0.40320678,-1.378526,negative,3
19850124,before,-0.2182247,-1.4939554,-0.0044258139,0.295986,0.54812153,0.53269247,-0.86686658,-0.90415313,negative,2
19850130,before,-1.0151047,0.19262106,-0.78861376,-1.258838,0.866157,1.0288682,-0.14279368,-0.20117484,negative,4
19850175,before,1.7181145,1.068045,-1.6611269,1.3238203,1.5133727,1.6127905,-1.5990147,0.4100215,negative,3
19850210,before,1.495835,1.9145253,-0.018621332,-1.8310229,2.9380852,-1.3770292,0.74007239,-1.2770076,negative,4
19850213,before,0.53434324,-0.89607495,-2.0327964,-0.25074562,-0.86858659,-0.14552974,2.3332383,0.36300117,negative,3
19850313,before,-1.0898445,-2.5982157,-0.97108594,2.0078042,0.44911005,0.0026212277,-0.54963405,-1.102045,negative,2
19850329,before,-0.55936095,-1.1773362,0.058724934,1.6119464,-0.21715479,0.41030511,-0.78313969,0.37520355,negative,2
19850396,before,-0.27800994,-1.4036767,0.048848361,0.085044634,0.20533951,1.2710111,-0.84904843,-0.52598339,negative,2
19850398,before,-0.9020528,-1.3228526,0.5927054,0.05090802,0.80195896,0.25705897,-0.57486566,-0.12454438,negative,2
19850409,before,1.6468875,-2.1201525,-2.151699,-2.0811035,0.93746097,-0.68155895,1.2111008,1.0307432,negative,3
19850499,before,-1.3933651,-0.24208739,-1.2898087,0.17050781,0.33648654,-0.34322973,1.5488741,1.3705024,negative,1
19850516,before,-0.23558134,-0.18274014,-2.9176581,0.78752589,-0.7087621,-1.5478146,1.441048,1.1238043,negative,3
19850560,before,0.041604156,-0.48915615,0.060539612,-1.232099,-1.163413,-0.28902402,-0.60732223,0.95865487,negative,4
19850575,before,-1.217436,-0.68975101,-0.29114051,0.47530414,-0.33959472,-0.4434171,-0.33737643,-0.12704463,negative,1
19850605,before,-1.0744209,0.83023533,-0.57862582,-0.071029411,-0.2360674,0.38175062,0.44937727,0.37066226,negative,1
19850628,before,0.45511093,-0.17579922,0.86805378,-1.1139144,1.6796253,1.781489,1.1123075,-0.64368031,negative,4
19850703,before,-0.27133089,-1.176106,0.35387833,0.54848305,0.39971998,1.5464372,1.0716643,0.021726181,negative,2
19850710,before,-1.1439461,-0.60358371,-1.2349779,0.83363059,0.79608023,0.2885149,0.52719848,1.0647972,negative,3
19850812,before,-1.0670039,-0.27115307,-0.70772651,-0.31675719,0.63969556,0.18551677,0.50774192,-0.44108811,negative,1
19850815,before,1.5016802,1.2040571,1.4372751,-1.3190867,0.034358711,0.48520488,0.19413605,0.091967221,negative,4
19850823,before,-1.1453393,-0.4220487,-0.42151816,0.074777929,0.14979849,-0.13249391,-0.28366297,-0.39161472,negative,1
19850849,before,1.5703941,-0.076811079,-2.1020429,-0.68315808,-1.7091004,-0.48158961,1.0419904,0.18905786,negative,3
19850852,before,-0.079740969,-1.744031,0.14815549,0.0040433515,-0.83556681,-0.67400803,-0.90132454,1.3012168,negative,2
19850862,before,-0.26290593,0.90268358,0.42673123,-1.4932962,2.337844,3.6778932,1.392926,1.1771599,negative,4
19850885,before,0.45185144,0.62370393,0.90404489,-1.3845346,0.76684117,0.62118364,0.38086902,-0.38612651,negative,4
19850897,before,1.7587487,1.8026878,-1.2442644,1.0564666,0.1133884,0.63633648,1.4712051,-0.20009328,negative,3
19850923,before,-1.203994,-1.0887351,-0.18969141,0.25619759,0.67372822,-0.43300106,1.3763844,0.97648876,negative,1
19851013,before,0.1324282,-1.4583426,-2.1139229,-1.4832105,0.77876375,0.21342793,3.0323841,-0.4298143,negative,3
19851026,before,-1.0474053,-0.6748307,0.26056413,-0.16881876,0.53164967,-0.5839698,0.25030558,0.5437404,negative,1
19851039,before,1.0730241,-0.76243485,-0.70346606,-1.2453369,-0.37707292,-0.46376577,1.0874015,1.8732309,negative,4
19851064,before,-0.7510075,-1.1964653,-0.55501692,-0.4895941,-0.2702059,-0.078913179,-0.36217229,1.7925845,negative,2
19851076,before,-1.5277118,-1.4529735,-1.0759748,0.092800429,-0.38161019,-0.1728491,2.5284773,0.82862316,negative,1
19851086,before,-0.36538284,-0.670612,-0.29415064,-1.1988875,0.24343321,-1.0158054,0.3115711,-0.56103044,negative,4
19851098,before,-1.0548976,0.32363374,-0.54896229,-0.42502397,0.39295691,-0.09295382,-0.92293324,-0.46696586,negative,1
19860007,before,-0.16720669,-0.83348547,-0.7245397,-1.4601059,0.4912882,0.21073689,0.004411039,0.91618037,negative,4
19860056,before,-0.9071858,-0.13118297,-0.3565272,-1.0904103,0.40700481,-0.066959089,-0.57247748,-0.48940519,negative,4
19860092,before,-0.50066826,-1.5263838,-0.73090701,1.619358,-0.46300007,-0.76858046,0.075132347,-1.4723471,negative,2
19860106,before,0.18749087,0.34680952,-1.2690046,-0.32155522,1.5589111,-0.32520656,-0.55919844,-0.91382836,negative,3
19860125,before,0.80368943,-0.16207091,-2.1379598,2.7403594,0.63562006,-0.88470763,-0.17134293,0.31759471,negative,3
19860133,before,-0.0050863766,-0.38297139,-1.4407564,2.9323362,0.4836575,-1.0286171,0.66494305,-0.3931848,negative,3
19860139,before,-1.0202913,0.30848855,-0.13535247,-1.2108528,0.44369052,-0.46953294,-0.28719744,-0.5099324,negative,4
19860195,before,-0.21701273,-1.2258176,-0.32419927,0.6727298,-0.031214147,0.04732765,-0.05988291,-0.30331195,negative,2
19860197,before,5.0956909,-5.1752988,-1.8269774,2.4323567,1.9086342,-0.87340243,-1.3443345,-1.3446243,negative,2
19860299,before,-1.2461789,-0.24866532,-0.27227741,-1.0023407,-0.019597682,-0.13624119,-0.9011872,-0.76309069,negative,1
19860306,before,0.64984387,-0.27799647,-1.369126,-0.89608192,1.2119982,0.45873043,0.49264193,0.24162143,negative,3
19860313,before,-1.0415863,-0.30000175,-0.19348975,-1.1039525,0.076543297,-0.33721234,-0.40254372,-0.70511719,negative,4
19860325,before,-0.22368164,-1.3792742,-0.12526466,1.3997358,-0.06458746,0.95484812,0.17549719,-0.8461466,negative,2
19860380,before,-1.160541,-0.0093785811,0.15912474,-0.46085156,-0.58904672,-0.87849912,-0.71092637,-0.32958379,negative,1
19860407,before,-1.2170828,-0.71738488,-0.61126827,-0.1910495,-0.035223571,-0.017215704,0.30841298,0.33878969,negative,1
19860410,before,0.46136009,-1.7177225,0.34531141,-1.2913463,-0.17932224,-0.95740412,-0.27497324,2.5393346,negative,2
19860430,before,1.5986909,-0.71641275,1.4707319,-1.2058793,1.0278652,0.3031021,-0.31440659,0.24152062,negative,4
19860476,before,-0.73642225,0.75859011,-1.6675292,1.4510256,0.91880567,0.72477465,-0.18374082,0.60515131,negative,3
19860482,before,0.52696145,-1.2562135,-0.50842574,0.65040007,2.0286897,2.4812666,0.13500619,-0.35872152,negative,2
19860513,before,3.8153323,-1.2124859,0.12602878,1.6316178,0.87039893,0.87272934,-1.1335089,1.3419756,negative,2
19860531,before,0.14920802,0.56820027,-2.7185592,-0.30953288,-0.68518687,-0.38714851,2.3350717,1.043533,negative,3
19860563,before,0.41742863,-1.6287449,0.62507251,1.4463121,0.043586227,0.23117691,0.76458194,-1.4381471,negative,2
19860591,before,-1.3595711,-0.058654658,0.10848585,0.065586847,-0.32168712,-0.47562198,0.89347335,0.90785541,negative,1
19860601,before,1.469302,-0.59218266,-2.5652962,1.5671897,-0.5646496,1.2841136,2.0950076,-0.18013077,negative,3
19860608,before,1.4268805,-2.2993854,-1.7280661,0.67993008,-1.2590779,0.0071085167,-1.1334213,2.4928064,negative,2
19860631,before,0.16187152,0.27251997,-2.6628904,1.8195207,0.59918683,1.1387549,-0.49066331,-0.3794579,negative,3
19860840,before,-1.154426,0.85063353,-0.7956944,-0.24139697,0.050348728,-0.93956407,0.23780747,0.18005642,negative,1
19860871,before,-1.2302397,-0.42929542,-0.28491425,-0.73102925,0.03171604,-0.012267812,-1.1969177,-0.40702449,negative,1
19860905,before,-1.2860134,-1.5046647,-0.071134736,1.751468,-0.57902327,0.051148891,-0.57128657,-1.2151557,negative,2
19860913,before,0.33309973,0.086919042,-1.3801982,-0.56890752,1.2737695,0.20496721,0.43677982,0.3105293,negative,3
19860943,before,1.1802305,-0.29646953,-0.54783341,-1.2206678,2.7854976,0.73194212,0.73635822,-0.28225946,negative,4
19860963,before,2.7962953,-1.4816969,-1.508011,-1.7927603,-1.6208205,-0.44902648,1.1974767,-0.3463539,negative,4
19860993,before,-2.0026694,-0.96693786,0.3485067,2.4069595,0.81621923,-0.83136156,1.8715742,3.548998,negative,1
19861019,before,0.32702702,-0.78691649,0.37968309,-1.2095712,0.61830698,-0.98988131,-0.61271584,-0.26233545,negative,4
19861027,before,-1.076435,-0.60354794,-0.41050213,0.45268384,0.31110268,0.51758859,-0.35097426,-0.76290688,negative,1
19861029,before,-0.1216865,-1.4687418,-0.54104485,0.10161079,-0.038119998,-0.80641427,-0.9212046,-0.04221932,negative,2
19861064,before,0.68422926,-0.34100828,-1.7406441,-0.60552894,-0.071963036,0.90077754,-1.1130715,0.53839915,negative,3
19861081,before,-1.0367036,-0.70731127,-0.6594021,0.5417606,-0.93103826,-0.082205394,0.056829698,-0.24841121,negative,1
19861086,before,-1.2855702,0.14482908,-0.46602622,0.47888901,0.61161841,0.070379707,-0.04496257,-0.36852343,negative,1
19861089,before,-1.1639636,-0.2427905,0.62300328,0.48604773,-0.022568424,-0.25797835,0.98506476,-0.38888641,negative,1
19861092,before,-0.19088283,-0.25634495,-0.17334486,-1.1252579,-0.02145772,0.30342738,-0.54833273,0.16006711,negative,4
19870006,before,-1.1101678,-0.65998618,0.085795732,0.94006594,0.02202917,-0.3134427,-0.3369642,-1.0893108,negative,1
19870019,before,-1.0399337,-0.30349368,-0.079267112,0.0540283,0.59249849,-0.24839881,0.17680198,0.40248717,negative,1
19870025,before,-0.074024786,-1.7090766,-0.33891295,-0.43593136,0.58341039,-0.17042521,0.14155118,0.57725731,negative,2
19870071,before,-1.1898618,-1.6218738,-0.48662624,1.5848323,-0.57827655,0.28568565,0.21023246,-0.55546272,negative,2
19870088,before,-0.76978402,-0.11457032,-0.28238063,-1.4018739,0.59322117,-0.14945438,-0.53139695,-0.9112419,negative,4
19870123,before,0.29960491,-0.05993053,-1.8548865,0.91465291,1.1005706,0.74245739,-1.3806038,0.46939937,negative,3
19870127,before,-1.1911363,-0.71374251,-0.18422595,-0.48150973,0.60216209,0.032203213,0.68176373,0.68157772,negative,1
19870150,before,-1.1535698,0.30730799,-0.16615017,-0.81194315,0.12011943,0.20263298,-0.27333095,-0.35765912,negative,1
19870188,before,2.5035057,-0.5287121,-5.5464906,-3.0924024,-4.9190539,1.5881932,5.3769587,-3.6373712,negative,3
19870195,before,-1.0864681,-0.060877791,0.53034587,-0.12472119,0.067172872,-0.3916314,0.19151723,-0.4328262,negative,1
19870224,before,-1.2244545,0.34506388,-0.89516333,0.14987911,-0.039810682,-1.0573656,1.1316815,-0.58772838,negative,1
19870284,before,0.026520497,-0.83894936,-0.56118828,-1.1155347,0.0326117,-0.37170848,-0.51444621,-0.045701273,negative,4
19870288,before,1.4694019,1.2875384,-1.804952,-2.1945933,-1.5423993,-1.9488895,-0.89449217,-1.25038,negative,4
19870318,before,-1.1360306,-0.33715496,-0.45825971,-1.1942814,0.064094415,0.50506073,-0.52843487,-0.28273154,negative,4
19870361,before,-1.047564,-1.2708735,-0.28372692,0.20900235,-0.32486043,-0.81342757,0.090233799,-1.1244448,negative,2
19870369,before,3.806933,-3.1706555,-2.5386314,-2.8656356,-1.985369,-2.3023176,3.2029725,3.6563349,negative,2
19870475,before,-0.72429427,-1.3242176,-1.3002343,0.91338725,-0.18284685,0.50864023,0.74128344,-0.15290529,negative,2
19870533,before,0.076713656,-0.63484625,-2.9404728,0.93117501,0.99927716,2.5908462,0.15769407,0.95396343,negative,3
19870568,before,-0.12418765,1.3349669,-2.6924703,2.3365357,0.61488549,-1.0790969,1.1685398,0.86594648,negative,3
19870586,before,-0.46543569,-0.49714763,0.024781603,-1.2730731,0.25537886,-0.0046286909,-0.34863,-0.015492338,negative,4
19870593,before,-0.82859311,-1.3141986,0.13602152,-0.55704511,0.59538842,0.4053236,-0.29431899,-0.30535776,negative,2
19870612,before,1.1301338,-2.1075143,2.6694166,4.0545904,-1.1368044,-1.524248,0.63218156,-0.060433239,negative,2
19870634,before,-1.3840923,-0.17690417,-0.71277888,1.2151281,-0.50444188,0.0025890662,1.4587384,1.0500959,negative,1
19870641,before,-1.336694,-0.33472429,0.8519824,1.0635548,0.14376443,-0.65253369,0.36154376,0.72309062,negative,1
19870656,before,1.2827032,0.10728988,-0.034163912,-1.3764941,0.77389843,0.15266756,0.99017696,0.18448575,negative,4
19870666,before,0.084850017,1.3425494,-1.3164299,0.45588398,-0.41133243,1.1861117,1.1272817,0.14389412,negative,3
19870687,before,1.3226009,0.19625628,-0.89753107,-1.5013653,-0.52869616,1.2309064,0.097565971,-0.33019414,negative,4
19870701,before,-1.1698241,-1.0418677,0.93878991,0.58695935,0.20492205,-0.57525242,0.18736092,-0.52993168,negative,1
19870709,before,-0.62820964,-1.5025652,-0.30005412,1.7528623,1.419895,-1.1594995,1.1940951,2.2475236,negative,2
19870710,before,2.4526897,-1.3081745,0.096272616,-0.65163639,0.8877341,-0.5824368,-0.072235678,1.3585116,negative,2
19870870,before,0.94225522,0.52510795,-0.034616967,-1.3852791,2.043361,0.61841294,-0.0034365302,-0.23877571,negative,4
19870927,before,-1.6195047,0.11447899,-0.34004652,-0.77355031,-1.5650891,1.0890678,1.0198566,-0.11434338,negative,1
19871038,before,0.30230507,-1.8754376,-0.2442064,-1.5197629,1.9839611,-0.98418964,1.8317102,-0.67778304,negative,2
19871042,before,-0.4090308,-2.0366504,0.86550183,-1.712462,1.6692517,-1.5734652,-0.28877578,3.0043464,negative,2
19871044,before,-0.049430754,-1.4565933,0.14808797,-1.5983574,1.2114779,-0.89377238,0.65815271,0.48751121,negative,4
19871054,before,0.22819483,-0.67803174,-1.1489759,-1.2471965,0.24089822,0.046342794,0.17990376,0.0880675,negative,4
19871061,before,-1.0697489,0.031142649,-0.198179,-0.6725279,0.032559461,0.21458128,-0.67196631,-0.33076102,negative,1
19871082,before,-0.92138566,-2.5198088,1.1063802,1.3863092,-0.95953212,0.0024462204,-0.15898858,-1.1171172,negative,2
19871086,before,-0.32742274,1.2942796,-1.2506312,0.83541067,1.4387733,1.8197558,-0.1631379,1.32931,negative,3
19871092,before,-1.1580365,-0.14965616,-0.15618803,-1.1223064,0.29224914,-0.23433792,-0.79297256,-0.7784355,negative,1
19871122,before,0.24663747,-1.5576691,0.34615213,-0.9672616,1.202695,-0.55243084,-0.19507494,1.1886426,negative,2
19871173,before,-0.81253515,-0.0581668,-0.60643344,-1.6124391,1.2382933,1.0580534,0.17723738,-0.64109176,negative,4
19880012,before,0.76214847,-1.1954173,-0.78244583,-0.38418541,-0.003121273,1.5216999,-0.30002452,0.05997203,negative,2
19880021,before,-0.97236209,-0.06142315,-0.38826633,-1.3653756,0.49623402,0.44148428,-0.56316064,-0.39752386,negative,4
19880096,before,-0.005930853,-0.041157248,-1.7314252,2.0818679,1.161207,-0.89878922,-0.27742519,0.79973069,negative,3
19880116,before,-1.0029404,-0.031835649,-0.16517668,-1.1029563,0.46602862,0.012298491,-0.53472114,-0.57018082,negative,4
19880123,before,-1.0518603,0.0096849785,-0.52943872,-1.1908493,-0.048744218,0.16134746,-0.53439813,-0.82128237,negative,4
19880163,before,-1.168169,-0.39898824,-0.022546122,-0.67253613,0.19845676,-0.14572792,0.073684919,-0.041689609,negative,1
19880167,before,-0.93783314,0.08736024,-0.49714803,-1.1234972,0.32001811,0.15887605,-0.44345411,-0.19445889,negative,4
19880173,before,0.11315519,-1.1928779,-0.16783898,0.3994316,-0.62619637,0.3915821,-0.4683254,-0.36576294,negative,2
19880217,before,-0.69705073,0.84310092,-0.58792762,-1.5944664,1.5257037,0.37304613,-0.1982973,-0.47942194,negative,4
19880235,before,-0.8159174,-0.04839712,0.42560825,-1.5008333,-0.19316148,-0.69333287,0.88611854,1.148934,negative,4
19880268,before,1.7433234,-2.317547,-2.1416993,-2.41756,-0.088982326,0.3008886,2.4273167,1.7668345,negative,4
19880281,before,4.0319498,-2.821303,-0.50821523,-0.10037464,3.4660298,2.7523805,2.7823452,-0.65657586,negative,2
19880286,before,-0.87628837,-1.6289558,-0.57710253,1.3047436,-1.1276457,0.91995656,-0.64316082,-1.5262981,negative,2
19880287,before,2.6381411,-2.3692295,1.0594371,-1.7206678,1.3929472,0.38282566,-1.5617018,3.4075313,negative,2
19880302,before,-0.015178401,-0.74419316,-0.13744199,-1.3172403,0.22141441,0.14375254,0.10595193,-0.22729703,negative,4
19880329,before,0.28358653,0.51073736,-1.5566481,-1.193202,-0.59924046,-1.3880906,0.64973821,-0.65199299,negative,3
19880377,before,-0.55116908,1.3723927,-1.5164904,-1.4436643,-0.97367422,-0.16335487,1.5816953,0.054359595,negative,3
19880411,before,-0.99136276,-1.1889914,0.15706299,-0.76402412,0.21844092,-0.90159678,-0.077932988,0.98162157,negative,2
19880434,before,0.30869081,-1.5346275,-0.61320302,-0.87279075,0.38588924,0.092099406,0.14476189,0.42728941,negative,2
19880482,before,-0.10303412,-0.46302251,-3.0857221,3.1334941,0.71698689,-1.0733542,-0.11598899,-0.73959804,negative,3
19880513,before,-1.2369917,-0.078347119,0.99160952,0.99018844,-0.51649545,-0.62760006,0.78228818,-0.27716719,negative,1
19880551,before,-0.87078367,-1.1267212,0.23443258,0.20726429,-0.28993192,0.89120569,0.22163901,0.57919087,negative,2
19880598,before,-1.4364056,-0.47743798,-0.91534608,-0.16303126,0.094336582,0.2026446,-0.35084799,0.54119927,negative,1
19880609,before,2.541291,0.95055442,-3.9673373,-0.4630381,-2.7401196,1.0051123,-0.038726389,-1.6234687,negative,3
19880721,before,1.8073166,-1.7027126,1.793637,0.41025927,-0.9008648,-0.46860435,0.3320312,-1.1008858,negative,2
19880784,before,0.17641508,0.50232194,-1.7193811,1.8999377,-0.20123636,-1.2886105,-0.67126785,-0.64376848,negative,3
19880874,before,-0.17064804,-0.68390189,0.26283673,-1.159631,0.71207273,-0.33430403,-0.41436892,0.44032217,negative,4
19880964,before,2.4794209,-0.56757817,0.82833098,-1.4920132,-0.17361755,-1.41529,1.7866725,-0.11027744,negative,4
19881010,before,-2.000028,1.3935971,0.22476588,1.0224414,0.36422867,-1.6355445,1.8053867,2.0059637,negative,1
19881012,before,-1.6133409,-0.89424278,-0.65742514,-0.29353608,0.098174805,-0.6113463,2.7418318,-0.13345896,negative,1
19881039,before,1.8262303,-1.3422335,-0.061819059,-1.1780402,-0.39574524,-1.1601286,0.43874661,-0.32263441,negative,2
19881046,before,-0.13216497,-1.1202196,0.078477898,0.27637805,-0.21214713,-0.98360805,-0.68418725,-0.15167076,negative,2
19881062,before,0.55987903,-3.1071493,-1.4249213,0.26798396,1.4981793,-1.4717574,0.49180722,1.6655602,negative,2
19881094,before,-1.0769231,-0.24007363,-0.13412629,-0.6409166,0.27100914,-0.16704072,-0.36338283,-0.6809993,negative,1
19881103,before,-0.59153859,-1.5584571,0.29191812,-0.47006105,0.38135178,-1.1809294,0.26045798,2.1065818,negative,2
19881132,before,0.025310717,-1.2106635,-0.72249424,0.56644594,-0.31590561,0.22703493,-0.45623913,-0.74920384,negative,2
19881135,before,-0.9317466,0.84011151,-1.6770243,1.8917936,-0.37819981,1.005646,0.076768653,1.8985683,negative,3
19881137,before,-0.76487475,0.16109112,-0.13980824,-1.090947,0.51604365,-0.66650204,-0.50935827,-0.98249693,negative,4
19890010,before,-0.8670851,-1.4200812,-0.16834893,0.54961697,-0.44700921,1.108908,-0.065797437,-0.87433414,negative,2
19890066,before,-0.3554821,-0.026281619,-0.43406044,-1.572582,0.85780472,-0.28388194,-0.35507478,-0.55358034,negative,4
19890100,before,-0.82385563,-0.27787982,-0.39324807,-1.1143096,0.47278213,0.0016926575,-0.60886828,-0.87610793,negative,4
19890164,before,-0.45887883,-0.21528623,-0.066442534,-1.1502368,-0.28033381,0.04423429,0.0011831159,-0.40691497,negative,4
19890180,before,-0.58006831,-0.099614115,-0.2631722,-1.1984835,0.54345937,-0.31270931,-0.43691451,-0.54094711,negative,4
19890206,before,0.3707073,-1.2432123,0.31502176,0.64974916,-0.030755207,0.15167539,-0.44998052,0.094580666,negative,2
19890207,before,-0.27963978,0.18248423,-1.6504766,0.58980443,0.26613477,1.2166176,-0.91728309,-0.12910239,negative,3
19890324,before,0.55767655,-0.52015311,-1.6321626,0.67880148,-0.83223592,-0.43027798,0.37945871,0.93981851,negative,3
19890334,before,-0.014190531,-1.3240062,0.3237268,0.73070872,0.056074481,-0.064381969,0.69201842,-1.1533374,negative,2
19890340,before,-0.033035342,-0.51727988,-0.70733782,-1.3561638,0.10284658,-0.020543494,-0.37540822,-0.39773058,negative,4
19890342,before,2.797399,1.7058827,-2.037959,1.1501712,0.52494051,1.0761484,-0.57659834,0.69620403,negative,3
19890359,before,1.4212126,-0.91409594,-2.9788071,3.3381943,-0.68637865,0.99648226,-0.55240362,-1.0391351,negative,3
19890399,before,-1.3933718,1.2837721,-0.32376115,-0.44003742,-0.4440499,-0.46719483,0.80619701,-0.038439198,negative,1
19890441,before,-1.6093902,-0.066919924,-0.37702573,0.25647361,0.046538287,0.26418389,0.22212605,0.60334222,negative,1
19890443,before,-1.1150469,-0.15989607,-0.34180276,-0.2990262,0.12737472,-0.371132,-0.69622911,-0.68810651,negative,1
19890480,before,-1.0505499,0.67441176,-1.5409101,0.50079959,0.11735547,0.2961587,0.69522016,0.22689404,negative,3
19890495,before,1.0617516,-1.3791061,1.3477466,-0.31983382,0.072076591,1.6308401,1.7647023,2.765045,negative,2
19890559,before,-1.129274,-0.57944282,-0.25170518,-0.71674811,0.21277132,-0.35574564,0.095070215,0.37813397,negative,1
19890562,before,-1.2579035,-0.34028705,0.077660086,-0.70774183,-0.011058099,-0.29603,-0.8916788,-0.2635408,negative,1
19890595,before,3.0204906,-0.022484083,-3.5549543,-0.35536544,1.3353546,-1.7840392,0.79437857,2.7047254,negative,3
19890698,before,-0.7380296,0.24878802,-1.241836,1.2183578,-0.31470022,-0.38911406,0.084521423,1.8084944,negative,3
19890708,before,0.65236739,-1.5180318,0.42680325,-1.3251415,0.17760579,-0.52617437,-0.41152124,1.6755641,negative,2
19890786,before,0.96431834,-1.5024818,-1.4667694,-1.7754169,0.42229461,-1.031841,3.3929097,-0.31148071,negative,4
19890810,before,-0.86015445,-1.174772,0.062846648,1.5742784,-0.050080004,-0.48068615,0.37408546,-0.88861821,negative,2
19890840,before,-0.40194884,-1.3416188,-1.6748784,-0.54746154,0.14696786,0.99634971,0.90021037,0.82004391,negative,3
19890857,before,-0.054718306,-0.82531237,-1.3831011,1.1819379,1.0690064,0.32581104,-0.7987709,-0.94966132,negative,3
19890904,before,0.81026111,0.89187708,-1.8130078,-1.4889858,0.3775655,2.469851,-0.4459698,1.5417457,negative,3
19890928,before,-0.050355621,-0.31594639,-2.4246895,-1.3320681,-0.59572692,0.93314044,2.2314587,-0.65929689,negative,3
19890970,before,1.2932464,-2.1712228,1.8395892,-1.2705186,2.3912152,-0.47272421,1.9329575,3.6472727,negative,2
19890985,before,-0.22990316,-0.53796438,-2.6877831,0.73770066,-0.13275013,1.287115,1.8049655,-0.31764161,negative,3
19890988,before,-0.28130184,-1.1592881,-1.0068027,-1.0265625,-0.42271604,0.15170058,1.4692226,1.0758572,negative,2
19891005,before,-1.1611079,-0.20263851,-0.56216228,-0.8252033,0.22022732,-0.25132373,-0.27766082,-0.54785387,negative,1
19891027,before,0.44883242,0.8696893,-1.2037644,-0.61314527,1.8364735,1.621329,0.38027891,-0.56974239,negative,3
19891034,before,1.9301113,-2.8405877,-1.0790838,1.2718977,1.0670036,0.24741294,-0.16515413,-0.016422766,negative,2
19891040,before,-1.1785464,-1.0309988,-0.69890554,0.5204693,0.10159046,0.56879312,-0.19734015,0.13161355,negative,1
19891063,before,-0.19046927,-0.025823015,-0.50586894,-1.5380896,0.068201853,0.24535505,1.3450358,1.1130437,negative,4
19891075,before,-1.0955681,-0.41227338,0.24198681,0.096763309,-0.14896172,-0.44936464,-0.2568666,-0.90665877,negative,1
19891102,before,-1.0403904,-0.73185578,1.2307588,-0.0071966187,-0.88889819,1.3073796,-0.31803602,-0.69512801,negative,1
19891107,before,-1.3845367,-0.15615402,-0.65454942,-0.82052932,0.20256248,0.36782107,-0.57904642,0.098703837,negative,1
19891130,before,0.79254954,-1.0478558,-0.045224424,-1.8418966,0.56646801,-0.60441983,-0.49671996,0.29088274,negative,4
19891147,before,-1.1930936,0.068643843,-0.35421651,-1.1620527,0.57098646,0.1747018,-0.650298,-0.58538528,negative,1
19900020,before,1.3097257,3.1258427,-1.3648308,0.33050343,2.195952,0.77629647,-1.1466661,0.4018226,negative,3
19900032,before,-0.523009,0.6838601,-0.32965826,-1.1523555,1.3858499,0.40668123,0.19325986,-0.53262533,negative,4
19900040,before,-1.4730119,0.7342008,-0.66190786,0.592572,0.18256821,-0.4153155,1.5069892,0.46713283,negative,1
19900044,before,-1.154161,0.04891695,-0.69017694,-0.76348109,0.38698227,0.36296921,-0.32753075,-0.29951503,negative,1
19900058,before,-1.0465226,-0.44050501,-0.6401125,0.42745009,0.046148045,-0.14627247,-0.80827997,0.08217442,negative,1
19900112,before,-0.50222416,0.0002462262,-0.10783363,-1.1373188,0.85829132,-0.46596599,-0.09905185,-0.91082301,negative,4
19900135,before,-1.0757969,0.40978554,-0.37825414,-0.43133916,0.053594038,-0.53368769,-0.2237078,-0.33865492,negative,1
19900151,before,-0.80890511,0.24917078,-0.16241329,-1.3103503,0.58912088,-0.33930962,-0.54600483,-1.0685752,negative,4
19900159,before,-0.54501603,-0.71858578,-0.63171775,-1.2649992,-0.62926206,0.32457158,1.1394605,-0.57796976,negative,4
19900203,before,0.41042934,0.41676797,-1.2499623,-1.1739159,-1.2135668,0.73117729,0.37351667,-0.53801619,negative,3
19900228,before,-0.79721519,-2.3690705,-0.30702871,2.1337559,-0.64464159,1.5285703,-0.33833773,-0.7003908,negative,2
19900241,before,0.74146474,-1.1311285,-1.0579148,-1.2309538,-1.1511705,0.46937434,0.98493665,0.20626968,negative,4
19900276,before,-0.735254,-1.8066848,-0.20021469,1.0133221,-0.38438824,-1.4536977,0.20497325,-1.1708857,negative,2
19900356,before,0.69815291,-0.17717713,-1.6887843,-0.066242879,0.085003055,0.38987224,0.4568096,-0.91688221,negative,3
19900383,before,-1.0336693,-0.87786502,-0.53799623,-1.2893697,0.45366828,-0.6768138,1.5180028,0.35118134,negative,4
19900390,before,1.1806347,-1.3176267,-0.066258087,-0.37732788,-0.085012301,0.79917969,-0.02895072,0.43837105,negative,2
19900397,before,-1.0056548,-2.4639148,0.077702473,1.5353585,0.01314301,0.83002945,-1.0392296,0.72723069,negative,2
19900411,before,-1.5019284,-1.393244,-0.54940912,0.65359798,0.087017261,-0.0016347389,0.35309663,-0.099879167,negative,1
19900423,before,1.2352159,0.35047172,-0.081172907,-1.132291,-0.93065203,0.12730195,-0.37608582,0.20779563,negative,4
19900437,before,0.21424101,-1.1918827,0.12933306,-1.0909655,-0.46765288,0.24850772,0.95037487,-0.38990526,negative,2
19900492,before,-0.85227562,-2.0677426,-1.5271358,0.50018319,-0.46064547,-0.82053958,0.81535318,2.2976149,negative,2
19900541,before,-1.2167078,-0.032759438,-0.49166123,-0.60973674,0.021326513,0.14735795,-0.41838986,-0.26640957,negative,1
19900557,before,-1.5662307,-0.78617672,1.0476235,1.6301176,-0.32134294,-0.11439451,1.7190813,-1.1303015,negative,1
19900579,before,-0.86650974,-2.2276813,-1.1513849,1.5584653,-0.35040353,-0.42278164,1.0706164,0.32168067,negative,2
19900655,before,1.247216,1.1624126,-1.6631071,-0.25074391,0.26859285,-0.0066183125,-1.0539074,-1.1643479,negative,3
19900705,before,-0.87827521,-1.5845576,-0.84733019,0.5758581,-0.016254359,0.029930325,-0.42824722,-0.707494,negative,2
19900742,before,2.2686028,-1.4173829,0.69380415,-1.5914822,-0.49951033,0.77843873,2.5048057,-0.05487513,negative,4
19900772,before,-1.1069139,0.30425929,-0.70921238,-0.18181799,0.23012125,0.12381124,0.36194157,0.20689767,negative,1
19900777,before,-0.36138484,-0.95123641,0.64631673,-1.1021248,0.3954755,-0.51339445,-0.73752148,1.0961572,negative,4
19900861,before,-1.0067038,1.3690952,-0.93628579,-2.1701217,2.1267254,1.7967903,1.4724375,-0.063983844,negative,4
19900902,before,-1.3125833,-0.99080109,-0.73033976,1.1136226,-0.051446325,1.4735348,1.1442969,-0.067556065,negative,1
19900978,before,-1.0188729,-1.1684573,0.76083802,-0.072487971,-0.26260755,-0.76855097,-0.49749937,-0.27364157,negative,2
19900990,before,3.0766941,-0.69063199,-2.1629678,-1.5244092,-1.9432703,0.7175257,0.56324207,-0.084128374,negative,3
19901012,before,-1.9908318,-0.26030466,-0.29947173,0.2197856,0.14280899,-1.4618079,2.1156112,1.5114145,negative,1
19901029,before,0.49566035,-1.4717774,-2.4126053,1.57398,0.72700061,2.2839343,0.075802682,0.96057165,negative,3
19901047,before,-0.66658911,-1.2494497,-0.28320136,0.80539028,0.42738229,2.5297951,1.0960086,-0.59595547,negative,2
19901076,before,1.0550538,-1.1509493,-0.87209005,-1.5928609,0.042891329,0.62652946,0.63317909,0.50868362,negative,4
19901097,before,3.9961212,-2.2077986,0.15076947,-1.154428,4.5615653,0.90495819,4.6860496,-0.63763956,negative,2
19901111,before,3.047127,-1.9562333,-1.7537302,-0.30359354,3.0625883,-1.1802707,-0.19037048,-0.11501675,negative,2
19901121,before,0.55914007,0.58985517,-1.358013,1.3643701,1.060323,-1.0293252,0.75230741,-0.29536158,negative,3
19901130,before,0.0074663608,-1.6144695,-0.78771716,1.2041298,0.81836397,-0.91337703,0.15135598,2.0654443,negative,2
19901133,before,0.12478589,-0.51904941,-0.94584222,-1.1121216,-0.51216456,0.52196323,-0.053648647,-0.19571806,negative,4
19901136,before,-1.0535237,0.028722591,0.46192417,-0.10399202,-0.25852872,0.70823797,-0.33705624,-0.75332698,negative,1
19901154,before,-0.82198035,-0.062009581,-0.87788393,-1.254469,0.43733316,0.65734928,-0.079795224,-0.49568282,negative,4
19901159,before,2.9517428,-0.74602322,-1.6599018,0.80304514,2.9627203,3.1966258,-1.4490577,0.0077181718,negative,3
19910010,before,-1.1644432,-0.54131454,-0.84105276,-0.030268334,0.072482733,0.51145996,-0.26096129,-0.55563508,negative,1
19910023,before,-1.1822028,-0.41110819,0.30583526,-0.60516689,0.16122504,0.55898044,-0.51552502,0.0084831994,negative,1
19910030,before,-1.0413099,-0.68736875,-1.1214624,0.0526776,0.06822833,1.6377308,0.20451991,0.36075305,negative,3
19910034,before,-0.46710624,-1.6924009,-1.1002306,0.51620893,0.34871686,0.75774914,-0.56903505,1.3470173,negative,2
19910057,before,1.5499443,-1.7847984,0.39094077,-0.959934,1.4626166,0.0082663119,0.48846713,-1.0510676,negative,2
19910071,before,-0.24764134,-0.23099526,-0.59947706,-1.5753281,0.13731475,0.53651302,0.25834131,-1.3179074,negative,4
19910094,before,-0.84175767,0.50846696,-0.43174915,-1.1749081,0.74544149,-0.50931489,-0.29389802,-0.58440127,negative,4
19910096,before,-0.89841077,0.57527432,-0.33672614,-1.3520318,1.0598242,0.16554653,-0.44028165,-0.50889485,negative,4
19910117,before,-1.0643781,-0.18320875,-0.11127658,-0.71402145,-0.021783442,-0.17958544,-0.93748799,0.11449684,negative,1
19910124,before,-0.12857768,-0.67076698,-0.67621615,-1.2245806,0.49596674,-0.54792335,-0.19139546,-1.1555672,negative,4
19910166,before,-0.66333247,-0.1898794,-0.065530007,-1.3757174,0.78571714,-0.42114139,-0.56599207,-0.94687156,negative,4
19910187,before,1.8833755,-0.55518496,-2.1723006,-0.37382521,0.32542778,1.1263727,-1.4615851,0.92962143,negative,3
19910214,before,-1.2027042,-0.32689938,-0.10525126,-0.7289194,0.0080848374,-0.71811957,-0.21537236,-0.32633751,negative,1
19910260,before,2.9956146,0.70862846,-1.8738209,0.67358096,0.85421091,-1.1605389,0.054297872,-1.0622953,negative,3
19910295,before,-0.068093869,0.21491136,-1.8198892,0.23895233,1.0139469,1.7721142,-0.32304228,0.77282478,negative,3
19910313,before,0.068517829,1.3457409,1.2949689,-1.2140976,2.736142,2.5433984,1.2958853,-0.37589573,negative,4
19910336,before,-1.1036078,-0.19973966,-0.54405339,-0.31133499,0.78749235,1.0983411,-0.50910317,0.073187575,negative,1
19910339,before,-0.35661952,-0.56392977,-0.64592439,-1.4753471,-0.42372818,0.27222043,0.13719748,0.65939947,negative,4
19910416,before,-0.52194502,-1.8953839,1.15493,0.18079744,0.73782643,0.11998028,1.4803371,1.7506085,negative,2
19910454,before,0.24561625,-1.1295224,0.68212138,2.0956513,-0.53870231,1.2113905,-1.0893277,-0.17795663,negative,2
19910585,before,-1.1048719,-0.29590725,0.47301979,0.11167102,-0.49606568,0.71249088,-0.69227537,0.32026901,negative,1
19910691,before,-0.32051931,-1.162242,0.13292401,1.1128712,-0.99601552,0.063111994,0.52375851,-0.52438905,negative,2
19910741,before,0.46183021,0.86380113,-2.1356214,-1.1324519,2.0865528,1.5761262,0.30118452,0.76063102,negative,3
19910747,before,0.42051384,-1.5893896,0.43749141,3.3599448,-0.92934049,0.40148811,-1.0723769,-0.16320282,negative,2
19910792,before,-0.71135596,1.6992997,-2.487335,1.3596787,0.79861292,0.60881916,0.13393077,2.0487069,negative,3
19910797,before,-1.2658971,-0.58103094,-1.1147158,-0.2108449,-0.53985891,1.1326509,1.6181616,0.041601783,negative,1
19910806,before,-1.1735285,-1.6063357,-0.48495477,1.9304646,0.41833723,0.84640687,1.0966597,-0.64039194,negative,2
19910810,before,1.2583708,1.1437229,-2.7971642,1.7617009,-0.28240813,3.9313718,-2.4212877,0.82788648,negative,3
19910818,before,0.024236513,3.2022951,-1.7358293,1.2924134,1.8493063,0.8428176,0.21036885,1.31812,negative,3
19910856,before,2.0049555,-2.8092531,-1.0048292,1.7282776,1.6453461,0.58101565,0.88930256,-2.6771209,negative,2
19910914,before,-0.7061339,-0.43627532,0.16428982,-1.0946842,0.19629881,-0.60724494,-0.64055893,-0.042278024,negative,4
19910918,before,2.8693378,-1.2031621,-1.8411743,-1.695204,-1.8383849,0.59802117,-0.54419308,-0.18600041,negative,3
19910975,before,-1.0547299,-0.75655619,0.11823664,-0.076280694,0.21875778,0.40966099,0.85047223,-0.51392957,negative,1
19911053,before,-1.1027587,-1.1062364,-0.85853824,0.52778039,-0.019673286,0.11928556,0.33311757,-0.54007208,negative,2
19911059,before,-0.67388636,0.08542835,-0.94667951,-1.5032041,1.4691954,1.3193688,-0.00434586,-0.01578716,negative,4
19911082,before,-1.1041931,0.54583702,-0.46658319,-1.0196842,0.67317919,-0.4148539,-0.43249939,-0.32242187,negative,1
19911114,before,-1.0830614,0.30352611,-0.012311278,0.51309923,0.97291658,-0.19100213,0.88860941,0.55883154,negative,1
19911146,before,-0.67048338,1.2388247,-0.20834475,-1.3279777,0.021646992,-0.61107918,1.0005018,1.0612613,negative,4
19920043,before,2.0948121,-1.6058842,-1.0281547,0.080586751,-0.64595664,1.5500243,2.9765889,-0.56746545,negative,2
19920061,before,-1.23019,-0.055188708,-0.46382647,-0.79094353,0.36122846,0.23966612,-0.29529779,-0.52767277,negative,1
19920063,before,-1.1395981,0.17507865,-0.77934718,-1.023146,0.6969387,0.17574303,1.1728925,-0.73629902,negative,1
19920068,before,-0.71428489,-0.19544751,-0.62458993,-1.5129098,0.61389415,0.39557057,-0.12037714,-0.39432788,negative,4
19920083,before,-0.59589357,2.5405347,-1.2562904,0.14718053,2.1055092,0.53273683,-0.44831425,0.53736674,negative,3
19920090,before,-1.1659195,0.53100564,0.53136267,0.77162909,0.35779139,-0.9495582,1.4121815,-0.63945005,negative,1
19920101,before,-0.83156276,0.99680213,-1.7381145,-1.1561583,1.7372367,1.3961751,0.13055866,0.45302028,negative,3
19920172,before,-1.7417755,-0.81457127,-1.4122368,-0.35388751,-0.48432007,-0.52964679,2.1319142,-0.65623544,negative,1
19920207,before,-0.81888315,0.16987129,-1.7359037,0.93951472,0.86835332,-0.61177954,0.81426874,1.4358381,negative,3
19920248,before,1.271227,0.84004757,-1.2606187,1.1338382,0.76733301,0.11847165,-1.0660594,1.2090164,negative,3
19920258,before,-0.5629911,1.1511111,-1.1570078,-0.4992008,0.60055198,0.3028785,-0.61515704,0.77400582,negative,3
19920293,before,0.8569436,-1.3143247,-0.9753244,-2.0928445,-0.68024429,-0.0064255294,1.7469055,0.74651746,negative,4
19920308,before,0.24422885,-0.88354592,-0.28438811,-1.2779502,0.92930754,0.14330296,0.23690151,-0.50664886,negative,4
19920380,before,-0.78785656,-0.12347087,-0.36362317,-1.3131219,0.73256057,-0.24084576,-0.14682731,-0.23076515,negative,4
19920391,before,-1.3099756,-0.0048974949,1.6258039,-0.29008496,0.44994884,3.3734915,0.91888807,0.85493976,negative,1
19920445,before,0.76697908,-0.83884092,-1.3888684,2.5353273,0.7922741,0.068928228,-0.26656412,0.23940948,negative,3
19920501,before,1.695193,-1.2743317,-1.4302341,0.0071287096,-0.38065336,-1.1021579,2.2284798,0.92933541,negative,3
19920507,before,1.8148448,-2.136118,-0.28320766,0.68312433,1.8762212,1.0217167,3.0303188,-0.58406616,negative,2
19920628,before,-0.011907134,-2.0313754,0.94719928,-0.67677939,0.036722721,0.082469611,-0.62338897,3.0889788,negative,2
19920645,before,-1.5586302,-0.89744067,0.36324775,-0.98174267,-0.090471938,-0.88713747,1.1127794,0.63844716,negative,1
19920654,before,1.410014,4.0039159,-1.8424295,0.5006644,3.4918518,1.8426259,0.26013371,1.9859623,negative,3
19920670,before,-1.203925,-0.049636506,-0.18303296,-0.69870109,0.5230135,-0.6105326,0.97731799,0.095259259,negative,1
19920673,before,-0.10899206,0.79802792,-0.1189109,-1.150287,-0.13416977,0.18440098,0.61033615,0.97009047,negative,4
19920679,before,0.26961256,-2.2216975,-0.33918666,-1.7418829,1.2257281,-1.2792988,2.2221421,2.9017531,negative,2
19920696,before,-0.24677782,0.18796263,0.033816862,-1.1934853,0.19883233,0.048509856,-0.28449516,0.28454455,negative,4
19920700,before,-1.6138845,0.53409507,-1.0074602,0.031362462,-0.73313376,0.62765007,1.5029887,0.33156987,negative,1
19920732,before,-0.092956118,-1.4723808,0.89392455,-0.21706735,0.94198518,-1.3497158,0.79001159,1.7351744,negative,2
19920759,before,-0.018708328,1.8135258,-1.7136257,1.7852768,1.1778102,-0.02082264,-0.43662501,1.4518383,negative,3
19920766,before,0.95287164,3.4340554,-2.0965719,0.9654307,2.0021769,0.28400597,-0.042333143,1.9410933,negative,3
19920877,before,-1.2458191,-0.49234003,-1.093979,0.79009073,-0.077371019,-0.19057454,0.012510343,0.51447473,negative,1
19920925,before,0.43839912,-0.40850342,0.47067667,-1.2625189,1.1652073,-0.4771529,-0.7931502,1.5049693,negative,4
19920931,before,-0.67706849,-3.2634164,-0.68662121,1.3365906,0.51937384,0.071703123,0.74984298,0.54085453,negative,2
19920953,before,1.2167232,-2.2489803,-0.11065247,-1.7518744,-0.50678769,-0.75205345,-0.53844861,3.0074659,negative,2
19920967,before,-1.0576402,-1.1924916,-0.093916315,0.48339394,-0.3374924,-0.20164797,0.44036389,1.1144973,negative,2
19921015,before,-0.13361432,0.23264736,0.20249242,-1.1209538,0.68488013,0.1981789,-0.59977415,-0.33888969,negative,4
19921049,before,-1.1450168,0.30459621,-0.65335095,-0.45484839,0.25269161,0.24706085,-0.5617699,0.28860445,negative,1
19921082,before,-1.045093,-0.19500894,-0.67494621,-0.13425485,0.37587186,0.19973441,-0.71712535,-0.36076991,negative,1
19921142,before,0.038772436,0.71561991,-0.028077395,-1.2176996,0.84529536,-0.01669758,-0.072171329,-0.021224862,negative,4
19921146,before,-1.4342058,-0.76287066,0.54892433,-0.136072,0.25084064,-0.9601,0.23457568,0.9891041,negative,1
19930007,before,-1.0936772,0.4250882,-0.89999683,-0.59103563,0.53283414,0.172793,-0.33736468,-0.18415706,negative,1
19930012,before,-1.2916342,0.45718496,-0.23252502,0.12603758,0.027530586,0.52342175,0.38103336,0.11919607,negative,1
19930016,before,-1.1780939,0.074823896,-0.47955997,-0.58553282,0.388036,-0.23461148,-0.42337889,-0.58080402,negative,1
19930018,before,-1.0043318,-1.1205798,-0.17560413,0.63248306,-0.38452819,0.027896066,-0.99156072,-0.8820358,negative,2
19930028,before,0.10289338,0.36005509,-0.2232811,-1.2972804,1.2431232,-0.61300975,-0.69187691,-0.2517459,negative,4
19930036,before,-0.66370056,-0.42584116,-2.1654418,2.2501216,0.35837819,0.48996665,-0.097529823,0.10641047,negative,3
19930039,before,-1.2094378,0.18184121,-0.76020739,0.88773096,0.12888872,0.11845227,0.64700724,-0.25149453,negative,1
19930052,before,-1.8213841,-0.71514055,0.22440009,-0.25272829,-0.93513664,0.42836689,0.66731435,1.8117134,negative,1
19930080,before,-1.4504335,-0.51378055,-1.03271,1.366448,0.012279815,0.53490478,1.1264464,0.4298256,negative,1
19930085,before,1.5881961,-1.4907877,-0.61746236,-0.39531221,0.19854433,-1.1601133,1.3446706,-0.57228301,negative,2
19930112,before,-0.93757556,0.018991442,-0.15801196,-1.2074155,0.60148528,-0.15320116,-0.71787401,-1.0057456,negative,4
19930121,before,-1.1103279,0.30612378,-0.76976407,-0.68620348,0.57444675,0.32598002,-0.52115006,0.11718295,negative,1
19930146,before,-0.68431792,-0.07914348,-0.49626365,-1.116028,0.39757259,0.12404018,-0.62204942,-0.9200936,negative,4
19930211,before,-1.2241317,0.0058201919,-0.43027744,-0.78733489,-0.060454879,0.16933648,-0.73697034,-0.12865532,negative,1
19930231,before,-1.3233478,-0.73339494,-0.45824748,-0.58276964,0.12296125,0.21666136,-0.82687907,-0.9208445,negative,1
19930246,before,-1.3535868,-0.51308972,-2.2184847,1.5112998,-0.26003547,-0.90267255,0.3156777,0.78225426,negative,3
19930247,before,0.26766725,-0.13127861,-1.2240013,-0.26921204,1.0868615,1.5166408,-0.2968943,0.37006303,negative,3
19930259,before,-0.84528232,-0.21970179,-0.33790742,-1.1762631,0.12459944,-0.25179722,-0.64978117,-0.83888154,negative,4
19930261,before,-1.2505723,-0.4170075,-0.54009174,0.068532819,1.3133693,-0.86333617,2.4466814,1.1674493,negative,1
19930269,before,-1.1857526,-0.63918574,0.41405109,0.12162337,-0.59821101,-0.7988708,0.41368335,-0.13777382,negative,1
19930273,before,0.031956774,0.073916304,0.11045432,-1.1231912,-0.68428219,-0.22368087,-1.0368921,-0.24716945,negative,4
19930286,before,-0.82250959,0.48022463,-0.94781056,-1.222528,0.44317306,0.67246794,-0.12737512,-0.14917935,negative,4
19930293,before,-1.284964,-0.10586151,-0.29827855,-1.1092722,0.31391449,-0.086432632,-0.72557413,-0.64301424,negative,1
19930309,before,0.96300577,-2.1426165,0.18804983,-1.1579796,0.79769983,-0.60590693,0.290374,2.9919154,negative,2
19930318,before,-1.3392337,-1.8707277,-1.3903345,2.5915951,-0.028815918,-1.451134,0.48828259,-1.4238891,negative,2
19930366,before,-0.8892577,-0.355761,-0.11100408,-1.1536964,0.48979582,-0.48145888,-0.39056682,-0.42391063,negative,4
19930392,before,-0.882083,-0.093852982,0.045377222,-1.146491,0.44356076,-0.70599683,-0.12726035,-0.31638399,negative,4
19930438,before,-1.1584793,-0.37535043,-0.11171179,0.25599007,-0.30983893,-0.42675329,0.14619773,0.17191839,negative,1
19930443,before,-1.5172647,-0.088484963,-0.59413199,-0.54236854,-0.93580203,1.3660812,0.73005723,-0.24290331,negative,1
19930484,before,0.27349518,-2.4370962,1.7817291,1.4215422,-0.55260431,-1.5093967,0.0034185116,-1.4605539,negative,2
19930485,before,1.9444394,-0.56608144,-4.1163769,-1.8136484,-0.7103798,-1.218129,0.7245866,-3.1440572,negative,3
19930528,before,-1.0693397,0.40475088,-0.40786882,-0.80541023,0.058046815,-0.081282944,-0.87471884,-0.39546695,negative,1
19930551,before,-0.80266033,0.70211526,-1.2307115,-0.07378849,1.4923763,1.2907238,-0.10132257,-0.032947494,negative,3
19930564,before,-2.2034835,-0.47431973,-0.35616808,-0.1362349,-0.59753057,0.33399073,3.9699199,-0.43005143,negative,1
19930571,before,2.5942847,0.86827154,0.24944092,-1.3798044,-0.58553202,-0.033411865,-1.0828974,0.71716789,negative,4
19930606,before,-1.1442655,0.95563819,-1.07351,0.94562573,-0.22578728,-1.1029334,-0.24145743,1.7910759,negative,1
19930634,before,-1.459298,-1.3194152,0.11726723,0.077433364,0.21321923,-0.89424868,0.013581901,0.88447861,negative,1
19930649,before,-0.27244222,0.03705014,-1.5687003,-1.5598125,-1.1873594,0.29493555,2.4426117,0.11266219,negative,3
19930676,before,-0.71826047,0.09821048,-0.098280925,-1.1112859,0.0080580896,-0.43404936,-0.49347884,-0.20124793,negative,4
19930733,before,-1.338299,-1.0924065,-1.114036,1.0620584,0.029473809,0.46686755,0.64525279,-0.10758909,negative,1
19930756,before,-1.4472365,-1.605162,-0.77546103,1.9671139,-0.50335049,-0.60548964,0.1886117,-1.0704038,negative,2
19930803,before,-1.6477675,-0.82044469,-0.89781461,-0.45030664,-0.87647754,1.4240858,1.2778886,-0.37567765,negative,1
19930817,before,-1.1566236,-0.12980541,-0.18160204,-0.042260653,0.50888655,-1.0933674,0.79884058,0.61929231,negative,1
19930898,before,1.289529,-2.0126175,-1.9631865,2.6143832,0.61578265,-2.0020074,-1.681886,-0.50131225,negative,2
19930902,before,-1.1987667,-0.084704623,-0.39529644,0.55973433,-0.25572026,-0.55994996,0.14046926,-0.12218475,negative,1
19930909,before,0.53493441,-0.72398021,-1.922808,2.5473271,-0.078541462,-0.21657955,0.75497174,1.6740734,negative,3
19930918,before,-1.0344354,0.13472563,-1.1724994,-0.89787081,-0.59513899,0.95014413,0.9330679,0.37360757,negative,3
19930925,before,0.3883464,0.90998779,-1.3135188,-0.15723145,1.0964658,0.31393715,0.49180703,-0.053570689,negative,3
19930928,before,-1.3945802,-1.5204466,0.17537737,0.4658856,0.23143935,-0.21678885,-0.072403306,0.42821286,negative,2
19930952,before,-0.38257366,0.15556395,0.061287916,-1.2939442,0.41278034,-0.66481127,-0.30878696,-0.53242113,negative,4
19931037,before,-0.97710159,-0.91877427,-1.355523,1.2690858,0.73879809,0.014172103,0.6585273,0.011743048,negative,3
19931050,before,-0.85909302,-0.19345131,-1.6123417,1.1217443,0.23115122,0.47390604,-0.2787965,0.21461801,negative,3
19931063,before,-1.1677256,-0.69029143,-0.50122688,0.90120556,-0.22610295,0.14694637,-0.011064108,-0.10768675,negative,1
19931081,before,-0.15104519,-1.3279376,-0.045528594,-0.67689705,0.54155354,-0.71963058,0.018704927,-0.057378097,negative,2
19931091,before,4.2238383,-1.3053418,-0.90174357,-3.0030489,1.6645261,-0.49815395,0.17848374,2.4524311,negative,4
19931114,before,-1.0980466,-1.0015069,-0.027145865,-0.11984523,0.47379173,0.003857535,0.61648339,-0.13875714,negative,1
19931121,before,-1.2393936,-0.55828771,-1.0227768,-0.72442083,0.66331902,0.78365063,0.44812112,-0.30593471,negative,1
19931180,before,0.9837886,0.50849465,-1.4080347,-1.2569797,2.0125533,1.756168,0.75715043,-0.23813517,negative,3
19940010,before,-1.2439781,0.43442069,-0.64890175,-0.40421462,0.41492167,-0.45714637,0.45768506,-0.57828495,negative,1
19940012,before,-0.71096047,0.19428749,-0.70174617,-1.108513,0.81658175,0.54239064,-0.49662255,-0.18227767,negative,4
19940020,before,0.88922667,-0.84500364,-0.56066603,-1.9256144,-0.17146319,0.96098776,1.4755187,-0.37085132,negative,4
19940051,before,2.3204537,-2.6043006,-0.14336202,-1.3542924,0.90115273,-0.053048436,-0.20018972,5.4873088,negative,2
19940058,before,-1.3147666,-0.062322655,-0.5940766,-0.61530363,0.010272795,0.29447847,-0.39237258,-0.76177671,negative,1
19940115,before,0.79163303,0.47803077,0.033185186,-1.121809,-0.60050486,0.9610615,-0.78595628,-0.55196461,negative,4
19940131,before,0.80163929,0.053188188,-0.4635282,-1.5192911,-1.0575334,-0.70440833,-0.018077453,0.88771321,negative,4
19940180,before,-0.71921562,-1.8114714,-1.6317343,0.34648452,1.0825272,1.1219035,-0.8859088,-0.44670438,negative,2
19940182,before,-1.2575278,-0.88654559,-0.29906457,0.1535874,0.28989597,-0.14056808,-0.51989965,-0.87652519,negative,1
19940213,before,0.49068766,3.3828646,-2.3250561,1.0590201,1.9760354,-1.692591,0.12508254,0.43121999,negative,3
19940216,before,-0.51558663,-0.37223547,-0.34774005,-1.1295261,-0.46535309,-0.1782826,0.036477538,-0.54002123,negative,4
19940231,before,-0.87359831,1.106467,-0.53247233,-1.1731954,1.0406575,0.76653129,0.41943523,0.23467505,negative,4
19940268,before,-0.94367361,-0.16487825,-1.1647913,0.56534238,-0.1852934,-0.26491488,0.31583995,1.0800326,negative,3
19940290,before,0.15329111,-0.51781054,-0.17080314,-1.3415797,0.12139796,-0.11610555,0.13731126,0.0075487405,negative,4
19940299,before,-1.2392831,-0.26690104,-0.54342069,-0.57564983,0.09722333,0.4128245,0.41681365,0.20351292,negative,1
19940325,before,0.52486039,-2.0992684,0.82460858,1.6289147,-0.4812616,0.75115202,-0.32346033,1.0776107,negative,2
19940380,before,0.58524998,1.555528,-2.6626474,1.7957748,-0.3637103,-1.8578624,0.50560787,1.7522689,negative,3
19940392,before,1.0505522,-0.10589624,-0.36800323,-1.5550352,-0.95546324,0.26973584,-1.0915826,0.2618111,negative,4
19940398,before,-1.0511278,-0.12633329,-1.3752892,1.5933133,0.95469062,-0.6538354,0.15383126,-0.26656513,negative,3
19940403,before,-0.81872332,1.5773355,-2.0758233,2.4906135,0.54701945,-1.2401709,0.270048,1.9289032,negative,3
19940431,before,0.6637809,-1.1295492,-0.8158992,1.923922,-0.21613592,1.6573628,-0.81561565,0.67789315,negative,2
19940466,before,-1.41997,0.050565576,-0.79915632,0.48737582,0.22801625,-0.76795932,1.3512664,-0.2354359,negative,1
19940472,before,-1.0185121,-1.7614253,-0.27933024,2.1318556,-0.17274622,-0.86565326,0.26846765,-1.1730278,negative,2
19940493,before,-1.0288965,0.33263744,-1.4085864,1.2034933,-0.41591392,-0.6213623,-0.83284822,1.5010925,negative,3
19940497,before,-1.9787778,-0.96870986,-0.47822544,1.1179147,-1.0045933,-0.1167817,1.4583927,0.61271546,negative,1
19940548,before,-0.35637901,-3.6323378,-0.16454494,3.2347261,-0.25570702,0.073954263,1.0910081,1.2884374,negative,2
19940571,before,0.95525697,3.4126834,-1.4071675,-0.24661547,-0.57752802,-0.48336204,0.65039681,0.98500301,negative,3
19940605,before,-1.0890259,1.3498596,0.91094857,-0.50057455,-0.17101524,-0.856894,0.52188892,1.0718288,negative,1
19940609,before,0.79376765,-2.2137417,-0.32509915,2.4102678,1.8863612,-1.2646807,-1.1291728,2.8869982,negative,2
19940668,before,0.35440341,0.22756222,-2.4841193,-1.9294828,-1.8390022,0.17049289,2.4592428,-1.0311327,negative,3
19940674,before,0.81324514,-1.5102656,-0.61159468,-1.0721141,-1.3189091,-0.1867573,1.3523065,-0.33234,negative,2
19940703,before,-2.3457482,-2.1718282,-0.085670947,0.74667863,-0.58002958,1.1399195,3.8059109,-0.24458498,negative,1
19940750,before,-1.779019,0.36682165,-0.83776141,-0.21603059,-1.3249594,1.3921708,1.7320827,1.0735102,negative,1
19940764,before,0.12401288,-1.3550484,-0.83797739,-1.1619874,-0.43721467,-0.20930201,0.5636706,1.4974538,negative,2
19940807,before,-1.7177508,0.93565741,-1.0036966,-0.98709109,-1.4043953,0.22424141,1.4141457,0.050891445,negative,1
19940832,before,1.7607956,-0.11995527,2.9085552,-1.4766995,-0.24168886,2.6876742,0.56502185,0.19604002,negative,4
19940840,before,0.9323898,2.3814998,-1.1762452,-0.28008026,-0.97895908,-0.1313722,0.15977301,0.70049889,negative,3
19940886,before,0.86647693,-0.2769951,-2.0041721,2.1905673,2.7107727,2.3667736,-0.93758969,-0.88413339,negative,3
19941014,before,1.954271,-3.5019747,1.477988,-1.5446793,1.6194922,-0.47264168,0.1912487,2.4470839,negative,2
19941019,before,-0.47484302,-0.66402492,-0.69883424,-1.2995333,0.31106241,0.91217208,0.58235713,1.171512,negative,4
19941065,before,-1.0783577,-1.1959331,-1.3712459,0.39302818,-0.1687624,-0.98340417,-0.49159616,-0.29904877,negative,3
19941113,before,-1.2480946,0.21415815,0.11748217,-0.88588214,0.2071458,1.0380287,0.26193844,0.39906425,negative,1
19941134,before,-0.3580248,1.197375,-0.96613885,-1.3495004,1.1266907,3.8358504,1.3236222,2.4435154,negative,4
19941156,before,-1.4191214,-0.29433682,-0.41106817,-0.19494199,0.20397311,0.22837987,0.24905504,0.34098471,negative,1
19941164,before,0.50632219,-0.18810186,0.66543445,-1.4064827,1.1567132,-0.53661185,0.87244466,-0.56268237,negative,4
19941166,before,-1.30856,0.81310819,-1.7675617,0.61487727,0.46121258,-0.37432622,1.5817275,0.46887789,negative,3
19950008,before,-1.0447531,-0.26582016,-0.25942801,-1.152951,0.58532779,-0.26108088,-0.61378041,-0.94745632,negative,4
19950010,before,-0.87886893,-1.3695631,0.73540277,1.1005918,-0.54328367,1.5669117,-0.66390578,-1.0980233,negative,2
19950041,before,-1.1271011,0.61532105,-0.33796893,-1.1661868,0.61223193,0.0054449101,-0.53788723,-0.23539462,negative,4
19950100,before,-0.31422606,0.82839606,0.19276046,-1.1404827,0.94701565,-0.9773887,0.0072522944,-0.70229371,negative,4
19950111,before,-1.0691969,0.43658242,-0.81582412,0.65362337,0.60348009,-0.65865554,0.012001342,0.0172035,negative,1
19950143,before,-0.31005528,1.7928084,-1.2553892,1.2375711,0.81797633,-0.82194659,-0.20419701,0.68086862,negative,3
19950146,before,-0.33501302,1.3772287,-1.6703569,2.0977583,0.59995819,0.11902771,0.16107826,1.4867189,negative,3
19950191,before,0.47327814,-0.84252026,0.47015672,-1.1087718,0.43396504,0.95224561,1.3020272,-0.083503274,negative,4
19950217,before,0.40784625,-1.0298108,-0.073176092,-1.2500777,0.86940835,-0.17002384,0.14085543,0.34193807,negative,4
19950235,before,-2.2726903,-1.3567788,-0.55063994,0.81721177,-0.73809462,0.21835487,2.2167945,0.2207167,negative,1
19950274,before,-1.270871,-0.92656286,0.23615135,-0.064355931,-0.57909735,0.35600349,-0.47983575,-0.43237092,negative,1
19950289,before,-1.4258004,-0.77132905,-1.1229352,0.2851911,-0.14440476,-0.21141663,1.5757328,-0.2008847,negative,1
19950300,before,2.2058706,-2.001756,-3.3412488,-2.0604043,-0.99402154,3.1383288,3.8437789,-1.3009295,negative,3
19950306,before,2.0054631,-1.2030434,-1.0237191,-2.2104961,-1.4846078,0.74767265,-0.23736301,0.41142223,negative,4
19950376,before,-0.96381786,0.22560347,-1.9348453,1.1507014,-0.92175047,-1.4482923,-1.6240952,1.4060329,negative,3
19950386,before,-0.5955918,0.40491293,-0.27419913,-1.8168858,-1.3102994,-0.49908901,3.7706128,1.8101575,negative,4
19950392,before,-1.518502,-2.0031097,0.1765163,0.36301783,1.0530857,-0.32845186,0.83851852,1.5841025,negative,2
19950399,before,-1.2383758,-1.2618312,-0.19228405,0.72777729,-0.50586603,-0.52497622,-0.31752606,0.15191795,negative,2
19950418,before,-1.219557,0.40520056,-0.6391219,0.9079405,0.36783039,-0.44923836,0.22966765,-0.41536568,negative,1
19950459,before,-1.1203666,0.58683213,-0.5045828,-0.49265694,0.26668911,-0.8736033,-0.4695332,-0.58522944,negative,1
19950470,before,-1.3183314,-1.3627539,0.23743819,-0.37234061,0.40732901,0.044384131,0.12753225,0.95827647,negative,2
19950486,before,-0.41134622,-2.020788,2.671743,0.6825156,-0.88473005,1.1891846,-0.50676602,-0.49102421,negative,2
19950507,before,-0.010351677,-1.2371551,0.34002164,-0.18631274,-0.035332182,-0.36208925,-1.2327488,0.41691023,negative,2
19950555,before,4.4257615,-1.5458355,2.7406789,-1.7737714,3.4851012,-1.6481432,-1.475935,3.2005932,negative,4
19950654,before,0.87471383,1.6648621,-1.6530647,4.9259546,0.73691056,0.73599863,-0.34693245,1.3111985,negative,3
19950708,before,-1.1124771,-0.48373991,-0.57807594,1.1204463,-0.16738405,-0.035996617,0.20322327,-0.51830061,negative,1
19950732,before,0.50727286,1.535912,-1.095184,-0.56483782,0.21254864,0.15468246,0.74003236,-1.0929842,negative,3
19950766,before,-1.4321985,-0.5815269,-0.10111484,-0.059406023,-0.24829476,-0.66856517,0.51747851,-0.28422804,negative,1
19950794,before,-0.53572073,-1.7569293,1.0248846,0.14790311,0.047383562,-0.46731596,0.92121359,1.1200132,negative,2
19950812,before,-0.69742466,-1.9432165,-0.25369753,2.8089366,-0.28431528,1.4599887,0.33756472,-0.94462077,negative,2
19950815,before,-0.070846596,-3.5486054,-0.98349209,3.472491,-0.56464109,1.2726771,1.3983085,-1.6617916,negative,2
19950847,before,-1.4257276,-1.1463121,-0.52726734,0.12714554,0.28244534,0.12091165,2.0993515,-0.15263184,negative,1
19950921,before,-0.38099752,-1.1249066,0.35313473,-0.042295841,0.30607876,0.51356681,-0.45653179,-0.68015143,negative,2
19950963,before,-1.5869032,-1.0809562,-0.42562362,-0.252572,0.064694205,0.24371456,0.70978659,1.0455327,negative,1
19951022,before,2.1862614,-5.5076379,-3.6901048,5.7206578,-0.26068802,-0.28479607,-1.3221008,-4.3758253,negative,2
19951024,before,-0.37888059,2.4385075,-1.2333643,1.7152002,0.22607136,-0.74595579,0.097670788,2.2135031,negative,3
19951060,before,0.11961796,0.56976778,-1.9556204,-1.3039959,1.9771534,2.3063616,-0.12178742,0.077283558,negative,3
19951079,before,-1.3356959,0.46624758,-0.67878017,-0.8796007,0.55695773,0.996887,0.046830253,0.71363921,negative,1
19951082,before,-0.3782562,-1.7710074,-0.22931187,-0.12951059,0.061601687,-0.4506004,0.91171542,0.71313936,negative,2
19951090,before,2.297384,-2.458149,-0.33656038,-1.3795193,1.4459451,0.048756038,2.9275373,-0.33220602,negative,2
19951096,before,1.4357476,-2.0863242,0.081505392,-1.6334129,0.74369307,-0.77868458,0.88557291,1.5365178,negative,2
19951104,before,-1.0978258,0.096119725,-0.68747699,-0.4831469,0.65381077,0.38516346,-0.45937145,-0.21113231,negative,1
19951109,before,-0.95307087,-0.24941926,-1.1853857,0.88785986,0.45842769,0.31818509,-0.81367505,-0.054667808,negative,3
19951115,before,-0.38900319,-1.3450511,-0.087240273,-0.03412326,0.018616688,-0.67588034,-0.054266001,-0.015534196,negative,2
19951122,before,2.449415,-0.59067641,-1.5661734,-1.2485677,-0.43401517,1.0286736,1.1070966,1.0697877,negative,3
19951139,before,-1.0705544,0.36885529,-0.17036794,-1.0318294,-0.43988113,-0.13176002,-0.87822941,-0.041163795,negative,1
19951149,before,-1.1362704,-0.37278809,-0.073364159,0.84655276,-0.27582666,-0.074292462,0.14538464,-0.34615174,negative,1
19951150,before,-0.55217099,-0.56478602,-2.3038455,3.9601459,0.42294009,1.0213112,1.6671524,1.1957758,negative,3
19951163,before,-1.1184524,-0.043694488,-0.10636842,-0.80512265,-0.21473401,0.2446231,0.23535501,-0.49783425,negative,1
19951168,before,0.020636086,1.1883926,-2.1563801,-1.3621997,0.063375731,0.79572408,0.42438448,-0.45555854,negative,3
19960002,before,-1.1830458,-0.29545973,0.32588118,-0.48680704,-0.17587895,0.3029679,-0.40484507,-0.99818765,negative,1
19960008,before,-1.516382,-1.077491,0.62155179,-0.10660815,1.4523019,0.086184281,2.1564103,3.0553911,negative,1
19960009,before,-0.97837037,-0.066300302,-0.22758318,-1.2491502,0.67784448,-0.44685796,-0.3031737,-0.96488919,negative,4
19960014,before,-0.48396123,-0.08791798,-0.27737954,-1.2717754,0.92316184,-0.072219249,-0.45816454,-0.90162386,negative,4
19960042,before,-0.72557454,0.98381607,-1.0583744,-1.5784487,1.7112298,0.034532873,0.91516957,0.24410954,negative,4
19960117,before,-0.65013235,-1.2670161,0.1001423,0.025154067,0.1861024,0.24072621,-1.1799631,-0.086954968,negative,2
19960165,before,1.6953342,-0.7065985,-0.74309993,-1.8316031,-0.59683327,-0.30354344,0.24920167,0.10031608,negative,4
19960195,before,1.1792141,-3.5296495,-1.1423508,-2.1579321,0.91019624,-2.5582269,-1.3896559,3.4487458,negative,2
19960197,before,0.47641564,-1.934608,-0.72796897,-0.19120628,0.78782998,-1.3851486,-1.3181683,3.0035944,negative,2
19960232,before,-1.1018931,0.30718056,-0.62202915,-0.8497648,0.75830607,0.33871359,-0.73621859,-0.55457773,negative,1
19960286,before,0.0074020736,0.83483923,0.4277643,-1.1482753,0.00076352756,0.98051837,-0.054900845,0.60367177,negative,4
19960363,before,-1.1576398,0.17519388,0.87225707,-0.14885867,0.042507193,1.9798902,-0.22139723,0.14724271,negative,1
19960379,before,-0.3776155,-3.2479736,0.49338386,0.38351639,1.5751072,-1.4152024,0.60030915,3.2744802,negative,2
19960386,before,0.81060005,-1.9070966,3.6711102,-0.58156887,0.40900486,0.95271642,-0.51242097,7.4819325,negative,2
19960450,before,-1.4980013,-0.59549953,0.21388879,-0.41989126,-0.05700492,-0.74175399,0.30164128,1.0524686,negative,1
19960460,before,1.1921949,-1.2861478,0.83592545,0.044360902,0.5567179,0.66371879,-0.20494007,1.062195,negative,2
19960464,before,0.98586579,-0.45524576,-0.1052315,-1.4163805,-0.483597,1.2404427,0.20373406,-0.83279063,negative,4
19960472,before,3.6755284,-0.20362788,-2.464664,-1.6656843,-1.3700515,0.91651977,-1.4544313,-0.94652121,negative,3
19960489,before,2.3927499,0.2929995,-1.9917698,1.7481746,-0.033158396,-1.0073403,-1.2164234,-0.53860878,negative,3
19960599,before,-0.90169882,-1.8765954,-0.37269528,-0.50192448,0.63586645,-0.69899192,1.0820196,0.040690216,negative,2
19960642,before,-0.43816375,-1.1749358,0.55165101,-1.0360707,-0.075431934,0.19819563,-0.37041551,1.8832766,negative,2
19960652,before,-0.45927678,-0.57358035,-0.16965323,-1.1088811,-0.21634539,0.1800173,-0.055725717,0.21326258,negative,4
19960679,before,1.5706354,0.89114182,-1.152366,-0.19203506,-0.50681017,0.49995707,0.79233261,1.106996,negative,3
19960699,before,-0.82072464,-1.3347967,2.5589217,0.13365657,-0.85238539,1.0657851,-0.40593613,0.17027358,negative,2
19960715,before,1.0475136,-2.2078147,0.26967758,-1.5486995,1.7404713,0.20787047,0.89177903,1.0051625,negative,2
19960734,before,0.26353251,-2.0548194,4.8129796,1.5575645,0.36957588,-0.52807826,2.8032317,2.0228773,negative,2
19960744,before,-1.042829,-3.4470463,-0.55079701,3.5385177,0.88239958,3.9104242,1.1361219,-0.98177801,negative,2
19960756,before,0.52804807,0.60426272,-1.5271004,1.8388729,0.63707253,0.25854818,-0.24007291,-0.25057779,negative,3
19960792,before,2.400637,0.49191291,-0.4594618,-1.5312646,0.95900914,1.9144179,1.1535051,2.136871,negative,4
19960827,before,1.075289,-0.13993565,-1.4329048,-1.5705553,-0.70121469,-0.083440722,0.81073282,-0.539597,negative,4
19960865,before,-0.5411235,-1.4653556,1.1316736,0.94399645,-1.2548769,0.07436499,0.7681014,0.04249162,negative,2
19960889,before,1.8617118,-1.2224378,1.518279,-0.89862511,1.1758395,-1.0594877,-0.0043555283,-0.27210539,negative,2
19960896,before,-1.1763759,-0.64256641,-0.36040139,-0.69820126,0.34162607,-0.17656744,0.052030948,0.38759555,negative,1
19960978,before,1.0541753,-1.0352008,0.0985304,-1.4872612,2.3883878,-1.1223655,2.3693277,-1.0594301,negative,4
19960998,before,1.6595645,-0.72071019,0.18923636,-1.8444533,1.2198501,1.2113166,0.97582354,1.3060599,negative,4
19961013,before,0.88958226,-2.0976464,-0.47260612,1.5512022,0.69121477,-0.32842921,-1.7184662,0.94961879,negative,2
19961015,before,-0.010903149,-0.25184848,0.32065001,-1.2040969,0.045464683,-0.30965162,-0.19118897,-0.25288197,negative,4
19961025,before,-0.70522086,0.15701615,-1.0073908,-1.1918003,1.1669161,1.281161,-0.13560719,-0.27093297,negative,4
19961042,before,-1.1548606,-1.3547673,-0.099398661,0.34004944,0.044296003,-0.60020375,0.18247716,-0.29120422,negative,2
19961056,before,2.0896863,-1.2004091,3.6975956,0.72651543,1.6214516,1.1955846,2.0477026,0.032617685,negative,2
19961070,before,1.0793794,0.30757088,-2.2617852,-0.62755195,-1.0818225,1.5660785,0.37890023,-0.16613105,negative,3
19961095,before,-1.0416071,-0.43418235,0.3456338,0.7385544,-0.012520966,0.84752759,0.45542275,-0.29006295,negative,1
19961104,before,0.25592564,-0.45209407,-0.69805625,-1.2394921,-0.01092279,0.41277674,1.0642682,-0.00087752944,negative,4
19961114,before,-1.0473566,-0.24795159,-0.65285348,-1.2742219,0.40295831,0.72976147,-0.21360684,0.048382582,negative,4
19961121,before,0.068005305,0.46291223,-1.1829029,1.7958009,0.86375385,1.535559,0.43709066,1.496226,negative,3
19961135,before,-1.0797702,-0.79077121,0.17207353,-0.70078944,0.33430064,-0.59251344,-0.55095563,0.23528383,negative,1
19961137,before,-0.62864042,-0.33725542,0.039345508,-1.117809,0.67495893,0.15751736,-0.48978523,-0.6584744,negative,4
19970004,before,-2.0372795,-1.0273236,-0.44293657,0.19825425,-1.2037377,0.55604159,2.7199071,-0.17019886,negative,1
19970030,before,-1.4570421,-0.41156126,1.1829694,0.20591189,-1.0962051,0.76331534,-0.1578974,-0.75893695,negative,1
19970033,before,-1.0773942,-0.54775998,0.06702003,-0.27458085,0.19030829,0.75874672,-0.44840071,-0.66211463,negative,1
19970056,before,0.17663181,0.95675419,-0.38303681,-1.7421103,2.2164428,-0.61376973,0.23204385,-0.28644398,negative,4
19970086,before,-0.65005887,0.61711023,0.2094742,-1.4390072,0.98219486,-0.5058161,-0.60353848,-0.65719857,negative,4
19970095,before,-0.72529607,-1.122689,-0.85055643,-0.28999504,-0.34176172,-0.63045472,1.8133234,0.0084528545,negative,2
19970102,before,4.5552288,-2.594998,-0.067222606,0.14546681,3.5206091,-2.4271865,2.8661906,-2.3756854,negative,2
19970115,before,-0.72828078,-0.16936238,-0.1809558,-1.14471,0.3739034,-0.36773408,-0.31163596,-0.53570047,negative,4
19970127,before,2.2276231,-0.28300077,-1.6106588,-1.7114018,-0.48337866,0.1644953,0.92526157,-0.42371026,negative,4
19970140,before,-1.1256426,-1.8280226,1.5747689,0.6725684,0.73923585,-1.2706002,1.4300462,4.6054287,negative,2
19970153,before,-0.52684679,-0.27110641,-0.45175112,-1.2142515,0.058973851,-0.17385218,-0.3356245,-0.74487369,negative,4
19970167,before,-0.68868202,-0.43970142,-0.013591687,-1.2722403,0.44237217,-0.56324264,-0.35628303,-0.41215834,negative,4
19970233,before,1.5368002,-0.66184708,-0.31658265,-1.6269856,0.30940734,-0.21552278,0.40030905,0.77535687,negative,4
19970294,before,-1.128601,0.3033366,-0.78058038,-0.3779922,-0.89584156,0.46676326,0.10429033,0.22725867,negative,1
19970340,before,-1.0605756,-0.096178508,-0.053552986,-1.4151472,-0.35990793,-0.098453701,1.7537953,1.1041398,negative,4
19970346,before,0.69655189,-1.6989083,0.33403508,-1.4657165,0.54471728,-0.60435619,-0.72579159,0.28568569,negative,2
19970360,before,2.1159232,-0.2950189,-1.8766962,0.89742546,1.148188,1.3090477,-0.36272904,-0.84554488,negative,3
19970378,before,-0.44979624,0.70700146,-1.528246,2.4601195,-0.91864188,-0.44805103,0.27504634,0.70152175,negative,3
19970381,before,-1.3718264,-0.27661387,-0.74582557,0.17625575,-0.84637623,0.077956316,0.11461451,-0.43630536,negative,1
19970391,before,-1.1971692,-0.97545315,0.16103298,0.14484183,-0.13539076,-0.20066063,-0.27246984,-0.35880071,negative,1
19970397,before,-1.1142763,0.26555947,-0.18431135,-0.44515186,0.3646222,-0.010537988,-0.11068671,-0.37862556,negative,1
19970421,before,1.5732582,0.003646817,0.84610761,-1.3814893,-0.84627255,2.181412,0.3615426,0.68291682,negative,4
19970487,before,0.02540616,-0.97886724,0.40645976,-1.2075553,0.45758673,0.01011143,0.41422278,0.5814491,negative,4
19970495,before,0.29869145,2.6142766,1.1368495,-1.20549,0.662618,2.905114,1.0827319,-0.81021416,negative,4
19970535,before,-1.085453,0.96426831,-0.48062275,-0.70858418,0.14797132,-0.66676287,-0.29963429,0.23112848,negative,1
19970579,before,2.7178851,-0.24867566,-1.1398854,0.21200026,-1.0636531,0.57928381,0.18860857,1.8180275,negative,3
19970585,before,-1.4081996,0.51291041,-1.7589648,0.31322201,-0.38338094,-0.35597347,1.8106199,1.3197383,negative,3
19970604,before,0.57196468,2.9662056,-2.1350196,0.13204666,-1.2931087,1.8808509,0.029478499,0.0083744451,negative,3
19970623,before,-0.23400923,-0.75911717,-0.17870389,-1.1556678,-0.22481183,-0.56520951,-0.48927371,0.57817306,negative,4
19970642,before,-0.041274224,-2.3809178,-3.1013803,2.5826867,1.9430967,1.2124679,1.1375713,1.3437455,negative,3
19970690,before,-0.74291439,0.36783723,-1.6344524,1.6672991,0.27374085,-0.049281418,0.26526315,0.49219539,negative,3
19970704,before,-0.55998235,2.4239243,-1.3969234,0.35677181,1.9110698,2.0864635,0.028814913,1.8505369,negative,3
19970772,before,-0.87329063,1.7028226,-1.5795517,0.31623259,0.3018667,0.015535458,2.3357378,3.3473149,negative,3
19970780,before,-2.1538496,0.42734381,-0.76250811,1.3292003,0.089433702,2.9564144,1.9486636,4.2971116,negative,1
19970828,before,-0.32659581,2.8765055,-1.2247547,0.36825249,1.3742848,-1.1103653,0.14834978,0.82901012,negative,3
19970847,before,-1.0409904,0.2307751,-1.122323,-0.017090373,0.38729155,0.39433993,-0.44635628,0.077992999,negative,3
19970874,before,-0.95374638,1.4891993,-0.71059576,-1.326379,1.9230694,1.9945387,0.62889932,0.48794346,negative,4
19970884,before,-0.57237248,-1.3269574,-0.13888734,0.00081341973,0.83063544,-0.8861718,0.847954,-0.011903216,negative,2
19970913,before,-1.0762658,0.073244701,-0.53185583,-0.29006308,0.27324506,0.37974164,-0.085195008,-0.048630524,negative,1
19970928,before,-1.1203745,0.63824882,-0.44060248,-0.37171966,0.72144722,0.97822069,-0.65521544,0.040453698,negative,1
19970962,before,-0.30271474,1.2951192,-1.1954379,0.57924353,0.3927357,0.91668751,-0.02178398,1.343,negative,3
19970968,before,-1.2680621,-0.27440538,-0.21873325,-0.96692567,0.20235284,0.0026596404,-0.48220763,-0.62599323,negative,1
19970969,before,0.052854049,0.79294441,-2.2521332,1.1197481,1.1522946,1.5727199,-0.7460556,0.55763254,negative,3
19971047,before,-1.2381583,-0.84178401,0.18014557,-0.40488886,0.46632913,-0.83802112,-0.69173911,0.11836415,negative,1
19971054,before,-1.0809113,0.56010675,-0.69652453,-1.0828924,0.78715548,0.35159798,-0.14478945,-0.27717667,negative,4
19971065,before,-1.1458571,-1.1786315,-0.29109611,0.77915514,0.71956972,-1.0043265,1.1646113,-0.58446386,negative,2
19971067,before,0.52643984,-0.28815189,0.5316799,-1.3847064,-1.1734078,0.78477899,0.56358598,-0.85336678,negative,4
19971096,before,2.9745905,-2.3018309,-1.3080003,2.3140477,2.532406,-0.55341298,-0.60009303,-1.810008,negative,2
19980010,before,-1.2642095,0.0010193454,-0.88339878,-0.71639364,0.96590929,0.83570286,0.16937006,-0.06335944,negative,1
19980022,before,-1.6642543,-0.22892759,-0.20873572,-0.43143626,-0.93590665,-1.351326,3.6322495,0.68956965,negative,1
19980044,before,-1.1808234,-0.73305963,0.63407923,0.35595671,-0.085427247,0.39926139,-0.8448327,-0.75210571,negative,1
19980049,before,-1.1652239,-0.21600742,-0.71305718,-0.94450927,0.079217129,0.5483281,-0.18516011,-0.44173637,negative,1
19980055,before,1.0772025,-3.9336702,-1.1103535,0.28415349,-0.072871118,0.25677697,0.37777165,3.7717821,negative,2
19980061,before,-1.1281316,-0.74175323,-0.091684984,-0.024800745,0.10986461,-0.2329124,-0.30835492,-0.33728258,negative,1
19980071,before,-1.039166,-0.13210028,-0.38824042,-0.54839542,0.36930888,-0.60733492,0.4794505,0.47883312,negative,1
19980076,before,-1.2543706,-0.17052199,-0.36193066,-0.77033475,0.33210108,-0.069641086,-0.29607216,-0.68080552,negative,1
19980144,before,-1.0868526,0.21698399,-0.15724669,-1.0612002,0.28928528,-0.60410541,-0.46159475,-0.14886108,negative,1
19980213,before,0.97038555,-0.45483091,-2.1010928,0.41805799,0.20097712,2.9461834,1.7187965,0.71153819,negative,3
19980221,before,-0.62893223,0.78176212,-1.0877008,-1.0844585,-0.50474338,-0.10661218,1.1262064,0.81206633,negative,3
19980259,before,1.5688041,-1.505896,-0.39880629,-1.0177719,-0.96169609,1.218016,-1.2948203,-0.17490436,negative,2
19980263,before,-0.82055198,-0.33979421,0.084842658,-1.2229979,-0.28117927,-0.0087579899,-0.55163563,-0.0054887071,negative,4
19980289,before,0.40831656,-1.3428721,0.17270547,-0.25280597,0.53482857,1.2516672,-1.2540759,0.79378312,negative,2
19980293,before,-1.4845793,-2.2663679,-0.52573084,3.3836706,0.21497161,-0.94683435,0.503683,-1.0935221,negative,2
19980304,before,0.81476142,-1.0149251,0.34755185,-1.529106,0.54458578,-0.81041642,0.11629783,-0.29546684,negative,4
19980323,before,-1.2678251,-0.84771595,-0.29687172,-0.14721825,0.089532681,-0.0066353382,-0.36034333,-0.82157683,negative,1
19980325,before,-1.0642084,-0.1786439,-0.60297804,0.42639332,-0.24471316,-0.44452784,-0.56842513,0.46724777,negative,1
19980356,before,-0.87876924,2.59673,-0.74344057,-3.3891154,3.904639,6.3967035,1.3758751,0.89282561,negative,4
19980389,before,-1.1473392,-0.0023334819,-0.28005332,-1.0593234,0.15440554,-0.33978808,-0.54818685,-0.60523932,negative,1
19980434,before,-1.5721205,-0.62215731,-1.4542879,0.93888689,-0.2652605,0.94927578,1.5563961,0.46380816,negative,1
19980484,before,-1.6085521,-0.21814103,-0.48707377,0.19016628,0.51884879,0.6160102,0.91253038,-0.12886913,negative,1
19980496,before,0.64807701,0.14507107,-2.608544,2.0763499,0.31502589,0.5665469,2.2808877,0.49955931,negative,3
19980552,before,-0.32952654,-4.5442074,-1.6897785,2.3216617,0.57662119,1.7302246,1.0965448,-0.89276041,negative,2
19980711,before,-1.1361451,-0.035867181,-0.1466676,-0.58798025,-0.026890134,-0.59355104,0.05424607,-0.32102869,negative,1
19980840,before,0.83828283,3.2793084,-1.5805494,2.4776654,1.3267945,-0.14153427,0.47418375,1.4744591,negative,3
19980972,before,-1.2716015,-0.35708416,-0.39758437,-0.52568894,-1.0762589,0.85238689,2.2468963,1.3559568,negative,1
19981128,before,1.0923421,-1.6937866,-0.32808768,-1.5347151,0.26342213,-0.87533964,0.13504198,0.59950855,negative,2
19981154,before,-1.07042,-0.31983652,-1.3317856,0.78975675,0.33097377,0.84799053,-0.15499328,0.41254893,negative,3
19981161,before,-0.10076556,-0.35952838,-0.25819315,-1.4704865,-0.82625333,0.16990146,-0.18421698,-0.13946011,negative,4
19990043,before,-0.18982808,0.99421496,-0.73346849,-1.3746087,1.2438097,0.56993752,-0.44617422,-0.060971584,negative,4
19990056,before,-0.63558602,1.6015918,-1.6347702,-0.25573403,-0.20652347,-1.5667641,-0.42225616,1.9608765,negative,3
19990103,before,-0.11907825,-2.0311607,-0.31844905,-0.60246168,0.38818831,-0.35228849,-0.14183627,1.7872685,negative,2
19990128,before,2.1901658,-0.80400942,-2.9763022,-2.3241916,-2.328034,1.5732807,1.4537586,2.1041893,negative,3
19990154,before,-1.6186341,-0.80765306,-0.46959321,0.13808081,-0.59151992,1.2539997,1.347822,-0.20634941,negative,1
19990158,before,-1.0920908,-0.31613815,-1.7045444,2.2816871,0.25061205,0.18177517,-0.57697163,-0.1575025,negative,3
19990160,before,0.25567664,-2.072748,-1.1731821,0.51162501,-0.064436211,0.41259491,2.2208819,0.77710752,negative,2
19990173,before,-1.0504358,-0.39291812,-0.18074986,-1.2802401,0.23210184,-0.36631921,-0.5772505,-0.30530093,negative,4
19990237,before,0.13727364,-1.3342345,0.84607576,0.48673019,0.43089382,-0.53837861,-1.0402802,-0.420237,negative,2
19990286,before,-1.0971916,-0.67944435,-0.9861306,-0.21113341,0.33267654,0.74337417,-0.48246727,-0.077140769,negative,1
19990311,before,0.94616173,-1.7270762,1.6988535,0.30004156,2.4936754,-1.7255934,0.25025039,1.9100814,negative,2
19990483,before,2.7700072,-1.044527,-0.87155437,-1.1588304,0.79414356,-1.1154806,0.40644748,-0.081264035,negative,4
19990525,before,0.28118464,-1.2712971,0.6794683,-1.0801516,0.94260637,-0.13733875,0.1994619,0.93034411,negative,2
19990542,before,0.31769529,-1.3160064,-0.20881777,-1.338404,0.036387647,-0.65098343,-0.44790538,2.3980901,negative,4
19990547,before,-1.1858095,0.24372236,-0.021491682,-0.47216985,-0.1453966,-0.78654996,-0.35142944,-0.39296804,negative,1
19990605,before,-0.57563269,-0.53986549,-0.98874976,-1.2937935,-0.79775033,0.36831518,1.1089731,-0.75223703,negative,4
19990619,before,-0.94297526,-1.7281803,-0.46174662,1.3769848,-0.210566,1.2257814,-1.0751386,-1.0012904,negative,2
19990657,before,1.0155107,-0.90777527,-1.7379876,1.0977478,1.8463353,0.11269125,0.40918902,-0.99373491,negative,3
19990677,before,-0.81579897,-1.8073653,2.0932099,0.18927421,0.33124011,-0.89304419,0.36841473,1.6855694,negative,2
19990687,before,-1.9531827,-3.2131953,0.78135615,2.7469369,-0.25942423,-2.0139974,1.8869743,1.1746553,negative,2
19990699,before,-0.30610787,0.45238946,-1.4002483,1.0825661,0.8045817,0.66789873,-1.3098017,-0.14363758,negative,3
19990731,before,-0.43017522,-1.2008207,1.9965885,1.8681706,-0.43385026,0.39716568,1.6782992,0.32098156,negative,2
19990734,before,1.1076383,-0.46106377,-1.6638047,-1.3060476,-1.2461625,-0.61601057,0.91475015,-0.74310563,negative,3
19990749,before,-0.40535455,-1.4312698,0.85562436,1.9062809,-0.79577562,-0.3217527,-0.11656901,-0.38589479,negative,2
19990755,before,0.27646404,1.101129,-1.5762646,0.8556453,-0.85209885,-1.1493852,0.37232939,-0.31817794,negative,3
19990871,before,-1.1045668,0.3176661,-0.25255455,-0.36681711,0.43283217,-0.55532888,0.62390204,0.075432775,negative,1
19990885,before,-1.0486212,-1.1512725,0.21783886,0.67255535,-0.36596613,-0.75445871,0.26005717,-0.19531264,negative,2
19990905,before,-0.68920359,-1.1419424,0.40323029,1.1728247,-0.24728286,1.6342439,-0.9474915,-0.3838095,negative,2
19990922,before,-1.0872316,-0.30462572,-1.4618767,0.061464187,-1.2174524,0.56550092,2.8526807,2.3163963,negative,3
19990926,before,2.8446887,0.55234825,-1.4312512,-0.27344742,0.025149637,0.70602556,-0.36678278,0.29535207,negative,3
19990935,before,0.32682177,0.54374546,-1.3492707,1.8798889,1.5532383,1.5284817,0.85625553,0.19922012,negative,3
19990975,before,1.2190046,-1.6162162,-0.91913847,-1.3213868,0.60992854,0.39379617,0.52581728,0.43728675,negative,2
19991000,before,-0.53503983,-2.0572479,-0.76348335,-0.77442233,0.44086209,0.65612292,1.6645201,1.8155426,negative,2
19991010,before,2.3365115,-2.7788497,-1.8976208,3.6692044,1.5898925,-1.373815,-2.4970793,0.15348022,negative,2
19991045,before,0.75887347,-1.7395407,0.83305649,-0.54984683,-0.44066349,-0.76032669,-0.65468194,0.65025617,negative,2
19991048,before,-1.4048897,-0.098060344,0.42558455,1.1037142,-0.13933401,-0.84038433,1.2113955,-0.30293711,negative,1
19991066,before,0.23644307,1.914064,-1.7237471,-1.1326608,-0.93905836,-1.5143018,-0.11169461,-0.17759472,negative,3
19991073,before,0.62967742,1.8218418,-1.1926684,1.4508743,2.3554359,1.2542547,0.41655263,0.12534798,negative,3
19991127,before,-0.41741228,-0.39499655,-1.2207617,1.2473918,-0.48672747,0.059255107,0.19359481,0.080442955,negative,3
19991137,before,0.018536766,-1.1716131,0.1300999,-1.3066956,0.040541131,0.20591622,-0.40388468,0.54478622,negative,4
19991198,before,0.89577464,-0.15582563,-1.4660152,-1.612379,-1.1312014,0.44592503,-0.33401593,0.88504668,negative,4
19991207,before,-1.1280719,-0.40025687,-0.45906205,-0.55135397,-0.24398097,0.74494255,-0.0076877408,0.49071994,negative,1
20000003,before,-0.085200479,-0.52510819,-0.70444322,-1.8765467,0.59080909,-0.08248635,0.48287153,-1.2223605,negative,4
20000009,before,-0.14555155,-0.12685518,-0.45281601,-1.717076,0.34619986,0.30303254,-0.86714199,-0.9795975,negative,4
20000014,before,0.49079467,-0.44028157,-0.12349574,-1.3061211,-1.2015829,-0.55339082,2.8235364,-0.82976749,negative,4
20000047,before,0.081139573,0.87478543,-1.3051526,-0.036738524,2.3325165,1.4887542,0.30417238,0.8015227,negative,3
20000052,before,-0.46331359,0.062693649,-1.5416918,0.28191484,1.3248683,1.7607806,-0.35311211,-0.47847323,negative,3
20000054,before,-1.1196318,0.31793872,-1.0586894,-0.22310665,0.44310572,-0.2164654,-0.34194844,-0.5862488,negative,1
20000063,before,0.8234253,0.51737075,-1.6624515,0.54565133,-0.72154109,0.96230699,-0.12392306,-0.057430802,negative,3
20000086,before,-1.2064372,-0.31207897,-1.2915193,1.4223475,0.58860346,0.069707585,-0.016975076,-0.033683785,negative,3
20000093,before,-0.34613109,-0.056182053,-0.47674145,-1.1864367,-0.082996468,-0.14858348,-0.28490831,-0.13386964,negative,4
20000119,before,0.40126544,1.0587386,0.53792243,-1.6503233,0.23503197,0.73761625,-0.20243639,-0.37319336,negative,4
20000120,before,-1.0611471,-0.097588255,-0.051869261,-1.1171772,0.42456317,-0.13809721,-0.73351692,-0.81118075,negative,4
20000136,before,-0.033582437,-0.25265938,-0.69254137,-1.1461287,-0.15447966,0.03561969,-0.36855576,-0.94841272,negative,4
20000178,before,-0.87531818,0.29770961,0.10328965,-1.1357918,0.87138823,-0.037860432,-0.095588697,-0.83858261,negative,4
20000195,before,0.03224151,-0.3708714,-1.057754,-1.5034221,-0.43335458,0.89038923,0.39581796,-0.64922539,negative,4
20000212,before,0.28269533,-0.99453901,-0.054986351,-1.4768532,-0.15554177,-0.3605177,0.48618806,1.3111404,negative,4
20000234,before,2.4379665,-2.9815874,0.52811906,0.37663272,2.8511323,-0.36301009,1.9063862,-0.71057807,negative,2
20000245,before,0.94861869,-1.6908588,0.88158367,-1.4606149,3.603639,-0.9714957,0.68836138,3.3153462,negative,2
20000268,before,-1.0415521,0.081914354,-0.72247317,-1.6011162,-1.2297135,-0.09499387,4.9020551,0.56707303,negative,4
20000351,before,0.20461053,-2.4108041,0.32461057,0.91272,1.5833041,-2.1556162,-0.10617932,3.6688514,negative,2
20000354,before,0.38449284,-1.8950307,3.2849641,0.14041374,-0.74391426,2.068829,0.46174434,-0.3679093,negative,2
20000387,before,-0.93991729,1.7023025,-1.2060876,0.0065569427,0.52489152,-0.64818827,0.083899487,0.8697835,negative,3
20000390,before,-1.1011129,0.035937126,-1.3888225,-0.11474188,0.40936679,0.34915992,0.35742477,-0.31396357,negative,3
20000403,before,-0.64622126,-0.51538006,-1.734924,-0.58686972,-0.12783305,-0.1778246,-0.19796856,1.1258801,negative,3
20000407,before,-1.1134025,0.33730743,-0.30856424,-0.48746497,-0.20160211,-0.65110262,-0.28877037,-0.63535135,negative,1
20000443,before,0.35812271,-1.450796,0.29051846,-0.51106245,0.60358671,0.14626918,-0.66123304,0.9223868,negative,2
20000481,before,-1.9229725,-1.1080089,-0.45552242,0.68437282,-0.63257842,0.38890856,1.8209664,2.0455394,negative,1
20000633,before,1.5552251,-2.1295714,-2.5078587,-1.9090438,-1.6557429,-0.42096656,1.4481298,1.3050638,negative,3
20000658,before,-1.128785,-0.50107806,0.55746591,0.63872422,-0.013461469,-1.0501517,0.5294367,-0.022112931,negative,1
20000668,before,0.55514695,0.8861085,-1.7187514,-1.4464114,0.034190157,0.18902148,2.3080695,0.66333654,negative,3
20000745,before,1.4471216,-0.34004583,1.0009401,-1.3313172,-0.021001813,0.98565799,0.67502426,0.36209042,negative,4
20000821,before,-0.24155691,0.66322095,-1.879299,0.9144838,0.97210125,-0.11114194,0.11203229,-0.22942791,negative,3
20000849,before,1.1747653,0.73213211,0.67940473,-1.1875612,0.56286869,1.10253,0.69070523,-0.49327076,negative,4
20000885,before,-0.99827354,-1.61272,-0.42960137,1.1273387,0.3685447,-0.59179238,0.98941181,-0.29631467,negative,2
20000888,before,-0.0046502101,-1.5036424,-0.39024129,1.3622146,-1.0012466,0.4920789,0.39039338,0.72323909,negative,2
20000897,before,-1.5373245,-0.18496345,-0.75788646,-0.51498859,-0.12285766,0.70659371,0.77281283,1.535897,negative,1
20000923,before,1.2154445,-1.4983303,0.34491515,-1.5669711,1.7611985,1.7554124,0.92246432,0.71656919,negative,4
20000963,before,-1.2166572,-0.014643187,-0.26258002,-0.79409488,0.039797099,0.20775609,-0.60011967,-0.15840667,negative,1
20000981,before,2.2470298,-0.82838517,-2.9617885,-1.439781,0.47070683,0.81335936,6.0094033,-0.37492353,negative,3
20000988,before,-1.388088,0.037624368,-1.0734881,0.094400992,0.40736613,0.23959042,0.31269751,0.87795808,negative,1
20000998,before,0.099672676,-0.38190398,-0.21028947,-1.5437749,0.2893239,0.034207384,0.5114881,0.016585942,negative,4
20001070,before,1.3698281,0.47065822,-1.0822125,-0.15393984,2.0461829,0.93469185,-1.056796,0.33990808,negative,3
20001096,before,0.23802908,2.1520188,-1.9136989,-0.16891318,-0.63734227,-0.056885091,0.32392192,0.60600076,negative,3
20001106,before,-1.947178,-1.0203707,-0.14216523,0.14218428,-0.13159007,0.19580305,1.5816182,-0.03189714,negative,1
20001116,before,-1.4298628,-0.63130417,-0.37153429,-0.42982802,0.27535499,0.12198931,0.18516265,-0.35096301,negative,1
20001118,before,-1.0791365,-0.72331642,0.690682,0.67872814,-0.59821423,-0.28804972,-0.15542855,-0.70817906,negative,1
20001179,before,-0.097708745,0.35124541,-0.78502958,-1.2875086,1.2675168,0.50409585,-0.68094533,-0.48852206,negative,4
20010014,before,-1.1675831,-0.20830338,-0.19641966,-0.89171544,0.30967084,-0.26706664,-0.6971181,-0.71131803,negative,1
20010075,before,-1.0424824,0.027186246,-0.38049668,-0.46021973,0.13768474,-0.65878801,-0.31412374,-0.57704534,negative,1
20010096,before,0.46913713,-2.7638416,-0.21227372,1.2938758,1.470644,0.39497771,-0.009485297,1.3434063,negative,2
20010117,before,0.66813976,-3.32533,3.3751106,-0.48910612,1.9644889,4.383988,4.6090805,0.8974165,negative,2
20010151,before,-1.8282274,0.015341175,-0.29749601,0.2143757,-1.0283901,-0.19461322,2.5495229,0.11043184,negative,1
20010164,before,0.64638911,1.4050374,-1.1725714,1.866255,0.20115589,0.72405664,1.2428883,0.023636307,negative,3
20010171,before,-1.0752768,-0.32787537,-0.67586208,-0.67089007,0.53611467,0.034572737,-0.62355335,-0.82719275,negative,1
20010174,before,-1.2356081,0.26941443,0.50471592,0.081140971,0.039864082,-0.41342488,0.72440238,-0.56556468,negative,1
20010202,before,0.86535242,-1.0499517,-1.698109,-0.42257018,0.23934861,0.60240401,0.93544602,1.216687,negative,3
20010206,before,2.9011863,-0.210676,-1.3720524,2.8000347,1.8529854,1.1719112,-0.95804493,0.62350272,negative,3
20010211,before,-1.3334288,-0.11034835,-0.94756141,0.026150063,-0.067159667,0.23635321,-0.29895809,-0.50727376,negative,1
20010222,before,-0.060104622,-2.5488279,0.72002859,0.57497506,-0.30379253,1.1844149,0.088953161,0.39571857,negative,2
20010228,before,-0.73576846,0.37160685,-1.8005038,-0.39582856,1.7553385,2.4169464,-0.41263422,-0.026623585,negative,3
20010235,before,-1.0838489,0.023376896,-0.13398808,-0.90257054,0.26567679,-0.45120727,-0.90288322,-0.73283416,negative,1
20010287,before,-0.1607525,0.16751359,-0.19656452,-1.4422431,0.92998771,-1.1571441,-0.33557506,-0.54846022,negative,4
20010300,before,1.7328861,-1.3600283,0.1500226,-1.0287682,0.9557504,-1.3282692,-1.0233428,1.5571047,negative,2
20010454,before,1.1926488,-0.28958321,2.8416746,-1.117878,2.0879937,0.35726466,0.88855562,0.035684145,negative,4
20010510,before,1.5336025,-1.8874964,-1.4481059,2.4039534,1.0893807,0.17413463,0.86419714,-1.3314402,negative,2
20010518,before,0.97262748,0.4142724,-1.4416549,1.2171587,-1.1474672,-0.11759489,0.95607388,1.0288764,negative,3
20010527,before,1.2053824,-1.1317564,0.32601391,0.45532702,-0.24969606,-0.083166985,0.08061177,0.72540448,negative,2
20010530,before,0.29922908,0.51932715,-1.7561095,-1.6234901,-0.38482086,-0.16134145,-0.008095327,-1.6316143,negative,3
20010542,before,-1.1922107,-0.25228014,-0.7054324,-0.63480315,-1.0848624,0.60716196,0.04724217,0.31895108,negative,1
20010560,before,-1.0925548,-1.1502685,-0.097207901,0.34388941,0.092388495,-0.088326957,-0.87020963,0.50537801,negative,2
20010567,before,2.1715514,-0.33727682,0.95709956,-1.3320557,1.2357238,-0.85999857,-0.40277797,2.910301,negative,4
20010570,before,-1.1050516,0.24758346,1.0613028,0.40869434,-0.46565744,0.46985498,1.0241872,1.4368894,negative,1
20010662,before,1.2903879,0.89019786,-1.414163,0.49207498,-0.55308483,-1.3586077,-1.2602141,0.51144321,negative,3
20010695,before,1.5899039,-0.58814202,0.77690873,-1.4579221,-0.38983251,-0.74078608,-1.398778,1.1231382,negative,4
20010791,before,-1.2985399,-0.5817753,-0.61526544,-0.02330421,-0.73165036,0.081008894,0.5499225,-0.33190981,negative,1
20010796,before,-0.073076758,-1.5904375,0.32581596,0.30437996,0.32292972,0.35127925,0.36259379,-0.60363971,negative,2
20010811,before,-0.54659209,0.1988637,-1.5290088,-0.47617782,0.11810641,2.2511586,0.45601812,0.049945351,negative,3
20010897,before,0.082970079,-1.2631574,0.84100001,-1.4126069,0.28473669,-0.31176165,-0.80315777,1.2214402,negative,4
20010943,before,1.139802,-1.3115894,-0.38179653,-1.4928987,0.065332311,-0.53856029,-0.12383858,-0.082996076,negative,4
20010991,before,-0.39629851,-0.19172311,-0.80075068,-1.5143268,0.54724811,0.97428294,0.3212949,-0.038311417,negative,4
20011002,before,-1.7842134,0.50239745,-0.78789913,-0.76455829,-0.53809037,-0.71670306,1.7646093,1.285619,negative,1
20011010,before,-0.24851326,-1.3934124,2.0734625,0.3404143,-0.36617875,-0.33519382,0.0080850252,0.5713371,negative,2
20011025,before,-1.0749289,-0.45681553,-0.40958928,-0.42323011,0.12403841,-0.25516271,-0.39998948,-0.22939349,negative,1
20011044,before,-1.1616152,-0.28484553,-0.20449605,-0.58208428,0.053290109,-0.17105464,-0.64816335,-0.37769663,negative,1
20011060,before,-1.0378372,-0.2081061,-0.42823566,-0.45775443,0.73045711,1.688618,-0.82380511,-0.25147853,negative,1
20011071,before,-1.4720013,-0.48490567,-0.40724373,-0.61752758,-0.63596116,-0.51123156,0.42592784,-0.71499436,negative,1
20011072,before,0.97397526,-1.4253333,2.0780645,2.0774252,1.6150304,2.9759816,2.0334145,1.0322705,negative,2
20011163,before,1.2931341,-2.2543822,-0.25976786,0.19084459,1.4224158,-0.26348279,-1.7306041,0.96577741,negative,2
20011187,before,-0.90077301,-0.21706529,-0.062215511,-1.1472664,0.45207217,-0.037985337,-0.58471866,-0.3803538,negative,4
20020010,before,1.9093217,-3.7245106,0.24996434,-0.88241371,2.2340462,-3.2472311,0.25964637,1.8311103,negative,2
20020015,before,-0.4162678,-0.37107364,-0.68827875,-1.2699626,0.74344588,0.59085961,-0.29742719,0.070677141,negative,4
20020023,before,2.1601026,-2.3157589,0.75762492,1.383016,0.97521821,0.71828331,1.814463,-1.2840807,negative,2
20020030,before,-1.0587602,-0.57992623,-0.033880454,-0.021932838,-0.24385581,0.63749101,-0.60933347,-0.19043223,negative,1
20020034,before,-1.0956285,0.0016926069,-0.12938635,-1.1535902,0.036925934,-0.32470283,-0.68263665,-0.76726159,negative,4
20020062,before,-0.67448737,0.26686057,-1.6078913,1.2337217,0.21856824,-0.38109501,0.38257027,0.073023797,negative,3
20020085,before,-0.16786579,0.94610576,-0.42868839,-1.7627885,1.9809002,1.5272935,1.4407471,0.56954997,negative,4
20020103,before,0.36121144,-0.23262535,0.010432412,-1.5380713,0.78271886,-0.045489231,-0.7975042,-0.30468606,negative,4
20020104,before,0.67659869,-1.4712068,-0.25735644,-1.6995033,-0.98797443,0.30492641,0.57954805,1.5515125,negative,4
20020129,before,-0.47577657,-1.8164387,-0.084495061,2.052114,-0.41679752,-0.90271607,-0.62883962,-0.89283193,negative,2
20020131,before,-0.91370603,-0.10704967,-0.3333082,-1.1593463,0.56325611,0.04963231,-0.58437719,-0.58547356,negative,4
20020141,before,-0.5483529,0.35764415,-0.79442341,-1.1259212,1.244039,-0.032743321,-0.36845252,-0.37008465,negative,4
20020159,before,-0.10747111,-0.3485285,0.39937431,-1.334213,-0.71318809,1.6873275,1.43348,1.0172641,negative,4
20020164,before,-0.21509751,-0.61908517,-0.071383632,-1.2727961,-0.25636166,-1.0145976,0.83917396,1.0143374,negative,4
20020233,before,-1.0368614,-0.60503155,0.3101609,-0.81851163,0.030291004,1.3818406,-0.55789158,-0.69872974,negative,1
20020277,before,0.11816433,-1.5758914,0.87242933,0.43879217,0.19605096,-0.24849843,-0.46570181,1.4344992,negative,2
20020289,before,-1.220647,-0.060253812,-0.47809254,-1.1107974,-0.018539313,0.33646932,-0.086267149,-1.0605783,negative,1
20020328,before,1.8798593,0.65797306,0.68288479,-1.4840384,0.3854901,1.5111543,1.9082234,-0.79378624,negative,4
20020332,before,-0.40350184,0.68408603,-0.34609498,-1.3785346,-0.42876827,0.20529452,1.2307327,0.31174708,negative,4
20020352,before,1.2238178,-2.1376844,-0.28378946,-0.8495096,-1.7252408,-0.17944815,0.93868433,3.8659385,negative,2
20020365,before,-1.2248992,-0.029431276,0.33633182,-0.39237188,0.17570646,-0.69453497,-0.62802301,0.010924023,negative,1
20020368,before,-0.05690785,-1.3341797,-0.45677414,0.76979792,0.12113168,-0.83490546,-0.58904036,0.4073198,negative,2
20020385,before,0.79136455,2.2703018,-1.7709986,0.6002548,-0.46163657,0.91699101,0.73089565,1.8687938,negative,3
20020394,before,0.64187469,-0.42315354,-0.91581249,-1.0940947,-0.53649754,0.252709,0.41066829,1.3932911,negative,4
20020439,before,-1.0296619,0.93810884,-2.0731494,0.70940435,0.74482372,-0.21527451,1.9352024,0.0030129728,negative,3
20020445,before,-0.54155051,0.18665771,-1.2795602,-0.20037091,0.89865865,0.81316566,0.32362382,0.33057426,negative,3
20020483,before,0.51913879,-1.774366,-0.32101363,0.026267923,-1.4401606,0.41386593,2.2865331,0.62848096,negative,2
20020608,before,-1.9247021,-0.37310379,0.58707816,-0.40319155,-0.42634134,0.17489228,2.9330704,0.63953843,negative,1
20020613,before,-0.46931957,-2.4550154,0.17544461,2.5236097,-0.19634006,1.1831077,-0.79375321,-0.49094629,negative,2
20020618,before,0.62676955,-1.651626,-1.4612211,0.83625112,0.90373272,-0.24591579,-0.15635681,-1.1314335,negative,2
20020630,before,2.7422664,-0.49789155,-1.9772902,1.2747518,0.71870211,0.27426198,-0.85230779,-1.3574279,negative,3
20020631,before,-1.1552942,-0.20269981,-0.67673182,-0.76222075,0.34670175,-0.35799411,-0.34504157,-0.60954977,negative,1
20020646,before,0.94371465,-1.4511063,0.39288195,-1.0545497,0.98755816,-1.3937136,-0.41877323,0.056129975,negative,2
20020671,before,-1.3887847,-0.18313067,-1.8551241,0.94137216,-0.28128621,-0.3693046,0.59243764,1.1250187,negative,3
20020708,before,-0.61242713,-1.4318145,-0.28711104,1.5805146,-0.2241253,-0.37700915,-0.30352018,-0.44396048,negative,2
20020717,before,1.4417589,-1.771914,1.201413,1.2359112,1.8999791,0.085954889,-0.63706388,-1.2980977,negative,2
20020740,before,-1.4705878,0.92081773,-2.0679262,0.001181761,0.41648633,1.826574,0.52180249,1.5517455,negative,3
20020760,before,-0.065777706,2.1316824,-1.236939,2.4249772,1.2688291,0.99325453,-0.21634019,0.79156338,negative,3
20020797,before,-1.2705555,-0.69502528,-1.0223405,1.2684846,0.26895905,0.066645053,2.5552027,0.69313727,negative,1
20020877,before,0.47336536,-0.3506218,-0.11724117,-1.3837983,0.27664978,-0.26533805,0.4609156,1.7503597,negative,4
20020912,before,-0.96309274,0.086985176,-1.2873389,0.94375231,-0.12161336,-0.12502216,-0.2122945,-0.2684285,negative,3
20020917,before,-1.9152325,-1.2014763,-1.0887463,1.8955915,-0.136082,-0.24779657,1.7497274,0.21695412,negative,1
20021033,before,-0.11506484,-0.40427122,-0.01748955,-1.3560344,-0.15178669,0.16868212,-0.18624192,-0.68466379,negative,4
20021118,before,0.8780665,-2.3442216,0.66536192,0.79540895,0.022498262,-0.0027439102,-0.83452307,-1.2166308,negative,2
20021131,before,1.6575498,0.77774193,-0.81466138,-2.3322485,3.9826341,3.9232714,1.3775821,0.49413984,negative,4
20021153,before,-1.2036279,0.82891778,-0.18336843,-0.18318548,0.056838147,-1.1276317,-0.11111813,-0.31734056,negative,1
20030016,before,0.28821241,-1.9579142,-0.87202463,-0.30683812,1.3310695,-1.4720083,-0.6179641,1.7958606,negative,2
20030021,before,-0.23885667,-3.1459006,-0.48393686,1.3397121,1.3679047,-1.5256222,1.9019346,4.1268717,negative,2
20030029,before,-0.61535723,-1.7529291,-0.051280473,-0.61825035,0.74816815,-0.502691,0.82702363,0.72764903,negative,2
20030030,before,-1.068119,0.15580614,-0.87034093,-0.72291079,0.72559642,1.1971408,-0.64259361,-0.28707015,negative,1
20030035,before,-1.0595873,-1.3631435,0.063062919,0.27688035,0.54349142,-1.173368,-0.033716178,-0.81805356,negative,2
20030046,before,3.5528138,-2.7947638,-0.36891733,-0.074694298,2.9972733,0.4678564,1.6631278,1.5277077,negative,2
20030049,before,-0.91262391,0.11621914,-0.53616719,-1.1893793,0.34719001,-0.72156564,0.26436127,-0.25754981,negative,4
20030077,before,0.71536513,0.33711329,-0.70627781,-1.8092879,1.8882329,-0.79594997,0.35069692,-1.0941308,negative,4
20030086,before,-1.1689287,-0.47018279,-0.19318873,1.1494637,-0.66923812,-0.54886764,0.21699264,-0.50668934,negative,1
20030098,before,-1.0369846,-0.42432895,-0.3344662,-0.75291805,0.32264224,-0.0374806,-0.35393168,-0.5946348,negative,1
20030099,before,2.8309338,-2.2484467,-1.6849158,-0.81427441,-1.5023802,-0.32582295,1.0332052,0.40975539,negative,2
20030105,before,-1.0193609,0.50720979,-0.22193875,-1.2191579,0.91744022,0.07732335,-0.47804971,-0.49638158,negative,4
20030116,before,2.1595337,-2.698097,-1.2907265,-2.1564099,-0.15031211,-2.1078089,0.41881596,2.7156888,negative,2
20030124,before,-0.45896979,-0.29751685,-0.091399254,-1.3195856,0.38544619,-0.19181433,-0.80975944,-0.40894903,negative,4
20030170,before,0.12630794,-1.5935851,-0.16543171,0.56196481,-0.39773589,-0.64279942,-0.37158664,-0.17658893,negative,2
20030176,before,-1.1076683,-0.078816312,-0.6992973,-0.89761953,0.18166797,-0.01546639,-0.29901721,-0.74609877,negative,1
20030187,before,-0.41514663,0.76879865,-0.10363239,-1.1998878,1.0840941,0.5499263,-0.4945162,-0.596999,negative,4
20030210,before,0.15731382,-1.592522,-0.32777506,-1.0389517,0.61723177,-0.4528883,0.00074422018,0.80334373,negative,2
20030213,before,-1.0956126,0.10290415,0.17685438,-0.07763361,-0.0012749234,-0.63890037,-0.93804943,0.012985711,negative,1
20030230,before,-1.617741,-0.064570672,-1.2423792,0.74021116,-1.6139568,0.45192933,1.7627221,1.2017011,negative,1
20030246,before,-0.21521367,-0.087769193,-0.21157488,-1.1382875,0.00535316,0.34009298,0.15083388,-1.0373691,negative,4
20030319,before,0.56642746,-0.15949408,0.33770011,-1.2797532,-0.052738309,0.1835316,-0.12601143,0.040005578,negative,4
20030369,before,2.6243833,-0.26419012,-2.2609991,-2.5123006,0.83525892,1.9760832,-2.3085015,1.9673052,negative,4
20030392,before,0.13611335,-0.046313349,-1.153654,1.5125963,0.087148527,0.0053986345,-0.76619602,1.1606174,negative,3
20030452,before,-0.90305973,-1.3929612,0.70421833,-0.84789675,0.38147565,-0.32362794,-0.069719058,2.1799839,negative,2
20030464,before,-0.68095208,-1.301714,0.45141064,0.40913512,-0.14366291,-0.75044353,-0.099006684,0.82670824,negative,2
20030478,before,0.92960787,-1.004594,-1.4650686,1.0950561,1.1146124,1.5690238,-0.34228607,-0.47308936,negative,3
20030509,before,2.0620444,-0.10557976,-1.4936103,0.11641548,-0.00043780518,0.44872063,-0.46545838,-0.23068925,negative,3
20030513,before,-1.1093183,0.33443066,-0.061981964,-0.63458009,-0.241674,0.46778249,-0.13679087,0.44569937,negative,1
20030570,before,-1.4618049,-0.49269562,-0.23926151,0.017999086,-0.085509725,0.24822882,0.61022334,0.28080679,negative,1
20030646,before,-0.51082255,-1.3651014,0.68235227,0.48727991,0.73127142,0.6117263,-0.53763291,1.0077035,negative,2
20030653,before,0.28041286,-1.336812,-0.16451115,-0.15408854,1.2750303,-0.32023745,-0.0054061573,1.2496715,negative,2
20030677,before,-0.35076314,0.8035727,-1.8501097,0.71957033,0.8931347,1.7400406,0.46055413,0.95912743,negative,3
20030707,before,0.10982087,-0.13227642,-0.071270962,-1.703479,0.1296701,2.0893664,1.3532741,-0.0041019502,negative,4
20030716,before,0.17650537,-1.0667554,-0.71655192,-1.3049306,-0.95405825,-0.082651816,2.0859326,0.40918635,negative,4
20030727,before,-0.19026679,-1.5849325,-0.77215702,2.4079783,0.55715443,-0.24142786,0.48053299,-0.28032528,negative,2
20030753,before,-1.6644049,-2.1252104,-1.1200909,2.7511241,-0.4357822,1.6698653,-0.15340147,-0.64680995,negative,2
20030772,before,0.91204645,2.7947046,-3.0522151,-1.4358785,-1.3843172,-1.4469806,3.9081787,-0.16449041,negative,3
20030796,before,-1.0617957,-0.38777864,-0.23328178,-0.63431125,-0.089162644,0.12447163,-0.79643011,-0.56540475,negative,1
20030835,before,-1.1244777,-0.40546544,0.12243925,-0.12089551,-0.016665375,-0.32015038,-0.36077932,-0.65341757,negative,1
20030870,before,0.15522692,-1.5285682,1.1355807,-0.12918673,2.0728337,-1.0765898,0.56790969,1.1097709,negative,2
20030893,before,-0.17705047,1.3670515,-0.66219461,-1.3462468,1.6273826,1.2397829,0.49110096,1.1570405,negative,4
20030928,before,1.7683654,0.99688397,-1.3913466,1.8517552,1.4061261,1.5426907,0.20850265,0.69330496,negative,3
20030952,before,-1.0050863,-1.5636889,0.12569072,-0.10706383,0.64577107,-0.26099453,-0.034187748,0.87351525,negative,2
20030976,before,0.08116942,-0.6053563,-0.15804997,-1.1940842,-0.18381603,-0.18947943,0.40260886,0.25089348,negative,4
20030978,before,0.47911008,-3.3061125,0.61218533,-1.3716996,2.2948211,-3.2412612,1.7400537,4.0027784,negative,2
20030997,before,-1.1253935,-0.78744132,-0.47674819,-0.21165559,0.19745486,0.75315928,-0.93602711,-0.19180862,negative,1
20031004,before,1.1355689,-1.170202,0.56237157,3.1461589,1.68492,0.81072916,1.1213914,-0.86019616,negative,2
20031034,before,-1.3006841,0.10797881,-0.021749055,-1.1523025,-0.92586563,0.50173541,-0.18507231,0.48439041,negative,1
20031066,before,-1.0765074,0.32794204,-0.3177739,-1.0631601,0.44663058,0.67421679,-0.50339851,-0.18424835,negative,1
20031120,before,0.4036415,-0.78502275,-0.38852483,-2.1113155,1.9326505,-0.72842966,2.0042205,1.0323499,negative,4
20031125,before,-1.0081032,-1.7276929,-0.059381592,-0.0086408982,0.024071106,-0.59642791,-0.80053678,0.096635213,negative,2
20031150,before,-0.7474347,1.7891938,-0.34837232,-1.4967912,1.8951089,1.3771161,0.38074723,0.16036729,negative,4
20031161,before,2.6760029,0.56461921,-1.6098084,0.80993919,0.54737643,-0.67464359,-0.87908187,0.68281763,negative,3
20031166,before,-0.80115574,-0.87904422,-1.2529034,1.5038452,0.55664072,0.37931906,-0.8059305,-0.95528493,negative,3
20031173,before,1.9565388,-2.2109903,1.6622014,-2.3303549,0.41026432,0.72332101,2.0495871,3.3162469,negative,4
20040038,before,-2.4575026,-0.35009524,-0.37392867,1.102616,-1.4419474,3.0514452,1.4642448,2.3528707,negative,1
20040075,before,-0.13539596,0.50899983,-0.17182242,-1.1997292,-0.54615306,-0.19535232,-0.12682682,-0.42033733,negative,4
20040100,before,1.368804,1.1891414,-1.4529775,-0.91165558,1.2325533,-1.1239394,0.23353504,-0.37999915,negative,3
20040105,before,0.059223958,-0.02045699,0.28211725,-1.0868045,-0.37699322,-0.57129362,-0.82883036,0.023668738,negative,4
20040153,before,0.060551789,0.13675734,-2.1542397,1.0627145,-1.079476,-0.18733055,0.70819266,0.3454238,negative,3
20040155,before,-0.15394848,0.077462532,-0.0060994686,-1.475904,1.2104174,-0.84208375,-1.4162623,-0.36440478,negative,4
20040159,before,-0.23073228,-0.31980289,-0.18640472,-1.3784965,0.0072108891,-0.34308535,-0.80218204,-0.17338055,negative,4
20040167,before,1.7811205,-2.9117927,0.47315529,-2.0378397,2.3533336,-1.4333901,0.44468877,4.3978085,negative,2
20040201,before,-0.35124976,-0.22898757,-0.25732721,-1.3224696,0.33542574,-0.16230477,-0.50262796,-0.29197053,negative,4
20040217,before,0.57198427,-1.4835102,-1.0041448,-0.23359692,0.88770247,-1.2828905,0.43126353,1.0538671,negative,2
20040235,before,-1.2151647,0.22709241,-0.45519165,0.024241934,-0.26132191,-0.83209517,0.2677868,-0.27084402,negative,1
20040242,before,-1.1694025,-0.34706044,-0.25839218,-1.1140248,0.033339777,-0.24916019,-0.53297971,-0.77749586,negative,1
20040263,before,-0.5140069,1.6954031,-0.28269312,-1.2246357,0.74520776,1.9556179,0.5390824,0.43134642,negative,4
20040393,before,0.59871972,0.14682946,-2.4529745,3.0137301,0.68469472,-0.21251555,-0.031021624,-0.63135059,negative,3
20040402,before,3.7743373,-0.11007895,-1.7677742,2.972797,-1.3174308,-0.13592117,-0.48050083,-1.3573173,negative,3
20040456,before,-1.0645143,-0.40356485,-0.04322998,-1.0151933,-0.49987059,-0.04166168,1.3848355,0.39931318,negative,1
20040458,before,-0.10713138,-0.11254439,-0.15822446,-1.1671475,-0.022544282,0.48714126,0.94470688,0.40089305,negative,4
20040460,before,-1.6560305,0.46168353,2.7120116,0.36060103,-1.2083771,2.267758,0.61741318,0.61151164,negative,1
20040504,before,-1.1477443,-0.33673718,-0.6351636,1.2025622,-0.52262357,0.33703665,1.1022789,0.82341914,negative,1
20040557,before,0.48872188,-1.143493,-0.29668448,1.9539092,-0.49172786,0.95497638,0.11995316,-0.56086408,negative,2
20040602,before,-1.4364002,-0.62222804,-0.44685304,-0.81296785,0.43606043,-0.81102488,3.0193396,1.3020549,negative,1
20040713,before,0.41311287,0.72891091,-2.2350466,-2.5447748,-2.527997,1.4382593,2.4999317,-1.638495,negative,4
20040715,before,2.3020402,-0.05114664,-1.2766338,-0.70483982,0.90980332,1.9985501,0.20868656,0.17050976,negative,3
20040726,before,-1.3874819,-0.1681323,-0.42942448,-0.36597068,-0.60366381,-0.10395589,0.95991022,0.48383056,negative,1
20040792,before,0.43959978,-1.7921146,-0.88368983,0.70190997,-0.0097806709,-0.72265025,0.94821026,0.35900044,negative,2
20040805,before,-1.5358712,-0.54350233,-0.39369468,0.64815044,-0.53549,-0.58169538,0.9966013,0.15744616,negative,1
20040837,before,-1.6642767,-0.94408596,0.070595649,0.41981033,-0.022810486,0.021835074,0.68378974,0.85207198,negative,1
20040843,before,0.76689187,-1.1671574,-0.85870019,-0.82537698,0.55599096,0.1549574,0.51194678,0.82644596,negative,2
20040850,before,-1.828524,-1.4284627,-1.2032175,1.218111,-0.51555802,0.70875539,1.7988072,0.14940646,negative,1
20040855,before,-0.60058941,-1.2606144,2.1634845,1.4424622,-1.1901214,4.0296906,-0.55657875,-0.64797053,negative,2
20040883,before,-0.49591502,0.0020960617,-1.7059485,2.5653387,-0.49019126,0.84409954,0.71340716,1.3970042,negative,3
20040888,before,0.67203063,-2.2933662,-0.35699045,0.40732536,0.34875408,0.40310519,-0.85746606,1.7042268,negative,2
20040960,before,-1.487744,-0.10289202,0.10700491,-0.55616483,-0.79171994,-0.43071375,1.2999394,0.47602869,negative,1
20040984,before,2.0729932,-1.7483489,0.050238503,-0.17348294,1.7337812,-0.21645259,-1.2797138,0.55186968,negative,2
20041091,before,-1.4571468,-0.71381028,1.9324908,0.6700942,-1.4435456,2.3118336,-0.3722354,1.0999579,negative,1
20050007,before,-1.2832688,0.0080642143,-0.46473731,-1.1353827,0.26682631,0.26124664,-0.46561227,-0.26371113,negative,1
20050027,before,-0.40880133,-0.6896764,-1.7944891,0.52431838,0.38905336,1.6924712,-0.6039257,-0.04033695,negative,3
20050033,before,-0.72888643,-0.0076418056,-1.2595557,-1.4941409,0.46325164,1.1009213,0.31029241,-0.34277652,negative,4
20050037,before,-0.37977304,-1.2425696,-0.79820196,1.7373001,1.8903461,2.6297832,2.3417424,0.08925939,negative,2
20050112,before,-1.0989419,0.041895375,-0.6783843,-0.49618619,0.43728816,-0.091313624,-0.48749916,-0.73362562,negative,1
20050113,before,-1.328073,-0.67137247,-0.44990932,-0.69439781,-0.077265,-0.038487719,-0.56990854,-0.36826533,negative,1
20050155,before,-0.32802941,0.37887687,-0.11955208,-1.4701249,0.65007879,-0.040431168,-0.86055922,-0.56705278,negative,4
20050230,before,0.80663312,-1.0552376,-0.98131811,-1.1150517,-0.50931628,-0.60675704,0.94345952,-0.39055405,negative,4
20050239,before,0.1282277,-0.23425015,-0.37396161,-1.0995779,0.32294027,-0.54971215,-0.53380866,-0.83878342,negative,4
20050256,before,2.3797689,-1.188901,-0.77122722,-1.6381105,-0.26335918,-0.71212417,0.11735955,1.3871719,negative,4
20050326,before,0.80471342,1.0159532,-3.8217234,1.1046502,-0.88706457,-0.83929229,1.613968,-1.2614891,negative,3
20050346,before,0.81588067,-1.5305811,-0.72951067,-1.0148616,0.83859724,-1.239455,-0.68820164,2.6305081,negative,2
20050426,before,-1.0450635,-1.1613077,-0.062325394,-0.14763662,-0.056551171,-1.1406849,0.44944387,0.56493055,negative,2
20050489,before,2.3704887,-0.36379701,-1.6553017,0.83777899,-0.62061728,-0.67579824,-0.60673707,0.69505794,negative,3
20050593,before,0.61021019,-0.73768671,-2.4391402,0.86885781,2.1013295,-1.8771499,-0.30778883,0.95929028,negative,3
20050629,before,2.680327,-1.4234965,1.289183,-1.2029792,2.4616546,-0.46378287,0.54747809,-0.090715588,negative,2
20050694,before,0.95264569,0.46960108,-1.3773039,0.35656799,-0.46991953,-0.93688164,1.4752092,-0.27831066,negative,3
20050721,before,0.94298699,-1.5430693,1.1430995,0.22384797,0.80792685,-0.064046925,-0.31403434,3.5002793,negative,2
20050897,before,0.76036983,-0.26115041,-2.10579,1.2595092,-1.496164,-0.20127912,-0.52772582,1.8154227,negative,3
20050917,before,-1.6885093,-2.0052686,1.1929833,1.8360314,-0.4685491,-0.78442309,1.777153,1.5369094,negative,2
20050921,before,0.01516295,0.8844451,-1.9566792,2.3811713,0.16569057,1.0720943,-0.55688462,1.5231487,negative,3
20051073,before,0.93216905,0.38474739,-2.0976231,-1.9792594,-1.4598826,-1.6281638,-0.14896666,-1.2473483,negative,3
20051094,before,-1.4623377,-0.61151478,-1.6464805,0.028726965,0.2808482,0.39149811,1.097927,0.094451314,negative,3
20051116,before,0.41365052,-1.8464278,-0.85951037,-0.42249622,-0.37854332,-0.10489362,0.058793923,1.5565532,negative,2
20051130,before,-0.48230002,-1.12344,-0.048718384,0.49268491,0.88123142,0.70139491,-0.394977,0.52645967,negative,2
20051131,before,-1.5611832,1.1450824,-0.1127796,-1.3921331,-1.345899,-1.1153961,4.2511931,1.2546257,negative,1
20060008,before,-0.29662094,0.31819244,-0.17435837,-1.2193448,1.8505727,-0.19959852,0.97002082,-1.0842967,negative,4
20060016,before,-1.2322019,-0.95667064,0.15414726,-0.15382229,-0.52116638,0.72489362,-0.39459406,-0.27756496,negative,1
20060049,before,-1.087485,-0.2148597,-0.054851408,-0.99663266,0.20610653,-0.37672164,-0.75833917,-0.77945397,negative,1
20060071,before,-0.17548637,-1.2133354,0.7629407,-0.12228915,0.73265342,-0.37897471,-0.61947325,-0.81075755,negative,2
20060088,before,-0.64638289,0.19271544,-0.16994322,-1.3172025,0.59998551,-0.91143379,-0.1625424,-0.77702926,negative,4
20060105,before,-0.044886789,-1.3438968,-0.29780523,-1.1904857,1.093981,-0.63642317,0.88200919,1.0871975,negative,2
20060125,before,-0.0091226707,0.46265587,-0.67414159,-1.2045987,1.0962281,-0.11082909,-0.54599592,-0.090112255,negative,4
20060138,before,-1.1143293,-0.78402548,0.056194423,-0.52760056,0.51782678,-0.5260836,-0.57642385,0.54394138,negative,1
20060146,before,-0.38114304,-0.20495771,-0.64216647,-1.5140558,-0.36100977,0.12969653,-0.024227713,-0.46708325,negative,4
20060173,before,-1.1052474,-0.43704039,0.94723354,-0.16790925,-0.72852283,0.30876297,-0.84400157,-0.54411703,negative,1
20060187,before,-1.2590585,-0.52976927,-0.62464127,-0.65852661,-0.60757669,0.21550889,1.612235,0.86862646,negative,1
20060272,before,0.44023491,-1.6376312,-1.1267174,-2.2788266,-0.40474037,-0.29067891,2.4833474,0.9908681,negative,4
20060280,before,1.2055168,-2.993039,0.58171029,-2.2279943,2.08633,-0.011762417,1.7201724,1.6192832,negative,2
20060283,before,-0.5277033,-0.27390962,-0.24026635,-1.5315486,1.070918,0.51646494,-1.0239543,-0.22506074,negative,4
20060284,before,-1.0802166,0.28470355,-0.28078491,-0.57284257,0.10615805,-0.26414279,-0.97340075,-0.59514502,negative,1
20060338,before,2.0359421,0.62876192,-2.1041138,-0.79215708,-1.9099693,0.67394163,-0.082234424,-1.4120807,negative,3
20060360,before,0.31228531,-1.686498,0.97123667,-0.6081528,1.8932185,-0.21504301,-1.5875092,1.902874,negative,2
20060370,before,-0.65321192,0.43609858,-1.4465925,1.414608,0.060566234,-0.55714508,-0.69013,1.1758012,negative,3
20060378,before,-1.2121727,-5.0817949,0.22043992,1.3883606,2.1555167,-1.3037398,2.9612841,3.4919998,negative,2
20060416,before,-0.35621351,-0.05224676,-1.3262778,0.083369811,-0.8571602,-0.3452498,0.51946275,0.20272908,negative,3
20060423,before,-1.0379409,-1.6270118,-0.94849828,1.0617485,-0.079684757,0.30445811,-0.096179979,0.12239385,negative,2
20060482,before,1.7322423,-0.23972882,-1.545603,-0.01532328,-0.66125024,-0.29058233,0.24051434,-1.1464018,negative,3
20060488,before,-1.1619197,0.37236641,-0.21278163,-0.74518334,0.48717628,-0.73899385,0.89460105,-0.64498978,negative,1
20060498,before,-0.23045602,0.18789392,0.061603855,-1.1955199,0.14104701,0.66914099,-0.51621927,0.79483649,negative,4
20060534,before,-1.095093,1.5321248,-0.60952113,0.13776015,1.0588182,-0.80620639,-0.055643121,0.84606594,negative,1
20060582,before,2.0267052,0.15518809,-2.0776174,0.050792653,-1.9139301,1.1151504,-0.51008888,-0.61053353,negative,3
20060600,before,-1.2250951,0.21111597,-0.66571763,-1.1550197,-0.1499121,0.45326561,0.7863129,-0.16128359,negative,1
20060616,before,-0.12885051,-1.2261613,1.401131,-0.52977924,-0.58366483,0.51796782,0.59209221,0.42496212,negative,2
20060620,before,0.45496517,-1.6014897,1.6821263,0.32834051,0.70479162,-0.57278626,0.1515383,0.32621838,negative,2
20060645,before,0.88963585,-0.38007743,-2.24681,0.78417463,0.42140782,0.84866234,-1.0463388,-0.57671275,negative,3
20060654,before,-0.55524287,-1.1567469,-0.039773436,-0.58427701,0.50359425,-0.63728856,-0.45061285,0.94645598,negative,2
20060680,before,1.1921532,-0.50806433,-1.8847545,1.0398731,-0.86402445,-0.40641541,0.48823971,-0.76446206,negative,3
20060715,before,-1.9774925,-1.1384151,-0.33711351,0.83654503,-0.92119029,0.64428004,2.3571979,1.7224584,negative,1
20060763,before,0.60895237,1.5565224,-3.0328727,4.3899188,1.3194702,0.1503867,-0.37289168,0.75897922,negative,3
20060799,before,0.44658544,-1.3036694,-0.58862664,-0.58340459,0.83035635,0.35245234,-0.33585053,1.2850002,negative,2
20060816,before,1.3887774,1.5261847,-3.0393085,-1.3070967,-1.8540192,0.083251772,0.3891155,-1.2941249,negative,3
20060849,before,-0.022866158,-1.4854766,-0.23013868,0.68937691,0.047581012,-0.52680321,-0.65632482,0.80458465,negative,2
20060872,before,-1.153583,1.2724672,-1.0648747,0.61922267,-0.77720841,-0.15580902,0.93312172,1.3425696,negative,1
20060875,before,1.7379198,0.28435015,-1.5690285,-1.1275328,0.39581545,-0.18490484,1.474929,0.22477765,negative,3
20060907,before,-1.0319455,0.3758529,-0.4439352,-1.5115511,1.1096112,0.40778414,0.0042576937,-0.7813205,negative,4
20060940,before,-0.78117003,1.7029974,-1.6590485,0.10252711,1.08767,0.49402971,-0.048601306,1.0637876,negative,3
20060946,before,-1.1696801,0.043405483,-0.36131363,-0.87644285,0.4587094,0.22716801,-0.73114149,-0.36086725,negative,1
20060991,before,-1.2356414,0.097628426,-0.34348371,-0.56034411,-0.73255628,-0.14897978,0.34498459,1.3832294,negative,1
20061034,before,0.73739082,-1.3048008,0.51847047,-1.247821,0.62270578,0.10979761,0.72031138,-0.004961332,negative,2
20061041,before,-1.2265569,-0.26606831,-0.32360052,-0.42249837,0.2973962,-0.18303484,-0.62690583,-0.89932504,negative,1
20061050,before,-0.68606884,0.20086179,-2.1187657,2.537568,-0.75166612,-1.2798875,-0.12797232,-0.89595199,negative,3
20061056,before,-1.1527094,0.27178212,2.1965855,0.3247407,0.39928662,1.1943878,0.52634982,0.18374229,negative,1
20061105,before,-0.12538673,0.7127717,-1.4077942,0.29079123,0.79022923,0.33137995,0.61026362,0.31700427,negative,3
20061109,before,0.2427786,0.046521653,-1.2900716,-1.4224614,-0.088146089,0.057608489,0.30571582,0.084361607,negative,4
20061169,before,-0.33480671,-1.5972953,2.2005643,1.5857154,-1.5106627,1.4247023,-0.68194095,-0.24815512,negative,2
20061188,before,-0.6479644,1.1011987,-1.293428,-0.91219001,1.8616341,2.1948761,-0.24087366,1.2655568,negative,3
20061191,before,0.060999096,-1.459075,0.75414538,-1.2882751,0.9205682,0.16462837,-1.4258454,1.2685778,negative,2
20070034,before,-1.3474338,-0.28482595,-0.16414841,-0.86230538,-0.2863797,0.55562194,-0.67455553,-0.77053418,negative,1
20070038,before,-0.94378687,0.48548068,-0.57871764,-1.0963191,0.78827626,0.27203527,-0.39410674,-0.49094445,negative,4
20070056,before,-0.34197707,-2.9014724,-2.4708645,5.2139126,0.76187507,0.014103566,-0.10039619,-2.2450249,negative,2
20070084,before,-0.025475145,-0.25791455,0.16410478,-1.5355747,0.17231072,-0.18981779,-0.22614964,0.10950931,negative,4
20070086,before,-1.1591478,-0.36137016,-0.10292763,-0.93152176,0.47464413,0.2145205,-0.72970152,-0.52928866,negative,1
20070168,before,-1.2584129,-0.61400935,-0.68759297,-0.27463753,-0.25177626,0.083511481,0.58264102,-0.19842682,negative,1
20070173,before,-0.043122483,-1.8592957,0.022741262,1.0443599,-0.44854478,-1.0847959,-0.15096214,0.57707561,negative,2
20070177,before,0.82877869,3.0550527,-1.1358923,0.32749608,2.7280112,1.2104011,-1.1055574,0.89247175,negative,3
20070215,before,0.31196638,1.8510783,-1.4752177,-0.0088839899,-0.92093306,-1.3055964,-0.1120491,-1.1030903,negative,3
20070346,before,0.62204841,-1.1916413,-0.64790623,-0.60547469,-0.27124241,-0.70337335,0.12527129,0.8837082,negative,2
20070362,before,-0.36866987,0.83679163,-1.3623473,1.8677085,0.96599375,1.779741,-0.39209338,1.1098448,negative,3
20070413,before,-0.27927,-0.58456794,-0.32304927,-1.3684601,-0.42281143,0.51179305,-0.15361749,-0.25182023,negative,4
20070443,before,2.8390746,-0.96339636,-0.58564784,-1.6652368,0.14229487,1.9622903,0.26235419,0.41969432,negative,4
20070457,before,0.46954044,1.1847487,-1.7500071,0.80607164,-1.7030592,-1.2018118,0.16846728,-0.29198695,negative,3
20070470,before,1.1977323,-1.6681847,1.9740398,-0.48535023,3.4943002,3.5242257,4.8228938,-0.72154181,negative,2
20070473,before,4.1962489,-4.0661073,2.5999693,-1.8936161,4.2329683,1.5343016,-1.2492266,5.4032551,negative,2
20070495,before,-1.4521656,-0.29871165,-0.1490487,0.56737717,-0.58551095,-0.78137265,0.87593606,-0.48071158,negative,1
20070518,before,2.9024864,-3.4741597,-1.8220339,1.3037617,-0.21673195,-1.1919029,-0.30275095,2.573788,negative,2
20070530,before,0.099673484,-1.2341543,1.5044655,-0.049597232,-0.28010708,2.4607602,0.67484924,0.28474013,negative,2
20070562,before,0.48415177,-1.1630957,-1.8116065,1.412811,0.70427857,-0.11802543,1.2723601,-0.8431245,negative,3
20070623,before,-1.417979,-0.14446026,-0.16822063,-0.022399233,-0.28843277,-1.1914163,0.40204442,0.37867938,negative,1
20070648,before,0.74063837,-1.8401292,-1.0001371,2.5069852,-1.8040661,-1.182547,0.05473323,0.6454243,negative,2
20070732,before,0.29725306,-1.5190551,0.25562242,-0.50441554,0.11905111,-1.278402,0.77968517,1.6906445,negative,2
20070821,before,-0.52517647,1.1585371,-1.4076515,1.035558,0.6275991,-0.087472339,-0.60625843,0.83992475,negative,3
20070935,before,-1.1864518,-0.43627083,-0.6708215,-0.48669547,-0.1727801,0.26011027,-0.064725692,0.2020595,negative,1
20070941,before,-1.1037022,2.029979,-1.3556731,-0.45585891,1.0400049,0.31265163,1.7245654,1.5957565,negative,3
20070954,before,0.67309892,-1.4466492,-0.52475005,0.76549773,0.91100859,-0.018059822,-0.22348816,0.0049691935,negative,2
20070955,before,-1.1010983,-0.1492973,-0.18358677,-0.61087621,0.11214073,-0.43551343,-0.54430967,-0.64728856,negative,1
20070980,before,-0.079890722,-1.5270793,-0.43344978,2.2380759,-0.034579955,-0.31639124,-0.54003594,0.65665479,negative,2
20071009,before,-0.074094948,1.6328304,-1.5439841,0.77736028,0.96044426,-0.79448171,-0.28017397,0.64282347,negative,3
20071022,before,-1.0571858,0.40232826,-0.60592327,-0.17238236,-0.29920463,-0.95177602,-0.19655958,-0.098824113,negative,1
20071042,before,-0.29705983,-1.3921662,-0.18395568,-0.55222255,0.24488645,-1.320077,0.39844222,-0.86141437,negative,2
20071064,before,-0.44005629,-0.72834782,-0.075912049,-1.2389026,0.18590344,-0.47821693,-0.45508203,-0.18099941,negative,4
20071071,before,-1.1250913,-0.87119615,-0.50472715,-0.16336461,0.35689876,-0.66185434,1.5489162,0.79770266,negative,1
20071113,before,-1.1052849,-0.039914403,-0.52569183,-0.90503319,0.26527251,0.39688259,-0.67947686,-0.47430982,negative,1
20071127,before,-0.5523518,-0.2203036,-1.2937694,0.40480506,-0.49812052,0.97717572,-1.2163157,-0.61825386,negative,3
20071134,before,-0.20590689,-0.054593626,-0.60635133,-1.4770532,1.3973086,0.6136796,-0.32569538,-1.0885135,negative,4
20071141,before,-0.24013669,0.52493904,-0.036787266,-1.1571303,0.40778835,-0.59951903,-1.0951515,-0.40223432,negative,4
20080005,before,-1.1336618,-0.36004244,-0.22011615,-0.38061085,0.051369578,0.2812861,-0.085249134,-0.51309515,negative,1
20080009,before,0.15143222,-1.2716604,1.3309082,1.2420571,-0.94079745,0.70168254,0.20347089,-1.0752793,negative,2
20080010,before,2.3562075,-0.65988853,-1.6666587,1.0868369,1.971929,-0.38522346,-1.4123249,0.55269404,negative,3
20080014,before,-0.27316243,-0.34765597,-0.66713439,-1.2199415,0.76081087,-0.22657188,-0.16198372,-0.80444959,negative,4
20080021,before,-1.2184827,0.3924125,-1.3612457,-0.12732485,0.51099685,0.97931867,0.17235925,0.63255537,negative,3
20080050,before,-0.63977385,1.4570078,-1.7938752,1.4419092,-0.53783112,-0.24166208,1.2306697,1.3625723,negative,3
20080105,before,0.86815151,0.51406272,-1.9666965,-0.69572645,-0.27374974,0.87353708,0.55245438,-0.57072446,negative,3
20080113,before,-0.38890749,1.9196659,-2.1731495,0.8773538,2.3904066,1.0218218,0.097033388,1.5209336,negative,3
20080124,before,-1.0391823,-0.78538995,0.54929649,0.31709802,-0.50042926,-0.13547859,0.18608902,-0.98385852,negative,1
20080152,before,-1.1823938,-0.52812138,-0.45399887,-0.34650107,-0.1904294,-0.59340142,-0.3530697,-0.47124069,negative,1
20080158,before,-0.63763661,-0.19481068,-0.43152666,-1.2814448,0.50963436,0.22740681,-0.32817467,-0.18727199,negative,4
20080207,before,0.964653,-1.5357831,-0.70029846,1.3880063,1.4934131,-0.069913474,0.20461979,0.11627498,negative,2
20080220,before,1.6359179,-3.3804999,1.0999643,-0.39050578,3.5684098,-2.7266105,0.26275365,4.1814794,negative,2
20080302,before,1.9277075,3.4699073,-2.8732288,-2.4572996,-1.6186841,-1.0097577,5.5933865,0.030648576,negative,3
20080344,before,-1.1230505,-0.16961792,-0.44590937,0.067025844,-0.042730793,0.42109739,-0.070156978,-0.4161341,negative,1
20080381,before,-0.53779928,-1.7534511,-0.11203197,0.37620955,0.41859146,-0.20307124,-0.054644502,0.11837824,negative,2
20080393,before,0.18008601,-3.1552627,-0.78012308,1.4913439,2.2033041,-0.036919609,1.2995304,0.61839342,negative,2
20080418,before,0.64988781,0.28900286,-2.5563234,1.6682057,1.5855546,-0.0019198412,-0.55747268,-0.45891616,negative,3
20080481,before,-0.73303204,-1.2436125,0.34805476,-0.98754662,0.36832516,-0.42736981,-0.76052633,1.3307742,negative,2
20080485,before,-0.022703409,-1.2180029,-0.32955343,-0.30368278,0.070939143,-0.71625756,-0.35745405,0.77733085,negative,2
20080491,before,2.13421,-0.21296908,-1.6417499,-0.52969018,-0.98499916,-0.010167034,0.94788481,0.24327548,negative,3
20080621,before,-1.0457857,0.075884997,-1.1628888,-0.88616025,0.1135774,-0.16317824,0.70374849,-0.52969316,negative,3
20080640,before,-1.1046765,0.085826578,0.05846128,-0.37977605,-0.34638941,0.063703323,-1.0638179,-0.54566334,negative,1
20080642,before,-1.0639605,0.55900161,-0.66037146,0.5691983,-0.73309522,0.12081309,0.44090496,0.44256504,negative,1
20080743,before,-1.4733403,-0.77153198,-0.35512356,-0.1571211,-0.22718891,-0.0045204472,0.42508688,0.92758505,negative,1
20080749,before,-0.70859397,-0.77953488,-1.3838717,1.5375931,0.25549574,-1.0939922,0.70485169,-0.55661822,negative,3
20080774,before,0.71972259,0.7933205,-1.6070484,0.10348366,0.41014691,0.49212538,-0.24198529,0.092381613,negative,3
20080943,before,-0.49423481,-2.096956,-0.20512823,-0.80100929,0.77075299,-1.2151186,0.50696874,1.9845037,negative,2
20080975,before,1.0704466,-0.3853566,-2.8016333,2.619113,1.3057728,1.7325875,-0.75513288,-0.65667362,negative,3
20080979,before,-0.71394952,0.2729505,-0.56345009,-1.1042842,0.58358389,0.59093738,-0.32260493,-0.24813625,negative,4
20080990,before,-0.48077881,-2.0767046,-1.4372342,-0.04678368,-0.90178478,0.82656521,2.393153,1.3936144,negative,2
20081004,before,0.08938491,-0.49798002,-0.032944372,-1.2576092,0.69891835,-0.013871907,-0.4589558,-1.0353113,negative,4
20081020,before,-1.0504643,-0.21965062,-0.33042178,-0.33509272,-0.6348395,0.69591059,1.0074191,0.076081381,negative,1
20081103,before,-1.0935824,0.014737074,-0.28073269,0.010810982,-0.2341253,-0.65473187,0.91846275,0.080162219,negative,1
20081122,before,0.12717782,-0.69137559,0.25741913,-1.1884388,0.13930811,-0.1864753,0.13790353,0.30185758,negative,4
20081132,before,-0.47170313,-0.037735954,0.048427657,-1.2183819,0.72115628,-0.17231548,-0.32551562,-1.2173385,negative,4
20090009,before,-1.7894196,0.35307386,-0.38561905,-0.72415683,-1.3196664,-0.34708137,3.0286937,-0.12191359,negative,1
20090012,before,0.73606062,-1.3095451,-0.72554076,-1.0547826,-0.33164997,-0.58976091,0.55078771,-0.2188278,negative,2
20090026,before,-0.59266768,0.32523468,0.048185881,-1.1266267,0.49423711,-0.73005843,-1.0471483,-0.78083121,negative,4
20090040,before,-1.0629608,-0.47086586,0.45440127,-0.92249167,0.25014357,0.38454127,-0.29099644,0.17915929,negative,1
20090054,before,1.61543,-1.7661714,-1.9547618,2.6492923,1.3404627,0.80964233,-0.78388404,-1.66184,negative,3
20090090,before,-0.66809115,-0.66451021,-0.2726242,-1.2528012,0.50316913,-0.67904681,0.033018042,-0.25101602,negative,4
20090097,before,-1.0382248,0.012839157,-0.002605886,-1.0789419,0.058214982,0.44552211,-0.20658953,-0.64592624,negative,4
20090193,before,-0.5100731,-0.40426319,-1.3398568,1.0731025,0.14514004,0.87720864,-0.92690252,-0.0060891414,negative,3
20090200,before,-1.2790129,-0.45978904,-0.67019533,-0.20184152,0.46243987,0.43633999,-0.68308488,-0.73423198,negative,1
20090207,before,-1.2368415,-0.57880676,1.5671263,-0.23471542,0.21537341,0.94264976,0.3922133,1.1998674,negative,1
20090224,before,-0.11456206,-0.19742836,0.17143236,-1.2650069,0.83858852,-0.30280981,-0.47025654,-0.94402547,negative,4
20090237,before,0.49586068,-1.3185072,-1.1043476,0.98122031,0.32583077,-0.7589871,-1.2274583,0.85741611,negative,2
20090247,before,0.70833048,-2.0932039,0.54850256,-1.5465805,1.463359,-1.9717346,-0.45927249,3.2618629,negative,2
20090264,before,-0.45916701,-1.4500971,0.32769257,-0.5675099,0.56816136,-0.565814,-0.15969516,1.6976822,negative,2
20090269,before,-1.0562496,-0.88554483,-0.11129587,1.1661698,0.19099258,-0.94264379,0.25238376,-0.55629809,negative,1
20090270,before,-1.0886469,-0.10472313,-0.14557214,-0.70307506,0.02284933,-0.083849428,-0.69734196,-0.6995429,negative,1
20090297,before,-1.6950538,-0.82915066,0.082236985,1.2000941,0.66504889,-0.92268369,2.2030938,2.3079647,negative,1
20090307,before,-0.21463514,-2.6590238,0.67972295,-1.4460382,2.0303924,-2.0882324,3.1609506,6.8981509,negative,2
20090314,before,-0.88047903,-3.7019532,-1.1991507,1.4235357,0.94331809,-1.0508924,1.888266,4.5874438,negative,2
20090319,before,1.3444754,0.3294782,-1.6457405,2.8111716,2.6013176,0.21316504,0.20132146,-1.6067182,negative,3
20090333,before,-1.2725501,-0.286464,-0.40856539,-0.21247133,0.13495897,-0.26084627,-0.4779122,-0.39814442,negative,1
20090345,before,1.6623386,0.75161822,-1.4642281,0.97492725,2.1018731,-0.43116951,-0.15540371,-1.1918394,negative,3
20090346,before,1.6957738,0.0089159109,-2.8111453,1.3189647,0.0018420009,0.37209039,0.17192337,-1.6064096,negative,3
20090370,before,1.1180213,-1.9610073,0.028116882,0.90988475,1.6306502,-0.94117829,1.6459757,2.2839253,negative,2
20090379,before,-0.92433903,-3.0924785,-1.0923219,1.8891124,0.12047668,1.4418385,0.10336792,0.027409546,negative,2
20090385,before,2.6193681,-3.1101139,-2.0750375,-0.0042785499,-0.13874855,-0.29090746,-1.5061927,1.2436622,negative,2
20090417,before,0.89341519,2.2695862,-1.9617454,2.0461127,1.8240196,1.6591599,1.3554354,0.11954683,negative,3
20090437,before,-0.37198917,-1.1444081,1.2175398,0.094650006,-0.1291401,1.8034257,-0.32008572,1.2766335,negative,2
20090447,before,-0.528176,-1.8640332,-0.81814595,2.7639388,-0.074221375,0.48691712,-0.4378881,-1.2610367,negative,2
20090475,before,-1.3918195,-1.7673738,-0.17718961,1.1775291,1.127567,-0.51509627,0.46893995,1.6698954,negative,2
20090494,before,-0.97574641,-0.41041194,-1.6007892,-0.47192647,0.39398724,-0.57816263,2.2460122,0.88432498,negative,3
20090502,before,-1.1606899,0.064182365,-0.69521077,-0.64188176,-0.16448026,-0.33841596,-0.13543108,0.026708094,negative,1
20090553,before,0.37802784,-2.6067891,-0.68119345,1.5612332,1.1213711,0.77371127,2.1843118,0.58169949,negative,2
20090598,before,1.0539694,-0.16760096,-1.354559,-1.6431343,-0.91141374,-0.05666367,1.05965,-0.42664605,negative,4
20090648,before,-2.5093886,-1.1366509,-2.035043,1.0589437,-1.8291087,0.75822415,3.9486064,1.0987217,negative,1
20090651,before,-1.2721797,-0.67380009,0.016559,-0.080806635,-1.065295,0.5642333,0.4954453,1.8887176,negative,1
20090679,before,2.1934563,-1.4498294,0.94031455,-1.1957444,-0.67915428,1.057617,3.5426836,-0.041543819,negative,2
20090794,before,1.4252761,0.074973631,-1.2417985,0.74781157,-0.92593725,-0.26733726,-0.59235359,0.2738563,negative,3
20090814,before,-1.1379842,-0.19308179,0.091367724,-0.7033246,0.13615839,-0.69495146,-0.3552322,-0.56838581,negative,1
20090865,before,-1.3372385,-1.0427437,0.62991628,-0.090175488,-0.52764904,0.089208346,2.524169,2.680556,negative,1
20090910,before,1.6114953,-0.516924,-1.8640677,-0.67869812,-1.5133499,1.7211883,1.8452577,-1.4578229,negative,3
20090927,before,0.88250993,-1.3260302,0.52731783,-0.12364539,-0.046931669,-0.40566926,-0.19733269,2.4897371,negative,2
20090973,before,-0.56964539,0.81307642,-1.2723275,-0.24941384,0.8491645,0.11182326,-0.12723926,0.31883664,negative,3
20090996,before,-0.63639021,-0.39408763,-0.11470817,-1.1393151,0.60586557,-0.17030689,0.17753618,0.84557201,negative,4
20091022,before,0.24962219,-1.4935625,0.43928892,1.1043719,-0.63465728,0.72744098,0.21463592,-0.40973603,negative,2
20091045,before,-0.26900706,1.6126766,-0.26892483,-2.0214359,-1.8934248,0.075961733,0.47134909,-1.8039128,negative,4
20091065,before,-1.475554,1.3215752,-0.53918935,-0.64763657,0.38181278,-1.422847,1.1457297,-0.40968972,negative,1
20091071,before,0.70508306,-0.055448961,-1.4307452,0.92237745,-0.41701066,0.17397992,0.7732575,0.34236803,negative,3
20091135,before,-0.47301635,0.92377084,-0.84941425,-1.1225618,1.2975846,0.33304597,-0.043945377,-0.2089876,negative,4
20091145,before,1.5083837,-0.16064629,-0.5848376,-1.2152401,-0.77996161,0.056739862,0.8540685,-0.75648407,negative,4
20091164,before,-1.1536714,-0.018561734,-1.2742396,-0.91427064,0.71758652,2.0899865,0.44263034,0.26897652,negative,3
20091183,before,-1.1326516,-0.036038433,-0.080049927,-1.0071148,0.58846022,-0.2346244,-0.56742073,-0.71693849,negative,1
20100009,before,-1.2174388,-0.23172531,-0.42441656,-0.78446549,0.8446297,0.68624796,-0.11034334,-0.17334522,negative,1
20100022,before,0.48871816,0.76975301,-1.165404,-0.56019783,2.3245434,-1.0739064,1.1559146,-0.31887823,negative,3
20100026,before,1.5904764,-1.5638703,0.17493451,-1.4011533,0.73866637,2.3377412,0.51936311,0.22613639,negative,2
20100041,before,-0.437914,-0.3476063,0.17710254,-1.1842235,0.50093283,-0.12167041,-0.29187172,-0.3551377,negative,4
20100064,before,-1.0184802,-0.021044417,-0.28110647,-1.2413907,0.6227425,0.022013852,-0.73249466,-0.87561911,negative,4
20100077,before,-0.47824514,0.094707825,0.20826031,-1.1725905,1.1955705,-0.39181676,-0.011047014,-1.036966,negative,4
20100105,before,0.52770196,-1.3140631,1.4130429,-0.032534829,0.67006618,0.58444721,0.62856469,-0.60527424,negative,2
20100138,before,0.66991914,0.19687109,-1.7464527,1.5163868,2.3159708,2.9981264,-0.78620603,-0.12759484,negative,3
20100158,before,-1.0029395,-1.9107338,-0.17807034,0.26225337,0.54885226,-0.60422043,0.0094863928,0.85208459,negative,2
20100173,before,-1.0188623,-0.23385735,-0.18047369,-1.1960012,0.53470752,-0.2261112,-0.15650907,-0.48717513,negative,4
20100209,before,1.166122,-2.091407,-0.67403317,1.0553268,-1.3305459,-0.071601407,-1.4500935,0.20783681,negative,2
20100222,before,-0.4635318,0.78484736,-1.4054458,-0.0085483296,0.097638434,0.86109998,0.26707511,0.55764955,negative,3
20100223,before,-1.4354843,-0.43167791,-0.91276412,-0.31672165,0.7609957,1.1152198,-0.017109937,-0.22212488,negative,1
20100260,before,-0.0589231,0.89652878,-1.3343799,0.61285713,-0.35484035,-0.27101095,-0.18004237,0.17397592,negative,3
20100312,before,-1.1276213,0.41478719,-0.59225782,-0.5583551,-0.033417376,-0.093535708,-0.65365436,0.17454567,negative,1
20100355,before,-0.68113322,-2.553581,0.6833071,0.28636189,1.8727251,-1.2754468,-0.27746032,3.0606191,negative,2
20100376,before,4.4610293,-3.5304178,0.10872823,0.21909968,3.0258557,-1.7448205,0.51243784,1.8142116,negative,2
20100385,before,-1.2933048,-0.5756399,-0.78569566,-0.2846465,0.1477212,-0.40635044,0.014806018,-0.51734127,negative,1
20100436,before,0.55767933,-1.5794321,0.96772388,-1.4073722,1.1036565,-0.47111603,-0.96882628,1.2999893,negative,2
20100453,before,1.7218761,-1.520562,-2.6726604,-0.83573917,0.21537332,-0.19756585,1.0536712,2.7248192,negative,3
20100502,before,0.69690843,-1.5172912,-0.389201,-0.14453694,-1.2435108,-0.81118324,0.82751446,-0.11433713,negative,2
20100507,before,-1.0478844,-0.5804053,-0.43036908,0.41150581,-0.27926732,0.66130658,-0.60909429,0.1281409,negative,1
20100543,before,2.090722,1.9883396,-2.441558,1.5105644,-0.59669328,0.5391864,-0.21154524,3.1503495,negative,3
20100583,before,-2.6920164,-2.2634136,-0.58479484,0.31090234,-1.0448776,0.1186016,4.5114509,-0.17555425,negative,1
20100676,before,0.13601464,-1.2443981,-0.17214879,-0.072582381,-0.11674519,-0.31848356,-0.035005113,1.6949621,negative,2
20100714,before,-1.5345497,-0.38847242,-0.31914367,0.071241651,-0.78554978,-0.36024798,-0.74595942,1.0021545,negative,1
20100718,before,-0.10592723,-1.2560466,-1.0510499,-0.59029701,-1.031642,0.17543508,1.6596421,2.3320386,negative,2
20100730,before,2.5521958,-0.37302493,-1.7693708,-0.19988885,-0.9700909,0.064395305,0.019876872,-0.10083144,negative,3
20100760,before,-0.72787118,-0.37178054,-1.4963131,0.85991747,-0.34442016,-0.41815619,0.98568317,0.027815631,negative,3
20100822,before,0.68440996,-1.5492021,0.40711022,-0.57742887,1.1646162,1.3602773,0.18511946,-0.96532185,negative,2
20100851,before,-1.0667961,0.21900107,0.013695616,-0.36931682,0.41105235,0.24876057,0.61249071,-0.016985036,negative,1
20100877,before,0.46456914,1.7965416,-1.3877684,1.8851537,-0.69150221,-0.42084172,0.82297388,0.76166537,negative,3
20100880,before,-0.3802614,1.1484004,-1.3386571,-0.63091947,1.4076311,1.4959681,-0.020791412,0.41314087,negative,3
20100896,before,0.63896712,-1.5887982,-0.48401597,0.19111725,-0.51458907,-1.3202291,-0.05767477,0.1643077,negative,2
20100897,before,-1.1525358,-0.50202251,-0.14709804,0.521246,0.089450517,-0.59099878,-0.32006428,0.26540073,negative,1
20100917,before,0.30895791,-0.76792222,-1.0485105,-1.6305738,-1.427121,1.0523471,0.95907052,0.83830331,negative,4
20100924,before,-1.0609713,-1.9837886,-0.29567238,3.5841355,0.35938136,-0.21082089,0.27003908,-0.68836408,negative,2
20100953,before,-0.15372195,-1.1445588,-0.061213827,-0.64004976,0.13818017,-0.44151357,0.63085491,-0.081647242,negative,2
20100954,before,-1.2995974,-0.77316988,0.78787717,-0.2387368,-0.57244722,0.81659708,-0.27376303,0.03114175,negative,1
20100974,before,-1.0932114,-0.16444079,-0.49870956,-0.026881237,0.14247048,0.18004227,-0.26228653,-0.40574903,negative,1
20100983,before,0.87945997,-0.50727685,-0.64557099,-1.5309375,2.4893059,-0.76553055,0.60026066,0.63541681,negative,4
20101006,before,-1.0412557,-0.40209639,-0.83238327,-0.64049423,0.67637752,-0.66069653,0.77036972,0.014843863,negative,1
20101069,before,-0.035779079,-0.39618807,-1.2641749,1.2770761,0.77720561,0.99504925,-0.77099034,0.39458997,negative,3
20101159,before,-1.6179057,0.237957,0.88947201,0.11717946,-0.50748658,-1.0011218,1.8280862,1.700483,negative,1
20101161,before,-1.1194133,-2.4022301,1.1539196,1.7457039,-0.63418861,0.16703667,0.25567204,-0.0055473542,negative,2
20101169,before,-1.0775135,-0.72356777,0.84826179,-0.13593252,0.3897036,-0.18894615,0.13192587,-0.72437851,negative,1
20101174,before,-0.81556579,-0.03545489,-0.63626164,-1.2821867,0.70486825,0.38004225,-0.41252454,-0.43752344,negative,4
20110008,before,-0.95984896,-0.10376939,-0.13700895,-1.31677,0.63006112,0.0090899515,-0.54712181,-0.7026457,negative,4
20110010,before,-1.2381801,-0.33734415,-0.038012533,-0.39902737,0.049211513,-0.38398954,0.085180571,-0.18190037,negative,1
20110017,before,-0.96287922,-0.045430946,0.090353341,-1.2494611,0.50595401,-0.40120903,-0.36751469,-1.1190593,negative,4
20110030,before,-0.32429025,-0.54690777,-0.51419439,-1.3094497,0.61081457,0.14394012,-0.10040444,-0.89097312,negative,4
20110064,before,-1.0836631,-1.5680213,0.20035058,1.2052856,1.029732,-1.2913494,1.0032097,0.16766491,negative,2
20110077,before,-0.068236384,-1.1535758,0.18908717,-1.3956937,-0.24346734,-0.36778901,0.19539194,2.0576213,negative,4
20110080,before,-1.1205789,-1.5182978,0.24277367,1.211875,-0.38971722,0.047346008,-0.13805693,-1.4844088,negative,2
20110140,before,-1.1296656,-0.09745208,-0.096466439,-1.1547567,0.27670152,-0.67206927,-0.64019572,-0.58490108,negative,4
20110166,before,0.30504476,-0.60260317,-0.51713389,-1.6354846,-0.94062057,0.0064776387,-0.56428823,0.56650878,negative,4
20110169,before,-0.99471301,-1.663716,-0.75234059,0.031199571,0.16964898,0.46371425,-0.73124637,-0.43215927,negative,2
20110213,before,1.3863769,-1.6467445,-1.9348942,1.5709285,2.0188931,0.047134493,-0.61227022,-0.11159329,negative,3
20110219,before,1.7003012,-2.3289124,-0.32475729,-0.99720604,-0.09635464,0.026107817,-0.60645443,1.4656823,negative,2
20110259,before,-0.13978084,-1.627422,-1.0377759,-1.3990445,-0.036355894,-0.56451643,3.5010047,1.3159151,negative,2
20110269,before,-0.8816148,-1.973116,1.1730678,2.0654679,-0.97984406,0.28213117,0.41135941,-1.3302858,negative,2
20110286,before,0.85963212,-0.18269106,1.1040025,-1.1773055,1.261808,-0.034847944,0.94508274,-1.0508226,negative,4
20110294,before,-0.78229502,-1.3699337,-1.3230008,0.033038403,-0.93237754,1.639229,0.23288831,0.15458889,negative,2
20110332,before,0.32888509,-0.62865782,0.52966207,-1.6532203,1.0323701,-0.28904288,-0.0071942233,-0.11947635,negative,4
20110342,before,1.2253413,-1.6747126,-1.4396722,-1.3778823,-0.3059913,-0.0026097209,0.69899386,-0.46177345,negative,2
20110365,before,1.4042588,-1.3443905,-0.028760433,-0.69781025,1.2414309,-0.33494004,0.86424102,3.2487012,negative,2
20110374,before,-0.76213845,-2.8580881,-0.46016009,1.5434644,-2.5739379,0.30922051,1.4046025,-0.80095702,negative,2
20110445,before,0.86004141,-0.88712411,-1.2779829,-1.560892,-0.39809478,0.32468902,1.0272189,2.1955108,negative,4
20110501,before,-0.63724827,0.394979,-0.51023112,-1.6097747,-0.67606402,-0.35367354,2.9781819,0.26645362,negative,4
20110505,before,-1.4048981,-1.4569953,1.0361145,0.50558442,-0.59914473,0.66391985,-0.21234781,-0.65717737,negative,2
20110508,before,-1.2338566,-0.34944894,-0.077217208,0.038564309,0.17328461,0.0710301,-0.0027798131,-0.46030175,negative,1
20110541,before,1.6261712,-1.9262625,-1.9136608,-1.05283,0.019290706,-0.56155702,0.957094,1.0339757,negative,2
20110550,before,0.20191587,-1.1994722,0.30635405,-0.8667322,1.492524,-0.252415,-0.13480609,1.4593979,negative,2
20110614,before,-1.1302626,-0.60071556,0.14682874,-0.73070333,-0.15626162,-0.48722486,0.0083598221,-0.5033973,negative,1
20110629,before,2.615553,4.0166996,0.76031661,-1.514192,0.018190027,0.528872,-0.79922782,0.37195502,negative,4
20110770,before,1.6294122,0.82022482,-1.6971959,-0.57320212,0.39641414,1.2908369,-0.25510302,0.71622705,negative,3
20110774,before,3.2472427,-1.9433297,-1.4253466,-1.0881945,-0.17068926,-0.95633768,-0.85933864,1.1299456,negative,2
20110822,before,1.3160991,-1.799926,-0.55017016,-0.92633059,1.008284,-0.61605454,-0.47905,2.7399423,negative,2
20110838,before,-1.1197174,0.15321995,0.33334807,1.2705802,-0.10988902,0.26797124,0.64633076,-1.0807663,negative,1
20110932,before,1.6170534,-0.83261022,0.91355413,-1.1541795,0.3138271,-0.46776495,0.02174135,2.2847841,negative,4
20110955,before,-1.1079643,0.71212875,-0.0096479259,-1.3743526,0.050866854,0.051155356,1.1407205,0.60046165,negative,4
20110962,before,0.60250002,0.33866061,-1.4131088,0.40692178,1.8421726,1.7853195,1.7141858,0.80598815,negative,3
20110977,before,-0.13941715,-0.58684452,0.12729407,-1.1438163,0.33793223,-0.011022534,-0.37167563,-0.045736391,negative,4
20110986,before,-0.74349953,-1.4437221,0.20515224,-0.45785415,0.60269329,-1.4375963,0.041888958,0.65297822,negative,2
20111005,before,-1.2662969,-0.49363721,-0.25653712,-0.59752841,0.16356579,-0.21280584,0.21057643,0.025906947,negative,1
20111020,before,3.0289699,-1.3211282,-0.38482959,-2.4337133,0.13683567,-0.77930544,0.48415604,0.67139058,negative,4
20111034,before,0.32904133,0.032374241,0.36774957,-1.3850592,-0.69530181,1.1478938,-0.95396423,0.18298507,negative,4
20111044,before,-0.12542173,1.7731389,0.5336071,-1.426674,2.6267869,2.4207954,0.60850386,-0.37628963,negative,4
20111047,before,0.082368039,-0.56700645,-0.38817918,-1.4091756,0.034002451,0.23083214,-0.11083713,0.58388978,negative,4
20111051,before,-1.0567307,0.18402567,-0.36898299,-0.40759498,0.081155279,-0.6184868,-0.029319431,-0.29084031,negative,1
20111057,before,-1.9613715,1.8289983,0.9013791,-0.10643088,-1.2574702,-0.71650694,3.6438186,-0.85837578,negative,1
20111066,before,1.4074236,-1.4823303,-2.0283427,-0.46813368,-0.18405442,0.19391812,1.3420642,0.13846425,negative,3
20111100,before,-0.56333808,-0.71847371,-0.65713182,-1.1324374,0.37580685,0.20791077,0.42818801,-0.3305694,negative,4
20111116,before,-1.3765118,0.72937146,-0.8703275,0.31003846,-0.12388454,-0.76006464,0.274465,1.7360999,negative,1
20111118,before,-0.96676647,0.61489482,-0.13075639,-1.1555728,0.46170437,0.089861447,-0.70618876,-0.88692375,negative,4
20111137,before,2.7950596,-0.092521134,-2.4654738,0.36358108,2.7525656,1.0631476,-1.2009494,-0.44349113,negative,3
20111151,before,-1.057392,-0.66067203,-1.4923929,0.82673254,0.23051372,0.65066392,0.053972087,0.0050220273,negative,3
20120017,before,1.0193032,2.0102836,-3.1798344,2.8578452,0.63839804,-2.4502706,-0.064312556,0.43577924,negative,3
20120024,before,-0.2071916,-1.0586691,-1.2160368,0.22786797,0.47617809,-0.58769592,-0.72012154,0.43720869,negative,3
20120046,before,-0.67209789,0.97776802,-1.2204656,1.1616698,0.52008844,0.37380889,-1.0176303,1.1392096,negative,3
20120058,before,-1.0866405,0.22635574,-0.17494039,-1.1061083,0.26363282,-0.56064716,-0.61111062,-0.73341462,negative,4
20120073,before,-1.0896368,-0.3491015,-0.063550129,-0.70505145,0.44602559,-0.16723013,-0.70903894,-0.69013675,negative,1
20120079,before,2.6573023,2.1058614,-1.3327792,-0.41415731,2.2233346,-0.97560603,-0.89882185,1.0456625,negative,3
20120089,before,-0.38016604,-0.39745469,-0.55405356,-1.3957697,0.44110965,0.47297901,0.0035673482,-0.45564457,negative,4
20120116,before,-1.1189063,-0.62665961,-0.4728343,-0.87544708,0.44778377,-0.22018936,0.37232814,-0.16872344,negative,1
20120173,before,-0.054391433,0.42193563,0.058792209,-1.326253,1.4795734,-1.1272743,0.95680833,-0.24996224,negative,4
20120199,before,-1.2067485,-0.034164727,-0.46640895,-0.66915328,0.1706904,0.1346466,-0.45661334,-0.44413082,negative,1
20120200,before,0.19496193,-1.5807566,-1.1247727,-0.62895422,-0.69392306,-0.99012635,1.6903612,1.1341324,negative,2
20120206,before,0.49519218,-0.27867052,-0.22075048,-1.2740044,0.5282038,0.98441646,-0.17387001,0.98116375,negative,4
20120227,before,-1.6958386,-1.1727136,-0.30422985,0.20718787,-0.74123232,-0.023440867,2.2896141,0.34698066,negative,1
20120235,before,2.2134168,-3.24895,-1.3328549,1.6629203,2.2949459,0.75327713,-1.8874139,-0.024375736,negative,2
20120246,before,-0.98603668,0.26181352,-1.5081588,0.17003421,0.52789657,-0.11868844,0.63883546,0.29505679,negative,3
20120289,before,-1.4756117,-0.65944683,0.04598479,-0.51168717,-0.21669884,-0.3086142,0.1032212,-0.088395672,negative,1
20120317,before,-1.4956437,-0.040416863,0.092067867,-0.63673589,-0.49460724,-0.15756361,-1.1922634,0.05719834,negative,1
20120383,before,0.47133337,3.2894873,-2.2622647,1.9358417,1.7967923,-1.2997628,0.55471239,1.8820444,negative,3
20120441,before,0.29133327,-1.8467128,1.3605862,0.38199779,1.3835083,-0.39199684,0.79057626,0.011873132,negative,2
20120541,before,0.71361487,-1.5370122,0.73213072,0.32350138,0.25092866,-0.93327826,-0.83677481,-0.16922629,negative,2
20120553,before,-1.458824,-3.6446664,-2.3956317,4.6002545,-0.5741255,0.33606366,0.80761204,0.33139949,negative,2
20120557,before,-1.3137212,-1.7197944,0.55282732,1.9075209,-0.97656593,-0.11602915,0.33972644,-0.16766284,negative,2
20120567,before,-0.31546937,-1.5723275,1.0665461,1.6405891,-0.58976524,0.43102223,-1.150664,-0.86046894,negative,2
20120595,before,3.2805874,-2.6305245,-0.92483855,0.12710671,-0.35336015,-0.37796455,-1.3947511,1.7630785,negative,2
20120611,before,-0.51431721,-1.1865825,-1.0656258,-1.5626008,0.45251189,-0.70174099,2.484446,1.9799399,negative,4
20120612,before,-0.015454706,-0.22448886,-1.2676697,-0.077527087,-0.083070188,-0.52129896,0.089028213,0.079009321,negative,3
20120642,before,-1.3131961,-0.75388438,-0.11912833,1.0491861,0.5907529,-0.033312109,0.11393843,1.9123136,negative,1
20120675,before,3.0692612,0.80367128,-1.135751,0.32065179,0.7850257,1.3720387,0.33126756,1.6868877,negative,3
20120693,before,-2.4684025,-2.0269504,-1.7276713,0.87933228,-1.2204743,0.55770721,2.4939174,-0.31782437,negative,1
20120705,before,0.49791978,-1.9916734,0.239703,-0.21842669,-1.9807363,1.1731682,-0.47980173,1.5129637,negative,2
20120781,before,-1.2973394,-0.33196377,-0.6033898,0.14250266,0.24423313,0.57209518,-0.17377538,-0.0056701321,negative,1
20120789,before,2.2695573,-1.9938242,-2.7548066,0.39719624,-1.0919827,0.71963933,1.6286954,0.55151493,negative,3
20120804,before,-1.2042283,-1.0093429,0.032197832,-0.22305814,-0.51769851,-0.075017887,-0.32340325,-0.31625628,negative,1
20120830,before,-1.6741946,-0.39092015,-1.4990556,1.306395,-0.039024519,0.4219561,1.3030917,1.533397,negative,1
20120853,before,0.35256265,0.30263414,-0.12819469,-1.2729197,-0.28493875,-0.85492299,-0.45172871,-0.17296958,negative,4
20120886,before,-0.7667945,0.11141658,-0.41601916,-1.1649636,1.7501274,2.0756979,1.0842396,0.24672676,negative,4
20120890,before,-0.26435524,0.15645981,0.0055870637,-1.2236963,1.100272,1.473099,-0.022698801,-0.035725657,negative,4
20120921,before,-1.0569829,0.06873021,-0.50719353,0.0058807081,0.26271857,-0.16988904,-0.74000062,-0.36323761,negative,1
20120951,before,-1.1904976,-0.45893524,-0.58869826,-0.0024819232,0.21621564,0.60092304,-0.33847432,0.037698894,negative,1
20120970,before,-1.3352141,-0.30961716,-0.58128634,0.37548154,0.27366329,-0.068493316,0.8281492,-0.62117422,negative,1
20120992,before,-1.0617613,-0.40612327,0.20295871,-0.54409854,0.26904784,-0.38367988,0.012046374,1.1118504,negative,1
20121002,before,-0.58259234,-1.9743827,0.0063863617,1.0555508,0.42967475,-0.97083934,1.0121268,1.7271817,negative,2
20121049,before,-1.2192822,-0.11634767,-0.69176113,-1.1861711,0.67663323,1.1293392,0.15006543,0.14082624,negative,1
20121086,before,-1.1227107,-0.675618,-0.21503866,-0.55842721,-0.32591664,-0.32071212,-0.53329076,-0.80898271,negative,1
20121119,before,-0.90267938,0.39352491,-0.12669078,-1.10257,0.66596177,-0.35692098,-0.41679561,-0.70131306,negative,4
20121141,before,0.15806478,-0.20541658,-1.1388853,0.69713198,-0.34166135,0.29849664,-0.082501781,0.20192052,negative,3
20130016,before,0.80921429,-1.5724932,0.13798819,0.85103134,-0.34897269,1.8415859,-1.3214553,0.0065756409,negative,2
20130018,before,-0.31989319,0.22095847,-0.16673741,-1.2746822,0.98598131,-0.38164251,-0.044156933,-0.98389276,negative,4
20130020,before,0.31711125,-1.2253201,-0.77797976,-0.16476005,-0.22859989,-1.0395323,0.795606,1.0014607,negative,2
20130022,before,0.51878783,-0.5659796,-1.0420931,-1.601929,1.6709015,0.25977413,1.0056447,-0.51306379,negative,4
20130028,before,0.23143767,-0.67096717,-0.18329115,-1.8755122,0.16477186,0.088831072,-0.56315941,-0.48075181,negative,4
20130047,before,-0.019450708,0.33373678,-0.046001713,-1.4343174,1.1591785,-0.8142216,-0.32754758,-1.1010875,negative,4
20130051,before,0.47734344,-0.2378441,-0.61758897,-1.4878783,1.3209772,0.37274528,-0.92290761,-0.49686877,negative,4
20130057,before,-1.3287455,0.75458053,-0.42807911,1.2997047,0.13902195,-0.55222194,1.0034806,1.2963734,negative,1
20130073,before,-1.30776,-0.071010295,-0.40143168,-0.95343293,0.33854783,0.12265005,-0.34788443,-0.66703533,negative,1
20130088,before,0.60865051,-0.88792725,-0.38020442,-1.3668561,0.51475023,-0.10509073,0.58506429,0.26380139,negative,4
20130101,before,-1.5587527,-0.74379759,-2.0930641,1.1803345,0.17902821,1.3542568,1.4641417,1.5257708,negative,3
20130117,before,-1.0741689,0.11008868,-0.00019876933,-1.028072,0.55723781,-0.061079262,-0.80915303,-0.84520607,negative,1
20130123,before,-0.54903025,-1.1590052,-0.3238072,0.080527303,0.11649903,-0.41108681,0.63963012,0.6081916,negative,2
20130138,before,-0.57328194,1.539826,-1.1420677,0.27341373,-0.63825073,0.65403638,1.3808662,0.35430617,negative,3
20130162,before,0.58803225,-1.4787704,-0.49543812,-0.17320505,-0.94816319,0.71518575,0.055679009,-1.0145945,negative,2
20130286,before,-1.3313227,0.45220616,-0.22121335,0.017411594,-0.35233296,-0.9192398,0.65195974,0.075374085,negative,1
20130297,before,0.54680842,-1.2344522,0.9831823,-1.2565834,1.0387939,0.21799139,2.9973389,0.5616819,negative,4
20130301,before,-0.43843276,-0.15264449,0.899958,-1.7192578,2.6857627,0.71434398,0.28370177,1.0425418,negative,4
20130332,before,0.6116408,-1.7362681,-1.6539211,2.2779516,-0.16880035,-0.616031,-1.4005205,0.54226663,negative,2
20130340,before,0.43795142,-1.356539,-1.1459173,-1.3200545,0.89005071,-1.0665545,1.0089455,2.0025409,negative,2
20130384,before,1.3526067,-0.33246251,-2.2392311,-3.5464049,-1.8428646,0.94553414,5.2875591,0.39323637,negative,4
20130387,before,1.1741784,-1.4949711,-0.65354338,-0.43320951,-0.65562014,-0.72437386,-1.2213773,2.1471209,negative,2
20130393,before,-0.84145109,-1.8034858,-1.4864226,1.7332566,-0.22130587,0.326572,0.24341208,0.5178873,negative,2
20130441,before,-1.1673172,0.086494419,-0.40953285,1.2625152,-0.6046249,-0.93910198,0.28467684,-0.24058904,negative,1
20130461,before,-1.1267935,-0.098350352,0.021260163,-0.25026406,-0.13346045,0.05118261,-0.25421384,-0.40912156,negative,1
20130470,before,1.8403929,-2.3556691,1.5524852,-0.71899051,2.3554055,-1.0751278,0.35392456,1.9693468,negative,2
20130501,before,-0.36825757,-2.2341125,0.58040438,0.79882698,1.0107942,-1.4840556,0.53326238,3.0094669,negative,2
20130529,before,2.4140216,-1.1212428,-1.7575705,0.79233448,1.5902362,0.85491799,-1.282026,-0.16993817,negative,3
20130536,before,1.8695078,-2.0947647,1.4765533,0.23760171,-0.2085979,0.90947342,0.19737877,2.8331493,negative,2
20130544,before,-2.7211474,-2.5996436,3.4329592,1.4062551,3.599636,-1.5111038,3.9435582,8.2067822,negative,1
20130550,before,2.8028622,-2.3452783,-1.0310985,-0.58504383,1.6856559,-1.3953842,1.0143345,0.79792184,negative,2
20130597,before,-0.65954522,1.6281374,-1.2556163,0.36051295,1.0109427,-0.068795895,-0.19731445,1.2612643,negative,3
20130658,before,-0.87713246,-0.8855849,-1.2600428,-1.290417,-0.086823819,-0.45541859,1.5024316,-1.0197217,negative,4
20130666,before,0.80699107,-1.8498016,0.060468525,-0.5161567,-0.91132655,-1.4554304,-0.45960822,0.52007279,negative,2
20130667,before,-0.22150761,-2.0420407,2.0622339,2.3283677,-0.44253824,1.5803081,-0.68403089,-0.61355273,negative,2
20130729,before,0.86132146,2.129443,-2.4557176,1.151684,2.1446553,1.0486316,0.47541076,0.29827214,negative,3
20130746,before,1.9645002,0.39831742,-1.7923664,-1.0825117,-1.3422314,-0.39323332,0.34117818,2.8032417,negative,3
20130776,before,0.58694097,3.1849605,-1.2748564,-1.9072984,1.2823001,1.6544348,1.381143,1.7054917,negative,4
20130783,before,-2.006799,-1.692974,-0.81217387,2.0249032,-1.2636626,0.42583325,1.3897665,0.63333504,negative,1
20130790,before,0.21421427,1.5932292,-1.3181346,-0.013087615,-0.59531523,-1.284735,0.78987997,-0.14868821,negative,3
20130807,before,-1.0526835,0.19090452,-0.85212422,0.2467214,0.33983983,0.20562067,-0.24771619,-0.14996855,negative,1
20130902,before,-1.3585394,-0.17487758,0.14917756,-0.07603794,0.077789464,-0.1938719,0.52543756,-0.033617554,negative,1
20130909,before,-1.129577,-0.21666232,0.3289487,1.1784421,-0.23873278,0.35666396,0.34015396,0.59308248,negative,1
20130933,before,-0.030767177,0.25827365,0.1291571,-1.4464007,0.93689148,-0.75797164,-0.34468489,-0.44413693,negative,4
20130957,before,2.4695942,-1.6032929,-0.64525407,-0.86756753,1.2515499,0.10472225,3.7521474,-0.0074646981,negative,2
20130966,before,0.25337929,-1.3205441,-0.067763109,-0.91973422,0.54359401,-1.0581936,0.48040107,0.93083673,negative,2
20130977,before,-0.33460145,-0.42623653,-0.27787917,-1.196536,-0.42911465,0.16146517,0.78208849,1.2918563,negative,4
20131000,before,-0.49849646,-0.95555364,-1.3583551,0.62878358,-0.39403086,0.18331234,0.25807786,-0.10902364,negative,3
20131001,before,-0.58766846,-1.2991202,1.0997769,1.1207704,0.32178673,-0.31003138,1.1539634,0.68517124,negative,2
20131002,before,-1.2400297,-0.020141816,-0.72753486,-0.50549851,0.068479356,0.13578626,-0.32045385,-0.42829457,negative,1
20131021,before,-1.0377845,-0.019376733,-0.46455614,-1.1182957,0.36017255,-0.61832766,-0.92413245,-0.7483977,negative,4
20131031,before,2.8872965,-1.6502625,-1.7482348,-1.5357097,-0.54248937,1.5455821,0.73650718,1.2991839,negative,3
20131043,before,0.9132893,0.43232088,0.21721924,-1.3403729,-0.56258102,0.85255224,0.15823313,-0.65834616,negative,4
20131050,before,-1.1217385,-0.62157544,0.061263745,-0.32479551,-0.1874408,0.98992403,-0.71984102,-0.74143853,negative,1
20131052,before,-1.0594797,-0.6693011,-0.69361384,-0.2851205,0.15301401,-0.16597835,0.11238046,-0.10903733,negative,1
20131072,before,0.99572084,-1.7137663,-1.0824676,1.0287575,-0.96669775,-0.48772282,1.040327,-0.89262874,negative,2
20131086,before,0.61078371,-1.1699643,-0.17945329,-1.0445555,0.054645582,0.40247926,-0.22604869,1.354381,negative,2
20131096,before,0.91012749,-1.4330678,0.35023975,-0.089724942,1.4747429,2.1189186,-0.58352687,0.29852019,negative,2
20131105,before,-0.33893874,0.5432672,-1.856741,-0.089032367,1.1699627,1.5448388,-0.0063080991,-0.18534348,negative,3
20131146,before,-1.1051831,-0.8638399,-0.32319793,0.12976041,0.23056969,1.2293233,-0.88688465,-1.0223211,negative,1
20131158,before,-0.43121823,2.3210211,-1.1471659,1.9790894,0.53499548,-0.38756134,0.1311516,0.71332316,negative,3
20131163,before,-1.0642853,1.4381915,-1.6283391,0.57867907,0.79769705,0.2744944,0.69797791,0.76818234,negative,3
20140006,before,0.29357927,0.33393953,-0.87218118,-1.7252685,-0.66142808,0.1595054,0.6515875,-0.52713898,negative,4
20140041,before,-1.129582,-0.017067307,-0.25443809,0.26275072,0.030506103,-0.22931289,0.33957498,-0.33429818,negative,1
20140044,before,-1.0717533,0.28019992,0.098334091,0.72984887,0.273879,-0.86974406,0.35361744,0.93802879,negative,1
20140052,before,-0.056526177,-0.36393223,-1.5600855,1.9983586,0.1878585,-0.059031274,0.79320516,1.0879059,negative,3
20140110,before,-0.37494881,1.1351269,-1.0490228,0.23115704,0.75778428,0.74976507,-1.0353836,1.2003199,negative,3
20140174,before,-0.25363744,-0.88424201,-0.10458529,-1.331399,0.96468908,-0.54503395,-0.030214833,-0.50976186,negative,4
20140243,before,-0.99529859,-0.089792587,0.13468478,-1.122008,0.34726426,-0.27883135,-0.87565091,-0.69095845,negative,4
20140300,before,-1.5058188,-0.77450078,-0.48417421,-0.4343249,-0.016529918,-0.37882807,0.38408012,0.23026738,negative,1
20140363,before,-0.94337229,0.63521381,-0.83378424,-1.225987,1.6711054,3.2272172,-0.12991353,1.037932,negative,4
20140368,before,-0.016789986,-2.0621819,0.25268556,0.22909126,0.05058024,0.40872451,-1.744723,-0.65567217,negative,2
20140374,before,-1.8043983,-0.2648184,-0.80906254,0.033097478,0.52792166,0.50949034,1.7052592,0.57048482,negative,1
20140385,before,0.93904778,0.32670089,-1.2019386,-0.89229568,-0.16857316,0.66457847,0.45607433,0.66290298,negative,3
20140404,before,0.65448476,0.68838528,-1.6794743,0.11727966,0.96983506,-0.66344672,-0.25347291,-0.57672381,negative,3
20140421,before,-0.32774333,0.73977134,-2.0677535,1.6921624,0.60266234,0.15550752,0.6352744,1.1915165,negative,3
20140477,before,1.7445622,-1.8947645,-0.47485726,-1.9833517,1.6182192,-0.76255094,0.15577097,-1.8015996,negative,4
20140508,before,-1.0846362,0.071243705,-0.28725971,-0.11826001,0.49185587,0.52886053,-0.4584854,-0.44047531,negative,1
20140525,before,-1.2887772,-0.85121935,-1.1678703,-0.35673194,-0.043871478,-0.35017462,0.34521605,0.51756078,negative,1
20140592,before,-0.084296059,1.0209724,-2.7102362,0.78809278,-0.47030174,-1.357683,2.7020492,2.341121,negative,3
20140607,before,-0.88375185,-1.3335289,0.18614717,-0.024493311,-0.59889884,-0.13064035,-0.57487973,0.34170481,negative,2
20140615,before,0.80008167,0.61017986,1.662965,-1.2573239,-0.83124204,0.76787221,0.89201257,-0.41222813,negative,4
20140711,before,0.67368338,-0.69148912,-0.58979163,-1.3586709,0.85786494,-1.009587,0.38920731,1.1552232,negative,4
20140726,before,-1.1145509,0.02174768,-0.43487418,-0.90839921,-0.064999104,0.35597959,-0.059832718,-0.45374415,negative,1
20140731,before,-0.74124595,-1.857995,-0.47762732,1.387532,-0.047121489,0.30028642,-0.10904469,-0.12232735,negative,2
20140759,before,-0.28910175,-0.072026878,-1.3669407,0.4983324,-0.76990806,0.88195038,-0.20186179,1.1496857,negative,3
20140774,before,0.7804883,0.67929857,-1.1699727,0.1869477,0.069138607,0.021830345,-0.1454291,0.46133115,negative,3
20140838,before,-1.0988075,-0.37995582,0.40928235,0.026159956,-0.56631132,0.21444854,-0.62923607,1.4144299,negative,1
20140855,before,-0.83165085,-1.169203,-0.024944265,0.13265081,0.37887831,1.9064288,-0.22192532,-0.92047562,negative,2
20140862,before,0.7243442,3.4068509,-1.8863196,0.15486835,2.4469365,1.2949018,-0.10671527,1.8539294,negative,3
20140873,before,0.44913828,0.6098457,-1.3340997,0.50387405,1.4222414,-0.1113648,-0.49937659,0.16303925,negative,3
20140942,before,-0.10644937,0.24605593,-1.3808173,0.25720832,0.17932353,0.37375179,-0.11954696,-0.39334753,negative,3
20140954,before,1.5795468,0.26246451,-2.9648016,1.1558854,-0.83177473,0.99809774,-0.54919032,-0.10820939,negative,3
20140963,before,-1.0452851,-1.5846827,0.17143425,1.332735,-0.11137954,-1.5216345,1.071722,2.3755377,negative,2
20141011,before,0.55965665,-2.5218044,0.45257015,-0.089763009,0.92110686,-0.35834292,1.0734998,2.6990703,negative,2
20141021,before,-2.6645535,-1.330539,-0.78934178,0.51234918,-1.2747704,1.6520213,4.7225162,1.8214613,negative,1
20141038,before,-1.6036034,-2.0467166,-0.97612293,0.54949002,-0.35969587,0.60490561,-0.20762666,-0.15396731,negative,2
20141039,before,-0.37752645,-1.4336141,0.17380221,1.6052078,-1.1819425,0.31083452,-0.42328702,-0.65593303,negative,2
20141045,before,-0.2346324,-1.1555546,-1.7250729,3.8704462,-0.41773316,-0.21843063,0.24424196,-0.35424003,negative,3
20141094,before,-1.465338,0.12978866,-1.3615615,1.1528978,-0.065574846,-0.50462917,0.96662137,-0.054982328,negative,1
20141124,before,1.1413457,2.1601451,0.086150526,-1.5186504,2.325285,-1.0520265,0.36507489,-0.13515185,negative,4
20141147,before,-1.1937957,-0.90279175,-0.15413282,-0.76196876,0.39122567,-0.66555488,0.043788933,-0.17943649,negative,1
20141177,before,-1.0383012,-0.071186782,-0.087659927,-0.75680982,-0.23683579,0.0061944446,-0.39786019,-0.69049844,negative,1
20141181,before,-1.1931935,0.028156544,-0.60275367,-0.88912379,0.4278124,1.0405064,-1.0356415,-0.65278046,negative,1
20150010,before,-1.1461057,-0.41648398,-0.12187959,-0.61329609,0.15402015,-0.2970664,-0.78989257,-0.85845525,negative,1
20150024,before,0.34511076,2.3277862,-1.8372658,0.53628176,0.87350187,-1.2365829,0.1389942,0.84777745,negative,3
20150027,before,-1.1431662,0.54203858,-0.028212797,-0.0876709,0.046511179,-0.88912974,-0.15427955,-0.70898525,negative,1
20150039,before,1.4708365,-0.29581057,0.54049732,-1.1019344,0.13193797,-0.60327178,-0.82852752,0.77054645,negative,4
20150053,before,-0.81628853,0.22433993,-0.79322768,-1.2224449,0.71041066,0.30547609,-0.34841227,-0.23386562,negative,4
20150069,before,0.78508294,-0.99881604,-0.27522258,-1.4272953,-0.52533415,-0.39739759,1.8980406,-0.54227038,negative,4
20150087,before,-1.2005639,-0.25694815,-0.88471088,-0.51917746,0.039831279,0.56347981,0.57276143,0.027750755,negative,1
20150097,before,-0.52210913,-0.59999171,-0.31955578,-1.4845372,0.34576483,-0.33872205,0.039468909,-0.062638441,negative,4
20150112,before,-2.2463152,-0.40728693,1.7316049,0.50609264,-0.50789849,-0.93250958,0.17216435,2.1152712,negative,1
20150123,before,-0.21733829,-0.20119261,-0.22251777,-1.2074139,0.47972328,-0.22637218,-0.38686044,-0.30473398,negative,4
20150134,before,2.9681788,-1.4391539,-0.54896343,-1.0187668,2.4987958,-0.54486973,0.94852224,0.67315173,negative,2
20150149,before,-0.93028503,-0.32220104,-0.28408999,-1.1160394,0.28636752,-0.51710476,-0.21425744,-0.35166402,negative,4
20150153,before,0.93504825,1.2005714,-3.0412016,0.6894154,2.3023972,1.9126166,-0.11960549,1.5842186,negative,3
20150187,before,-0.99730111,-0.036906914,-0.27049355,-1.1087297,0.25771822,-0.27703368,-0.57202814,-0.74827644,negative,4
20150198,before,-1.1112552,-0.33803801,-0.85407617,0.48500929,0.45812661,1.0938967,-0.11625492,0.37446381,negative,1
20150213,before,-0.47230505,-0.40847924,-0.55217119,-1.5454732,-0.24733541,0.17673692,0.081172693,-0.79411049,negative,4
20150218,before,-1.2991858,-1.3308588,0.44682328,0.52011009,-0.02479872,0.93461352,-1.0488379,0.085233386,negative,2
20150234,before,0.23239739,0.15730759,-1.17069,-0.01477877,-0.80396624,-0.046298301,-0.43173109,-0.77606837,negative,3
20150272,before,-1.1793731,-0.30555232,-0.069471111,-1.0380112,0.39062214,-0.43579074,-0.38563966,-0.25043261,negative,1
20150285,before,-1.0905781,0.42793562,1.8107381,0.47711265,-0.61145378,0.062566655,1.5181496,-0.41142762,negative,1
20150325,before,-0.7971753,0.033770611,-1.8908882,2.1374621,0.065972278,0.31506264,0.37721349,0.6066304,negative,3
20150359,before,1.2818949,-1.0674387,0.35781808,-1.6521051,1.2433687,0.46709301,1.4277488,0.1306508,negative,4
20150369,before,3.4305437,0.47855919,2.0962747,-1.2899682,2.7609984,-0.96255557,-0.43938424,-0.6757649,negative,4
20150373,before,-0.17478592,0.31339496,-2.0840964,0.73839553,-1.3547407,-0.87128645,1.3888888,0.034457579,negative,3
20150377,before,0.44458781,0.78601729,-2.1209554,0.74815984,0.18095903,0.7534781,0.67978847,0.38193913,negative,3
20150441,before,-1.6024871,0.58944307,-0.25848552,-0.43646149,-0.40003651,-1.3274738,2.5944422,-0.26186529,negative,1
20150448,before,-0.18130728,1.0954046,-1.4268895,0.38638183,-0.7229454,-1.3295039,-0.84199572,-0.97569375,negative,3
20150451,before,-1.2674665,-0.22389721,-0.19444367,-0.394933,0.21696304,-0.35101569,0.55094596,0.13697236,negative,1
20150482,before,-0.40853998,-1.2418235,0.23219495,1.5108095,0.31978109,0.3163437,0.1213166,-0.6677944,negative,2
20150491,before,-1.3878978,-1.5306493,0.61223609,0.8023558,-1.0088665,-0.24582739,4.7449792,4.5966326,negative,2
20150532,before,3.7246738,-1.3329245,-3.7790932,-1.3952605,-1.1837628,1.2225881,-0.15409774,0.40660477,negative,3
20150546,before,0.0069993389,-1.4233618,1.3557687,1.6391705,-0.044832944,0.28305133,-0.64090354,-1.3320337,negative,2
20150560,before,0.93117883,0.47692408,-1.4274826,-2.1910375,1.6616526,-0.50510608,3.3842083,1.9032706,negative,4
20150561,before,2.209389,-1.9370105,-1.2779193,-0.95726443,-0.20714682,-0.38510675,1.6364487,-1.4337611,negative,2
20150628,before,2.154109,-1.4459357,0.67589324,-0.34674387,0.37386767,-0.97868987,0.083107234,0.36132598,negative,2
20150629,before,-1.1879061,-0.099314167,0.094012298,-0.044529576,-0.18293138,-0.80290239,-0.068666341,-0.027396454,negative,1
20150656,before,1.0362543,-1.680641,-1.1402157,-0.43671747,-0.37741169,-0.25098001,0.43398355,1.0521855,negative,2
20150717,before,0.47531232,-1.6441384,-0.42431311,0.093708662,-0.62116036,-1.3102042,0.071128451,-0.55724637,negative,2
20150746,before,2.2050355,-0.36236949,-1.4334655,0.26491815,-0.30325998,-0.73859654,0.74261097,-0.17562781,negative,3
20150765,before,-0.20658525,1.5806919,0.74370833,-1.3023878,0.088771855,1.1745282,-0.068559235,1.038555,negative,4
20150807,before,1.0514342,0.94228167,-1.9011726,3.2516613,0.063616339,0.088980148,1.2712001,1.1711426,negative,3
20150977,before,-1.1152502,0.20681392,-0.87723393,-0.51563229,0.48733894,1.1489337,-0.4678082,0.089668715,negative,1
20150992,before,-0.063124076,0.22599661,-1.2060476,1.0721871,0.7732062,0.50699239,0.2501152,-0.49197551,negative,3
20151067,before,-1.1537688,-0.4963076,-0.1646469,0.086881203,-0.46894543,-0.099245708,0.091803758,-0.20970573,negative,1
20151076,before,-1.0453859,-0.24490305,-0.43566553,-0.12670623,0.17700236,-0.4601796,-0.47716906,-0.43047615,negative,1
20151119,before,0.27087992,-1.4048725,0.92903238,1.1624789,0.93162142,0.5661479,-0.49812378,0.61336086,negative,2
20151160,before,-1.1295886,-0.028601011,-0.31736857,0.00063809562,0.21314649,0.50297424,-0.062484563,-0.00027240091,negative,1
20151161,before,-0.5431203,0.41425858,0.52520597,-1.3382606,2.4257086,2.4362928,1.007235,-0.56824449,negative,4
20151172,before,-0.32510003,0.02321087,-1.8505703,1.6838644,0.55389754,-0.19509858,1.29505,1.0388211,negative,3
20151175,before,-0.7187797,1.1185707,-1.9475278,1.7237602,0.86217915,0.6641142,0.58062658,0.43909043,negative,3
20160030,before,1.1836476,-0.18992249,-1.3478381,-0.14224175,-1.1589322,0.97117045,-0.99723914,0.39389316,negative,3
20160048,before,0.064108235,0.51349798,-0.67372966,-1.4760976,1.1219164,-0.5985147,-0.03052778,-0.92754148,negative,4
20160080,before,-0.62081305,0.090982063,-0.10967422,-1.119799,0.12280738,-0.44868617,0.58478929,-0.19305599,negative,4
20160132,before,-1.0935312,-0.019133693,-0.095931233,-1.0341728,0.22728363,-0.33079159,-0.56780864,-0.50410888,negative,1
20160145,before,-0.89383546,-0.074885178,-0.0942799,-1.255909,0.38778677,-0.64107428,-0.53909316,-0.81311702,negative,4
20160195,before,2.0594929,-2.8873489,-2.4094002,0.88213594,1.8230081,-0.92643699,0.43904094,0.66892202,negative,2
20160199,before,0.94605867,-0.38586757,-0.10850065,-1.2201652,0.88000437,-1.1898392,-0.059890803,-0.9609584,negative,4
20160248,before,-0.2550705,-0.17235711,-0.70117176,-1.5793455,0.19754035,0.84867297,-0.20332465,-0.69620561,negative,4
20160288,before,-1.0949819,0.40536128,-0.22602775,-0.36626678,0.20276109,0.37461227,0.099087191,0.7364494,negative,1
20160368,before,-1.3930915,0.77035832,-1.4496059,-0.12375141,0.20221562,-0.76430869,0.81422164,0.72864552,negative,3
20160380,before,-0.66039056,0.091802874,-1.9976932,0.4928831,0.87703376,-1.0088486,1.1551023,0.75700631,negative,3
20160539,before,-1.1831804,-0.56528422,-0.42554343,-0.74641819,0.2810493,-0.37823402,-0.049148917,-0.68041524,negative,1
20160546,before,-1.1436135,-0.301174,0.22374172,-0.62050967,0.034968146,-0.25412798,0.14653462,-0.3122867,negative,1
20160555,before,-0.55318712,0.021200341,-0.82902037,-1.2594601,-1.0783868,0.37972501,0.11633456,0.59991156,negative,4
20160587,before,2.2240034,-0.43837405,0.12737796,-1.2164737,0.84727925,-0.93512553,0.45165619,-1.0605284,negative,4
20160715,before,-0.69609298,0.45618611,-0.50008871,-1.3606319,-0.98544064,-0.23978227,0.99813253,-0.015704202,negative,4
20160758,before,-1.9271254,-2.6079836,-0.82078167,1.2344396,0.056348512,-0.28800005,1.6079845,2.5789384,negative,2
20160766,before,-0.99118761,-0.70788547,-2.5216856,2.4405649,0.44006107,-0.09340452,1.2137719,0.29847606,negative,3
20160827,before,0.87228322,-1.3182758,-0.17101698,-0.73643675,-1.1193389,0.62605199,0.79350343,-0.53536241,negative,2
20160857,before,0.89787824,-0.1925187,-1.0193774,-1.1213578,-0.44482638,0.74252967,0.50540729,-0.32824056,negative,4
20160861,before,-1.1490385,-1.0807876,-0.84911491,0.17814117,-0.23446594,1.2905949,-0.63151668,-0.22134344,negative,1
20160866,before,0.059265422,-1.1695195,-0.037029758,-0.94893119,-0.70022688,-0.24275218,-0.65929246,1.952497,negative,2
20160895,before,-1.0439095,-0.3286737,0.040577946,-0.67964078,0.44166245,-0.58176375,-0.35288953,-0.37054252,negative,1
20160922,before,-1.3233662,-0.68359788,-0.35824427,0.70605427,0.045639522,0.2476371,1.011735,-0.54849333,negative,1
20160927,before,0.44325194,0.40961559,0.2665007,-1.1627237,0.84750244,-0.47263187,0.10822846,-0.70419393,negative,4
20160964,before,-1.0587677,0.30842821,-0.74420052,0.8127921,0.19724691,-0.47542873,-0.3551749,-0.18303871,negative,1
20160980,before,-1.2125324,-0.33631251,-0.84727553,0.61937508,0.37531936,-0.82794626,0.35089162,-0.1414934,negative,1
20161003,before,0.19919787,-1.8657229,-0.33689835,1.036256,-0.38095586,-0.50288091,-0.27360223,2.3581062,negative,2
20161058,before,0.21776499,0.63175237,-1.8788903,0.67046909,-0.99864119,0.19366249,0.8109733,-0.049703225,negative,3
20161087,before,0.36508111,-0.9755856,-1.2137857,0.30635593,0.24330191,-0.43269595,-0.5999754,0.6391244,negative,3
20161098,before,-0.10864561,-0.27859241,-0.65288845,-1.5973541,0.28163039,0.15731037,0.32807175,-0.11169745,negative,4
20161143,before,-1.3063225,-0.59351921,0.13373996,-0.2307432,0.38071113,-0.1838416,0.25762988,0.54193628,negative,1
20170005,before,-1.0656449,-0.18742667,-0.49364031,-0.45980692,0.19538941,-0.093356522,-0.8000421,-1.0151391,negative,1
20170039,before,-0.5813502,-0.34201664,-0.39879722,-1.2157699,0.47715285,-0.61030064,0.16032943,-0.20692054,negative,4
20170105,before,-1.0365042,0.2896016,-0.17837517,-0.76675776,-0.17107935,-0.32325201,-0.71788721,-0.8048804,negative,1
20170117,before,-0.71211697,-0.014444956,-0.41785991,-1.3188769,-0.28128928,0.26546394,0.18345339,0.17063301,negative,4
20170127,before,-0.62221,-0.44800679,-0.14440519,-1.1274196,-0.0011330631,-0.34593654,-0.76933419,-0.76637497,negative,4
20170135,before,-1.3612035,0.95515568,0.93088778,0.74345482,-0.71626837,0.22018668,1.0630391,1.4541183,negative,1
20170154,before,0.47536655,-1.4404414,-0.79952004,0.023752122,-1.2999305,-0.9241556,-1.2867205,-0.78996802,negative,2
20170171,before,-1.0522981,0.0014585185,-0.2269443,-1.0424698,0.45400786,0.078376668,-0.45911509,-0.62677406,negative,1
20170194,before,-0.37269775,-0.39226349,-2.5193985,1.5037938,1.7562926,-0.16588294,-0.16850502,0.68649515,negative,3
20170296,before,1.6647422,-0.83275939,0.7623688,-1.1328146,1.4873733,-0.95200988,2.0579727,-0.80150136,negative,4
20170347,before,0.79777291,-1.1653364,0.30006632,-2.0982666,1.3338151,-1.4429871,0.55574452,1.7499892,negative,4
20170348,before,1.3081996,-1.0431778,1.0009106,-1.4856984,0.69779267,-0.58669605,1.9004568,0.91103818,negative,4
20170381,before,-1.030233,-0.054970434,-0.49444083,-1.2809682,-0.27218349,0.37175846,-0.30517801,-0.19147846,negative,4
20170409,before,0.94523845,0.40498687,-1.3528433,-0.56358783,-1.2982203,-0.51500808,0.5508084,0.45201358,negative,3
20170504,before,1.0618541,-2.1230885,0.15073865,0.0016019853,1.1020304,-1.5531717,0.35026321,3.4531242,negative,2
20170544,before,-1.054455,0.099278773,-0.85786481,0.88006227,0.037393455,0.030540263,1.0310458,0.25473281,negative,1
20170587,before,0.77841637,-2.8961805,-1.8455091,0.39747548,-0.088941131,-0.83596458,2.7925247,4.0924179,negative,2
20170676,before,0.6236639,-1.1660872,1.1941476,1.6633051,0.26146629,3.4398644,0.10146032,1.1366964,negative,2
20170687,before,-0.68795165,1.0267768,-1.4422926,1.4661827,0.99558222,1.379417,-0.61321306,0.83665606,negative,3
20170717,before,-1.1295282,0.89628738,0.4573902,0.3630972,-0.76571774,0.85418199,0.4143231,0.04694136,negative,1
20170749,before,-0.46092213,-1.3727565,0.20275704,1.3614612,0.63290243,-0.56218882,-1.2587482,0.52944938,negative,2
20170870,before,-0.25824416,-0.10308473,-0.59909868,-1.2568795,-0.49353156,-0.23008968,1.3191177,-0.050276492,negative,4
20170890,before,-0.015838131,-0.51064861,-2.462453,2.0066435,1.4578591,-0.90512703,0.80703489,0.251652,negative,3
20170907,before,0.82628632,-3.0938974,-0.27121504,3.7239094,-0.85054705,3.1883765,-0.69317057,-0.077852115,negative,2
20170984,before,0.72723801,2.4345949,-0.79581561,-1.840134,2.6939799,1.9273468,0.77813625,0.73292868,negative,4
20170993,before,-0.36937298,0.25731782,-0.37320434,-1.4282521,-0.98843179,0.96206914,-0.054556285,-0.21147287,negative,4
20171038,before,0.71614547,-0.236894,0.53141128,-1.4029757,1.7342236,0.25963172,0.9573947,-1.3511677,negative,4
20171080,before,-1.0751958,-0.64714321,0.16544601,0.71755055,-0.36227365,0.38004013,-0.57548065,0.66834679,negative,1
20171106,before,-0.62140145,0.57282931,-0.95202551,-2.2594769,1.3205239,2.0123107,0.58134395,0.90920244,negative,4
20171124,before,-1.0836227,0.20156484,-0.34837884,-0.17798423,-0.2684795,-0.24125729,-0.34067839,-0.18600191,negative,1
20171126,before,-1.0973987,0.10675789,-0.29172485,-1.258095,0.57747156,0.0010256041,-0.17914171,-0.41658654,negative,4
20171130,before,-0.029919676,-2.8551484,0.17604237,-0.79253913,0.83606187,-1.3042155,2.4980488,3.1397752,negative,2
20171141,before,0.41482935,-1.9255356,-2.8555496,4.3279318,-0.55303914,1.0559173,-0.26178472,0.024036198,negative,3
20171155,before,-0.75466226,-1.6760856,-0.64426084,3.2726346,0.33906582,0.61837462,0.71556693,-1.2140659,negative,2
20171171,before,-1.3918478,-0.36998777,0.66179914,0.4920198,0.13991861,0.75132093,1.6102778,-0.187091,negative,1
20171173,before,-1.0455886,0.04678555,-0.15157448,-1.1715137,0.64081274,-0.57682746,-0.28562615,-0.7060129,negative,4
20171176,before,0.62911137,-1.2448981,1.3853998,0.4440005,-0.03312149,1.7035467,1.5282545,-0.96276925,negative,2
20171199,before,0.37366306,0.48515822,-1.2049172,2.2447855,1.9932185,2.4639137,-0.31263317,0.70080937,negative,3
20171200,before,-0.69506438,-0.029848912,-0.30105703,-1.0896105,0.52887655,-0.34486999,-0.29162819,-0.74463259,negative,4
20180039,before,-1.1566558,-0.10602274,-0.21624589,-1.1802269,0.34161744,-0.02707289,-0.74424812,-0.55144702,negative,4
20180096,before,-0.66178447,-0.81766249,-1.1409543,-1.4503366,0.71391777,0.86251534,0.899941,0.49140411,negative,4
20180105,before,-1.9429598,-0.8544591,-1.0699285,-0.66415808,-1.8491877,1.8151309,2.947262,0.54690529,negative,1
20180143,before,-1.4411853,-0.68296271,-0.61791539,-0.23312979,-0.18192117,0.060370854,0.94892753,-0.11963513,negative,1
20180148,before,-0.45848005,-0.33427815,-0.7097594,-1.277524,-0.13942379,0.31655531,-0.47248138,-0.30209144,negative,4
20180149,before,0.47043431,-0.097342351,-2.2985554,3.1835523,1.1562281,-0.16233591,-2.0121762,-0.9738265,negative,3
20180181,before,-1.1448284,0.16443113,-0.24924059,-0.69520528,0.26134366,-0.32652895,-0.55368115,-0.72563235,negative,1
20180194,before,-1.1775584,-0.048086833,-0.52647987,-0.73908525,0.46592658,0.21633046,-0.39881495,-0.50260124,negative,1
20180244,before,1.2453032,-1.2282173,1.6269152,-0.17849761,0.80899378,0.43517177,1.3670586,0.71970225,negative,2
20180278,before,0.33230772,-1.9279388,0.083375186,0.12727866,-0.44831906,0.086300511,-0.13924684,-0.4093049,negative,2
20180283,before,0.065338971,-1.7006455,0.74638705,0.34978117,0.72870821,-0.082013037,-0.66110178,-0.14960693,negative,2
20180339,before,-1.3292098,0.0069960195,-1.0143604,0.097969537,0.051803816,-0.35968816,0.069670632,-0.16170599,negative,1
20180346,before,-1.1353059,-0.33517893,-0.43928987,-0.70940012,0.26193983,-0.014591598,-0.49340703,-0.30072616,negative,1
20180365,before,-0.22972028,2.6140859,-4.5598262,2.2713351,2.3605118,1.5395841,0.65477679,3.1908821,negative,3
20180435,before,-0.40268497,0.17554829,-1.3409632,-1.4531944,-0.52846901,0.13315927,2.3527624,-0.9609992,negative,4
20180464,before,-1.1642148,0.41674076,-1.6609951,1.1795256,0.46673395,-1.5850979,0.44159668,-0.93881766,negative,3
20180516,before,0.22133876,-1.2473836,0.1156552,0.023261245,0.28138874,-0.69602919,0.19610463,-0.21882716,negative,2
20180545,before,0.16980153,-2.4015379,0.59746283,0.13829952,1.6157201,-0.73179201,0.085013997,2.6186309,negative,2
20180548,before,-0.054331654,-1.6331203,0.36115033,2.2792482,-0.15768569,-0.2398936,0.69800259,0.42017792,negative,2
20180558,before,-0.72464056,-1.3083145,-1.1720749,3.2429174,0.66662408,0.86731456,0.64697867,-0.39095785,negative,2
20180583,before,-1.2781814,-0.6282146,0.13438753,-0.54116956,0.0109804,-0.9431018,0.10619481,0.030106322,negative,1
20180690,before,-1.4922997,-0.57702464,-0.84611972,-0.20824781,-0.18882667,0.39316634,0.035449576,-0.075393261,negative,1
20180715,before,1.330338,-0.31077061,-3.1824564,-0.62477444,-1.0325042,3.8295771,1.6192639,1.0743171,negative,3
20180719,before,-0.38904489,-0.62505169,0.11477115,-1.4960363,-1.0622607,0.0011076377,-0.76304466,1.7517591,negative,4
20180772,before,2.5670824,-1.2292631,0.11084226,-1.624688,0.03595681,0.51823199,-0.55345272,0.72074758,negative,4
20180809,before,2.0182848,0.12637303,-1.5737854,-1.0425065,0.26881106,0.48597035,-0.27336223,0.087412661,negative,3
20180813,before,-0.97721472,-1.702543,0.020047708,1.0521385,-0.51976119,0.85642836,0.15019927,-0.31980965,negative,2
20180842,before,-1.0657088,-0.13480259,-0.13266303,-0.42658564,0.23456578,-0.35988067,-0.22158551,-0.28466109,negative,1
20180865,before,-0.9330986,-1.803918,-1.6236801,2.793726,0.50922275,0.98189167,0.45988195,-0.01521637,negative,2
20180891,before,-0.86243277,-0.10060093,-1.3412628,0.82197712,0.54034554,1.1027255,-0.2962539,0.18093365,negative,3
20180923,before,-1.1397336,0.035169553,-0.5020654,0.40218571,0.13843142,-0.4786293,0.34479773,-0.46982284,negative,1
20180930,before,-1.1510591,0.1232835,-0.14972337,-1.0059206,0.78617786,0.19281155,0.022560272,-0.32060654,negative,1
20180958,before,0.69660841,0.43808175,-1.6392677,0.70153061,1.7218576,0.58453134,0.95874993,-0.60787941,negative,3
20181019,before,-0.9033288,-0.34938776,-1.1617335,0.016934948,1.0129581,1.419776,-0.71083094,-0.25864466,negative,3
20181048,before,-1.1706885,-0.57886227,-0.49589114,-0.023993357,0.048238822,-0.13121086,-0.27456542,-0.98243753,negative,1
20181052,before,1.7245407,0.17165719,0.13068593,-2.1615913,0.84292259,1.6609955,0.5624317,1.3956557,negative,4
20181068,before,-0.3534955,-1.316706,-1.0772365,1.9983084,0.31445118,0.45159527,-0.30894187,-0.81961423,negative,2
20181098,before,-0.52968079,0.47594022,-1.4148734,-1.3774272,1.8018521,1.9642905,-0.042502522,0.47976156,negative,3
20181107,before,-0.56731609,-0.15442293,-1.4725168,-1.3875571,2.0300018,1.9398872,0.45254794,-0.54817054,negative,3
20181128,before,-0.8833008,1.0704621,-1.920779,0.66707376,-0.30363488,0.18331255,-0.24634497,0.41121425,negative,3
20181133,before,-1.2277402,-0.2927032,0.36935714,-0.23711411,0.042438069,-0.6574151,-0.72272063,0.01932504,negative,1
20181194,before,-0.99993539,-0.078646362,-0.18310792,-1.184524,-0.050694533,-0.57899621,-0.74379295,-0.43394855,negative,4
20190014,before,-1.2364024,-0.45427714,-0.085092695,1.6977599,0.11824954,-0.64932545,0.072401247,-0.089292478,negative,1
20190050,before,1.1213136,-0.46487568,-1.5270911,0.27542671,-0.86058088,-0.93561001,1.6772392,-0.066248473,negative,3
20190069,before,-1.3931536,-0.58959689,-0.87329945,-0.58762636,-0.17972097,1.0737405,0.29674528,-0.37110675,negative,1
20190120,before,-1.2429921,-0.76234685,-0.36092199,-0.22335103,0.093901381,0.34773313,-0.66568007,-0.40504809,negative,1
20190129,before,0.95644568,-0.45615701,-1.8085785,1.0502438,1.6168692,0.23370924,0.64941217,-0.94939492,negative,3
20190137,before,-1.0355845,-0.019397256,-0.4454309,-0.5923026,0.10217558,-0.014529888,-0.95035139,-0.63700638,negative,1
20190151,before,-0.94253652,0.26467748,-0.24819701,-1.4211215,0.60551662,0.53745805,-0.57617481,-0.65640061,negative,4
20190171,before,-0.47680845,-0.30568822,-1.2446318,2.1912602,0.23205815,1.6736347,-0.9674517,-0.11434636,negative,3
20190188,before,-0.29232222,0.23393735,0.096877237,-1.4075153,1.2725044,-0.49295374,-0.58783243,-0.56496775,negative,4
20190197,before,-0.074989333,0.58188065,0.11637011,-2.0671663,2.1805776,1.9252933,0.53006589,0.3953899,negative,4
20190255,before,-1.1695891,0.67877633,0.56940831,-0.31966974,-0.84435059,-0.51474236,0.096141718,-0.050831395,negative,1
20190332,before,-0.54496883,-0.15597973,-0.80797859,-1.1974235,0.22773914,0.53161446,0.34394983,0.29382447,negative,4
20190342,before,-2.8611181,0.85252754,-0.59205653,-0.46099566,-1.5459987,1.5859642,3.002618,5.0677903,negative,1
20190349,before,-0.40571506,-1.4056264,-2.6008273,1.927523,0.22172111,0.80721189,1.6217153,0.66612581,negative,3
20190371,before,-1.0067563,-1.129943,0.28376641,-0.3318143,0.53936735,-0.58876891,0.86272752,0.10789489,negative,2
20190376,before,0.33558219,-1.3262563,0.21606606,-0.626385,0.48874582,-0.64035029,-0.016451931,-0.8384458,negative,2
20190397,before,1.3585408,0.58132702,-1.2784401,-1.3317209,0.43103155,0.46061384,2.8546202,-0.44584432,negative,4
20190425,before,2.9986793,-1.8179866,-0.9695555,-0.49852122,-1.2917611,-0.80539119,-0.74006564,1.1825953,negative,2
20190467,before,-0.52073072,1.3445863,-2.1895979,1.1045749,0.78972265,0.53333034,-0.66733889,0.56975551,negative,3
20190497,before,-1.4218262,-1.1488365,-0.20954483,-0.69168178,0.53492112,-1.4143945,3.8123753,0.70389897,negative,1
20190559,before,-0.80346961,1.2789693,-1.3608178,0.39366639,0.61620133,-1.0976485,0.94312271,1.0392487,negative,3
20190583,before,0.239396,2.1199143,-1.3839497,1.0721291,2.5050292,0.95248161,0.055123317,0.33252617,negative,3
20190591,before,-0.58074616,-0.9424069,-1.6657949,-0.034101282,0.29119445,-0.14568698,0.50424244,1.375877,negative,3
20190746,before,-1.20622,-0.32534739,-1.6235535,0.8264504,0.77654122,0.52295115,1.7773189,2.2013524,negative,3
20190765,before,-1.5042624,1.0695788,-0.44502267,0.3002052,-0.78494656,0.15626822,1.6381549,0.73913145,negative,1
20190785,before,-0.50633666,-0.13278031,0.0031666607,-1.2844054,1.1794592,1.2519183,-0.40290345,0.39482194,negative,4
20190867,before,0.26880216,0.23326499,-0.25266518,-1.0722147,-0.36021707,1.0024584,-1.0387964,-0.24768127,negative,4
20190893,before,-1.8664471,-1.3233989,-1.7316782,0.8583259,-0.13443309,-0.057924846,0.70174909,0.42130369,negative,1
20190900,before,0.2057325,-1.2879839,-1.3350935,-0.93557599,-1.3136859,-0.26548519,0.55291416,1.2159954,negative,3
20190904,before,-1.0423803,0.52928054,0.24322277,-0.64333298,0.048649509,0.12452452,-0.55643243,-0.54952353,negative,1
20190951,before,0.10177464,1.2890471,-3.254551,3.2568088,2.730025,2.7579626,0.22627705,1.4448391,negative,3
20190970,before,-0.32228521,-1.1555452,0.034183178,-0.18184072,-0.0097392093,-0.54278919,1.2474478,0.45972108,negative,2
20190977,before,-1.0656696,-0.58275053,-0.55819093,-0.18035105,0.28739432,-1.0538779,1.2697601,-0.019846027,negative,1
20191004,before,-1.0543747,-0.61941549,0.39550255,-0.58924541,-0.27059181,-0.76733238,0.0069797364,1.2014565,negative,1
20191010,before,1.0272356,-1.4455146,-0.62090463,0.97708325,-0.43418505,-0.62968131,0.20429177,-0.9474875,negative,2
20191014,before,2.5261918,-1.9003314,-1.239677,-0.26802599,-1.346204,-1.7783562,-0.56794379,1.4384033,negative,2
20191020,before,-0.86051307,-0.41205636,-1.2978287,-1.2122411,0.46971566,2.1281076,1.4243871,1.8423644,negative,3
20191052,before,-0.18519091,0.31665852,-0.30690267,-1.566655,0.66187079,0.73410614,-0.3912125,0.15551263,negative,4
20191057,before,0.055033254,-0.55007883,-0.053479135,-1.3612204,0.92359617,-0.21867011,-0.044816509,-0.17708001,negative,4
20191070,before,-0.48795304,-1.5843505,0.34701006,-0.49387882,0.44138649,-0.10720698,-0.67121174,-0.13931116,negative,2
20191084,before,-0.16987161,2.2110639,-2.6987375,0.65067757,2.1924477,3.1374348,0.26999231,2.5571847,negative,3
20191103,before,0.36063528,-1.3359839,0.26454301,-0.48277047,0.37892686,-0.36742979,-0.73745508,1.5918812,negative,2
20191155,before,1.4508914,-1.0207494,-0.47726781,-1.5321559,-0.043346897,0.15319454,0.98854513,-0.35158267,negative,4
20191179,before,-1.1155354,-0.15770906,-0.49700506,-0.32691255,0.16631833,0.38618818,-0.70529569,-0.19652638,negative,1
20200288,before,-1.1123119,0.15983745,-0.34738463,-0.70866251,0.37284308,-0.3986164,-0.58689839,-0.74874506,negative,1
20200561,before,0.19725234,0.13421237,0.14197188,-1.3971031,1.1331437,-0.26591256,0.441636,-0.50412589,negative,4
20200632,before,-0.11421625,-1.8586178,-0.37205219,-0.77916824,-0.11514328,-0.3480092,0.5771735,1.1713314,negative,2
20201245,before,1.485584,-0.79017128,-2.5851586,-0.86650168,-1.5148078,0.67297899,0.36044923,-0.89487337,negative,3
20201322,before,1.0001229,-0.18378301,-0.83786925,-1.1040885,1.0622104,-0.6489465,-0.58131855,-0.87436159,negative,4
20201408,before,-1.7868651,-1.293565,-0.1895407,0.25499423,-1.3431834,0.81913914,-0.7278007,1.3415191,negative,1
20202129,before,-1.3157868,-0.23683793,-1.41709,0.13890298,-0.40630896,1.4012949,-0.0014398451,0.076296244,negative,3
20202177,before,-0.91311361,-2.0573154,-0.90589051,2.8857979,0.017043805,-0.16874269,1.6311845,0.14421279,negative,2
20202667,before,-1.2846443,-0.17785483,0.83362724,1.3422781,-0.36921057,0.41309749,0.30497826,-0.65235421,negative,1
20202743,before,0.29432318,0.89943396,-1.3169324,1.2761439,0.84801818,0.57041057,0.43056009,0.23767408,negative,3
20202994,before,-1.350515,0.29160021,-0.051704714,-0.63047985,-0.05840162,-0.66127746,0.099517015,1.6121486,negative,1
20203207,before,-0.84815047,-0.96630184,-1.7662993,-0.087124223,0.3656843,-0.84789991,0.58882341,0.81098708,negative,3
20203660,before,-1.078458,-1.9550697,-0.57208492,-0.05339771,1.0128793,-0.33856418,2.1787581,2.0121079,negative,2
20203686,before,-1.0699627,-4.2235626,-0.52389296,-0.31538481,0.68597335,-0.78329865,4.031455,6.3138658,negative,2
20203738,before,-1.3228286,-1.3016609,-0.07253818,0.96270577,-0.75924021,0.10989115,-0.27968827,-0.17656853,negative,1
20204070,before,-1.5093109,-1.2882295,-1.2740246,1.1270743,0.32733804,2.6785208,0.76891707,0.13776806,negative,1
20204079,before,-1.0728362,-0.59200884,0.012921282,-0.093992434,-0.30174492,-0.57811108,0.21763884,0.34239352,negative,1
20204474,before,-1.5209165,-1.4767525,0.98245853,1.2547516,1.4596384,-0.64240962,3.0404057,2.030576,negative,1
20204655,before,2.9962809,-0.28425681,-0.48919742,-1.7301961,-0.45443022,-0.35179332,2.7563833,-0.018073975,negative,4
20204777,before,-1.0994783,0.50385857,-0.96326377,-0.070201569,0.5421938,-0.38376002,-0.14209064,0.10152853,negative,1
20204822,before,-0.18644363,2.087993,-2.0808922,2.0887226,1.1075061,-1.0351733,0.42385906,1.0093737,negative,3
20205294,before,0.28417586,0.65841948,-4.6381959,1.7736089,3.7966337,3.5764357,0.67904447,0.25196885,negative,3
20206945,before,0.59161006,-0.53142076,0.80425755,-1.5222373,1.0061915,-0.77857883,-1.5027479,0.6339932,negative,4
20207038,before,0.18241491,-0.40829572,-1.3779802,-1.2526567,-0.1519838,0.71672037,3.171096,-0.53176045,negative,3
20207194,before,-0.14159498,-0.67626584,-1.5765785,-0.071135392,-0.23974451,-0.58812808,1.2210792,0.73285893,negative,3
20207340,before,-1.5640505,-0.62263979,-0.26270242,0.18598384,0.32084193,-0.17658193,1.3073588,-0.026628546,negative,1
20207440,before,0.7333663,-1.5411159,1.1634812,-0.98654741,0.69261588,-1.1814169,0.20072867,0.78678207,negative,2
20207746,before,-0.42124252,-1.1320473,-0.748821,0.24718587,-0.33013187,0.072085531,0.67811787,-0.34454245,negative,2
20207789,before,-1.600301,0.44582319,-0.26122858,-0.91349054,0.11448102,-0.64285615,2.3035459,1.3882815,negative,1
20207824,before,-0.87651801,-1.5985489,-0.85292108,0.32329499,0.17301593,0.35337018,-0.44931748,0.35103054,negative,2
20207997,before,-1.0094741,-0.7247556,-3.0072378,3.2590415,0.92793842,-0.2450455,0.95746983,0.55388028,negative,3
20208180,before,-1.1407868,0.57560533,-0.69328757,-0.84663016,0.78690843,0.99666272,0.16504229,0.35101355,negative,1
20208267,before,-0.45460168,0.077364555,1.8932623,-1.6390709,1.3866836,4.1330369,2.0654508,3.2896369,negative,4
20208327,before,-1.496479,0.086497087,0.61553827,0.27968018,-0.1147544,0.90008381,2.1607151,2.8883005,negative,1
20208427,before,-1.3178221,-0.88448168,-0.50241379,-0.30915209,-0.53294415,0.24557403,-0.95584801,0.17667771,negative,1
20208620,before,-1.3263899,0.43855278,-0.51588655,0.049759891,0.55254329,-0.60729859,1.0412013,0.25683341,negative,1
20209245,before,0.69048151,0.069585921,0.55533722,-1.5164464,-0.15161057,1.0125772,-0.45818915,0.30135212,negative,4
20209372,before,-1.3605938,-0.58904004,0.72055276,-0.13592176,0.088554299,-0.69817845,1.1201411,0.22999265,negative,1
20209664,before,-1.0914795,-0.17072063,-0.1602404,-0.76018225,0.30372755,-0.62913269,-0.2707355,-0.60614457,negative,1
20209838,before,-0.85932396,-0.076441793,-0.37160904,-1.2644029,0.74891646,0.07198106,-0.51504593,-0.38046954,negative,4
19790087,after,-0.4312422,0.37498863,0.94316615,2.0074608,-0.48309484,-0.95353176,0.60484912,0.43482703,positive,4
19790135,after,1.3671397,-0.022996218,-0.26155826,-1.4783519,-1.2507747,-1.3647907,0.77512291,-0.27730374,positive,1
19790166,after,1.6999428,0.10025093,-1.7043215,-1.717504,-2.885921,-0.27223061,1.6451318,-2.8104069,positive,1
19790369,after,0.039532089,1.362847,-1.1097971,0.042675372,1.0181491,-0.42992114,-0.50813937,-0.25342019,positive,2
19790455,after,-0.79575156,0.61524486,0.51958996,1.2466002,-0.46943219,0.85175204,-0.51748377,0.12127174,positive,4
19790483,after,-0.40982194,0.44839329,-0.10162074,1.5648588,-0.43778736,-0.27820593,0.11994019,-0.39822144,positive,4
19790535,after,2.0129121,1.0905373,0.92950325,-2.3045697,0.24937817,0.5094838,0.077958549,-0.39827695,positive,1
19790585,after,2.8883155,0.84621237,0.57336369,-1.6779675,-0.047665399,2.1658243,1.3761134,-0.96997825,positive,1
19790644,after,2.7646958,0.08480187,-0.42695984,-0.67708678,-1.5910155,0.78836973,0.45120054,0.15588453,positive,1
19790669,after,0.13589497,0.77820427,2.6027569,-1.0831642,1.3913142,-1.8318929,1.1062008,0.77441108,positive,3
19790802,after,0.22699341,1.199857,2.4279732,-1.8027507,-0.0012764152,-0.67784951,0.80590939,1.5445121,positive,3
19790918,after,0.53912892,0.39458851,-0.074907695,3.0508839,-0.4103459,1.8585196,-1.427268,1.181721,positive,4
19790931,after,1.1329963,0.46145569,0.22745508,1.5268137,0.56165771,-0.17643196,0.12384818,0.87171142,positive,4
19790957,after,-0.95225488,-0.87974513,0.90411492,1.7265122,-0.96493113,-1.0550305,-0.17253406,0.015833248,positive,4
19790985,after,0.032437447,1.7852188,-0.37570665,1.2544832,-0.087819935,1.1244788,-0.53697756,1.2510295,positive,2
19791000,after,0.78546827,0.5517319,2.0734211,-0.16315878,-0.58596355,0.27170092,0.38387974,0.30102833,positive,3
19791008,after,2.1058715,-1.1623362,-0.7271612,4.3081503,-0.32235066,1.2613699,-0.70432318,-0.72879899,positive,4
19791015,after,0.27867432,0.67833548,4.8295,0.35499149,0.86460276,-2.8274887,0.74318761,0.43607153,positive,3
19791150,after,1.5182284,-0.76887183,-1.1157876,0.24739796,-0.51742078,0.095949828,0.77747491,-2.0334852,positive,1
19800033,after,-0.80817252,1.4492361,0.18960193,-0.91286559,0.10658687,0.66480935,-0.9480546,0.4436551,positive,2
19800123,after,-0.70417235,-1.1851804,-0.34837342,1.4979355,-1.2173442,-0.029533824,-0.44026759,0.23545983,positive,4
19800134,after,0.42621293,1.5693423,-0.94973699,-0.75822257,-0.87737233,-0.50078394,-1.4006637,-2.3438059,positive,2
19800157,after,-0.84762112,-0.27563137,1.6679239,-1.4721272,-0.51342449,0.92893217,-2.4915734,-1.3009288,positive,3
19800170,after,-0.025809587,1.8128845,0.54492741,1.9246204,0.42884691,-0.12517156,0.033214544,0.15822735,positive,4
19800192,after,-0.035658103,1.281325,0.43653258,-0.21315159,-0.65572316,-1.2055969,-0.71408293,-0.75196301,positive,2
19800213,after,-1.2049175,-1.1506812,2.5001302,-1.2200276,-0.3774226,1.649125,-1.6955257,-2.7083647,positive,3
19800256,after,2.3460001,-1.3127417,-0.96802545,-0.43997534,0.71074087,-1.2884292,-0.070583599,-0.025030292,positive,1
19800318,after,1.9498398,-0.54391662,-0.79338615,-0.25441894,-0.55435455,-1.5738699,-1.0566722,1.0203039,positive,1
19800411,after,1.9403924,-0.56568381,0.86656919,-0.85718041,-0.50271769,0.3598082,1.323612,1.4163146,positive,1
19800423,after,-1.6106656,0.38910187,1.5058256,-1.4087838,-0.65914178,0.29291989,0.29625774,-2.9782055,positive,3
19800440,after,1.3496377,0.52722392,1.3482455,-1.6413809,-1.0024326,0.98143941,-0.14307958,1.270565,positive,1
19800455,after,1.5609305,1.0238621,-0.34634895,-0.27413192,-1.6263727,-0.90900016,-0.4681327,-0.73219801,positive,1
19800464,after,2.1101458,1.202306,-0.71811988,-0.98722321,-0.092727629,-0.51368359,-0.2757049,-1.5939358,positive,1
19800550,after,-0.93985532,0.15376292,2.0707684,-1.0778351,0.087617222,0.29640561,0.014961826,-0.30889463,positive,3
19800590,after,0.44703181,1.550461,-0.97878068,3.2859827,-1.6428584,-0.88302677,3.1328455,2.0993929,positive,4
19800621,after,4.2963029,0.51183896,2.1075132,2.0059852,3.017666,3.6484363,0.53521289,-0.91957015,positive,1
19800640,after,1.0813867,0.28210312,-0.016126709,2.5320215,-0.656928,-1.9332132,-0.61645514,1.7259326,positive,4
19800646,after,0.12206668,0.10392354,1.2922145,0.87466454,-1.024869,-0.16597423,-0.69819163,-0.083244949,positive,3
19800725,after,1.8547963,0.45929785,-0.073786147,-0.4224152,-1.2669468,-0.66788794,0.47658989,0.36624195,positive,1
19800887,after,0.6652196,0.33820773,1.4140489,2.1296301,-0.10623062,0.041114002,0.056030416,0.04969511,positive,4
19800961,after,-0.49327787,-0.74215488,-1.5721154,1.295226,-0.31634639,0.1501871,0.98695427,-0.13085426,positive,4
19801009,after,-0.90552498,0.37171173,1.5748355,-0.94867158,0.38909371,0.97017285,0.042624972,-0.46016279,positive,3
19810096,after,2.0451916,-1.7237735,-2.4209411,-0.40853723,-2.0621709,-0.42005557,1.3407848,1.0639947,positive,1
19810160,after,-0.6961341,-0.03815971,0.31578835,1.9952514,-1.1797106,-0.42371693,0.78428643,0.36452339,positive,4
19810179,after,0.52264607,-0.55024144,2.0515296,-1.1128933,1.2340705,0.15856488,0.013708308,-0.63747674,positive,3
19810388,after,0.10452202,0.51689651,1.9911402,-1.9807265,0.19872687,0.2417026,1.1917919,-0.21760509,positive,3
19810450,after,1.2594524,1.8042935,0.099182531,0.93103819,0.52536922,1.4382146,-0.46171998,-0.18254963,positive,2
19810473,after,3.019778,0.59545364,0.26838771,1.9825383,2.6079498,0.044907145,0.3592474,-1.0879707,positive,1
19810586,after,1.5840322,-0.3014316,0.96083094,1.0564381,-0.84926869,-1.9428966,0.75677707,-0.58144831,positive,1
19810597,after,-0.896951,0.58775982,1.7880718,-0.86399009,-1.1731491,1.2910441,-0.46782111,-1.0230885,positive,3
19810618,after,0.95053845,0.75336868,2.0877706,0.41118283,-0.35993066,-1.269313,-0.043760399,0.93753521,positive,3
19810626,after,1.9773098,0.31035692,1.0222349,-1.7123541,-1.6835703,-0.90067313,0.04392296,0.048967551,positive,1
19810650,after,-0.26524622,1.9493573,1.5050807,-0.34034086,0.37825613,-0.7284091,-0.39954298,-0.93538604,positive,2
19810733,after,0.30952402,1.9667687,2.543504,-1.0549571,-0.73441689,0.91581996,-0.88146857,0.96763275,positive,3
19810790,after,-1.4358591,-1.2338704,4.1115379,-1.7315548,-1.7294024,2.3020957,-0.94265039,-0.87973948,positive,3
19810863,after,2.7841821,-0.99886171,-0.063991961,1.4778664,-0.48744092,1.2185193,0.062975782,-1.28961,positive,1
19810877,after,-0.073892901,1.964245,0.75917504,2.9041696,0.15098995,0.70402295,-0.11279719,1.1796023,positive,4
19811003,after,0.22772614,1.7481593,-0.41379183,0.55205064,1.2536861,0.22993448,0.39364931,-0.095805365,positive,2
19811035,after,-1.5211433,-1.2364248,1.3616506,0.043640141,-0.0031532112,0.036276503,-0.3812572,-0.76764574,positive,3
19811086,after,1.0818082,0.61885584,1.7052578,0.85713648,0.36831017,0.39805973,0.77544522,-0.43517057,positive,3
19811153,after,1.4853498,-0.55494764,0.085434692,-1.3169758,-0.91840842,0.81698931,-0.36468418,-1.5531012,positive,1
19811187,after,2.0043141,-1.7144352,-1.7704433,2.7061296,1.5338655,0.44434831,0.39410815,-1.1972264,positive,4
19820050,after,2.3885678,-1.4391902,-1.763525,1.3054601,0.82134759,0.54434813,-2.6796684,0.78971518,positive,1
19820081,after,-0.071525144,1.9970292,0.68300503,-0.46165808,0.39650334,1.5938607,-0.71533359,0.72843695,positive,2
19820175,after,-0.53609567,0.34625581,-0.25369619,1.8574283,-0.79890744,0.14256267,-0.51014595,0.11444965,positive,4
19820207,after,-0.012838454,2.1186696,-0.34474672,0.97402674,-0.24290767,1.3955449,-2.0494254,1.3194815,positive,2
19820253,after,0.72809329,-2.9080676,1.5276057,1.0836153,-1.1457601,-1.928319,-0.51806893,0.71546454,positive,3
19820453,after,-0.36557798,-1.1930996,1.003832,2.9745196,-0.87611599,-0.06115993,0.51861806,-0.4202598,positive,4
19820516,after,-0.0061120222,0.42460457,-0.32649471,1.4892743,-0.88986653,-0.31066136,-0.57092208,-2.176592,positive,4
19820563,after,-0.96584639,0.12211657,0.40762572,3.0547247,-0.9549697,0.78861583,-0.0084011865,-1.2154155,positive,4
19820578,after,0.2069546,0.85330379,0.22173392,1.9785222,0.27026976,-1.8314487,-0.20037131,0.12951477,positive,4
19820602,after,4.0459948,-0.1838881,1.4499836,-0.54153294,-0.43673248,-0.41398821,-1.0282254,1.7620356,positive,1
19820645,after,-1.0142247,2.2054935,0.68334071,0.60560458,-0.29489241,0.89202571,1.7933504,1.2851892,positive,2
19820765,after,-0.0072596834,1.4900818,1.803994,0.1420244,1.038093,-0.56716608,1.5920543,-0.61314616,positive,3
19820808,after,1.3480739,0.67217487,1.2962182,0.49897397,-0.93865813,-0.23743855,0.45091039,0.077431594,positive,1
19820831,after,1.4530827,-1.4097814,0.14784541,1.0597849,0.78448058,-2.1195527,0.87028594,-0.028496367,positive,1
19820835,after,-0.95788805,-1.2421229,0.25146849,2.5561955,-0.78515966,0.82351498,-0.1992399,-1.3714828,positive,4
19820917,after,1.5324367,0.29205001,-0.66859762,-0.92662041,-0.44833704,0.7337979,-0.52820255,-0.20223334,positive,1
19820953,after,-0.30006019,0.022915571,1.3240647,-0.48318246,0.028698391,-1.6136063,0.80189939,-0.18080718,positive,3
19820972,after,-0.31382717,0.079670728,0.50725948,1.9323333,-0.09346473,-0.70921815,0.33523583,-0.029021046,positive,4
19820983,after,1.8126921,-0.77690248,0.56349798,-0.51800708,0.9468757,-0.77619158,-0.70507623,1.3700624,positive,1
19821085,after,-1.7895396,-1.4133498,0.027759566,2.1543779,-1.362821,-0.5875205,0.55719408,-1.2506052,positive,4
19821108,after,0.066365346,3.2237145,-1.6593291,1.0382876,0.93738512,1.0426594,-0.09606275,0.84510877,positive,2
19821126,after,-0.6711617,1.3968861,-0.12646369,-0.2806224,-0.17265809,0.6535692,-0.55052822,-0.18294099,positive,2
19830034,after,0.034509807,0.86365199,0.24579877,2.7006819,-0.40695248,0.1944608,-0.30466862,0.12936581,positive,4
19830187,after,-0.12292376,1.2787714,0.15520815,-0.1145692,0.37144647,-0.13912733,-0.48958692,0.86224472,positive,2
19830202,after,1.0184856,-1.8577428,-2.024813,5.0067148,-0.27211945,1.5158185,0.5110934,-0.37117973,positive,4
19830204,after,0.11177573,0.13173874,0.62542927,1.4274404,-0.64559357,-0.41011062,-0.11977687,0.53300408,positive,4
19830250,after,1.4593586,0.099647508,-0.17167916,0.29904631,-0.75385421,-1.2771898,1.044023,0.2623206,positive,1
19830281,after,0.079413315,1.1573807,0.25637256,-0.1285147,0.17914573,-0.96564644,-0.32677685,0.52208721,positive,2
19830313,after,0.32076154,1.1385468,0.22741259,-0.33885054,-0.57089462,-1.2604665,0.12957217,0.9474414,positive,2
19830540,after,0.26477876,-4.0648689,4.3658307,0.71527145,1.0792809,-1.4728882,0.05782003,-3.5612128,positive,3
19830581,after,0.63009348,0.35680052,-1.5832244,2.3370155,-0.73112204,0.76592992,-0.32432824,0.55541088,positive,4
19830635,after,0.48231243,1.1728057,-0.10688496,0.32485723,0.04987428,-1.6232767,-1.0144589,-0.35778031,positive,2
19830683,after,-0.32486642,0.76120278,1.5207223,0.12904055,0.41635599,0.48637296,-0.032397771,-0.16607693,positive,3
19830693,after,0.20276281,1.7045998,1.0505192,1.3472396,0.48723213,-2.0510145,0.46714122,1.193726,positive,2
19830710,after,0.029719877,-1.3624611,1.5157897,-0.21175837,0.9709715,-1.9076948,1.1641729,-1.1292459,positive,3
19830793,after,0.57865844,0.98108723,1.3858081,-0.57476845,-1.3340966,1.102277,0.95595873,0.63614846,positive,3
19830822,after,0.69360038,0.67907999,1.6031058,-0.45327489,0.84210207,1.3077057,0.18979598,-0.11301205,positive,3
19830845,after,-0.29925523,0.59953686,2.9886699,-1.6942369,-0.76793202,0.88324884,-0.90389452,1.595983,positive,3
19830855,after,0.61400238,1.5935771,2.5988275,-0.69844862,0.55772433,1.2695399,0.35104701,-0.50868814,positive,3
19830934,after,0.10625848,1.14595,-0.7932111,0.43597308,1.0013694,0.11542942,-0.076842084,-0.24010183,positive,2
19831039,after,-0.76366969,1.5596123,0.82335779,0.66468945,0.78255887,-1.1265209,0.56533988,-0.075764596,positive,2
19831059,after,2.4135855,-0.40475868,-0.23483679,-0.38515249,1.914673,-0.93221411,-0.58893298,0.32569261,positive,1
19831112,after,-0.60688353,0.32764669,1.9977522,0.30069399,0.21113141,-0.85376042,1.3347616,-0.60106572,positive,3
19831117,after,-0.8892132,1.255004,-1.1933242,-0.45709162,0.37549686,-0.52383858,-0.11385332,0.1180453,positive,2
19840093,after,0.010865356,1.5508651,0.54004006,3.0498298,-0.49417514,-0.50475397,-0.73158892,0.067848097,positive,4
19840098,after,1.9856981,0.10632993,-0.49727802,-2.8385515,-1.6436229,1.6801208,0.54508889,-1.2430609,positive,1
19840141,after,-0.70422418,1.2859665,-1.4263577,-0.59381704,1.072067,0.82193179,0.80106054,-0.23127536,positive,2
19840172,after,0.68347142,1.8828942,-0.45576816,-0.79114458,1.0471611,-2.0869553,-0.76746879,0.72224284,positive,2
19840188,after,1.6265842,0.48722327,2.5946932,-0.88013039,0.47671219,-1.4014441,-0.04299206,0.69125215,positive,3
19840365,after,0.84276236,1.6816233,1.5349269,-1.1510712,0.97428003,-0.49969045,0.75704809,0.043283942,positive,2
19840518,after,0.67037146,1.9597146,0.63315159,2.2840397,0.87047428,1.7411379,-0.30864497,0.55302623,positive,4
19840520,after,-0.28883349,0.1436063,1.51682,-0.13389239,0.51098063,-2.1156955,0.93647513,-0.17599293,positive,3
19840531,after,1.5088204,1.3397748,2.2924355,-1.0280894,0.18330624,-1.4157465,-0.34322647,-0.50143283,positive,3
19840547,after,-0.75723764,0.42600699,-0.71450758,2.1552333,-0.49914207,0.3409374,-0.965051,-0.7969582,positive,4
19840606,after,1.6127291,0.65827872,0.52673555,0.52582055,-1.974116,0.36630111,-0.25094258,-0.031346236,positive,1
19840823,after,-0.15405957,1.4934884,0.036757822,0.35107937,0.41858552,0.67700281,0.04190352,1.0957424,positive,2
19840829,after,0.74025788,0.59726558,1.2928865,0.063678839,-0.29826543,0.21952248,-0.53951337,0.51679732,positive,3
19840860,after,-0.39104182,1.6233098,-0.76576079,1.7462543,-0.45377092,1.0416059,-0.88683104,0.79553944,positive,4
19840876,after,-0.02179345,0.63591777,2.809051,2.1501646,0.51676632,1.3029371,0.044359899,0.10618996,positive,3
19840903,after,-1.0360561,1.2359844,-0.16232951,0.27905813,-0.38810607,0.30993959,-0.029758899,1.1463568,positive,2
19840975,after,1.2906127,-0.71774889,1.5052487,-2.0666756,-1.4366764,-1.6459876,0.14061909,0.44138688,positive,3
19840990,after,0.5372946,0.1507375,1.3412719,-0.22583325,0.022464493,-0.37720771,1.3199881,-0.23238101,positive,3
19841071,after,0.094960824,1.1107985,-1.1764987,0.85414666,0.62965759,0.90264865,-0.8813809,-0.71426178,positive,2
19841077,after,0.54608964,1.8344155,-1.9509127,0.76094304,0.793251,-0.14385633,-0.058735203,1.3141438,positive,2
19841112,after,2.8563952,-1.5352211,-0.20539424,0.50161974,1.1511566,-1.9036021,0.41402988,-3.0222982,positive,1
19841134,after,0.076830389,-0.13887157,2.2380496,-0.83263941,0.77475552,-1.1951078,1.2491477,-0.71018303,positive,3
19850175,after,1.9097392,0.83267736,-0.77055127,3.1741091,-0.53465004,2.5332311,-2.1995315,-0.36131898,positive,4
19850253,after,-0.2100639,1.0944311,2.1588717,-0.21436566,0.070869388,-0.46672035,1.3399944,0.16414998,positive,3
19850282,after,1.0148332,1.8392,0.33567216,1.3893202,1.2500467,1.6840459,-0.18758417,-1.1609971,positive,2
19850310,after,0.33907604,1.2530202,-0.015088046,-0.79763055,0.64882474,0.047127826,0.40388418,0.69839349,positive,2
19850316,after,-0.26668455,0.36805067,1.9244105,-2.8680073,-1.3059842,1.789148,-1.1516444,0.9061276,positive,3
19850342,after,1.4979838,0.36038266,2.3936597,-1.0372064,0.67294131,-0.86871042,0.96593034,-0.5198412,positive,3
19850343,after,1.837859,3.6519776,-0.4887283,-2.2289705,-2.1638189,-2.5747625,1.3604535,-1.6088298,positive,2
19850509,after,1.6818729,0.8130309,0.27869236,-0.62410157,-0.01721194,0.33151638,0.10124529,0.47314754,positive,1
19850565,after,0.31775183,2.2607542,2.0078899,-0.23622415,0.59541441,1.9555106,0.72231935,1.2961235,positive,2
19850605,after,-0.87843821,1.4431479,0.00065332217,-0.059661573,-0.24290405,0.76505351,0.21431638,-0.33674068,positive,2
19850710,after,-1.2079147,-0.52257998,-0.5031833,1.2439268,-0.73110657,0.94082545,-0.16654684,0.34008136,positive,4
19850741,after,0.17208972,1.9102456,0.76431493,1.9302715,0.58967239,-0.36169338,0.60885803,0.42674167,positive,4
19850815,after,1.4565209,0.88678037,-0.44634632,-0.91716846,1.146504,0.60370701,0.25032912,0.072133524,positive,1
19850849,after,1.8112583,0.16202664,-1.013389,-0.052698494,-1.2640732,-0.68568074,1.2588104,-0.80753539,positive,1
19850897,after,1.8352772,1.9794996,0.39008829,2.3524619,-0.17920209,1.9972935,1.6260395,0.37155743,positive,4
19860073,after,-1.4391589,0.17636507,1.2887073,-0.41962177,-0.22677615,0.18759787,1.1978946,-0.44139182,positive,3
19860076,after,0.40352192,-0.4490006,1.302454,-0.86031035,-1.2355361,-1.2179497,-0.031682979,-0.95783633,positive,3
19860092,after,-0.9953736,-1.6789279,0.42846344,1.7707452,-1.0187933,-1.2374426,0.93425568,-1.3992911,positive,4
19860278,after,2.0752815,0.1231558,-0.73761415,2.2154813,1.0235296,0.98125378,0.90360893,0.69863024,positive,4
19860346,after,2.0097366,-0.10919418,0.79448653,0.74897084,1.2023424,-2.0509338,0.2843086,-0.018918412,positive,1
19860409,after,3.0505037,0.4256158,2.6055716,-2.5252504,1.3679876,1.1456588,0.94639496,0.37556307,positive,1
19860417,after,-0.60857279,1.7553264,0.2649233,0.75099492,0.52456154,0.50900511,-0.40572347,-0.6811855,positive,2
19860443,after,2.1142734,-0.5005432,0.086402269,0.14756022,-1.9519833,-2.144889,0.9407367,-0.68079832,positive,1
19860469,after,-0.69183679,-0.33170542,2.251725,0.12018244,0.8420295,-0.74026794,1.3624167,-0.83601097,positive,3
19860491,after,-0.56378078,-0.20548547,1.2942807,-0.48424368,-0.69085121,0.37203619,0.54049874,0.55347563,positive,3
19860513,after,3.4763688,-2.1051709,1.1425317,2.1564276,0.14990179,2.5627466,-1.9859049,0.87216035,positive,1
19860529,after,0.057640863,-1.1153159,0.95570783,4.0289366,-1.2696318,-0.84496709,-0.20623313,-1.0619346,positive,4
19860551,after,-0.53977083,0.15896798,1.8853531,-2.2607599,-0.42381183,-0.44814934,-2.7045349,1.4645475,positive,3
19860563,after,-0.22827629,-2.126293,0.75056519,1.2972785,-0.69312454,0.0040454589,1.0866714,0.21280316,positive,4
19860599,after,0.12136206,0.060780686,3.5096133,0.99453315,-1.1122632,0.42857717,1.0893684,0.19495227,positive,3
19860601,after,1.3145203,-0.77667295,-0.4883163,2.3984956,-2.6351743,1.6209805,2.1224164,0.48864632,positive,4
19860610,after,-0.29296058,-0.80186346,1.2709942,1.2907893,-1.9018823,0.98567634,-0.59102053,0.12303668,positive,4
19860622,after,0.78630885,0.022891031,0.84583119,2.9096345,-1.5915107,-1.707848,0.65572421,0.97575108,positive,4
19860758,after,1.0234927,-0.28828324,2.2056922,0.63190789,-1.4953668,0.21311286,-0.15605771,-0.029338415,positive,3
19860771,after,-1.2724994,-0.76868579,1.4279907,0.95912226,0.3605887,0.14595415,0.5759405,-0.46602643,positive,3
19860777,after,2.8626634,5.1139904,0.026547991,2.7448764,0.86015301,-2.3691301,0.50101276,2.3002377,positive,2
19860782,after,1.2436032,1.3199595,1.3714757,0.17701035,-0.21667088,-0.073964107,-0.40316094,1.1299717,positive,3
19860849,after,1.1123821,2.5650714,0.71046762,0.35270316,0.12058269,1.7560412,-0.2043001,-0.31818841,positive,2
19860879,after,1.5760839,1.5462409,0.20551361,-1.4314879,0.023335656,-1.0906967,0.090809833,0.88867765,positive,1
19860900,after,1.9602561,-0.45366586,-1.0510614,0.094951527,-2.8663179,-1.5385487,0.28161168,0.070030273,positive,1
19860942,after,-0.3448521,1.5460366,-0.91459456,-0.080608635,1.1213864,1.3298216,0.29856578,0.25470871,positive,2
19860954,after,0.49185661,-0.47309446,2.5913051,0.23768967,-0.90918314,1.6784104,-0.973245,-1.1661407,positive,3
19860963,after,2.5918271,-1.5585272,-1.4815227,-0.96780267,-0.83299471,-0.35769867,2.0040616,-0.65407259,positive,1
19860973,after,-0.092361921,0.43121936,1.6740529,-1.3050147,-1.0248176,0.98975847,-0.59230369,-0.90421855,positive,3
19861059,after,0.0070463898,3.0966578,0.30237018,-0.88829648,0.79799669,-1.3904545,0.71693689,0.87512414,positive,2
19861094,after,1.9095076,-0.16962288,0.39826053,-1.637464,-0.86057578,-0.10803305,0.89058487,-0.61642282,positive,1
19870104,after,1.6288328,0.7122615,3.4566357,0.25699713,2.1519304,0.53380092,0.29668434,1.7719236,positive,3
19870162,after,-0.54431659,-2.6599403,0.20526093,1.776262,-0.64075566,1.1180144,0.17323919,-1.8517919,positive,4
19870288,after,1.9391314,1.6489664,-2.5285089,-0.83545875,-0.84762741,-3.0611912,-0.069137822,-1.3997596,positive,1
19870323,after,-1.2170481,-0.29199259,2.5766701,-3.1073185,-0.95454313,2.3306506,-0.4960448,1.6853894,positive,3
19870459,after,-0.58269274,1.6143851,-0.68599546,0.12091858,0.72427696,-0.058551647,0.018915281,-0.012658962,positive,2
19870481,after,1.1761313,2.5343255,-0.87133706,-0.33001412,-1.3342097,0.5761173,1.3077566,-0.092146017,positive,2
19870483,after,0.83373364,-1.0472936,1.8526114,1.6535266,-1.8264774,-1.6301361,-0.2213154,-1.990857,positive,3
19870495,after,1.3163289,0.17820643,2.1562071,-1.5334255,1.4357771,0.92996925,1.8785215,-1.1561102,positive,3
19870588,after,-0.54555357,0.90621634,2.0323738,0.093232129,0.90667855,0.019256387,1.6032533,0.32091524,positive,3
19870641,after,-1.7104475,-0.051746001,1.2931124,0.46478699,1.1438465,0.10866749,0.4754512,0.26322096,positive,3
19870646,after,0.58817743,-1.3719436,3.7336509,-2.2779311,1.2554586,2.729355,0.070033437,-3.0719943,positive,3
19870649,after,2.7562479,-1.0807469,2.9179235,-0.63149636,-0.93455256,-0.47719819,-0.076517011,0.98514341,positive,3
19870656,after,1.2828924,0.11114616,-1.3279554,-0.37584465,1.2523189,1.0022362,1.1509399,-0.19184029,positive,1
19870687,after,1.4504951,0.37773276,-1.4768049,-0.76437855,-0.33383276,0.82224344,-0.0083862899,-1.5192862,positive,1
19870709,after,-0.90398268,-1.5900107,0.78959335,1.9599769,1.016587,1.0005856,0.49315149,1.7445997,positive,4
19870710,after,2.3421622,-1.8439794,-0.86066638,0.082121711,1.4345388,0.38038355,-0.42619095,0.59392828,positive,1
19870714,after,0.21380896,0.56470514,2.3950378,0.2532107,0.37979275,-4.1613654,0.89047051,-0.57502475,positive,3
19870748,after,1.8398147,-0.75442532,-0.32681458,0.60000348,0.063600095,-1.8502801,-0.94196957,0.40578359,positive,1
19870848,after,2.0700527,1.2454029,0.43358448,-0.94612458,-1.0951185,0.35747072,-1.7073966,-0.17105743,positive,1
19870942,after,-0.12248775,-0.3874851,0.81306233,1.7236781,-1.2274908,-0.98585481,-0.75731737,0.57882677,positive,4
19870963,after,0.56263449,0.43928475,1.5863667,0.096699964,-0.17393348,0.89470551,-0.83066507,0.1227264,positive,3
19871082,after,-1.7254663,-2.609051,1.5838093,0.12320547,-0.43861963,-1.0355923,0.31273272,-0.1571057,positive,3
19880033,after,-0.15720954,1.9190842,-0.33304954,-0.38186481,-0.7685449,1.7114916,-0.97921846,0.07812787,positive,2
19880299,after,3.4769811,-0.046479192,-0.38754999,0.94362172,3.2865256,-1.1469156,1.3230045,-0.44105491,positive,1
19880333,after,2.3603633,-2.8226752,-1.228008,2.8780075,2.419349,0.26324925,2.6483796,-2.889969,positive,4
19880513,after,-1.3944887,0.20756528,1.6274459,0.015077885,0.38856508,-0.52600998,0.99236668,-0.59176948,positive,3
19880563,after,-0.69441847,1.5028583,1.3450609,-1.0011487,-0.80415287,0.3134267,-1.16831,0.31489833,positive,2
19880648,after,-0.82273037,-0.15688913,0.46773387,2.1133796,0.012086807,0.86524579,0.25577024,-0.046123738,positive,4
19880650,after,2.3142072,0.42634929,2.2269517,0.077688567,0.72362201,-0.93919286,-0.0068887538,-0.002566773,positive,1
19880666,after,0.10378547,-0.10283548,1.3708718,0.12814327,0.79150766,0.080304638,0.35982658,-1.3307683,positive,3
19880698,after,-0.32367852,-1.3521852,1.0900841,2.3733529,-0.43566295,1.367662,0.47126726,-1.1716904,positive,4
19880964,after,2.6051548,-0.75397319,-0.28544221,-1.3461136,1.8593087,-0.71788838,2.3983451,-0.68326346,positive,1
19880989,after,0.82113521,1.6087543,-0.65156981,1.168483,0.90075596,1.5372246,-1.2893556,0.37879003,positive,2
19881033,after,-1.1064439,0.88658916,4.8240152,-3.4581767,-0.71877548,1.5777122,-2.0260917,-0.1482626,positive,3
19881039,after,1.6110699,-1.4720119,-0.6192468,-0.72202729,1.2823978,-0.91015164,1.199092,-1.3606179,positive,1
19881128,after,-0.64422159,-0.15271211,-0.33927255,1.4768692,-0.55851652,-0.75558048,-0.26176317,-0.92937141,positive,4
19881135,after,-0.70596573,0.95558294,0.24267157,2.12917,-1.6581853,1.0965414,-0.99938,0.39059963,positive,4
19881142,after,0.65308125,-0.43509773,1.2863916,-0.36024762,0.39237084,-0.8767232,0.60196038,-0.9485381,positive,3
19890014,after,0.3131497,-1.1791592,-0.40370642,1.7849946,-0.53507637,-0.20257287,-1.7380147,0.16897479,positive,4
19890138,after,-0.16659215,1.8041776,-0.75493285,0.50628068,0.63098741,0.090090747,-0.75553741,0.2516091,positive,2
19890152,after,1.3925952,-0.25226386,-0.32030622,-0.93470261,0.7724732,-0.049843822,-0.84075275,0.49143927,positive,1
19890304,after,-0.075403705,1.5662671,0.48314525,0.79107345,-0.38162492,-1.2059658,0.13170831,0.21165063,positive,2
19890312,after,1.4773193,0.97994055,-0.70757103,-1.0721554,-1.3409215,-2.5457953,-0.28863621,1.1639973,positive,1
19890342,after,3.0018296,1.7534445,-0.24760462,2.8130898,-0.84637548,2.622545,-0.81696153,0.82367309,positive,1
19890398,after,-1.1319507,0.47109944,2.0715438,-1.3310118,0.38817376,0.43531751,0.91332114,1.0051065,positive,3
19890430,after,1.4843637,0.54429821,0.17064051,-0.65549478,0.49849029,-1.0510271,-1.718901,-1.3995122,positive,1
19890509,after,-0.089676021,1.723995,0.29549815,0.010699993,1.4991445,-1.218149,1.3716461,-0.47359416,positive,2
19890513,after,2.6477877,2.1380957,-0.39829886,-0.72357815,-3.0234634,-0.34185646,0.19748172,0.48841049,positive,1
19890568,after,-0.11485523,1.2491286,0.7775271,0.23715638,0.85372465,0.54522587,-0.34295456,0.80491336,positive,2
19890577,after,0.1136071,1.2189303,0.029903333,0.91931026,0.19756311,-1.521372,0.54857401,0.30644642,positive,2
19890611,after,2.0221692,1.371427,0.60550014,-0.61973337,-0.84371084,-1.4695261,-0.86721752,0.22355693,positive,1
19890816,after,1.3521919,1.9398423,1.3222384,3.6143157,0.091476319,2.316745,-2.5911358,0.06893394,positive,4
19890818,after,0.32533091,1.8064222,2.0165312,-0.16347132,1.7606171,-0.75753687,0.8468321,0.018980179,positive,3
19891087,after,-0.90217082,-0.12289716,0.38512261,1.8418776,-0.41569801,0.829094,0.24369789,-0.15405602,positive,4
19891133,after,0.099715881,1.8592969,0.17504794,0.21639089,0.5262272,0.41765031,0.15060541,0.91060408,positive,2
19891150,after,0.28910495,1.1288882,0.31228164,-0.97970294,-0.065926213,-1.1076801,0.72336102,0.12717411,positive,2
19900037,after,-0.17166134,2.16272,-0.88578867,0.64039878,0.18393455,1.5684558,-1.0237051,0.93459853,positive,2
19900047,after,-0.045934656,-0.36833449,1.9805393,-0.62748025,-0.54994138,1.2171034,-1.0054742,-0.4550341,positive,3
19900070,after,1.3764622,-0.93278407,-0.85530495,-0.6242459,0.12679272,-1.2049562,-1.0343062,-0.023320626,positive,1
19900228,after,-1.5427542,-2.5926576,1.140417,1.4428099,-1.776346,0.74319267,-0.25426678,-0.51359834,positive,4
19900326,after,-0.93950467,-1.6344702,1.2854085,0.26739104,0.6923756,0.69704882,0.8501892,-2.5778821,positive,3
19900332,after,0.016910373,-1.0982494,2.2199927,1.2542986,-0.29753537,0.85425041,-0.7224022,0.38514974,positive,3
19900337,after,-0.14149606,1.3409036,0.37858001,0.53684055,-0.14216469,-0.79499539,-0.39893413,1.0172039,positive,2
19900400,after,3.939241,-1.1628334,-0.89270688,-5.8509214,-10.118983,2.7072482,2.2356654,-3.6166783,positive,1
19900409,after,2.8403954,-1.2286807,-0.81325504,-2.2455013,-1.4632703,-0.84614374,-3.1796553,0.55652279,positive,1
19900423,after,1.5025434,0.54489235,-0.52658889,-1.1997883,-0.56126644,-0.30132686,-0.50943096,0.38658474,positive,1
19900443,after,0.66153771,1.7367009,1.6269118,2.4628801,-0.12113881,0.32538279,-0.89388099,0.49178288,positive,4
19900451,after,-0.38184452,1.8617375,-0.57420385,0.57557392,0.90144006,0.94794927,-0.013271843,0.12315292,positive,2
19900502,after,-0.32229548,-0.121627,1.5759055,-0.85229497,0.19856931,-0.29306009,-0.66597749,-0.19006984,positive,3
19900579,after,-1.3278647,-2.363738,0.1617369,1.385325,-1.4823893,-0.31935804,1.0533834,0.35776571,positive,4
19900641,after,2.1530212,2.481221,0.5395592,-0.49203799,0.094332679,0.85780386,0.98670472,-0.78731593,positive,2
19900687,after,-0.26758468,0.45359218,-0.28714318,1.5613374,-1.448154,1.2374832,-0.86756611,-0.063206499,positive,4
19900720,after,0.81094353,-0.0013417947,0.85085695,2.0873879,-0.53830258,1.1144702,-0.77374469,-0.28826602,positive,4
19900790,after,1.4364992,0.98179266,-1.4843546,0.4487548,1.3541087,-2.0402061,-3.506101,-2.2462886,positive,1
19900818,after,1.8503865,0.62504829,-0.32259857,-1.0824787,-0.77730379,-0.38153608,-2.5379961,0.004160538,positive,1
19900919,after,2.1257617,-0.97720025,-1.1093004,-0.43870448,-1.4720316,1.1127492,-0.11966856,1.3368398,positive,1
19900953,after,-0.50420924,1.1963948,1.7229764,-0.88319806,0.82859447,-0.053896449,0.64398306,-0.14520228,positive,3
19901017,after,2.0704203,0.92596507,-0.054769091,-0.12334742,-3.2073748,-0.61305127,0.60278226,0.69231039,positive,1
19901020,after,-0.74221128,-1.2854954,2.7785375,-1.6774702,0.18734193,1.4731131,-2.3870262,-0.28451438,positive,3
19901100,after,-0.40765694,-0.53186219,2.4334516,-0.22629548,-0.22123279,-0.011556266,0.47011149,0.82387562,positive,3
19901161,after,1.7834366,-0.87885817,-0.53372341,-0.041951504,0.50903433,0.11963554,-1.4407834,-0.35381071,positive,1
19910003,after,-0.20401687,1.6863887,-0.11414474,0.98809701,0.39630075,1.0561756,-0.78251547,0.71660506,positive,2
19910096,after,-0.82857866,1.1383317,-1.5437725,-0.40201734,0.6274462,0.31149488,-0.16786974,-0.17231476,positive,2
19910260,after,3.0731903,0.64637596,-0.88458215,2.8789972,0.32443123,-0.00074905248,0.88661531,0.46453136,positive,1
19910317,after,2.4620995,-0.41144579,-0.33873198,-2.91343,-1.7645004,1.0431077,-0.98006845,1.3788333,positive,1
19910380,after,0.94105074,0.021817228,2.373949,-0.44878999,1.5089232,-0.30370599,0.54259067,-1.5860322,positive,3
19910446,after,0.21991145,1.2694904,0.39394925,0.33905502,0.20452142,0.88604403,-1.3355755,0.29289419,positive,2
19910449,after,-0.20912277,1.2708345,2.2345727,1.6429389,0.33691325,-0.80585414,1.421058,-0.44933023,positive,3
19910454,after,-0.21431181,-1.4003273,1.8614404,1.2283337,-1.0199625,0.82382289,-1.501091,-0.43081238,positive,3
19910603,after,2.9030421,-0.85874433,0.79993856,-0.19432931,-2.6859105,-0.13816174,0.89579795,0.4734736,positive,1
19910643,after,-0.46175725,-0.33607764,2.369306,-0.44313433,-1.7681597,0.72289746,-0.56631892,-1.1274418,positive,3
19910683,after,1.2494127,-0.17697125,1.688301,1.826416,-0.87614255,-1.2107624,1.143392,-0.28569763,positive,4
19910747,after,-0.039879105,-2.1384236,2.3693657,2.440899,-1.0122031,-0.42283906,-1.2780669,-0.37696858,positive,4
19910777,after,-1.9689096,-0.98900415,1.992611,-0.025968556,-0.54674589,1.5160406,0.56716008,-2.4370277,positive,3
19910806,after,-2.0689748,-2.0729516,0.47820668,1.9989387,-0.81126638,1.1542723,1.1664432,-1.7339289,positive,4
19910825,after,1.6444179,-1.5472308,-2.0378032,0.91343598,1.2495766,-0.17774866,-1.3423558,0.8182598,positive,1
19910826,after,-1.587878,-0.24598382,1.3365537,-0.53981722,-1.1855847,0.89794505,0.58217807,-0.81890015,positive,3
19910919,after,-0.69015752,-0.20766594,1.2835031,-0.2749463,0.77400352,0.55806388,0.88063593,-0.32456502,positive,3
19911037,after,0.87059872,2.0342935,2.7102876,-1.9947235,0.19005578,1.5956247,0.4752108,0.18823631,positive,3
19911082,after,-1.0566148,1.1365632,-1.2131781,-0.24117829,0.2769955,-0.24629831,-0.20468737,0.33429182,positive,2
19911132,after,1.8889062,0.38576964,0.45435736,-0.27945645,-0.0065896011,-1.3281727,0.95962589,-0.34069608,positive,1
19911145,after,-0.52525989,-0.14356474,0.87925698,1.5999039,-0.12788372,-0.60517644,0.63956327,-1.5590363,positive,4
19911146,after,-0.88924474,1.6510227,0.65991452,-1.6626613,0.48028657,-0.14774615,-0.034374485,1.0895109,positive,2
19920084,after,0.22022406,0.79413236,0.63491525,3.6685201,-0.49048373,0.29317357,-0.30744021,0.046286527,positive,4
19920145,after,0.35025618,-1.2103851,-0.55074402,1.4255155,0.1365152,0.5155304,-1.4102053,0.61129148,positive,4
19920207,after,-0.049314511,1.0028405,-1.1898919,2.0663703,0.074424293,0.13073458,0.36912159,1.3930972,positive,4
19920229,after,-0.33400326,-1.239909,1.8615415,0.44311149,-1.6662927,-1.6953876,0.15296689,-0.59295802,positive,3
19920248,after,1.5933316,0.60217142,-0.61794809,2.3119457,-0.2917295,0.41601819,-1.7923117,1.34988,positive,4
19920370,after,1.6446252,-0.98432822,-0.76230302,0.79035997,0.10014928,0.13749426,0.26317533,-2.1585935,positive,1
19920418,after,1.7082515,-1.008856,0.14323083,-1.0361885,-1.1774151,0.55000524,1.3494459,0.19638173,positive,1
19920433,after,0.43481172,0.84621513,1.5431613,1.5236661,0.15150462,0.0031438994,0.45966172,0.26214325,positive,3
19920442,after,0.37858095,-1.0773438,2.3250792,1.7364205,0.29654008,0.24870408,1.6253257,-1.2588245,positive,3
19920460,after,1.6672421,1.0180328,0.67391906,-1.587574,-0.47779491,1.314228,-2.425916,0.36780439,positive,1
19920472,after,2.8396514,-1.4898977,0.77950666,-0.42882332,1.2158255,-1.1060413,0.17993337,0.22707308,positive,1
19920528,after,0.85349424,0.80460335,-1.0821016,1.8450501,0.19260059,0.86712815,-0.5995428,0.52132868,positive,4
19920579,after,-0.77370279,0.68431822,1.6569513,-0.36576301,0.60376561,-1.5905171,0.16975584,-0.92541899,positive,3
19920685,after,0.18534549,-0.35335911,1.6967965,-1.07296,1.1359647,1.6222306,0.66115552,0.42785449,positive,3
19920759,after,0.454882,1.8768237,-0.59246868,3.2421298,-0.20273695,0.79447478,-1.3196222,1.262559,positive,4
19920898,after,3.3173242,1.3288295,0.20053073,-0.10229331,1.1366852,-0.28366421,-0.097239888,0.16077393,positive,1
19920931,after,-1.5957987,-3.5754354,0.078985228,1.3145475,-0.2801634,0.85774733,1.0831324,0.36011116,positive,4
19920960,after,-1.1450451,-0.93266006,0.0021515646,1.5352001,-0.86523199,-0.49951871,-0.068949834,-0.92305884,positive,4
19921005,after,3.4204487,1.9201225,3.6498701,-0.81830297,1.8298752,0.48297055,2.0478693,-0.21304317,positive,3
19921017,after,1.241251,0.94023616,1.0347344,4.5100011,-0.77234176,-0.035825247,-1.1761951,2.576764,positive,4
19921027,after,0.960104,1.2491751,1.1689416,1.5188695,-0.36183805,-0.55398872,0.085916257,-1.1842877,positive,4
19930045,after,2.2927179,1.481307,2.9329905,-1.4273773,0.39258986,-1.2506365,0.87789075,0.41920887,positive,3
19930080,after,-1.5462602,-0.29873904,0.29103415,1.4376421,-0.96702583,0.84472284,0.78830212,0.02903376,positive,4
19930155,after,-0.10749725,2.6093077,-0.93366123,1.2625608,1.1132139,0.18619064,-0.44141892,-0.20574909,positive,2
19930158,after,1.7899917,1.3700153,0.0043421922,4.1684719,0.2277622,0.77225056,-0.39221772,2.1074703,positive,4
19930246,after,-1.2756003,-0.25814162,-0.31450986,2.0208461,-1.3083159,-0.60749813,0.19129006,-0.37373886,positive,4
19930356,after,0.93489445,0.28862489,1.4768206,0.66771678,0.24103043,-0.66657295,0.071273305,0.13057425,positive,3
19930375,after,1.5276836,-0.63250097,-1.4072717,1.5488282,0.5213325,-1.9986563,-0.9777308,0.75665912,positive,4
19930419,after,0.38994232,1.2381828,0.2566,-0.93633196,0.59394935,-1.4913386,0.62071429,-1.5727742,positive,2
19930476,after,3.2579225,2.1779627,-2.4629509,-1.631362,-4.3095713,-2.2176549,-2.5172263,-3.9047099,positive,1
19930531,after,3.1606042,-3.0129977,0.23222331,0.05804105,0.9567069,-4.0793047,0.62869941,-0.13772637,positive,1
19930561,after,1.6465206,1.4001539,-0.96538685,0.9835695,1.4137639,-0.58104711,-0.94286554,-1.1088789,positive,1
19930571,after,2.7321669,0.65102886,-0.57591378,-0.94951239,1.0053156,0.030293299,-1.4773723,-1.4737142,positive,1
19930602,after,0.20333204,-2.226443,-0.15853286,3.7537568,-0.68220696,-1.7808757,1.9725801,0.25553934,positive,4
19930650,after,0.53894139,2.8758149,0.08864028,3.4488683,0.37837878,1.0302852,-0.96876308,0.9228304,positive,4
19930666,after,2.7262007,-2.2974102,0.26550744,1.8953809,-0.45659364,-1.2968757,-1.8194515,2.7211889,positive,1
19930680,after,2.3272926,0.82067778,-0.21220381,-0.62775353,-1.9278958,0.81470078,0.5424122,-1.5397903,positive,1
19930687,after,1.595742,0.59149202,0.12276521,0.36310765,-1.4093851,-1.4787052,0.71956858,0.94536699,positive,1
19930756,after,-1.9012195,-1.6368146,0.66636011,1.8428173,-1.2681369,-1.1418195,0.43526823,-1.2723808,positive,4
19930762,after,-0.41028105,0.73705263,2.1258324,-0.40850246,0.46159053,-0.38159295,1.3625616,0.14853311,positive,3
19930790,after,-0.23312714,1.3555994,0.14384296,-0.47940344,0.45917896,-0.59024139,-0.34231713,0.56174685,positive,2
19930794,after,-0.35226674,1.6350185,-0.043098243,0.69244586,-0.19877781,0.44078911,-0.57544764,0.45412846,positive,2
19930925,after,0.5322755,1.1745158,-1.3619695,1.4484143,0.17852503,1.0661753,0.61067041,0.40255622,positive,4
19930958,after,2.0363487,3.5810539,1.8557738,1.989931,0.76270934,1.3286556,-0.86492924,0.94022637,positive,2
19930961,after,-1.0077476,0.83465849,1.5613995,3.8611002,-1.3601626,1.4453565,0.021559837,0.27524082,positive,4
19930970,after,2.0625064,0.65723033,3.6980939,0.9052164,1.2729398,-0.15557385,0.26101301,1.1529537,positive,3
19931037,after,-1.1827071,-0.95530438,-0.35733406,1.8166917,-1.207844,0.49331175,0.34476004,0.10374545,positive,4
19931090,after,-0.047362395,1.2808746,-0.51087386,-0.18634644,0.015887903,-0.35523098,-0.79369137,0.32396464,positive,2
19931162,after,1.6598988,-0.56825314,0.54135966,-0.79679538,-2.1348806,-0.46577146,-1.2465612,-0.4206869,positive,1
19931164,after,4.5410683,-0.047385974,-1.8148817,4.7434309,1.0608159,2.5796644,-2.4755781,2.2432051,positive,4
19940008,after,0.076563633,1.4522283,-1.6158273,0.63247058,0.39354134,-0.0001977969,0.3468638,0.018753241,positive,2
19940106,after,0.12104089,-0.73861778,1.7615008,1.8262881,-1.1048673,-0.046080886,-0.8737959,-0.17159056,positive,4
19940160,after,-0.066414501,2.0447943,0.57923694,1.1311859,1.2137546,-0.71019092,0.6485139,0.92800968,positive,2
19940163,after,1.7706769,0.77386416,1.01245,-0.95858019,0.4721257,-1.1312514,-0.98055359,-0.49721065,positive,1
19940276,after,2.6850703,-0.62140028,-1.4446859,0.15571097,1.39397,-0.85248127,0.65931323,0.23094275,positive,1
19940310,after,2.0510676,1.3734637,1.162217,-0.67590532,-1.3932049,-2.0175649,-0.19205809,-0.24300967,positive,1
19940325,after,0.30077821,-2.5254208,1.8703604,0.35103606,-1.0418437,0.74657781,-1.3908421,1.0338144,positive,3
19940337,after,0.3664933,1.2040053,-0.33537686,0.42829726,1.1554414,-0.79116589,0.83131982,0.9697603,positive,2
19940368,after,0.11686344,1.174616,-1.246802,2.142367,0.18020477,1.6519831,-0.78794929,-0.25101422,positive,4
19940385,after,0.035742764,2.0139858,-0.18559497,1.4706391,0.39024034,1.7826112,0.34585099,0.76138726,positive,2
19940398,after,-1.0004273,-0.071610835,-0.25574329,2.6107362,-0.53996534,-0.093438816,-0.019970447,-0.98830926,positive,4
19940408,after,-0.71263883,3.0574824,1.3489209,1.0641713,1.0146261,-2.2859319,2.6250319,0.17126431,positive,2
19940431,after,0.42343803,-1.5350692,0.68866541,1.8564118,-1.5613646,1.533691,-1.7213763,-0.80254272,positive,4
19940445,after,0.00521142,-0.37932652,-0.1872902,1.7141525,0.51364766,-1.8012726,0.57721168,-0.9425117,positive,4
19940461,after,-0.65511647,1.6827779,-0.75297363,-0.070679692,0.40116989,0.037436405,0.2057312,0.83566195,positive,2
19940472,after,-1.4520805,-1.8266068,1.1988225,1.9862225,-0.47624146,-1.0113459,0.8701852,-0.84001151,positive,4
19940479,after,1.3260717,0.045757575,1.7337658,-1.8348514,-1.0885749,0.45281508,-0.046606098,1.1783707,positive,3
19940536,after,1.5625976,1.9417817,0.79101753,-0.26853592,1.9403509,-0.99328569,-2.0183495,-0.30933097,positive,2
19940548,after,-0.77697096,-4.1379478,2.2258614,2.1188175,-1.3695323,0.48415215,0.10930888,1.654614,positive,3
19940559,after,-0.86537583,1.1867183,0.59741527,-0.70693268,0.010796625,0.81914052,0.23672072,-0.52388048,positive,2
19940605,after,-0.83316109,1.8837987,0.54433379,-0.77065095,1.0006963,-0.36863965,0.17101757,1.5163352,positive,2
19940621,after,-0.31734601,0.81344577,0.49512641,2.032297,0.38360088,0.22326936,0.98090912,-1.6843252,positive,4
19940640,after,0.22018997,-0.37001896,1.32539,0.53624455,-1.1523153,-0.50532638,0.34200385,1.2953042,positive,3
19940773,after,0.39394607,2.7636648,-0.44979094,-0.8448115,0.90307431,-1.1169585,-0.2080135,0.39476341,positive,2
19940801,after,0.11375576,-0.18117529,0.97941767,1.9280813,-0.04394473,0.32086045,0.58339525,-0.31317027,positive,4
19940804,after,1.1072275,3.389896,-1.416721,0.87286514,-2.6239947,0.24048792,1.7423954,-1.8265908,positive,2
19940891,after,-0.43807629,1.2461593,-1.0857579,-0.19890003,1.177254,-0.17431708,0.56883102,-0.5307944,positive,2
19940899,after,1.9779145,3.5034567,2.1128249,1.4320837,-0.0094561977,1.3393301,0.21686093,1.9579171,positive,2
19940943,after,0.21264109,1.4880558,1.4576069,0.36961234,0.2378669,1.3223386,1.1299126,-0.55173463,positive,2
19940952,after,0.39590453,0.79394863,-0.7845382,2.2270788,0.72159351,1.0331173,-0.52060085,-1.7570434,positive,4
19940954,after,0.27486621,1.4630655,-0.43999235,0.30737746,-0.049655713,-0.16439275,-0.61062418,1.1751731,positive,2
19940960,after,1.2860227,2.7312876,0.58228015,-0.6967217,1.0649431,-2.1177738,-1.6343948,1.4990345,positive,2
19941055,after,0.63760081,1.3351952,0.5562153,0.60546245,-0.40390406,-1.4337086,-0.70407269,0.34998133,positive,2
19941069,after,0.319271,0.85280662,1.5605582,-1.4477421,-1.2061235,-0.065409151,-0.31599687,-0.25873049,positive,3
19941137,after,0.67981637,1.3131055,1.1683236,0.31514937,0.16260142,0.19178723,-0.0080506805,-0.56143021,positive,2
19941178,after,-0.36614145,1.6061916,-0.030665775,0.18727157,0.62711793,-1.5777005,0.447992,0.82948951,positive,2
19950017,after,1.8502185,-0.48202089,-0.75524038,-0.79522653,-0.74640322,-0.63942745,-1.0892512,-0.42039722,positive,1
19950022,after,-0.70957064,0.64274917,-0.31392955,1.328975,-0.42855232,-0.39528987,-0.32894347,-0.25825418,positive,4
19950111,after,-0.8380692,0.8230331,-0.17831691,1.2540559,0.01810886,-0.23494242,-0.076743678,-0.024149396,positive,4
19950116,after,-0.49943987,0.76720269,1.8780776,-1.441715,-0.46388299,-0.12878513,-2.5990097,1.6206213,positive,3
19950240,after,1.2834988,0.099658992,0.69632698,4.1741717,-1.1035787,1.2208074,-2.0162895,0.64915356,positive,4
19950306,after,1.9334176,-1.287261,-1.6272652,-1.819556,-0.67251723,0.34582143,-0.19864819,-2.2330654,positive,1
19950380,after,1.4811792,1.4807821,-0.038136449,0.40793811,1.1132989,0.18301477,-0.30122549,0.56940694,positive,1
19950418,after,-1.1722453,0.76000277,0.05875378,1.4170195,-0.3830296,-0.22289296,0.22542344,-0.021879478,positive,4
19950512,after,0.18608773,-0.16032881,2.2133349,0.12253145,-0.40540682,1.4347883,-0.44348932,-0.56128308,positive,3
19950549,after,0.84352888,0.058255132,3.3445992,-2.2124895,0.17604265,0.5454657,2.5482389,-0.35815236,positive,3
19950584,after,2.8984064,0.46415855,1.5409901,-1.0776718,0.4751702,2.0788555,2.7939273,1.1821788,positive,1
19950629,after,-0.025609091,0.26590663,2.3035116,-0.21070342,1.3128181,0.16651022,0.30992894,-0.77097264,positive,3
19950636,after,-0.2576955,1.3497749,-0.32397001,0.88716808,0.14510034,0.8938744,-0.22377796,0.82329703,positive,2
19950656,after,0.097199608,1.3367561,0.11524131,-0.22836732,-0.22125498,-0.095830983,-1.4681148,-0.034222621,positive,2
19950672,after,0.24804191,1.5573639,-0.16968557,1.557612,-0.40796252,0.073890801,-0.38300741,0.34425757,positive,4
19950720,after,-0.27075421,1.8433745,-0.061150573,1.2959092,-0.1719618,1.0026494,-0.67975954,1.5815769,positive,2
19950728,after,0.7686778,1.241993,0.63587753,2.6768208,-0.46591303,1.6639892,0.23916007,-0.042456515,positive,4
19950734,after,0.33936737,-0.30399147,3.4307314,4.0148118,-0.37806876,-0.17237389,0.38420781,-1.5804099,positive,4
19950770,after,0.58461812,0.63922061,1.765167,0.39438809,-1.6497841,0.096641666,-1.2120194,0.51593225,positive,3
19950774,after,0.31934257,0.012823686,0.99284562,1.9870294,-0.84663752,1.8273433,-0.36443052,-0.64798779,positive,4
19950812,after,-1.523093,-2.4283608,1.362755,2.2544483,-1.8197345,1.0010101,0.2620999,-1.3849878,positive,4
19951024,after,0.66618213,3.3342015,0.69024712,1.7452201,0.62621428,-0.14425903,-0.89740414,1.2434591,positive,2
19951109,after,-0.87115963,-0.011680629,-0.4210452,1.4521756,-0.87727593,0.16632361,-1.0447931,-0.20753891,positive,4
19951122,after,2.4433707,-0.55765766,-1.5107943,-0.35277144,-0.91100256,1.842602,1.1934472,1.6094077,positive,1
19951168,after,0.1874372,1.8342234,-2.136547,0.22874117,-1.0286033,1.1168127,0.78139732,-0.37431624,positive,2
19951172,after,-1.0701889,0.081926574,0.3513543,2.601719,-0.10620565,0.47621129,-0.54306001,-0.62484297,positive,4
19960027,after,1.9305365,-1.2267085,-0.68751525,-0.099772195,0.28115777,-1.0612564,0.14812009,-0.4541359,positive,1
19960054,after,1.5004428,-0.32641645,-0.65979965,-1.4521594,-2.1381679,0.48919707,1.3223298,0.9663374,positive,1
19960074,after,-0.95842076,-0.62310369,0.058834997,1.8704149,-1.2070418,0.26396683,-0.86696092,-0.8207306,positive,4
19960111,after,2.3630131,-0.94685285,-0.32317292,-1.5409665,-2.9840095,-1.5511194,0.95483577,-0.93563087,positive,1
19960155,after,1.0274055,-2.5520099,-0.50324676,4.2670252,-0.037170202,-0.89768317,-0.17263947,0.075705365,positive,4
19960165,after,1.795643,-0.74868159,-1.5556139,-1.1574263,0.11736931,-0.43865319,0.52417359,-1.1746753,positive,1
19960202,after,0.50026074,0.6192551,1.4699532,-1.0224305,-0.42745497,0.63648711,-0.45015233,0.20826229,positive,3
19960269,after,-0.19798347,-0.79778036,3.5868713,-0.25983128,-1.1376311,2.2365282,-0.7680534,0.30209201,positive,3
19960308,after,0.1000793,-0.091245635,2.1110122,-0.87231828,0.34738146,0.19927196,0.71298312,-0.52082741,positive,3
19960347,after,2.391155,0.22231958,-0.048889317,-0.41391798,-1.8252711,-0.032290862,0.6334832,-2.537684,positive,1
19960472,after,3.6889218,-0.11627659,-3.23409,-0.40592411,-1.9074857,0.4966166,0.42753625,-2.8071711,positive,1
19960490,after,-1.0024238,-0.58074149,0.55054651,1.9927606,-0.51952303,-0.77643737,0.35372673,0.070543004,positive,4
19960501,after,-0.53152877,0.96162189,2.1100947,-0.74915215,0.74852604,-1.2528048,1.9120321,0.57743924,positive,3
19960518,after,2.5865721,0.37718415,-1.1341243,5.930956,-0.017390104,0.48633327,-1.6815274,1.1931697,positive,4
19960530,after,0.85199064,-0.16141963,0.95646645,1.6484315,0.30462995,-2.2064358,-0.10148102,-0.061813898,positive,4
19960612,after,1.6258059,-0.81916884,-0.98478366,-0.63159333,-1.7645835,0.097329333,0.80405334,0.30687429,positive,1
19960625,after,5.2044032,-0.8609457,3.649602,-3.3678863,-3.5600302,0.56211613,-0.17194961,2.9116546,positive,1
19960627,after,1.5535429,-0.51966387,0.95330249,-0.37978253,-2.4655292,-0.47088382,-0.36958866,-0.35964033,positive,1
19960665,after,1.3973009,0.60523993,1.2167779,-0.40930687,-0.86374783,-0.57876793,-0.70413112,1.260185,positive,1
19960679,after,1.8826499,1.2128605,-0.23771807,0.1985373,-0.83621926,1.4533322,0.38261991,1.1749235,positive,1
19960734,after,-0.53041839,-2.7773104,4.4630432,-0.82798859,3.3742581,1.7610966,2.1624121,1.8438428,positive,3
19960752,after,-0.56562154,-0.60817086,2.569587,0.42999407,0.67301555,0.646077,0.3902491,-1.9470841,positive,3
19960782,after,1.7968918,0.31530887,-0.045810793,0.097785293,-0.69511466,1.3541119,1.1553041,0.50664054,positive,1
19960814,after,-0.15026812,0.24084635,1.3648657,-0.48483045,0.4071858,0.34632995,0.84518449,0.63207459,positive,3
19960865,after,-0.89923285,-1.6174529,1.7369902,-0.66660064,-0.68131543,-0.41324676,0.59244939,-0.45479345,positive,3
19960887,after,-0.49160239,2.081587,-0.037023933,0.31158373,0.81714324,0.85993197,-0.016084108,-0.017598005,positive,2
19960953,after,-0.24515078,2.2027601,-0.31102748,-0.089730789,0.5360233,-0.53890382,0.34238571,1.0049523,positive,2
19961013,after,0.43233705,-2.7221786,-0.052192674,2.0813082,-0.18418139,-0.22043411,-2.2319524,0.82102591,positive,4
19961045,after,-0.51058651,-0.14382987,1.6079575,0.15626677,0.43412586,-0.063862,0.0042199052,-0.46320326,positive,3
19961070,after,1.4267793,0.6063006,-1.228077,-0.13027145,-2.4587106,1.1143065,0.051707641,-1.3379643,positive,1
19961096,after,-0.37106307,0.027342775,0.69966201,2.0770479,-0.3503228,-0.14400166,-0.42428952,-0.16306494,positive,4
19970030,after,-1.8331242,0.013463071,1.336176,-0.9088013,-0.51590456,0.088615031,-0.057006246,-0.42732122,positive,3
19970127,after,2.3734955,-0.1613515,-1.919852,-0.82896379,-1.1899713,0.22595761,1.3731322,0.50275438,positive,1
19970130,after,1.9300087,-0.98144544,-0.0025794417,-0.36696493,-0.072343062,-0.65605325,0.49864901,-0.17008485,positive,1
19970197,after,-0.22817489,2.002672,0.71968046,-0.25333156,1.8560356,0.65610156,0.83980901,-0.23275768,positive,2
19970233,after,1.6099366,-0.63123382,-1.2738141,-1.0267933,0.54665369,0.50845901,0.44117723,0.72476313,positive,1
19970429,after,0.1629453,1.5722156,1.6443345,-1.061102,0.71622879,0.79807653,0.99560114,0.12030962,positive,3
19970476,after,0.94334929,-0.10447817,0.029201801,1.7998328,-1.2941549,-1.1908253,0.73182803,0.19400285,positive,4
19970525,after,0.86708993,1.2787727,-0.47242698,0.2799009,-0.58940063,-1.9158202,0.013722802,0.46749299,positive,2
19970555,after,0.74941153,0.93376803,3.5443032,-0.73636746,-0.45685108,0.1086818,0.69757485,1.1022677,positive,3
19970579,after,3.0834437,-0.58178483,-0.0099141568,0.054136938,-1.219111,0.81529354,-0.79137934,0.18364236,positive,1
19970594,after,-0.82792954,-0.57128876,1.9731888,0.50197809,0.35281166,-0.47219388,1.3476921,-1.2722732,positive,3
19970596,after,2.1130694,0.19673404,-0.061278482,-0.16945391,-0.89299609,0.56780688,-2.9163682,1.3754736,positive,1
19970614,after,-0.027991186,2.1628099,0.70909904,-0.19188884,1.0526338,0.13941984,-0.63717383,0.81253887,positive,2
19970638,after,0.2164699,0.62658128,1.4999368,-0.40415223,-0.047915442,0.014787176,-0.33816879,-0.026773031,positive,3
19970649,after,0.36260254,-0.71873147,1.651157,-0.86958069,-0.95800438,-1.5134677,-0.41875125,-0.45505965,positive,3
19970690,after,-0.57323324,0.59110048,-0.06349915,2.2615494,-1.14623,0.30208072,0.0413518,0.46032386,positive,4
19970735,after,-0.99666879,-0.49185407,3.2318671,-2.4120454,-0.27644381,0.80428895,-0.35516445,0.066025209,positive,3
19970761,after,0.28489453,0.66036576,0.20324292,1.5094241,0.6928342,-0.6702782,0.1775678,-0.21769204,positive,4
19970767,after,0.36068081,3.2160157,0.54353353,1.2536205,0.43214818,-1.9563498,1.6431714,0.00043435912,positive,2
19970797,after,1.1205586,1.8772314,1.0972837,-0.97322565,0.89178581,0.83080363,-0.84074051,1.4575036,positive,2
19970833,after,-0.6031273,1.1384107,-0.16166634,-0.049269443,0.00095963084,-0.15426897,-0.021710436,-0.032133922,positive,2
19970844,after,-1.3128412,1.0656071,1.0034622,1.3475962,0.19013363,-1.2299018,1.1051121,0.63492909,positive,4
19970867,after,1.5003475,-1.5857833,2.5787944,-2.0850771,1.4868253,-1.9751187,-0.061239687,-1.3955487,positive,3
19970875,after,0.55137088,1.1671672,1.8571561,0.054469885,-0.33205026,-0.67725755,0.46629361,0.68375483,positive,3
19970927,after,0.51918671,1.6280417,0.75765529,-0.9805836,-0.34745276,0.071835689,0.19899476,1.083268,positive,2
19970942,after,0.13969565,0.90139831,0.40278689,1.9740213,-0.90961681,1.6275697,0.10576202,-0.95471578,positive,4
19970974,after,-0.056204788,2.0914581,0.13103011,0.30016611,0.7424431,-0.39782189,-0.21370915,0.70956616,positive,2
19971054,after,-1.0340256,1.1578392,-1.4083369,-0.23401704,0.12920284,0.55085722,0.0030618445,-0.0029241939,positive,2
19971088,after,-0.027609758,0.078486127,-0.210352,1.5276505,0.020093731,0.83930568,-1.3558833,-0.70444205,positive,4
19971096,after,2.1748459,-3.8026577,-1.3741666,4.8456075,0.046173957,0.037033725,-0.2965023,-0.69760035,positive,4
19971109,after,1.2213042,2.3990342,2.2375773,-0.59389526,1.3349651,-2.5736923,-2.9598633,1.5064978,positive,2
19980074,after,-0.38149603,2.2652276,-0.54632462,1.6278481,0.11023335,0.83488659,-0.80070987,0.074420467,positive,2
19980096,after,-0.24644624,2.4489541,0.30774717,-1.1496301,-0.33152857,0.044249615,1.4950875,0.51799996,positive,2
19980194,after,1.9478654,-0.11642427,0.19629657,1.3099168,-0.46991626,1.0428817,0.4040262,1.8126863,positive,1
19980221,after,-0.14951555,1.4187783,-1.0271075,-0.7891476,-1.0153763,-0.031366073,0.76928769,1.2935312,positive,2
19980259,after,1.5710219,-1.6797413,-0.81557363,-1.1829358,-1.0140016,0.12341966,-1.7459385,-1.691123,positive,1
19980293,after,-2.2306086,-2.6210805,1.1580399,2.9275084,-1.135926,-0.37651536,-0.048281215,-2.0829409,positive,4
19980459,after,-0.11599639,1.8369687,1.4316391,1.4238847,-1.4442199,-1.2295238,0.96152074,0.77392716,positive,2
19980485,after,1.7003843,0.14213398,-0.48559543,0.67733491,-2.4409159,-0.99118787,1.2125276,1.6961317,positive,1
19980679,after,1.5171283,-0.23837181,-0.72811974,-0.38062146,0.90970917,-0.062284405,-0.009664861,0.72514806,positive,1
19980693,after,1.5954506,1.3043629,0.0046506674,-0.52738224,0.29353079,1.0311716,0.30838087,-1.3530007,positive,1
19980760,after,0.91353654,1.1949131,0.13312911,0.85009441,-0.044542331,0.17495748,0.12401918,0.71941195,positive,2
19980803,after,1.4329271,1.3094187,4.925371,1.4965364,-0.64983889,-0.22680335,-0.53998885,2.0530328,positive,3
19980819,after,0.58005639,1.858433,0.863032,0.13525544,0.86692444,-0.20119253,0.063815511,-0.10485826,positive,2
19980822,after,2.2499335,1.349497,-0.043861961,0.38119104,0.8096525,-3.9923981,0.29370693,0.97828243,positive,1
19980850,after,0.84683333,-0.021024546,1.8171987,0.64229575,0.026004225,-1.4465301,0.19872289,-0.88121058,positive,3
19980852,after,-0.36442718,1.6974791,-0.26468564,-0.46086891,-0.78494043,1.0895303,0.60348744,0.51256423,positive,2
19980966,after,1.4357979,-0.28446539,-0.2350712,-1.3972627,-0.51118657,-0.99040332,0.16868045,0.32435065,positive,1
19981064,after,-0.699841,-0.80513787,1.3286194,-0.80225125,1.0229189,0.33243809,0.16725486,1.3231685,positive,3
19981089,after,1.8013915,-0.55211572,0.7913011,-1.290956,-0.2964989,0.33038017,-2.2080645,0.24776741,positive,1
19990020,after,-0.24175057,0.73712715,1.8121556,-1.4199715,-0.21953402,-0.15206178,0.011130264,0.8304302,positive,3
19990055,after,-0.48680968,1.4475664,-0.41163857,0.56731056,0.53793035,-0.68005349,-0.2146022,0.39756754,positive,2
19990128,after,2.5519861,-0.69980116,-2.461456,-2.0025761,-3.4659496,1.3946645,0.84039504,0.95993803,positive,1
19990216,after,0.41082612,1.8746866,-0.56172766,0.28237384,1.4058276,0.34824836,0.29525513,-0.44419213,positive,2
19990275,after,0.79178123,1.1762904,-0.64726508,-1.1180148,-0.79995768,-0.035073509,-0.02071884,-0.43094555,positive,2
19990329,after,1.4931649,-0.1224699,-0.79610243,-0.91258514,-0.45677934,0.12874118,-0.23335469,-2.1850481,positive,1
19990398,after,1.6102159,0.80273515,2.1400576,-1.158276,1.0474403,-0.64471617,-0.28022,-0.20610429,positive,3
19990409,after,1.1158299,1.129314,-0.49195965,-1.4473995,-0.24786477,-0.5719187,-1.2905603,0.33450665,positive,2
19990483,after,2.2635221,-1.2815233,-2.0430353,-0.10797959,1.3396108,-0.45683638,0.56505925,0.40937262,positive,1
19990583,after,-0.52500282,2.3370905,1.7234902,0.11628027,0.89254167,-3.084289,1.9141262,1.7111928,positive,2
19990731,after,-0.78865662,-1.3831711,3.1200249,0.17233363,0.088831166,1.1816143,1.0410047,-0.099597846,positive,3
19990740,after,2.1681598,0.3583155,1.3396508,-2.1311551,-0.20472973,0.92540546,-1.1655495,-0.57674378,positive,1
19990755,after,0.58731759,1.5264155,-0.27429531,1.5252908,-1.2810751,-1.1677206,0.938626,1.3685737,positive,2
19990774,after,-0.63776008,1.2661037,-0.35067236,-0.19350823,-0.061213949,-0.91372306,-0.18823851,0.043973034,positive,2
19990815,after,-0.49627354,2.0009325,-0.027805139,0.030984391,-0.28013945,0.028767124,-0.72507883,-0.52085796,positive,2
19990828,after,-0.10333102,2.6407442,0.087223469,0.99608649,0.80385983,-0.7064428,0.46999016,0.43440357,positive,2
19990848,after,-0.66868551,1.2793367,-0.31300803,-0.48724336,0.5307248,-0.65860367,-0.19803995,0.47677596,positive,2
19990856,after,0.49250383,0.45986303,1.4243754,-0.84840684,0.72522927,-0.33025245,0.80858969,-0.24827971,positive,3
19990893,after,0.34318275,-0.39560392,0.19386471,1.5101835,-1.3750536,0.33737721,0.18220008,0.21486461,positive,4
19990926,after,3.0672775,0.23734277,-1.5632632,1.1909737,-1.254734,0.70288516,-0.64685316,1.6019911,positive,1
19990928,after,1.4037313,-0.77370217,0.098606259,1.2346916,-0.44202453,1.0566272,-0.72014358,-0.33559509,positive,1
19990942,after,0.90710099,5.8292925,1.075893,-0.98008722,1.2652352,-0.7548635,0.68445228,1.7715361,positive,2
19990947,after,1.3986387,0.068933673,2.1701853,0.032782067,-0.20106487,0.10617915,0.50825444,-2.3716467,positive,3
19990992,after,-0.86329618,-1.3253016,2.1153466,0.0051571082,-1.2604735,0.74358596,-0.42476211,0.28210557,positive,3
19991025,after,2.1361779,2.6628241,2.3894951,-1.2336483,0.10146372,0.78462762,-1.6406391,1.1671595,positive,2
19991072,after,0.21737841,0.23142847,1.3782487,-0.3433643,-0.36137313,0.015127452,0.55956518,-0.32081879,positive,3
19991127,after,-0.40851073,-0.2737186,0.18102341,1.4032625,-1.2383303,-0.23236493,0.088428034,-0.073789935,positive,4
19991148,after,2.4235083,0.30266592,1.5208863,-1.0648869,-3.4982791,-0.10335432,1.2680122,-0.82402444,positive,1
20000086,after,-1.2042833,-0.15446239,-0.12805067,2.0783951,-0.77162304,0.27983238,-0.21896221,-0.30380299,positive,4
20000119,after,0.41691947,1.2088236,-1.1632609,-0.98379507,0.54746992,0.66285702,-0.084422242,-0.49463665,positive,2
20000160,after,2.1652931,-0.54522945,0.061574695,-0.67505225,-1.7873696,-1.0943584,-0.13650338,-0.86550783,positive,1
20000354,after,-0.35944916,-2.5111909,2.1637652,-2.0906011,1.0486103,1.4519943,0.244263,-2.8717198,positive,3
20000561,after,0.50893672,-0.89910622,0.56889213,1.8803918,0.2682051,-0.74537132,-1.2479456,-0.15783515,positive,4
20000580,after,0.76671117,-0.45208856,2.9324955,-0.62265674,1.2698303,-0.16369436,1.4378999,-2.4545121,positive,3
20000595,after,1.6342897,0.37161953,2.3860933,-2.3647342,0.16568379,1.7609146,0.63995128,-0.92712896,positive,3
20000699,after,0.4279979,-0.76067285,0.56293525,1.2842041,-0.16226805,0.75380427,0.078334349,-0.012453432,positive,4
20000705,after,1.7871143,-0.85655666,-0.79672924,-0.058124941,0.4982048,0.11261616,-0.90839566,0.58697193,positive,1
20000716,after,0.78127143,-1.2049469,1.5073686,1.2039507,0.28803128,-0.64315036,0.20734712,0.81165189,positive,3
20000720,after,1.7217753,3.3075076,0.71480961,1.3330256,1.4305043,1.8204303,1.9916965,0.30556179,positive,2
20000776,after,1.2422569,3.5316805,-0.25455098,2.297173,2.0536587,1.2655092,-0.54317764,-0.46707853,positive,2
20000934,after,-0.33671533,-0.79967896,-0.71998272,1.7303162,0.22651533,-0.35732421,0.70810304,-0.90712377,positive,4
20000939,after,1.7028708,0.29370007,1.2065223,0.40788594,-1.1036524,0.086934883,-0.63254871,-0.27802784,positive,1
20000958,after,0.89192154,0.83969494,1.3179097,2.7142905,-1.0668918,0.24044547,-0.86215609,0.17282104,positive,4
20001047,after,-0.35990347,0.42128221,1.7380181,2.3147506,-0.23695133,0.29790969,0.43053148,0.27033425,positive,4
20001070,after,1.3817798,0.34594005,-1.8427482,1.9921238,0.91642266,1.7349109,-1.3586293,0.28297805,positive,4
20010096,after,-0.19000829,-3.3278669,0.098781747,1.5996614,0.53675262,1.5731415,-0.5504426,0.97715861,positive,4
20010161,after,1.9253361,-0.65504732,-0.056038033,1.1285633,-0.95908861,-0.66869248,-1.3873481,1.7189041,positive,1
20010164,after,0.81813528,1.463625,0.78755844,2.3934979,-1.0451174,1.6573576,1.0265835,-0.19683857,positive,4
20010204,after,-0.8255224,-0.73080325,1.87084,-0.84693954,-0.5018226,-0.91761109,1.3690885,-0.25280463,positive,3
20010400,after,0.74281416,-0.35693443,1.6679478,-0.6267665,-0.46438244,-1.7301914,0.4322636,-0.53718661,positive,3
20010428,after,1.3885111,-0.44884215,0.11273137,-0.57240614,-0.4364191,-0.89285652,0.46806642,-0.35311466,positive,1
20010467,after,1.8440355,0.05936691,1.0797338,3.8799775,-0.30292856,-0.15417933,-0.81353323,-0.21724656,positive,4
20010499,after,-0.98182847,-0.094585552,0.50389718,2.1145206,-1.273369,1.2285493,0.057994927,-0.93110041,positive,4
20010503,after,0.26380642,-0.84578137,0.082495315,1.2310608,0.73528412,-0.19375656,-0.28969141,-0.49930371,positive,4
20010505,after,-0.22856976,-0.80377018,0.25102737,2.3898122,-1.0617281,0.7236733,0.4216391,0.50508107,positive,4
20010510,after,0.92035089,-2.7951761,-0.39916589,3.6806523,-1.1360896,0.55035946,1.1091711,-0.4653854,positive,4
20010535,after,-0.81798154,-0.55216166,2.0033866,1.546418,0.20350315,-0.93840769,0.36946771,-1.9435707,positive,3
20010570,after,-1.0612299,0.70669416,1.81926,-0.83168336,0.15880403,1.4006209,0.34164873,0.93352182,positive,3
20010573,after,-0.58974909,0.36123559,1.4890327,-1.5884896,0.3225622,1.11901,-1.3423788,0.5528732,positive,3
20010618,after,1.3687578,0.42623894,0.54502643,-1.4523235,-1.6302244,-0.63760972,-0.032459129,-0.65392915,positive,1
20010634,after,0.92792208,-0.59662966,3.1085686,-1.0966012,0.67922739,-2.7979194,1.0027244,0.075733321,positive,3
20010731,after,0.6351757,1.2520555,-0.050971245,-0.95122003,0.78771995,-0.76153692,0.56752268,1.0073724,positive,2
20010759,after,1.1798082,-1.0080662,2.7744011,-1.029687,1.9514275,0.18089462,-0.31313124,-0.39289932,positive,3
20010986,after,0.63218928,-0.096818285,3.5551076,-2.5459117,0.96009266,0.053755226,-0.2746066,0.27649061,positive,3
20011010,after,-0.58932735,-1.6017276,1.7427969,-0.83226076,1.4465673,-0.11828978,-0.018932616,-0.69352349,positive,3
20020021,after,-0.48891122,-1.0079257,1.3157513,-1.1736219,-0.76133868,-1.2367487,0.055307234,0.012974652,positive,3
20020087,after,2.1960196,-0.65727138,-0.16502708,-0.96638925,-1.2383766,-0.53243875,0.34355725,-0.76893442,positive,1
20020129,after,-0.80003021,-2.0841586,1.0928851,1.7003284,-0.55877371,-1.641381,-0.31145104,-1.0774487,positive,4
20020132,after,0.89619069,0.62871411,1.3975046,1.700781,-0.46568829,0.43232529,-1.2436687,-0.33013041,positive,4
20020182,after,-1.100554,-0.62030361,2.1122269,-0.89495388,0.2400335,1.1418497,-0.68843544,0.069777688,positive,3
20020197,after,1.9975327,-0.74779049,-0.19298382,1.1546628,-1.0449349,-1.0326279,-0.10034745,-1.2462086,positive,1
20020223,after,-0.48968046,2.7621371,0.51170724,1.7896531,0.57324763,1.5073003,-0.6817051,-1.5033814,positive,2
20020230,after,1.9810027,0.048539066,0.35296113,-1.8993768,-0.91727532,-0.4420588,0.14000844,-1.2997602,positive,1
20020261,after,1.9092101,0.1848326,-0.98676325,-2.3687753,-3.6118977,-1.2703016,0.10134659,-2.2012156,positive,1
20020328,after,2.0374021,0.61079542,-0.67643731,-1.1397866,0.40938863,1.8232931,1.9421634,-0.46810102,positive,1
20020381,after,-0.096602248,-0.14133307,1.718267,4.3681215,-1.0980848,-1.8777708,-0.079593062,-0.33439159,positive,4
20020385,after,1.347299,2.7917484,-0.11370068,1.0421217,-0.93598531,1.8758181,-0.057802455,0.83993049,positive,2
20020415,after,0.96880882,2.9555043,1.4613006,1.1590405,1.4702898,1.0814547,0.15194469,0.24872629,positive,2
20020429,after,0.98175033,-0.67923212,1.7399074,0.89874701,1.2383268,-1.4650366,0.99795244,-1.5151166,positive,3
20020495,after,2.7508517,-1.1716217,1.3564883,-0.22046584,-0.77029445,-0.66849425,-1.390187,-0.09053524,positive,1
20020521,after,0.83986782,0.42207984,2.4334469,-0.83756966,1.7477043,1.8027571,1.350735,-0.48877474,positive,3
20020547,after,-0.21819271,1.545921,0.37268313,0.31908942,0.79428376,-1.022669,-0.1156849,0.073761912,positive,2
20020613,after,-1.1005426,-2.8915897,1.5597474,1.8020841,-1.4058211,0.60911342,-1.2587461,-0.96530158,positive,4
20020650,after,0.08513179,1.8249759,0.0091417826,-1.0001843,-0.27869046,0.060021446,0.2066892,-1.5856634,positive,2
20020717,after,0.80333975,-2.9055339,-0.16739497,2.2717531,1.6388189,0.097183918,-0.46214072,-1.0766115,positive,4
20020833,after,0.72227811,-1.2181006,4.7397058,-2.5626479,2.6277292,2.6239971,0.30776261,-3.584282,positive,3
20020915,after,-0.58983009,0.3901256,-0.068605221,1.8209549,-0.63795763,-0.50484943,-0.69028942,0.3119102,positive,4
20020917,after,-2.209558,-1.0257157,0.75035801,1.7380073,-1.3469903,0.30757499,1.6789254,0.028305825,positive,4
20020940,after,2.1520459,-1.0965338,1.9449563,-1.7027328,0.94176005,-2.3674115,0.98709046,-0.05805202,positive,1
20020985,after,1.0543863,0.66139022,0.20590021,3.539809,0.32424733,1.1395038,-1.2141108,-0.57283547,positive,4
20020991,after,0.97152333,0.71541928,0.48951053,3.5134375,0.11629753,0.67837516,-1.7471329,-0.49049883,positive,4
20021029,after,-0.99099002,-0.45055919,1.2823758,-1.4809268,-0.08639725,0.037995871,0.11042316,-0.51848563,positive,3
20030044,after,0.29061847,0.060636608,1.4141241,-2.3147466,-0.82349484,0.23481036,-1.176981,-0.34521201,positive,3
20030063,after,3.1717289,-0.33437412,-0.36966882,-1.6866772,-0.53429254,-1.5220485,-0.34663873,-2.2250765,positive,1
20030099,after,2.8326788,-2.5784412,-1.1589965,-0.71926927,-1.7569912,-0.66251649,1.5578671,0.723981,positive,1
20030262,after,-0.093101722,1.2307382,-0.27936627,1.5124438,0.08134353,-0.059152532,-0.1422725,0.33990439,positive,4
20030369,after,2.6077611,-0.4325404,-3.5360187,-0.51734792,0.16932054,2.4457535,-3.5181647,-1.9147884,positive,1
20030392,after,0.24415196,-0.18539586,0.027183603,1.8677218,-0.90363511,0.041491242,-1.5693467,0.30031818,positive,4
20030427,after,1.5766801,1.140703,1.1964624,0.69950171,0.13876629,-0.60402064,-0.96414939,0.08611972,positive,1
20030478,after,0.98713988,-1.7479678,-1.438921,3.1323769,-0.80617973,2.0221345,-0.49558471,-0.54076494,positive,4
20030509,after,1.9719827,-0.21071145,-0.84139164,1.1592849,-0.88739526,0.87824537,-0.38950519,-0.33869061,positive,1
20030521,after,-0.024128935,0.24437286,2.4102512,-2.2958068,0.2351102,1.9391909,-3.6780461,0.15011232,positive,3
20030573,after,1.420644,-0.72939267,-0.025610099,-0.55559849,-0.26332814,-0.99657145,0.11433708,0.38968585,positive,1
20030665,after,-0.42850044,2.0787521,0.36630159,0.4933511,0.65053995,-0.42977518,0.10360718,0.88935168,positive,2
20030685,after,1.2423658,-0.19299266,2.2502603,0.33905375,-1.1999293,0.82844863,-0.97547206,0.87245212,positive,3
20030727,after,-0.42601526,-1.9259239,0.7612931,2.5458717,-0.82927145,0.023584643,0.31501065,-0.15953654,positive,4
20030729,after,-1.0907684,0.36188081,1.3238092,-0.19264949,0.62306138,-1.28418,0.69451021,-0.49059953,positive,3
20030853,after,0.35815039,1.5311067,-0.59568488,0.55898273,0.86499016,-0.54294396,-0.24567171,0.50444571,positive,2
20030923,after,0.49315632,-0.67956197,0.66732161,1.2224434,-1.4053375,-0.26561535,0.019023434,-1.1656913,positive,4
20030928,after,1.9099005,0.77081598,-0.11035805,3.1781501,-0.46659922,2.7122648,-0.49121024,1.451151,positive,4
20030936,after,2.9507057,2.8139634,1.1364209,2.8305477,2.2249995,1.9781109,-1.4441537,-1.7774257,positive,1
20030940,after,0.93058126,2.7487094,1.1302686,0.30570018,-0.97517491,-1.1661903,1.204042,0.22031116,positive,2
20031077,after,2.9650566,-0.1190354,-1.4502535,0.14953252,-1.2756229,1.2604706,-6.5789343,-0.93923583,positive,1
20031149,after,0.018983924,1.4309622,-0.20440099,-1.0352248,-1.1752634,-0.20141146,0.49432988,0.2812077,positive,2
20031189,after,0.92338731,0.99365704,1.8390353,-1.3383284,0.56780795,1.2692199,-0.18465054,-1.1726854,positive,3
20040020,after,-0.23927361,-0.72424631,1.5628376,-0.70453652,0.60754108,0.6363289,-0.1034222,-0.44748137,positive,3
20040054,after,0.81231536,1.5244795,0.61306712,0.22803836,0.39459326,0.89024636,-2.4534205,1.2036867,positive,2
20040100,after,1.5655611,1.3692067,-2.0911177,1.3762606,0.96860339,-0.10950633,0.91532364,0.32443106,positive,1
20040153,after,0.3499955,0.97074593,-0.21629341,2.2728885,-1.9116846,-0.87937468,0.18412014,1.6165506,positive,4
20040347,after,3.538756,1.1727162,-1.4804602,-0.6243037,-4.3436187,-0.065914729,1.3157439,-1.063016,positive,1
20040372,after,0.16745401,0.52185257,-0.092576841,1.7973635,0.14899996,-0.61790106,0.33820803,-0.010980878,positive,4
20040393,after,0.63120042,-0.082278448,-0.072383253,4.7856225,-1.8131138,0.013454913,-0.0025978425,1.5884128,positive,4
20040443,after,-0.22091319,1.4040531,-0.13110876,1.4066157,0.10318607,-1.5246472,0.99502317,1.0199952,positive,4
20040526,after,0.75793828,1.3971528,2.001324,-0.318479,1.7459025,-0.28006836,0.54646892,0.3102965,positive,3
20040557,after,-0.024344273,-1.5613483,0.93958146,1.7584968,-1.4448307,0.70401945,0.06526197,-0.55152773,positive,4
20040611,after,0.14640458,1.9283955,0.93271116,2.2106353,0.64063149,-2.4165795,0.83026432,0.38464324,positive,4
20040614,after,1.4121981,2.1182918,1.2694425,-1.0450037,-1.2447914,-0.97533347,-0.095414664,0.049180668,positive,2
20040615,after,0.51194482,0.43124932,1.2810666,1.3268973,0.6998707,-1.4638412,-0.040647187,-0.68355836,positive,4
20040703,after,1.2730447,0.9425293,2.2274418,0.72662903,0.82978996,0.48226417,-0.19459368,-0.43635074,positive,3
20040777,after,-0.62946015,-2.0746414,2.3407258,0.94739557,-1.2902163,-0.64874506,0.53867781,-0.22683099,positive,3
20040832,after,-1.1438641,-0.098703894,1.5044197,1.7538778,-0.064695412,-0.50985063,1.4817399,-1.4980583,positive,4
20040932,after,1.9442738,0.21350432,-0.44386637,-0.53704527,-2.7929194,0.28961509,-0.13841243,-1.5225584,positive,1
20040984,after,1.7101361,-2.4624793,-1.3950896,0.91197839,0.81476002,0.13995883,-1.9370742,1.3717999,positive,1
20041025,after,2.4047316,0.69123263,0.70321951,-0.012633362,-0.048574985,-0.3238283,1.0010998,0.71034566,positive,1
20041087,after,1.5094642,1.4869851,-0.27168255,1.0478582,0.61141971,0.26792985,1.4116899,-0.77994866,positive,1
20041091,after,-1.7751844,-0.52026994,2.6357015,-1.7262812,-1.152984,1.8781194,-1.5454363,-0.29963886,positive,3
20041132,after,0.99120281,1.4286971,0.45420239,-0.49997229,-0.71108682,-1.0905736,0.35090731,-0.40685699,positive,2
20041143,after,-0.50037257,0.76264457,1.403621,0.68834601,0.25593745,-0.73748212,0.37103421,0.1193095,positive,3
20050002,after,-0.56270542,-0.24521227,0.86600468,1.7534563,-0.82594942,-0.35804534,0.44980788,0.99113007,positive,4
20050084,after,-0.53032685,1.9942179,0.5422018,-0.82188611,0.2544837,0.02681296,-2.5686505,-0.020566077,positive,2
20050095,after,3.0594909,-1.5432791,1.128843,-0.33618578,2.029596,-0.71356452,1.9055879,-1.489074,positive,1
20050162,after,-0.46998592,-1.2774651,0.1507918,1.2434749,-0.3009883,-1.3278809,-0.59038056,-0.93555563,positive,4
20050206,after,-0.99464959,-0.95506804,0.72139153,1.9491158,-0.47757742,-1.2404338,0.50084334,0.2486992,positive,4
20050217,after,-0.19545701,-0.098456286,0.89377985,3.1119421,-0.70659336,0.99002994,-0.07825149,0.36927148,positive,4
20050256,after,2.6214585,-1.3544597,-1.5276694,-1.1421934,0.1907063,-0.50729898,-0.28401528,0.98081762,positive,1
20050264,after,-1.0235224,1.1704555,-1.1083014,0.23034193,0.50909748,1.1628509,0.68218306,0.21096132,positive,2
20050290,after,2.3588811,1.803995,0.47397168,1.0156223,0.12015007,0.58814665,-0.67411471,2.3117277,positive,1
20050317,after,-0.36962921,1.4395708,-0.90734933,0.14328311,0.43051354,0.46432677,-0.4480908,0.69390061,positive,2
20050326,after,0.64145712,1.3473545,-1.6738576,3.272027,-1.8991859,-0.46383318,1.1883053,1.2619276,positive,4
20050336,after,1.8428368,0.46992286,1.339139,-0.76192555,-1.211229,-0.97718611,-1.2224196,-1.7129613,positive,1
20050462,after,-0.64716518,-0.28828398,3.0891602,-1.6775227,-0.73875035,0.647391,-0.77971239,-1.1721029,positive,3
20050489,after,2.4636719,-0.5078086,-0.33756389,1.7485893,-1.0928949,-0.47686512,-0.80823098,1.2899144,positive,1
20050496,after,-0.39608285,-0.17633927,0.24181171,1.5678044,0.285,0.59888224,-0.84067289,-0.35264001,positive,4
20050502,after,0.046707015,-1.0039409,1.3522171,1.4407042,-1.685149,-0.28699475,-0.57240703,0.21036861,positive,4
20050523,after,1.8949619,2.1264186,3.4446303,0.78969546,-0.64142348,-2.1971873,0.6339456,0.92197877,positive,3
20050541,after,-0.59385518,1.4262166,0.21018115,1.8722935,-0.71101152,-0.37248394,-0.21276055,0.062034494,positive,4
20050550,after,0.24735397,1.4824784,1.2215468,-0.20919157,0.069154592,-1.4374366,0.19996966,-0.42106853,positive,2
20050558,after,1.8151029,-1.1165307,0.5665404,-0.79975903,1.2372913,0.75972108,-0.97993495,1.1865935,positive,1
20050562,after,-0.42542485,-0.0020260791,1.3753217,1.0751968,-0.7058159,1.0857135,-1.415234,0.24945893,positive,3
20050564,after,0.043196453,0.46975061,1.4583803,0.71784382,-0.52066664,-0.42069522,1.1233005,-1.2381716,positive,3
20050665,after,4.1017093,-1.1217815,4.1996067,-0.69889697,-0.44725886,-2.5142099,0.88550192,-1.5136769,positive,3
20050729,after,2.1988134,-1.0150404,0.41885047,-1.6655645,0.74238298,-0.3110385,0.26338807,-1.2746383,positive,1
20050760,after,1.9138397,0.79351755,-0.35795989,0.63366008,0.18182602,-0.63228095,0.44187079,0.077069215,positive,1
20050785,after,3.0372111,-1.0785526,1.2953814,3.2142577,2.9133487,3.0274238,0.079618157,-2.8766079,positive,4
20050830,after,-0.31781494,1.2508753,0.14746331,1.0764491,0.3351004,-0.48843389,0.042736934,0.32321467,positive,2
20050890,after,-0.73883456,0.44942736,1.4389884,1.7558402,0.22596981,-0.25128942,0.49250802,0.064911777,positive,4
20050893,after,-1.0284725,-0.62793586,1.4999552,0.29270612,-0.81144861,1.2634774,0.19042447,-1.5530876,positive,3
20050897,after,1.3867577,-0.097130586,0.063673093,1.1006844,-2.2227896,-0.58070514,-1.4077674,1.0798887,positive,1
20050912,after,-0.22020001,2.2697211,-0.63901446,0.80518174,0.49923871,0.12641287,-0.36505973,0.62243014,positive,2
20050919,after,-0.21300635,-0.35322403,0.34307679,1.4145555,-0.92140839,-0.45385648,-0.87074316,-0.57817538,positive,4
20050973,after,0.42932826,1.654713,-0.10430458,0.43244417,-1.0423886,-1.1824371,0.38753009,-0.98744811,positive,2
20050977,after,2.497767,-0.78117945,0.89185985,-0.57812142,0.23392203,0.53588876,1.1636304,-0.72884234,positive,1
20050978,after,0.75123498,1.4831941,0.47868101,0.73842902,-0.61879306,-1.0743307,0.74391036,0.98713903,positive,2
20051021,after,-0.77553522,2.3039875,-0.69714388,0.4260763,0.1631814,0.70156771,-0.25294956,1.310227,positive,2
20051036,after,0.75941624,0.6145039,1.7657858,-1.14068,-0.018379028,1.0754017,-0.58430439,-0.66452011,positive,3
20051053,after,-0.31055979,1.2690175,1.2876296,-0.36342192,1.1985536,-1.3525095,1.1032645,0.14724018,positive,3
20060035,after,2.1780119,0.46166274,0.10801089,-0.76125461,-0.15402539,0.17282177,-0.93169572,2.0838744,positive,1
20060153,after,-0.30071478,-0.10135769,1.9526061,-0.14385589,0.30161006,-1.6183673,0.79781479,-0.86135671,positive,3
20060301,after,-0.26895353,0.45325176,3.8527689,-3.850133,-0.570262,3.2214745,-3.9995817,-0.37346323,positive,3
20060451,after,-0.28693902,-0.39056546,1.6830762,0.71798117,0.30777234,0.76744057,0.097488243,-1.1206976,positive,3
20060482,after,1.6720041,-0.47585059,-1.1729483,1.0466045,-1.1397112,-0.63364621,0.82498078,-1.7440457,positive,1
20060582,after,2.8014811,0.16027729,-0.64940756,-0.050212582,-3.33273,0.27864296,-0.4937437,-1.6850441,positive,1
20060645,after,0.74604309,-0.4652139,-1.2876366,2.233151,-1.3090978,0.89849827,-0.75517938,-1.3344672,positive,4
20060661,after,-1.0785292,-1.1984093,0.34599762,1.6751592,-0.78123072,-0.61828864,0.0042034685,-1.0839502,positive,4
20060668,after,1.401672,0.6327666,2.6445399,1.1985838,1.3114738,-2.7069397,2.1629761,-0.32748207,positive,3
20060680,after,1.0435889,-0.61250129,-0.35958609,1.8524881,-1.6456369,-0.51690095,0.98718608,-0.61751033,positive,4
20060739,after,-0.12724723,1.1481186,0.54480007,1.0259709,-0.15018131,-0.36846562,0.10316286,0.25974641,positive,2
20060749,after,1.1914495,-0.54773913,2.3793694,-0.33374527,0.060540387,-0.72227933,0.47706362,-0.58005297,positive,3
20060761,after,1.764079,1.8371077,-0.62164256,1.2694256,1.445308,-0.81362855,-0.32568727,-0.17311195,positive,2
20060769,after,2.6893124,0.69065976,0.86661321,-1.1682813,0.1048945,-0.34006743,-1.3240959,2.0014305,positive,1
20060772,after,4.8179222,-0.28771694,-0.38807457,1.6543777,-0.53705191,-0.0093952476,-3.7800669,2.4354852,positive,1
20060872,after,-0.87277612,1.9311584,0.40893496,0.70047877,-0.46632493,0.36308743,0.7273567,0.88127556,positive,2
20060891,after,3.5496217,0.41776722,0.44421773,1.9058212,-3.8763629,-0.18077659,1.152602,1.1033024,positive,1
20060927,after,-0.32620093,-0.59725745,2.0602772,-0.7857681,-0.98945329,0.1304712,0.54916559,0.73290234,positive,3
20061098,after,-0.068591281,3.9420475,0.56116089,-1.3298259,1.8749906,-1.1345783,1.832728,1.8138956,positive,2
20070032,after,-1.2226063,-1.0325317,1.5072249,-0.87177492,1.1701555,0.91961286,-0.031338131,0.58604614,positive,3
20070177,after,1.2361055,2.9843196,-1.7119058,2.9760454,1.14324,2.6500436,-2.0350405,-0.067918689,positive,2
20070187,after,2.395884,1.3321625,1.5146107,-1.0538632,0.03015265,-2.7626867,-0.85655884,0.1537377,positive,1
20070219,after,0.76560775,1.127678,-0.63248661,-0.95923939,-1.0120753,0.24000336,0.6741945,-1.7150592,positive,2
20070265,after,1.6248887,0.20402906,2.1035135,0.0012034088,1.2840687,-1.1967285,-0.92204615,-2.4981183,positive,3
20070288,after,0.52700997,-0.20173654,1.8785967,0.22153847,-0.59558271,-0.29537827,1.2217211,-0.13063352,positive,3
20070305,after,1.0315156,-1.637695,2.4599059,0.35874855,1.9604383,1.7644626,-1.1595082,-2.6334437,positive,3
20070308,after,-1.502943,1.0095106,3.5411272,-2.6574414,-1.0540154,0.81726042,0.16577014,2.3168298,positive,3
20070434,after,1.2821555,2.4715441,-0.051076452,-0.4959813,0.9030175,1.0076672,0.33210679,-1.7862645,positive,2
20070457,after,0.81680511,1.6279894,-0.085784887,1.0654111,-1.3075487,-1.4615611,0.88786696,-0.72221192,positive,2
20070458,after,-0.14905465,-2.0255354,1.0208255,1.7052967,-0.16156943,-3.2676993,0.093949409,-0.88474426,positive,4
20070562,after,0.34038831,-1.4238912,-0.71017206,2.4483832,-1.5046021,0.23022585,1.5065448,0.43419162,positive,4
20070584,after,1.9448788,3.1173975,-0.26816323,0.45681176,0.037380898,-1.6840464,-0.63611609,1.3239051,positive,2
20070608,after,0.48554514,-0.15104405,2.0184574,-0.22239102,-0.33375904,-0.6233769,-1.273559,0.55584965,positive,3
20070633,after,1.5447598,1.1534877,0.58694504,-0.14786272,-0.62822843,-0.15561554,0.54943956,-0.98175742,positive,1
20070643,after,1.905669,-0.59906852,1.1219342,-0.44717248,0.78257169,0.715669,-0.76347066,-0.47543066,positive,1
20070715,after,2.7958627,2.2224092,2.0506089,-0.59028506,-0.092948633,1.6923267,1.1128392,1.402372,positive,1
20070774,after,0.39597285,0.380328,1.5471068,3.0273243,-1.0292602,-0.86610493,-1.7261274,1.3650189,positive,4
20070798,after,0.37206045,0.2200135,2.7881012,-0.4254256,-0.37977447,0.30263395,-0.86563794,0.0098940404,positive,3
20070882,after,-0.055473595,0.54504007,1.5865345,-1.8850002,-0.20438902,-0.4277909,-0.81694555,-0.1204077,positive,3
20070922,after,0.84087854,1.6699869,1.4101635,-0.3358212,1.1140665,-1.215044,0.53642099,0.8740494,positive,2
20070941,after,-0.54592086,3.5485835,-1.5049818,0.46937129,0.67721982,1.6075565,0.30708268,1.1214145,positive,2
20070997,after,0.85752423,1.4386639,0.45962602,1.1529688,0.34539027,-1.3873594,-1.3396265,0.41219702,positive,2
20071009,after,0.43515649,2.0143006,-0.78810425,2.3113415,0.10152268,-0.073077654,-0.50798955,1.4107553,positive,4
20071026,after,1.834553,1.3951582,1.0645598,-1.5998659,-0.029339092,0.58802079,0.72026237,0.39614888,positive,1
20071109,after,-0.20042776,0.054095783,-0.81324878,1.7485532,-0.12968153,1.4157827,-1.1078246,-0.89823711,positive,4
20080009,after,-0.25951792,-1.4329468,1.9010622,-0.10610752,-0.73350288,-0.099445019,0.38457656,-0.11035796,positive,3
20080010,after,2.3178593,-1.2370268,-1.3621917,3.2720586,0.4069634,0.52892481,-1.6854662,1.0686322,positive,4
20080050,after,-0.28155538,2.0994364,0.45536688,1.7394525,-1.3961583,0.78882837,0.97386026,1.5239741,positive,2
20080071,after,-0.54143505,1.2717822,0.097268805,-0.075118956,0.33856109,-0.30044822,0.39473014,0.16168439,positive,2
20080192,after,-0.24358091,1.0983,1.6223949,-1.4956326,1.0353829,-0.073298234,-0.27846854,1.3193888,positive,3
20080240,after,-0.3020265,1.5988839,-0.52185898,0.76234847,0.38991513,-0.093558413,-0.91615765,0.2384722,positive,2
20080297,after,0.17688054,-1.0448588,1.6438095,1.5083474,-1.0715209,0.20295534,0.71189631,-0.6146367,positive,3
20080347,after,2.6767259,0.31430072,1.1270941,-1.5167033,-1.0920598,-0.53373427,0.39264763,-1.1760209,positive,1
20080393,after,-0.69348775,-3.917195,-0.82341436,2.6671984,0.36634558,1.3797181,1.1568503,1.1335376,positive,4
20080396,after,1.9924161,0.032159107,3.76605,2.454783,-1.679536,-0.93792994,0.54239945,1.2123083,positive,3
20080434,after,2.3276479,0.40750115,-0.8670816,-2.5545422,-3.3127528,-1.4127596,-0.59835654,-1.9438126,positive,1
20080440,after,1.3501953,-1.1308793,0.96423942,0.42207037,1.3151341,-0.011065697,-0.11970118,-1.1519625,positive,1
20080443,after,-0.11293544,1.5151239,0.2649427,-0.77551753,-0.79159219,-0.48143224,-0.07675486,-0.85796742,positive,2
20080468,after,2.841884,-0.74936094,-1.1038224,0.7583825,0.53845769,1.1526003,1.4479899,-1.249584,positive,1
20080480,after,1.77507,-0.56544733,0.18254802,1.3263287,-0.9797424,-1.8490273,0.44976403,1.1046138,positive,1
20080491,after,2.3403271,-0.36624059,-1.2722946,0.11171791,-1.8700819,-0.096527182,0.99484086,0.98241708,positive,1
20080542,after,-0.11072503,-1.0993147,2.1366965,0.0033896389,-1.7387311,0.17418956,-1.094415,-1.2751243,positive,3
20080567,after,-0.39808,-0.69438887,0.5843732,2.2669232,0.14105291,0.87215757,-0.17654067,-0.55585903,positive,4
20080649,after,0.11824989,1.5650683,0.51624359,-0.58756322,0.31305102,0.51699539,-0.40223655,-0.010849758,positive,2
20080651,after,0.80543439,1.2636925,0.59400868,0.65362535,-0.098376406,0.88266872,-0.63683292,-0.025902487,positive,2
20080660,after,1.5629988,-0.04768513,1.5322213,1.0689587,1.2859932,-0.99598487,0.33292461,-1.1875258,positive,1
20080672,after,-1.028227,-0.72012671,1.6585951,0.73254202,-0.21592017,-1.0748965,1.0702496,-1.3659629,positive,3
20080677,after,0.84701797,1.316221,0.12540132,0.36629609,-0.15606871,0.74949179,0.36929798,0.75730942,positive,2
20080710,after,-0.52594648,1.4202358,-0.67766586,-0.20552831,0.98447305,-1.0351937,0.36827186,0.35752873,positive,2
20080774,after,0.81815879,0.85599108,-1.1671255,1.259736,-0.52710244,0.89269282,-0.40874575,-0.90269918,positive,4
20080882,after,1.9854977,0.4237245,-0.74918512,-0.31658259,-1.3807423,0.51159949,-0.51201222,1.4625096,positive,1
20080924,after,-0.15057565,-1.0312299,0.52830097,1.4175916,-0.67694646,1.0815893,-0.15943597,0.70028158,positive,4
20080964,after,0.35527701,-0.32440751,1.303547,0.087372924,-0.77506852,0.6225435,-0.72217841,0.93442093,positive,3
20080975,after,1.0090668,-0.72381786,-0.82360901,4.5258391,-2.1202306,1.8973321,-0.97851003,0.44860504,positive,4
20081022,after,-1.2243727,0.68432865,3.7956969,-2.1292427,0.22601573,1.2945995,-0.28962153,-0.59601365,positive,3
20090014,after,-1.1511387,-0.9277676,0.57193353,1.3964734,-0.77130905,-0.059282548,-0.4825645,-1.8708899,positive,4
20090017,after,0.50122944,-0.35730321,0.41244628,2.1450568,-0.28380394,-1.1548387,0.14006031,0.14436698,positive,4
20090049,after,0.692109,0.25706375,2.6921275,-1.3840957,1.5856211,-0.56542943,-3.878106,-0.66771233,positive,3
20090078,after,0.58817257,0.07484258,1.6365899,-1.5236986,-0.073721,0.8966588,-1.9465572,1.5580284,positive,3
20090111,after,0.83096765,1.3215467,-0.86081289,1.357917,0.58916641,1.2811824,0.50309434,0.14273304,positive,4
20090164,after,-0.3068371,0.53068586,2.5905311,-0.30937728,0.63714256,0.079358583,0.39897843,0.58040498,positive,3
20090193,after,-0.63436618,-0.40248948,-0.48558524,1.7468545,-1.1834075,0.62731729,-1.1823874,-1.048036,positive,4
20090198,after,1.1407711,1.713489,0.80199409,-0.38017235,0.27859948,1.03753,0.28269406,0.31108118,positive,2
20090237,after,0.45958496,-1.5079997,-0.51370521,1.6158128,-0.54161006,-0.69809272,-1.5441568,1.2471158,positive,4
20090345,after,1.6469161,0.5534058,-1.3041942,3.5353428,0.24051432,0.86115302,0.24444318,0.6537056,positive,4
20090363,after,1.7360584,-1.0740945,-0.55398506,0.88116298,-0.79736291,-0.12048863,-2.8970152,-0.15317121,positive,1
20090379,after,-1.6946782,-3.445788,0.1748129,1.7751392,-1.9355164,1.198887,-0.22155938,-0.10597235,positive,4
20090385,after,2.1866053,-3.6746487,-1.7878598,1.0285253,-1.0733708,-0.21101182,-1.5943434,1.4019635,positive,1
20090427,after,2.1113105,1.0349791,0.38361116,-0.15417526,-0.26720883,-0.37749335,1.5863878,-0.67462868,positive,1
20090447,after,-1.1685403,-2.531343,0.6466742,3.0660719,-1.7926924,-0.32910719,-0.43297741,-1.8449691,positive,4
20090508,after,0.017011568,1.4527038,-0.62972235,0.63501774,0.3170058,0.92431466,-0.84224475,-0.45350763,positive,2
20090588,after,-0.67275,-0.7539837,1.6092545,-0.14530111,0.10220532,-1.1647101,0.45174632,-0.33172205,positive,3
20090794,after,1.1633681,0.058461491,-0.12084557,1.57887,-1.0256521,-0.89362418,-0.1833479,-0.32008663,positive,4
20090887,after,1.3276116,2.1771617,0.28054339,1.1857434,1.5387334,-0.13656717,0.021037091,-0.52473027,positive,2
20090969,after,1.5537571,-0.99187112,-0.63209966,0.35833832,-0.60723765,-0.18426433,-0.19764888,-1.582815,positive,1
20090973,after,-0.32795177,1.2969505,-1.2204367,0.84953754,-0.22273672,0.63713978,-0.22516192,0.78095572,positive,2
20091075,after,0.16053285,0.11633464,-0.73451148,1.5015211,-0.71633682,0.963048,0.42792164,1.2276751,positive,4
20091085,after,1.4454239,-1.3114776,-0.51542815,-1.0026842,-0.78014372,0.044915885,1.1285143,-1.5197715,positive,1
20091145,after,1.5963937,0.059195025,-0.78385235,-0.71624836,-0.053534402,-0.02369469,1.4970589,-1.0479609,positive,1
20100050,after,2.1373115,-0.23735142,1.1230936,-0.66608282,0.70273519,-1.318947,0.042812499,-1.072405,positive,1
20100069,after,-0.78366541,-0.94519972,1.6029651,0.33885392,-1.4146215,-0.26690442,-0.3116355,-0.33697179,positive,3
20100133,after,1.2805331,0.9363261,1.6014193,-0.33671661,0.99428123,-0.15932834,-0.041599519,-0.27407988,positive,3
20100149,after,1.8253062,0.48206263,-1.209735,-1.4779859,-2.0115704,-1.1131883,-1.2825615,-1.2109622,positive,1
20100222,after,-0.18671495,1.2490799,-0.80435506,0.4848957,-1.0000591,1.0227222,-0.07210746,0.27500316,positive,2
20100249,after,-0.72072438,1.3868824,-0.33746367,-0.087806882,0.31648882,-0.65176863,-0.066071825,0.34009182,positive,2
20100260,after,0.19592357,1.2498923,-0.37981835,1.2903391,-0.97635088,-0.33308901,-0.10162023,0.7454885,positive,4
20100269,after,-0.15559083,-0.84059295,1.3996686,-1.2528876,0.46779982,0.92082995,-0.73354773,-0.068150134,positive,3
20100328,after,0.20593402,0.78851823,0.27764736,1.444375,-1.0134159,0.91744032,-0.0043264349,0.17498105,positive,4
20100437,after,0.60786055,1.1506517,-0.020078368,-0.67112571,-0.85939043,0.020032126,-1.1127452,0.58192725,positive,2
20100459,after,2.3876376,-1.4046725,-0.51697314,-0.64099486,-0.21535752,1.5991714,-0.41343487,-0.85392256,positive,1
20100534,after,1.007316,4.0993981,1.1101249,0.92325108,1.9331734,-2.3490249,0.06358654,2.4619821,positive,2
20100601,after,0.52403794,-1.1870909,0.86974767,1.8861821,-1.0756589,-0.70512954,-2.0436402,1.8627163,positive,4
20100655,after,1.3509307,1.219528,0.82384673,2.4030036,0.82648075,0.85243617,-0.33489152,-1.4237926,positive,4
20100690,after,1.9978035,2.1008951,-1.6020346,-0.35745813,-2.0295931,-3.1600449,0.73140576,-0.30806228,positive,2
20100730,after,2.5483443,-0.5497481,-1.0749965,0.79580003,-1.6923681,-0.13405606,0.14134623,0.81409673,positive,1
20100731,after,0.012890011,2.4845246,-0.61697938,2.2062371,-0.2266648,0.42118308,-1.2594867,0.54390764,positive,2
20100803,after,-1.4016062,-1.2990853,0.93972974,2.00959,-0.37483827,-0.89904395,0.84900749,-0.98221725,positive,4
20100840,after,-1.1463772,0.22561607,1.8927524,0.77247358,-0.10361759,-2.6103444,1.5852049,-0.56363999,positive,3
20100862,after,-0.25771154,1.6238175,-0.35628901,-1.288284,-1.3582047,0.53890253,0.99386273,0.82945092,positive,2
20100924,after,-2.1172866,-2.7005461,1.6672293,3.4588088,-0.53336998,0.29744406,0.47896065,-2.5813285,positive,4
20100959,after,-0.62495145,-0.75297821,1.6667648,-0.13425737,-1.3636499,0.56214588,-1.1372825,-1.6727596,positive,3
20101027,after,0.16249306,0.39900578,2.5285023,0.24683528,0.90231386,0.30898603,0.61843797,-0.42303715,positive,3
20101068,after,-0.33304221,1.4254901,-0.78016288,0.3771276,0.095385481,0.034576622,0.30669413,-0.26948518,positive,2
20101161,after,-1.7627464,-2.5336633,2.1218884,0.18409915,-0.5041095,-0.11607153,0.19845904,0.58029337,positive,3
20110064,after,-1.3576484,-1.6819286,0.44737428,1.290239,0.53167242,-0.40429163,0.92386682,0.15596533,positive,4
20110072,after,-0.027610848,0.86376831,0.89869501,1.2688209,-0.21103672,-0.62747156,0.33584744,0.4949066,positive,4
20110219,after,1.5595488,-2.7876418,-1.0887369,-1.0160364,-0.3390874,0.079210724,-1.0112252,1.0180412,positive,1
20110236,after,1.3178027,-1.3931444,1.8873656,-1.5100669,-1.1552769,-0.29266825,-2.2684857,0.47452635,positive,3
20110244,after,2.3008038,-0.44068331,-0.074358162,-0.55960553,-4.4650023,-0.89205455,0.85239258,-2.0140821,positive,1
20110335,after,-0.56374137,-0.79709498,3.6849365,-3.3648679,0.64331508,3.0040114,-4.333182,2.273561,positive,3
20110427,after,-0.41277725,0.18012197,1.6693698,-1.3382844,0.9537009,1.3415256,0.15606561,0.038478212,positive,3
20110485,after,-0.58255178,-0.92529789,-0.20934734,1.2272014,-1.1386411,0.33547135,-1.9618351,-1.5568089,positive,4
20110541,after,1.9804427,-2.7754384,-2.467272,0.39840197,-0.78532615,0.16727683,1.353487,1.4268469,positive,1
20110573,after,3.0461242,0.36204384,-0.17563904,-1.3877966,-2.8664064,2.3579264,0.072949252,-1.2564808,positive,1
20110659,after,-0.4759838,1.9619203,1.3293896,3.1557055,-0.92915692,2.3132968,-0.48344071,0.12156957,positive,4
20110666,after,5.694565,1.533837,-0.87359346,2.5170425,0.38802443,0.35841529,-1.7324457,2.3557813,positive,1
20110695,after,0.56383567,1.9114977,1.038937,-0.409121,0.76721489,-2.7931809,-0.31516391,-0.16288874,positive,2
20110699,after,-0.63003257,0.59467744,-0.018208537,1.3659109,-0.8606322,-0.44131989,-1.1433018,0.23269434,positive,4
20110725,after,0.51456835,1.4304387,0.7628733,-0.37721603,-0.01754352,0.44089905,-0.62645433,0.47419588,positive,2
20110774,after,2.9099111,-2.3485346,-1.4976885,0.070517401,0.34936396,-0.18130191,-0.84323684,0.09841237,positive,1
20110838,after,-1.8114399,-0.038494254,0.45265862,1.5195082,-0.39647131,0.057321663,0.93438332,-0.97113007,positive,4
20110900,after,0.74561432,2.7949902,-0.71038524,1.0939181,1.4661531,1.4526243,-0.16242379,1.2820132,positive,2
20110908,after,0.38807388,2.3458398,0.044644945,1.9379053,-0.048645617,0.51074829,-0.8025369,1.2783636,positive,2
20110955,after,-0.91025929,1.4443368,-0.6728795,-1.2855015,0.087712856,0.64791161,0.92779129,1.2387939,positive,2
20110959,after,-0.6849756,-1.9231373,0.58015338,1.4700838,-1.4504456,0.27083222,-1.7620332,-1.4791938,positive,4
20111020,after,2.7687434,-1.9505991,-2.4016896,-1.2597868,1.2852603,-0.069536456,1.1369411,-0.47303667,positive,1
20111116,after,-1.0173964,1.2903671,-0.0072001492,0.45311441,-0.13745055,-0.040399002,-0.35965109,1.0151877,positive,2
20111127,after,-0.48175463,1.179254,0.6031123,-0.22440929,-0.01810477,1.0753955,0.12631939,0.38949682,positive,2
20120005,after,-0.51578281,-0.20378041,1.620789,-0.025812486,-1.175798,1.2273153,-2.0537567,0.21203916,positive,3
20120046,after,-0.33868167,1.2882411,-0.014835639,1.8764811,-0.44778773,0.86323079,-1.7392217,0.049870312,positive,4
20120079,after,2.9480725,1.9993952,-1.7462225,2.3579842,2.0820775,1.2852953,-1.198608,0.1053689,positive,1
20120090,after,-0.36186701,1.2338305,1.9337262,-1.2479143,0.31087075,0.21115543,-1.4315146,0.31012245,positive,3
20120157,after,0.554219,1.0363847,1.0477466,1.3782003,0.14514466,-0.62357096,0.80865687,0.18041388,positive,4
20120312,after,-0.018318186,1.8969882,-0.54325702,-0.076916376,0.80721299,0.9749156,-1.3279687,0.67718885,positive,2
20120353,after,-0.1079109,1.7942537,0.22113251,0.18801894,0.39553942,-1.9154557,0.35702158,0.36443091,positive,2
20120375,after,-1.4137947,-1.0407454,1.3438103,-0.41990747,-1.0530287,-0.027179243,-0.36467627,-0.42618036,positive,3
20120398,after,-0.582659,0.53729461,-0.57202931,1.219258,-0.21752648,-0.64205344,-0.44641976,0.57011889,positive,4
20120567,after,-1.0008321,-2.0158588,1.3039763,0.93278334,-0.66007817,-0.62236812,-1.1931629,-0.74199255,positive,3
20120582,after,-0.67571092,-0.22787724,3.5817526,-0.74353037,1.3350629,0.58732714,3.3118568,-1.043813,positive,3
20120789,after,2.0168958,-2.3277656,-0.94433446,1.1126681,-2.8281287,1.049519,1.3713584,0.89786164,positive,1
20120837,after,-0.92184166,0.58061075,1.3379719,-0.6873443,-0.26840038,0.70717614,-0.93691467,-0.23090515,positive,3
20120955,after,0.79678834,-1.2701968,2.2078063,-1.6378173,0.19936516,-1.7739007,0.2537444,-2.2394601,positive,3
20120968,after,1.1041306,0.25720995,1.2825273,-0.012658175,-0.82720386,-1.0595347,0.27704913,0.21365121,positive,3
20121035,after,-0.56881679,0.18611619,1.9685906,0.79897509,-0.25341988,-1.9486245,0.37713603,-0.014908843,positive,3
20121042,after,-1.0142622,-0.25972238,-0.31806049,1.5384721,-0.66380008,0.21891651,-0.13658391,-0.66538867,positive,4
20121090,after,-0.45235534,1.2448221,0.66279581,0.76904502,0.043208995,-0.80756296,0.46212802,0.4821161,positive,2
20121150,after,2.2249692,0.67985613,2.092761,-1.988277,-0.34552667,-1.8223353,0.4439693,-1.4805981,positive,1
20121155,after,-0.34882041,-0.0091329427,1.3095186,-0.67050055,-0.76085773,-1.1399724,-1.5876255,0.091504542,positive,3
20121159,after,3.1560088,-1.3013881,-0.34000219,-0.95357592,-2.096065,-0.58546907,0.50372009,-0.069187804,positive,1
20130057,after,-1.2681733,0.99948803,0.58874182,1.617571,-0.12649475,0.22001284,0.44869326,1.3996299,positive,4
20130181,after,-0.97824283,-0.16875867,2.6877155,-1.9171668,-0.14924011,1.7711516,-2.370233,1.3161167,positive,3
20130201,after,1.0230595,1.3695621,0.76359992,1.9527145,-0.60199799,-2.0839423,0.48879574,1.2268945,positive,4
20130209,after,0.39198233,0.030568211,1.5299111,-0.41105492,0.57160592,-1.659248,0.2438393,-0.43655552,positive,3
20130211,after,0.50159439,2.5685431,-0.89103218,0.61094651,-0.27180162,0.1695557,-0.19944696,1.1108735,positive,2
20130277,after,0.61330667,1.0203446,1.4341542,0.35717546,-1.6158421,0.34440985,-0.7330079,0.099452908,positive,3
20130332,after,0.50097819,-2.0836596,0.078324449,2.8788275,-1.7942458,-0.8779382,-1.8479641,1.517857,positive,4
20130635,after,2.1555437,-1.9018045,-1.0891377,2.3242099,1.8349723,1.9403486,1.7605863,-0.64307863,positive,4
20130667,after,-1.3018717,-2.9640138,2.2235032,1.150387,-0.26205445,0.88185389,-1.0406719,-2.3045404,positive,3
20130687,after,0.47116633,-0.085460559,1.0581444,1.4450967,0.075406169,-1.9675252,0.031772068,-0.20752906,positive,4
20130790,after,0.46152642,2.0732785,-0.71116753,0.82447783,-0.54549638,-0.8547416,1.42166,0.1916837,positive,2
20130825,after,0.57367865,-0.68859511,2.3389438,0.81986695,-0.43926035,-0.47958565,0.25331475,1.5484939,positive,3
20130866,after,0.59345254,1.7108983,0.047027972,1.3813178,1.0346214,0.53992168,-0.81278962,-0.16330591,positive,2
20130929,after,-0.67587536,-1.394561,1.6336866,1.1614454,-1.1365757,-1.1783708,0.099806437,-1.389963,positive,3
20130952,after,4.1120014,-0.1557204,0.39269379,1.2331955,3.7900267,-0.11958626,1.2035993,-0.75828482,positive,1
20131001,after,-0.95051612,-1.2666725,1.6206588,0.33932094,0.9157255,0.73199193,1.0567896,0.69420321,positive,3
20131017,after,-0.1889236,-0.45776431,1.9897596,-1.5239485,-0.72466097,-0.4401142,-0.34232506,-0.56752963,positive,3
20131031,after,2.5715382,-1.9762345,-1.7431339,-0.59129912,-0.80255312,2.3535685,0.51067112,-0.34838319,positive,1
20131099,after,0.096604653,-0.25433556,0.13444562,1.2259473,-0.47099807,-0.097110285,0.26441203,0.58607236,positive,4
20131158,after,-0.080606305,2.4290497,0.30626967,3.1544173,-0.11473878,0.32222713,-0.20789042,-0.020550678,positive,4
20131163,after,-0.75987461,2.4589946,-0.91547629,1.0538828,-0.085446073,0.63285001,0.22253351,0.13811306,positive,2
20140012,after,0.035780313,0.83804849,0.55329817,1.2957714,0.064402723,-1.3021778,0.038291522,0.61219447,positive,4
20140052,after,-0.0036908087,-0.36091737,0.23862136,2.4617321,-1.0674314,0.39721981,0.29496844,1.6661226,positive,4
20140066,after,1.6130485,1.0981632,1.120799,-0.9394159,0.033107543,-0.12611451,0.00087999108,-0.48621952,positive,1
20140201,after,2.2293968,-0.19878997,0.7814781,-1.788838,0.48814086,-1.5648364,1.3937255,-1.2879764,positive,1
20140207,after,2.1181201,0.21775171,-1.19616,-1.0453581,-2.0472605,-0.80284177,0.22703771,0.62044332,positive,1
20140307,after,-0.14120588,-0.19784645,2.0311206,-0.21494515,-0.4223393,-0.47675442,-1.2161295,-0.1614366,positive,3
20140364,after,-1.3561434,-0.18737391,1.6523551,-1.2253254,-0.42337161,1.4228983,-1.4416095,-0.22885858,positive,3
20140500,after,2.4693454,1.0077186,3.2174283,-1.4475509,1.6365298,-1.0450977,1.6512165,-0.13275196,positive,3
20140532,after,-0.083227822,1.9007699,0.19542603,0.68573728,0.58837428,-0.99882878,-0.5467502,-0.015898927,positive,2
20140623,after,2.950297,0.36367964,-0.7441703,0.48797116,-0.44804445,0.097403027,-0.48939634,0.069075621,positive,1
20140668,after,-0.58660219,1.1739622,-0.33619651,-0.46598046,0.35935084,-0.84286653,-0.8023741,0.12811226,positive,2
20140766,after,2.0186524,0.38070904,1.3676451,-0.053005239,-0.20698197,-0.90064025,0.42889601,-0.31981763,positive,1
20140822,after,0.08743634,-0.054734554,0.21934316,1.4246182,-0.72870129,-0.99410956,-0.1171419,0.13835047,positive,4
20140830,after,2.4472555,0.11264634,0.109666,-1.355453,-1.9228643,0.33539739,2.4009208,-0.29053144,positive,1
20140873,after,0.40357451,0.42512943,-1.3816364,2.1962259,-0.074353222,0.59790854,-0.75384994,0.27811579,positive,4
20140918,after,-1.2123357,0.2922881,-0.22563266,1.4455147,-0.91908161,0.9573869,1.2981393,-0.079571935,positive,4
20140950,after,0.0027624489,1.1844142,0.24530157,0.69104549,0.23134428,1.1604339,-0.017311062,-0.18962323,positive,2
20140979,after,0.57738683,-0.37742275,3.3123362,-1.8223232,0.264965,0.40455006,-0.062044193,0.06414562,positive,3
20141039,after,-0.66152161,-1.5052907,1.3791362,0.5118491,-1.212552,-0.75893012,-0.3625738,-1.2352499,positive,3
20141045,after,-0.41084889,-1.5836056,1.2191464,4.0609232,-2.0474347,-0.68713049,0.22385929,-0.44078178,positive,4
20150024,after,0.7210874,2.6324424,-1.1385752,2.4752305,0.33473452,-0.035193429,0.12844044,0.90293484,positive,2
20150285,after,-1.3941613,0.69765469,1.7453532,-0.60330447,0.57755585,0.15134301,1.6548947,0.062718827,positive,3
20150377,after,0.58812899,1.0939345,-0.68687548,1.8832695,-1.6307299,1.5503433,0.33829509,1.080449,positive,4
20150445,after,0.34721854,0.83676192,1.4755927,1.6088923,0.32305029,-0.52104839,0.73855296,-0.22281526,positive,4
20150458,after,-0.7867764,0.3330974,2.3453052,-0.18582807,0.4179206,1.3218096,-0.19759738,1.133965,positive,3
20150482,after,-1.1594211,-1.7052304,0.48167839,1.5451435,0.087474295,0.31777393,0.30862032,-2.2934431,positive,4
20150515,after,3.0430343,1.6506719,1.3633401,4.6107483,2.8676347,-0.12428601,0.87377747,-0.084127381,positive,4
20150528,after,2.730519,-1.1800165,-1.1979121,-1.2236899,-2.1770034,-0.35177683,0.35339902,-1.1004548,positive,1
20150532,after,3.6200512,-1.6460914,-3.0327912,0.38209445,-2.4376919,1.2919496,-0.15173955,-1.7048198,positive,1
20150566,after,0.31816812,1.9895788,0.52684288,0.32772009,0.0072116551,-0.74114976,0.45550377,0.99198519,positive,2
20150628,after,1.8747334,-1.9444646,-0.077498325,-0.086288294,1.8483429,-0.38194867,0.31974885,-0.48192063,positive,1
20150699,after,2.2593532,0.32821922,3.262872,-0.38778737,1.0163941,0.46854584,-0.82093513,0.7377219,positive,3
20150746,after,2.1736457,-0.57980497,-0.76770496,1.3120901,-0.78130404,-0.24641173,1.1001176,0.5389458,positive,1
20150805,after,0.01517649,1.1934104,0.95192816,-0.56398589,0.47373243,-0.18025663,-0.22819217,0.36034113,positive,2
20150809,after,-0.20860586,2.1576098,1.8843895,0.0082818369,1.5376821,0.3604187,1.0661984,0.12040453,positive,2
20150827,after,3.026245,1.0293274,1.8183976,-0.60319572,1.6267201,0.17602212,2.3055504,-1.0012492,positive,1
20150843,after,1.7126017,-1.8801125,-1.7544833,4.0315426,0.92406685,2.2113646,0.0014604933,-4.0940806,positive,4
20150908,after,-0.63430767,1.614914,-0.68467326,0.33237148,0.51192261,1.4858575,-0.18623718,-0.79249123,positive,2
20150992,after,-0.2701395,0.11519414,-0.63885305,2.1936179,-0.72104026,0.842754,0.29652021,-0.56444389,positive,4
20151170,after,-0.73209342,0.72950999,0.81800496,2.8555205,-0.74435272,0.23287732,0.31153897,0.5364682,positive,4
20151175,after,-0.58404163,1.2982179,-0.48086506,3.1069286,-0.98744115,1.4230337,0.10454883,0.47095901,positive,4
20160030,after,1.4409008,-0.1387112,-0.86527846,0.089246085,-1.8927465,-0.023099582,-1.3699356,0.17710983,positive,1
20160330,after,-0.65453688,0.25628822,0.28314812,1.6844055,-0.56039988,-0.90222929,0.27522386,-0.24461309,positive,4
20160336,after,0.051824672,1.5281144,1.1397736,-0.52941463,0.54189903,-0.37037582,-0.12861341,1.2940322,positive,2
20160411,after,0.8045608,0.18053904,-0.80634234,2.4944826,0.0086726637,-1.0063789,0.096283039,-0.04411431,positive,4
20160443,after,-0.77973386,1.5965851,-0.89048693,0.78664322,-0.23398858,0.26195805,-0.43862312,0.20176537,positive,2
20160490,after,-0.08617935,1.7918846,1.3657816,-0.1382958,-1.0025902,0.66837467,-0.11114536,0.17118771,positive,2
20160599,after,-0.47972485,-0.35031858,0.88410407,1.8119354,-0.29922826,0.46733018,0.66900427,-0.78270456,positive,4
20160721,after,-0.5112117,0.14959127,1.299164,-0.57474027,-0.036768047,-0.77713834,-0.69486357,0.99461744,positive,3
20160729,after,-0.47255961,0.1324502,1.3864721,0.80437641,0.29226799,-1.2614818,0.51744886,-0.35083355,positive,3
20160735,after,1.0808445,1.2942341,0.36848916,-0.96443827,-1.8500363,0.4249124,-1.2775235,-0.471477,positive,2
20160980,after,-1.3832392,-0.10636367,-0.4061539,1.2141951,-0.25301002,-0.48414618,0.48961388,0.072549619,positive,4
20160994,after,1.4534728,-1.266148,0.19210603,-0.78930404,1.0932014,0.46174673,-1.04577,-0.90987343,positive,1
20161008,after,0.90441947,0.36366133,3.8199564,1.0835216,0.42165589,-1.1897022,1.2049582,0.45811592,positive,3
20161043,after,0.0094773197,-0.11307133,1.9530095,-1.3368218,-2.0451411,0.69839718,-0.4800021,0.94216012,positive,3
20161121,after,-1.02559,1.181302,-0.80660654,-0.12125888,-0.0030262039,-0.200644,-0.034083134,0.20942381,positive,2
20161180,after,0.2402673,-0.12885228,0.20182377,1.4273634,-1.1680468,-0.90945287,-0.075228759,-0.17166233,positive,4
20170049,after,1.5466333,0.070645271,-0.69678997,-1.0655699,-0.39408501,-2.3941631,-0.3488823,1.2504932,positive,1
20170082,after,-0.39370649,-0.61748655,1.8188359,-1.2256932,-0.58130943,-0.18720764,-1.4288664,-1.1745218,positive,3
20170135,after,-1.2413594,1.2516073,1.4942089,-0.14269543,0.49449318,0.43839694,0.37747926,0.12305098,positive,3
20170225,after,4.9637147,-2.8385893,-3.4272734,2.8270834,3.7245866,-1.2633792,-4.4374544,-1.0131014,positive,1
20170285,after,0.97404737,2.7126669,-0.26265015,1.8706992,1.3800658,1.7567324,-0.72039012,0.2642589,positive,2
20170319,after,0.7327584,1.932339,-0.59755764,0.80352203,1.6101969,1.0642847,0.92397997,-0.040322829,positive,2
20170432,after,-0.021572405,3.1633709,2.5174635,-2.0850704,1.8093237,0.60925451,2.7590577,1.7015323,positive,2
20170520,after,1.5950259,1.1014206,1.5544464,1.6131139,-1.1116564,-1.5937283,0.67291276,-0.85029397,positive,4
20170548,after,1.069875,1.956552,0.76147227,-1.371696,-0.23390768,-0.74868436,-0.61406605,1.65437,positive,2
20170575,after,0.34458743,-0.071680054,0.68278399,1.6699272,0.08245819,-1.1273249,-0.82294873,-0.30154848,positive,4
20170596,after,-0.6352947,1.1483435,0.84731236,-1.0652477,0.62857383,-0.76299776,-0.85130354,-0.22493504,positive,2
20170673,after,-1.008436,-0.43141802,4.3099168,-1.3405666,-1.4307536,3.3345678,-1.2573494,1.7105704,positive,3
20170717,after,-0.89084236,1.0650092,1.4470511,-0.70680716,-0.25464344,1.1393587,-0.0680304,-2.1274509,positive,3
20170749,after,-0.86482889,-1.5431908,0.60620472,1.4435311,0.7638105,-0.1928562,-1.4520326,-0.29846021,positive,4
20170794,after,2.264271,-0.64186029,0.92847165,1.1265507,-2.3118507,0.036902939,1.4074025,-0.87805272,positive,1
20170843,after,-0.42248939,0.36959005,0.71640751,2.5847226,-0.63582509,0.54401098,0.96093626,0.10275107,positive,4
20170881,after,1.2568566,1.0584062,0.42048897,1.7656344,0.42525776,0.94208575,-0.51408249,0.14841427,positive,4
20170899,after,1.480696,0.38866318,-0.54250848,0.40356908,0.20548879,-2.3979827,-1.4163561,-0.98607536,positive,1
20171155,after,-1.4211695,-2.240823,1.1963514,3.3567879,-1.5837409,0.38364099,0.61831567,-1.1604205,positive,4
20171189,after,-1.1599723,-2.4869253,0.45942003,1.7809276,-1.2901626,-1.0429697,-0.28502315,-1.9889592,positive,4
20171190,after,0.50160005,-0.38778334,1.1088468,1.9166195,-0.58495441,-0.044886896,-0.050239225,1.4668621,positive,4
20180099,after,-0.58751855,0.11433324,3.7475212,-2.4162119,-0.82780015,3.160805,-1.6929213,3.4447953,positive,3
20180129,after,2.4576288,-0.91230656,0.29720905,-0.99388923,-1.0284271,-0.26632764,2.1322552,1.6089002,positive,1
20180178,after,0.3458221,0.89310449,-0.91803775,1.8940515,0.55388945,0.0037650812,0.37305741,0.22422407,positive,4
20180196,after,-0.83515424,0.68541101,1.1825381,1.3531981,-0.12097558,-0.29803738,0.37316508,0.90151945,positive,4
20180438,after,1.7667328,-0.45437542,0.066812263,0.26743436,0.5929568,-1.8159063,0.50926422,-0.85300316,positive,1
20180548,after,-0.52949735,-1.994404,1.6818875,1.7629251,-0.22715645,0.17905043,0.48635068,0.49427205,positive,4
20180558,after,-1.1122701,-1.8443026,0.64153727,3.6400388,-1.7282167,0.91906091,-0.006019031,-1.3249392,positive,4
20180563,after,0.57065377,1.7990149,0.38135033,1.4116669,0.99786541,-0.39041402,-0.36746433,0.82848506,positive,2
20180578,after,-0.25565169,1.3658929,-1.3426511,0.3303129,1.2049515,0.23053527,0.36706641,0.42289512,positive,2
20180602,after,0.31017953,-0.13995795,2.7470977,1.3552114,-0.2398402,-2.625856,-0.64168141,-0.99672246,positive,3
20180608,after,1.582995,-0.14724217,-0.057500985,0.39980754,-0.99960865,0.40818374,1.2505863,-0.95308492,positive,1
20180628,after,2.000661,-0.30966222,1.6899455,0.86335693,-1.20292,0.19335534,1.6391054,-0.48421151,positive,1
20180654,after,3.3555735,0.28426858,-0.42693672,-1.703039,-1.7737466,0.9683296,-1.0652313,0.39233027,positive,1
20180725,after,-1.1963873,1.249345,1.1864497,1.1049033,0.70696872,-0.28780623,0.99354079,0.79968503,positive,2
20180849,after,1.6737336,1.0674898,0.16726266,2.9301339,0.29557441,0.18381682,-0.9792522,0.8154417,positive,4
20180891,after,-0.84949167,0.20218799,-0.6327627,1.5085681,-1.0822919,1.1062731,-0.63280829,0.29557441,positive,4
20180910,after,1.3453252,0.85651127,1.2102765,1.3290727,0.33347995,0.43496451,-0.61577432,-0.11540755,positive,1
20181068,after,-0.7531382,-1.7214151,0.074016455,2.4884196,-1.4159865,0.014202404,-0.4039405,-1.3218188,positive,4
20181089,after,-0.97858409,1.3236733,-1.2580174,0.24006948,0.13565207,0.82721752,0.15539478,-0.0083827142,positive,2
20181128,after,-0.45989599,1.5883737,-0.65081079,1.3512508,-1.0172061,0.098462928,-0.41624898,-0.16933797,positive,2
20190008,after,1.5984027,-0.26567026,2.3903744,-0.96520198,0.91454201,-1.2969353,0.80859484,-1.7114918,positive,3
20190012,after,0.12796376,1.1340729,-0.029151052,-0.95892403,0.078824073,-0.85905809,0.21855574,0.87311643,positive,2
20190014,after,-1.3007918,-0.34028916,1.0744708,1.6539384,-0.18268009,-0.45865287,-0.089014088,-0.2094463,positive,4
20190094,after,0.35896405,-1.2385651,-1.2230724,2.7855459,0.088498014,-0.6082864,-0.42295403,-1.6271548,positive,4
20190096,after,-0.68400803,-0.065675393,0.66309953,1.6547244,-0.19541315,-0.88832729,1.2410174,-0.23345092,positive,4
20190122,after,0.088194981,-0.62780978,0.53238993,1.4867756,-1.2086454,-1.9396346,-0.056473451,-1.0255192,positive,4
20190156,after,-0.14225984,0.14441075,1.7052078,0.91673851,-0.26976729,1.1329909,-1.3750022,0.22159383,positive,3
20190325,after,1.674778,-1.5145725,-1.7111415,0.034921737,0.64855891,-1.5307064,-0.64418531,-0.72398915,positive,1
20190490,after,0.34452564,4.3814018,0.77985133,1.0297784,0.43248799,-2.0043034,0.63537466,1.7031013,positive,2
20190492,after,-0.3589377,1.6360696,-0.51035244,0.42814521,0.18539963,0.054198796,-0.49020618,0.64291099,positive,2
20190503,after,1.303594,-1.082902,0.016373713,-0.0054015163,-0.13528715,-1.0161472,-0.24426144,1.213508,positive,1
20190580,after,0.14637269,-0.61932828,1.3346157,0.1634724,0.34765738,-1.3597318,1.0715248,0.6045179,positive,3
20190605,after,1.5077642,1.4255983,1.0973079,0.093810119,-0.8591803,-0.32691719,0.44731145,-0.10264352,positive,1
20190626,after,0.13498831,0.56236043,1.4359024,2.3736772,-0.38822075,-1.7737904,0.11705043,-0.18548617,positive,4
20190639,after,2.6265565,-0.78984056,1.9650128,0.60330111,-2.3221837,-2.1046748,1.6887421,0.64010323,positive,1
20190661,after,1.2448518,1.7123482,3.7946776,-2.0388281,0.87623335,1.6688044,0.2600534,1.0467699,positive,3
20190674,after,1.8534302,2.203025,1.9184049,1.5466453,0.70609833,-0.42743117,1.3587767,0.43674864,positive,2
20190695,after,-0.73595453,0.8780501,1.2658844,2.0047378,0.36769769,1.2312051,0.97258588,-1.6531635,positive,4
20190716,after,-0.0046109031,-0.17492692,2.4942449,0.23138001,0.055584106,1.5704449,-0.87732457,0.7493423,positive,3
20190725,after,0.45782327,2.7053122,-0.28451219,1.4667253,0.62985236,1.7418765,-1.4270927,1.1209454,positive,2
20190742,after,1.385857,0.73193613,-0.12334874,0.045180953,0.56684393,-1.1331486,-0.050482859,0.39331653,positive,1
20190844,after,1.6118044,-0.84905736,2.1954901,-0.57142125,1.0369432,-1.2378413,0.21362053,-3.002727,positive,3
20190853,after,-0.24995432,0.76068488,0.24387759,1.6648971,-0.016446898,0.97757945,-0.81030864,-0.78598554,positive,4
20190857,after,-0.73247742,1.4645045,-1.4417363,0.9804373,0.096525056,0.99631792,0.38084536,0.74107295,positive,2
20190870,after,1.8949713,0.46663032,-0.73887165,-1.0171198,-1.9315544,-1.1962804,-0.76525981,0.090271263,positive,1
20190879,after,1.936728,-0.34403613,0.050796752,-0.73896222,-0.84772209,0.28157369,-0.083472875,-0.036947667,positive,1
20191010,after,0.70173144,-1.8712712,0.051338149,1.4042517,-0.39844235,-0.93427282,0.73282696,-1.7678564,positive,4
20191014,after,2.5304292,-2.1714681,-0.45596706,0.04200676,-0.33199635,-1.9011821,-0.75819803,0.71033762,positive,1
20191015,after,-1.2194561,0.052274424,1.2954277,-1.0645913,-0.46974334,1.0991354,-1.1183917,0.57176046,positive,3
20191039,after,0.13840484,0.14353903,1.80493,0.26480842,-0.73808011,-0.80707994,-0.0015980813,-0.93178347,positive,3
20191087,after,1.1654959,0.70215628,1.4656322,0.2494578,0.02181615,0.75340305,1.4325757,-0.094667134,positive,3
20200759,after,0.025453084,1.3444274,-0.92762672,1.0865105,0.46813875,1.224,-0.28658696,-0.6813747,positive,2
20200994,after,1.8670474,-0.080780807,1.1522894,0.88053192,0.31039812,0.087514837,1.0927314,0.48068075,positive,1
20201245,after,1.5115793,-0.54720126,-1.7844106,-0.051733181,-2.6514501,-0.054630874,1.0615695,-0.41669077,positive,1
20202023,after,1.3963423,-1.1026789,1.1494961,0.74379285,-1.262718,-0.80470841,1.2314764,0.75798143,positive,1
20202177,after,-1.0338584,-2.2545697,1.3522731,3.6526267,-1.183794,-0.63569275,0.0098759335,-0.66266171,positive,4
20202365,after,1.4495422,-0.96079307,-0.26007277,-1.2064202,-1.760007,-0.81848809,0.024125322,1.196893,positive,1
20203373,after,1.8132014,0.19689253,-1.2765812,1.3851902,1.0231915,0.68982725,0.56896474,-0.95776105,positive,1
20203983,after,-1.4258112,2.8536365,3.6648116,-3.4864032,-0.47265506,2.8209723,-2.6033901,0.92193043,positive,3
20204655,after,3.1255643,-0.52469682,-1.2692229,-0.73266785,0.42403813,0.18299291,3.0246843,0.35735925,positive,1
20204833,after,0.18881599,2.9359515,0.50403274,-0.25692906,-0.059359377,-2.5303814,0.77243295,0.30290643,positive,2
20205052,after,1.025301,2.028199,1.12532,1.1045986,0.38382933,-0.58164821,0.42164389,0.130974,positive,2
20206010,after,1.3254739,0.66129697,-0.038845032,0.26002353,-0.27845471,-2.0959313,0.58653099,1.2348677,positive,1
20206591,after,1.4588174,-0.78499238,3.5009635,-0.20459992,1.9077672,0.13268073,0.75174967,-0.93956977,positive,3
20207514,after,0.18453156,-0.17257176,2.4523051,1.1784201,-0.15249764,-1.3966961,0.20979825,-0.70830362,positive,3
20207711,after,-0.36415014,0.79840064,1.351199,-0.66408555,-0.42737697,1.0486952,-0.13813082,0.52450945,positive,3
20207822,after,1.4866958,-0.48105768,-0.33957985,0.51362879,-0.37534438,-1.4080941,-0.17590843,-0.54271609,positive,1
20208066,after,2.330924,2.6969436,1.5404585,1.3452093,0.61238101,-0.47395554,-1.4076005,-0.69646688,positive,2
20209135,after,1.4236258,-0.0060249504,0.35664376,-0.45585948,1.0501618,-0.82997569,-0.25640122,0.0054199529,positive,1
20209489,after,-0.54711313,0.74128547,1.6733758,-0.74074131,-0.31712002,-0.13375494,-2.2714969,1.0676689,positive,3
20209676,after,0.66104097,-0.31147894,0.2240741,1.327708,-0.8308677,-1.4051582,-0.70339342,-0.3820135,positive,4
20210007,after,-0.48330541,-0.35699351,0.61999797,1.587326,0.10243858,-0.87322889,0.14510991,-0.64042988,positive,4
19790135,after,1.3671397,-0.022996218,-0.26155826,-1.4783519,-1.2507747,-1.3647907,0.77512291,-0.27730374,negative,4
19790140,after,-1.279079,-3.4124764,0.65404641,0.80384739,-0.0053830366,1.1590546,0.69282135,-1.5328742,negative,2
19790178,after,0.1313401,-0.057370874,-1.6357384,0.80666972,0.13173074,0.0089367803,-0.16300499,-1.4267267,negative,3
19790194,after,-0.16511131,0.94766262,-1.4389877,0.081201464,0.45995587,-0.20182577,0.34048449,0.061747646,negative,3
19790300,after,-0.39771837,-0.23201715,-1.327665,-0.23438175,0.59611626,-1.1727666,-0.0016737296,-0.42662854,negative,3
19790385,after,-1.3974894,0.63321683,-0.43371408,-0.51381215,0.44744768,0.66957061,0.49405545,0.6762845,negative,1
19790394,after,-1.3959652,-0.038140843,0.6318637,-1.4853136,-0.083182607,0.74196415,-0.028608981,0.37282382,negative,4
19790535,after,2.0129121,1.0905373,0.92950325,-2.3045697,0.24937817,0.5094838,0.077958549,-0.39827695,negative,4
19790550,after,-0.21302106,-1.5582805,-0.50471092,-0.368894,0.29296217,-0.7411771,1.0917806,-0.24549523,negative,2
19790585,after,2.8883155,0.84621237,0.57336369,-1.6779675,-0.047665399,2.1658243,1.3761134,-0.96997825,negative,4
19790613,after,0.86691842,-0.91382888,-1.0661349,-1.1435483,-0.98897231,-0.41663145,0.087077313,0.16759859,negative,4
19790664,after,-1.2558465,-1.6736667,0.33649617,0.50404772,0.79687677,0.27229054,-0.30121971,-0.63996838,negative,2
19790802,after,0.22699341,1.199857,2.4279732,-1.8027507,-0.0012764152,-0.67784951,0.80590939,1.5445121,negative,4
19790820,after,1.1666384,-1.9142625,-1.1129712,-1.0352279,1.3822075,0.8290649,0.78061651,-1.7994198,negative,2
19790958,after,-0.86340221,-0.39070129,-1.4581596,-0.04657336,-0.34856208,1.4215676,0.35219598,-0.7770379,negative,3
19791011,after,-0.30172222,-0.16642768,-1.2624075,-0.46534206,0.67081275,0.10632661,0.81857878,-0.67168291,negative,3
19791091,after,-1.5108258,-0.2889189,0.91620341,-0.76889216,-0.40260852,-0.37957671,-0.18202847,-0.037107935,negative,1
19791146,after,-0.50966449,0.13986359,-1.2498933,-0.30370396,0.74556404,-0.46680587,0.74299273,-0.3908892,negative,3
19800021,after,0.39287554,0.46413758,-1.8751348,0.14413722,0.93435079,-0.34627843,-0.013781836,0.049458709,negative,3
19800068,after,0.57308672,0.49962016,-1.5867658,0.14574884,1.4658051,-0.98258518,0.15760204,-0.77098105,negative,3
19800155,after,-0.50893021,0.5345007,-1.1834273,-0.62552587,0.73065304,-0.4389672,-0.37185837,0.074598384,negative,3
19800184,after,0.029537354,0.71432888,-0.16217987,-1.0537524,-0.17397482,0.26904899,0.37819957,-0.55768158,negative,4
19800204,after,0.04141541,1.3441035,-1.580636,0.17812611,1.4320975,-0.74739908,0.90544977,0.045565588,negative,3
19800232,after,-1.8855305,-0.69240889,-0.28356728,0.18575606,-0.62390901,0.8699416,2.9582547,1.9150517,negative,1
19800256,after,2.3460001,-1.3127417,-0.96802545,-0.43997534,0.71074087,-1.2884292,-0.070583599,-0.025030292,negative,2
19800401,after,-0.56152069,-1.8326899,-0.023957568,-0.50190054,2.7389115,-0.30767799,-0.91700818,0.8360124,negative,2
19800440,after,1.3496377,0.52722392,1.3482455,-1.6413809,-1.0024326,0.98143941,-0.14307958,1.270565,negative,4
19800550,after,-0.93985532,0.15376292,2.0707684,-1.0778351,0.087617222,0.29640561,0.014961826,-0.30889463,negative,4
19800636,after,-0.49622635,-0.12466285,-0.15427288,-1.1458815,-0.59941533,-0.5930749,0.18545265,0.3386649,negative,4
19800695,after,1.159461,-1.5490613,-1.5664214,-0.016605033,0.57666023,-1.0488721,-0.38278527,-0.48324378,negative,3
19800759,after,-1.2357009,-0.25401682,0.28590222,0.81857778,0.16534756,0.9268017,0.49152253,-0.27470198,negative,1
19800948,after,-0.4768547,-1.5372992,1.0895575,1.1520082,0.11098811,-1.1227238,0.9572699,-0.21919106,negative,2
19800961,after,-0.49327787,-0.74215488,-1.5721154,1.295226,-0.31634639,0.1501871,0.98695427,-0.13085426,negative,3
19801067,after,-0.79247397,0.38507536,-1.5474124,-0.78350993,0.27898049,-0.10303507,0.32654588,-0.33130253,negative,3
19801135,after,-0.93582627,0.49851059,-1.3305325,-0.56704668,-0.13176012,-0.31786,0.24576326,0.067259247,negative,3
19810023,after,-1.2373594,-0.14851574,-0.24072788,-0.45686021,-0.66044707,-0.1076578,-0.62146741,-0.4632339,negative,1
19810093,after,-0.6341574,-0.024294579,-1.2508057,-0.22721522,0.85152492,0.088496577,0.13935101,-0.62315365,negative,3
19810096,after,2.0451916,-1.7237735,-2.4209411,-0.40853723,-2.0621709,-0.42005557,1.3407848,1.0639947,negative,3
19810109,after,-1.1258187,0.55714072,-1.0322648,-0.38506534,-0.17481318,-0.3187254,-0.53647368,0.056253762,negative,1
19810142,after,0.82050794,-1.2655944,-1.848877,0.072578977,0.32019355,0.035507637,1.4833336,4.3603278,negative,3
19810179,after,0.52264607,-0.55024144,2.0515296,-1.1128933,1.2340705,0.15856488,0.013708308,-0.63747674,negative,4
19810196,after,-0.28498192,-0.85515748,0.80699496,-1.0530693,-0.0056745631,0.42790578,0.57157209,1.5985812,negative,4
19810241,after,0.10788094,-0.18596002,-1.7105778,-0.98142144,0.7297807,0.98271714,-0.032232274,-1.0246737,negative,3
19810292,after,-1.2180467,0.36718107,-0.28443362,-0.58836295,-0.21055815,-0.33923618,-0.64744715,-0.27645852,negative,1
19810388,after,0.10452202,0.51689651,1.9911402,-1.9807265,0.19872687,0.2417026,1.1917919,-0.21760509,negative,4
19810394,after,1.0550301,0.13968355,0.36076599,-1.453546,-0.88543004,0.3791485,-0.18110599,0.14769145,negative,4
19810519,after,0.11848652,0.12366036,-0.59402871,-1.1111022,-0.9565765,-0.54389378,-0.67479594,-0.24099551,negative,4
19810626,after,1.9773098,0.31035692,1.0222349,-1.7123541,-1.6835703,-0.90067313,0.04392296,0.048967551,negative,4
19810712,after,-1.1286402,0.69735335,-0.011619763,-0.41266518,-0.049230574,0.29177874,0.32312947,0.4342655,negative,1
19810733,after,0.30952402,1.9667687,2.543504,-1.0549571,-0.73441689,0.91581996,-0.88146857,0.96763275,negative,4
19810790,after,-1.4358591,-1.2338704,4.1115379,-1.7315548,-1.7294024,2.3020957,-0.94265039,-0.87973948,negative,4
19810854,after,-1.1997891,0.011183464,-0.072656732,0.6046189,-0.77862231,0.70475833,0.36150061,0.41619196,negative,1
19810858,after,-1.1384223,0.5045442,-0.83305767,-0.73840757,-0.054117671,-0.070475265,-0.26180033,0.45923864,negative,1
19811035,after,-1.5211433,-1.2364248,1.3616506,0.043640141,-0.0031532112,0.036276503,-0.3812572,-0.76764574,negative,1
19811036,after,-0.93201123,0.43592919,-1.3000482,-0.53886533,0.29066774,0.14026456,-0.64698229,-0.67219426,negative,3
19811066,after,-0.091326954,-0.25558028,-1.5367956,-0.87632143,-0.64435479,0.028023682,0.36425649,-0.44861436,negative,3
19811097,after,2.3025215,-2.2443445,-1.3819211,1.3059203,2.5149451,0.52573172,2.7477576,0.91091297,negative,2
19811128,after,-1.1368706,-0.10554109,-1.0499959,-0.31484663,1.5099119,1.8124414,-0.89477237,-0.0067703854,negative,1
19811187,after,2.0043141,-1.7144352,-1.7704433,2.7061296,1.5338655,0.44434831,0.39410815,-1.1972264,negative,3
19820005,after,0.042754166,0.35170893,-1.2926916,-0.14889676,0.72675338,-0.090405333,-0.099753554,-0.30317301,negative,3
19820026,after,0.28198727,0.22292985,-1.2242499,-0.82738889,-0.40267408,-0.40437391,-0.26782817,-0.64687233,negative,3
19820038,after,-0.50384194,-0.71150714,1.220224,-1.3911837,1.93627,3.4833977,-0.66565018,-0.55755,negative,4
19820099,after,-1.7398191,-1.0088888,0.66345816,-0.23821178,1.5206526,0.5958733,-0.81115046,0.51671598,negative,1
19820130,after,0.5508758,-0.28793538,-2.3108238,0.30109004,1.5213801,0.37676615,1.3900979,-1.8792251,negative,3
19820143,after,0.821513,-0.21062392,-1.1933218,0.18995529,1.0071095,-0.43200991,0.61941296,-1.1419612,negative,3
19820253,after,0.72809329,-2.9080676,1.5276057,1.0836153,-1.1457601,-1.928319,-0.51806893,0.71546454,negative,2
19820256,after,0.42704751,-1.2194478,-0.97769105,-0.20217877,-0.93978674,-0.19844533,-0.26798392,1.2216142,negative,2
19820292,after,1.0735927,-2.7486184,-0.18748581,0.68074136,0.55002866,-0.6914432,-1.2236468,1.1656622,negative,2
19820426,after,0.67414158,-3.1667612,-0.16927007,-1.2017048,3.3389937,-0.07809272,-2.6552176,3.0177404,negative,2
19820453,after,-0.36557798,-1.1930996,1.003832,2.9745196,-0.87611599,-0.06115993,0.51861806,-0.4202598,negative,2
19820652,after,-0.21179282,0.081408386,1.1310323,-1.0539063,0.15038348,-0.8751954,-0.58749305,0.037837153,negative,4
19820676,after,-1.1996522,-0.030201107,0.61685216,-0.302783,-0.20865791,0.059492992,-0.24091057,-0.91424524,negative,1
19820677,after,0.72906551,-0.88096712,-1.653887,0.18024427,-0.70040247,-0.1699699,0.60790159,-0.11385408,negative,3
19820712,after,1.5286486,1.647957,2.2462463,-1.9390306,-0.97771047,3.5941336,-0.85775024,-1.9052776,negative,4
19820786,after,0.72549319,-1.3987892,1.2375074,0.19210486,1.0602458,0.39099717,1.9001539,2.1083439,negative,2
19820891,after,-0.40459458,-1.4044143,0.50652424,-1.2382274,0.27965657,1.2948308,-0.12770538,0.5209751,negative,2
19820928,after,-2.0724881,-0.22184198,1.0042823,0.61198677,0.19083861,1.0568221,2.4979757,0.95183713,negative,1
19820985,after,-0.57877574,1.1001804,-1.7249393,1.5708877,0.26633472,1.9069048,0.89385842,-0.64068987,negative,3
19821068,after,0.38594926,-0.64510086,-1.442996,-0.23815099,0.4528941,-0.2547201,0.2256044,-0.19299816,negative,3
19821079,after,0.85105205,-0.47301242,-0.53736436,-1.5344625,-0.791412,-0.69734084,-0.96330281,0.37706902,negative,4
19821085,after,-1.7895396,-1.4133498,0.027759566,2.1543779,-1.362821,-0.5875205,0.55719408,-1.2506052,negative,1
19821089,after,-1.0719279,0.51364339,-1.2635728,-0.52475384,0.33584576,-0.64635942,-0.00027394846,-0.12641078,negative,3
19821107,after,-1.2357576,0.15527227,-0.33496758,-0.76069842,0.028184935,-0.49324383,-0.47611145,-0.13576655,negative,1
19821108,after,0.066365346,3.2237145,-1.6593291,1.0382876,0.93738512,1.0426594,-0.09606275,0.84510877,negative,3
19821122,after,-1.5092911,-0.28795186,0.33227819,0.21617419,0.31080914,-0.53883049,0.22154886,-1.3729732,negative,1
19830149,after,-1.032546,1.1303876,-1.7322289,-0.21970862,-0.19027888,1.6294178,-0.2185497,0.39909365,negative,3
19830179,after,-1.1697678,0.063484639,0.10688021,-0.50558481,-0.17100104,0.39598294,0.38661437,-0.034744625,negative,1
19830185,after,-1.1798768,0.60840091,-0.99249668,-0.68925568,-0.015477076,-0.35516223,-0.4387311,-0.48112207,negative,1
19830202,after,1.0184856,-1.8577428,-2.024813,5.0067148,-0.27211945,1.5158185,0.5110934,-0.37117973,negative,3
19830293,after,-0.3564814,-0.83417683,-0.66749575,-1.1471653,0.25720647,-0.42493409,-0.26774161,2.3505382,negative,4
19830375,after,1.3341704,-0.45585247,-0.84526911,-1.1087374,-0.08472474,1.85192,1.8371427,-0.18340357,negative,4
19830505,after,1.0926974,-0.65432307,-1.3093017,-1.0904502,0.1522457,0.23140424,1.5208254,0.093256448,negative,3
19830540,after,0.26477876,-4.0648689,4.3658307,0.71527145,1.0792809,-1.4728882,0.05782003,-3.5612128,negative,2
19830575,after,1.6285302,-2.6176149,1.0604758,-0.74081707,3.3498999,-0.85050523,-0.57471993,-0.80376708,negative,2
19830581,after,0.63009348,0.35680052,-1.5832244,2.3370155,-0.73112204,0.76592992,-0.32432824,0.55541088,negative,3
19830754,after,-1.1674972,0.32103876,-0.8886653,0.66726511,-0.5833737,1.4546566,-0.71954798,-0.50027425,negative,1
19830845,after,-0.29925523,0.59953686,2.9886699,-1.6942369,-0.76793202,0.88324884,-0.90389452,1.595983,negative,4
19830908,after,-0.66388595,-1.1785044,0.088687686,0.32983322,0.27426814,0.046926773,-0.064061203,1.6683967,negative,2
19830915,after,-1.1451246,-0.20603132,-0.47212078,0.48886453,0.024534807,-0.093637307,-0.02368391,0.094680701,negative,1
19830982,after,-1.396035,-0.15666283,0.48586737,-0.1351028,-1.011691,-0.15011322,-0.70528902,0.51596758,negative,1
19831044,after,-0.40247013,0.25020237,-1.990715,-0.54838561,0.59911782,1.9224095,0.62598673,-0.17567708,negative,3
19831052,after,1.2414463,-1.3113141,-0.80694698,-0.52929084,-0.28458312,-0.12347875,-0.086968267,0.67602169,negative,2
19831099,after,-1.595927,-0.40216798,-0.22893654,-0.91211811,-1.5676496,0.36392711,0.34975689,-0.86232926,negative,1
19831117,after,-0.8892132,1.255004,-1.1933242,-0.45709162,0.37549686,-0.52383858,-0.11385332,0.1180453,negative,3
19831157,after,-1.5011787,-0.17384507,1.2627845,-0.99756725,-0.73862538,1.0753682,-0.70687067,-0.75189096,negative,1
19840010,after,-1.0960316,0.073278745,1.2159032,0.2946824,-0.2164049,0.65108423,0.58437422,-0.28145458,negative,1
19840054,after,-0.90384202,0.25861994,-1.1593047,-0.4727844,0.25284567,-0.30487205,0.079384912,-0.36646633,negative,3
19840073,after,-0.76211655,-1.4592572,0.45657536,0.32182701,-0.22138561,0.0013471483,0.61021757,-0.46406182,negative,2
19840098,after,1.9856981,0.10632993,-0.49727802,-2.8385515,-1.6436229,1.6801208,0.54508889,-1.2430609,negative,4
19840141,after,-0.70422418,1.2859665,-1.4263577,-0.59381704,1.072067,0.82193179,0.80106054,-0.23127536,negative,3
19840222,after,-0.22527315,-0.051590989,-1.1781773,-0.46222814,-0.31003424,-0.59236149,0.023742575,-0.33343962,negative,3
19840229,after,0.15112743,0.081500057,0.57760355,-1.3993173,0.80947402,-0.94946799,-1.0507914,0.66760497,negative,4
19840320,after,0.23489625,0.57977766,-1.7377529,0.95649666,-0.14858874,-0.32449234,0.38008374,0.8617659,negative,3
19840365,after,0.84276236,1.6816233,1.5349269,-1.1510712,0.97428003,-0.49969045,0.75704809,0.043283942,negative,4
19840402,after,-0.77147875,0.81696411,-1.2231248,-0.0033915057,-0.10360063,1.4247595,-0.51441499,0.0245098,negative,3
19840557,after,1.6612817,-2.6820346,1.0417841,0.75447535,1.7649825,-2.462764,-0.55636775,0.077879478,negative,2
19840820,after,-1.0976715,0.0079943535,-0.22039007,-0.35240649,0.93047736,0.070119674,1.1526367,0.6159069,negative,1
19840834,after,0.58106202,-2.3728256,-0.86910422,-0.96228723,0.28544903,0.012297151,1.8062804,0.52691952,negative,2
19840873,after,-1.7772618,-2.72684,1.0003887,1.6057284,-1.3796305,2.2211707,-0.073264823,0.62567749,negative,2
19840943,after,-0.15111717,0.86289028,0.63595966,-1.6365483,-0.47486485,0.35203823,-0.52422899,-0.69569353,negative,4
19840975,after,1.2906127,-0.71774889,1.5052487,-2.0666756,-1.4366764,-1.6459876,0.14061909,0.44138688,negative,4
19841013,after,0.2259992,3.2130442,-1.5995141,2.0060187,0.19928177,3.6993353,-0.85872647,1.3084063,negative,3
19841041,after,0.73492681,-1.593484,-1.0139681,-0.23377159,0.54383693,0.32693663,-0.59698365,1.7016679,negative,2
19841071,after,0.094960824,1.1107985,-1.1764987,0.85414666,0.62965759,0.90264865,-0.8813809,-0.71426178,negative,3
19841073,after,0.36453224,-0.6080897,-0.31149125,-1.0697733,-0.10608864,-0.72499318,-0.62334508,1.1931202,negative,4
19841077,after,0.54608964,1.8344155,-1.9509127,0.76094304,0.793251,-0.14385633,-0.058735203,1.3141438,negative,3
19850012,after,-1.1704673,-1.3458235,0.049420562,0.082861094,-0.58571321,-0.053511961,0.63213754,-0.26578929,negative,2
19850038,after,2.0691117,-1.4050339,-1.7198991,-0.4911841,2.4018268,-0.35604274,0.88377047,0.28073829,negative,3
19850045,after,-0.91716114,0.49943061,-1.2901588,-0.55853358,0.045629585,-0.1604094,-0.44184867,-0.35356954,negative,3
19850087,after,-0.1917056,-0.62568981,-1.2115406,-0.71858635,-0.35864391,-0.79090219,0.076367082,0.5712307,negative,3
19850130,after,-1.0484892,0.68815399,-1.6079583,-0.45474383,-0.22311656,1.1942822,-0.23007831,-0.42382072,negative,3
19850316,after,-0.26668455,0.36805067,1.9244105,-2.8680073,-1.3059842,1.789148,-1.1516444,0.9061276,negative,4
19850329,after,-0.75666475,-1.1936273,1.1767324,1.0736286,-0.43739836,0.21948849,-1.0637577,-0.32549185,negative,2
19850342,after,1.4979838,0.36038266,2.3936597,-1.0372064,0.67294131,-0.86871042,0.96593034,-0.5198412,negative,4
19850499,after,-1.1903642,0.31727534,-0.53976613,0.583668,-0.43972357,0.72773202,1.0076591,1.6678805,negative,1
19850560,after,0.10394514,-0.32144869,-0.45376745,-1.4193779,-0.26289706,-0.87330368,-1.0109275,0.19462503,negative,4
19850575,after,-1.41312,-0.33523379,0.20464832,0.1573365,-0.17630895,-0.59300292,-0.10812488,-1.0783693,negative,1
19850615,after,-0.40831438,-0.4807683,-0.54381369,-1.0266694,-0.15076974,-0.39829643,0.61947342,-0.49137241,negative,4
19850648,after,-1.2666729,-1.3980867,1.1137808,1.0693605,1.0866856,-0.75291288,0.74920302,-0.74820437,negative,2
19850703,after,-0.49992696,-1.3266507,0.33917816,0.11835439,-0.55812363,1.5487764,0.60330257,0.29019029,negative,2
19850710,after,-1.2079147,-0.52257998,-0.5031833,1.2439268,-0.73110657,0.94082545,-0.16654684,0.34008136,negative,1
19850738,after,-0.23484723,-1.7785418,0.53633744,1.9247527,-0.041182961,-0.80590718,1.1022094,2.7707284,negative,2
19850812,after,-1.1194375,0.17463518,-0.90394911,0.34751094,-0.50488076,0.37585553,0.48739816,0.98902882,negative,1
19850852,after,-0.19065693,-1.8058065,0.17584795,-0.45459481,-0.24845579,-1.1907258,-1.3943762,1.2011505,negative,2
19850905,after,-1.0883077,0.3419649,-0.82205225,-0.5149308,0.2251023,-0.49238825,-0.50368994,-0.0001264326,negative,1
19850923,after,-1.3721401,-0.7600419,0.057494704,0.1072471,0.46635254,0.59311044,1.2599158,0.84427993,negative,1
19851026,after,-1.3184257,-0.39525416,-0.053475289,-0.11453557,0.60359826,0.13894016,0.2764367,0.98917292,negative,1
19851086,after,-0.41086228,-0.37971748,-1.2462287,-0.55337612,0.49204137,-1.0275551,1.0078323,-0.16752185,negative,3
19860007,after,-0.064306612,-0.66360859,-1.6994466,-0.90699845,-0.10020929,0.32536058,-0.44243728,0.33838816,negative,3
19860056,after,-0.87847108,0.38343105,-1.1736563,-0.57799191,-0.07018936,-0.335977,-0.32731625,0.31063009,negative,3
19860073,after,-1.4391589,0.17636507,1.2887073,-0.41962177,-0.22677615,0.18759787,1.1978946,-0.44139182,negative,1
19860092,after,-0.9953736,-1.6789279,0.42846344,1.7707452,-1.0187933,-1.2374426,0.93425568,-1.3992911,negative,2
19860139,after,-1.1560656,0.62419201,-1.2457127,-0.64222601,0.011218889,-0.1847024,-0.25409558,0.45974336,negative,3
19860178,after,0.63859588,-1.2166198,-0.27110161,-1.0338546,0.99197955,0.56068581,-0.23118313,-0.11544002,negative,2
19860195,after,-0.37177258,-1.2622951,0.083607506,0.59713068,-0.50488545,-0.26016005,0.0090585698,-0.35664548,negative,2
19860295,after,1.2090851,0.90871602,0.86884859,-1.1702517,-0.78136441,0.60052212,-0.78535442,-0.91650061,negative,4
19860298,after,0.66651393,0.1732518,0.37177374,-1.1262174,0.68625877,-0.26193664,0.39124124,0.23814517,negative,4
19860306,after,0.48422161,-0.054619903,-1.8458021,0.74282798,-0.096439326,1.0832241,0.39527131,1.3469664,negative,3
19860384,after,-1.2385537,0.34997798,-0.12110585,0.70338245,0.12790483,-0.72280379,1.4652128,0.1769824,negative,1
19860409,after,3.0505037,0.4256158,2.6055716,-2.5252504,1.3679876,1.1456588,0.94639496,0.37556307,negative,4
19860410,after,0.29633667,-1.8062319,-0.4791733,-1.3107692,1.4146611,-0.2330668,-1.0399123,0.41264214,negative,2
19860482,after,-0.26080711,-2.0639892,-1.3195473,1.9778556,-0.041714988,3.0054466,-0.31676037,-1.567702,negative,2
19860513,after,3.4763688,-2.1051709,1.1425317,2.1564276,0.14990179,2.5627466,-1.9859049,0.87216035,negative,2
19860563,after,-0.22827629,-2.126293,0.75056519,1.2972785,-0.69312454,0.0040454589,1.0866714,0.21280316,negative,2
19860591,after,-1.1034708,0.57683116,0.57895033,-0.64321878,0.11152824,-0.091242425,0.48703309,0.82286058,negative,1
19860608,after,1.2904732,-2.7845546,-0.59369426,0.95353317,-1.9612535,-0.42668104,-2.3419011,1.9435072,negative,2
19860733,after,-0.33187165,-0.11755374,0.64627719,-1.6564077,-1.1859744,0.70009829,0.58469051,0.55696907,negative,4
19860771,after,-1.2724994,-0.76868579,1.4279907,0.95912226,0.3605887,0.14595415,0.5759405,-0.46602643,negative,1
19860853,after,2.377597,0.90939952,1.1276618,-1.0393012,0.93720957,2.4333241,0.25813603,0.94913487,negative,4
19860879,after,1.5760839,1.5462409,0.20551361,-1.4314879,0.023335656,-1.0906967,0.090809833,0.88867765,negative,4
19860913,after,0.46355557,0.34049882,-1.61373,0.76869339,0.21410788,1.1026467,0.42616027,0.38400093,negative,3
19860963,after,2.5918271,-1.5585272,-1.4815227,-0.96780267,-0.83299471,-0.35769867,2.0040616,-0.65407259,negative,2
19860973,after,-0.092361921,0.43121936,1.6740529,-1.3050147,-1.0248176,0.98975847,-0.59230369,-0.90421855,negative,4
19861027,after,-1.2707579,-0.53769678,-0.27075103,0.67520454,-0.82974015,0.46137373,-0.47073081,-0.86176104,negative,1
19861076,after,-0.73651184,0.038011536,1.2766512,-1.126315,-0.38333491,-0.63694657,-0.35189475,0.022061411,negative,4
19861086,after,-1.2305755,0.5410899,-0.12476401,0.858844,-0.082758364,0.30153575,-0.13142496,-0.58573536,negative,1
19861089,after,-1.3060537,-0.014099266,0.76922027,0.24681526,0.1186439,-0.080565644,1.0486749,0.16713959,negative,1
19861094,after,1.9095076,-0.16962288,0.39826053,-1.637464,-0.86057578,-0.10803305,0.89058487,-0.61642282,negative,4
19861098,after,-0.55741461,-0.090347668,-1.1766958,-0.10606067,-0.17495207,-0.055988001,-0.15267628,-0.51827479,negative,3
19870025,after,-0.38695992,-1.6423334,-0.72393098,-0.10714751,0.28341765,0.40674129,0.25398707,0.90952437,negative,2
19870031,after,-1.2102803,-0.064224845,-0.42279168,0.34243217,0.036414948,-0.079698727,-0.13668122,-0.50846657,negative,1
19870092,after,-0.59734092,-1.205291,0.019529116,1.0981006,-0.93130738,-0.52768186,0.48684104,-0.83183456,negative,2
19870150,after,-1.1365423,0.87079108,-0.66958627,-0.51083152,-0.077454044,0.041264692,-0.16808789,-0.055484582,negative,1
19870162,after,-0.54431659,-2.6599403,0.20526093,1.776262,-0.64075566,1.1180144,0.17323919,-1.8517919,negative,2
19870195,after,-1.1700567,0.34254849,0.16686108,-0.24833905,0.44628825,-0.44093555,0.45306534,0.14111787,negative,1
19870318,after,-1.2139545,0.21433219,-1.0940302,-0.87172483,-0.39562709,0.1983789,-0.43974019,-0.21917045,negative,1
19870323,after,-1.2170481,-0.29199259,2.5766701,-3.1073185,-0.95454313,2.3306506,-0.4960448,1.6853894,negative,4
19870495,after,1.3163289,0.17820643,2.1562071,-1.5334255,1.4357771,0.92996925,1.8785215,-1.1561102,negative,4
19870641,after,-1.7104475,-0.051746001,1.2931124,0.46478699,1.1438465,0.10866749,0.4754512,0.26322096,negative,1
19870656,after,1.2828924,0.11114616,-1.3279554,-0.37584465,1.2523189,1.0022362,1.1509399,-0.19184029,negative,3
19870701,after,-1.5559731,-0.85652029,0.82225197,0.20486231,0.90261355,-0.30362958,0.59169227,-0.75084723,negative,1
19870709,after,-0.90398268,-1.5900107,0.78959335,1.9599769,1.016587,1.0005856,0.49315149,1.7445997,negative,2
19870710,after,2.3421622,-1.8439794,-0.86066638,0.082121711,1.4345388,0.38038355,-0.42619095,0.59392828,negative,2
19870825,after,-1.3220861,-1.0414506,1.0772405,1.1716768,0.38417448,0.81614782,-0.49577794,-0.09425159,negative,1
19870884,after,0.14062292,0.25794328,-1.1491666,0.13236074,0.41523604,-0.50680523,-0.069863818,0.60717162,negative,3
19871054,after,0.29234247,-0.49724194,-1.8084967,-0.35431361,-0.4417683,-0.065468272,0.2242391,0.069128415,negative,3
19871082,after,-1.7254663,-2.609051,1.5838093,0.12320547,-0.43861963,-1.0355923,0.31273272,-0.1571057,negative,2
19871122,after,-0.076747627,-1.5584519,-0.92881169,-0.4365943,1.4594536,0.3984371,-0.37068533,1.67353,negative,2
19871173,after,-1.1235691,0.25507909,-1.7363476,-0.44661287,0.17254362,1.1051597,0.52969924,-0.82088397,negative,3
19880012,after,0.85611104,-1.2841134,-0.86477227,-0.0908597,-1.1226214,1.0660665,-0.90279187,-0.71694958,negative,2
19880021,after,-0.94468998,0.49699678,-1.3537912,-0.87014621,-0.055517292,0.22891615,-0.4190777,-0.094382676,negative,3
19880067,after,-1.2538464,-0.16830459,-0.66411673,0.23553469,0.35205747,-1.0165794,1.0615226,-0.10477481,negative,1
19880079,after,-0.5508117,0.54358877,-1.204814,-0.088277084,0.083511916,0.067380333,-0.56078222,-0.39026292,negative,3
19880163,after,-1.1790669,0.059086369,-0.53961367,-0.60812679,-0.10542285,-0.28151965,0.063967022,0.83426544,negative,1
19880167,after,-0.9733664,0.61318282,-1.189342,-0.52280701,-0.10304129,0.047218061,-0.3563217,0.20221459,negative,3
19880173,after,-0.029810099,-1.212122,0.22313889,0.10888298,-0.94990059,-0.31104136,-0.52118588,-0.26371564,negative,2
19880235,after,-0.73208837,0.62526792,-0.54703589,-2.0835807,0.23278198,-0.073954049,1.5355388,1.6618305,negative,4
19880302,after,-0.10760063,-0.64461953,-1.2714186,-1.0004864,0.069821037,-0.027309801,0.32109745,-0.54840541,negative,3
19880411,after,-1.1213365,-0.80166366,-0.38021732,-0.90480441,0.48031996,-0.45636828,-0.070978068,1.5786193,negative,1
19880434,after,0.24174645,-1.3548139,-1.0684057,-0.56515863,-0.27923114,0.31218408,0.044765471,1.1630113,negative,2
19880513,after,-1.3944887,0.20756528,1.6274459,0.015077885,0.38856508,-0.52600998,0.99236668,-0.59176948,negative,1
19880698,after,-0.32367852,-1.3521852,1.0900841,2.3733529,-0.43566295,1.367662,0.47126726,-1.1716904,negative,2
19880964,after,2.6051548,-0.75397319,-0.28544221,-1.3461136,1.8593087,-0.71788838,2.3983451,-0.68326346,negative,4
19880984,after,-0.17076537,-1.2090486,0.40796585,-0.48362812,-0.2244913,0.76760505,-0.85232478,0.23994046,negative,2
19881012,after,-1.6606635,-0.24984305,-0.17367067,-0.2969567,-0.39887857,0.36637401,3.3141018,1.0638081,negative,1
19881033,after,-1.1064439,0.88658916,4.8240152,-3.4581767,-0.71877548,1.5777122,-2.0260917,-0.1482626,negative,4
19881039,after,1.6110699,-1.4720119,-0.6192468,-0.72202729,1.2823978,-0.91015164,1.199092,-1.3606179,negative,2
19881046,after,-0.39927326,-1.3856775,0.28797873,0.63842307,0.40351718,-1.3137581,-0.32799836,0.19557703,negative,2
19881062,after,0.24339399,-3.4153173,-1.5221945,1.2564545,-0.11763026,-0.4014343,0.38009396,3.9146071,negative,2
19881132,after,-0.19817303,-1.3106438,-0.32607189,0.70180122,-1.1832491,-0.48402066,-0.25149468,-0.78985225,negative,2
19890023,after,-0.036180742,0.11686902,-1.6907527,0.020068196,1.112153,-1.5138325,1.3231517,-0.017508453,negative,3
19890032,after,-0.81664874,1.0395724,-1.1697286,0.095526909,-0.32457858,0.67435356,-0.51008153,0.04336057,negative,3
19890066,after,-0.34231032,0.39393708,-1.7236036,-0.54681999,0.71594865,-0.18781215,0.097617593,-0.29794016,negative,3
19890100,after,-0.85032362,0.18807167,-1.3062742,-0.49519146,0.042245808,-0.36548933,-0.15390386,-0.30857804,negative,3
19890139,after,-0.34268643,0.94417479,-1.6696472,0.54887324,0.44895053,0.14206617,0.69852061,-0.11317521,negative,3
19890178,after,-0.85904622,0.51324323,-1.4300651,0.10568928,-0.50943109,0.2801445,-0.33794951,0.85072213,negative,3
19890180,after,-0.57663493,0.2705975,-1.3064348,-0.44821467,0.52580514,-0.3924053,-0.079398982,-0.63945759,negative,3
19890206,after,0.17568527,-1.3375854,0.59916656,0.32209951,-0.020475154,0.037640449,-0.47339735,0.22189244,negative,2
19890269,after,-0.11419001,-0.88154749,0.65795388,-2.2669922,-0.22792002,1.3090324,0.16379011,-0.11834355,negative,4
19890330,after,-1.1658902,-0.23347096,0.011275693,-0.14725443,-0.15884276,0.32456955,1.1457966,-0.48532421,negative,1
19890340,after,-0.082674936,-0.20285014,-1.4846109,-0.59603586,-0.079020748,-0.18313227,-0.05734282,-0.53074064,negative,3
19890398,after,-1.1319507,0.47109944,2.0715438,-1.3310118,0.38817376,0.43531751,0.91332114,1.0051065,negative,4
19890441,after,-1.671143,0.35206777,-0.031199179,0.3155424,-0.46593985,0.47011563,-0.19625317,0.44698686,negative,1
19890559,after,-1.2166833,-0.13412414,-0.71306454,-0.50185609,-0.076434866,-0.17515275,0.14557604,1.1986161,negative,1
19890594,after,0.2365856,-0.37369905,0.47505843,-1.5545654,0.53383016,1.5826982,0.6602597,-0.56297834,negative,4
19890904,after,0.80938772,1.1090608,-2.0758866,-0.077487626,-0.38506107,3.0427883,-1.432137,-0.86788412,negative,3
19890963,after,-1.094987,-0.10532929,0.36957556,0.14249564,1.0976799,-0.16458596,1.4620356,-0.82381944,negative,1
19891001,after,-0.073315982,-0.28328041,-1.4031301,-0.33919855,0.41270833,-0.40732902,-1.0891932,-0.07950056,negative,3
19891063,after,-0.01674244,0.34297195,-1.172519,-1.1060454,-0.039445683,0.79940433,0.86664662,1.0569599,negative,3
19891075,after,-1.1888348,-0.098603934,0.099356835,8.434971e-05,-0.14756771,-0.98398256,0.086016876,-0.2277754,negative,1
19891107,after,-1.220201,0.47285116,-0.96929375,-0.59426794,-0.4541404,0.069665508,-0.44160556,0.41468789,negative,1
19891122,after,-0.63062431,-0.027668897,0.13944139,-1.0630869,-0.29889405,-0.71232503,-0.6865625,-0.19800522,negative,4
19891130,after,0.75302083,-1.0865244,-1.7567889,-0.97731513,1.2792898,-0.48605728,-0.25493441,-0.67825252,negative,3
19900032,after,-0.58884716,0.98462059,-1.6831275,0.11141379,0.75836133,0.8592402,0.39936525,-0.3142436,negative,3
19900067,after,-0.73127041,-0.17814852,-1.3004844,-0.47561174,0.24718368,-0.39574871,-0.1939052,0.097763697,negative,3
19900112,after,-0.79122325,0.36999231,-1.2873232,-0.6070918,0.68592681,-0.25679562,0.38541287,-0.99617948,negative,3
19900228,after,-1.5427542,-2.5926576,1.140417,1.4428099,-1.776346,0.74319267,-0.25426678,-0.51359834,negative,2
19900231,after,-0.20995974,-0.049276725,0.40812801,-1.5051357,0.83318021,0.22692647,0.62004727,-0.97645588,negative,4
19900247,after,-0.77231108,-0.053944015,0.83414151,-1.5145095,-0.5968041,0.10375478,1.0555884,0.70594806,negative,4
19900390,after,0.73414178,-1.5032042,-0.24113781,-0.11116366,0.42092343,1.237094,-0.1087528,-1.4302682,negative,2
19900423,after,1.5025434,0.54489235,-0.52658889,-1.1997883,-0.56126644,-0.30132686,-0.50943096,0.38658474,negative,4
19900437,after,0.055240555,-1.1286841,-0.66853674,-1.239761,-0.36091312,-0.061678222,1.2749345,0.047949313,negative,4
19900541,after,-1.1750161,0.51395043,-0.76519371,-0.33959326,-0.51039729,-0.2391955,-0.33746223,0.342226,negative,1
19900557,after,-2.212986,-0.90395336,1.7456992,0.84173639,0.16348242,0.13710218,2.1297756,-2.0895371,negative,1
19900579,after,-1.3278647,-2.363738,0.1617369,1.385325,-1.4823893,-0.31935804,1.0533834,0.35776571,negative,2
19900742,after,2.0359482,-1.7777913,-0.29782162,-1.7261621,0.47044945,1.4344225,2.8204403,-0.65062155,negative,2
19901130,after,0.0085031158,-1.7849715,0.047004399,1.535443,-0.12165292,0.10653919,-0.8143744,2.3764238,negative,2
19901136,after,-1.2726276,0.3528923,0.18783858,-0.32914536,-0.30173747,0.18618943,-0.24186513,-0.53851109,negative,1
19901142,after,-1.0804389,-0.69493675,0.13549587,-0.46157824,-0.4329198,-0.62370219,1.1930463,0.76500497,negative,1
19901154,after,-0.78995228,0.43719683,-1.5729094,-0.50967118,-0.51611188,0.49589708,0.054983591,-0.19448526,negative,3
19910034,after,-0.64401692,-1.7068246,-0.52388278,0.58152628,-1.0095326,0.85413519,-1.1855227,1.0430519,negative,2
19910041,after,1.1424207,-1.140006,0.28896547,-1.6291591,-0.95094201,-0.75437807,0.53682018,-0.049071341,negative,4
19910057,after,1.0847079,-2.3638862,-1.4744032,0.24183408,2.1580207,0.40245978,1.351329,-2.2765225,negative,2
19910094,after,-0.78779737,1.0488565,-1.3435754,-0.28318264,0.46069858,-0.36219302,0.1324326,0.13812602,negative,3
19910096,after,-0.82857866,1.1383317,-1.5437725,-0.40201734,0.6274462,0.31149488,-0.16786974,-0.17231476,negative,3
19910214,after,-1.2660132,0.17229184,-0.61421463,-0.46308931,0.057402066,-0.91993293,0.12084289,0.5972902,negative,1
19910317,after,2.4620995,-0.41144579,-0.33873198,-2.91343,-1.7645004,1.0431077,-0.98006845,1.3788333,negative,4
19910416,after,-1.3318252,-2.1873318,0.80963742,-0.57688656,1.3766651,1.8506486,1.3971035,0.29094593,negative,2
19910624,after,0.56751019,-0.98382148,1.5416921,-2.3210006,1.8679695,2.2950794,-0.98420641,-0.98344491,negative,4
19910747,after,-0.039879105,-2.1384236,2.3693657,2.440899,-1.0122031,-0.42283906,-1.2780669,-0.37696858,negative,2
19910806,after,-2.0689748,-2.0729516,0.47820668,1.9989387,-0.81126638,1.1542723,1.1664432,-1.7339289,negative,2
19910825,after,1.6444179,-1.5472308,-2.0378032,0.91343598,1.2495766,-0.17774866,-1.3423558,0.8182598,negative,3
19910826,after,-1.587878,-0.24598382,1.3365537,-0.53981722,-1.1855847,0.89794505,0.58217807,-0.81890015,negative,1
19910975,after,-1.5196834,-0.58120562,-0.13817679,-0.069249232,0.0699235,0.70082884,1.1645154,-0.63476895,negative,1
19911037,after,0.87059872,2.0342935,2.7102876,-1.9947235,0.19005578,1.5956247,0.4752108,0.18823631,negative,4
19911059,after,-0.71663866,0.45125839,-2.1506685,-0.27321933,0.24321398,1.7938903,-0.17255125,-0.80911203,negative,3
19911060,after,-0.64500099,0.43328595,0.41783505,-1.7406133,-1.2346704,0.59575335,-1.5331112,-0.034718892,negative,4
19911082,after,-1.0566148,1.1365632,-1.2131781,-0.24117829,0.2769955,-0.24629831,-0.20468737,0.33429182,negative,3
19911146,after,-0.88924474,1.6510227,0.65991452,-1.6626613,0.48028657,-0.14774615,-0.034374485,1.0895109,negative,4
19920029,after,-1.131721,-0.27491455,-0.11429121,-0.68302663,-0.026133362,-0.099050034,-0.11683578,0.39539295,negative,1
19920068,after,-0.71352752,0.24755913,-1.6965918,-0.75060339,0.098043312,0.35726278,0.09604291,-0.66162181,negative,3
19920090,after,-1.3466563,0.77775056,0.7258511,0.91684398,0.8474579,-0.24293111,1.7416934,-0.22613823,negative,1
19920112,after,-1.1175259,-0.47522848,0.020699346,1.1923897,-0.13091884,0.14713505,0.5365136,-0.070474829,negative,1
19920157,after,0.99587895,0.0021966718,-0.048878209,-1.1804402,-0.52517641,-0.76375928,-1.0460316,0.32935391,negative,4
19920172,after,-1.9008908,-0.16067564,-0.70815966,-0.375487,-1.247737,-0.12718652,2.80731,-0.14153149,negative,1
19920197,after,-0.015677178,0.80167381,0.22767771,-1.9808187,-1.2973623,-0.38052988,-1.8830505,-0.7406583,negative,4
19920207,after,-0.049314511,1.0028405,-1.1898919,2.0663703,0.074424293,0.13073458,0.36912159,1.3930972,negative,3
19920268,after,-0.70785825,0.88958806,-1.275038,-0.19264185,0.087194827,0.010136252,-0.33174204,-0.20826326,negative,3
19920380,after,-0.78333373,0.35543062,-1.4047602,-0.58182921,0.37246517,-0.13452504,0.082405283,0.45246237,negative,3
19920451,after,-1.1065931,-0.27673724,1.2073968,-0.10747134,1.1734785,1.4068612,0.27754917,-1.0015817,negative,1
19920472,after,2.8396514,-1.4898977,0.77950666,-0.42882332,1.2158255,-1.1060413,0.17993337,0.22707308,negative,2
19920501,after,1.6901966,-1.4505152,-0.59550761,0.66539038,-0.66007281,-0.14777997,2.1929799,1.319338,negative,2
19920507,after,1.3427555,-2.7550525,-0.31357347,1.5200363,0.3399303,2.716027,3.2717743,0.36635749,negative,2
19920628,after,-0.36054992,-2.1623715,0.37074421,-1.440884,0.86004146,0.97444562,-1.565401,2.2908596,negative,2
19920670,after,-1.1762584,0.45745327,-0.74469723,-0.15698568,0.24914276,-0.1226567,1.0920772,1.6028124,negative,1
19920679,after,-0.084399865,-2.3158054,-1.8246022,-0.88970954,1.4608459,0.53454965,1.9731262,3.7542781,negative,2
19920685,after,0.18534549,-0.35335911,1.6967965,-1.07296,1.1359647,1.6222306,0.66115552,0.42785449,negative,4
19920700,after,-1.5616488,1.227089,0.032998668,-0.12603777,-1.2250093,1.0005199,1.4983494,-0.36277109,negative,1
19920829,after,-1.0922955,-0.3110506,0.4357278,0.45824757,0.12415773,0.78041035,0.020746979,0.2340893,negative,1
19920877,after,-1.1786371,-0.14628746,0.069769027,0.60335,-0.85444866,-0.012860406,-0.23761285,-0.13595721,negative,1
19920931,after,-1.5957987,-3.5754354,0.078985228,1.3145475,-0.2801634,0.85774733,1.0831324,0.36011116,negative,2
19920953,after,0.96349142,-2.6298102,-1.3462095,-1.8846815,0.16711504,-0.33618247,-1.1830377,1.8877365,negative,2
19920960,after,-1.1450451,-0.93266006,0.0021515646,1.5352001,-0.86523199,-0.49951871,-0.068949834,-0.92305884,negative,1
19920967,after,-1.3444757,-1.0713277,0.42405671,0.13005256,-0.40104383,0.035224208,0.028948412,1.1999585,negative,1
19921015,after,-0.16269231,0.42812615,-1.1974354,-0.39074278,0.81521405,0.053254922,-0.41532987,-0.29073128,negative,3
19921093,after,0.11050251,-0.20056617,-0.43476061,-1.1873334,-0.36102464,-0.31451408,-0.090938104,-0.27718513,negative,4
19921140,after,-0.56955316,-0.58925873,-1.5136457,0.65446748,0.39791758,-0.41817306,4.135073,3.642422,negative,3
19921142,after,0.10780467,0.89039941,-1.3541344,-0.1981595,1.0978996,0.30861324,0.052470836,-0.62824232,negative,3
19921146,after,-1.5011922,-0.40487123,0.34395169,-0.55094491,0.9209706,-0.4408223,0.05366113,0.71712702,negative,1
19930012,after,-1.2444423,0.86948352,-0.035600919,0.23405393,-0.3430573,0.62961918,0.1460289,-0.13808262,negative,1
19930018,after,-1.2608179,-0.92085787,0.1751504,0.39798598,-0.78427642,-0.9305837,-0.70847552,-0.28348424,negative,1
19930039,after,-1.3114808,0.43467147,-0.01290132,1.0651581,-0.69566665,0.21447356,0.69497748,-0.42195187,negative,1
19930045,after,2.2927179,1.481307,2.9329905,-1.4273773,0.39258986,-1.2506365,0.87789075,0.41920887,negative,4
19930052,after,-1.7861417,-0.21991088,0.63709625,-1.3537191,-0.78611912,0.57566582,-0.15441106,1.4748787,negative,1
19930079,after,0.76320982,0.41675193,-0.25925599,-1.5210266,-0.59859781,-1.0501015,0.46581026,-0.26526403,negative,4
19930080,after,-1.5462602,-0.29873904,0.29103415,1.4376421,-0.96702583,0.84472284,0.78830212,0.02903376,negative,1
19930146,after,-0.7297901,0.395873,-1.3513655,-0.3426103,0.046045562,-0.16447631,-0.13148159,-0.61113899,negative,3
19930211,after,-1.1625909,0.5880684,-0.79026277,-0.61994582,-0.42498927,-0.2752888,-0.74537738,0.10416997,negative,1
19930261,after,-1.2798292,-0.062359282,-0.42973546,0.54948312,0.59392541,0.89346052,2.339716,2.1054556,negative,1
19930273,after,0.17305272,0.36670037,-0.61290652,-1.0637019,0.043069216,-0.92314395,-0.91365269,-0.97439862,negative,4
19930293,after,-1.289195,0.51533453,-1.0719235,-0.72583641,-0.18283348,-0.44938412,-0.43389834,0.25938018,negative,1
19930314,after,0.32046469,-1.5247322,-1.01771,-1.184847,0.35561357,-0.91595248,-0.40926756,2.9676064,negative,2
19930364,after,-1.1235875,0.78812296,0.13461374,-0.26181969,0.25651415,-0.94374868,0.53962854,-0.21430244,negative,1
19930411,after,-0.26736339,0.13666225,0.53885454,-1.3966493,-0.02524245,0.15525645,-0.8863821,-0.78596729,negative,4
19930602,after,0.20333204,-2.226443,-0.15853286,3.7537568,-0.68220696,-1.7808757,1.9725801,0.25553934,negative,2
19930666,after,2.7262007,-2.2974102,0.26550744,1.8953809,-0.45659364,-1.2968757,-1.8194515,2.7211889,negative,2
19930733,after,-1.5885445,-1.0797204,-0.21883088,1.1797932,-1.200888,0.41422306,0.46083385,-1.1352063,negative,1
19930756,after,-1.9012195,-1.6368146,0.66636011,1.8428173,-1.2681369,-1.1418195,0.43526823,-1.2723808,negative,1
19930902,after,-1.1948815,0.28529377,0.22512766,0.39479355,-0.42726868,-0.74352903,0.31432026,0.0050350559,negative,1
19930925,after,0.5322755,1.1745158,-1.3619695,1.4484143,0.17852503,1.0661753,0.61067041,0.40255622,negative,3
19930943,after,-1.0870039,0.37847673,-0.68215882,-0.26204379,-0.59817527,0.25332679,-0.92495829,0.23257085,negative,1
19930998,after,-1.224059,0.40955891,-0.40502929,0.12013916,0.19601244,0.10736635,0.59325928,0.26711823,negative,1
19931081,after,-0.46159362,-1.2653413,-0.85854996,-0.20056096,0.98714347,-0.55184247,0.43009589,-0.25357033,negative,2
19931096,after,0.2422066,-1.5876392,-0.67260223,0.93119248,1.2772965,-1.0527689,0.3523386,1.4495597,negative,2
19931114,after,-1.4268538,-0.66930812,-0.1934276,-0.043168792,0.27830337,0.53394759,1.0233488,-0.036801226,negative,1
19940008,after,0.076563633,1.4522283,-1.6158273,0.63247058,0.39354134,-0.0001977969,0.3468638,0.018753241,negative,3
19940010,after,-1.1332746,1.043945,-0.79824158,0.21260795,-0.039403067,-0.25604634,0.79597799,0.14405795,negative,1
19940020,after,0.81152036,-0.85459692,-1.6888353,-1.256357,-0.23719715,1.0532108,1.8078088,-1.2046244,negative,3
19940029,after,-1.2935609,-0.46370173,0.65256036,-0.0080843517,-0.25581248,-0.6446688,0.27679729,0.4626169,negative,1
19940048,after,-0.6268599,-0.49720763,0.49729817,-1.0308314,0.086942552,0.86847531,0.0047651498,-0.28651352,negative,4
19940051,after,2.1056579,-3.1175795,-0.85886335,-1.5025661,0.98646786,2.2766916,-1.9960921,4.2285213,negative,2
19940058,after,-1.4274626,0.46768432,-0.81077081,-0.23436445,-0.57146501,-0.0349547,-0.082695957,-0.57754626,negative,1
19940081,after,-0.83501083,-0.15104831,2.0901893,-1.6837726,0.65171545,2.4491937,1.688754,-0.05606134,negative,4
19940182,after,-1.440445,-0.60374126,-0.4008161,0.26643843,-0.50370111,-0.62542502,-0.3597417,-0.30916189,negative,1
19940272,after,-1.1457895,0.36193997,-0.17444883,-0.6605804,0.020208184,-0.75805609,-0.29352081,-0.66461187,negative,1
19940276,after,2.6850703,-0.62140028,-1.4446859,0.15571097,1.39397,-0.85248127,0.65931323,0.23094275,negative,3
19940325,after,0.30077821,-2.5254208,1.8703604,0.35103606,-1.0418437,0.74657781,-1.3908421,1.0338144,negative,2
19940368,after,0.11686344,1.174616,-1.246802,2.142367,0.18020477,1.6519831,-0.78794929,-0.25101422,negative,3
19940392,after,1.1273434,0.040012468,-1.0632558,-1.4862256,-0.4568658,-0.2450359,-1.0704975,-0.99298276,negative,4
19940466,after,-1.340293,0.57726015,-0.067743736,0.83281133,-0.27026263,-0.17492347,1.5779372,0.4485297,negative,1
19940472,after,-1.4520805,-1.8266068,1.1988225,1.9862225,-0.47624146,-1.0113459,0.8701852,-0.84001151,negative,2
19940479,after,1.3260717,0.045757575,1.7337658,-1.8348514,-1.0885749,0.45281508,-0.046606098,1.1783707,negative,4
19940548,after,-0.77697096,-4.1379478,2.2258614,2.1188175,-1.3695323,0.48415215,0.10930888,1.654614,negative,2
19940674,after,0.69036481,-1.5836661,-0.76160914,-0.95858237,-0.98323368,-0.59509294,1.7003105,-0.56703515,negative,2
19940764,after,-0.74432772,-1.6047909,-0.84249457,-1.0954779,-0.17106489,1.1373343,0.69939649,1.8962383,negative,2
19940933,after,0.1081541,-1.2477884,-0.16730106,-0.83190426,2.341403,-0.76077918,0.79391108,1.4073293,negative,2
19941019,after,-0.49043801,-0.39540575,-1.3854112,-0.90922254,-0.40080324,1.2102363,0.024727553,0.8342198,negative,3
19941038,after,-1.1159107,-0.26452861,-0.10567596,-0.021669969,0.22339728,-0.97571761,0.27379855,-0.71666831,negative,1
19941045,after,0.36074797,0.66726598,-1.4486241,0.41466839,1.0467295,-0.76488782,0.54416195,-0.1022209,negative,3
19941069,after,0.319271,0.85280662,1.5605582,-1.4477421,-1.2061235,-0.065409151,-0.31599687,-0.25873049,negative,4
19941113,after,-1.3020716,0.67119826,-0.37643713,-1.113991,0.028150457,1.2416443,-0.020574622,-0.78768754,negative,1
19941127,after,-1.0836126,-0.47625031,-0.43347175,-0.57276184,0.29031997,-0.3209266,0.26079991,-0.038607351,negative,1
19941156,after,-1.4658034,0.14562513,-0.52407079,-0.075888606,-0.52086673,0.30322495,-0.030809692,0.58704957,negative,1
19941164,after,0.34047078,-0.2463816,-1.2661765,-0.36144796,1.6942507,-0.0061303903,1.2829227,-0.19131037,negative,3
19941166,after,-1.0848984,1.427796,-0.71883487,1.4994791,-0.41860201,0.51010637,1.6623321,0.45914196,negative,1
19950064,after,-0.66697192,0.3855177,-1.198119,-0.40261537,0.19039721,-0.44144182,-0.20084343,-0.25543795,negative,3
19950100,after,-0.23521568,1.2738311,-1.5114994,-0.42448158,1.4976052,-0.41285444,0.39959407,-0.68645738,negative,3
19950142,after,-1.2233455,-0.1050126,0.48385993,0.17809259,0.77680948,-0.43970141,1.7155704,-1.1502071,negative,1
19950251,after,-0.87396255,0.22107316,-1.258502,-0.51898685,-0.090953712,0.33769553,-1.0354232,-0.87431241,negative,3
19950255,after,0.36119642,-1.4000748,-0.40240172,-0.19570894,0.56929756,0.09811227,0.30721133,-0.54796589,negative,2
19950289,after,-1.5665132,-0.20415802,-0.33069008,0.38720427,-1.3366032,0.08654519,1.8007663,1.9126051,negative,1
19950399,after,-1.4018247,-1.0114378,0.48823823,0.22152355,-0.30967393,-0.85500127,-0.2562701,-0.64115364,negative,1
19950418,after,-1.1722453,0.76000277,0.05875378,1.4170195,-0.3830296,-0.22289296,0.22542344,-0.021879478,negative,1
19950549,after,0.84352888,0.058255132,3.3445992,-2.2124895,0.17604265,0.5454657,2.5482389,-0.35815236,negative,4
19950584,after,2.8984064,0.46415855,1.5409901,-1.0776718,0.4751702,2.0788555,2.7939273,1.1821788,negative,4
19950708,after,-1.2598258,-0.30513073,0.27408201,1.0279014,-0.8095447,-0.40991492,0.36429344,-0.39793685,negative,1
19950766,after,-1.5050078,-0.15945834,-0.035971575,-0.28953896,-0.43258006,-0.85979619,0.67109676,0.50612162,negative,1
19950794,after,-0.88075918,-1.72746,0.77879184,-0.79344857,0.81800241,0.076531443,0.71563802,0.98063115,negative,2
19950812,after,-1.523093,-2.4283608,1.362755,2.2544483,-1.8197345,1.0010101,0.2620999,-1.3849878,negative,2
19951060,after,-0.023162937,0.71090016,-2.9694297,0.80798735,-0.21615198,3.0557153,-0.5540432,-1.265856,negative,3
19951082,after,-0.68766447,-1.5814715,-0.13282722,-0.40618123,-0.012609092,0.09967821,1.0956813,1.2115898,negative,2
19951096,after,1.0071803,-2.565711,-1.6122334,-0.74504341,1.4600725,0.32496531,0.91849986,1.2779066,negative,2
19951115,after,-0.50145671,-1.1792191,-0.18688574,-0.12756692,0.011636357,-0.7598667,0.11453199,0.40136361,negative,2
19951122,after,2.4433707,-0.55765766,-1.5107943,-0.35277144,-0.91100256,1.842602,1.1934472,1.6094077,negative,3
19951163,after,-1.0881588,0.47597568,-0.37126061,-0.84409541,-0.25349341,0.13249152,0.42821242,-0.76295612,negative,1
19951168,after,0.1874372,1.8342234,-2.136547,0.22874117,-1.0286033,1.1168127,0.78139732,-0.37431624,negative,3
19960002,after,-1.3615228,0.15712945,-0.1258664,-0.62238721,-0.18604832,-0.26539583,-0.026644874,-0.46759651,negative,1
19960008,after,-1.7292305,-0.89444557,0.24566871,-0.25685365,1.0897347,2.2569348,0.86656754,3.2553599,negative,1
19960009,after,-0.99549686,0.46508783,-1.3600937,-0.50806543,0.34258548,-0.62074845,0.27439249,0.21770831,negative,3
19960027,after,1.9305365,-1.2267085,-0.68751525,-0.099772195,0.28115777,-1.0612564,0.14812009,-0.4541359,negative,2
19960155,after,1.0274055,-2.5520099,-0.50324676,4.2670252,-0.037170202,-0.89768317,-0.17263947,0.075705365,negative,2
19960165,after,1.795643,-0.74868159,-1.5556139,-1.1574263,0.11736931,-0.43865319,0.52417359,-1.1746753,negative,3
19960175,after,-0.77259583,0.6653781,-1.1726645,-0.18433097,0.054632767,-0.046704176,-0.63713375,-0.5484252,negative,3
19960209,after,0.83598849,-0.55815632,0.19610206,-1.7658986,-1.0809578,0.65585781,-1.0388238,0.43033202,negative,4
19960232,after,-1.0672664,0.87046791,-1.2819934,-0.049973897,-0.068925884,0.23545945,-0.59303417,-0.15057241,negative,3
19960264,after,0.68692637,0.44513191,-1.2742029,-0.11717014,0.30921307,0.2468992,-0.056814717,0.15061045,negative,3
19960284,after,-1.2279109,-0.47126335,-0.57124275,-0.41152958,-0.80992944,-0.48948572,-0.070714588,1.0330427,negative,1
19960286,after,0.040897638,1.2743332,-0.30617002,-1.247008,0.31878621,1.3050073,-0.31202697,0.22375359,negative,4
19960363,after,-1.560288,0.30573001,0.41176631,-0.69361557,-0.35460926,1.8833609,-0.80216169,-0.92630272,negative,1
19960379,after,-1.3196978,-4.5152236,0.13674304,0.37035852,2.0808089,1.5187748,0.15646701,3.6089679,negative,2
19960450,after,-1.7019821,-0.17267357,-0.076710836,-0.4316905,0.41778329,-0.37237894,0.16052418,1.7346827,negative,1
19960472,after,3.6889218,-0.11627659,-3.23409,-0.40592411,-1.9074857,0.4966166,0.42753625,-2.8071711,negative,3
19960715,after,0.56400532,-2.7412291,-1.8512882,-0.52065762,1.880127,1.4322413,0.92291999,-0.24989861,negative,2
19960734,after,-0.53041839,-2.7773104,4.4630432,-0.82798859,3.3742581,1.7610966,2.1624121,1.8438428,negative,2
19960865,after,-0.89923285,-1.6174529,1.7369902,-0.66660064,-0.68131543,-0.41324676,0.59244939,-0.45479345,negative,2
19960896,after,-1.3326407,-0.29830877,-0.83033892,-0.34508501,0.0253001,0.051645466,0.013404595,0.46058169,negative,1
19960978,after,0.78922362,-1.3618149,-2.1984713,0.34693087,2.3766228,0.16952334,3.38198,-0.061277803,negative,3
19960988,after,-1.2241696,-0.406598,0.7857341,0.49991476,0.20328097,-0.3810221,0.32646727,-0.22368796,negative,1
19960998,after,1.2338234,-0.93081272,-1.4208087,-0.83664992,1.8100507,2.6877416,0.72890721,-0.14050711,negative,3
19961013,after,0.43233705,-2.7221786,-0.052192674,2.0813082,-0.18418139,-0.22043411,-2.2319524,0.82102591,negative,2
19961095,after,-1.2482194,-0.20448323,0.8366052,0.12692928,-0.31490656,0.8160208,0.31730799,-0.70191615,negative,1
19961099,after,-0.069118201,0.2780513,-1.2088679,-0.12154115,0.26923826,0.07363347,-0.073437366,-0.40817171,negative,3
19961104,after,0.093088108,-0.4589937,-1.5636458,-0.44221146,-0.095704934,0.51874017,1.279876,-0.92043893,negative,3
19961114,after,-1.0739077,0.30556268,-1.3254461,-0.82830728,-0.45287752,0.69269211,-0.30940214,0.43560256,negative,3
19961137,after,-0.75731894,-0.068876712,-1.2396326,-0.60627728,0.3885138,-0.080837761,-0.21822314,-0.63483155,negative,3
19970004,after,-2.1578797,-0.52242422,0.72162072,-0.6465524,-1.6416778,0.77764866,2.7762707,-0.48620766,negative,1
19970030,after,-1.8331242,0.013463071,1.336176,-0.9088013,-0.51590456,0.088615031,-0.057006246,-0.42732122,negative,1
19970033,after,-1.3522189,-0.34215074,-0.4747399,-0.28478336,-0.47918607,0.23473995,-0.35739885,-0.61093144,negative,1
19970078,after,0.57907413,0.33960065,0.049376503,-1.3861345,-0.4272746,-0.6497079,1.002256,-0.20813018,negative,4
19970127,after,2.3734955,-0.1613515,-1.919852,-0.82896379,-1.1899713,0.22595761,1.3731322,0.50275438,negative,3
19970140,after,-1.3258089,-1.8562771,1.8353325,-0.52419799,1.9793303,1.1289739,-0.30125687,3.6074951,negative,2
19970153,after,-0.52942302,0.16431343,-1.2521191,-0.66745602,-0.1397008,-0.49866055,0.11670396,-0.41189954,negative,3
19970167,after,-0.81073413,-0.071424154,-1.159613,-0.69609981,0.71595546,-0.54835525,0.094894699,-0.29513118,negative,3
19970233,after,1.6099366,-0.63123382,-1.2738141,-1.0267933,0.54665369,0.50845901,0.44117723,0.72476313,negative,3
19970391,after,-1.3966101,-0.61631651,0.26692933,-0.21083952,-0.059810748,-0.42380456,0.013741407,-0.28918744,negative,1
19970421,after,1.9051229,0.0014549171,0.18910284,-2.1556489,-0.25858434,2.0505377,-0.42435885,-1.2882327,negative,4
19970429,after,0.1629453,1.5722156,1.6443345,-1.061102,0.71622879,0.79807653,0.99560114,0.12030962,negative,4
19970735,after,-0.99666879,-0.49185407,3.2318671,-2.4120454,-0.27644381,0.80428895,-0.35516445,0.066025209,negative,4
19970844,after,-1.3128412,1.0656071,1.0034622,1.3475962,0.19013363,-1.2299018,1.1051121,0.63492909,negative,1
19970867,after,1.5003475,-1.5857833,2.5787944,-2.0850771,1.4868253,-1.9751187,-0.061239687,-1.3955487,negative,4
19970874,after,-0.97248225,1.9611925,-1.9450108,0.020559739,0.38118303,3.1002619,0.052885423,-0.025793312,negative,3
19970884,after,-1.2305573,-1.2901033,-0.63500144,0.14625445,-0.48304019,-0.40491415,0.94148512,0.79720526,negative,2
19970913,after,-1.1520082,0.48380268,-0.7066045,0.18555407,-0.41425266,0.29454638,-0.16686211,0.51145717,negative,1
19971047,after,-1.280088,-0.43290904,-0.34543601,-0.35490641,0.47330826,-0.85616596,-0.68833024,0.67445354,negative,1
19971054,after,-1.0340256,1.1578392,-1.4083369,-0.23401704,0.12920284,0.55085722,0.0030618445,-0.0029241939,negative,3
19971065,after,-1.3029107,-0.95556475,0.070512857,1.1082575,0.21436947,-0.46978667,1.4550659,0.59596181,negative,1
19971067,after,0.58825805,-0.15472789,-0.35138281,-1.7578049,-0.40799277,-0.073544159,0.83878693,-1.6307472,negative,4
19971096,after,2.1748459,-3.8026577,-1.3741666,4.8456075,0.046173957,0.037033725,-0.2965023,-0.69760035,negative,2
19980008,after,-1.1851921,-0.40036919,-0.26283911,0.43648767,0.03339731,0.07760996,-0.025952386,0.76488536,negative,1
19980017,after,0.056140427,-0.47065419,-0.52009566,-1.3108085,-0.70564648,2.0068609,0.28323506,-1.0307936,negative,4
19980022,after,-1.4501093,0.63435358,0.70862424,-1.3239541,-0.10524402,-0.2895945,4.0752959,1.4193584,negative,1
19980031,after,0.012590605,0.53648743,-1.2171978,0.054362626,1.028149,-0.69977059,-0.090289372,-0.71990942,negative,3
19980055,after,0.54366687,-4.3695202,-0.38091318,-0.079082513,-1.0460787,1.3738576,-0.66904386,4.6008541,negative,2
19980061,after,-1.2997975,-0.3873762,-0.1326494,-0.036639521,-0.14712929,-0.37430527,-0.076297097,0.029553383,negative,1
19980063,after,0.34838281,-0.27937647,0.43770124,-2.4693586,-1.4544704,0.85284787,-1.314541,-0.34113817,negative,4
19980076,after,-1.3146858,0.34595061,-0.90149691,-0.41779444,-0.17655402,-0.31208282,0.034721412,-0.088283455,negative,1
19980096,after,-0.24644624,2.4489541,0.30774717,-1.1496301,-0.33152857,0.044249615,1.4950875,0.51799996,negative,4
19980144,after,-1.2213104,0.46176354,-0.80973343,-0.86280962,0.052930598,-0.67864796,-0.3009285,0.65116058,negative,1
19980168,after,-0.13029196,0.37164413,-0.28415698,-1.2761805,-0.099082921,-0.6975061,-0.019475209,0.40636194,negative,4
19980199,after,0.51152605,0.24717614,1.2611483,-1.1119622,0.57230894,0.42805221,-0.73745579,-0.87356345,negative,4
19980249,after,-0.84806252,0.13677075,-1.2744038,-0.34597889,0.53360624,-0.12090784,0.09542858,0.087783713,negative,3
19980263,after,-0.81470659,0.11300518,-0.6691105,-1.2868642,-0.07971692,-0.35966351,-0.45812506,-0.0074692202,negative,4
19980293,after,-2.2306086,-2.6210805,1.1580399,2.9275084,-1.135926,-0.37651536,-0.048281215,-2.0829409,negative,2
19980304,after,0.7390043,-1.1227964,-1.3093975,-0.7752571,1.5199916,-0.75520157,0.4978395,-1.1404754,negative,3
19980471,after,-1.4665023,-0.98619303,-0.45875703,-0.39896392,1.823765,0.24545895,1.1020377,2.8126251,negative,1
19980484,after,-1.6968309,0.24403898,-0.13532509,0.36269765,-0.49581662,1.1263858,0.64969246,0.094096857,negative,1
19980702,after,-0.2059053,0.16579055,-0.15574366,-1.1503127,0.64199534,0.44677564,-0.74142339,0.90633591,negative,4
19980966,after,1.4357979,-0.28446539,-0.2350712,-1.3972627,-0.51118657,-0.99040332,0.16868045,0.32435065,negative,4
19981054,after,-0.081949448,0.66656515,-1.2214373,0.013385307,0.3782206,1.01,-0.16707833,-0.89831985,negative,3
19981108,after,-1.2469363,-0.77168843,0.47125651,0.51543111,-0.7813193,0.24776412,-0.36342141,-0.33613227,negative,1
19990020,after,-0.24175057,0.73712715,1.8121556,-1.4199715,-0.21953402,-0.15206178,0.011130264,0.8304302,negative,4
19990103,after,-0.42297432,-1.9512098,-0.79954989,-0.66523456,0.20867554,0.25344077,-0.57627009,2.1223123,negative,2
19990127,after,-0.015202355,0.52946843,-1.9524821,0.21893904,0.86793356,0.44446029,0.31641618,-0.66838604,negative,3
19990145,after,-1.1023346,0.26293293,-0.56916147,-0.61236473,-0.10573825,-0.22942186,-0.38737867,0.091292373,negative,1
19990173,after,-1.0782962,0.15831875,-1.0788625,-0.88471357,0.14489339,-0.57324327,-0.26778946,0.40149162,negative,3
19990180,after,-1.0435267,0.36654521,1.0045792,-1.4851323,0.43905253,-0.048262886,-1.468074,0.3387543,negative,4
19990206,after,-0.30832386,-0.021450479,-1.3708205,-0.22071037,0.44088184,-0.8813035,-0.13468746,-0.81944675,negative,3
19990275,after,0.79178123,1.1762904,-0.64726508,-1.1180148,-0.79995768,-0.035073509,-0.02071884,-0.43094555,negative,4
19990385,after,0.90648296,-0.28871369,-0.73377601,-1.0970214,-0.46283527,-1.0269257,0.066909872,0.19543183,negative,4
19990398,after,1.6102159,0.80273515,2.1400576,-1.158276,1.0474403,-0.64471617,-0.28022,-0.20610429,negative,4
19990409,after,1.1158299,1.129314,-0.49195965,-1.4473995,-0.24786477,-0.5719187,-1.2905603,0.33450665,negative,4
19990438,after,0.001307276,0.36652665,-1.2073398,0.56737414,0.18159717,-0.069575223,-0.29453212,-1.0664123,negative,3
19990464,after,0.19683833,-0.52881472,-0.34478928,-1.1728755,0.40075197,-0.15132648,-0.37976362,1.4590948,negative,4
19990483,after,2.2635221,-1.2815233,-2.0430353,-0.10797959,1.3396108,-0.45683638,0.56505925,0.40937262,negative,3
19990525,after,-0.035079894,-1.4050001,-0.72169975,-0.73427549,1.7260907,0.66678176,0.1115606,-0.10820847,negative,2
19990542,after,0.35693206,-1.3459926,-1.0768247,-1.0794799,0.77964419,-0.14118462,-1.2967841,0.72292228,negative,2
19990731,after,-0.78865662,-1.3831711,3.1200249,0.17233363,0.088831166,1.1816143,1.0410047,-0.099597846,negative,2
19990740,after,2.1681598,0.3583155,1.3396508,-2.1311551,-0.20472973,0.92540546,-1.1655495,-0.57674378,negative,4
19990784,after,-1.4118218,-0.85123797,0.65493042,1.1260682,-0.12568679,-0.2532694,1.5842627,0.53729395,negative,1
19990885,after,-1.3026102,-0.96549373,0.71879119,0.051308034,-0.10049577,-0.83299977,0.52198954,-0.45314955,negative,1
19990926,after,3.0672775,0.23734277,-1.5632632,1.1909737,-1.254734,0.70288516,-0.64685316,1.6019911,negative,3
19990992,after,-0.86329618,-1.3253016,2.1153466,0.0051571082,-1.2604735,0.74358596,-0.42476211,0.28210557,negative,2
19991045,after,0.3416669,-1.9538438,0.29862767,-0.78461146,1.3855499,-0.51933009,-0.34091798,-1.141677,negative,2
19991048,after,-1.5319034,0.34462313,1.4884223,0.52929117,0.83854645,-0.054634133,1.590554,-1.3643769,negative,1
19991137,after,-0.085514141,-1.1240189,-0.94879282,-1.1699058,0.3340942,0.04513361,-0.5540583,-0.20512952,negative,4
19991198,after,1.2980597,0.10152923,-1.6015692,-1.3195561,-1.3309841,-0.14174239,-0.82000624,-0.59387488,negative,3
19991207,after,-1.1984992,0.055724621,-0.53337362,-0.51107885,-0.81491782,0.65678672,-0.28454966,0.7505374,negative,1
19991216,after,0.013834173,0.41035132,0.74995875,-1.3467767,0.36400988,0.94520982,-0.65182945,-0.40853022,negative,4
20000003,after,-0.28209381,-0.21032198,-2.1220269,-0.64887629,0.57578319,-0.052412827,1.43695,-1.2912843,negative,3
20000014,after,0.25661338,-0.14372744,-0.67172323,-1.2108052,-0.78859715,-0.55028643,3.6718631,2.2288686,negative,4
20000086,after,-1.2042833,-0.15446239,-0.12805067,2.0783951,-0.77162304,0.27983238,-0.21896221,-0.30380299,negative,1
20000104,after,-0.69741429,-0.44530011,0.82802512,-1.0369363,-0.49009034,2.0357818,-0.78648435,-0.47620076,negative,4
20000119,after,0.41691947,1.2088236,-1.1632609,-0.98379507,0.54746992,0.66285702,-0.084422242,-0.49463665,negative,3
20000195,after,0.071265977,-0.023200452,-1.5450447,-0.90724094,-0.93712725,0.54081976,0.71808126,-1.2909235,negative,3
20000212,after,0.3445774,-0.83521566,-0.92104604,-1.4549986,0.26322691,0.096792067,0.31762645,1.1899781,negative,4
20000245,after,0.33480188,-2.148475,-1.7160685,0.10417383,4.1424218,2.2752745,0.14756199,3.056155,negative,2
20000296,after,-1.0694072,0.18858132,-1.4549915,-0.36856328,-0.1612651,0.60267788,-0.087330511,-0.59988044,negative,3
20000351,after,-0.10059262,-2.8747018,0.18944368,1.0993299,1.7691214,-0.29811619,-1.3269344,3.8651449,negative,2
20000366,after,0.3311458,-1.5367045,-0.14652985,0.91781443,1.1358834,2.2850053,-1.0331848,-0.29812832,negative,2
20000441,after,-0.49472507,0.15226988,0.28819619,-1.1377512,0.19276054,-0.10547634,-0.8982692,1.1534561,negative,4
20000449,after,-0.7285277,-0.10984368,-0.38795982,-1.0438502,0.47871978,-0.3061217,0.47692237,-0.10481465,negative,4
20000501,after,-1.4142673,-0.68715461,0.46092314,-0.088550923,1.1417937,0.23021537,-0.34008578,0.35583548,negative,1
20000591,after,-1.1542484,-0.17277489,-0.099996178,-0.20365086,-0.16628093,-0.34242197,-0.16246992,-0.58496421,negative,1
20000595,after,1.6342897,0.37161953,2.3860933,-2.3647342,0.16568379,1.7609146,0.63995128,-0.92712896,negative,4
20000716,after,0.78127143,-1.2049469,1.5073686,1.2039507,0.28803128,-0.64315036,0.20734712,0.81165189,negative,2
20000745,after,1.2428497,-0.60845035,-0.30501069,-1.3221265,0.99720539,1.3711567,0.58080406,-1.0164857,negative,4
20000888,after,-0.22241463,-1.7028656,0.98615503,0.44536022,-1.1285115,0.2133126,0.10210186,-0.53444377,negative,2
20000897,after,-1.6350017,0.31202152,-0.52744813,-0.31635397,-0.65950737,1.3175433,0.065527784,1.2776756,negative,1
20000923,after,0.78225151,-1.957996,-1.4575132,-0.86912134,1.7249986,2.9721573,0.5573706,-1.9385963,negative,2
20000963,after,-1.3121996,0.50822111,-0.78742986,-0.58112094,-0.42643858,0.29046605,-0.47449006,0.046430401,negative,1
20000981,after,2.2287677,-0.8166175,-2.8317874,0.41206839,-2.576113,2.5357567,6.8210997,4.1257277,negative,3
20000988,after,-1.1992218,0.54581871,-0.57287367,0.42945389,-0.53113747,0.71711882,-0.20386723,0.68039371,negative,1
20001012,after,-0.68770817,0.12876489,0.56086807,-1.1838455,0.78463838,0.50530026,-0.33437934,0.003957038,negative,4
20001030,after,0.62401236,-0.30142961,-0.28035309,-2.2017047,-1.7012118,0.54223803,-0.58255401,-0.7336737,negative,4
20001070,after,1.3817798,0.34594005,-1.8427482,1.9921238,0.91642266,1.7349109,-1.3586293,0.28297805,negative,3
20001104,after,0.51298425,0.1554812,-1.3549269,-0.63592602,0.65346411,0.25920945,1.1088382,-0.31062188,negative,3
20001118,after,-1.4038086,-0.83658727,1.0049184,-0.25839125,0.11180602,-0.82372567,0.34758347,-1.3882181,negative,1
20001131,after,-1.4654633,-1.2853259,0.39203649,0.014683534,0.53670708,-1.0273567,-0.27295754,-0.68943862,negative,1
20010014,after,-1.186865,0.34282342,-0.91527695,-0.52088249,-0.046164039,-0.67770461,-0.25131597,-0.02579002,negative,1
20010017,after,-1.1897413,0.87451843,0.71352021,1.0934989,-0.01585652,-0.12867753,1.1685238,-1.0953146,negative,1
20010075,after,-1.2451475,0.3567894,-0.61879755,-0.43756471,-0.30612384,-0.86212762,-0.18751439,0.48514959,negative,1
20010078,after,-0.17475121,-0.21797599,-1.2370625,-0.34153291,-0.0014334555,-0.41380938,0.18757338,-1.082571,negative,3
20010096,after,-0.19000829,-3.3278669,0.098781747,1.5996614,0.53675262,1.5731415,-0.5504426,0.97715861,negative,2
20010130,after,-1.8838595,-1.2453587,1.0753346,0.70971468,-0.27596401,-1.760175,1.3113373,0.6856192,negative,1
20010140,after,0.49288266,0.72856272,-1.4929203,0.94897712,1.0159733,0.92917708,0.91229369,-0.23061938,negative,3
20010174,after,-1.3905733,0.62593135,0.32129496,-0.040098598,0.27242798,-0.23215217,0.96435846,-0.10693595,negative,1
20010202,after,0.65289434,-1.0830329,-1.4709344,0.48733741,-0.87150639,1.4463381,0.69057899,1.1192369,negative,3
20010219,after,-1.2685344,-0.6383787,0.45637552,-0.53479979,-0.7385577,-0.93180849,-0.48189639,-0.60876202,negative,1
20010228,after,-0.76246892,0.65764664,-2.069792,1.1039025,-0.84868434,2.8134806,-0.91207189,-0.58684729,negative,3
20010235,after,-1.1134677,0.47348041,-0.90347276,-0.62212104,0.035703162,-0.910944,-0.48483827,0.030458659,negative,1
20010287,after,-0.11713917,0.50526339,-1.5980317,-0.25800733,1.1442586,-0.96411337,0.14561332,0.25399111,negative,3
20010300,after,1.3344359,-1.785062,-1.1870294,0.13691143,2.6418132,-0.55839154,-1.2220743,-0.25438868,negative,2
20010333,after,0.3539142,-0.72219909,-1.3693156,0.09097027,-1.3184745,-0.49408788,0.80421836,-1.2672238,negative,3
20010483,after,0.26531363,-1.4537676,0.073748134,0.53172026,1.4849709,-0.3146051,0.077357121,0.14518272,negative,2
20010510,after,0.92035089,-2.7951761,-0.39916589,3.6806523,-1.1360896,0.55035946,1.1091711,-0.4653854,negative,2
20010527,after,1.0605088,-1.3115195,0.90839394,0.061545482,0.16478073,0.469773,-0.34981597,-0.11234424,negative,2
20010573,after,-0.58974909,0.36123559,1.4890327,-1.5884896,0.3225622,1.11901,-1.3423788,0.5528732,negative,4
20010759,after,1.1798082,-1.0080662,2.7744011,-1.029687,1.9514275,0.18089462,-0.31313124,-0.39289932,negative,4
20010791,after,-1.3871258,-0.19334759,-0.27362849,0.024535448,-1.0837718,-0.4054179,0.71193301,0.0074640396,negative,1
20010796,after,-0.56686005,-1.8701725,-0.18215462,0.51601807,0.414098,0.088465232,0.63074925,-0.71526545,negative,2
20010986,after,0.63218928,-0.096818285,3.5551076,-2.5459117,0.96009266,0.053755226,-0.2746066,0.27649061,negative,4
20010991,after,-0.44746592,0.13226685,-1.8048761,-0.722886,-0.39282166,1.0004901,0.22169206,0.0088172196,negative,3
20010995,after,0.66853799,0.58999562,0.55116208,-1.1889332,-0.36215771,1.3955149,0.44286897,-0.36125823,negative,4
20011010,after,-0.58932735,-1.6017276,1.7427969,-0.83226076,1.4465673,-0.11828978,-0.018932616,-0.69352349,negative,2
20011025,after,-1.0854323,-0.042813322,-0.6545599,-0.27737911,-0.28313056,-0.49952479,-0.26804844,0.054712649,negative,1
20011044,after,-1.1289634,0.22563765,-0.57362495,-0.51001456,-0.20765245,-0.56116574,-0.4676524,0.11015834,negative,1
20011114,after,0.48527718,0.23374939,-0.17790961,-1.1399921,-0.65577652,0.45955756,-0.96292824,0.44561344,negative,4
20011154,after,-0.10242301,-0.51599748,-0.44993827,-1.2075424,0.18940189,0.54699733,0.47366422,0.59698577,negative,4
20020015,after,-0.54381055,-0.045210903,-1.5582025,-0.51300209,0.22657571,0.79523972,-0.29020375,-0.5821712,negative,3
20020103,after,0.37236276,-0.049579065,-1.4605092,-0.66656852,1.3171974,0.031672133,-0.50052405,-1.2909187,negative,3
20020129,after,-0.80003021,-2.0841586,1.0928851,1.7003284,-0.55877371,-1.641381,-0.31145104,-1.0774487,negative,2
20020131,after,-0.95376814,0.36979284,-1.2677753,-0.53982247,0.19368265,-0.12229144,-0.30380354,-0.32776129,negative,3
20020148,after,-0.77485888,0.217568,-1.2674539,-0.20076639,-0.12243207,-0.00064575475,0.47351074,-0.37873622,negative,3
20020159,after,-0.0043294496,-0.18962993,-0.13709443,-1.9443824,-0.60021718,1.8454156,0.79304551,-0.2773187,negative,4
20020164,after,-0.22456878,-0.25951693,-0.62100897,-1.3970261,0.72243652,-0.29606047,0.89447411,0.24978446,negative,4
20020182,after,-1.100554,-0.62030361,2.1122269,-0.89495388,0.2400335,1.1418497,-0.68843544,0.069777688,negative,1
20020230,after,1.9810027,0.048539066,0.35296113,-1.8993768,-0.91727532,-0.4420588,0.14000844,-1.2997602,negative,4
20020277,after,-0.10319772,-1.7212064,0.86106779,-0.17509605,0.66972517,0.31355703,-0.94132326,0.85442702,negative,2
20020328,after,2.0374021,0.61079542,-0.67643731,-1.1397866,0.40938863,1.8232931,1.9421634,-0.46810102,negative,4
20020342,after,-0.45887875,-0.99512852,-0.19373244,-1.2152263,-0.14846632,-0.4547243,-0.56299924,0.62918459,negative,4
20020352,after,1.1439997,-2.2170668,0.1898806,-1.7995592,-0.61040113,0.17432663,-0.46998471,3.445109,negative,2
20020368,after,-0.28722284,-1.3423046,-0.061806981,1.0388567,-0.26873724,-0.76687366,-0.68440995,1.356531,negative,2
20020394,after,1.1085229,-0.7374455,-1.2792422,-1.085563,-0.6934347,0.63420478,-0.048465473,0.20068289,negative,3
20020483,after,0.26875488,-1.7147866,0.60165469,-0.73937707,-1.5369484,0.62885159,2.2681248,1.8110462,negative,2
20020608,after,-1.7268221,0.22264411,0.83409563,-1.445241,0.076625538,1.009367,2.3732609,0.17694432,negative,1
20020613,after,-1.1005426,-2.8915897,1.5597474,1.8020841,-1.4058211,0.60911342,-1.2587461,-0.96530158,negative,2
20020646,after,0.63382901,-1.7388863,-1.2104888,-0.074826604,2.0171713,-0.9447843,0.028128828,-0.48622023,negative,2
20020717,after,0.80333975,-2.9055339,-0.16739497,2.2717531,1.6388189,0.097183918,-0.46214072,-1.0766115,negative,2
20020803,after,1.6222024,0.38435536,2.670952,-1.4228678,1.6747642,2.7003021,-0.22933994,-0.64944265,negative,4
20020877,after,0.52451901,-0.060397483,-0.83267351,-1.1401322,0.81465656,0.60466599,0.0026292845,1.412744,negative,4
20020896,after,0.074518057,-0.13451727,1.5573514,-1.2065343,1.7365007,4.0657937,1.6833602,-1.104002,negative,4
20020917,after,-2.209558,-1.0257157,0.75035801,1.7380073,-1.3469903,0.30757499,1.6789254,0.028305825,negative,1
20020954,after,-1.0916316,0.27889032,-0.67227564,0.13644848,-0.311722,1.3836237,-0.69686195,-0.67099445,negative,1
20021029,after,-0.99099002,-0.45055919,1.2823758,-1.4809268,-0.08639725,0.037995871,0.11042316,-0.51848563,negative,4
20021039,after,-1.1777347,0.30593411,-0.11217251,-0.77076172,-0.085672992,-0.33279097,1.1542335,0.59155156,negative,1
20021049,after,0.26905423,-0.17569597,-1.3628323,-0.39054946,1.5787144,-0.62752252,1.0019256,-0.27496441,negative,3
20021093,after,-0.96308616,0.77936257,-1.3214714,-0.28961965,-0.047868877,0.55735901,-0.43039178,-0.45619756,negative,3
20021115,after,-1.3825595,-0.81361041,0.35622518,-0.73917072,-0.8052521,-0.079041836,-0.55264141,-0.79710882,negative,1
20021129,after,0.20565562,-0.26712395,0.65954857,-1.3387914,0.61001115,0.12214783,-0.83674291,-0.048528465,negative,4
20030016,after,0.14689377,-1.9247957,-1.4362925,0.58909356,0.63620721,-0.58620166,-1.1799241,3.3184929,negative,2
20030029,after,-0.85704054,-1.6239538,-0.75260647,-0.48713455,0.11006082,0.10667528,0.91942206,2.2586088,negative,2
20030030,after,-1.0928593,0.64542281,-1.3078607,-0.066199183,-0.49265625,1.0891081,-0.78787158,-0.53753392,negative,3
20030035,after,-1.4999978,-1.2320577,-0.13438722,0.54894413,0.42078889,-0.95614943,0.62637601,-0.20558646,negative,1
20030044,after,0.29061847,0.060636608,1.4141241,-2.3147466,-0.82349484,0.23481036,-1.176981,-0.34521201,negative,4
20030046,after,3.2185248,-3.6388008,-1.0576622,1.1736456,1.4982602,3.2318278,1.0350263,2.4187778,negative,2
20030086,after,-1.2834667,-0.17639811,0.82323256,0.72424904,-0.51238427,-1.0035612,0.56666972,-0.6614785,negative,1
20030099,after,2.8326788,-2.5784412,-1.1589965,-0.71926927,-1.7569912,-0.66251649,1.5578671,0.723981,negative,2
20030118,after,-1.4457348,-0.61654619,-0.11187034,0.10729213,-0.41019188,-0.11877866,0.27229522,-1.1428011,negative,1
20030124,after,-0.45132137,0.02431941,-1.2822355,-0.73579357,0.50418823,-0.47122545,-0.53888725,-0.65114732,negative,3
20030170,after,-0.13607598,-1.5434441,0.2483011,0.40601437,-0.32612638,-0.9095624,0.052045096,0.60438454,negative,2
20030369,after,2.6077611,-0.4325404,-3.5360187,-0.51734792,0.16932054,2.4457535,-3.5181647,-1.9147884,negative,3
20030452,after,-1.2508953,-1.2449539,-0.14496249,-1.271948,0.91313262,0.648246,-0.48344072,2.0422656,negative,4
20030478,after,0.98713988,-1.7479678,-1.438921,3.1323769,-0.80617973,2.0221345,-0.49558471,-0.54076494,negative,2
20030629,after,0.7888731,-0.33123366,0.045940348,-1.3689309,-0.10937925,1.5226691,-0.28171928,-0.4962843,negative,4
20030653,after,0.066095566,-1.6180953,-0.89929371,0.44630236,0.87454845,0.51079507,-0.44718746,0.55496187,negative,2
20030716,after,0.20900275,-0.89775315,-1.043628,-1.3854006,-1.3171934,-0.026783196,2.2811142,1.5020915,negative,4
20030727,after,-0.42601526,-1.9259239,0.7612931,2.5458717,-0.82927145,0.023584643,0.31501065,-0.15953654,negative,2
20030796,after,-1.1323045,0.041657267,-0.71046907,-0.47334805,-0.44852125,-0.53136717,-0.67005373,-0.13774499,negative,1
20030870,after,-0.53836927,-1.7674103,-0.16545724,0.57231365,3.1921242,0.94024794,0.79124305,0.73272541,negative,2
20030893,after,0.0062622058,1.6773742,-1.9663602,-0.19759011,0.99890895,2.5143598,-0.10493836,0.86306778,negative,3
20031066,after,-1.1130587,0.9218461,-1.0773667,-0.63357509,-0.11782922,0.59663176,-0.4887684,0.29713895,negative,1
20031173,after,1.8158625,-2.7054935,-0.13195017,-3.2381464,2.1657328,2.5659818,1.1570847,0.68496189,negative,4
20031189,after,0.92338731,0.99365704,1.8390353,-1.3383284,0.56780795,1.2692199,-0.18465054,-1.1726854,negative,4
20040003,after,-0.37871523,0.54442815,-1.3700999,0.0020493426,0.093645114,-0.15353586,-0.45114771,-0.61161528,negative,3
20040100,after,1.5655611,1.3692067,-2.0911177,1.3762606,0.96860339,-0.10950633,0.91532364,0.32443106,negative,3
20040159,after,-0.063958972,0.019364042,-1.2520218,-0.96620941,0.030951912,-0.88159502,-0.74979306,-0.014394299,negative,3
20040167,after,1.3033182,-3.6011866,-2.0380116,-0.90658557,3.2651976,1.2332743,-0.53729252,3.3348236,negative,2
20040201,after,-0.41229916,0.1220216,-1.2890158,-0.60898641,0.53251357,-0.31502417,-0.26486703,-0.46629377,negative,3
20040205,after,-1.0909957,0.40641447,0.56656075,-0.12742961,0.74851053,1.5985067,1.4875616,0.80139325,negative,1
20040217,after,0.4399999,-1.5565021,-1.2712453,0.59175258,-0.021606356,-0.56364904,0.38020613,2.5454365,negative,2
20040235,after,-1.0895664,0.81970428,-0.13787849,-0.048651919,-0.14125856,-1.0508239,0.65238384,0.39357245,negative,1
20040242,after,-1.1914559,0.22212566,-1.0227061,-0.77676531,-0.23178507,-0.75378943,-0.08551024,0.12799038,negative,1
20040263,after,-0.42456196,2.1520176,-1.409806,-0.47136079,0.18606806,2.3917866,0.24494396,0.041770513,negative,3
20040382,after,0.099767361,0.74272305,-1.2305973,0.16370283,0.68685699,0.38282639,-0.3939269,0.10349585,negative,3
20040394,after,1.0016694,0.22651329,-1.1667675,-0.040824308,-0.64051642,0.50768116,2.1440366,0.25890946,negative,3
20040456,after,-1.0318002,0.18735113,-0.22715983,-1.2793899,-0.68525169,0.2826889,1.3089401,1.6641588,negative,4
20040463,after,-1.1316848,-0.37843047,-0.077293779,0.60423675,0.015796197,0.17843478,0.3954564,-0.44266694,negative,1
20040557,after,-0.024344273,-1.5613483,0.93958146,1.7584968,-1.4448307,0.70401945,0.06526197,-0.55152773,negative,2
20040777,after,-0.62946015,-2.0746414,2.3407258,0.94739557,-1.2902163,-0.64874506,0.53867781,-0.22683099,negative,2
20040792,after,0.14334066,-2.0056068,-0.1493063,0.97877172,-0.54105803,-0.21522872,0.84537199,0.39321099,negative,2
20040800,after,0.22690825,-0.78279363,-1.4786303,0.12752614,0.077611585,1.0903043,0.98213073,1.0137702,negative,3
20040843,after,0.78181976,-1.0947238,-1.1714093,-0.34913805,-0.11036367,0.81877242,0.35418033,0.89893047,negative,3
20040888,after,0.16971576,-2.4348151,-0.095746931,0.24262019,0.00099891389,1.0193175,-1.5773709,1.66343,negative,2
20040984,after,1.7101361,-2.4624793,-1.3950896,0.91197839,0.81476002,0.13995883,-1.9370742,1.3717999,negative,2
20041079,after,-0.89140846,0.97011748,-1.4004929,0.043392098,0.20164577,0.66571177,-0.37283274,-0.021936282,negative,3
20041091,after,-1.7751844,-0.52026994,2.6357015,-1.7262812,-1.152984,1.8781194,-1.5454363,-0.29963886,negative,1
20041118,after,-0.77157288,0.93830812,-1.1819772,0.34924425,-0.33609767,0.7734089,-0.34409766,0.16148418,negative,3
20050007,after,-1.3516174,0.61230659,-1.1207859,-0.69748878,-0.28859576,0.1400025,-0.36701159,0.24614024,negative,1
20050033,after,-0.77726513,0.47246925,-1.923896,-0.54441026,-0.68303427,1.1676293,0.44159851,-0.52890489,negative,3
20050057,after,0.0025091472,1.1010781,-1.6463303,0.47146316,1.1272352,-0.27770516,0.088002749,-0.70513423,negative,3
20050095,after,3.0594909,-1.5432791,1.128843,-0.33618578,2.029596,-0.71356452,1.9055879,-1.489074,negative,2
20050155,after,-0.14706108,0.74915055,-1.5951037,-0.58303119,0.94648046,-0.3575256,-0.68484086,-0.76004616,negative,3
20050230,after,0.85564876,-0.99124825,-1.3085127,-0.74731993,-0.79126473,-0.87557547,1.3484717,-0.13041998,negative,3
20050239,after,-0.0095549344,-0.0055619013,-1.281217,-0.1433977,0.78293316,-0.69936199,0.13507179,-1.2007118,negative,3
20050256,after,2.6214585,-1.3544597,-1.5276694,-1.1421934,0.1907063,-0.50729898,-0.28401528,0.98081762,negative,3
20050346,after,0.82989213,-1.641459,-1.6173028,-0.266371,0.35299037,-0.40979027,-1.575143,3.2081131,negative,2
20050462,after,-0.64716518,-0.28828398,3.0891602,-1.6775227,-0.73875035,0.647391,-0.77971239,-1.1721029,negative,4
20050721,after,0.52900258,-1.8673459,1.0312239,-0.16901907,2.1328653,2.034921,-1.4960363,1.288147,negative,2
20050729,after,2.1988134,-1.0150404,0.41885047,-1.6655645,0.74238298,-0.3110385,0.26338807,-1.2746383,negative,4
20050967,after,-0.42201094,0.69513284,-0.065021142,-1.4118049,0.90429105,-0.1439896,-1.346651,0.7538296,negative,4
20051036,after,0.75941624,0.6145039,1.7657858,-1.14068,-0.018379028,1.0754017,-0.58430439,-0.66452011,negative,4
20051069,after,-0.02090418,-0.17650992,0.15215938,-1.0676728,-0.63787844,-0.40244561,-0.69823592,-0.77033797,negative,4
20051116,after,0.36263414,-1.7763407,-0.58716811,-0.51377754,-0.73192897,0.12834434,-0.35934121,1.4408281,negative,2
20051130,after,-0.8467628,-1.2387773,-0.18623348,0.83958714,0.34419656,1.0492376,-1.0033677,-0.75542783,negative,2
20060016,after,-1.3942086,-0.60100747,0.17873778,-0.75927666,-0.85927791,0.083755598,-0.50513876,-0.50241971,negative,1
20060040,after,0.6867749,-0.029889416,-0.34550514,-2.0659282,-0.82357795,-0.27690466,0.64622766,0.24848066,negative,4
20060057,after,0.11770214,0.17204936,3.3827405,-4.9667665,-3.2446833,4.6618864,-0.55073761,1.5490198,negative,4
20060071,after,-0.48287044,-1.341487,-0.22334769,0.083666681,1.0631907,-0.506051,-0.19516232,-0.72187713,negative,2
20060088,after,-0.5889373,0.72667473,-1.3159956,-0.473352,0.6635125,-0.89659151,0.51284925,0.54482131,negative,3
20060138,after,-1.1096369,-0.36018627,-0.48648057,-0.49082837,0.29608982,-0.42097083,-0.8159416,1.0227038,negative,1
20060146,after,-0.25998266,0.24923199,-1.3238006,-1.0988428,-0.50152634,-0.38216048,0.21724722,-0.53960473,negative,3
20060173,after,-1.3256396,-0.2507986,0.51915108,-0.83511078,-0.36012192,-0.61511321,-0.8157675,-0.63343454,negative,1
20060187,after,-1.0748056,0.088369039,-0.12925748,-1.1351527,-1.1015339,0.59832702,1.2580783,1.1849846,negative,4
20060260,after,-0.34893276,-0.57480287,-1.3702427,0.12777711,1.5136996,-1.0495844,2.49884,0.20318639,negative,3
20060272,after,0.50030418,-1.378818,-1.9292828,-1.9259283,-0.94298092,0.34232317,2.5989025,1.9562539,negative,3
20060280,after,0.51833382,-3.6536593,-2.2322169,-1.2435022,2.8669435,1.7540973,2.0403255,0.060186128,negative,2
20060312,after,-1.1634223,0.065963812,-0.79364885,-0.40322685,0.2804952,-0.80864356,0.13555807,0.28536799,negative,1
20060355,after,-0.62236366,0.90463557,-0.2734996,-1.1901112,-0.83864058,-0.45120352,0.065939381,-0.22781608,negative,4
20060378,after,-2.5533333,-5.740123,0.45348498,1.292874,1.5622192,1.7165563,2.4923622,4.4239265,negative,2
20060600,after,-1.1865004,0.96515517,-0.92137369,-0.88512212,-0.75208774,0.52877053,0.9113007,1.0381515,negative,1
20060620,after,-0.051031175,-1.8606419,0.85335211,0.18451398,2.0828949,0.056217078,0.34453043,1.0050785,negative,2
20060661,after,-1.0785292,-1.1984093,0.34599762,1.6751592,-0.78123072,-0.61828864,0.0042034685,-1.0839502,negative,2
20060715,after,-2.2410464,-0.89905106,0.89138602,0.17437207,-1.3044533,1.2273828,1.5670433,1.6005248,negative,1
20060787,after,1.4136125,0.068590698,0.85101896,-1.5360199,2.1446744,-0.31479042,0.26574144,0.086203251,negative,4
20060799,after,0.086994938,-1.5126575,-1.199943,0.29820151,0.71940112,0.97244714,-0.85596187,-0.027993924,negative,2
20060823,after,-1.154261,0.44480377,-0.23002488,-0.27699229,-0.16823826,-0.3581221,-0.042335141,-0.13456873,negative,1
20060849,after,-0.24206185,-1.5825198,-0.089729641,0.47861118,-0.11316484,-0.63113805,-0.86500274,0.52474751,negative,2
20060907,after,-1.0844557,0.95641692,-1.7336629,-0.4954486,0.41514489,0.62079413,0.24397073,-0.30171309,negative,3
20060946,after,-1.1410081,0.5985629,-0.96713126,-0.48676423,-0.084764531,0.02848094,-0.62998481,-0.088412764,negative,1
20060991,after,-1.3311086,0.564786,-0.096903754,-0.64941544,-0.36097409,0.34508163,0.015125877,0.624012,negative,1
20061034,after,0.32415381,-1.4277672,-0.79314699,-0.74989954,1.660288,0.81484526,1.2025047,-1.1564761,negative,2
20061056,after,-1.6265173,0.2385999,1.3701583,-0.39082551,0.9716087,1.6417977,-0.16317796,-0.36042063,negative,1
20061079,after,-0.17478125,0.21786968,-1.374576,-0.10576545,0.18588214,-0.40034039,0.218316,-0.38343621,negative,3
20061098,after,-0.068591281,3.9420475,0.56116089,-1.3298259,1.8749906,-1.1345783,1.832728,1.8138956,negative,4
20061109,after,0.35151981,0.45052275,-1.6517162,-0.48781823,-0.50344471,0.1537499,0.40960817,0.14492146,negative,3
20061157,after,-0.58855694,0.47454331,-1.2682666,0.24262554,-0.19399464,1.1781256,0.2048297,-0.37672198,negative,3
20070032,after,-1.2226063,-1.0325317,1.5072249,-0.87177492,1.1701555,0.91961286,-0.031338131,0.58604614,negative,1
20070084,after,0.018353413,-0.013199352,-1.1221821,-1.2811615,0.53509375,-0.27723634,-0.01293507,-0.0032080628,negative,4
20070173,after,-0.43074396,-1.927193,0.64141463,0.65797562,-0.1533907,-1.2502708,-0.061240122,1.6364683,negative,2
20070231,after,-1.0825063,-0.78892858,-0.15475113,-0.05819865,0.160469,-0.085803023,-0.064090914,-0.34546693,negative,1
20070308,after,-1.502943,1.0095106,3.5411272,-2.6574414,-1.0540154,0.81726042,0.16577014,2.3168298,negative,4
20070443,after,2.4593196,-1.4190683,-1.6544493,-0.81386099,0.16754047,2.5343215,0.025727747,-1.4604376,negative,3
20070474,after,-0.097512794,-0.86880217,-0.40123891,-1.0841735,-0.54228635,0.61809614,-0.83526806,0.96051498,negative,4
20070518,after,2.5499347,-4.2213365,-0.47950784,1.646326,-1.6069634,-0.50547949,-1.1806702,4.6097677,negative,2
20070530,after,-0.36327305,-1.5230212,0.69490646,-1.0937886,-0.67723625,2.1790379,-0.0073889574,0.30651637,negative,2
20070575,after,-1.2297623,-0.76808349,0.87100095,-0.2126214,-1.1729238,2.1599047,0.222264,-0.19073136,negative,1
20070732,after,-0.012435171,-1.560516,-0.11399921,-0.37838758,1.148614,-0.35699802,0.66643963,1.8376346,negative,2
20070882,after,-0.055473595,0.54504007,1.5865345,-1.8850002,-0.20438902,-0.4277909,-0.81694555,-0.1204077,negative,4
20070935,after,-1.2459032,0.17923737,-0.51225405,-0.59145442,-0.77914621,0.42857674,-0.18903301,0.12146861,negative,1
20070941,after,-0.54592086,3.5485835,-1.5049818,0.46937129,0.67721982,1.6075565,0.30708268,1.1214145,negative,3
20070989,after,0.91358718,-0.070810912,0.062368221,-1.570979,-0.67839917,0.095300457,-0.72078466,0.28819277,negative,4
20071026,after,1.834553,1.3951582,1.0645598,-1.5998659,-0.029339092,0.58802079,0.72026237,0.39614888,negative,4
20071055,after,0.94667752,0.018209539,-0.15323188,-1.7087742,-0.62787452,2.0493546,0.33496932,-1.4406567,negative,4
20071071,after,-1.3302934,-0.48648894,-0.29507433,-0.047871064,0.31001592,0.41549853,1.576889,0.87447411,negative,1
20071134,after,-0.26024927,0.21521506,-2.1337939,-0.096823241,0.69076354,0.61356004,0.061275499,-1.1755452,negative,3
20071149,after,-0.32204861,0.7910538,-1.2342231,-0.0066152643,0.26342381,-0.55611852,-0.029171222,-0.2932624,negative,3
20080009,after,-0.25951792,-1.4329468,1.9010622,-0.10610752,-0.73350288,-0.099445019,0.38457656,-0.11035796,negative,2
20080014,after,-0.35833986,-0.044542001,-1.6743855,-0.18631846,0.37892471,-0.18038078,0.41590397,-0.65422673,negative,3
20080021,after,-1.114173,0.86086197,-1.0946487,0.54492502,-0.59757714,1.2804257,-0.1881408,-0.068250917,negative,1
20080105,after,0.88861726,0.7102319,-1.8588931,0.40306863,-1.6805638,0.84688285,1.0607928,-0.17967799,negative,3
20080124,after,-1.3066286,-0.46188525,0.73116215,-0.23528045,-0.16801046,-0.4834993,0.70688331,-0.57665051,negative,1
20080152,after,-1.1488497,-0.040904092,-0.46483014,-0.27068366,-0.40892921,-0.99799767,-0.011419528,0.020351541,negative,1
20080158,after,-0.64804597,0.22142048,-1.3340426,-0.65895655,0.18246198,0.25690226,-0.19030248,-0.39612108,negative,3
20080192,after,-0.24358091,1.0983,1.6223949,-1.4956326,1.0353829,-0.073298234,-0.27846854,1.3193888,negative,4
20080204,after,-1.3472813,1.0093992,0.9600612,0.31471429,0.20304463,0.47415339,1.3421159,-0.31748019,negative,1
20080344,after,-1.24354,0.19664351,-0.3009991,0.10207576,-0.58385878,0.07545686,0.03815239,-0.38497316,negative,1
20080347,after,2.6767259,0.31430072,1.1270941,-1.5167033,-1.0920598,-0.53373427,0.39264763,-1.1760209,negative,4
20080381,after,-0.98745926,-1.8046459,-0.05153294,0.44734712,-0.10798595,0.10822487,0.041315991,0.28902832,negative,2
20080393,after,-0.69348775,-3.917195,-0.82341436,2.6671984,0.36634558,1.3797181,1.1568503,1.1335376,negative,2
20080534,after,-1.1036866,0.51720965,-1.0017763,-0.16202448,-0.7939426,2.4443662,-0.48313958,-0.098962992,negative,1
20080640,after,-1.1522358,0.552789,-0.1723084,-0.48650159,-0.24619334,-0.5463535,-0.9251884,-0.66206945,negative,1
20080726,after,-0.137926,-1.4369347,-0.025969152,-0.080534776,2.3752989,0.32949951,-0.53006267,3.3658151,negative,2
20080743,after,-1.7521095,-0.41388106,-0.23641747,-0.098499341,-0.57095387,0.20587434,0.12045433,1.6473621,negative,1
20080774,after,0.81815879,0.85599108,-1.1671255,1.259736,-0.52710244,0.89269282,-0.40874575,-0.90269918,negative,3
20080943,after,-0.88780141,-1.9322714,-0.8773504,-0.62029412,0.80569162,-0.020439302,0.37737305,2.9116408,negative,2
20080967,after,-0.28034159,0.75295148,-1.368707,-0.077046757,0.72187037,0.95922159,-0.52590001,-0.63011724,negative,3
20080979,after,-0.7780617,0.72754742,-1.3251911,-0.2968779,-0.010888205,0.63106034,-0.31147269,-0.046573309,negative,3
20080999,after,-1.1418997,-0.35750439,0.1033008,0.7859037,-0.3364331,-0.23217568,-0.16445878,-0.57545157,negative,1
20081020,after,-1.1099758,0.24469893,0.029260886,-0.73028218,-1.0286459,0.74018508,0.95830639,0.10350428,negative,1
20081022,after,-1.2243727,0.68432865,3.7956969,-2.1292427,0.22601573,1.2945995,-0.28962153,-0.59601365,negative,4
20081078,after,-0.37008206,-0.12709467,-1.3185861,0.073180339,-0.4493273,0.13105,-0.31204706,-0.54366665,negative,3
20081103,after,-1.0927483,0.45527657,-0.0406809,0.044785567,-0.40746938,-0.42022588,1.0433252,1.2292085,negative,1
20081132,after,-0.63121156,0.24931201,-1.3338025,-0.36829499,0.77851084,-0.34640637,0.32751522,-0.99143204,negative,3
20090090,after,-0.75442418,-0.22614321,-1.2445827,-0.67254598,0.38520191,-0.56555733,0.51826097,0.80322066,negative,3
20090133,after,2.1107728,-1.3276148,-0.70149423,0.10651781,2.9436537,-0.27448116,0.2458874,-0.56711764,negative,2
20090207,after,-1.5845108,-0.53468992,0.88687581,-1.1200491,0.50101966,1.5144524,-0.37097803,0.38040745,negative,1
20090224,after,-0.20740155,-0.082103948,-1.4789532,-0.34403213,0.90207011,-0.54864049,0.033708496,-0.76306203,negative,3
20090264,after,-0.66463374,-1.3446174,-0.26512541,-0.61956072,0.65685657,0.23536438,-0.72724357,1.8402359,negative,2
20090269,after,-1.4258048,-0.7681401,0.54167387,1.1686994,0.33497822,-0.78376358,0.79627404,-0.71680398,negative,1
20090270,after,-1.105265,0.33157157,-0.67534908,-0.35015114,-0.17166151,-0.76917292,-0.18457506,0.059411889,negative,1
20090272,after,-0.8413133,0.42565144,-1.3322505,-0.40273167,-0.060646067,-0.016513782,-0.4030078,-0.166299,negative,3
20090307,after,-0.55921352,-2.9956448,-0.43832209,-1.961989,2.2028239,2.1117603,2.2040824,8.0277626,negative,2
20090345,after,1.6469161,0.5534058,-1.3041942,3.5353428,0.24051432,0.86115302,0.24444318,0.6537056,negative,3
20090379,after,-1.6946782,-3.445788,0.1748129,1.7751392,-1.9355164,1.198887,-0.22155938,-0.10597235,negative,2
20090385,after,2.1866053,-3.6746487,-1.7878598,1.0285253,-1.0733708,-0.21101182,-1.5943434,1.4019635,negative,2
20090393,after,-1.4221436,-1.0669458,0.96056732,-0.12178899,-0.028273252,0.98328729,-0.17043983,-0.84116271,negative,1
20090447,after,-1.1685403,-2.531343,0.6466742,3.0660719,-1.7926924,-0.32910719,-0.43297741,-1.8449691,negative,2
20090475,after,-1.7307259,-1.8072191,0.25053667,1.3548561,0.5787359,0.58603417,-0.22754541,1.414442,negative,2
20090541,after,-1.2922063,0.22420218,0.66584559,-0.39638045,0.035508592,0.92242791,0.64182027,0.48219196,negative,1
20090553,after,-0.32695421,-2.9465101,0.34340173,1.6603543,-0.78971344,2.3397614,1.9644324,1.6673011,negative,2
20090598,after,1.1490153,0.10232829,-1.5230772,-0.92102853,-0.77359316,-0.098870299,1.4840228,-1.0291275,negative,3
20090614,after,0.34853714,-1.4206433,-0.12150275,0.1625354,0.90745576,-0.52584582,0.54663154,-1.0554509,negative,2
20090679,after,1.985178,-1.7230019,0.37587969,-1.8278997,0.081195639,2.1007362,3.7509397,0.04664797,negative,4
20090736,after,-1.2308001,-0.45166231,0.17691493,0.12200675,0.87355904,-0.78593744,0.78370026,0.53443919,negative,1
20090944,after,-0.47408772,0.52042956,-1.286672,-0.37667258,-0.17225164,0.407413,-0.13981895,0.117691,negative,3
20090973,after,-0.32795177,1.2969505,-1.2204367,0.84953754,-0.22273672,0.63713978,-0.22516192,0.78095572,negative,3
20091022,after,-0.18023024,-1.7703818,1.0614737,0.38993385,-0.59230495,0.30275927,0.33829578,-1.0115993,negative,2
20091109,after,-0.70194459,0.44628851,-1.271935,-0.49720259,-0.99125807,0.55988564,0.14592622,0.43528112,negative,3
20091183,after,-1.2033896,0.45112454,-1.0637742,-0.49236306,0.24852083,-0.39697855,-0.23253889,-0.0049114278,negative,1
20100009,after,-1.4075932,0.15195242,-1.1799986,-0.18375222,-0.13223235,0.81973611,-0.18841201,0.14876138,negative,1
20100064,after,-1.0296311,0.52141021,-1.3463686,-0.59481866,0.1819142,-0.28693986,-0.32056417,-0.28805382,negative,3
20100077,after,-0.56696394,0.32186404,-1.3818818,-0.13354876,0.99654379,-0.24033255,0.50295035,-0.17300014,negative,3
20100093,after,-1.2297346,0.14284845,0.76307306,0.56778474,1.203494,-0.50173508,1.2521687,0.86658381,negative,1
20100105,after,0.059716598,-1.684827,0.30797108,0.0017306288,1.2571359,0.81589838,0.83860024,-0.96621428,negative,2
20100173,after,-1.1084536,0.27012329,-1.1638853,-0.60723043,0.3250358,-0.21427746,0.24950535,0.27381711,negative,3
20100209,after,1.0112093,-2.3449753,0.37121443,0.8103863,-1.221561,-1.2968662,-1.4415808,0.71973087,negative,2
20100269,after,-0.15559083,-0.84059295,1.3996686,-1.2528876,0.46779982,0.92082995,-0.73354773,-0.068150134,negative,4
20100459,after,2.3876376,-1.4046725,-0.51697314,-0.64099486,-0.21535752,1.5991714,-0.41343487,-0.85392256,negative,2
20100502,after,0.46576509,-1.6297651,-0.065944081,-0.19851256,-0.29476188,-1.1636698,1.2859682,-0.95417909,negative,2
20100676,after,0.012692888,-1.2683991,-0.02633163,-0.14098432,-0.036330828,0.16100624,-0.64514488,1.4136506,negative,2
20100707,after,-1.121163,-0.44785751,0.007786084,-0.50724038,-0.093829588,-0.31929683,-0.14656459,0.33490101,negative,1
20100803,after,-1.4016062,-1.2990853,0.93972974,2.00959,-0.37483827,-0.89904395,0.84900749,-0.98221725,negative,1
20100880,after,-0.37438319,1.4647765,-1.7964085,0.87073222,-0.081819875,2.2600426,-0.42563483,-0.34406755,negative,3
20100896,after,0.35666238,-1.7972653,-0.34559589,0.55730638,-0.090397554,-1.6135545,0.19434539,0.471247,negative,2
20100897,after,-1.3477534,-0.28198403,0.24698355,0.4528078,0.10658101,-0.31674222,-0.33984381,-0.56609035,negative,1
20100924,after,-2.1172866,-2.7005461,1.6672293,3.4588088,-0.53336998,0.29744406,0.47896065,-2.5813285,negative,2
20100974,after,-1.2512506,0.16246018,-0.49621803,0.29441953,-0.45673054,-0.059418683,-0.14721527,-0.20400484,negative,1
20101161,after,-1.7627464,-2.5336633,2.1218884,0.18409915,-0.5041095,-0.11607153,0.19845904,0.58029337,negative,2
20101174,after,-0.87902367,0.42254239,-1.5769414,-0.42769089,0.078783731,0.37382141,-0.18048313,-0.40000403,negative,3
20110010,after,-1.2726241,0.21414093,-0.17378863,-0.38189263,0.12924213,-0.26843026,0.30527402,0.27116311,negative,1
20110017,after,-1.0691434,0.41944638,-1.1792062,-0.57746658,0.65498096,-0.64689179,0.32644193,-0.50489174,negative,3
20110030,after,-0.45828819,-0.38100763,-1.728645,-0.3728347,0.33017521,-0.093026819,0.35667402,-1.5171442,negative,3
20110064,after,-1.3576484,-1.6819286,0.44737428,1.290239,0.53167242,-0.40429163,0.92386682,0.15596533,negative,2
20110080,after,-1.7078238,-1.6224248,0.71520149,0.82893722,-0.85088137,-0.7799035,0.35015504,-1.1698487,negative,1
20110153,after,-0.9494749,0.54362068,-1.1658871,-0.25214108,0.43700826,-0.3543127,0.6147407,-0.21352035,negative,3
20110219,after,1.5595488,-2.7876418,-1.0887369,-1.0160364,-0.3390874,0.079210724,-1.0112252,1.0180412,negative,2
20110235,after,-1.3396279,-0.70707778,0.20719704,1.0968516,-0.85405919,0.69410355,-0.21346338,-0.63503152,negative,1
20110332,after,0.14183985,-0.67028128,-1.4333942,-0.85037206,1.8360554,0.017181937,0.33255236,-1.1502749,negative,3
20110374,after,-1.2970245,-2.9969446,1.3319175,0.025189722,-2.6722419,-1.0176075,1.8142284,-1.9179274,negative,2
20110427,after,-0.41277725,0.18012197,1.6693698,-1.3382844,0.9537009,1.3415256,0.15606561,0.038478212,negative,4
20110445,after,0.89157241,-0.72436151,-1.4542333,-1.206089,-0.56641793,1.0466358,0.20084008,1.1180685,negative,3
20110508,after,-1.5832514,-0.13462288,-0.18752365,0.072843359,-0.25078022,0.17288044,0.2185403,-0.79467163,negative,1
20110538,after,0.68129322,0.034924889,1.04989,-1.4756707,-0.28378784,0.50984164,0.53349718,0.074272894,negative,4
20110541,after,1.9804427,-2.7754384,-2.467272,0.39840197,-0.78532615,0.16727683,1.353487,1.4268469,negative,2
20110550,after,-0.23994716,-1.3561879,-1.1000685,-0.036234999,2.1329413,1.1347923,-0.10923827,0.38984273,negative,2
20110598,after,-0.080470839,-2.0868466,0.047769881,0.51625762,1.5715652,-1.0863933,0.019127155,3.6280115,negative,2
20110655,after,-1.0873922,-0.98815722,0.64493139,0.26335123,1.23136,-0.94743594,-0.48568776,1.1033634,negative,1
20110713,after,-1.3234323,-0.10985379,0.23188628,-0.6737492,0.038213709,0.085168259,1.0148405,-0.60951186,negative,1
20110774,after,2.9099111,-2.3485346,-1.4976885,0.070517401,0.34936396,-0.18130191,-0.84323684,0.09841237,negative,2
20110787,after,0.64339075,-0.23425239,0.75925879,-1.4125567,-1.3381385,0.22427084,2.0425726,-0.67156028,negative,4
20110838,after,-1.8114399,-0.038494254,0.45265862,1.5195082,-0.39647131,0.057321663,0.93438332,-0.97113007,negative,1
20110899,after,0.80860117,0.047716999,1.0956251,-1.2774323,0.32964173,-1.0675009,-0.53688755,0.075846315,negative,4
20110955,after,-0.91025929,1.4443368,-0.6728795,-1.2855015,0.087712856,0.64791161,0.92779129,1.2387939,negative,4
20110959,after,-0.6849756,-1.9231373,0.58015338,1.4700838,-1.4504456,0.27083222,-1.7620332,-1.4791938,negative,2
20111005,after,-1.3537044,-0.016662576,-0.62758606,-0.34666487,-0.11871799,-0.15445972,0.3096772,0.95011543,negative,1
20111020,after,2.7687434,-1.9505991,-2.4016896,-1.2597868,1.2852603,-0.069536456,1.1369411,-0.47303667,negative,3
20111034,after,0.44320645,0.26225226,-0.52202835,-1.6611302,-0.25679808,0.39229933,-1.3282795,-1.1176594,negative,4
20111066,after,1.3075545,-1.5549778,-1.4533576,0.48538004,-0.86540709,0.65581023,1.5643224,-0.80133425,negative,2
20111100,after,-0.89700035,-0.30172721,-1.2227618,-0.60665784,-0.52034171,0.4715235,1.0325136,0.62816105,negative,3
20111128,after,0.29384961,-0.33509696,-0.11631428,-1.6950543,-1.4359524,0.14277112,-1.2809431,-1.3411125,negative,4
20120079,after,2.9480725,1.9993952,-1.7462225,2.3579842,2.0820775,1.2852953,-1.198608,0.1053689,negative,3
20120089,after,-0.44521927,-0.023200183,-1.5217716,-0.6978862,-0.081957247,0.43824532,0.30268472,-0.22499803,negative,3
20120116,after,-1.2259617,-0.19625501,-1.0718986,-0.44772235,-0.24844801,-0.13597714,0.60310051,0.97919925,negative,1
20120120,after,2.3304817,-1.7169147,1.9305223,0.39246008,-0.4763307,1.7380319,-0.35561741,3.276979,negative,2
20120200,after,0.19192368,-1.4669891,-0.86001475,-0.43081886,-1.3066811,-0.61505495,1.530688,2.4425385,negative,2
20120206,after,0.56608573,-0.20558965,-1.1775607,-0.78673182,0.2196058,1.3629868,-0.70851299,-0.18117042,negative,3
20120227,after,-1.8185326,-0.61551994,0.61159447,-0.72603158,-0.95902893,0.35502589,2.3349019,1.0538752,negative,1
20120375,after,-1.4137947,-1.0407454,1.3438103,-0.41990747,-1.0530287,-0.027179243,-0.36467627,-0.42618036,negative,1
20120441,after,-0.22553724,-2.2894623,0.42677488,0.35509872,1.6744977,0.46561176,0.88647313,0.30945584,negative,2
20120541,after,0.37007333,-1.9919559,0.067570744,0.39639793,0.561917,-1.2186617,-0.72364104,0.074821156,negative,2
20120567,after,-1.0008321,-2.0158588,1.3039763,0.93278334,-0.66007817,-0.62236812,-1.1931629,-0.74199255,negative,2
20120642,after,-1.4771229,-0.66073077,0.61200392,0.88575654,0.26895496,0.89098426,-0.81920821,1.1294725,negative,1
20120705,after,0.17201025,-2.1991324,0.78440421,-1.4742015,-1.3770949,0.7198029,-1.0941261,-0.1836265,negative,2
20120723,after,0.46580868,0.89599555,1.6554126,-1.0894028,1.6491694,3.0591725,0.91344572,-0.5193766,negative,4
20120830,after,-1.5746902,-0.0041014435,0.2826412,1.2116627,-1.0685161,1.2967738,0.57149402,0.4424478,negative,1
20120890,after,-0.35554645,0.32763367,-1.3467856,-0.55972934,0.507942,1.7445505,-0.25158264,-0.89732532,negative,3
20121002,after,-0.9329236,-2.10314,0.55484364,0.92921728,0.31379655,-0.0065434017,0.5214187,2.4105038,negative,2
20121026,after,-0.02954748,0.107784,-1.3933691,0.32793971,-0.42917268,0.11599214,0.12230579,-0.58211372,negative,3
20121119,after,-0.84170287,0.9239058,-1.1593095,-0.4240131,0.55105839,-0.45945609,0.005735214,-0.072773945,negative,3
20121150,after,2.2249692,0.67985613,2.092761,-1.988277,-0.34552667,-1.8223353,0.4439693,-1.4805981,negative,4
20130016,after,0.40449346,-1.9874892,0.33110217,0.406832,-1.3886285,1.0551528,-1.9355604,-0.17072059,negative,2
20130018,after,-0.32097866,0.4660461,-1.5597143,-0.17286195,0.90227651,-0.32970075,0.41171862,-0.96297571,negative,3
20130022,after,0.37474994,-0.49328654,-2.5024578,0.068687003,0.83810207,1.1558729,1.6629748,-0.4834957,negative,3
20130047,after,0.074253972,0.68466971,-1.7177556,-0.10733491,1.4418137,-0.72532773,0.43276336,-0.44366188,negative,3
20130057,after,-1.2681733,0.99948803,0.58874182,1.617571,-0.12649475,0.22001284,0.44869326,1.3996299,negative,1
20130073,after,-1.3751135,0.51547389,-1.0066937,-0.54102371,-0.20302744,-0.073474489,-0.018432225,-0.039598589,negative,1
20130253,after,0.77606835,0.24471532,0.62588175,-1.491579,1.0099364,-0.34779286,0.62541871,-0.49917484,negative,4
20130286,after,-1.1476104,1.0945023,0.18808074,-0.026896904,-0.034077151,-0.79491086,0.88514993,0.70012637,negative,1
20130297,after,0.30291113,-1.37803,-0.52998227,-1.0965298,1.0572212,1.7448625,2.8117127,1.9741896,negative,2
20130301,after,-1.0467779,-0.06736053,-1.4500867,-0.3995664,3.2945876,2.9179062,0.09385375,-0.72739286,negative,3
20130321,after,1.2494721,0.54820541,-0.97181837,-2.1966166,-1.8582084,0.23178056,0.79060365,-2.1270161,negative,4
20130332,after,0.50097819,-2.0836596,0.078324449,2.8788275,-1.7942458,-0.8779382,-1.8479641,1.517857,negative,2
20130340,after,0.082428325,-1.0394249,-1.73616,-0.44720725,-0.36715064,0.44205104,1.3336546,3.2188673,negative,3
20130470,after,1.8257312,-4.3831113,-1.1065011,0.5866576,3.6513466,0.54297942,1.4434046,2.3832528,negative,2
20130501,after,-1.0327805,-2.4748256,0.71941395,0.44135604,1.5119048,0.71522966,-0.0634799,2.751592,negative,2
20130536,after,1.5199499,-2.6319749,1.7310795,-1.2853848,0.12587862,2.2964329,-1.3434619,2.3706391,negative,2
20130540,after,0.3494642,-1.1967028,-0.15282894,-0.084395558,3.5112203,1.3914945,0.92858141,1.3635382,negative,2
20130635,after,2.1555437,-1.9018045,-1.0891377,2.3242099,1.8349723,1.9403486,1.7605863,-0.64307863,negative,2
20130666,after,0.66004998,-2.0905721,-0.43359135,-0.44634408,0.41463388,-2.0748238,-0.20895243,0.26190003,negative,2
20130667,after,-1.3018717,-2.9640138,2.2235032,1.150387,-0.26205445,0.88185389,-1.0406719,-2.3045404,negative,2
20130813,after,-0.39921345,-1.7572616,-0.48760428,-0.062383397,2.0902398,-0.80131324,-0.22266491,2.3589909,negative,2
20130909,after,-1.3516475,-0.092635257,1.0625092,0.67312555,-0.29908513,0.56276474,-0.07007824,-0.087153966,negative,1
20130929,after,-0.67587536,-1.394561,1.6336866,1.1614454,-1.1365757,-1.1783708,0.099806437,-1.389963,negative,2
20130957,after,2.0460239,-2.0309496,-1.1564969,0.17692997,0.70029397,2.099025,4.2337791,0.86321329,negative,2
20130977,after,-0.33093867,-0.11959555,-0.67264598,-1.1546476,-0.23551291,0.53816822,0.32037956,0.89610484,negative,4
20130990,after,-0.13921226,0.33479654,-1.1508658,0.36561922,0.63970781,1.5134385,-0.47869753,-0.64571148,negative,3
20131001,after,-0.95051612,-1.2666725,1.6206588,0.33932094,0.9157255,0.73199193,1.0567896,0.69420321,negative,2
20131002,after,-1.3007494,0.50309809,-0.79628211,-0.16796531,-0.61103357,-0.030134928,-0.15000543,-0.193861,negative,1
20131017,after,-0.1889236,-0.45776431,1.9897596,-1.5239485,-0.72466097,-0.4401142,-0.34232506,-0.56752963,negative,4
20131018,after,0.42153346,-0.28834941,-0.14219087,-1.2450269,0.44438821,0.69812056,-0.29154066,-0.64566244,negative,4
20131031,after,2.5715382,-1.9762345,-1.7431339,-0.59129912,-0.80255312,2.3535685,0.51067112,-0.34838319,negative,2
20131050,after,-1.4356283,-0.38205896,-0.43849159,-0.37287229,-0.72539982,0.18779632,-0.61907011,-0.55618423,negative,1
20131057,after,0.99163108,-1.058878,1.7062758,-2.5586347,-1.1148379,1.0692683,-0.99174887,2.4195796,negative,4
20131072,after,0.63721768,-2.1119319,-0.23381022,1.3278965,-1.9720218,-0.96736675,1.6396806,0.94108261,negative,2
20131086,after,0.98387263,-1.5592401,-0.70945587,-1.465019,-0.2263855,1.1734108,-0.56942128,1.7791952,negative,2
20131096,after,0.46009421,-2.0522678,-0.86508317,0.45864915,0.35889764,2.3614066,-1.4308534,-0.95858805,negative,2
20140006,after,0.36830534,0.78019638,-1.4884364,-1.0911393,-0.58735267,0.095600682,1.3354975,-0.20418461,negative,3
20140041,after,-1.1483816,0.35904379,-0.0093833576,0.33153288,-0.14384002,-0.28213803,0.52560769,-0.28559783,negative,1
20140174,after,-0.584087,-0.53078716,-1.3604967,-0.50795761,0.52127337,-0.44207686,0.50780327,0.33395101,negative,3
20140178,after,-0.40083531,0.5596795,0.66157765,-1.274008,0.42320055,0.048959537,-0.70922225,1.0442022,negative,4
20140181,after,0.75813734,-0.41174771,-1.7982486,0.0021066146,2.3655137,-1.2181821,0.39202448,-1.0873443,negative,3
20140201,after,2.2293968,-0.19878997,0.7814781,-1.788838,0.48814086,-1.5648364,1.3937255,-1.2879764,negative,4
20140368,after,-0.64191193,-2.3715617,-0.49210581,0.22700647,-0.26518563,-0.67701209,-1.4620488,-0.38038872,negative,2
20140500,after,2.4693454,1.0077186,3.2174283,-1.4475509,1.6365298,-1.0450977,1.6512165,-0.13275196,negative,4
20140607,after,-1.1390088,-1.0770634,0.196826,-0.47093599,-0.47034692,-0.66707114,-0.63464134,1.2565674,negative,1
20140615,after,0.93999206,0.54444455,0.24436416,-1.7418614,0.59543117,0.23712083,0.65624486,-1.0060138,negative,4
20140686,after,-1.2108337,-0.15758893,0.90603529,-0.33391321,-1.083656,1.545844,-0.20182124,-0.45184477,negative,1
20140726,after,-1.0904409,0.61328862,-0.82246558,-0.70338852,-0.55924037,0.054439605,0.10101334,0.23423132,negative,1
20140727,after,-1.1784066,0.046943798,0.59130892,-0.036857784,-0.63638167,0.59624032,-0.66734739,0.53338656,negative,1
20140838,after,-1.2200758,0.34856628,0.72542529,-1.1067994,0.20889266,0.79683349,-1.168239,0.2865444,negative,1
20140873,after,0.40357451,0.42512943,-1.3816364,2.1962259,-0.074353222,0.59790854,-0.75384994,0.27811579,negative,3
20140918,after,-1.2123357,0.2922881,-0.22563266,1.4455147,-0.91908161,0.9573869,1.2981393,-0.079571935,negative,1
20140979,after,0.57738683,-0.37742275,3.3123362,-1.8223232,0.264965,0.40455006,-0.062044193,0.06414562,negative,4
20141021,after,-2.846956,-0.6847973,1.061128,-0.85568781,-2.5226424,2.6844357,3.8579136,2.8562874,negative,1
20141035,after,0.91045714,-1.4695981,-0.85229683,0.28057594,1.7426575,-0.83416122,2.0058158,-0.78879542,negative,2
20141039,after,-0.66152161,-1.5052907,1.3791362,0.5118491,-1.212552,-0.75893012,-0.3625738,-1.2352499,negative,2
20141074,after,-0.12571381,0.76670195,-1.3462568,0.94370212,0.88423536,0.15408238,0.5856434,-0.45134098,negative,3
20141148,after,-0.41250834,1.882358,-0.28639348,-1.3670489,-1.0204026,-0.037288032,3.04031,-0.44448613,negative,4
20150053,after,-0.82997713,0.87789414,-1.7673244,-0.26562477,-0.24616245,0.77466027,-0.037567796,0.24944298,negative,3
20150069,after,0.67916443,-0.86529411,-0.92052434,-1.2844891,-0.40124344,-0.30865488,2.5156719,0.61436944,negative,4
20150083,after,-1.1389112,-0.50410492,0.73231591,0.64407586,-0.2101609,-0.47357289,-0.28652745,-0.92917403,negative,1
20150097,after,-0.50058158,-0.22268598,-1.3959705,-0.95597382,0.21241028,-0.34641598,0.27723726,0.30101848,negative,3
20150100,after,-1.2458811,0.057484703,0.48816393,-0.065222316,0.53550642,-0.06959343,0.30179147,0.21073068,negative,1
20150108,after,-0.10012154,-0.047830627,-0.29856503,-1.1744112,-0.034972568,-0.49235872,-0.25154978,-0.57724613,negative,4
20150123,after,-0.19349086,0.10070504,-1.2317485,-0.58201947,0.53969325,-0.30236683,-0.15789285,-0.41712873,negative,3
20150187,after,-0.95035626,0.44285148,-1.1998521,-0.6599409,-0.065545431,-0.40303697,-0.26020137,-0.18081788,negative,3
20150231,after,1.4696412,1.3232512,-1.4630341,1.2424557,2.1513383,-0.43198892,-0.029220205,-0.25838972,negative,3
20150285,after,-1.3941613,0.69765469,1.7453532,-0.60330447,0.57755585,0.15134301,1.6548947,0.062718827,negative,1
20150306,after,-0.1169877,0.13168404,0.1250157,-1.2634011,-0.8553599,-0.56991377,0.056206407,-0.32496974,negative,4
20150359,after,0.9773202,-1.4190522,-1.5004377,-0.81819619,1.4170378,1.6027179,1.5866656,-0.59345826,negative,3
20150441,after,-1.4480379,1.469912,0.017881016,-0.18486965,0.3593031,-0.58882077,3.1434139,1.7199181,negative,1
20150451,after,-1.2053185,0.33004643,-0.27257987,-0.41219003,-0.083982269,-0.094985485,0.59469151,0.97014962,negative,1
20150491,after,-1.1924263,-1.1983168,2.1858298,-1.1935988,-0.61111597,1.6658779,2.8948814,5.3998232,negative,2
20150532,after,3.6200512,-1.6460914,-3.0327912,0.38209445,-2.4376919,1.2919496,-0.15173955,-1.7048198,negative,3
20150546,after,-0.73904711,-2.0067928,1.2096349,1.1458485,-0.27016267,-0.38363715,-0.48282909,-1.2200397,negative,2
20150561,after,1.6905806,-2.3141023,-1.6334064,0.32768585,-0.017158708,-0.059189685,2.8239247,-1.7631109,negative,2
20150628,after,1.8747334,-1.9444646,-0.077498325,-0.086288294,1.8483429,-0.38194867,0.31974885,-0.48192063,negative,2
20150629,after,-1.1895798,0.3214497,0.10513918,-0.19591143,0.014992334,-0.87397048,-0.013334969,0.5266432,negative,1
20150656,after,1.0620358,-2.0244054,-1.140262,0.21640774,-1.0832144,0.59337849,0.34010795,0.7234705,negative,2
20150717,after,0.12593533,-1.7344654,-0.24542695,0.46737089,-0.089689434,-1.5453805,0.78241618,-0.11583323,negative,2
20151119,after,-0.1035654,-2.0291589,0.71483637,1.1218851,0.49607109,0.97938455,-1.3003254,-0.70556053,negative,2
20151160,after,-1.1672164,0.3895716,-0.2855967,0.1177028,-0.33216281,0.43056026,-0.17020935,0.1605201,negative,1
20160006,after,-1.1414769,-0.093383392,0.059748427,0.19141712,0.59570167,0.20117676,0.88569802,-0.55087778,negative,1
20160102,after,-0.99620856,0.8612627,-1.5917512,-0.20823518,0.13076483,2.0648406,-0.14805363,-0.18481703,negative,3
20160132,after,-1.1085319,0.53633224,-0.87630224,-0.69030731,0.061571277,-0.55809226,-0.2704589,0.31225479,negative,1
20160145,after,-0.84519028,0.45008657,-1.162871,-0.68832715,0.38140985,-0.94635076,-0.026643065,0.065035153,negative,3
20160199,after,0.93267964,-0.38716533,-1.6273392,0.08010236,1.474794,-1.1211547,0.73353138,-0.5878682,negative,3
20160232,after,-0.41282939,-0.18155709,-1.4804501,-0.2162059,-0.22503843,0.48748733,0.74492514,-0.5247907,negative,3
20160288,after,-1.0860454,0.90391165,-0.37516376,-0.17460941,-0.025292502,0.70604057,-0.20767724,0.8807351,negative,1
20160539,after,-1.2126193,-0.020688662,-0.92714969,-0.36244503,-0.25363959,-0.55908307,0.30836464,0.46740428,negative,1
20160711,after,-1.1096272,-0.55497246,-0.2263981,-0.86682235,-0.47541003,-0.64291344,-0.14383021,0.15111608,negative,1
20160861,after,-1.4011768,-0.89543102,-0.45402538,-0.011974996,-1.3877403,0.67848115,-0.76980288,-0.99703685,negative,1
20160922,after,-1.5622026,-0.4562724,0.16124899,0.60345364,-0.7143935,0.28180021,1.1451327,-0.31285014,negative,1
20160927,after,0.33749545,0.36090643,-1.3093319,0.0075931861,1.4527133,-0.2588435,0.59932804,-1.0615347,negative,3
20160980,after,-1.3832392,-0.10636367,-0.4061539,1.2141951,-0.25301002,-0.48414618,0.48961388,0.072549619,negative,1
20160994,after,1.4534728,-1.266148,0.19210603,-0.78930404,1.0932014,0.46174673,-1.04577,-0.90987343,negative,2
20161003,after,0.08422351,-2.1674666,0.39543059,0.48836982,-0.9729733,-0.53561258,-1.4873378,3.0676958,negative,2
20161087,after,0.656186,-1.3963709,-0.90402515,1.3449074,-0.98212222,-0.29933507,-0.88373017,2.1933707,negative,2
20161098,after,-0.082333424,0.050302943,-1.601464,-0.82677649,0.078025608,0.22642542,0.55497069,-0.23963874,negative,3
20170023,after,-0.31513247,-0.89893237,0.34208017,-1.311904,0.1468336,1.0549444,-0.23285062,0.24035425,negative,4
20170039,after,-1.2595461,-0.15667042,-1.2751944,-0.62905407,-0.19689422,-0.07791203,0.52544042,0.63730281,negative,3
20170117,after,-0.64598895,0.46100498,-1.0443909,-1.079004,-0.50748642,0.044202442,0.15444973,0.48154065,negative,4
20170135,after,-1.2413594,1.2516073,1.4942089,-0.14269543,0.49449318,0.43839694,0.37747926,0.12305098,negative,1
20170228,after,-0.75034933,-0.0049321859,-0.38448686,-1.0943275,-0.24546969,-0.075557875,0.22568027,0.57902801,negative,4
20170245,after,-1.2517987,0.38243295,-0.63230216,-0.09034483,-0.096010564,-0.40721582,-0.22196207,0.24427089,negative,1
20170348,after,0.99392185,-1.2043038,-0.66651454,-0.91712358,2.022523,0.84011768,2.2505603,1.4531031,negative,2
20170375,after,0.0061807655,-0.062505681,1.2627505,-1.6896796,-1.0989888,0.70427015,-0.5992765,1.2854988,negative,4
20170410,after,-0.17381976,0.30000238,-1.2933407,0.1370654,0.21889675,1.0247033,-0.081429734,-0.34160023,negative,3
20170432,after,-0.021572405,3.1633709,2.5174635,-2.0850704,1.8093237,0.60925451,2.7590577,1.7015323,negative,4
20170504,after,0.59710669,-2.5212634,-0.36575727,0.35912277,1.8865652,0.20063727,-0.44254558,3.3492032,negative,2
20170548,after,1.069875,1.956552,0.76147227,-1.371696,-0.23390768,-0.74868436,-0.61406605,1.65437,negative,4
20170587,after,0.75570547,-3.1581169,-0.38742234,0.19534356,-2.0417266,1.0605,1.1571649,5.0234331,negative,2
20170596,after,-0.6352947,1.1483435,0.84731236,-1.0652477,0.62857383,-0.76299776,-0.85130354,-0.22493504,negative,4
20170676,after,0.17927539,-2.0190157,1.5829284,0.4293058,-0.64225743,3.5157779,-1.2319923,-1.8422802,negative,2
20170749,after,-0.86482889,-1.5431908,0.60620472,1.4435311,0.7638105,-0.1928562,-1.4520326,-0.29846021,negative,2
20170832,after,0.7573406,0.15875397,2.0333004,-1.0618282,-0.61113057,0.29828887,-0.45646912,2.1588295,negative,4
20170866,after,0.4499886,-0.4159778,0.068559386,-1.1627212,-0.062528229,0.014383509,0.024539305,0.13731556,negative,4
20170984,after,0.9322987,2.7626951,-2.3899319,0.32414711,1.5949442,3.9247457,0.17910343,-0.42664799,negative,3
20171126,after,-1.13554,0.66080939,-1.2673382,-0.64704379,0.22301295,0.029024637,0.060374977,0.1324432,negative,3
20171130,after,-0.26775096,-2.9808577,-0.47914074,-1.0424689,0.33038503,0.48044304,1.8092886,5.4102937,negative,2
20171155,after,-1.4211695,-2.240823,1.1963514,3.3567879,-1.5837409,0.38364099,0.61831567,-1.1604205,negative,2
20171171,after,-1.4970466,0.10094301,1.2060884,-0.12751012,-0.17820338,1.4964455,1.2940776,0.65431118,negative,1
20171182,after,-0.030454335,0.097796913,-1.333813,0.43646541,0.013352611,0.36827711,0.097043565,-1.1807952,negative,3
20171189,after,-1.1599723,-2.4869253,0.45942003,1.7809276,-1.2901626,-1.0429697,-0.28502315,-1.9889592,negative,2
20171200,after,-0.76734667,0.34075751,-1.2814729,-0.33828539,0.30977975,-0.4677982,0.12000494,-0.3470207,negative,3
20180009,after,-1.2216764,0.079854986,0.70913967,-0.48747851,0.060395042,-0.60330877,2.2754294,1.0271171,negative,1
20180016,after,1.1888335,0.22943929,-0.82695835,-1.5231145,-1.0123357,-1.1880086,-0.83611549,-0.24150778,negative,4
20180039,after,-1.1477861,0.49127875,-1.0712745,-0.80923757,-0.01581415,-0.33471454,-0.45759766,0.12450983,negative,1
20180050,after,0.13291032,0.21069841,-1.2091677,0.5888856,0.74692262,-0.12547326,-0.15488281,-1.1823841,negative,3
20180096,after,-0.7819743,-0.48519778,-1.8924157,-0.66738762,-0.568018,1.3437774,0.80231485,0.67982517,negative,3
20180099,after,-0.58751855,0.11433324,3.7475212,-2.4162119,-0.82780015,3.160805,-1.6929213,3.4447953,negative,4
20180148,after,-0.30823738,0.1221665,-1.2963707,-0.93698801,-0.70523334,-0.22482532,-0.38810558,-0.11312864,negative,3
20180181,after,-1.0940584,0.71033143,-0.77605063,-0.34021436,-0.0034895709,-0.66263046,-0.1873783,-0.1625742,negative,1
20180182,after,-1.1691858,-0.82571205,-0.27172383,0.32496208,0.56654676,-0.37877548,-0.67465672,-0.20667706,negative,1
20180194,after,-1.1812688,0.49962869,-0.95448854,-0.20220129,-0.31380251,-0.080035654,-0.23604986,0.075297295,negative,1
20180244,after,1.3721553,-2.1631402,0.08393146,-0.01243185,1.6784289,0.57788309,1.8424376,0.15438238,negative,2
20180263,after,0.53700756,-1.2056531,0.14864245,0.088416865,-0.41518689,2.3609018,3.186861,-0.3991453,negative,2
20180278,after,-0.14476655,-2.1059523,-0.082477162,-0.13106229,-0.75053933,-0.34968087,0.12195265,0.67636345,negative,2
20180287,after,-0.76297224,0.46094419,-1.1927776,-0.2406523,0.20088717,-0.24675932,0.025905121,-0.65527231,negative,3
20180333,after,0.7764013,0.71055757,1.1349965,-2.1540771,-1.4676966,0.079718904,-1.7545213,-0.57092562,negative,4
20180339,after,-1.2342063,0.60409826,-0.4295741,0.33632894,-0.64117355,-0.23438738,0.29882448,0.087147691,negative,1
20180346,after,-1.0837496,0.24585308,-0.83115756,-0.49614911,-0.29412528,-0.25526037,-0.35673606,0.54835845,negative,1
20180435,after,-0.39189952,0.78712044,-1.5484392,-0.58759668,-1.1644721,0.3237733,3.2114966,0.67522694,negative,3
20180516,after,-0.02008374,-1.3678776,-0.34659605,0.35152415,0.39753806,-0.64956218,0.47829566,0.21414111,negative,2
20180545,after,-0.26346012,-2.6741985,-0.032901117,0.10126575,1.8480822,0.92888398,-0.82412744,1.7430158,negative,2
20180548,after,-0.52949735,-1.994404,1.6818875,1.7629251,-0.22715645,0.17905043,0.48635068,0.49427205,negative,2
20180558,after,-1.1122701,-1.8443026,0.64153727,3.6400388,-1.7282167,0.91906091,-0.006019031,-1.3249392,negative,2
20180578,after,-0.25565169,1.3658929,-1.3426511,0.3303129,1.2049515,0.23053527,0.36706641,0.42289512,negative,3
20180610,after,0.48458272,-0.82501163,-1.2804465,0.77243545,-0.319369,0.04748747,0.66434554,0.28068435,negative,3
20180725,after,-1.1963873,1.249345,1.1864497,1.1049033,0.70696872,-0.28780623,0.99354079,0.79968503,negative,1
20180813,after,-1.5942673,-1.7360899,0.74332826,0.47588329,-0.95946758,0.51634029,0.26163223,-0.29542684,negative,2
20181039,after,-0.24292429,-0.043010966,0.21728893,-1.2834872,1.0559547,1.0936633,1.2698998,0.07055934,negative,4
20181048,after,-1.3781262,-0.24445317,-0.47403573,0.1791846,-0.5988558,-0.54109193,0.14274584,-0.57493296,negative,1
20181052,after,1.5852679,-0.086538256,-1.6662863,-1.2765992,1.3010511,2.6826333,0.055734754,-0.9659761,negative,3
20181068,after,-0.7531382,-1.7214151,0.074016455,2.4884196,-1.4159865,0.014202404,-0.4039405,-1.3218188,negative,2
20181089,after,-0.97858409,1.3236733,-1.2580174,0.24006948,0.13565207,0.82721752,0.15539478,-0.0083827142,negative,3
20181098,after,-0.4656255,0.83881413,-2.2947605,-0.050450147,-0.037794601,2.7791767,-0.63868779,-1.1771109,negative,3
20190014,after,-1.3007918,-0.34028916,1.0744708,1.6539384,-0.18268009,-0.45865287,-0.089014088,-0.2094463,negative,1
20190069,after,-1.547033,-0.084422398,-0.84231069,-0.47765417,-1.2570868,0.80969487,0.30943091,-0.21619777,negative,1
20190151,after,-0.98020603,0.84944575,-1.376426,-0.77144114,0.28011709,0.44472104,-0.22191309,-0.52549289,negative,3
20190197,after,-0.15602397,0.71449568,-2.1518539,-0.86720428,1.2621357,2.9716384,0.080911213,-0.49280455,negative,3
20190325,after,1.674778,-1.5145725,-1.7111415,0.034921737,0.64855891,-1.5307064,-0.64418531,-0.72398915,negative,3
20190332,after,-0.68047165,0.26049576,-1.3074237,-0.44155001,-0.036427563,0.79864802,0.37854331,0.029980108,negative,3
20190397,after,1.4318316,0.71673754,-1.7915382,0.0055915789,-0.38712592,1.4821709,3.4542277,0.64634966,negative,3
20190661,after,1.2448518,1.7123482,3.7946776,-2.0388281,0.87623335,1.6688044,0.2600534,1.0467699,negative,4
20190677,after,-1.1667071,0.42994323,0.44689212,0.015078562,-0.2325766,-0.011342346,0.32529254,-0.54274768,negative,1
20190746,after,-1.0823519,0.033679938,-0.324636,1.2689861,-0.70320185,2.0175759,0.72051725,2.0603171,negative,1
20190777,after,-1.1195248,0.24158996,0.23973465,-0.59461803,-0.019344836,-0.32961714,-0.49875813,-0.86925585,negative,1
20190785,after,-0.65331265,0.084052043,-1.3837637,-0.58710929,0.46442111,1.4661398,-0.88956958,0.17852067,negative,3
20190836,after,0.38815943,1.4207159,-1.1738675,-0.13374373,-0.72710826,0.65621737,0.78945216,1.4548154,negative,3
20190857,after,-0.73247742,1.4645045,-1.4417363,0.9804373,0.096525056,0.99631792,0.38084536,0.74107295,negative,3
20191010,after,0.70173144,-1.8712712,0.051338149,1.4042517,-0.39844235,-0.93427282,0.73282696,-1.7678564,negative,2
20191014,after,2.5304292,-2.1714681,-0.45596706,0.04200676,-0.33199635,-1.9011821,-0.75819803,0.71033762,negative,2
20191015,after,-1.2194561,0.052274424,1.2954277,-1.0645913,-0.46974334,1.0991354,-1.1183917,0.57176046,negative,1
20191052,after,-0.13987382,0.65676837,-1.5857926,-0.78404864,0.32432405,0.80800145,-0.54745803,-0.082957595,negative,3
20191057,after,-0.090795332,-0.4467306,-1.4922974,-0.43308667,1.1768221,0.056754595,0.28412717,-0.63775545,negative,3
20191070,after,-0.83463398,-1.5066036,-0.48949513,-0.50668248,0.41950334,-0.25061502,-0.42734497,0.17054247,negative,2
20191103,after,0.12610975,-1.3925786,-0.20786843,-0.49469505,1.1223112,0.40098546,-1.1589341,0.028438893,negative,2
20191104,after,-0.0071871272,0.39435286,-0.19541525,-1.5140575,-0.97098521,-0.15904422,-0.16792444,1.0254963,negative,4
20191110,after,-0.032448385,0.82795794,-1.2837804,0.48080937,0.86123716,-0.3132959,0.49104388,-0.54285944,negative,3
20191155,after,1.3693284,-0.96885612,-1.2426838,-0.92543084,0.32041901,0.37119491,1.4248246,-0.51658328,negative,3
20191179,after,-1.3584064,-0.11435389,-0.61327218,-0.41451283,-0.79596428,0.42007842,-0.93856261,-0.39164463,negative,1
20200367,after,-0.77418624,0.31392964,0.033351636,-1.2172549,-1.0687421,1.031403,1.5847496,0.60310811,negative,4
20200561,after,0.16788616,0.26773654,-1.4105848,-0.36575857,1.5156015,0.2439003,0.79196459,-0.995083,negative,3
20200598,after,-1.1582479,0.061055374,-0.029491188,0.063367759,-0.63659095,-0.35406883,0.97444847,0.10568986,negative,1
20200632,after,-0.30972967,-1.6641867,-0.60801308,-0.93710298,0.071340091,-0.0018811272,0.56749139,1.2157567,negative,2
20201322,after,1.0049722,-0.19149985,-2.0032612,0.48887695,0.96317338,-0.48406044,0.1115929,-1.212175,negative,3
20201884,after,-0.38306957,0.65333396,-1.3935425,0.16701488,-0.11715657,0.26462001,-0.52844171,0.33188924,negative,3
20202177,after,-1.0338584,-2.2545697,1.3522731,3.6526267,-1.183794,-0.63569275,0.0098759335,-0.66266171,negative,2
20203373,after,1.8132014,0.19689253,-1.2765812,1.3851902,1.0231915,0.68982725,0.56896474,-0.95776105,negative,3
20203660,after,-1.4326348,-1.8198797,-0.54444945,0.40219607,0.13824207,1.3524372,1.7984478,3.5723524,negative,2
20203738,after,-1.7899873,-1.2420645,0.79365029,0.21394753,-0.54573965,-0.36236105,-0.14035683,-1.7620436,negative,1
20203983,after,-1.4258112,2.8536365,3.6648116,-3.4864032,-0.47265506,2.8209723,-2.6033901,0.92193043,negative,4
20204062,after,-1.0990327,-0.3240185,0.35570452,-0.051560474,0.21053458,-0.89664625,0.44158345,0.065547365,negative,1
20204079,after,-1.2599694,-0.32493642,0.00605385,-0.28369261,-0.094121583,-0.60115058,0.18148975,0.25495488,negative,1
20204458,after,-0.18560566,0.928681,0.26490275,-1.3424245,-0.67641128,0.41870391,-0.18632905,-0.67036283,negative,4
20204474,after,-2.0756133,-1.4884829,1.3729322,1.0477861,2.2572444,1.8023331,2.5558248,1.5350694,negative,1
20204655,after,3.1255643,-0.52469682,-1.2692229,-0.73266785,0.42403813,0.18299291,3.0246843,0.35735925,negative,3
20205386,after,1.5008021,-0.25174942,1.3115677,-1.4274235,-0.32264886,-0.16613076,2.8095723,-0.50187089,negative,4
20205822,after,-1.1476832,-0.91516478,1.3396108,-0.033441897,-0.94539491,1.4657911,-0.57735401,-0.94798917,negative,1
20206498,after,1.4500341,-1.194695,0.89032002,-0.87339355,-1.1248473,2.1967119,-0.44333859,2.0267815,negative,2
20207340,after,-1.6861859,-0.23559935,-0.0095806928,0.21739401,-0.28941446,0.28092633,1.3384083,0.79086864,negative,1
20207440,after,0.52294054,-1.9344151,-0.14519144,-0.71484844,2.4808187,-0.31014684,0.91964708,-0.20605836,negative,2
20207824,after,-1.0514838,-1.4587231,-0.48716685,0.30537601,-0.94436925,0.2110471,-0.80353726,-0.0036448155,negative,2
20209125,after,-1.7476511,-1.1471928,0.58500477,0.55112669,-0.46742717,-0.44375771,0.39561439,-1.2908186,negative,1
20209220,after,-1.1065796,-0.13047812,-0.67275707,0.14974394,-0.44132584,-0.33922502,0.44902543,0.68681926,negative,1
20209245,after,0.59714148,0.11909307,-0.85652243,-1.1795524,0.49475714,0.77463842,-0.72337066,-0.44146789,negative,4
20209372,after,-1.5763515,-0.08542209,0.71050135,-0.46827604,0.71761357,0.14739248,1.2470039,1.2490293,negative,1
20209664,after,-1.1390815,0.30170789,-0.7825284,-0.38204272,0.15606284,-0.78302953,0.12504748,0.1702447,negative,1
20209838,after,-0.84531376,0.38392937,-1.4484319,-0.55592296,0.19513918,-0.027371441,-0.34819319,0.10313352,negative,3
