track_id,PC1,PC2,PC3,PC4,PC5,PC6,PC7,PC8,sign,dominant_eof
19960715,7.116753688456785,5.8388137421893225,-0.70721106365226194,-3.04372649330069,-3.0957092038828717,-0.29215420045672852,1.1208885371445669,1.0525546972351938,positive,1
20100481,6.2052362457288943,-0.57876786298032323,4.2961718874570787,-0.61890003848310216,3.3245086930524987,-0.30343131132813111,-0.13843542391096328,-1.6171940679699555,positive,1
20040595,14.649404779737429,-0.43362665279737211,-2.5549341135808898,2.1494366899994173,-4.4217005606361273,0.84913792909065833,2.1990511333303617,-2.9837901598311505,positive,1
20040961,13.06035415766768,-0.14378333799899448,0.80128903537184559,-0.10835741588870047,-3.1118497511352259,1.5297719658367661,-0.29870198063898701,-1.805664783103601,positive,1
20040843,5.2102240166688185,3.0866786226811604,2.2518827356022029,-1.6221492601373519,-0.98891967117154211,-0.21778684317930563,0.64347250144327151,0.86541184489801748,positive,1
19930314,1.522133510229644,3.2778378387881619,0.50525484914796703,-2.0992125241228714,0.14613559071732601,1.807344003301065,-0.16076506484112899,1.7919563994853969,positive,2
20200994,12.464757231759281,0.050022611878970585,0.23149519892707446,1.7342975868695947,0.74952545764437162,1.080827335491368,1.3035891373953479,0.29898454331363139,positive,1
20040393,4.0676710486497729,-0.38830697271448494,6.4327583534651342,5.9230148296426348,-1.2178400830529372,0.2986826806429545,-0.038991478119465364,-0.66111797383240201,positive,3
19971065,-7.7848946088455522,3.1170231359499749,0.76337971747639544,1.5313074672272446,-1.2798709134390271,1.4115434077256426,1.4638148723085802,-0.61202059188286673,positive,2
19990483,18.819286547023598,2.7623688752923239,2.2855919316610565,-2.2774997152020307,-1.4125125145522144,1.5677663513883979,0.51086907363747913,-0.08509553147782746,positive,1
20070715,15.648738875346213,-5.6707872134939912,-3.5095272608876367,0.7976057926580552,2.1640979682530928,-1.543232157491748,2.2791832093196889,0.79259078050335563,positive,1
19810481,6.4287236521423878,4.5469131085741079,10.338038041832784,6.2858676867393415,-1.7958167937435303,0.5971719404768373,2.2426936203414454,-0.91048475950824637,positive,3
20120553,-9.9111757272069863,9.6387292462772098,6.2823809758563094,9.0410802668535588,1.0211748863696308,-0.47232495052958667,1.0150979660363744,0.34702455574762464,positive,2
20020512,1.8006260477167231,0.53777746211700739,-8.9032935142947398,4.6482334937253853,1.1379665653504418,2.7063277758058644,4.0807845667891565,-3.1897246227156941,positive,4
19940638,22.490936308869422,-5.5778505772136162,-3.0432092907228094,0.3493678142356289,-1.668044799273954,-1.2767428620156027,-2.2438758297359187,2.0385321225336397,positive,1
19950595,2.0811790576376321,2.4189451553937902,-0.18060024793540586,3.0920377871575604,0.89002270585810273,-0.63920200163285545,-2.3103100963110834,-0.65533350681363367,positive,4
19931162,9.3469220768113956,1.4939116101812673,1.7456916131057838,0.33655176468743242,4.1008518028164573,-0.97133266608362612,-0.84897670108459444,0.85142552478320999,positive,1
19790574,9.2402152384376972,4.5543744230262133,-0.13617889787991952,0.099948586861591526,-2.3745176441449463,1.6157072814833198,-0.49276813055325275,1.2704458047166947,positive,1
19960141,3.9863852839808698,0.43939544155669502,-0.82306781166324783,-0.75895652245599865,-0.35711983167111899,0.81603770796961306,-1.6881668605927571,1.541477331094931,positive,1
19791021,4.2111609964772772,-2.6345956583740788,-6.1249155341679415,2.9518426634495727,1.3270001942997967,1.8514278411388276,1.712221576064394,0.93599486289354761,positive,1
20040811,4.9818066028583372,0.85444461372579239,-8.2652480261415384,-1.9453874586200546,-1.6010686761845674,-3.9584799165457771,1.8896270441678011,-1.6063983955543897,positive,1
20130776,3.9876468770061555,-8.4229853142999076,3.3432239949305216,-3.7484965668293961,-2.2807777656432946,-2.3252464355976246,1.7359763693267047,1.7859034412478467,positive,1
19850409,11.188869287172707,5.6069810390547614,5.6426841101622998,-4.0900831710362482,-1.6674256626438728,0.95790569299510864,1.5222481431447614,1.0793413986433571,positive,1
20040394,7.0921397428879533,-0.22265176039064247,1.8459259484516513,-1.6746892416810024,0.28489546121838738,-0.65693371857711569,1.8420720510423885,-1.2184819287926141,positive,1
19970969,0.35908770063503181,-2.0970304444574004,5.9060659228435108,2.2006896532517097,-2.0495419028785915,-2.2103992437008366,-0.93772689020475097,0.58392420960435754,positive,3
19960665,7.9091177268419877,-1.1491883577607358,-1.249299196684029,0.99366832651712744,2.9440100957619442,-0.0067399547205463347,-0.43861993984091435,0.704461620794821,positive,1
20170676,4.2371405368630626,3.0838485271286236,-3.1315706191290027,3.2689657761439044,-0.46506000876774395,-4.8346011749545079,0.12752678224656086,1.1902902101505641,positive,1
20030046,24.137634974788064,7.3910664656366913,0.96746056560119553,-0.14679995212504754,-5.3311344633242159,-0.65755473047568869,2.0904066847984231,1.5997371444649737,positive,1
20100035,6.6947082051975251,-0.20083454553520877,3.6168991544241722,-3.2850187676671276,0.19995825655182548,-2.1411418679116223,-2.2707044549166961,0.77241808178755578,positive,1
19930682,-6.8584683633905463,-3.1933776669698637,4.5791047643690339,0.41621913058301341,-0.76951858379918026,2.9013285526152597,1.2592283647154106,1.4686494693214036,positive,3
20110398,5.0761787172815236,1.6307201149382802,0.82587539479713579,-0.78135463454180987,2.5667603230297122,0.40400339584222589,0.28236853597676931,-0.89084188012752785,positive,1
20050502,0.90140334503138086,2.8207228424184891,1.7494377097611602,4.115461582591708,2.0619183467982083,-0.51752387969560909,-0.4444716316838952,-0.19219121643666101,positive,4
20190371,-6.839850714695916,2.9882611263966705,-0.74415805943125823,-0.6521290707916253,-0.95935190660564418,0.82749275643229292,1.0843733207469857,0.11298199728642186,positive,2
20131096,6.183359519795232,3.7899086686624397,-0.91847986741873344,-0.17634032966843638,-2.6230683975761298,-2.9780610402161631,-0.73344243901173289,0.31259504356472556,positive,1
20031082,1.7569386791739006,2.6692540649988006,-0.11508775534679737,-1.6238310307705854,-0.70346192404293861,2.1125586426852663,-1.0363053943311116,0.45936097141553262,positive,2
20030923,5.0987143562672514,0.74777714766826564,-0.6761541852494265,2.6324629999660072,1.5763302221174618,-1.4111213823190327,-0.25902722461740502,-1.580987994595805,positive,1
20000705,12.562748461306134,1.5530388868176594,1.0443054809359449,-1.3219846536489452,0.11540237517032066,0.40092313001688867,-0.436663457386955,1.5435980903074882,positive,1
20100744,5.7272870795365627,6.268888113979699,-2.4523197515626434,-1.3218473889052631,-2.9030170273369809,1.7505905185705097,-3.4823346454355129,3.528508802228048,positive,2
20111116,-9.3519503037148191,-1.9289046674325554,2.2823745684891854,0.60933206809612861,0.22034864514753905,1.0682425155779172,0.34497859275794079,1.8179548664141458,positive,3
19800411,12.950549132014524,1.678877276108043,0.11824730609358532,-0.1482085903348411,2.1553115385964481,0.48816412031286671,1.8672086773405974,1.2253139502008554,positive,1
20091114,-0.4098314591183872,3.8871295772488668,0.89042196529736817,2.7492992409869319,0.19822713137699169,-1.1835369747470288,-0.10109623407961714,-1.6953642756694103,positive,2
20190400,4.1674207616674472,-0.95692815098487694,4.9232068138944518,-0.02107413627023259,-1.346373904675378,2.931763380381736,1.0621790205435839,0.41658002149149992,positive,3
20191155,9.8572819577565163,2.6994863675819047,1.2516023136500189,-3.0112125705726793,0.077099453215307409,-0.21530920949139484,1.2425150971173839,-0.3681593541218508,positive,1
20070954,4.572999547958883,3.8258259971715458,1.3761212554889526,1.5044659829941238,-1.6203758390931193,0.025382406507493963,-0.28090515048686865,0.0052034847094278355,positive,1
20160619,-3.3398005207638048,0.054882831588481437,1.6510381751883156,3.1947134338942704,-0.93596517125276468,-0.76328075952834673,0.15026085216298046,-0.51394611338266727,positive,4
19950051,4.5059421817139667,0.46678104298021739,0.66129001091680495,0.018208026440648402,-0.11533752275600863,1.9532919823623514,-0.17876775257952696,-1.5290119181871753,positive,1
20050420,-3.6280289121248175,2.2533420453190609,-2.3879692073808538,-0.1459478800742923,-1.8788354576946067,-2.1730285660611428,1.4533528757686625,-0.4659371683354373,positive,2
20140766,13.044937321259392,-0.78725970060921469,-1.3903623851338833,0.75619328565418253,2.7788158187649317,0.95885652043365355,0.072876067558173441,-0.77795050311829805,positive,1
20202365,8.7280612106581223,2.9001818105731636,2.6758969098352061,-1.2785796738976316,3.2897093900761107,0.66860318182360901,0.39920110231274097,1.1044469598375397,positive,1
19900203,2.7884358879941167,-1.1021896531435678,3.277940969411087,-2.3071478884245318,2.1585244304465494,-1.0276424226522174,0.4694779149795521,-0.56338297322966557,positive,3
19940472,-6.9197192528942493,4.658286895001269,0.7325245145403485,4.1898285929767871,0.30725703619812417,1.2166433807080315,0.33744044496177433,-1.2283346265794979,positive,2
19940886,5.8867998475298551,0.73254462890786687,5.2558047596359119,4.3052171140568385,-4.821546859376161,-3.3264121018377235,-1.178468554699948,-0.92581917025835436,positive,1
19840892,1.9088925057199879,-1.9894737551126052,-3.18747125946572,0.62886977921427745,0.089450530531717351,-2.3323274106085359,1.6232678803383047,-0.79131937638668981,positive,1
20090247,4.8123609252941169,5.5357126180091907,-1.4384105898352473,-3.0395619961554372,-2.6028202721066407,2.7711994853403876,-0.57726550247834341,3.4156556594903686,positive,2
19820962,-11.170316833966107,-2.34850407916564,1.268675095041774,3.5291068889263708,2.3218604237108185,2.9365850479340785,2.2495621495901719,0.71956890616165037,positive,4
19920976,6.3780341103472802,1.0113451130871796,0.20313044399150637,1.5110023371513104,0.39883648819810052,0.38089289808897797,1.4264627547821862,-1.3799566603902742,positive,1
19900326,-2.0326297108082265,3.0464886503879018,-4.960742315604155,1.9155969472667604,-0.17454442872563922,-1.5551058951382859,0.7813812477606823,-1.2981314935634563,positive,2
20206010,7.0540950534886635,-0.99753507160550292,1.1003583823128524,0.24932465985668387,2.0724480721775778,2.1948350312510327,0.057250074238477035,-0.32920866667582094,positive,1
20190376,2.2799282139373296,3.5074336047747057,-0.56661851270637964,-1.2310616831436023,-0.86931333653566478,0.89998846506491015,-0.020678643278922514,-0.87797746827502043,positive,2
20090362,14.030738214129315,0.24733079902975416,-6.1814385781914707,3.6501744988235467,3.2244695471775042,-1.0357320113727773,-0.76018578784292445,0.58074566912930137,positive,1
19960889,12.64837475396615,3.2328739141710239,-3.9815833036678057,-1.766107010161905,-2.0914204056954162,1.4890704925003873,-0.0054745195345424881,-0.28493481962885375,positive,1
19860496,15.095348134159288,-5.9357646506837751,2.2069544102871341,-4.1292939242364799,1.6687614746928772,3.7764043735323196,-0.0052425969233205298,-1.1568580434733149,positive,1
20080714,9.4845150269099321,-4.684044741540653,0.62630385218344031,5.3189377759179575,-0.21524812084390593,0.018974936515255742,-0.80891335050120639,1.6332088008037156,positive,1
19980997,-5.9492857731375706,-2.1069899290970291,3.3969801000704702,2.7621197340738934,0.59830286301766722,3.0525960487490704,0.62605463114846915,-0.19398289836024821,positive,3
20010527,8.1893062810277968,2.9930567924383547,-0.85494926453218456,0.8948739884516016,0.44412474902386906,0.11688809775444131,0.10132197116530435,0.75960638590734642,positive,1
20111066,9.5619640755759434,3.9201887537927615,5.3191904362892748,-0.9200434824609719,0.32737050038014487,-0.27254468862457171,1.6868577493364203,0.1449926662486829,positive,1
20011072,6.6171380003834379,3.7694538276466307,-5.4495824510749546,4.0828541130931777,-2.8725923152004924,-4.1826311596972285,2.5558248342397389,1.0809407164711942,positive,1
20010986,4.7183717777384553,0.1500170248629413,-10.035680097117059,0.81051432527279077,3.1995699139648783,-0.87425458219193963,0.18977099789528865,0.47409751168565839,positive,1
20203146,-1.8172163872142597,-6.4160575372206559,2.6188511850709184,4.3635427338524924,0.3149318924978271,-2.8743258462165153,1.4959073889840944,4.1603155946782016,positive,4
19901020,-3.0907331759551457,3.205378979834649,-5.2010159962999545,1.1964927444802647,2.5891301382006207,-1.8057194873886317,-1.4034692772589852,2.8030002782499079,positive,2
19801034,6.5529948515057468,-6.0898267104723045,-9.2866814194051308,-0.30912514366389543,1.4738732592777182,-2.4329474580868173,-0.13148922279675235,1.8859936240734052,positive,1
20091031,4.2533678432444955,0.43833998020357778,-0.8956971502701716,0.55310240402580024,0.84531152341312243,2.8377511997875651,1.2637964461939999,-0.11207593530256822,positive,1
20180688,10.47667504943456,2.041405598333089,-2.6032966421556476,-0.53867099024957854,-2.9101819438210628,1.5189859714777971,1.0067295961909128,-0.95626550790996268,positive,1
20191070,-3.3151279096293935,4.1899927277745066,-0.91001023116247837,-0.9706415210946,-0.78507712969147969,0.15067541238960999,-0.8436546761422965,-0.14587950255854693,positive,2
20050427,-1.030823306555553,1.6771152324490697,0.47745935027961761,-0.39931930988693509,-0.34101227529464745,-0.71055438930456716,1.4740740398161225,0.29891049509077772,positive,2
19810142,5.751973966842816,2.9659918226080655,1.9373747186015824,-2.1551469821753599,-2.0829782921870073,1.8472350726612872,2.078825681140184,2.1082135806816709,positive,1
19860631,1.0997468364382352,-0.72070964101848867,6.983248523160996,3.5759832140261398,-1.0657504957030559,-1.6004775241132683,-0.61672103369130316,-0.39734885687073973,positive,3
19960625,29.454122874784616,1.9964097364577094,-1.0655660657631461,0.57836831980843284,9.319048345985669,-0.74255448738332008,2.6335372590545671,4.1639291615920557,positive,1
20010608,6.2267266855945582,-3.9613601017619109,-0.14516168455353506,1.1474506584057402,0.74562471793148277,-0.040330348442953752,2.2028850872355257,-0.67552239329149399,positive,1
19850338,-1.0846702174466414,-2.522563508537897,0.10027862052762915,4.8407340937226309,-0.29980888894399482,0.22727302045885986,0.32427097906435753,-0.0063711003294288637,positive,4
20180558,-4.9231708235341811,3.4599844290463682,3.0736865270410849,6.3734466491725668,-1.1856985459010558,-1.2189782795679971,0.81319581684622144,-0.40939101700155489,positive,4
19850392,5.2284552852187804,1.451524801716636,-0.66406282366213143,0.50360361172004253,1.9099017588334049,2.323136459342737,-0.017456248293850989,-1.1679769344628534,positive,1
20161031,-1.2666146771985225,-2.1337557488765224,3.9110258883874236,-2.8224235042266947,2.5924838024877706,0.072260829797323109,1.4128572190998876,-2.2613742250692574,positive,3
19910279,-10.495678925372188,0.77957282493990654,-3.2621443544866007,3.3896957826604766,2.9242720068420991,-0.18257006933739969,0.099965657854624815,-1.8882255142323838,positive,4
20080297,3.5413921089606881,1.9908126594769651,-0.86886901987623844,4.3839117719825476,1.6096213480878507,-1.4210033526802093,0.6120091232275211,-0.92997712443607672,positive,4
20180283,0.44390962144358281,4.4975477821763477,-1.9573491730791024,0.68744013820005745,-1.2961251916153207,0.11526626625329237,-0.83094733669054099,-0.15666071234483772,positive,2
20041087,9.6491862346671269,-3.6132258521077856,1.3161694060434999,-0.10685814497794256,-0.10754298668276877,0.66610492453940306,1.1496043296834881,-0.65705626337609246,positive,1
19870365,9.7457763272456965,1.6802781386021053,-0.86482970070526699,0.050565215464555113,1.9912602008265696,-1.0762565827447419,-0.73012111535914859,-0.24102866967455056,positive,1
20141039,-2.564895307933257,3.7913534277898973,-0.45578445492624337,3.1547847216304019,2.1022755959865815,-0.43686633087735227,-0.5320349035005747,-0.68685944590600823,positive,2
19890359,9.6556452164641957,2.4174292621639903,7.8117184925708365,6.5606983702879393,1.2208352284758586,-1.4005186688009248,-0.69432321875364778,-1.0881290239366741,positive,1
19950921,-2.5884776035842041,2.974941715526934,-0.92607177501437865,-0.083125856355354008,-0.54441048099627465,-0.72179900644444195,-0.57382067987859464,-0.71221971117560812,positive,2
20204655,20.356578568872827,0.75174901814869832,1.2828869044341862,-3.4004297017533052,0.80827750379850472,0.49443240200074384,3.4645336829290296,-0.01892613967943322,positive,1
19960752,-0.071544666716279695,0.87965335166152891,-5.2642925327595824,3.4144513159091012,1.1143858242754203,-0.93081411996188368,0.36121070586147935,-0.54356575069651336,positive,4
19820162,3.6612378949837927,1.3817551362700864,4.4068784514363832,-2.3597661152062424,-3.2968645554699019,1.2123591751562373,2.3084947134942069,-1.5275132100376227,positive,3
20190728,8.5161878290111588,-10.339866957633333,3.1587611424163802,-1.4387916038076587,-0.20301396674437217,2.2918562632295916,1.5695467288340708,0.15929927282296638,positive,1
20080491,14.499713532174152,0.56322063871427441,4.3053771880897775,-1.0410231421220209,1.7519800229209956,0.014289387523728327,1.191408622023016,0.25474561082930641,positive,1
20100917,2.0990441930152084,2.0308564592308991,2.7496473190699025,-3.2046376181044325,2.5383649946154687,-1.4790346869236635,1.2054680786041783,0.87782825943722498,positive,3
19970525,4.3636259289158206,-2.4784693135290596,1.39270608041162,-0.37678108250379921,1.6753816814719504,1.6154945673459711,-0.9142762683571396,-1.0902975959499963,positive,1
19890906,-5.7588538061395935,2.1209938627348404,2.6773883081392862,-0.26996124128610943,1.1971106988323883,-1.2087610051682385,1.8783778528886905,1.7560062545391311,positive,3
19970984,5.7152054045557605,1.5607890012606953,-3.3250977384950806,-1.1895171401308438,3.2592321595647173,0.23055487172302566,-0.42202053714341059,-0.5103004923350235,positive,1
19971070,2.9975191727768733,-2.0421517971977061,1.0488754275996026,1.9227812651270666,-0.19546549252727061,-0.71587893789292323,-0.18661545593650397,1.4148783271406014,positive,1
19990947,11.04935414275287,-1.1149694171846321,-4.2940821351197496,2.0427704976300327,2.9044681005132174,-1.0741300214492331,0.35744017381164572,-1.3770067398880061,positive,1
20040408,13.743654660743649,-4.3879625569692307,8.9838022350673192,5.9570762652856972,6.6677027212747637,-0.52799467946857892,0.09889665020955106,-0.33123180556459442,positive,1
20020883,6.7260108705457711,0.054111765230152875,-2.4378366026124834,0.15100810755133584,1.5433137816104865,-2.6047237962385608,2.7297656534732724,0.86418521683713356,positive,1
20190129,6.4980428789275351,1.2063583827288995,4.7428737904229328,2.0640897252600476,-2.8758628683110308,-0.32846961754700527,0.81625451875874244,-0.99415769814057919,positive,1
20141094,-9.9554311755978837,-0.34324066842114664,3.5706023469957264,2.2658402294317073,0.1166354493828051,0.70923748808862286,1.2149588458556486,-0.057574675386307506,positive,3
20160330,-5.1890884018145513,0.10687785296458009,2.2284072585523531,2.6195244972864882,0.47517541602164864,0.92464541040054038,0.070972250989462846,-0.5167504472143043,positive,4
20160365,11.57706249922288,1.5414788474290089,2.075205373567675,-1.7301119851069044,0.95819577176951165,1.4974697708953919,-1.2654767780686389,0.15576912165787452,positive,1
19840694,-2.3698413949463983,-3.1786259012272509,5.3473654455141721,1.4681595012781306,-2.993548896554707,-3.500481013352998,0.33093904096375909,1.1295065546866101,positive,3
20120541,4.8482627992141865,4.0648012953746244,-1.9199629199618458,0.63579133219292716,-0.44631713769217879,1.3116878076718337,-1.0517530273599289,-0.17720509784369778,positive,1
19851039,7.2900708099491016,2.0163445148597225,1.8447917897214443,-2.447514844693198,0.67068505740371509,0.65180550713609442,1.3667689129675205,1.9615513813430463,positive,1
20000821,-1.6411252361224609,-1.7539622229324452,4.9283335176479088,1.7972747759701713,-1.7290390033669754,0.15620585658073777,0.14081482631584802,-0.24024515056671086,positive,3
20181128,-6.0011003602938597,-2.8309570838070406,5.0371119303700906,1.3110290697340985,0.54006365525955879,-0.25763895769361439,-0.30963416508761282,0.43060248008815705,positive,3
20130162,3.9950609693856891,3.9107743005762359,1.2992526946926217,-0.34040741056715829,1.6864612891645581,-1.0051669127216263,0.069983662762380702,-1.0624313925946516,positive,1
19820855,-11.562062201207272,3.1666057788373458,4.1276942045930411,1.7423260565789671,0.59971323820801092,1.5668936776285116,1.0422220624119718,0.76535514417264894,positive,3
20140774,5.3025974994090204,-1.7964812733268427,3.0681737867866756,0.36741645112967197,-0.1229741732119712,-0.030681735422984798,-0.18279170790973265,0.48308233092217245,positive,1
20050467,13.91654289998699,-2.1601228439630229,2.4396742081931135,-4.4989511002971412,-2.5737406499294111,2.0803313241185339,-0.30852838810159194,-2.9017335574430096,positive,1
20050893,-5.3288228881279185,1.0350628173652332,-2.1718808741439934,2.9794539181295518,0.63022756316186257,-2.101805774393092,1.0746744233140608,0.098406608589035841,positive,4
20100105,3.5851800828980505,3.4751873078554278,-3.70560872251454,-0.063942114758383267,-1.1918208708832747,-0.82141876685717852,0.79005105509557072,-0.63381215751250974,positive,1
19940894,2.810772848549604,0.40990518800337322,0.12917632399904164,2.3128609534142615,0.24007266358609439,-0.012764251325199255,0.81435179881958031,1.5823315102093052,positive,1
19800205,27.248326920249223,4.0704712335907693,4.5217764520806423,-1.5412241093092989,-1.2268285253894726,1.883063383428816,5.223773299641338,2.7487892165965842,positive,1
19860900,12.508655851811557,1.5052083217254175,5.9672135082662887,-0.68198652288986583,4.2352585271440146,0.45040465508119443,-0.25342869972112259,-0.74918892403230708,positive,1
19881062,3.8037894204215044,8.2172050459917312,3.7367589646069379,0.52668052018029043,-2.6647536938895571,2.068500144618453,0.61815882543896894,1.7440893078554829,positive,2
19981089,11.112219297804483,0.82086104202737686,-2.0629357637840915,-0.38015660807895513,2.170662737842957,-1.2192933632035776,-1.565932520045469,1.822811199975197,positive,1
20010567,14.753408568839673,0.89196639052285498,-2.5099283659958496,-2.6179469396389607,-2.1979342875468277,1.2086959249042502,-0.50625681405330303,3.0475180296409099,positive,1
20110573,20.526292211696294,-1.3405074559877557,1.8918857194631351,-1.856125425014336,4.4795358649169268,-4.3201141252733093,0.28898118080105423,-0.38739422611680824,positive,1
20070518,19.719343637649612,9.1878051824109175,4.7781598506371008,2.5623394914952415,0.38549275657274473,1.675175097671493,-0.38053156013185874,2.6951388273686789,positive,1
20170907,5.6137469135943459,8.1821588549789706,0.71124296324359038,7.3187610051490832,1.5128352294632188,-4.4811442722854391,-0.87125500595336403,-0.081522743960097468,positive,2
19810626,11.113302280803071,-0.15247780366779001,-0.88903028546455476,-0.77550295691315496,4.7779022704509755,-0.46139372645944515,0.25738058154643839,-0.17904484129049003,positive,1
20030369,17.829925280162946,0.69868041336593467,5.9293160190290397,-4.9375335657339328,-1.4856428312308927,-2.7773113119121904,-2.9015852488389577,2.0600611582996304,positive,1
20091071,4.7902981846444348,0.14664099853496007,3.7520317654534461,1.8127885079998112,0.74172077974777229,-0.24452229724822708,0.97191730233213658,0.35851025007759574,positive,1
20111151,-7.1838672342945875,1.7472213125831313,3.9136986172913919,1.6248134101333096,-0.41000586499724373,-0.9144838785373347,0.067838211007487312,0.0052588095311254272,positive,3
20000717,-2.5077934850171744,-1.6965392205456946,2.9550575162548749,1.4848682093884766,-1.2382759121420426,0.73269914277623271,1.6041499935593149,1.4590665308837636,positive,3
19981154,-7.2723783480407072,0.8458435690384648,3.4925170994026864,1.5521432777238895,-0.58869027100201432,-1.1918190757540756,-0.19481304697772348,0.43200008921102451,positive,3
20160729,-3.1781332183595503,0.23374330351266664,-1.0023399454759931,2.7112029061338632,1.3387766394205751,1.5240120510220554,0.17803479772662187,-0.22425681219569821,positive,4
20180715,9.0382479746805053,0.82186775515470245,8.3457750918042777,-1.227896366132881,1.8364753823000122,-5.3823278921798696,2.0352736812028689,1.1249698502223864,positive,1
19850175,11.672781650696992,-2.8245647214949234,4.3561922121445571,2.601761622807278,-2.6917776578421404,-2.2667169301903556,-2.0098221812597354,0.42935349995764843,positive,1
20080754,16.727080518132933,2.6431637663642724,-5.3209030122518639,1.4726801088963632,2.7063541321436277,1.5920032911731548,0.062014240642160386,-0.039919707430864454,positive,1
19920597,6.8766049665051492,-3.7886226850633578,1.5859309766711389,5.7984598852851761,-2.0115270231582532,-2.2749688245647319,1.4905174337445821,1.4412235123337909,positive,1
19910034,-3.17349583586364,4.4757440357709273,2.8852798937359325,1.0145278515510954,-0.6202492275397069,-1.064988163996651,-0.71522748232124067,1.4105274689694092,positive,2
19920418,11.295496254099881,2.8475439272131471,1.9897432743607502,-1.065785774928562,2.8128303021131487,-0.31162113820402215,1.9218039582611686,0.98078574954420183,positive,1
20110205,13.275001834569776,2.3123868653118338,1.7938590197892994,-1.3036706880211018,1.5535944384869265,0.9719387174425671,-0.73859346447976282,-0.44903407282165203,positive,1
19960269,0.44898829501435883,1.4864300673721476,-5.3269569126663052,4.0802761202964319,2.2413908762764572,-3.3118220573635804,0.53329099872690189,0.92821157426598455,positive,4
20206175,11.341729441794852,-5.7623315372273822,-0.91953077120180837,-0.82804499787031216,-2.533393158584726,-3.2582021731751225,3.0417265815529171,0.10021213129202244,positive,1
20010535,-3.3725318648710809,1.1327750000514867,-1.7986241338372346,4.3684714485297764,1.1122011384932704,1.0247559750945372,0.068171924367036937,-0.84877009563860317,positive,4
19960518,20.520106162356544,-0.96496870332798468,2.8799025336733548,6.8990305379801651,-4.5411077353657943,0.035968408654703216,-1.0425545401764289,-1.4212974400226088,positive,1
20010560,-7.4227614475734027,3.0420140395619728,0.25492109537675123,0.67586081970379985,-0.16432785343121067,0.12414024488808544,-1.0937776864848743,0.52920595082180832,positive,2
19990689,6.1499180029145437,3.3304321006154058,-0.72066419415268002,6.4563316418210839,2.4253572066949687,-0.70075380201650439,2.6180880228350007,-0.51057628731216598,positive,4
20070941,-7.498496154272174,-5.3685071624179628,3.555160232642915,-0.89591933289947334,-1.8498166679800796,-0.43942020452486003,2.1676284633099501,1.6709943927815172,positive,3
20130385,7.9108848861652321,3.051517464728887,-0.72928341044162226,0.034507429643497213,0.85441505357394609,3.2318842655622908,-3.2750547715971963,1.1270557940763319,positive,1
19960490,-6.4108737950855472,1.291039783908672,1.7379934669180725,3.6707085197680791,0.2908226965379796,1.3300439372777597,0.76172436914275976,0.52912812923020125,positive,4
20000745,9.8316698239082481,0.89928935082955952,-2.624897134508942,-2.6164956330303166,0.037355114222608711,-1.3853055656218147,0.84844667566311394,0.37916252360943109,positive,1
19970797,4.5852111213272213,-4.0086097991604426,-2.4169982945216746,-0.54516022264399988,0.81853957524177456,0.40026217238556766,0.23070382235181588,2.4656882587762863,positive,1
20010333,7.1648351351822717,1.934057242015609,4.0311476053780018,-1.9273137310287232,1.5207664955813924,-0.86026264906162053,-0.71453826372859341,-1.9873337060761174,positive,1
19920931,-4.5999686050832977,8.6304708768249618,1.8006173235749385,2.6268595338740974,-0.92379021344174883,-0.10077606667492282,0.94248729097650585,0.56635513487033751,positive,2
20130529,16.400739285996032,2.9652524545580601,4.6091088130645677,1.5572094004109285,-2.8284918632195692,-1.2015553637014713,-1.6113949788710322,-0.17795054369160782,positive,1
20131029,2.7899460802204397,-2.9761647022165629,-1.785380408192311,-1.3834438656683548,-0.73618697412634126,-4.4776243267294795,2.1961964440953348,1.6307916587002771,positive,1
20090370,7.595779261334819,5.1861036986689948,-0.073734606336127967,1.78823607134698,-2.9003746383179667,1.322790995848542,2.0688480112268675,2.3916095358215532,positive,1
20131083,10.409260036656876,0.43932988200221779,-5.7589868913493385,-2.267374825006427,-5.7006156176131286,2.4997695910837638,0.97645496949684052,0.37486896029523165,positive,1
20030936,18.32708199017852,-8.942445084953631,-2.2964572291639915,3.058421183925673,-2.0375486636016711,-0.75104730878231829,-1.0578308535200471,0.61725844286381126,positive,1
19790550,0.52667478071975993,4.1016535243225851,-0.62292636198871287,-1.0876384967600274,0.36371771848387846,0.64140933282007573,0.62150617449445344,-0.75455895016973051,positive,2
19960165,11.518013454902752,1.8686790103005746,1.9487289225751352,-3.5997291774454783,1.0615643198309452,0.42661898658283742,0.31322478476778165,0.10504585917545617,positive,1
19810578,0.90006121831207841,-3.3415956081712497,0.66355197511311126,4.559678030744279,1.1348257142000673,0.93717693703595339,0.11820440470094032,1.4235735388933228,positive,4
20000960,-2.8318152185966108,-3.596340198468305,0.84767209397009879,2.7302199008467052,0.91067464642004792,-0.41180302212792541,0.61827241274544198,1.829370996920501,positive,4
20130101,-10.590086109997825,1.9670561767617396,5.4889180305155731,2.3197627889283776,-0.31843056715763002,-1.9033574352304308,1.840298548687775,1.5977090042027351,positive,3
19900749,10.942222018507817,1.6019697053016833,0.49041911137461069,3.9007184164831079,2.4333906591898025,-2.4992474513275815,1.1013984886130306,-0.84720897824638319,positive,1
19910810,8.5493067674412018,-3.024703466326208,7.3353724230368602,3.462347339850472,0.50230844485355286,-5.525396571904218,-3.0433476627026508,0.86692028503153695,positive,1
20100803,-6.9106049112515384,2.9389471139910777,0.095402789524865028,3.9615025104832879,-0.15037488452600425,1.2861028499540617,0.8541384617365011,-0.9177089906648852,positive,4
19930215,-1.8413297603723107,-2.0675913151200431,0.75873451171939965,2.9298329953645901,1.0829810616583422,1.7889487502500692,0.35710259338892536,0.57326234111587804,positive,4
20000842,11.017839868894072,0.59378059303468977,0.98658253465826473,1.579272780099894,-0.8130726189801043,1.7148492986039898,-0.10422755206413149,-1.4929027486251261,positive,1
19860777,12.306137540566901,-11.984762658912835,2.039320154741219,1.8231893194337221,1.0138641096482155,4.0866975272096751,-0.32208233652403523,0.023106373532886561,positive,1
19820677,5.3282607782522931,2.3336139395252191,3.4782392464749106,-1.5517754515146811,-0.078351981270188553,-0.022879517368786337,0.39678314985380314,-0.4107546947627162,positive,1
19860006,-5.6995600646503899,0.36359144956203604,2.1916269680259299,0.8192841111826491,0.47778264222111821,1.5871021396606815,-1.4937410186166249,0.31024557002939285,positive,3
19930531,20.527462720357317,6.276738449830412,-0.16405195617734036,0.13593985562653477,2.7711912263237419,4.9532012577971223,-0.014918062019446928,0.48618693591205858,positive,1
19990329,9.4997160355141546,0.31040951325457899,0.27079589298017792,-2.0502008764636859,1.2855390621552547,-1.3935407944490736,-0.65936517020250007,-1.0625118300345704,positive,1
20120859,1.4469257228940022,1.1471704160746856,-3.4898356387130929,3.1450119000524204,0.58377982978053544,0.91817769693953588,0.34486057232152245,-0.71706462020570316,positive,4
20140873,3.0514224672440049,-1.6128053728520015,3.4985855727205877,0.99028557546299179,-2.5296858872729646,0.1565190769342561,-0.62767286954931045,0.17072634614428236,positive,3
19790909,-6.6364564583016952,-3.6485694689088732,2.8421141873752296,-0.48715723359312352,-1.7047107520011264,-0.94080651892682743,0.9121689515992325,1.7850660647231285,positive,3
20100209,7.922573043993137,5.5309603974913859,1.7676060508833766,2.0740796975421922,2.3665907170682665,0.100633108033644,-1.8226412365768867,0.21763605270901842,positive,1
20040832,-3.9767962457499717,-0.68864331559473879,-3.0049792069668313,3.9421280164276751,0.54226126391406826,0.12364496040453654,1.2484691740841078,-1.7029049083801608,positive,4
20080924,0.32607558174672158,1.9829322765990467,0.3966516191295657,2.7524499422453368,-0.73584122339616753,-1.0819383669890992,0.56734387235483819,0.59599236629171315,positive,4
20101078,-6.8286753568263938,2.2827564226654009,-0.63006163891553302,-0.43625802175133033,-1.5830358657471817,1.7507226902428374,0.3414609650983374,1.0686932820402497,positive,2
20170722,3.1503125463378638,-0.071490379212746688,-4.1491931423659709,-1.3474940875205503,-0.27418243656036051,0.041418331193026417,0.2557350529116863,1.2696421611633588,positive,1
19810803,1.0099350609218447,-1.4531980110749112,0.862675755861815,4.7944576169703828,-2.3795979598505954,-2.080242127096954,0.042575792253858477,-0.26912672095389695,positive,4
19910449,0.30695718747272621,-4.2722691310686072,-5.4018247793425118,3.7876499064440159,1.3066981867706313,0.45134586334937654,1.235645182750017,-1.5210336555686235,positive,4
19871122,1.6756423089750161,4.1194308049204622,-0.90776037321803715,-1.9010012870313222,-2.1391872959489855,0.77642094563851294,-0.2451922043286609,1.2446855771615188,positive,2
19890840,-2.7308198146545126,3.5480613097585962,4.3922544550590974,-1.0759499684228666,-0.26140606703688235,-1.4003323804263152,1.1314860037812315,0.85870794604810152,positive,3
19930247,1.8185175863092764,0.34718102054135519,3.2098599039482147,-0.5290941243967604,-1.933158558883596,-2.1315821589896808,-0.37317026325477093,0.38751103528502284,positive,3
20180368,4.6301448704081158,-1.9137625010631265,-2.4942952962566309,-0.4314745481196508,2.6310344979688902,0.032870754691474172,0.84804863006838171,-1.111562890390065,positive,1
19950549,8.36843591703831,-0.67415778767521894,-9.5629891345737459,0.66976098315874377,3.7195226060412123,-1.5198182962726019,2.9710411639995398,-1.1165407005248253,positive,1
19820625,1.9227550753677476,1.1709588731808804,-1.3413969145547797,1.4584286253894814,-1.4647868287617805,1.6776183222341283,-0.54035101652594841,-1.6654003505419632,positive,1
19800510,-5.1093964758242745,-0.25592666553174798,3.3473104284179862,1.9139474584155725,0.47489493638132452,-0.27876982962879959,0.76093652930523337,0.95139947524391244,positive,3
19910603,19.416029244724999,1.6355379748978878,2.0697132924729127,1.1552542755655872,4.513758964811398,-0.78776180981491584,1.0401120923246345,-0.37471686986173008,positive,1
20204822,-1.2666884839073247,-5.521931714676473,5.4569979857575497,4.1050573779329955,-1.9698783137661235,1.4548975190179279,0.53275390731617733,1.056964441016673,positive,3
19810133,5.9365829335154015,-4.1053957155937013,-2.2164590293462743,-0.21307872852117693,-2.2098953504562933,1.813540963737678,-0.12176643489713154,0.017440782395372643,positive,1
20090264,-3.1195571359526797,3.8349444859434927,-0.85935143950472703,-1.1153518869724364,-1.0105667042655133,0.79523048787568995,-0.20072290429603967,1.7777257723538391,positive,2
19820831,11.664321517433898,3.2013248548004114,-0.0873468399228432,0.84405230793242825,0.87385786787193453,2.7482460652456751,-0.13769530528125914,-1.1638578330880422,positive,1
20201408,-12.139869760000375,3.4209776468461675,0.49705757291030778,0.50115125618671019,2.3890685275111743,-1.151269524933092,-0.91478206505471837,1.4047700070161029,positive,2
20020659,9.0391736716040416,-2.0152015598580988,-2.3555569784445951,-1.8130972022107221,1.1159014419765765,1.9484501648657377,-0.34000564315632487,0.053880907943515251,positive,1
20130914,6.5076399909351412,2.5853429043175398,1.0629427024700175,-1.4765164415101673,0.61350619102355686,0.77581540248434,-1.5096364234120363,1.8349839367285687,positive,1
20090346,11.520999954602196,-0.0235791267245231,7.3720369450283911,2.5922187273311588,-0.0032762960026902223,-0.52295917013165383,0.21609269749760071,-1.682149787941055,positive,1
19821018,16.732030969846967,0.73037816235806807,1.0007318144873045,1.8576614424617477,-4.6924911268082417,0.67844318706974893,-0.77480111146621444,-2.1651114717411035,positive,1
20150560,6.326381230745989,-1.261279239637265,3.7434757523638895,-4.3061413058108382,-2.9555174581785031,0.70990776882781015,4.2536549808107118,1.9930074086223906,positive,1
20051021,-4.5185112418936573,-2.3878422212619581,2.3154751242954146,-0.54598272957777594,-1.5338569505305826,0.51129966903420909,0.66550764189246781,1.5368724042339152,positive,3
19860369,-2.4673019691665217,-0.77751766491978869,1.791495178697897,4.5292743587336544,0.012863387925610273,1.2541479944265517,-0.51740658071245405,0.13854757416468583,positive,4
20090437,-2.5272753482315271,3.0265156191875842,-3.1929152470752138,0.18601977243791473,0.22969651560179524,-2.5346476475606687,-0.40231986225412952,1.3368252081412113,positive,2
20070855,9.1143782380611409,-0.51833152445825137,-2.1521314453677127,0.068834372251967771,2.8797824746874046,-1.1340122403435708,0.44318831932057573,-0.7651209044872288,positive,1
20070584,8.0496208695703171,-7.0091313171542806,1.4926526806248055,-0.29846569241453541,1.6808794570682573,2.1683958374458463,-0.72595040672992006,0.47147636986548092,positive,1
20180654,20.160054471509856,-0.73170288151416496,2.8058449582257121,-2.5416412715490715,3.6499002109855283,-1.567178767806594,-0.4100744909878159,1.7121699909570356,positive,1
20140066,8.3107649966541626,-2.1307886702529584,-1.4646228055544377,-0.086552588901657304,2.4236595097035978,-0.22205639225866117,0.24899411178157924,0.41429367643081894,positive,1
19860963,18.997886705107529,3.9185137092866364,3.9546560650439133,-3.5233897462629171,2.8828909960001319,0.6310899797157663,1.5051238427289886,-0.36268404770307217,positive,1
19920358,9.3478289621627919,2.6794730407867218,-5.5464386305277831,-1.3439069357557358,1.476709748287645,0.57979313407790545,0.2869124905497164,1.5211780047205685,positive,1
20030870,1.0546037114247293,4.0424701742388391,-2.9779829882582201,-0.25389630003920688,-3.6868692650327226,1.5131068647525907,0.71381300554933702,1.1620951527055463,positive,2
19850710,-7.7719110199622623,1.5962448518238819,3.238645440132164,1.6383704367323695,-1.4159571919910434,-0.40549693420581129,0.66264255364981339,1.1150009977411282,positive,3
20190277,-2.7088152396103431,1.2183541857771329,2.491161204119356,1.1554582367910866,0.18956353374191459,-0.086556351679839438,1.6695137612837676,-0.33755049351250399,positive,3
19940403,-5.5623642170391294,-4.1714406247121332,5.4437050343834015,4.8949109267429476,-0.97296240323603322,1.743013954963444,0.33942680479232973,2.0198485642279831,positive,3
19910175,6.1484442931769481,-3.867213775603437,2.0342953752506752,2.5811384045976484,-1.6476951825660562,-1.6795470299633599,-0.99532093365433849,0.65063420854804688,positive,1
19841117,2.8699916252429425,4.6909636275999782,-1.5584679063865083,-1.0114743966538404,-2.0589426401028579,-0.059214325766069893,0.56184419511522987,0.33254638734645309,positive,2
20150445,2.7935926294445048,-2.3424375327905671,-3.1034163377934409,2.941410290163426,-0.11182230033621519,0.44254562994174623,0.33476749524046207,-2.1277462042056574,positive,4
20040703,6.8906493962228579,-2.9111768830418225,-3.3673207363119082,2.782867951239254,0.75607213441277099,0.49400152839229089,0.37986035971189963,0.90953950955308938,positive,1
19941074,10.147255807442734,-2.4105907533484028,-2.9725316664875674,0.833828378267507,-0.5349360443434108,-1.0826694084907738,0.2817003416372541,0.23885152602909959,positive,1
20090314,-5.9819293527351363,9.79023057219759,3.1446910976437774,2.7977365421531646,-1.6778434964013531,1.4769900819793547,2.3733859024542521,4.8037360267592915,positive,2
19910057,10.530241834315092,4.7200995327089181,-1.0252155140007089,-1.8866000376084313,-2.6014997548990824,-0.011617993171279324,0.61396062729294665,-1.1006241077607095,positive,1
20030952,-6.8285046522529562,4.1353507372268012,-0.32961534820178651,-0.21041719777783463,-1.1486080933280782,0.36681807957180274,-0.042971020400016401,0.91470038872661563,positive,2
20051073,6.3331087179416343,-1.0175076471604843,5.5008736370647391,-3.8899246352327124,2.5966369316203211,2.2883235176044545,-0.18723811856220141,-1.3061592149126682,positive,1
20150532,25.305242547891371,3.5250683052812457,9.9104144986331413,-2.742166172122833,2.1055132300512223,-1.7183020594932878,-0.19368743601677288,0.42577567621775658,positive,1
19901121,3.798768972068177,-1.5599381646802253,3.5612966657910587,2.6814558166775448,-1.8859555455111257,1.4466781557938166,0.94558486615111215,-0.30928751006509464,positive,1
19800460,-0.87119240415469801,-4.395096717998471,5.0526736973176778,10.732901477207234,4.2660582127921058,2.2923663037495312,2.2194627665835545,1.9183403634462459,positive,4
20030228,6.0605230063678501,3.7278700666242153,2.3893569375788921,-0.64669703676850221,-0.67094255912039003,-0.45891542514816458,-2.4019990556955979,0.57230200883644045,positive,1
20100760,-4.9451194527249847,0.98321533803287231,3.9239792162866802,1.6900331977867666,0.61260685672468196,0.58770293722410694,1.2389178665608938,0.029127103049778277,positive,3
20030676,-2.0495886523787767,-4.3806065628077695,1.9248588758862235,3.4601766195586472,-1.6820320233270905,0.74981047768273534,-0.64241259886427549,0.18108081094409401,positive,4
20080396,10.290606734348765,-0.22806952633922711,0.96216644219489311,7.7147437783726351,3.4857497917692033,1.670132207212897,1.2043983645186569,0.88849473117807576,positive,1
20020985,8.2689209411787239,-2.811868732200578,2.1924935234395906,4.064123913121418,-2.1952333773224897,-0.29717747970769637,-0.93021395052201827,0.048982420941074321,positive,1
19930928,-9.4747062077059265,4.020991669582668,-0.45991519066771924,0.91562522744390229,-0.41165224440742743,0.30468864067573209,-0.091004647906340996,0.44840255690966563,positive,2
20010087,7.071393308942195,1.5651433515810966,-8.1211902091502868,-0.89726519166451435,5.4613932600532857,-4.2222124100544347,-0.19899363821249144,1.9836407610469837,positive,1
19940180,-4.8863140346892662,4.7906393563056273,4.2791119842822471,0.68096108851691273,-1.9254494292980098,-1.57679358323134,-1.1135101796946891,-0.46776593187362298,positive,2
20080418,4.4153044218101538,-0.76430047605429463,6.7037837817096673,3.2785972608013587,-2.8201647515401107,0.0026982651897291573,-0.70069459066287476,-0.48055347423074851,positive,3
19970476,7.4138268598904009,0.18759609228829857,3.0245305225357875,2.369416820988155,1.4504432758420058,1.1555077020116855,-0.18481103727298326,-1.4905576510597121,positive,1
19970828,-2.2188751754387148,-7.6072415473726442,3.2118357116583964,0.72374262929669031,-2.4443873285507172,1.5605770752548243,0.18646274509260255,0.86809690130494677,positive,3
20161047,3.9667186355725419,-0.94471166460417932,2.5387126600788776,0.39641038771548132,3.2885863597551568,1.0982986049872312,-1.7707936715242585,-2.2955949554433435,positive,1
20080590,-0.0012007563164804739,-2.2665235583707561,-1.1911799476409184,2.5638225188859773,0.39334841830968176,-1.8119134286785079,0.52662829605397021,0.0086923606501464155,positive,4
20090697,10.854486767730425,3.2451852089259385,3.8235711537468116,4.3116002291547746,-1.9247666987878258,0.76201955890738049,-0.82670078319866191,-1.993739654014604,positive,1
19890988,-1.911150294742848,3.0658674085220055,2.6402713378778806,-2.0175479202717113,0.75186871274535538,-0.21320951673687566,1.846684782980218,1.1265825563607099,positive,2
20000586,22.51151555951844,3.2142446383769578,1.8487540748539975,-1.2092029050455892,-1.9824457960304598,3.6667809456298937,-2.1774116532907324,2.3373873621448547,positive,1
19820712,8.3960799417423608,-4.0539322013409702,-2.9026429852661684,-0.41763843592453054,3.4240900929449398,-4.1833859179261887,0.72080647680607079,1.6808381755543229,positive,1
19790542,-9.1326677052198786,3.2217058915989503,4.4370923134381108,3.7206391326475616,-0.63127561528241072,1.1989165130493067,1.1320241477012778,1.1251397606337274,positive,3
20204070,-10.254180744831489,3.4068675603818868,3.3410426692583646,2.2150880351184674,-0.58222354982525693,-3.7645611340691034,0.96646176239649484,0.14426364814285875,positive,2
20140438,4.2351369570445829,3.0184443018490938,2.4539258302721501,-1.6225274811079922,0.40353597931374219,1.8724617279060698,0.18200691749738282,2.9917533380006089,positive,1
19940609,5.3928166932771244,5.8544882988804465,0.85255035458746364,4.7370041524976712,-3.3551979212652845,1.7774615672335514,-1.4192718634436801,3.0231164993038133,positive,2
19930571,17.625437147184698,-2.2962415149490072,-0.6541418072093339,-2.71178965596097,1.0414632183729866,0.046959131039460207,-1.3611077328588628,0.75098145331791655,positive,1
19831065,4.4274675377753194,2.7050376508074456,1.4499604183702797,0.66300901858712313,2.2547004212186854,-0.33691218321364497,-0.94482357424524854,1.0066328847507717,positive,1
20040509,3.1275204853492942,-9.0766258790837533,3.5036954592223677,-1.7603213184211721,-1.0704820698961068,2.5032879255950427,1.4878225975063606,-0.20786413923531102,positive,3
20000387,-6.385749861110626,-4.5019299075099024,3.1628826620752775,0.01288664455787431,-0.93360430360372793,0.91100444720397233,0.10545434485611722,0.91079269133941898,positive,3
20060423,-7.0517174390406216,4.3028153773696873,2.4873721113588276,2.0867004514973839,0.14173220315043356,-0.42790451901525423,-0.12088985359518337,0.12816457001275466,positive,2
20120246,-6.6990826289845362,-0.69239523690255178,3.9550436465164984,0.33417562993513972,-0.93894927023073615,0.16681217396200682,0.80296050813072839,0.30896834478978513,positive,3
20101148,17.152619511735828,-0.60659905314685603,-1.9269437042734523,3.6881424321071368,-2.501322763134449,-1.9714984698723763,1.6770575506942655,-0.71440892187300487,positive,1
19920107,3.3928387771716682,0.25673755140581933,0.0061704673660463987,0.73036175340417286,0.23734083571928302,2.179035951588387,-0.51365055044729357,1.229444878850503,positive,1
19800695,9.9544581354618131,3.2775638302404952,0.66921640266204918,-1.4681264681834083,-0.62020078570422421,0.80718292555573123,-1.179999888911655,-0.7536549333660103,positive,1
19890970,8.7862500336193605,5.7420422377259719,-4.8241974147577071,-2.4970054106384314,-4.253162289034476,0.66439626005999264,2.4295591580777529,3.8192370067871462,positive,1
20030753,-11.307881671274432,5.6203573847855273,2.9373621556588607,5.406903887822561,0.77510898285490892,-2.3469333625238518,-0.19281227909374327,-0.67730622568934606,positive,2
19950486,-2.7946651249467793,5.3442006017995594,-7.0064638338309599,1.3413775819509359,1.5736352127787936,-1.6713545947420319,-0.63696073508960238,-0.51417538493824266,positive,2
20070177,5.630679943566987,-8.0794297456176771,2.9788000279147657,0.64364229193681866,-4.852208368621338,-1.7011736016775612,-1.3895893393334928,0.9345506734437472,positive,1
20205522,-0.84512064277201826,-1.7047317953452747,2.6036300276083923,5.1551782923872302,0.13217915953580767,0.35577504694168854,0.29565979649509816,0.0051865225511764836,positive,4
19820740,19.918875158418398,6.6421776078700017,6.3204874625327649,8.00632472680104,-3.4649000768489202,2.1119874541259707,2.5852874272110014,-0.50666108918592112,positive,1
20040820,3.2311281567335048,2.1771958945810899,-4.2462161251925448,3.7768995386054347,-2.6242525156148111,-0.65421003724685978,3.334963291188263,-2.3713609274681398,positive,4
19901161,13.566479253787811,1.5008856140721352,-0.33384684546304805,-1.0111305426015875,-0.027346344208136846,-0.13730565513467952,-1.5935612866853701,0.29179107637165846,positive,1
20010499,-5.5066269202004205,-0.030822008112585331,2.3262543522387094,4.0229682859783038,0.095990280542807602,-1.9004284934103561,0.58735884752316936,0.016301439127283202,positive,4
20050217,-0.55912794993994486,-0.54048776986910807,1.0283294387313835,5.1410787368736566,-0.75190307656292521,-1.6358171131001287,0.53362674611519711,-0.28939084498310191,positive,4
19810003,-7.9712569051156503,-1.2266860946842961,3.581020580712432,0.27519685689902806,-0.79580570803455708,-0.99126717710028556,0.089594665639770948,0.84489410733394388,positive,3
19940561,9.8258487688157086,2.3739844896661153,-4.9980655036451616,1.6285964728119866,0.63819139543032821,0.32600125766773541,-0.50771560328159326,-0.4356812918437889,positive,1
20110303,-1.7790255085499536,-9.3440278369563092,2.5090077239968904,-0.13628500869767632,-2.1761192321886442,1.5733216482425518,-0.33279567915396546,1.3699687268456624,positive,3
20091007,4.0990238874976237,2.0421926154195464,1.2026146255122656,-0.75220635583941631,0.16762103076455059,1.40920958276018,-0.58303306487134121,1.3729868757799908,positive,1
20171085,5.0113706510578764,-1.5883661599570194,-1.2443203125743576,-0.91499330771549137,0.02491814716203462,1.9405800948507801,-0.85321578519273267,-0.61969630094477701,positive,1
19940398,-7.1413082762274822,0.3341025606091157,3.6066022258630062,3.1314079009276155,-1.6980713838881809,0.91894128010162746,0.19335249257476267,-0.27913333891137582,positive,3
19800557,15.559210191258673,5.3377606187335385,-4.8780044962519344,1.0857951379996693,-5.203077066838719,-0.82194289073135229,6.0074729709628549,-2.5460635374177687,positive,1
20110505,-9.5448054606477335,3.853187412069873,-2.7171395628374113,0.99364704265524562,1.0656756279588786,-0.93311460285912173,-0.26690270048843479,-0.68816245998759373,positive,2
20110550,1.3718060524604965,3.1721386923665902,-0.80339261518646499,-1.7034264746064962,-2.6546948090576694,0.35475987311276663,-0.16943951379352701,1.5282067156192656,positive,2
19961096,-2.1051872028122491,-0.31957603894332087,0.083852667812459827,3.4140709724042178,-0.55584551276658312,-0.10047708543245405,-0.46845133169079806,-0.59888892751823364,positive,4
20160758,-13.092791280626466,6.8971051788914517,2.1524440057196186,2.4260978599540604,-0.1002249252293651,0.4047733306223682,2.021096392116092,2.7005321217830085,positive,2
20020197,15.244224931548244,0.9272925866479087,2.0783943413279213,1.5180080871147199,2.0532912573897422,0.20656814675414906,-0.99769586717809056,-1.1980329165125292,positive,1
20011134,-2.8960985775697661,0.2285259422895462,-4.8821458235055344,2.2402095247258522,0.96265112147681509,-3.1497625667911895,-4.9188664295427778,2.1786742423323222,positive,4
20100772,7.6029772302396319,-2.2517099648227226,-1.4415627279363501,0.81790566813897703,3.4229945084267501,-0.99982350385425123,-3.7849498411736806,-1.1853342733721353,positive,1
19860853,15.963604164649135,-3.0210490524339342,-5.3850200872330092,-1.0743817052658149,0.25642913919072452,-2.5652273853643761,1.0774265552974269,0.61940473384817318,positive,1
20030940,6.7097737195284219,-3.9462396164626714,3.0419718358733427,2.4540928855764852,3.4153347479911966,0.67236452400217828,0.86134853017011603,0.46192809222301756,positive,1
19800356,5.7837256652410804,2.990176186759868,-1.3978720280188859,0.98811249470601026,-1.8294694716146638,1.8299661788280688,-1.0865870332533949,2.4582308234348238,positive,1
20100003,-8.3397524737779563,-0.81456317593272887,4.1028999978827061,6.1069547998513523,0.99651973627438295,3.71949449050256,2.1662503175854648,2.305332444113088,positive,4
19821058,-4.0236598298592545,-6.9425186686528786,2.5600417829013149,0.11905802277818484,-1.8087281259754304,2.2412581467667003,0.6818702623805285,0.95614629126268891,positive,3
20110351,9.6573341000902424,0.92823805079694888,0.36367451597370781,1.3881517765669704,-0.75569659334484862,0.58531660346850489,-0.6327746562719333,0.86968399182388101,positive,1
20130482,12.44627421919072,1.6724044360368844,2.791061798563947,-1.1283938297895757,2.5780784465656814,1.0656579751196071,-2.1576666250251662,-2.2445907524182851,positive,1
19980289,2.7740817842582461,3.5513758464569136,-0.45290832437483547,-0.49685057461367632,-0.95127894576723127,-1.7591715539590798,-1.5762641849854204,0.83120899850723828,positive,2
20051116,2.8103204515800626,4.8830854896821689,2.2540073774159048,-0.83035020142825311,0.67330039926705576,0.14742407239013322,0.07389883912869015,1.6299426721433397,positive,2
20000160,14.063989167984438,1.5135802697381717,2.3254506129499437,-0.39733216738674076,4.0513482453986809,-0.16525701290415887,-0.76709867508201479,-0.59851372798228786,positive,1
20191014,17.162817726156891,5.0256394995289106,3.2509684910979328,-0.52676313390601337,2.3944411987796155,2.4994133657233317,-0.71385586245695698,1.5062222357913453,positive,1
20150373,-1.1874865825272745,-0.82880812807064008,5.4654007191826564,1.4512008335757578,2.409625094364408,1.224560629032043,1.7457122352068701,0.036082210537343284,positive,3
20100650,4.628288063096381,2.411930227484278,-2.2371640888836088,1.1260885734130324,0.91397350057421611,-0.86508099438387998,1.4422809591939418,-0.41076871115998159,positive,1
19881046,-0.8979220377344973,2.9625465242715889,-0.20580294042745886,0.54317780820875505,0.3773379090898808,1.3824244470063045,-0.85996376500836991,-0.15882184036991348,positive,2
19980552,-2.2387864190301929,12.017666222002616,4.431328917666038,4.5628626919856181,-1.0256138761321183,-2.4317662149240471,1.3782613008713451,-0.93485293350506982,positive,2
19930018,-6.8233788265506243,2.9634989145778943,0.46050986530721499,1.2430464585619336,0.68394545918220107,-0.039206880420177878,-1.2463054269418505,-0.92362268074634835,positive,2
20080319,2.8888858921362268,2.7958096915437363,2.6930146164296405,-1.4786612409405755,-1.0982051897539826,-0.38013423143267244,0.95062206558932649,2.1969393264632027,positive,1
20020554,12.805905443632914,-0.61289414449895985,-1.424136058497667,0.5834945691577943,-1.585119607981373,1.7369003811058068,0.038202842679320163,0.5073634431655103,positive,1
20060370,-4.4378882723610706,-1.1533116207797849,3.7935901517899051,2.7801905145475119,-0.10772682408260163,0.78304664310804417,-0.86743327680059412,1.2312387963004829,positive,3
19810349,9.9717938890665909,-2.0771824005971791,-1.9517309332397572,-2.4727019052528902,-1.3648885787043541,2.3602065616019781,1.6081426225228359,-1.2102906258467505,positive,1
20030653,1.9051106192686205,3.5353492531272321,0.43141927127634727,-0.30283691254763578,-2.2678472249403887,0.45008179637374046,-0.0067950687199444483,1.3085919503511527,positive,2
19930958,9.2318869847809975,-9.4727785508608893,-1.4644529517284794,3.7568593495419593,0.20338850007005893,-0.29119600614129215,0.17175482973539066,2.0175431727714366,positive,1
19920654,9.5795628246083968,-10.588804817486414,4.8316458557582278,0.98397750883824242,-6.2108220548614108,-2.5897420658083554,0.32696540263677698,2.0795979686588506,positive,1
19790410,2.2930496906664342,-7.106195797835607,2.3648736819085534,3.5349243718565448,-0.79171777108014973,-0.15725485949408197,-0.18590058651909275,2.0213141429056729,positive,4
20080468,15.415375241025986,0.35076630404406367,-0.87382144211984492,-0.71858524179149219,-0.5312899143083728,-0.85960939115268864,0.85704611957877186,-1.2617240806849741,positive,1
20000481,-13.064576891003229,2.9302539632610447,1.1945764964108618,1.3450276521819005,1.1251428406572446,-0.54659647996384353,2.2887960874137669,2.141983985989782,positive,2
19840093,-1.8009034904554488,-4.0548907799582885,2.640516993053426,4.3255544027203019,0.045151388720752444,0.86872588394365646,-0.63200474310381149,0.49145105681370616,positive,4
20020352,8.3145555926764025,5.6533462379548105,0.74421853096486879,-1.669578150864937,3.0686193554410504,0.2522076872965171,1.179844421326272,4.0482126565869265,positive,1
20020423,1.847356122928616,2.5887577641462727,0.017590628748497695,-1.258882247286893,-0.47948231237285599,-0.85392455872001649,1.4753541436461615,0.54128642849152142,positive,2
20170141,10.620051775718522,4.1930691300760072,0.25690761949410601,0.27966295834579097,-0.23034995013473406,1.7711981375627264,-3.2562094533900034,1.6958833588128388,positive,1
20020882,-0.41887848488976853,3.6388083979935839,-4.0951004179101682,0.44152885827024779,3.1563809872287609,-1.5540871833455063,-0.60033552153294312,-1.2886235237154953,positive,2
19930471,10.933064539702411,-9.2988760785866411,-3.4425992413609348,0.80354775977102666,2.2820002583357621,0.87728286818663204,-1.4567347246948419,1.431556490458598,positive,1
19870214,6.5695668132735419,2.5935104427572675,0.17384451945606283,2.5675447295529032,1.5677479034664552,0.64489410974630168,-0.96810225236829417,-0.13303698426754176,positive,1
19940686,-6.4170139072317021,1.1298930270055061,1.8480930427990996,-1.1314795562090301,1.6596622491857254,-1.9565026117440747,1.7161005901557236,0.86045415364280342,positive,3
19830515,9.3246672221257327,3.1598898895278316,2.907366546399917,-1.8577704387409781,2.3364426408208674,-0.38218942326879529,0.43222057138547271,0.41032621459960311,positive,1
20141038,-10.894799603980909,5.4127715883946408,2.5598158715628934,1.0799366288481471,0.63977717008324309,-0.85017228639124087,-0.26096861799247056,-0.1612266699844426,positive,2
19830540,8.1504923869211048,7.0894474686465037,-11.38454782092467,6.0488183940158065,2.5507952374914704,-0.71536158337906908,-0.37603891686790764,-2.5201545496289386,positive,1
20140592,-0.57270310204379249,-2.7000761087577883,7.1074097104270244,1.5488729985318599,0.83650756763842737,1.9081727768849472,3.3962403671312269,2.4515018879135564,positive,3
20020277,0.8028023939190333,4.1676217245435474,-2.2878864579669944,0.86237732839974479,-0.34870827986874348,0.34925527818966101,-0.58534659714045545,1.5021340143672219,positive,2
20030170,0.85812969726421318,4.2144145776499471,0.43383339359114381,1.1044538819749017,0.70743747934041779,0.90343061714974082,-0.46705203646833321,-0.18491487879027946,positive,2
19990863,7.0518231221557741,1.5761626694259665,-3.043721660409918,-0.036185879325759368,-1.4551230631480734,1.7094257779607147,-0.83708907054092596,-1.1210876044868066,positive,1
19880784,1.1985550136492742,-1.3284467197597447,4.5089596756151034,3.7340302600098751,0.35793135927823772,1.8110939632548209,-0.8437252047165098,-0.6741213535156686,positive,3
20170662,9.6390293474775337,-0.80594300288410126,4.394200208468412,-2.167817641852416,8.2956880042444965,-1.2443134278779164,3.9597534073989689,-0.68452219868466313,positive,1
20120341,6.7691532768218048,1.5413237738469632,4.7392266859545655,-0.89262560738733032,4.0992033656926123,-1.6554756906954924,1.5218501016477193,-0.26190857586867422,positive,1
20150039,9.9927879222049079,0.78230423226911594,-1.4174173892846404,-2.1656796371439748,-0.23467297725577704,0.8478759926410826,-1.0413869024942313,0.80687674948088817,positive,1
20121130,4.9813176197166626,-0.57149002998711507,-9.5780704812989086,0.36250254424745415,-1.7057193648414832,2.0380572826419008,1.9171140425471846,-1.1973639175951099,positive,1
20030789,-3.678796332468377,-6.0365563917403877,2.7421638017646885,-0.0061743070427045348,-0.73409414179912724,-1.8188381672486125,-0.07277999886071998,1.4568392531554601,positive,3
19951109,-6.4751146322336144,0.65961720792466749,3.1085933125753633,1.7449495956089944,-0.81538764707007394,-0.44719728304073231,-1.0227186437579068,-0.057245325858901928,positive,3
20203947,8.3433107981128121,0.25519145690190281,2.0707132944518971,-0.45211463217084841,2.6454418836860789,-1.5220411007595211,-0.63423695473019914,0.027783013106504221,positive,1
19950857,24.088158455505344,0.06825974106570061,-0.91507325344739976,1.1685600325374841,-7.5047805741634637,-0.15445586574268097,4.1467585120051167,-3.3064462751722381,positive,1
20040850,-12.422898273830969,3.777729927585586,3.1553560000510754,2.3940064492210045,0.91700316078981747,-0.99612927605632107,2.2609438751464075,0.15645078959259068,positive,2
19790535,12.311497979488664,-2.766668418239262,-3.6560900332090163,-2.42127815489519,2.9755839289039128,-0.8836390296057115,0.52882896025851089,0.72510460433118151,positive,1
19960155,11.914624205069035,3.6665696478877239,0.10193722046689638,4.3965761046081511,-2.9213221125333582,0.85521223102507438,-0.93628129689783046,-2.6875874858670965,positive,1
19930476,21.219571714960637,-3.5720895940278119,9.1069801601220934,-4.2881972658901333,8.6838264952607904,-1.4449421770923716,-5.6115356942317911,-2.915073978934307,positive,1
19901111,20.702024248823889,5.1734783703298621,4.599037987091168,-0.59666558420802218,-5.4473077712980613,1.6588264086835285,-0.23927910626737822,-0.12043964142862504,positive,1
19801105,1.9150593759225385,-4.6225103040123496,4.7728135994964562,-3.6488448233787856,4.1695676689202985,-0.37513240666100961,2.1897003292832742,-2.4069879879049059,positive,3
19900411,-10.204024526256331,3.6845901191389081,1.4407879654617932,1.2845445360292893,-0.15477424505194132,0.0022975646261316498,0.44381169697425721,-0.10458834419961772,positive,2
19990755,1.8782825141808659,-2.9120592110370063,4.1336464059392082,1.6816369097580286,1.5155953505068724,1.6154180455966203,0.46798560063843458,-0.33317962932737105,positive,3
19960865,-3.6763653414926605,3.8752972257558489,-2.9677368824361889,1.8552772779802242,2.2320011624966902,-0.10451722188168905,0.96543653186296252,0.044495046175949127,positive,2
20100705,-1.656478870156936,4.7039915795174352,-4.1588710259442001,1.9121661496135312,-0.71062115675559612,3.8948009572297697,-0.72897733927725106,1.6551846153482639,positive,2
20031096,6.2302096525695116,-0.13318669757403817,-2.9219563054716038,1.7507502060958442,-1.263015394446761,-0.059403159122471329,1.8974428136316843,-0.54531957106797979,positive,1
19841050,-8.9048222030514808,0.40403072838358961,4.7094551337173893,1.7453375428908653,-0.98826073212176346,-3.4152298462110533,0.13921439623619533,0.45483753332404314,positive,3
20100021,0.37880364517685794,-0.88347549969967876,1.204467374058579,3.1233588729575539,1.1730525108479526,-0.64511279025616897,-1.5606523031797346,0.85323137397002102,positive,4
20040611,-2.3116942889300884,-2.7748490970571189,2.4086292086168251,4.8146596897295355,0.37916743450440221,3.9276444821722798,0.32540764681177742,-0.043578850238662363,positive,4
19821085,-9.8061966005025916,3.4258423062004444,3.5170640677121616,3.6035608813941757,-0.40838867064475243,0.63001871706708512,0.58808404880356702,-0.80851518404620626,positive,4
19940466,-9.6472034541488121,-0.13372633819533145,2.0957329848116073,0.95786089545911579,-0.40556371373610645,1.0793381963998827,1.6984241124977169,-0.24653640701980217,positive,3
19941166,-8.8902892634341661,-2.1503558436045309,4.63531015784885,1.2084450290290101,-0.82034102989480284,0.52610155055861907,1.98809370458921,0.49098489674950535,positive,3
19800256,16.520997511473755,2.6457668095738303,1.5667638002489839,-1.8777300379965849,0.81327345948969165,2.2646286172037859,-0.17843293690188097,1.1263873601960983,positive,1
19950734,4.2173073226441247,0.42524726734366008,1.0527224580593215,9.6605360095486539,0.37915783882690696,1.0528852197285212,1.6444994998438209,0.18267391300051408,positive,4
20040733,4.1854306277532789,-6.9419931890310327,-8.5804677985315809,-1.1316463873324418,-1.4430420525420271,2.2997625352635382,1.563679425681225,-0.36201654198646166,positive,1
20151175,-4.8833524300934581,-2.9581856173440784,5.1072589928388483,3.3877809111045516,-1.5335248056482174,-0.93338775787203598,0.7297970242937849,0.45979298983857869,positive,3
19950010,-5.9709904450627702,3.621963161397419,-1.9285436443460118,2.1630408419739129,0.96631771585421389,-2.2022359947547177,-0.83447172341814246,-1.1497937371311444,positive,2
20130384,9.1895404501098863,0.87923439974887396,5.8722308494352413,-6.9699037348241681,3.2778321390555214,-1.3289129831385627,6.6460011486965067,0.41177697229857213,positive,1
20091022,1.6959203437216748,3.9498936891406942,-1.1520052473041655,2.1704701822464103,1.1288404201125732,-1.0223911764319222,0.26977865450858246,-0.42905456445487561,positive,2
19830084,19.99104960176231,-1.2925832921153446,0.37645925416188081,-3.6142114966434575,-5.3736410607324858,0.08781776606283126,0.97956524066983597,-1.1395370820393156,positive,1
20000633,10.566119332277069,5.6318906088801457,6.5766884575919287,-3.7519266941818255,2.9450060275745353,0.59165280702140444,1.8201729294034945,1.3665958736815422,positive,1
19990677,-5.5424963971465777,4.7797803293791574,-5.4893002378803359,0.37198883478273898,-0.58916400404406255,1.2551403120127653,0.46306522212784107,1.7650418514565145,positive,2
20010534,15.590268221186928,-3.0656613372601527,5.166359735886437,-0.54270348733338647,5.8882238767242399,2.008901666057108,-0.24933619979223681,-1.4279951244870255,positive,1
20111020,20.578666415643291,3.4938718460061642,1.009189371083949,-4.7830825482478145,-0.24338432596600679,1.0952847377083257,0.6085419534037213,0.70304579937107614,positive,1
19900443,3.2111985876719951,-4.8284623898153152,-2.5630571854251691,4.9903149623968135,0.41495964273782004,-0.71642166646718586,-0.35856572702572603,-0.073533675740929769,positive,4
20060769,14.562785906481565,-1.4691277144267614,-1.5092041621908845,-0.77763385291570819,2.4541992564431108,0.59910191247878797,-0.57738849956561988,2.3063851778655224,positive,1
19860482,3.5801490473270983,3.3221974887220496,1.3333118490968241,1.2782595387733704,-3.6083521435180024,-3.4873276638362305,0.16969101441618725,-0.37563479101836866,positive,1
20000716,7.1661405629985877,2.3486504919571352,-1.1421514722593755,3.2485199336043165,0.86924182109596826,1.8830726126241328,0.37574907639624305,0.97621457689741631,positive,1
19970791,21.741581983144521,-4.3229366070041975,-3.3306331309713446,2.3138946867863752,-7.500223035558605,-5.0288128349267884,-0.61908005341961136,-0.90906500375403987,positive,1
20040167,12.10084125281271,7.7005625113737972,-1.2408175003453565,-4.0050549529059634,-4.1857837435002532,2.0145764188990887,0.55893503745284812,4.605159602183698,positive,1
20090376,7.6532643912002252,1.4913865253005671,-4.1412185481764814,0.01065203826655768,-0.98503014975713155,0.1542696762734187,-2.2569316469287002,1.2990544251052059,positive,1
19840557,7.5316139688030264,4.4859527056945687,-1.788112690435995,1.5097741772916446,-0.051268677044926866,2.8619723634735639,-0.71677813319686234,0.25733672881103969,positive,1
19950611,-0.67220218719634306,-0.87995381938851569,0.67778092267530654,3.8435778739944331,-0.18055048541000665,-0.38727726785179301,-1.0966135399214221,-1.2991912034063404,positive,4
19900332,0.12781219263567908,2.1702044999845564,-1.4422730972329061,4.662590881639348,0.58732352746349226,-0.83284968285210759,0.32867287892079133,1.5459826069137559,positive,4
20110374,-5.1779295183159348,7.5585347687209286,1.2067384821948983,3.0334376990234126,4.5781639780864785,-0.43459790278598653,1.7654630213973572,-0.83872113184419517,positive,2
19990023,5.4505082977881791,-0.50188031125293686,2.840258168553444,-1.3377443473145865,3.5311205954007434,-0.22076876349342617,-0.9303447251302186,-0.35154333602800741,positive,1
20100026,10.805615017288822,4.1358303544457256,-0.45875383132657643,-2.753747517516512,-1.3138373759825146,-3.2856081776848125,0.65279417721281996,0.2367984350589134,positive,1
20150550,21.764552146509914,-9.9993489027830353,-4.3017178097411275,-1.5775096943027778,-5.6450295457007709,2.7627817212242247,1.4191382514523128,-1.3649708916717984,positive,1
19850727,2.5442966519420591,0.23219738828447015,2.1888161921838307,1.1142296620707548,-2.7242942303525779,-0.9518630067043492,1.7718247536963969,-1.0135796415755223,positive,1
19840420,-3.2889545833553271,3.5996287564260747,0.48427477699323784,2.4950864340249472,-1.3237607382143524,-4.3844603537113542,-0.20444616129755494,-0.012932832427260049,positive,2
20131158,-2.9296745370202761,-6.1382006298183489,3.0083642661077272,3.8895904180316383,-0.95157582724187728,0.5447030170857885,0.16484614009604209,0.74695544316791407,positive,4
19840475,6.0407963528778374,-1.3468023197004437,0.29376085753303122,-4.2148934855705829,-1.1231044526346516,0.38271341319852231,-2.5454188668530553,1.5079980856022652,positive,1
19960290,6.1785775170126698,-0.13852125336235813,0.75008757965414807,1.9062623660813098,2.4047707758122709,1.1170779387331207,0.193955338165682,-0.76389062469950697,positive,1
20151172,-2.2087129358160733,-0.061383750488905549,4.8529945448808895,3.3093720123460941,-0.98519618982760526,0.27420378103328163,1.6277649585091911,1.0878002200390178,positive,3
20050892,-4.9753372241310885,-2.1882491310294019,1.3484155334282359,2.7072428657445728,-0.53242572748612305,0.013394804681153385,-0.26242163297099036,0.89147834291537886,positive,4
19990154,-10.996917255912873,2.1359291206352946,1.2314761996406163,0.27137621334633683,1.0521136750163573,-1.7624497945087438,1.6940948742093964,-0.21607852577327727,positive,2
19940310,10.645245390976385,-2.7037299017233947,1.3991344514194255,0.71428825299813836,4.9397203016340709,1.8770775213968101,-0.67824910431263208,0.37066605280869869,positive,1
20070519,6.1235760885715695,2.2006136392260243,-4.1309905182238174,0.8818778472050729,0.91926660698473894,3.7299896162213217,1.2132852013547926,0.72843855913951561,positive,1
19950017,11.060201789094062,1.3341825856264384,1.4320781047145807,-1.5737263513580622,1.8051214268846143,-0.27867228473409889,-1.3346810807835421,0.18038056331626706,positive,1
20010992,-2.2627924358912357,0.17898070037904459,2.1290616563279512,3.6024803919918615,-0.91780760563306962,-0.033723571337606027,-0.72748142092399992,-0.21939110944955639,positive,4
20110986,-5.0512976881629053,3.8180850650326552,-0.53799776925375509,-0.89984066744549651,-1.0719873123878028,2.020488078286935,0.052650771093590065,0.68376532529973499,positive,2
19860954,4.6149817568682039,-0.060776735286737896,-4.2232862483850484,3.937876604981251,1.715276924138657,-3.1741470042554356,0.137741663180378,0.35395215819660814,positive,1
20190190,4.4275493229070841,-0.49189505182806886,3.1095698661460052,0.73564735523934222,1.464283290615551,2.1121796280994993,-0.32143356867676631,0.90235349808864795,positive,1
20021131,11.261308518385576,-2.0568257980703066,2.1363939484983336,-4.5836693104591815,-7.0837576825815596,-5.5140116431852704,1.7315006819511887,0.5174379128766855,positive,1
20060564,7.2534188071469554,0.72538190487652587,1.6844462450574396,2.4835901884723786,1.5818434141498849,-1.5956210585139539,-0.85439020537585286,1.6306299607671226,positive,1
19950392,-10.316624568360744,5.2974482363864768,-0.46290196986222404,0.71345472417160649,-1.8730829018004116,0.46162685082802996,1.0539447210266413,1.6587909715455109,positive,2
20203282,15.822501215707353,-0.59055553636524583,4.5066529176226702,0.055410800045146064,-1.9170042122795121,-0.90612470892088026,-1.2975192303864707,-2.5622272003985569,positive,1
20181019,-6.1371695390868632,0.92399514358469714,3.0465670238141476,0.033282988972842535,-1.8017095455522292,-1.9954421853428896,-0.89345256272338636,-0.27083942540815809,positive,3
19870588,-2.4091573146009839,-2.072436641568919,-4.9518789237939087,2.1953464613791591,1.0682104014189095,0.0012370000017072511,1.6893221955258886,-0.20549408876982136,positive,4
20180865,-6.3394240096015357,4.7706634516670912,4.257990440201711,5.4906312348830824,-0.90573485705778622,-1.380012143061895,0.57803154152423064,-0.015933802206816391,positive,4
20080485,-0.15424579950722064,3.2211453859362442,0.86423142139284015,-0.59684098065367452,-0.12617671808488853,1.006673293586176,-0.44928860183167602,0.81398102265133221,positive,2
19860752,2.6412440970243671,4.5376606110337256,-3.1797358453698332,-2.0752182071844789,-1.9001628121774974,0.65357433624539452,-2.8932921520482182,2.2085762947518339,positive,2
19830224,11.300814673704409,2.6243147130114264,5.9273319823611326,-3.4254440863493545,5.1079440246717969,0.40612064566736061,-0.76621653992764027,0.1626030783288025,positive,1
19990889,15.503528491272766,-1.4274362061615613,-7.2473399343225582,-1.0643399366949793,-1.1270040432208008,0.47733919679127296,-3.8977316062761727,0.49255356283588336,positive,1
19950935,3.6321749947771167,0.26804683134305229,-11.966520206820901,0.029869167125076587,-2.1703056634629267,-0.13131798808870648,2.4935273643990419,2.9387257046269744,positive,1
20050694,6.4722259604845238,-1.2419127563431904,3.6118855400186738,0.70077858373482194,0.83582773499591834,1.316752224692209,1.8542094420581374,-0.2914326597334998,positive,1
20040932,13.434979022739359,-0.21003019125573535,4.2487947364770937,-1.134629787779722,4.5269289322109527,-1.8201086759012479,-0.59824860756056308,-0.86496958624002962,positive,1
20160253,3.6184197829566926,0.51337547191673893,-1.2925115146312998,-3.0782069647997083,0.54983570678637506,-0.23010195317130272,-3.785243248190187,1.6434117695925694,positive,1
20170154,3.2296159405413549,3.8094089579838464,2.0966868200562825,0.046681077227153464,2.3121362967722079,1.2988662404644638,-1.6172955796844823,-0.82721401932561134,positive,2
19910295,-0.46262625430820525,-0.56835719118704353,4.7725354482641524,0.46962341333034185,-1.8034682398614246,-2.4906405097700666,-0.40603599747759939,0.80926249685533946,positive,3
20205515,8.9951972391430015,-1.601158320083101,-3.0743824386767202,3.9305693908301507,1.1323205109233492,0.38670592805773013,-0.94185311561786222,0.58960513878364063,positive,1
19860106,1.2738033554100943,-0.91717668999815649,3.3278781490891065,-0.63196644866523854,-2.7727751325830807,0.45706569195649249,-0.70286371142451509,-0.95691421441849533,positive,3
19931164,31.41565975023558,-2.2622884120782492,3.8259550869659282,2.4732940868300544,-5.3508387007962988,-1.078163567472461,-2.3492860841353913,0.46368670388597305,positive,1
19960663,-4.2834309078147186,-3.1989711587656839,-0.22121790017379275,5.4624243047700558,0.043548847632007948,1.4637442457887968,0.30157532757401168,0.42204344822735373,positive,4
19860622,5.7312223333152286,-1.3497334566820285,1.7602633826122902,3.9870033983549629,0.99954260440831133,1.2136689498089963,-0.056355897777542227,-0.727415040620493,positive,1
20050095,22.810624617840922,3.0832461490295198,-2.5714205766336531,-0.57999650402607528,1.8490124500624376,2.2448272202323656,0.92859194375603749,-0.45932793879384143,positive,1
20180496,13.092722400375441,-2.0052846133265483,0.64371750060232336,1.6352186639465855,0.81909355593022726,0.47467836783316775,0.1619036521214143,-0.58151433163425448,positive,1
20130123,-3.7300833396342368,3.0651193611280338,0.84916231396054187,0.15826381081750676,-0.20721233576310133,0.5777671894797759,0.80395933722210688,0.63686706829112749,positive,2
20080823,1.976904497979264,-1.1920938866682056,-2.727738994305446,2.8267864181670492,0.79123572663017283,-2.4343741398241701,-1.1152427297038126,1.7447131712213231,positive,4
20020230,11.762143756324409,0.30933097861752573,-0.81839370829271951,-2.1430903065472147,4.010911661286519,-0.8978743074382437,-0.043979354791116074,-0.33599366957952742,positive,1
19811187,15.204783327699944,3.1444605596084019,0.55145614917121011,0.81702683942666754,-3.7647402072284493,0.55058881963341189,-0.32133819471085462,-0.7337351733880787,positive,1
19860700,2.2291539179823148,-3.6454997829520406,-4.5773810176590537,-1.1273383084500175,-1.5313684490086428,1.7824473905287157,1.2376272244132651,-1.1705769646225166,positive,1
20110787,4.9797584483795365,1.1228979613557435,-0.75178924982071027,-0.98975107813065621,3.9940307219605002,-1.3743363418937351,2.1017492070492132,-0.71928165537867483,positive,1
20202129,-8.9393879074167213,0.62634447756040601,3.7162218484152949,0.27299206225032502,0.72268608252887501,-1.9694676961934934,-0.0018097598163791522,0.079893515671609294,positive,3
20030646,-3.4705022267524539,3.6101638641818452,-1.7894223297993255,0.95767238634576635,-1.3006842745730067,-0.85975850444141699,-0.67575772216555119,1.0552154462230829,positive,2
19920614,3.8046723028760843,-1.0624311427166924,0.11528897466695902,3.5775124602418624,0.46925051940158641,-1.8716512003016064,0.70895833996290825,-0.038241408305643022,positive,1
19920641,3.7097475065601002,-12.349944576955194,-2.9998782484085029,1.4273284773898418,-0.83707032284645266,2.0812709251193637,-2.093170268979399,-0.10229348069506899,positive,1
19930918,-7.0279009331095832,-0.35629704417015756,3.0747997605322688,-1.7646245398463343,1.0585507599443729,-1.3353921491182907,1.1727850581909089,0.39122269104948665,positive,3
19831052,9.1162553698996884,3.0627257408633266,0.57873937065740588,-1.6516354810399219,0.13941105831346759,0.29909089330825273,-0.2312842947580033,0.1642562602196552,positive,1
19791150,10.726326915352931,1.8665021980336074,3.559623855408089,-1.1978075579478293,1.0615298271891322,-0.52624574632500687,0.39872972412369312,-0.7000946773772897,positive,1
20209703,6.0980895558286496,2.8235766960625508,0.28217323460908311,-1.5072276189735636,1.2344296475425041,0.021965954947597118,2.1678282990339395,-0.9568076820500464,positive,1
20110532,3.1632557786581232,1.0202579699093115,-3.7470540420143297,-1.284448939059595,-3.9710951678127175,-2.4730200402695752,2.4884469026083451,-0.90545699721741424,positive,1
20110598,0.43346980949727376,4.8823953620891114,-1.4477029874303526,0.69099749286721712,-2.4466505972388242,3.6969476295015906,0.93496603865662009,2.3711879819235824,positive,2
20130813,-0.58008597711491472,4.1394099962429527,-2.1006311610747468,-1.0260065494481094,-2.2352538137593436,2.776466907616256,-0.034535811456657912,1.9275881311455154,positive,2
20080113,-2.6422175766426603,-5.0767718363917851,5.6989364803330052,1.7243015700154105,-4.2517240516555193,-1.4361323946133684,0.12196251387619689,1.5926436922586271,positive,3
20170296,11.310172882703677,2.202325641887326,-1.9992602302329925,-2.226369854230553,-2.6455334849819065,1.3380143974555416,2.5866923906444126,-0.83929114176699371,positive,1
19810116,6.2217846156650864,-2.6840471617615687,-7.8749092351989765,-0.94680012380593848,0.23667965553346118,-5.4469624799471719,-1.3633433092119254,4.7192987703083418,positive,1
20050426,-7.1001077013644585,3.0712085874332837,0.16344409852672226,-0.29015666937820644,0.10058538613692269,1.6031900492308253,0.56491177923907643,0.59156631272649118,positive,2
20100144,2.5680485412875411,-3.2041454222167669,-3.283933211209817,0.5912206351444087,0.42052040452162393,2.1376693987718656,1.2593720611443291,-0.83089032046429923,positive,1
19980213,6.5927496489068957,1.2028513760746991,5.5099726866098599,0.82162755282347444,-0.35747025143743955,-4.1407509789165298,2.160377402802633,0.7450863231337802,positive,1
20010202,5.8791599481276737,2.7767152012425811,4.4531750685093829,-0.83049555694873944,-0.42572014790970664,-0.84665637567598129,1.1757741381252838,1.2740522241066978,positive,1
20090363,11.41328935956305,2.2740353516029352,3.9026758081292123,0.99481254437169708,1.0125822740446671,-0.13794469236858223,-3.2721342130953728,1.6865498326349968,positive,1
20080031,4.8360659285517631,3.5725955720442863,0.82059739083184091,1.3125796769170412,-1.9418051707910309,-1.196350380513086,-2.0444358659251041,-0.5238253400155346,positive,1
20040656,11.243927861359074,-4.4740913781556584,-3.2511029194394112,1.1300064677153667,-1.2159891134866931,0.42720691929711169,-0.056274537955702732,1.1143330835097751,positive,1
20171190,3.5830170687188283,0.95143557905097287,1.0776392041539786,3.7672163893344788,0.22561597417926432,0.35078977974331405,0.087213077195720565,0.19279821160280053,positive,4
19900808,19.174759491512205,-0.64023286269507584,1.5648924807713618,1.445498675539576,-2.4571900570107865,-1.2914068962813621,-0.73864333788255099,-0.5142219339899502,positive,1
20090447,-3.5884006588031583,4.9296448157649255,2.1455319894373281,5.4320890651820219,0.13201469676327809,-0.68434385526177188,-0.55038719040817097,-1.3204929950852318,positive,4
19920258,-3.8249326628825817,-3.0442423638996763,3.0341740631537886,-0.9811010448907217,-1.0681786494328722,-0.42568444399859384,-0.77319880162971799,0.81049921455874496,positive,3
20150234,1.5788959400230016,-0.41601757456291294,3.070054770733774,-0.029045360253460138,1.4299837487232747,0.065070536530486736,-0.54264836098304159,-0.81265901361330939,positive,3
20110445,5.8430772442388648,2.3460992291864375,3.3514230655616961,-3.0676889134839578,0.70807582342678754,-0.45633830763257011,1.2911247096300182,2.2990263787328682,positive,1
19990712,6.5698751878536878,4.7944729834972835,-1.7420692650885374,-2.7321298306420481,-0.20151599420604532,0.82699354330910868,-2.8418933677116862,3.3354822939615434,positive,1
20090969,11.386802594610495,2.1112877666767509,2.2195071663895458,-0.29290369734044297,1.1960695477825323,-0.51590578422267852,-0.65051796791743588,-0.74632781673989557,positive,1
19900978,-6.9221702114786288,3.0901164662668883,-1.9952458513112503,-0.14246376027578186,0.46708991437462161,1.0801697420283602,-0.62531336509505298,-0.28654342206223671,positive,2
20090537,2.8126629057304191,1.5991790828634806,-0.61928573608245419,-0.53538117811954755,1.362682599521426,2.1697520304198505,-1.8946205330553314,0.8852622110326136,positive,1
19930085,10.790122626002651,3.9425554616458909,1.6192529677848366,-0.77692428343018638,-0.35314314767729577,1.6304959558510617,1.6901338461126636,-0.59926543628077278,positive,1
19860913,2.2630624942970208,-0.22986715741084227,3.6194757720730464,-1.1180986804415742,-2.2656046025077949,-0.28807377290895686,0.54899417854596877,0.32517036255513382,positive,3
19950774,4.3644107499408333,-1.2179644879145386,-1.2483017430020042,3.8401380990352405,-0.30187542333080081,-2.6488436435591014,0.029717660645380263,-0.42601761010065781,positive,1
20110244,11.682520572699277,1.7044641918343637,5.0072504913273184,-0.20497882001575488,6.152095668475754,-1.0682627558998843,0.22343393250945526,-1.4931802793273665,positive,1
19960282,5.4877548396667546,2.8890290606366777,1.0301719212760196,4.0293312028005941,-1.4621830153745972,-2.3903101782339387,3.6788851219866241,-0.51941691595954342,positive,1
19821118,2.4966838130600979,0.13124640894430828,3.2805669436001299,-3.0403256458609422,-1.55208096928103,-1.7270597464158506,-0.26919639257792799,0.081371141754444945,positive,3
20130597,-4.4809164114856248,-4.3057920246400183,3.2927683049514971,0.70853177867446138,-1.7981247323534277,0.096690066148689247,-0.24800707732782903,1.3207313498869331,positive,3
20190325,12.029043218522155,3.0884055588561012,1.4735387497285624,-2.0136963653395852,-0.45504653936062855,1.7032135178743861,-1.2803048330186495,-0.28875657217585166,positive,1
19880377,-3.7446144398560319,-3.6294463679063127,3.9768926671368066,-2.8372962118765224,1.7318367798575163,0.22958917545143442,1.9880532304998229,0.056922581788474161,positive,3
20151042,11.338086419224476,3.1903228548543261,-0.19354214681815077,6.0780122213677981,-1.5618839213329561,-1.0627411256651613,-0.56585951369871212,-1.9095472823576536,positive,1
19920925,2.9784611321304606,1.080333138690835,-1.2343174997565942,-2.4812832444689605,-2.0725092020595213,0.67062061228080694,-0.99692069676939221,1.5759267309736189,positive,1
20171197,-3.0376456549279709,4.7606880760755415,1.7829390977702873,5.6557711842245553,-0.9341335533568379,-0.65001070497036118,-0.76947900710724781,-2.4889885498587807,positive,4
19800445,-4.4489243006637071,-4.1326447734658593,1.9629291905670931,2.3596852004700577,0.0023553883336235944,1.9052555324674951,-0.92185044310296682,0.15411541479794943,positive,4
19950127,6.5588870603638165,-4.2718159458039304,-0.48199764619149166,2.1380962384500259,-1.457999696924104,-0.94042490507418885,-3.5926704797511944,1.4356290077111025,positive,1
19930158,10.113485817179768,-4.0899599118384042,2.7075226063765152,4.266436941015936,-2.801349340792898,0.1853603202328003,-0.30418434304693087,0.010056331773541587,positive,1
19990740,13.51444412912484,-0.7167749923852762,-2.6342607896131081,-1.6188681925598762,3.6332693372511726,-1.4354205478972648,-0.77096389281828914,1.3373926921250998,positive,1
20100745,-5.9811527357682905,3.6969694720299238,-4.622312571029104,1.3903736738204633,3.5497675739083334,-1.2012869442587804,-1.7583617598877923,0.9803662882799179,positive,2
20150266,7.5577931245458156,0.97522281589645743,2.2363726356064992,0.61137779887391541,2.2527871775816557,-1.9287090882558344,0.043121576469059342,0.52646754874458201,positive,1
20101094,11.832167026410074,2.7813456300449668,0.88073423617368363,0.92263510982354568,-2.8021007612537563,0.039242041945467078,0.27614225814854504,-0.51079584046311866,positive,1
20000580,5.0118423663425355,0.30142401986498052,-6.7284752623434514,2.2138175702512335,2.4807361727945092,-0.04459980597114345,1.7426727527973818,-0.24896427603442581,positive,1
19890971,4.2764048017025473,-1.9819941091012188,-0.7856696753221023,-1.1968609827251584,-1.0159151072217152,-1.9467718435963359,1.9601712016589441,1.0182006260922969,positive,1
20070652,16.298479068538924,-2.259517057928317,12.464504519333765,-4.2837300724307026,9.3681787384791786,-3.3386377892948067,3.9699898324869825,0.11380861093865478,positive,1
20180989,2.1758968663924922,-1.3132856269831761,-2.0165415506222906,-0.76757187051374243,-1.1337164106219724,2.0793808471670148,0.41105800311858975,-0.81701262831900401,positive,1
19920700,-10.964648287668483,-1.4124743270248155,2.6419957161952961,0.061638009445030305,1.3039967336576554,-0.88213877556714992,1.8891258576436574,0.34720297323785876,positive,3
19831146,3.0385631577427072,-3.2069151843880324,-1.9070881600319629,-1.0177919802372268,-2.1651386750930435,2.0047223816094344,-0.12999559775102434,-1.054001974478787,positive,1
20120441,1.9793032764117002,4.8838392697549464,-3.5680444988739319,0.75075687453339357,-2.4607928334515066,0.55093694182419983,0.99368548098150922,0.012432934919222089,positive,2
20121141,1.0738840258368316,0.54324717968262215,2.9866492110015681,1.3701037892350232,0.60769986805953891,-0.41952590486456981,-0.10369755033498573,0.21144082285672736,positive,3
19810248,1.169544634763378,3.3308130199143409,0.082456111682029598,-1.0101929443653381,-1.0134274436319877,1.204143312602626,-1.8433712840104206,0.39284292357470213,positive,2
20130746,13.34671365419876,-1.0533951008674907,4.7003586353550775,-2.1275072936139288,2.3873752362744423,0.55267476559649598,0.42883124455420008,2.9354109696080246,positive,1
19831064,-6.8768852571357462,3.046728093640223,-0.1584897334445472,2.1089167417637396,-0.0046344717285068931,-0.097275204408635157,-0.94016874145742113,0.17197387364232733,positive,2
19890383,4.7502955350796485,0.86018921579802543,2.6388349971171694,-1.9164956628705603,0.52002548063682918,-2.3534656902247013,1.469895224016305,-1.5124049231745482,positive,1
20140942,-0.72321155884675048,-0.65072250045731039,3.621099155259953,0.50550270224022198,-0.31895585070484184,-0.52529420258382853,-0.15026011754449259,-0.41189336898125845,positive,3
20120968,7.062847410656687,-1.0042811477841298,-2.5434866422723923,1.4074057116875698,2.5405855432910802,-0.082044729162640079,0.11983289631486294,-1.0419653914318425,positive,1
19970884,-3.888669261876708,3.5092877546664658,0.36422257866728741,0.0015986491648038628,-1.4774192145020213,1.2454814333791864,1.0658043009683522,-0.012464437749818013,positive,2
20201175,-3.2323248799853137,-0.11217643442808542,1.2483305484821725,4.4020142928127051,0.19954078770999831,-0.43607784621953466,-0.39135015211197505,-0.37380726944318815,positive,4
19790317,-1.2477582131090255,6.2171839446302934,3.3099997291818757,3.4601959208546251,-1.9500851959852525,-2.7794391481914822,-2.5865421331040008,0.95506704396467357,positive,2
20000856,5.5437961639066202,0.76105869597786413,-5.4369391064812946,0.95273209547800697,2.3085719905202775,2.3286159904101327,-4.383857745748454,1.7393736610490154,positive,1
20061188,-4.402236903291926,-2.9122436248978265,3.3919267323342459,-1.7927666949630092,-3.3112167356981037,-3.0848165047564136,-0.30275720667414535,1.3252262095682137,positive,3
20207194,-0.96198901350323773,1.7884608998839724,4.1344697359328633,-0.13980547890324915,0.4264243189572835,0.82659209761009556,1.5347901645184567,0.76741230355243306,positive,3
20060422,3.4047673827517659,-4.7461940364268731,3.7971856889560933,-0.36594123266346285,1.7086434992629727,2.0608534012194291,0.38934700754199508,-0.54719846897609314,positive,3
19990596,21.23776049152713,-1.9684850693009461,-1.7696717343841923,1.4330250366939601,2.8816557945528665,2.5020786186624964,0.16506662146011594,-0.79204366922108582,positive,1
19971055,5.5905160317155973,1.0229086423954195,0.96422310571556225,1.0416442542220694,2.287697479095351,-0.65659480169006013,-0.59511841747413607,-0.59884326518096787,positive,1
19810960,-7.2621978319499352,-0.038517382259106829,4.2935762029324183,1.0280235755293907,-1.2855906153561192,0.9663028104803002,0.1193811604377058,1.1449693611021754,positive,3
19920625,-2.0120621836060368,-1.1057872280903365,3.6753999922454264,0.38505978276488723,3.2461464848617272,-1.8848238639243406,0.32905313267274938,-0.68396099808185906,positive,3
19931022,7.840470085222278,-1.7592478691930624,0.86781307562840393,3.7256994730328614,0.76442750608089438,-1.7847774981902127,1.1942754815200689,1.4773037792135153,positive,1
19960054,8.9125356924614305,1.3949892457053956,2.9135262714133874,-2.4000915346742513,3.1142748276307644,-1.1107643994786833,1.9006582896393425,0.59823796049263656,positive,1
19830536,2.2462669196767102,-0.080475548357369461,-1.9975185484098623,-1.2093947408349066,0.63551762290894875,-0.61301134493266485,-1.6337044164072576,2.1473561767145721,positive,1
19790434,7.0586304749344047,-0.29829788024332415,-6.7595098009506671,-0.0020137575167258072,-6.2911689379443594,-2.2869718772576593,4.1347563447110005,-1.0020385776467624,positive,1
19810338,10.056549612089096,1.7448198646402109,-0.68055879052374135,-1.4038874586903702,-3.0493922305151857,2.9726119566498683,1.5623926672975335,-2.2292690647565117,positive,1
20030677,-2.383066794440035,-2.1251381743494111,4.8517867032611681,1.4142028483507421,-1.5885842347828303,-2.4455621696049237,0.57887641488567643,1.0043490806301483,positive,3
19960770,2.2956287062662648,-8.5720855738703392,-1.0713888852609268,-1.3139813066179282,-3.0175103237403165,-1.6593296141154081,1.1707270262924772,1.3276251321250321,positive,1
19920101,-5.6495947661414814,-2.6361550583418878,4.5580867399966047,-2.2722482231204748,-3.0899558750748399,-1.9622720201784485,0.16410085723064996,0.4743796123754549,positive,3
19871136,8.0455085807858389,-2.9438291676163706,-5.2850818870849912,-1.8281995529217907,-6.0426605531372379,-2.6776981734185519,3.8837111125088586,-0.82781407722787892,positive,1
19880758,12.980085020152211,5.0626341133017805,-11.261996270741527,2.0030636532096411,-4.846228450178435,-4.7560420652751443,5.0011105353777703,-3.843339126631049,positive,1
19910856,13.621564705530474,7.429385058107111,2.6350960417328979,3.3966591266766235,-2.926513708957744,-0.81659583183630835,1.117775836235857,-2.8033437746689209,positive,1
19920864,14.593856364688282,-10.852825919902118,-5.0569172357132315,-0.014317491007506783,-5.648383411340868,-1.550516579177573,2.6867935785138313,1.0283637288995715,positive,1
19850703,-1.8434081702776266,3.1103442024020689,-0.92802179138658447,1.0779575851622776,-0.7109665036427526,-2.1734598922101496,1.3469886056980795,0.022750542812144472,positive,2
19940445,0.96893859325868348,0.17133435589959961,-0.83027093809172914,1.7382724110610996,-0.99758786475747885,1.7339019794324804,-0.108919426270006,-1.906880572145027,positive,4
19840320,0.36972252171929093,-2.2246742269425983,1.9688256944822309,-0.28386218343718883,-1.1324359882848989,1.5223800265806886,-1.3793186322813051,1.5019710078010318,positive,3
19940361,-4.7677265377972349,-5.6654839738905842,-0.72436103782825101,3.1534647893964602,0.96195496393499558,-0.98045390906794816,-0.50593005550217107,0.98506769893487345,positive,4
19980471,-8.2610313662956827,3.499580097003621,-1.4431168371162428,-1.3924798915963226,-2.7286229413580294,1.9099934405273702,1.2850062380235041,1.4127219237279076,positive,2
19980424,10.916577167927041,1.9652997311451428,-3.4211060601952408,-1.8558087761263951,0.86123782081614153,-0.96706797355873564,-0.4385820310388176,0.45479283876262927,positive,1
19790087,-3.1962985327335245,-0.71976988224604022,1.0417329472947681,3.5699307748052327,0.28636022328759864,1.3711881711243317,0.45750299659110971,-0.46294663177187639,positive,4
19800887,5.0407098375310193,-1.4604173273986669,-0.77821708731303207,4.1045079052500366,0.67819298523728355,-0.1406699901534248,0.15460934850960206,-0.14335113337743907,positive,1
19900839,10.20325952552853,1.1494269114516804,4.8521763942088736,-3.5458791973673836,3.4491741108591754,-0.051823439806818604,3.4462859535648516,-2.2870362840201306,positive,1
19810721,-2.4951088547573774,2.5599417963874225,-1.3962264380347282,0.42355708654696278,1.5774487575179315,-0.70460927798902484,-0.97843012419954112,2.0522488550854541,positive,2
19880341,13.199190763404035,-0.8438292402137304,0.24094107817367225,-0.39375245031587225,0.85372313353000917,-2.5925584333124925,2.0129812427675691,-0.29810498493734189,positive,1
20020618,4.2582401743850529,4.367910388383641,3.8319528519119719,1.6435206812643803,-1.6074345390754072,0.34562547584643594,-0.19652688368901036,-1.1847791356161725,positive,2
19820822,1.1376862203715259,3.1506409101582342,-0.80508755288810974,-1.9281764793988398,-1.2248354141616911,0.65613889869125608,-0.9754863793640024,1.7190657302082402,positive,2
19910161,3.0488368621479274,0.77003663609946382,-0.3798522870907341,-1.5551204937770715,2.5803054604151101,-0.53286038958928994,-1.0487031727609555,-1.0124642567126947,positive,1
20130825,3.9153640383873847,1.3920909504946615,-2.226611863104544,3.9496884578116385,1.7259130040658512,0.85719336548608016,0.82095171615656637,0.77936512643760136,positive,4
19861029,-0.82673186233381535,3.8842524250908519,1.4188532536266192,0.19970011068755911,0.067802569348296524,1.1333851889087987,-1.1578739219887266,-0.044209907405500029,positive,2
19970690,-5.0473222511335072,-0.97278681516340082,4.2862400538169378,3.2768153971837171,-0.48689228730305806,0.069263195277266695,0.33341266734543107,0.51540178700452455,positive,3
19860529,2.2193756574601218,1.4840697069179227,2.0113591058100897,6.7372687242107352,0.049564410604749497,0.1378892411171446,-0.5602485639874033,-1.6320966758223914,positive,4
20010510,10.419217047335673,4.9916960974157014,3.797559123768286,4.7245942378853325,-1.9376394785986544,-0.24473973035231553,1.0862205047680082,-1.3942159176796185,positive,1
20011010,-1.6883863210484582,3.6850353129906219,-5.4375140201603438,0.6690310319078,0.65130802651603514,0.47110241778073558,0.010162172252654204,0.59827492707878183,positive,2
19901017,10.8296261000906,-0.74187331735443973,7.0472855034208468,0.31104114072689693,4.8825234110731461,0.30481083419223698,0.6514544835528725,0.45750615920292015,positive,1
20170970,12.376120236766317,1.0613646125268001,2.3634679570294392,-1.1856858869986904,7.2214912103048334,-0.044702822169945047,-2.1819861913495986,-0.69319959102384787,positive,1
20090553,2.5683017829611878,6.8939461972143183,1.7863834095566349,3.0683594822030833,-1.9945394441282811,-1.0874223495733701,2.7454896357807566,0.60912589241617632,positive,2
20060668,8.3536176601893004,-2.1514072747674877,-3.6830584871331045,3.7644891987096325,2.7800122700845722,3.940984774335762,1.6077814568402993,-0.46743745647338714,positive,1
20010467,11.7713693345023,-1.515099156982304,1.9352211428694772,5.6637442617219875,-0.67449875947784144,0.3234193883868241,-1.1240601310123162,-0.80117203984955043,positive,1
19980828,15.906003463891441,-7.5886193797758281,-3.5865512065190166,2.7930111915326719,-4.0652648565006597,0.53282874226429311,1.0046518440766026,0.55160021884173693,positive,1
20140150,10.497003011670664,-9.3171856857397799,2.5144048624023085,-4.0002721034386148,-5.7043302479178628,5.3072570687061749,2.9185013995314399,-0.95213271666051857,positive,1
19790080,13.055082615490416,-1.11427366128135,-0.47840150997494957,-1.0007250074925023,-2.3974829604066845,0.22717815003194958,-1.929665847623854,0.098122875652115985,positive,1
20120185,5.7621215123481813,-0.16562598212731347,-0.92175346108069889,-0.93532158452292158,1.5192533639123265,1.6542939700861832,-0.20507704896866502,0.11943631777742203,positive,1
20170807,10.088468079692653,-1.9283565086969263,-0.99848518069620118,1.4260899774406666,-1.8513861258553543,-1.4393182871898944,0.16938229900072185,-0.27973539569553013,positive,1
20080776,0.92262783918387248,2.3851409197006128,-1.8114175692935381,8.7276810028112113,2.4546737472892763,0.54832953288274344,-0.79948225893410307,0.32466999314417105,positive,4
19950143,-2.1064996517983867,-4.7412830599721856,3.2921725623883851,2.432252391245513,-1.4549029468761683,1.1552152859795171,-0.25665784703350814,0.71297071571305481,positive,3
20171159,48.711023840929151,1.2793735435715903,-2.6562504189117346,-0.96996510430658167,-3.444763503945929,3.5812139625010868,-5.2819300566594389,6.2141521981090229,positive,1
20100050,13.053456456947423,0.52480063705852376,-1.8639840666836778,0.013347236559504384,2.0639312325050918,1.4997616695874643,-0.12390873108237155,-0.052130399270633482,positive,1
20080007,-4.9934787421587759,4.5860077269099335,-0.39312949964105637,2.8192513927985514,-0.6267975320015754,-1.7586305756574308,-0.86059134556760508,-2.4268135651442901,positive,2
20130952,27.599828105372808,-1.4708552108681581,-3.6576286029399321,-0.18029121192817923,-2.6209955093035715,2.528774653627853,0.73289496480956473,-0.53811224457434015,positive,1
19860771,-6.2432999101913351,2.2897685089118376,-0.47191005317754547,3.0574213155272458,0.38853190782972719,0.71170896474798973,0.81308882575435482,0.67348482189322512,positive,4
19930246,-9.1961993986035111,1.356923322140017,5.8178249760573868,2.9702232105524056,0.46251506256092106,1.2686726225893756,0.3967793655640145,0.81913656522531175,positive,3
19990855,13.660143099129066,2.5707724445226425,-7.3903617938358881,2.8268210706249421,-5.5044103983268782,-2.6334718264541803,4.7511516248374104,-2.7144254618157126,positive,1
19810409,-3.2052983542168456,0.68450752997484721,4.5129152785055631,2.535340841166585,0.76105318953441381,-3.9168821991558165,-1.5316412903016523,0.38584149910186116,positive,3
20060891,24.035730757552813,-0.76566232140091939,7.9309924699376797,3.0813703507791548,5.8742074949137155,-0.51745385446285208,0.46773313689142365,-0.74876698965406541,positive,1
20180813,-6.6391466836254924,4.502566058549327,-0.052573747886531116,2.0678136070898243,0.9244791895770218,-1.2036781273139761,0.18878739757902477,-0.33488827220937778,positive,2
20120200,1.3245613530838027,4.1804882597320967,2.949639650390965,-1.236111083072519,1.2342541739366775,1.3915856807070142,2.1246367990506148,1.1876053653877667,positive,2
20050648,2.5486939577843217,1.407519313229326,-1.7299937429675012,2.2775489472607844,-2.4741063427281151,0.32830554886821922,2.4089950295255895,-1.8552523592115424,positive,1
19970346,4.7323378352996359,4.4929537070670937,-0.87598422934811959,-2.8806364422481154,-0.96886761295579604,0.8494000993475066,-0.91225678856921966,0.29915541109713262,positive,1
19880096,-0.040293910926643618,0.10884496040127198,4.5405446330622965,4.0915855579836196,-2.0653940713385603,1.2632147380159227,-0.34869929406798877,0.83743698702033642,positive,3
19931037,-6.638378061423599,2.4298016283726498,3.554766602202081,2.4941894440058019,-1.3140716760406526,-0.019918362704800636,0.82771143464855623,0.012296717926733097,positive,3
20204146,17.759469827508923,3.1410103938940801,5.2878750496350708,-2.3912434818182202,1.277871593669943,5.3225487925020669,1.1578201364445897,0.56820006698799941,positive,1
20020991,7.9193329810972815,-3.0448921257392572,1.1889163710812942,4.3468556739045114,-1.0916809018480103,-0.34685788456879063,-1.8715325050498257,-0.00287651983418975,positive,1
19850509,9.4303576088375944,-1.5615079901098774,-1.3266118329218346,-0.82426337170709774,1.0888403530086475,-0.44485369956470783,0.38905260930637459,0.16142084544218391,positive,1
19830454,-1.7356459001344622,4.2448344434643985,-1.3236097031235337,-2.655850385869658,-1.4353674410658384,0.77689521139013828,-0.51509820444028476,3.2619814132972502,positive,2
19791056,6.2210421089275592,-5.2853018784625911,7.9206367941795399,1.9159868411336662,2.8538594407792046,-0.64384349876543912,2.8623727675101822,-0.2518988776940696,positive,3
20100208,14.226445564647168,-2.2275922816641658,-9.2389189279407109,1.5033852859982721,-4.308411502763267,-1.5739443366772292,1.5124364365381773,-2.6057879607682755,positive,1
19871054,1.5503440002186093,1.7931310048187481,3.0131110011981059,-2.4511695251719825,-0.42847637087701551,-0.06513306884982388,0.22612334841815859,0.092219772125228777,positive,3
20010695,10.801725551338031,1.5554075497812054,-2.0373902079533317,-2.865317747602397,0.69338004320189672,1.0411472142589264,-1.7581421087602387,1.1760927238168017,positive,1
19870554,4.602372170053072,-1.5778651549937177,-5.096377350652558,-1.6376145960417785,2.7478035267696579,-1.4325246987439337,-0.43731850555192936,0.74544441959612284,positive,1
19920063,-7.7423709392271469,-0.46301514102170171,2.0437848664662108,-2.0108332784694323,-1.2396179904841951,-0.24700028238615016,1.4742236860756617,-0.7710145926771198,positive,3
19990922,-7.3865960454805606,0.80561688231306205,3.8336719144700488,0.12079823842790607,2.1654356212931933,-0.79479046329360248,3.5855711348258699,2.4256114375447453,positive,3
19960612,10.879604038263736,1.8531990234788218,2.72337542202605,-1.4870053243249057,1.9200856071046013,-0.8754412876468034,0.99190328693653884,-0.16733531174161131,positive,1
19900638,7.6930521147720636,-1.2048502248433355,1.362319463448419,-1.2198280093305187,-0.52655590907610739,2.8599004180500023,1.975093804743109,-0.79559461732420278,positive,1
20020363,9.2037904677300997,0.44377200828177726,-1.6682817843884941,-0.9474956235534433,0.45408770796977599,0.81042029542526584,-0.03709950265509996,-0.86972489448529122,positive,1
20170601,4.4244387687264828,1.6325391150727344,0.78105686169409483,1.7858255443203923,-1.3593127461885242,1.8213546834027323,-1.27357195922011,-2.3841667303443552,positive,1
20180931,7.5276329711528724,-4.2481922695821632,-0.85212422463978077,-1.9826558425618026,2.4089736364798044,-0.21408970905927796,-1.3685458035959053,-0.96121348897549674,positive,1
20110080,-7.6131555922514789,4.0153088772650651,-0.63665740833815532,2.381750653531419,0.6931749939475822,-0.066543049808104368,-0.17352552671827592,-1.5543968036940312,positive,2
19870300,11.314055745979418,3.8150027329173843,-0.88734447913192693,1.0292360223642383,0.55414414189488392,-0.52344269473851313,1.2014933206977325,-1.5942564936116372,positive,1
20190096,-4.1814035047914073,0.36571944295464415,1.0210024445073627,3.0641970156213811,0.21665388051838838,1.3400770063377065,1.4003569520330525,-0.41201809429317066,positive,4
20020996,-3.5062405807619643,2.651239355183022,-1.2459088448621156,0.50431175778383108,-1.7487326731020545,0.7037180936699351,0.14106046764865279,1.6306376652822248,positive,2
20021062,3.6151283048688803,-7.8365548024118912,1.4448049498322866,-1.0360436711629797,-1.4731261283627251,2.9615213792295365,0.84327205455119747,1.659880216578526,positive,1
19980158,13.654219762285333,1.0863781560562169,4.881802442858274,-3.7765332087246763,5.4915831363182033,0.2015951741237027,2.7774709101338915,-0.98091260602949781,positive,1
19820754,-3.3685218343422325,-4.8472569971343651,6.1208580445614489,3.8372263582526935,-1.6243187303117581,1.7903163694620909,-0.27354939028994169,1.7371790494553745,positive,3
19870288,9.9830412858133286,-3.4050397404918398,4.7333635439104187,-4.3131296620611907,2.7434061666623935,2.7390915404515681,-1.1242987254455128,-1.3093338552020986,positive,1
19860125,5.4602247760570535,0.42861470626609915,5.6066537762979012,5.3857473892393308,-1.1305528891240557,1.2434235964757354,-0.21536313446992666,0.33256889544624141,positive,3
20000595,9.3711177916806605,-1.2231644275865552,-7.0483121489495071,-0.84443306078885882,2.9577648419079918,-2.6547228180646778,1.8951647231533277,0.56295550289407992,positive,1
19860601,9.9823622658632818,1.5660934941106788,6.7273145554980607,3.0800659628130136,1.0043204576365399,-1.8047737891615017,2.633241983858742,-0.18862371280031431,positive,1
20110679,6.6568018676322067,2.3256944445459449,-2.1318297053960258,0.31453991137980569,0.53847230981326155,0.30246711617425093,1.6402856062146285,-0.40174328571442475,positive,1
20030063,20.46651675591313,0.56729928086375703,-0.028155909708793985,-2.6431041364875276,3.9075241661317213,0.038316794160315429,-1.311389827962649,-1.1938295117422457,positive,1
19811086,7.8665759230275993,-2.2615419508179606,-2.9209024792269638,2.6332959904495619,0.60893814315842076,-0.021869268605166112,0.94049478910817474,-0.26468340895923209,positive,1
19810972,0.71036996179735168,-3.0704138769378142,1.4752884091430996,-0.28944454369477624,-0.36883750490240785,-0.86428620694317704,-2.246920548180722,1.287577558854599,positive,3
19810586,11.003103399043892,0.72236205762248451,1.1408159394875179,2.1338242231568501,3.5202914565427532,1.5185068385343159,-0.078529586302474891,-1.2195701484133759,positive,1
20206957,-4.3254226903707744,2.7833888733891055,-1.9069682994334072,0.09548480848511523,-0.54548800969632805,1.901165655468146,-1.9942203809333352,0.29228773455848561,positive,2
20181068,-2.4016302997590655,3.4821768106820916,2.8249793223447197,3.9273624145109776,-0.55930219182017649,-0.63470031190400933,-0.3883130099893965,-0.85825801001285573,positive,4
20050572,9.524922343880581,-2.0668473846857016,1.6230343939948924,3.5523080325429266,0.56696918894939341,1.9762569443995506,-0.79375710331460936,-0.50407034534169703,positive,1
20150992,-0.42886173321233845,-0.59767339458741486,3.1627777695724122,2.1072159124912586,-1.3752720506383913,-0.71255890433523816,0.31437301850026012,-0.51517153602906296,positive,3
20110342,8.3249058054190215,4.4289654941813641,3.7754422386026536,-2.7080119141616423,0.54425491978766971,0.0036678654697442246,0.87857438506546826,-0.48354548523172564,positive,1
20070383,12.203174612320318,-14.218630856404289,1.653875685171696,-5.0914446979397843,4.3662149176350988,9.1605491870736433,1.6682521960053187,0.71126752746999744,positive,1
20140110,-2.5473830130860189,-3.0019704253800135,2.7509907287128632,0.45430298691370186,-1.3478416636460646,-1.0537668528172639,-1.3013869947859711,1.2569135160935458,positive,3
19990731,-2.9225883643711104,3.1757049474151762,-5.2359172954932784,3.671596827635176,0.77167272198717562,-0.55820156045904168,2.1094758472710975,0.33611543786565806,positive,4
20000720,9.5770941381075243,-8.101978141785418,-0.94945044115640609,1.0435784422843286,-0.84710738510920813,-0.31652949139383407,2.3627307897135679,0.17234157004932446,positive,1
20050256,16.168028045587587,3.1441819587583839,2.0224908308713965,-3.2194498347796578,0.46842681350501036,1.000863971429975,0.14751072747910118,1.452575293014446,positive,1
20091164,-7.8379844588492373,0.049088587206608615,3.3416064863199284,-1.7968558380775432,-1.2763434661838975,-2.937398164734581,0.55634777226537435,0.28165842628651189,positive,3
20030229,17.202374892849015,-1.467562668030219,-0.72913865286880541,1.5813205930970464,-4.5670560830454869,-0.51432163640562711,-3.4131168852711657,-0.68941837546057294,positive,1
20190425,20.372873628345239,4.8078694529433887,2.5425932150916934,-0.97976542405723754,2.2976056867659538,1.1319472928473062,-0.93019803033530912,1.238353127285688,positive,1
20080763,10.822456166599535,-0.42302546379005368,2.8581853225654461,-1.3285320834841901,2.1313763570842408,0.064150249998247921,-0.84441898903470758,0.013654088523959584,positive,1
19800434,16.445477354733345,-1.0561023320576433,-0.83350186851387542,-2.8188179099580593,-3.5235127250466713,3.5019016635368692,-3.2125154627229704,1.9438963601076285,positive,1
20070458,1.3813826349052238,4.2455249821060903,-1.9544455745852232,3.5588399562275774,1.4337131033186115,2.2152060600883581,-1.0161104762361732,-2.2993573795438627,positive,2
20140098,4.6105102266149558,2.255638911354652,-2.951068406597174,-0.51455226305616253,-1.3402026832947302,-1.0679564916666269,-0.63880943684405078,1.5941711488924259,positive,1
20010505,0.2307016112807258,1.6377184555167332,1.7553886702082306,3.3010357184585675,-0.97918661229621873,-0.78235842657676014,0.61754395997317613,-0.82780472916228087,positive,4
19960989,-4.0115738249233965,-1.5300104007203725,1.8335640377909819,2.8944017762285155,-2.7895974294505677,-0.31092098097088494,-0.2884921639908396,0.35680967675435971,positive,4
19900557,-10.64089128925159,2.0791325301838386,-2.7473212115339338,3.2037409118933287,0.57156029395966312,0.16077722211750345,2.1607354735471556,-1.1835938282489957,positive,4
19940373,8.3865524112674308,-0.22463476142435962,-2.6431875372067335,-0.35797522445880176,-1.1304103292404648,1.0937877836306962,-0.47461969070701476,1.3749845250166861,positive,1
19800948,0.19485283716894103,3.8590150670032188,-1.0212695398935077,2.6142072447898639,0.62975888083076503,1.4910498848224201,0.2411055338426204,-1.1625162080445111,positive,2
19860218,-2.2677525464426647,1.9206370915404716,0.66945491359819354,-0.9135086191358921,-1.6827988768340822,0.13915271803958595,1.3828212903655162,1.414064790101349,positive,2
19810160,-4.4294552772923836,0.38315059715348582,3.2261947603342431,3.4761831422199987,0.3017458177411298,0.69741619436560054,0.82087645750388449,-0.12058605387192881,positive,4
20090237,3.3688520402655011,3.4869402541030761,2.8960764433944108,1.9284349479666969,-0.57954261785676664,1.066728070586344,-1.5428081698222516,0.8978422015591454,positive,2
20060159,-4.6263460699698973,-0.56949730241051488,3.0520522102065382,2.9598542029484256,-0.41872841611626849,-1.1501511281684575,-1.661012631224061,1.09103448251524,positive,3
19920953,8.2663552851136064,5.9476806314426511,0.29017854866305937,-3.443034880678745,0.90140372353446441,1.056983083007635,-0.67678299477996751,3.1492641475916319,positive,1
20150561,15.010475737872545,5.1226415950855237,3.3512563311204819,-1.8813534005191057,0.3684440559893718,0.5412531813997572,2.0568734702245139,-1.5013611312044073,positive,1
19841099,-10.954415407075533,3.6785833497900593,1.6071056094162082,2.1175894751155,-1.7608766366095756,1.6927500041394565,1.7015937522646709,0.92382084373624918,positive,2
19900356,4.7432150781336375,0.4685647896903945,4.4287217795266001,-0.13019001088814749,-0.15119165540040683,-0.54795090087808251,0.57416986868740727,-0.96011205070755634,positive,1
19920229,-0.036129789548592139,2.8377344242583016,-2.0550472626811667,3.6224863757453445,3.1860268777166683,-0.064126486501035529,-0.28887093889943027,-1.6707467623696257,positive,4
20180725,-9.518679606462813,-2.2859829187853471,0.089474901896859235,2.7205395156168346,-0.19498314402810757,2.1099603781769209,1.7613827490368672,1.6153994841941983,positive,4
20020129,-3.2324016515988356,4.8037760627429673,0.22158253851007881,4.0331089340829021,0.74134167928999306,1.268733786838157,-0.79039661660003013,-0.93492782789165108,positive,2
19840242,2.1031591156491256,2.0159888401949257,3.3762514270909119,5.0634244722935735,-0.28976641200480158,-1.0311796694851549,-0.91227491953060502,-0.79340691393626583,positive,4
19900879,3.2217795084885363,-1.3282924147934554,-0.58056146416546761,-0.20463367000871091,-0.36673479841739404,-0.44552807565640651,-2.3560423700116502,1.9080554086592141,positive,1
20111016,2.0313857617279809,-1.5948246089099107,-3.6309187832784806,-1.2843247988329951,-1.6917443826765031,-2.5782380493437356,1.6609251660301441,0.4291033497408393,positive,1
20050326,5.4671816840616216,-2.6868021428064717,10.022209066267006,2.1710170189825533,1.5777875436277673,1.1795940303374186,2.0286172083353362,-1.32096670916568,positive,3
20070989,3.8611356954197191,1.2955751712736363,1.3421973622303156,-1.2778895746436894,2.08698022072653,-0.064278983244213134,-0.19667156076849732,1.7526886519885065,positive,1
19980262,14.517704488864625,1.5572070149221673,5.8434715001333704,-1.7607782998289734,7.3376816293033729,0.24391308320419366,-4.7937625724583039,-1.1285092124649816,positive,1
20151143,11.664119217928555,-5.0275422166999384,-0.31745490984730457,-0.37461325850908483,-3.5311015277551028,1.8259533634006992,-0.17999252115742298,0.15083774650912193,positive,1
19800621,29.427163834635138,-3.8380438089682896,-5.5437855484467526,2.5709951772827742,-3.6876534589831835,-1.0861837870627837,1.2221987525662061,0.22190953754455239,positive,1
20080576,11.835187719771094,-6.5283541858296585,-4.0743639029873702,1.1365873695420148,-1.3949971095276106,-1.8496468415234333,1.4601424130895464,1.6074479403880273,positive,1
20050043,-0.80071105711012913,-1.2279691017655643,2.1029163491945737,-0.38181457657437945,-2.8271857324961616,-1.7556348881378119,1.5011471098195175,0.90572699774276666,positive,3
20080207,6.5538029809908727,4.0615505955584101,1.8364849956155112,2.7279091655646655,-2.6562762335342414,0.098260781735008323,0.25718924375191066,0.12175720078197864,positive,1
20140474,2.5130688651989779,5.1451842337310332,-4.2355857230868619,1.4792567822033744,0.15241218403086196,0.69341740891026349,0.51897111096046267,-2.9178235727551991,positive,2
20140421,-2.2266713952905639,-1.9564083000117529,5.4225427396134149,3.325680363926903,-1.071932256221132,-0.21856002669679042,0.79848457137469653,1.2476949582818013,positive,3
19860185,-0.76861573180353115,-3.0638731301710145,-2.1527081961156203,2.6707479228838849,-1.0021150524478144,-4.6909886015106954,1.0211303322027621,0.71439181240768224,positive,4
20020963,6.5238093474404799,0.0083594194963871916,1.2402422202832577,1.0618360268615872,2.3647441635421593,0.86828403815794342,-0.10524164515812238,-0.53583590558422023,positive,1
19810404,-3.4861516941335204,-6.1777355234971614,2.3767505262188799,-4.0223645830074979,-2.2950397713165311,-4.6491054859053902,1.2713932229403226,1.9953611354758367,positive,3
19940166,10.81166423455358,0.65786773176562563,-6.61779164399917,1.1555001300235554,-7.2276525601806796,-1.1308263989068494,3.4653717683905167,-0.78825240522555973,positive,1
19911145,-2.0019240647925747,-0.1346442865014858,-0.77915340388173193,2.9236259047897133,0.26764400800824301,0.35616566552416595,0.33046308194500068,-1.2909462401351541,positive,4
19900742,15.412770831093873,3.7484279889776304,-1.8194541035693987,-3.1278090827252689,0.88845976445071162,-1.0940666219833319,3.1483225489961013,-0.05746242333796181,positive,1
19870825,-5.7293827857265685,2.3076573841355335,-1.9604340487239711,2.8341563050912324,-0.72097469570555195,-0.61906182684179512,-0.14629334680594791,0.53328280121267702,positive,4
20090676,10.657100332303841,-5.2945620673858285,-0.45077274389622529,-1.1823848923003479,-1.0706541289345086,2.7003621587151905,-1.9301171653050089,-0.84461421046719665,positive,1
20060913,8.1339727464473999,2.3597869682309431,-11.670284168026029,-0.7425560725763326,-0.1714060237169322,0.42286311740503185,-0.88625969037891816,2.3112293764618728,positive,1
19800626,-4.906597701027664,2.6068150293312931,7.3496647626219138,7.1147603918362465,0.096980414275027738,0.29844199127648163,-0.64783502531179171,-0.23402823093634162,positive,3
19800673,13.845127487042026,-3.0401435968283921,-2.1329503122178473,2.615814963289361,-3.0717874866420387,0.49887350144689957,1.4800192477628842,-1.3608013893922366,positive,1
20000939,12.337830853840719,-1.6852134351370816,-2.1731887528472789,2.096100071002704,2.6515677266026736,-1.6391829907941771,-0.63193669484515202,-0.57190635435373982,positive,1
19990928,10.569684635390482,1.0043751560182188,0.98886965632211432,1.9752050041597322,-0.05348370113187037,-1.2540658058676086,-0.3074888691089987,0.51955154033973017,positive,1
20021118,5.9655387418943775,6.1995569717041201,-1.7448663008664203,1.5632518021649966,-0.040016790294022192,0.0038564635217591746,-1.0489227943035988,-1.2739933797828891,positive,2
20121159,19.617341023251743,3.3358331199685667,3.528616873168215,-1.2531358179255414,3.9527662425498695,-0.36048382470785562,0.52699660321365727,-0.03232501060205669,positive,1
19830855,4.351644864017147,-4.3836796983123829,-5.4701875477601618,1.6216142908107041,2.3889951379927559,-1.4249421323232003,1.088218772033775,0.88915496305977659,positive,1
20050760,11.510652516112089,-2.2213374866003304,0.82160218742155811,-0.21087141347305724,0.31011868514988655,1.2399198661167521,0.20721996208762411,-0.33334412174896294,positive,1
19790957,-4.7759572779562038,1.977331832804827,0.39966874559413201,3.6784529481887129,0.80850381196605103,0.68272925598765166,-0.31667580612452378,-0.590216331673728,positive,4
20041132,5.2364691173121232,-3.044977435351762,-0.10617867035686315,-0.23145551823663207,2.4343006724454965,0.94867938471653823,-0.11508796633441667,-0.59583560969865501,positive,1
19890246,-4.9284583987688233,0.04713941817706805,-2.6901909256127712,4.5661142979163456,0.60969345492421767,-0.42158514890309934,-1.0278683326501321,-0.17843565668130487,positive,4
20070019,14.357457670536778,-5.1870033290443542,0.58661845996252593,-1.0300254878784358,-4.888891195787453,0.20884160638127555,-1.5127398830885788,-0.73385440706955596,positive,1
19930568,10.982178484964054,-4.5533598822199783,0.51878030346123882,1.8373369206681918,-1.8116802549829367,-1.1242560966040154,0.27280979328800092,1.0102215610904082,positive,1
20110072,-1.3888743602715725,-1.8921076653025275,-0.054523705745735354,2.5615213972792001,0.68427055092418454,0.7616360656520581,0.36061776037229165,0.040170088094137059,positive,4
19931097,-5.7741011342410049,2.749542261885443,0.40119284676351913,2.715757426647174,0.048769894319355411,0.060553874018300841,-1.0487735461515322,-1.7032965345534821,positive,2
20150656,7.0402583362456559,4.4446436996905723,2.9901378375843377,-0.85829982586226528,0.67128761096346679,0.35274304646645865,0.54547950905183384,1.1017946794108722,positive,1
19790820,9.7480367825682244,4.1461982473757937,-1.3150075639805534,-2.9482560700629654,-0.94244200581479032,-0.72106105022718037,0.66813496184035648,-0.083233306596318793,positive,1
19950299,6.6936226344934102,2.33760711758999,-0.063969318208044357,-0.99878363795306413,2.4998199842571958,0.39310017078661708,-0.79734270218259184,0.17377799902532332,positive,1
19860784,3.6441961740846658,-2.1896931211919339,-1.2476237129298577,1.6295352872720867,0.10332788670250494,1.7564136694738852,-0.25353494006183691,-0.088200163898588674,positive,1
19870483,6.647363599618437,1.5916458765696013,0.29422392211240261,4.9408170095383728,3.9215302533053253,0.33682864478039737,-0.62241611018755405,-0.86073630808746915,positive,1
20060101,6.3296396673128061,-5.5046853035614989,-1.914509844226731,-0.1911117538638708,-3.7579854874674772,2.8767117528394168,0.27173588274998106,-1.1134557397824705,positive,1
20131163,-7.2306997549214991,-3.8034588286348545,4.2702084173113342,1.1373031402058837,-1.4188329764342427,-0.38579164882692629,0.87729742293395929,0.8044011744088716,positive,3
20031122,1.5220699849925974,3.1691047398633501,-1.5777272952864343,0.00029114930263402444,0.53107238445297966,1.8609543315767667,-0.42204519110958094,-0.34419073268141076,positive,2
19940804,5.8061616326308885,-7.2751036383065983,5.997386176579278,-1.0930681279156986,3.7968966298105085,-1.8348846198084334,0.60910376557584245,-2.5241943491966921,positive,3
20180129,16.551083666504361,2.3012745943809407,-0.29736317623774461,-1.0738969317760614,2.3118214596920814,0.29095281547444529,1.948320445204091,-0.81126719630309352,positive,1
19850038,14.036742207680208,2.7774967382270357,-0.82158957511594999,-3.405439375743827,-2.3707439754444897,1.885224260109944,0.68433805048722751,0.51273842844387418,positive,1
20170968,14.066294662457407,1.4671877520672818,1.6414741541469726,-0.47362860552363356,-2.2985680672618853,-0.23657504709242747,4.2002023141077469,-1.866793257150319,positive,1
20010956,13.18928601680088,-3.3568616077398956,-2.458183419690164,-2.2316477457526496,-0.18124422120850761,1.7295992672330196,-1.7897894536825165,0.19812670961316062,positive,1
19860531,1.0137116573949594,-1.502669355074437,7.1292362181093427,-0.60833843318209613,1.2187154545966687,0.54412280389037393,2.9349817160469907,1.09273427871449,positive,3
19961070,7.3332483078449382,-0.81340570099735443,5.9313775863884075,-1.2333551323261636,1.9241959791992465,-2.2010648904850969,0.4762445721891686,-0.17396391803080655,positive,1
19861064,4.6486184868224667,0.90183464536573432,4.5647204067686955,-1.1900723487536797,0.12799787706391477,-1.2660092525857276,-1.3990339381872867,0.56378398873906499,positive,1
20171141,2.8183293432687502,5.0922948137871016,7.488484199618938,8.505872540361425,0.98366938495259471,-1.4840524300805138,-0.32904058860392638,0.025169474269215723,positive,4
20000787,-2.3837956312903676,1.8327572114934552,-1.4152538996120256,2.0137664969673947,-1.4734582546598505,0.027884453734686874,-0.029603677145855892,1.3581735293512973,positive,4
20110494,8.3484292702443064,3.8115666490723523,-0.64214529313318092,0.43329544478096038,1.9570538844262093,2.2235617588622545,0.4637800896070659,0.89819498183970115,positive,1
20060076,-4.0490944556375492,4.1154273746062717,-2.33435817917906,-1.040603008086433,-2.5581400147439881,2.3182760631712354,-2.8319089235068211,2.1011370946843142,positive,2
19920507,12.329962765958747,5.6492037872779877,0.74269280072490473,1.3425739431475676,-3.3371622608597931,-1.4359847856544314,3.8088466493299658,-0.61160414370641947,positive,1
19860337,-3.7725297174195971,-2.1558086535900558,2.0284031011464503,3.9524010834197938,-0.35298835541941004,1.6155768746558661,-0.16971803631600238,0.3155738412448687,positive,4
20050921,0.10301630479623847,-2.3390142929069961,5.1312578719061239,4.6798195116018908,-0.29470742723138915,-1.506788636392193,-0.69995544474666038,1.5949632410515189,positive,3
20031125,-6.8490013748701282,4.569077770977505,0.15572417803100014,-0.016982332930333861,-0.042814347503797298,0.83825719401730892,-1.0062049862484526,0.10119144201216317,positive,2
20060153,-2.3391108267897742,0.88130941065403645,-2.0510904746897016,2.194034450892195,2.0742119155312255,1.9838241827670609,0.64724347123334358,-0.18178557508257681,positive,4
20100138,4.5513963128082082,-0.52064769433237978,4.579953260795194,2.9802208296356731,-4.119327936852418,-4.213754876335253,-0.98819248330142828,-0.1336107752264199,positive,3
20130340,2.9754195201587774,3.5875196437316013,3.0050900753744685,-2.5943604982234549,-1.5830988658998613,1.4990025948568391,1.2681565721609371,2.0969581658140943,positive,2
19860563,2.8359887185876862,4.3073986920235194,-1.6392100520922033,2.842500032341345,-0.077525141693969235,-0.3249105320973863,0.96101288579953725,-1.505953893311756,positive,2
19990619,-6.4065255464978144,4.5703667769012668,1.2108990349782178,2.7062480232665331,0.37452562826449248,-1.7227900130705351,-1.3513556078915159,-1.0484999560610211,positive,2
20170446,4.4908957696739913,-1.8708731339003219,-4.6246467412141952,1.5135717209138919,-3.1829621457083466,1.4753795088278281,2.5974463195590825,-2.3506539888001914,positive,1
19800835,-3.6137729785955726,0.536050309716399,-0.55473905524704648,2.5714764970754151,0.37401440590558632,1.7854754776656918,0.61990417963283218,-1.6114268928035649,positive,4
20010826,5.4625103473216319,-0.48400191463119258,6.8309445134399915,-2.3146091758455003,5.5825757379972476,-0.62943630263606642,2.4075892957874157,-1.3520836755455097,positive,3
19980496,4.4030019984786488,-0.38365671988486244,6.8407289942015614,4.0807408175611979,-0.56032439155462621,-0.7962605520837307,2.8668771377588116,0.52311289870118949,positive,3
19880482,-0.70000854744446872,1.2245149703707574,8.0920960129982866,6.1583922758745846,-1.2752769221910814,1.5085593373804136,-0.14578805825360774,-0.77446916111519282,positive,3
20160030,8.0416411343260155,0.50227133326279139,3.5346134921190377,-0.27955388801480285,2.0613480795888899,-1.3649438570356327,-1.2534427116460982,0.41246472821771113,positive,1
20060071,-1.1922454038377976,3.2088016251176192,-2.0007600031426276,-0.24034018655923145,-1.303142385280958,0.53263483015356627,-0.77862390471774878,-0.84898374578184133,positive,2
19841094,22.392488962681433,0.89897095719935594,-7.2744166114944804,-1.4412396072144371,-5.6798516342456074,0.57822378108246153,0.83411226831686003,0.012882750834155805,positive,1
20050973,2.1728565200723349,-3.9291982912974155,0.19586166866679589,0.045085779114668517,2.1418990656476717,0.11938134814848278,-0.34972920697163451,-1.9566130037566682,positive,1
19930652,9.8709139031722088,-1.246342438829221,0.90605638145940348,1.3602476647418649,0.40165191089260865,0.81608991113665652,-0.5748322541721681,0.27987368525087886,positive,1
20181107,-3.8543164058120762,0.40838875235090843,3.8615750065293626,-2.7270263042313618,-3.6106859312346993,-2.7264391688978886,0.56881332781295491,-0.57401609255925667,positive,3
19900705,-5.9669567700122883,4.1905403720853718,2.2220656753611014,1.1317589642644355,0.028911001485350932,-0.042065956617100012,-0.53826944433685997,-0.74085145166800814,positive,2
19950226,4.1742081121378058,5.0410260027403933,5.4142753539283035,6.5827475534096562,-3.2277927698541098,-0.77344752791193827,0.58999882522828373,-3.1188810095072879,positive,4
20061185,1.6374757451573447,1.8413568252684109,-0.053867786118030718,-0.97139154048553489,0.64814946691800102,1.7821002224126301,-0.33664616054033086,-0.36987687586449525,positive,2
19811143,-0.12608493737145821,-2.4141736904733779,-0.60642635375691811,2.6099507570045857,-2.3614509936023147,-7.0036185880519675,-1.4887083470440468,0.020197808858869445,positive,4
19850516,-1.6005275722062844,0.48327680552229763,7.6513594863104162,1.5477588694086255,1.2606478125989276,2.1753957829336401,1.8112717234975688,1.1767903043482058,positive,3
19890324,3.7888258612166514,1.3756032466487063,4.2802351234309297,1.3340780554560654,1.4802659381107708,0.60473965493455972,0.47694654322995017,0.98412976834416743,positive,3
20141011,3.8022785564196102,6.6691947949778312,-1.1868343889481743,-0.17641514394675553,-1.638337244565045,0.50363760907180366,1.3492957069554534,2.826328101887003,positive,2
19840766,-3.5354836770885343,-1.2141623594987041,3.0385591928173028,0.73882448565751424,0.8511907946172822,-0.38382037084795373,-0.14355899182493082,-0.15617312710512052,positive,3
20160268,6.2192666180971683,-5.9006925328408082,-7.8468487600198022,1.8415913347805557,-1.2851882512371318,-1.7456063405955731,-0.45147376555162549,1.4629038020172822,positive,1
20050775,-5.4531921582346481,1.7000890500759909,3.121132395235565,0.63249410284361773,-0.48996475233621073,2.0296367170392098,0.38766493461640067,-0.231774447207479,positive,3
20150761,5.305084614839644,2.3740551264989245,-2.2455587536248864,1.1029985976282219,-0.31772025391451142,0.66236521920057845,-1.1028794299391655,1.7912683393782456,positive,1
19860197,34.619862516153113,13.686658434965963,4.7911237534169988,4.7804163998971241,-3.3948140510133991,1.2275345529381052,-1.6897113504247121,-1.4080215929282374,positive,1
19890206,2.5185663696059848,3.2878144485382399,-0.82612310601575167,1.276980282747548,0.054703101139644821,-0.21317411080587972,-0.56558631399859849,0.099040025634448844,positive,2
20090636,4.0503696925915049,-1.2116877221282547,1.7178654010846477,-0.85434836146501014,2.830247409310958,-0.86595293409766272,2.0173094270208018,-0.598281325342785,positive,1
20080990,-3.2663865729152985,5.4920783341816426,3.7690487252826896,-0.091946001057117616,1.6039698147325541,-1.1617065893867307,3.0079847734065908,1.4593215909378459,positive,2
19920083,-4.0484703717110149,-6.7187290676112195,3.2945360631214364,0.28926030186294249,-3.7449880360649406,-0.74874175948123178,-0.56349194653966461,0.56270290680911794,positive,3
19970901,5.0447549234249953,-0.41194784343242014,-1.1755764910078883,-0.65879643131221211,1.0336617880781025,-0.96076414781933317,-1.1357928190925433,1.9958674932926102,positive,1
19891088,14.841422453363801,-2.4619848394745949,-0.83222948302347477,-2.3180957312495809,2.1711842903330774,-0.56154315173656233,-2.0016199117752889,0.17796123116958626,positive,1
20060482,11.768765594265133,0.63398974777197403,4.0532384234646122,-0.030115509142907091,1.1761403062975402,0.40840263443434038,0.30230556817913273,-1.2004531927751254,positive,1
19960782,10.980515548235326,-0.98188946609405159,0.7040424810916982,0.044498034574266779,0.57336426875218549,-1.7794174577116599,1.9632686084636484,0.13359821496641286,positive,1
20101143,-4.2330897313592839,0.62813001816139369,-1.7958619358267889,4.1421486341235072,0.81652165077232752,-0.55144193960469767,-0.0039864867269221328,-3.3770389121140472,positive,4
20030685,8.4652233736782083,0.044719773457244504,-2.2718161977311344,2.9722835727672985,2.616988749890317,-1.4510806923678599,-0.10579915309661779,0.86183744369178461,positive,1
20180324,-1.6171219681070257,-0.21220327093209568,3.1815045869522343,0.40720497157632057,-0.55749500489165171,-0.87562282487870802,-2.2563345711767742,-0.24027546460586616,positive,3
20121069,0.48705331607224339,3.0911188781201302,-0.81353077127264473,-0.92959497419390513,0.17199860234583209,2.0275188732414944,-0.36642761487395981,-0.72520606666141352,positive,2
20120569,9.5603349055337929,-1.0689541176080779,-0.39034644172137745,1.2242560568176346,-0.34491255904383633,-0.31977056981092949,1.9256255749311642,0.82176341357076321,positive,1
19920628,-0.080896454486764025,5.3722001275452289,-2.4839655729905794,-1.3301039590271757,-0.06531728815343614,-0.11590796350587185,-0.78354562593020505,3.2346202075519859,positive,2
19990337,2.7681796780409167,-6.1515126485633651,-5.2004990106775004,5.449588658320339,0.028224674106269887,2.2352317351860647,-1.315401167528226,1.4681437714719232,positive,4
20040557,3.3203513853289683,3.0240955039214472,0.7780348419719304,3.8401026832456853,0.87461737031020015,-1.3421836987546796,0.15077067659892046,-0.58730811730450649,positive,4
20090140,9.0889055820839619,-2.2744737031414286,3.1080945118562706,-0.39070862693564928,-2.7198489623406279,0.063214657109863792,-2.4215057585739683,0.11659166641074629,positive,1
19850499,-9.4664507804085822,0.64022726430668753,3.3824355475938148,0.33510640597317815,-0.59849562878794094,0.48239658728782725,1.9467998300856717,1.4351198446048263,positive,3
19951172,-4.6385113186509708,-1.0220392745959701,-0.71312951141621628,3.2631053419623011,-1.8369935442411736,-0.43632038201659162,-0.52292969605766693,-1.0441132993103268,positive,4
20000251,13.093145026415769,1.2276730542895291,-3.29882062393777,-0.35797405252377112,-4.8077032524243952,1.7715152676300279,5.3058947700404904,-2.1126601644718037,positive,1
19850342,8.5099608780108191,-0.72136740817113243,-4.0208553716885937,1.0398736798799555,2.6829369373826375,1.5674712936057738,1.2981585552278352,0.34730105024493768,positive,1
19900675,-4.3536931512633767,-4.6966734042153853,-3.6332366947232546,2.589408558762972,0.69745080567404305,-0.69274119064841289,0.28342406970785422,0.78192019327335649,positive,4
19940051,15.765043242848479,6.8873651298014877,0.37595713061870439,-2.6616497220458775,-1.6028456050515245,0.074557599770649796,-0.25162103070047653,5.7460285015947461,positive,1
20030029,-4.1807054975199849,4.635817734539974,0.1344795459927757,-1.2150743035359672,-1.3307378394148905,0.70651346143657667,1.0394966513127857,0.76195677007324014,positive,2
20101034,11.015319154098426,-0.52878634029011795,2.0524672083655582,-0.61687212558366722,-2.5054352923724323,2.2778311589296156,-1.7518940659836759,-1.0443783377369498,positive,1
20000981,15.266205443323633,2.1907575336424419,7.7670885250659829,-2.8296641910869615,-0.83722809182628122,-1.1431462604525688,7.5532963061001972,-0.39260070325210544,positive,1
19920084,0.42599358029835566,-2.6755230888880286,2.9414853192566737,5.2433448828098461,-1.2228307649010768,0.16459024348473705,0.061560301150866165,0.25215432458749176,positive,4
20110666,35.047711695139853,-5.1633450572812931,3.2563976534505796,0.50374509777554277,-0.50327968517807209,0.90902575499322169,-1.6732089761996465,0.98389922843144562,positive,1
19990990,7.393603909104109,1.0947000325684124,-3.661415113430424,2.5516998534926021,2.4884913305047505,0.43122346289599367,-2.1628691041600523,-1.4743658367895258,positive,1
19840975,8.7647185278679949,2.0685389992209111,-2.8488094205337053,-0.47993874516552026,5.4981073098574278,-0.063842445657340541,-0.17382656847177141,-0.43607141873182748,positive,1
19850679,4.362314159727072,0.94121257265502711,-1.6805387892593977,5.1299059766874393,-1.7215450324286903,-3.4950828625338697,-0.34539767924200038,-2.3258100886872843,positive,4
19860325,-1.519681578663828,3.6476453234033341,0.32849804567151553,2.7509616612791463,0.11487922467249348,-1.3420034354132038,0.22058467839468099,-0.88604134492877751,positive,2
20170453,9.703693089908489,-3.004779744473935,-3.9450478206773956,1.6793422191790484,2.3075831698032152,-2.5614814842486675,-1.8417580904941866,-0.3238673020093169,positive,1
19910792,-4.8329159136953308,-4.4939887500015043,6.5228666239611623,2.6722356233938149,-1.4204620032109847,-0.85567263593156462,0.16833930923083856,2.145300827941492,positive,3
20060715,-13.434982301919351,3.0106663681086676,0.88405721513093971,1.644098317216848,1.6384856310612139,-0.90551158314752589,2.962792362600764,1.8036701492771672,positive,2
20130277,-0.82434614130423434,-2.7906206754643152,0.73493774522014421,2.4813339463281525,2.06671198066674,-1.8241978116136219,-0.030582135250993073,1.2112326455581943,positive,4
19900861,-6.8394936989664359,-3.6207258376327682,2.455345666951156,-4.265034625797715,-3.7827244069631152,-2.5253218225405618,1.8507256004259856,-0.067000601419248532,positive,3
19990784,-5.895704384774775,2.0998981246792798,-1.6385382817847221,2.1385347428721264,-0.10221353661363337,0.30263115065978019,1.493421418678188,-1.1650835587184576,positive,4
19980822,13.161403769073988,-2.9766374549565797,-0.66207141788252843,-0.16517827022748746,2.3877378700744423,4.049511618433951,-1.4264143349110401,-1.6193334415650902,positive,1
19961140,-4.3797209234884313,0.33860380248715483,2.0720908714518198,3.1052696732976073,-0.31998861325076433,1.5998671847596562,0.055365253230740583,-0.51621974764911371,positive,4
20070530,0.67717653990467475,3.2638594963081351,-3.9453583755170207,-0.097475597197563171,0.49821565503092358,-3.4585067179501121,0.8482266975534779,0.29816526695675666,positive,2
20100609,9.9695273735223449,1.0071155712267212,5.0787121186703157,-2.2248921175222223,6.7254786583581003,-4.2317891219771848,2.278550694589601,-0.57767238868043524,positive,1
20120723,5.032298720393551,-3.0877628667596406,-7.2984507555563676,-0.37382684313947862,-0.63650759324646144,-2.9127876920460625,1.9655857146172857,0.71405047001829325,positive,1
20120789,15.41925593382474,5.2728916837950468,7.2242926980006521,0.78062704329298505,1.9422674321096616,-1.0114262570032506,2.0471282709116521,0.57751816826917379,positive,1
19790626,9.9946762620900191,3.2319430511935603,3.1778571162080711,-5.3185580424526302,3.8115400302783793,-1.0913332607544717,0.89972741649179344,1.105558775174782,positive,1
19990128,14.879873816755973,2.1262931233352353,7.8051497726486927,-4.5678347485246515,4.1407842605158791,-2.2111873935952309,1.8272478703625643,2.2033992203012498,positive,1
19940933,3.4621840920154487,3.1692501357198775,-3.1722890148501075,-1.9607165436830782,-0.89593123974799904,2.3729721351169233,0.44478845197818584,1.0810971230341502,positive,1
19800308,11.895660890634097,-0.74805110075815107,-4.9265790974791157,-0.078456638221299474,-5.5427709765569073,-0.95974978047273929,0.45737152210982301,-0.20639830771029899,positive,1
20130501,-2.5019230543791839,5.908361099051854,-1.5220709213024677,1.5699693902841081,-1.7978606123051415,2.0857848884755059,0.67026434903393695,3.1513594902832955,positive,2
20131001,-3.9925893773084415,3.4356691647554993,-2.8840899674164282,2.2026988355638597,-0.57234964307623493,0.43573754138128767,1.4504314754645224,0.717476197830337,positive,2
19870025,-0.50292060038845299,4.5198447682169896,0.88877610898326487,-0.85675485994507239,-1.0376895626298677,0.23952628350381455,0.17791750383736199,0.60447426667167481,positive,2
19920919,-4.1621514145525156,2.0766454553208504,-1.9756490950197199,-1.0870107132557869,-0.63807362956447222,1.4571035947149766,-1.1252678274852663,1.5097046152039009,positive,2
19900492,-5.7903168633916229,5.4683774008223258,4.0048096204277703,0.98303177993022239,0.81933233474417611,1.1532377977575008,1.0248279132721421,2.4059445049395154,positive,2
20140108,4.6655445354074754,-0.019402525571674021,-0.063194082593233267,-1.0528124703162016,2.7767608720656738,0.43889824335853694,-2.0215272167302971,0.16957099206522755,positive,1
20201245,10.092981223385062,2.0896965982785254,6.779402171755617,-1.7029734263229275,2.6943302360654036,-0.94584687867519046,0.45305327623767527,-0.93706551886393619,positive,1
20070562,3.2893023186892121,3.0759371928563901,4.7508146221716405,2.7766589626909219,-1.2526731223078105,0.16588033811755681,1.5992457483272666,-0.88287676083201438,positive,3
20170576,9.4214094250807161,1.1210544542066359,4.490774032919048,-1.3922132031383732,3.634083617897395,-0.28485270668247831,0.75592003938189356,-0.29778091315390376,positive,1
19950093,10.437344555095834,1.5507985347603699,-5.3143163194802066,-0.54135426409118392,0.73972215699616339,-0.76403286279255578,-2.2745913737158698,-1.2162812651831061,positive,1
20010943,7.7437561645847364,3.4686452520792463,1.001235370725825,-2.9340586308524781,-0.11620406237777617,0.75692640965082181,-0.15565430196548233,-0.086909236268813569,positive,1
20200632,-0.7759793184885494,4.9153233070584026,0.97568150315133606,-1.5313332201527028,0.20480090521184288,0.48911395865882368,0.72545679991382506,1.2265581779121928,positive,2
19960530,6.0171747722745925,-0.091470896055105888,0.070322077765365601,2.8765701479164489,1.9153082105015833,2.3752954813224525,-0.50228738281333074,-0.047833794127102307,positive,1
20011048,-4.7759934782078055,-0.060754209704912923,-1.8635896923442861,3.1593375529211594,0.53002659987424716,0.14069483857707171,-0.24097867705995446,0.52517135004854931,positive,4
19880946,0.18605188926448041,2.5267545943123366,-1.6025889133494591,-1.2749675186129577,-1.612183451029545,-0.82076976452201478,0.3553575624962837,1.7603995242629553,positive,2
20180196,-5.5055686129166554,-1.363651011053655,-0.49623994326690046,2.8373430073368149,0.50562878694597402,0.82530701901743553,0.71300801655310431,0.46296705668264898,positive,4
19800280,2.8721557646013323,-0.79241716277509444,-1.4503795766625154,-0.30130163185449871,2.1072359580331002,0.70904515950715508,-0.90157679001063784,-1.1341168480436834,positive,1
19930762,-3.2957628631255944,-1.1707963237969088,-4.1907560469376932,1.730328772751307,1.6588793031022102,0.51003725686603552,1.578805206027158,-0.2518407195375667,positive,4
19820471,7.8522871142499779,0.12820010181626376,-1.2142422246066964,-0.77517646197639278,2.1730792047207004,1.4985109933472638,-1.32601401102503,2.1364112609824781,positive,1
19870383,-5.0874837774294299,-1.9754200505481661,1.4094592142427158,3.7840231767817194,-1.8767969337787278,0.14353914135128443,2.1526262132131806,1.5425673315928419,positive,4
19880012,5.1779975994357788,3.1614152174351227,2.0519108752382036,-0.75505628345390119,0.0055516879437356803,-2.1386925079072845,-0.37710468258787305,0.062799636007377202,positive,1
20020940,14.222712877008147,2.4045271602667762,-5.0924676038093795,-0.37267342513414614,3.3762309795166652,2.8777507624489407,0.7906162439527058,-0.053721950083222086,positive,1
19910317,15.796721864674979,1.4352433051302054,0.43554301785292598,-3.9384763234642493,3.9664655180678912,-1.9724459199012836,-0.18176596459466993,1.6883542267874845,positive,1
20090054,10.975148320120613,4.6708383122873762,5.1262295636557003,5.2067693932091768,-2.3842292712146356,-1.1379221079924076,-0.98527393668191432,-1.7401937087516592,positive,1
20130658,-5.9591929734493343,2.3420286225395546,3.3043762769771114,-2.5361126239133318,0.15443017806432169,0.64007384816514945,1.8884255878371037,-1.0678003402025691,positive,3
19990425,12.350485044622792,-1.9053832599331399,8.6301521754268258,-0.96266375401866799,5.9229655442494806,-1.2526210241734002,0.38281632753981504,-1.7550615863051742,positive,1
19900761,25.479357384486942,2.0669738447045685,-0.89441794761280158,0.12658473307725523,-2.2572318622361336,5.248167962014465,0.47957854060239202,-2.5874688296095574,positive,1
19890513,15.763553338304497,-4.4526949859032889,4.4732283092463856,-1.2382767469355094,5.1682971858381093,-0.75730793722068479,-0.36245317326912696,-0.56669555414931005,positive,1
19890546,5.514687739325157,0.89425490882465153,2.0500664407188336,-2.8213276615578966,2.6296857358509653,-0.58127857394915061,0.079641807160383979,0.00094551920589276445,positive,1
20100502,4.7347601504307075,4.0126467999756965,1.0206530946746049,-0.2840647396047129,2.2117847677057467,1.140087809084831,1.0401135717675414,-0.1197279863023457,positive,1
19840073,-2.1676565145137716,3.5278762634616041,-0.74863640416417421,1.11912255891863,0.26698177893680769,-0.054235928516664915,0.45117373151447016,-0.39509880664071606,positive,2
19850450,16.934348529644613,-5.0066795318301107,1.5255207580280523,0.33109564967860622,-4.1196107960483426,-0.60103058684723409,-2.1326335339144373,-0.27134417620408252,positive,1
19910260,20.352051967663776,-1.8740474603965593,4.9139675349543834,1.3238179396861471,-1.5193519968565761,1.6310942147093526,0.068247694253029442,-1.1123811605939933,positive,1
20140979,5.4674440666587509,0.81091592147714664,-7.3557094368346245,1.3854333997488804,3.4749255182007244,-0.92315753537029999,0.41661489737702662,0.62424084043831729,positive,1
19890312,8.6601849139513973,-1.7774505528340827,0.82141468774391813,-1.9729955837217039,3.7161290083672833,1.2262687117250692,-1.3735586545338714,-0.94511081406294961,positive,1
20110051,3.1606715151285063,0.441069935031773,-1.3186797859108792,-1.491465019904384,-2.2416476910300367,1.9054522715135827,-0.15264104540054577,-1.2148882807296639,positive,1
20020519,9.7576785599533942,-4.2337548754452863,3.3044987802937107,6.9372716465054092,-0.21183455364622789,2.2924056432374171,0.42273373930162378,0.13922107689656249,positive,1
20209235,6.3498199355377194,0.72068323286215019,2.4740032836395436,3.0643304897495947,-1.6772930613099444,-0.16103349398201378,-1.7334876717661842,-0.75667035721676457,positive,1
19910310,4.0389401472009947,1.3414572580838595,0.85732767707041491,-1.3413710275225403,3.5125641992973424,-2.3031992450581669,1.3543158304881646,-0.9797050800044742,positive,1
20020912,-6.5432026627251858,-0.23004205840926445,3.3759586648397155,1.8547974456828451,0.21630898964499909,0.17571398647256703,-0.26683569023372994,-0.28108456283642391,positive,3
19860758,8.0550135132619545,-0.11982117863780042,-2.4218231090050821,3.6652151673974611,2.9117454485637335,-1.4883935677458566,0.15745235866192614,-0.36838772189965735,positive,1
20040217,3.886031825914305,3.9233090561069273,2.6333013908925684,-0.4590981828079137,-1.5789221402803746,1.8030547093800831,0.5420606817162853,1.1035556378425442,positive,2
20161158,-3.7447661224780604,2.7863496018748162,-3.4438444767403795,0.64741955341968616,1.1628643755890204,-1.5454363632166526,2.6551103445442696,-0.84130372288061039,positive,2
20120283,7.9949525007921078,2.6811420143004709,1.7643315657142973,-1.6459214159976552,1.817691176560092,2.7818520515488676,1.0567279807039283,0.86149368274832883,positive,1
20180464,-7.9096157013019965,-1.1021176890296605,4.355846462230442,2.3181729552495236,-0.83016168187707229,2.2277959530451974,0.55504855649354179,-0.98308173175849523,positive,3
19970569,-5.3097603205486328,0.79440505081054802,1.485235608813867,3.3593320003215608,-0.37883993121684401,3.0155880759076084,0.83401874450001279,-0.20031986013554381,positive,4
19930318,-9.098684788386576,4.947349371933222,3.6460575621765683,5.0933745715388055,0.051253761467097224,2.0395146981423613,0.61372866659182701,-1.4910237010808252,positive,4
19991000,-3.6350331848522508,5.4406228956770653,2.0021830549957613,-1.5220058748134595,-0.78414440391707585,-0.92215629957847323,2.0921567130932068,1.9011431650149684,positive,2
19970596,14.37080659395617,-1.5681200716713859,-1.6555865683950097,-0.094073859928527279,1.3533778024442211,-2.2978160267780234,-2.515916702319815,0.91504437546339423,positive,1
19871082,-6.2598469154241618,6.6639171353222446,-2.9014067157806811,2.7245737207172653,1.7066827677134391,-0.0034380715246164631,-0.19983479184555406,-1.1697878718916945,positive,2
19971096,20.209215061032612,6.0874501680571962,3.4301416864945531,4.5478984813627408,-4.5042929024445968,0.77780130675319659,-0.75426464955571659,-1.8953475582861639,positive,1
19970962,-2.0566284499769756,-3.4250881232953887,3.1349542955880914,1.1384124868178569,-0.69854383935009923,-1.2883701257756883,-0.027380564555584155,1.4063207422243973,positive,3
20181046,4.5688256549192356,3.443915501925372,3.1916620776079987,0.092968821599968859,3.3684348028938298,1.2597467300404288,0.6178588934420215,-0.84334598927952198,positive,1
19920791,5.7784673546761862,-0.92126687010915553,2.7998226748255393,1.2238745453023609,2.1341328563816973,-0.66394157308398738,-0.55805680469230834,-0.21340596716330856,positive,1
20130782,-3.2318085478486447,4.0544755205198797,-3.6985827237366733,1.9128523234261463,-0.63646645477376218,1.1036179622816755,-3.1849743519171212,0.83777116760686599,positive,2
19860430,10.86142407673317,1.8946338957562996,-3.856894293777049,-2.3699669981933225,-1.8282242171704197,-0.42599869741780561,-0.39518169029621825,0.25290800874661595,positive,1
20180759,11.839351642778679,2.5606226623490485,3.9241352489248276,-2.3595162906848803,2.7824130338185511,-1.1025472826107048,1.3471181676432551,-1.0117529567672905,positive,1
20090841,3.9375655300722903,-5.796737260742006,3.4087488448128815,-0.77731114534429391,-0.33805118938892009,3.9371542323000139,0.14833134351334076,2.241605702415491,positive,1
19821065,12.777780218540235,-0.78417391199275022,3.3160396842682589,3.3479098435544423,-2.8631192552829798,1.5149844939338917,1.6106328305231066,-0.44518266958653469,positive,1
20030928,12.014183646614192,-2.6363715053248042,3.6487116106155071,3.6393350025726345,-2.5010222172157697,-2.1681943270561463,0.26206966659389308,0.72599341582279486,positive,1
20020671,-9.4353323271876572,0.48430960494457759,4.8649364571974045,1.8501196371154849,0.50031293273424227,0.51904384796772107,0.74464249649279501,1.1780619424511756,positive,3
19850648,-4.9775578857517866,3.628830343824792,-0.89894647728981081,2.7057550354089321,-0.11422468107955028,2.0197250467314349,0.41763003666965992,0.28255199868613617,positive,2
20100149,11.185606757422127,-0.68783104505413317,2.9510570464211292,-2.8983084714475953,4.1826240606711895,-0.77068768610502458,-2.0288093218127994,-0.55339635796918951,positive,1
19941186,-4.3159974399094949,-4.2401250378965516,0.06781425716079742,2.900698955632345,-1.3834752144687428,-1.0110396105103874,0.49918192847807952,1.348214643539813,positive,4
19940479,8.0999431265416533,0.54085705890689195,-3.3987462229958481,-0.30717882588596362,2.9994304585823568,-1.2312866149266495,0.31095225975664953,0.072273647063444899,positive,1
19790166,9.6554391253312595,0.22027431506878398,4.8658080642139732,-3.9552299693516138,4.895821040250504,-1.8077622232820356,1.249703633885924,-1.521930744874828,positive,1
19890683,5.2990820665813425,1.8583271052404862,-2.3934949270616364,-0.11932494957816547,-0.44486269179998222,2.7674668216853555,-1.7996354005729045,1.4485731454670674,positive,1
20011081,0.51439868701894909,2.9198505658019811,1.4880787219533693,-0.96747726393446465,-0.13226932095755625,0.32161096732213829,0.72957522698297761,1.2811631206361731,positive,2
19901086,10.218392403141795,3.9872802622123396,5.3085480129864298,3.3224112857232875,-1.4271196875238554,-4.9878040227977918,-3.4609551444092719,1.6615503108274796,positive,1
19900579,-5.8870227669645674,5.8913531716753775,3.0194285244126333,3.0629196629006556,0.62324923615622629,0.59420382738984945,1.3456715946602105,0.33684751088340509,positive,2
20190583,1.6264441530548257,-5.6063512099202484,3.6293137458068272,2.1071019123576686,-4.4555988602217766,-1.3386774008657132,0.069285206999979768,0.34820436096040519,positive,3
19960489,16.256219841871797,-0.77487003970045487,5.2232806085361609,3.4357635174750389,0.05897756046119703,1.415779204407031,-1.5289382685193935,-0.56400350859206461,positive,1
20110844,11.951923405217029,-0.99199215918325967,-11.376748349701387,-0.13544698354548612,-1.8567253589764727,-5.7717037353825127,0.91003075091317365,4.8463228743796734,positive,1
19920207,-5.5634501139198651,-0.44924368073915166,4.5522892423179107,1.8464691274549252,-1.5445065665612654,0.85983333781198101,1.0234648558597597,1.5035360384501282,positive,3
20091118,7.2762786685341521,2.518744959182031,-0.26121930416753641,3.5771505242881507,-0.97969859984855667,-1.1922728908046889,1.083861394476894,-2.1838284907643217,positive,1
20171130,-0.20327274390087688,7.5507601858159932,-0.46165911937762955,-1.5576116101167947,-1.4870709935081221,1.8330263310685337,3.1398296419280647,3.2878116365935641,positive,2
19900409,17.668809685851226,3.0608489369376795,2.5628429605418086,-3.3637035956673285,4.2191679958633976,0.32986653714348424,-2.3867027382846726,2.6739127092294832,positive,1
19890082,3.5824758200048881,-0.065085980994423642,0.28377036738166889,-0.054895219842972617,1.388353112225299,1.6958677804337852,-1.3503686378196578,-0.57768526044149371,positive,1
20140648,25.764311567563986,0.13074917791546634,-5.0112448569821257,0.79981174254310083,-1.8744237581562706,0.50119826028636405,-0.39105938729588818,-1.1673054482190883,positive,1
19860346,9.9106296806866663,0.77974837125699481,-1.9952112980856422,1.3772962545762204,0.98658754810958726,2.25377825630135,-0.2546741532172388,-0.21592035858463629,positive,1
20031071,8.0111935655648008,2.1598765654392222,2.0503559560173228,2.0073743210023678,-2.2609065991037665,-1.789391355082403,1.6547832625315719,0.032846050316177371,positive,1
19940875,2.5658566865091252,1.5523927713747141,3.3466572261877836,-0.21381335135388532,2.7430577619284588,1.1259118078166022,-0.048753550217979467,0.19528092459649399,positive,3
19850738,2.851239797561433,3.248202858812359,0.55383669895241672,2.449087052170873,-0.46356099760649178,2.0373214599230374,0.95999642119095741,0.88782178666220746,positive,2
19840834,4.6628951036693609,5.5847955715327382,-0.26786414089527893,-2.0892519964561607,-0.4335399184875765,0.39299631763561133,2.3130882744239298,0.49217578350777669,positive,2
19950779,3.5022111214812446,0.095821301178982049,-1.6326452824620465,2.0157784520563968,2.2922404788951791,2.9716712966277616,-0.20827283190942628,-0.011477457065339376,positive,1
20050308,2.8721522005256239,-0.87868524195253783,-12.584659696783199,7.8358793889622822,3.0318910935983334,-4.5437769111149162,0.27216606296242118,2.0472263677989542,positive,4
19870612,7.6780709165992169,5.5735579171618461,-7.0003630430259154,7.9686627446074585,2.0219901654797741,2.1422737688852176,0.79459714018393557,-0.063282590347200934,positive,4
19920370,12.496427068607204,1.9479110901956458,2.1086168244486925,-0.36817790933058475,0.1807254529250078,-0.17157362023715952,-0.33456433616012193,-0.97809128383951516,positive,1
20110538,5.0696260625699781,-0.095289376770673548,-3.6170711641870708,-0.82121211132539451,2.3184063288666859,-1.4119673470410268,0.83685218682167128,0.065767596677974688,positive,1
19980597,10.859459469985151,0.054783487130330544,-0.67602813714136178,-2.0569183331605116,1.7762767472136165,-0.21305706303164437,-0.38875616153891984,1.2509189718438367,positive,1
20190970,-2.1895892000243045,3.0559688440459087,-0.089643054333212194,-0.35737947951642324,0.017322755933917182,0.76286997159360626,1.5679332498318694,0.48139634894912942,positive,2
20191084,-1.154098995934737,-5.8474065753299032,7.0772552716465071,1.2788049238393766,-3.8996220906076693,-4.4095476966714546,0.33935680450302441,2.6777527161240653,positive,3
19810692,13.147400404676665,-2.0111406419412283,1.3259426678110953,0.13400238653760091,-1.0089847109307994,-1.1389194302573582,-3.5349280048523588,0.587016884200667,positive,1
20030388,7.7418126411234498,-0.036260994130711655,3.3029485939900751,-2.3855963552047355,0.40223822084089172,1.8408889230919838,-0.63572238721442564,-1.1618403376493331,positive,1
19800961,-1.9816481856509494,1.976807890899448,3.6569514311143734,0.11376532541459138,-1.7904797619782307,0.27434742867608164,0.84867655927316255,-0.43554908835113115,positive,3
20060654,-3.7722915830578052,3.0591468514561351,0.10430312615327882,-1.1483050184207995,-0.8957236722077605,0.89568530869812701,-0.56638108576215074,0.99108018371004891,positive,2
19790961,4.7168355863798777,3.4139955302368912,4.4373623326703564,-1.9552596168001051,0.065763305096206356,-2.0999112121932462,3.2786610814513115,-1.2398603922518876,positive,1
20150717,3.2292475468678838,4.3481083439849151,1.1127322158485693,0.18416970805572652,1.1048339789519255,1.8414431615581861,0.089402266111418327,-0.58351983466953172,positive,2
19850849,10.669177060416086,0.20313551648274789,5.5124642749278685,-1.3426402802083368,3.0399110428432534,0.67685624139196809,1.3096911284058459,0.1979717022644607,positive,1
19850442,4.8038183583465859,-1.9632090928413615,5.5271337797877909,-3.0954445493371905,4.035225645626288,0.40780779812044965,2.2890819611568665,-1.9902304069325181,positive,3
19870568,-0.84372451768222168,-3.5304697334312145,7.0608199345224296,4.5920952172130898,-1.0936730998574891,1.5166304413883738,1.4687527472890478,0.90677476913425958,positive,3
20000551,13.958343669451384,3.7767377415107393,-2.3227225608716182,0.67096013032087365,-2.1379948496510579,1.8403834342019989,0.52279156395237836,-2.3991417385868852,positive,1
20050027,-2.7773752439496899,1.8239266304563919,4.7059253225036981,1.0304657125975563,-0.69199421195184252,-2.3787051102246388,-0.75908198376360314,-0.042238786899045075,positive,3
20010603,-3.4121058944785587,2.2233473180114496,0.59449751194991174,2.7051979108335784,0.98107644937521399,0.28775441869320562,1.1979687406830912,-0.10787536807710112,positive,4
19840061,8.9784089762535455,-5.9647187076857957,6.2003152622556499,-0.78304619862525049,-7.0450247211727497,-2.6887879929907066,-0.50760419470463158,0.30639282542241475,positive,1
20180958,4.7327218005115101,-1.1585563318175176,4.2988678634895976,1.3787486126641737,-3.06260169758067,-0.82153701257429912,1.2050651301829589,-0.63654016360400734,positive,1
19940020,6.041360408544346,2.2347069196481959,1.4703084503458725,-3.7844937959585918,0.3049749554495958,-1.3506324780216592,1.8545984565037479,-0.38833649078622173,positive,1
19991137,0.12593783804137026,3.098462294045174,-0.34117811475087539,-2.5681056823516544,-0.07210894584445518,-0.2894075767997214,-0.50764784697581322,0.57047220451248404,positive,2
19990896,3.770028472891175,1.4785121727067145,6.3350204376180068,-0.53515526007577341,4.4752297504736571,-2.2475355473264198,2.0027164093838383,-0.16011051142859273,positive,3
20150111,10.833380551858157,-1.1556198777851001,1.9308333936546678,0.57053800564800627,-1.304771924819139,0.1718059740839056,-0.88344913846218864,0.71153976699033528,positive,1
20130191,3.002738288407881,2.4478776550445076,-1.4190544496796951,-0.63645647815519235,-0.18747814529878573,1.3674498426094428,-0.78173717916335261,1.6316104374990008,positive,1
19850244,15.671820427583784,-1.644561310339717,-0.083484437678966794,0.83938537383015333,-4.4909980059900478,1.3708830159881018,1.7275098464302454,-1.2834039611898584,positive,1
19950574,-3.0175617020241829,-3.7198877664442147,0.58461790871712604,2.7392934542996996,0.11069042108043567,-0.80903811745072229,0.16121485408356742,0.54116184361036124,positive,4
19930484,1.8581122533051775,6.4451743755862916,-4.6724630637324109,2.793818605435491,0.98289597105131743,2.1214007620408117,0.0042967712123726035,-1.5294171311318527,positive,2
19930825,3.5303245397545084,-1.3955955001122615,2.1764506276043991,3.1796486180280956,-0.1449925482888372,-0.37318273417867698,-0.55262135550978364,0.49386878426646952,positive,1
19791038,8.0750251994331048,-2.2442435947489114,0.66082125777442302,-1.6955310113565789,-1.3467514700638399,-0.36664518075575042,1.9574193942228526,-1.1535226916647043,positive,1
19890222,3.4646769977967544,1.7009694305881351,0.26472744478446658,-0.58854706902029197,-1.5883521892746759,-3.9614280543822034,0.91464494808990948,1.8460112089831415,positive,1
20130790,1.4553607320709285,-4.2134733129601933,3.4567182839385446,-0.025721658269191115,1.0588642309642973,1.805647099327673,0.99281030032086148,-0.15569867699057077,positive,3
20020429,7.6188623473786983,1.4133792865241039,-2.3943520403772931,2.4910254466126873,1.0812279236436151,2.1272782069584042,0.4680938738604874,-0.87231428997484628,positive,1
20190122,0.82451675726494333,1.6023317934232679,1.7610062893612533,2.9383775988845957,1.6287457348472039,1.2708397907456277,-0.82870375983969224,-1.5505628709791195,positive,4
20020877,3.2160199549980795,0.92725867768429115,0.30745697906359531,-2.7196390244945317,-0.49206629344125891,0.37292273628595002,0.57933074948440233,1.832886981086115,positive,1
20020483,3.5270023165311972,4.6925098866919122,0.84183638077460776,0.051625491815671505,2.5615580940691562,-0.5816731426748436,2.8739729407526746,0.65811305076112636,positive,2
19940703,-15.936892743045682,5.7436433760400458,0.22466621909046011,1.4674799818047364,1.0316762334892786,-1.6021143099936854,4.7836983681743783,-0.25611685428559289,positive,2
19810545,-4.545726753207183,5.6775602667849308,2.9122691105487726,5.6643056069688758,0.22537373293471219,-2.7353901935616372,-1.0388621289706708,-0.69287214912943473,positive,2
20090765,2.3063867843468593,0.83257955414488094,0.13764230532719457,1.4513158521722127,1.5055118658353495,-0.8128380177370611,-2.8504154637782717,1.2619541857602219,positive,1
20141035,8.6770582815760662,2.9344229821592753,-1.3778618925892718,-1.3484484810619,-1.5295117703333267,1.7864751218973765,1.2139320891672518,-1.3412560070958022,positive,1
19870369,25.864107274723988,8.3851542595375079,6.6573877583952905,-5.6319582742758509,3.5312992144635853,3.235821566287473,4.0258573268096143,3.8287265252819616,positive,1
20050626,5.7905653709197482,-9.9960762552062796,-5.2994974420999572,-2.106543229541022,-2.3319370764990794,-2.6868306060482734,2.3551064251100797,0.19882466414669187,positive,1
19940674,5.5251457503886447,3.9940668305837534,1.6038653557753639,-2.1070723710621566,2.3458927008310098,0.26248042153988205,1.6997314754089801,-0.34800940748985898,positive,1
20090014,-5.088339754176717,2.0378658101735838,0.23918623145260764,2.7916771163483021,0.36782393104417205,-0.81758167043163243,-0.81276033860453012,-1.1132146305186772,positive,4
19840635,2.5058994825989087,1.9548252496375362,3.0841651656277085,-0.40163254563210898,0.91259332080793443,-0.5689410623438218,0.39431995018388777,-0.035083304153665819,positive,3
19940621,-1.4057027828405217,-2.4547296623085146,1.3524534303138549,3.1414494904274628,0.36733921136246855,0.47347888965855228,1.1423921461355233,0.53930016338650466,positive,4
20100680,-1.6435731720016111,-2.4741718245370268,3.217311234916032,1.0679441088375514,-1.282444385918865,2.7638960980779474,1.5229072424666159,1.2546071840741559,positive,3
20120024,-1.407649122300648,2.7997691958745672,3.1889735220767412,0.44783882722934726,-0.846959610226515,0.82598470961479287,-0.90513003137688441,0.45782253116873239,positive,3
20190591,-3.9455596614734354,2.4923007845578091,4.3684335496737416,-0.067020731540442843,-0.51793634570752944,0.20475761483817495,0.63378881794694142,1.4407478270411471,positive,3
20091085,9.5408941827757587,2.9927128748427019,0.68297908032581223,-1.824574518702851,2.0927918888713304,-1.1364667961238168,1.1983250231131559,-0.53151615154091969,positive,1
19800580,7.7715654140756287,-0.93730866500117904,5.5457886139762831,0.44112021710727389,-1.2860187017158038,-4.9947835905683666,-1.3615224013955063,0.6544795355721138,positive,1
19980259,10.658374496806498,3.9825110539383233,1.0458423128625507,-2.0002712871226396,1.7105317425276079,-1.7118760340719967,-1.6274762758250489,-0.18315087792548343,positive,1
19870123,2.0355003825899471,0.15849301116636064,4.8643134056319886,1.7976071332940182,-1.9575424408625413,-1.0434961813883337,-1.7352986839236437,0.49153095993611917,positive,3
19820983,12.324651642942499,0.7668660554064689,-4.8187645092693989,-0.26964055017743488,0.18463524828379685,0.47935050757532649,-0.26602952155971088,0.37619331181671528,positive,1
20100079,6.1173913033974436,-0.63993516056506594,-0.73353599027402772,-1.1121301400471792,2.09531461712101,-0.51254303069834306,0.50538046397790637,-1.1485707340532243,positive,1
19860306,4.4150059007960945,0.73519286512575033,3.5904396332759116,-1.7611087562673662,-2.1557343930081294,-0.64472851875923309,0.61920798547960487,0.25301357143563696,positive,1
19930631,3.3669689586242835,-5.3154444146320809,-3.9826979456957381,3.8358491888536155,0.84107706563703066,1.8515258506995691,0.74807866874276929,1.2716410096497581,positive,4
19960347,15.013685594925708,-1.0696374581535675,1.6626761683681071,-0.86735340645558978,4.2655282982435265,-1.6072279830094922,0.56045012538728056,-0.97865576782775821,positive,1
20190397,9.2298563542676231,-1.5373845186131516,3.3526220622015832,-2.6172889361021898,-0.76665919239633951,-0.64737557707330717,3.5880089057669835,-0.46686532145828974,positive,1
20030564,-7.9429417334806294,1.2623140153994243,0.23013253848887252,3.0688589782163813,2.4954183657264553,2.6122204173114612,0.5833818715537632,-0.10444586759773947,positive,4
19820253,6.4885453605681338,6.6639237554231583,0.46744501510694997,4.0534240158487194,2.647020103940247,1.5277061688916391,-0.57496375213355677,0.37489873660106149,positive,2
20060763,4.1371911950934761,-4.1163979929896533,7.9535019633074864,8.6276982296618101,-2.3468906780133434,-0.21136290617653788,-0.46869235719659313,0.79476412941719621,positive,4
20130201,4.5799668431258143,-2.8743517318304481,3.134015659639998,3.2104835683649577,2.0715553746141726,3.205821863135172,0.10747090960718761,0.4460936495449751,positive,1
19961013,6.043776248035269,5.5474612990070824,1.2393773423751455,3.0486450710351969,-1.2294370434957202,0.46159501697006455,-2.1599622291103495,0.9943921192738947,positive,1
19820323,5.4855891617940209,0.49170829647840653,-2.8486333371951171,-1.8369510454059705,-2.2337168419869249,2.2806557706659123,-0.89974021150163785,2.202309632045623,positive,1
19800587,3.759961957378009,3.0072214680760383,1.5918812600289722,0.86630201442376287,0.35541545778033262,1.7495245047951893,0.4716381438016013,-0.498400980196745,positive,1
20020062,-4.5824326282050309,-0.7057427274356135,4.2165852800832324,2.4246869281275587,-0.38875890700161092,0.53561483374988061,0.48085750292853718,0.076466777548754999,positive,3
19970130,13.135144785902861,2.4374430487614398,0.59263209529242467,-0.64256145994636804,1.4863726589136828,0.84755193857621369,0.26299033372640523,-0.085123487459117575,positive,1
20150821,12.091372692876901,-5.8869825857064093,-5.5255225687249192,1.6600137513855118,-0.81185448710451591,-0.82308261671299643,2.9830509481833154,0.01863301061757244,positive,1
19840873,-8.5875881593022143,6.3510530364823836,0.81422390867099204,4.4214229816003625,-1.2932491942114712,-2.1999394214690078,1.4549233782327875,1.3845233248686577,positive,2
19940493,-6.990269973299184,-0.87969702257386184,3.6939219202450873,2.365277768172616,0.73977005152312203,0.87330154398284843,-1.0468176439907146,1.5718670828719936,positive,3
20070265,9.7993608627585829,-1.1278623779887671,-3.7863878010957221,1.8974867264248385,1.5794692421499505,1.4399073558870976,-1.0150757576222245,-0.060581346133831544,positive,1
19940832,11.9627549134155,0.31723516074033736,-7.6274876676771477,-2.9022218307800465,0.42988264494513767,-3.777425890107923,0.71018323252482762,0.20528306295725499,positive,1
19950794,-3.6396591437450629,4.6463966183173948,-2.6876899371934586,0.29068041984676163,-0.084279314541208281,0.65679515959780588,1.1578852148094254,1.1728203678193505,positive,2
19840478,4.7341519631414011,1.1782178631177991,-1.9932243498593676,-0.30847984203427697,-0.22938161627720888,-1.6828718028569296,-0.6750618914499773,1.8280410543604164,positive,1
20050917,-11.47164554215208,5.3031577037150015,-3.1285172753660948,3.6084322709762375,0.83339020637570393,1.102477409663877,2.2337265284051342,1.6093727942097464,positive,2
19920990,-4.3519087662036364,-1.5680223047224724,-0.92034511799787266,3.5399947812930805,0.068565012322496163,0.53021914586912533,0.52600202966849474,-0.43877562342333831,positive,4
20060040,4.0924523260447163,0.71070809072296548,-0.65630516875867984,-3.0805403730160283,2.8855199053930582,-0.38177878683506133,0.8109533988142209,0.23499879179664473,positive,1
20130929,-1.5166977302360962,2.7024194321192052,-1.996967029110349,4.0569949456340639,1.9423996952384817,-0.14011237323922146,-0.28845761205852821,-1.5527523976357389,positive,4
19810086,-8.8413474963677956,-0.0015899766621110217,3.3222059096686429,-0.28278589241251179,-1.5458171585102671,-0.98502639575424955,-0.099634265045618883,-0.13380836376462274,positive,3
20080029,7.780137490470139,2.5102722167640503,0.50105478310580642,-3.192767673151943,5.3276014496380713,-3.7351886655728199,2.4311445110038981,0.073958319984475177,positive,1
20140181,5.1302459269951051,0.80451662371319044,-1.1466481138771876,-2.8546661664457651,-2.8063104539849455,2.0431047272874068,-0.4888845089332543,-1.2153915794223464,positive,1
20011149,-5.5732499816024239,1.597700243368501,2.4417033086238873,2.5693012245508999,0.14017569794571094,-1.4667241219183338,-1.1131575982867841,0.35144937695427286,positive,4
20190815,16.417024946077692,-1.6008321587426517,0.18973622414639615,0.22367363692343559,0.24883033939810459,0.96122484781864626,-1.7169237009432694,0.30839047021842975,positive,1
20000250,15.763748856703145,-0.97682512372076158,0.6497880605501104,-1.8353533088479361,-4.2444645875605964,-4.9637037118342731,3.9753221249162172,-1.2013043691467187,positive,1
20040880,6.434879457176427,-1.1488882195489007,-0.51443514999006923,5.1106384151932946,-1.5481615818703058,-1.4247632624681084,-1.0258339587345628,-2.1813140355569671,positive,1
20140894,-0.41582676089458864,-6.5990718568755504,-1.8422325735797942,3.1875272208713525,-1.3629958342512849,0.61338462107026037,0.54350591009670668,1.3379781442888889,positive,4
19890985,-1.5619503036738811,1.4227071471678687,7.0485279774728937,1.4498351848650139,0.23611754175417346,-1.8089921458029825,2.2686843281249631,-0.3326180139190949,positive,3
20140344,10.771578314653526,-1.7069305975933227,0.58281200588332471,-1.6065122989532894,3.7244262038110163,-2.5748584318280847,-3.829241903778573,0.85875031894695653,positive,1
20050002,-3.897225838506079,0.82756039133617509,2.1155617887804992,3.6558455139855148,1.0358828173771835,0.50236576031102742,0.98436437980654734,0.88613450652367309,positive,4
20100560,5.5592164832471855,1.1273015789160323,-2.1728074159397455,-0.75063537983474904,-0.78271570201009377,0.65371005545184502,0.26622057411620592,1.7538968860348736,positive,1
20020385,5.3764901941865437,-6.0040678892198356,4.6443231533568294,1.179706865363721,0.82109516837525598,-1.2887966762611804,0.9186721510975292,1.9569050469256564,positive,1
20080537,1.934268017195784,1.1451411660756659,0.39824593681006937,4.2317451215354636,-1.4949485822939996,-0.60404022355448672,-1.0848953372286578,-1.9036508226721176,positive,4
20150134,20.165654291840116,3.8060040330985458,1.4396191795123956,-2.0022266330061553,-4.4445117988524583,0.76579409972957557,1.192209810059859,0.7048899908575319,positive,1
20000403,-4.3903941254527998,1.362980398830951,4.5497199385983134,-1.1534005833019507,0.22737172030797154,0.24992584824165856,-0.24882922873210644,1.1789639234291267,positive,3
20080440,10.785101317313739,1.5488924034574088,-4.1725218933235357,1.1485328230978509,-0.26508589188042775,0.12822946358568457,-0.41930617407918902,-0.61548653629193861,positive,1
20010020,-1.5418253574809007,2.3319251590357211,-2.9657746820672273,-0.47081599974369909,2.0553792080628774,-1.3095098409930335,-2.1307734699724827,-1.3220054719394692,positive,2
19930925,2.6384055266733095,-2.4065648075403541,3.4446134234070218,-0.30901379765187736,-1.9502414190847386,-0.44122696411036721,0.61815858170345062,-0.056096479238691335,positive,3
19930970,12.284246444873549,-1.837651920161226,-5.3162443989515715,4.4177146917033427,1.4877576528828673,1.4116696197034515,0.62709579261165249,0.80038247459338741,positive,1
19930584,4.6971970984371048,2.552428809811746,0.74654473424093493,0.46027789170046773,0.13717563750927692,1.6725825257505555,-0.44473803839368808,-0.28311196096212682,positive,1
20190077,2.6480196028545318,2.2780466608168095,-0.28637393359252078,2.6450385668333771,0.03709022964127455,-0.88637745568601922,-0.39370862922598493,-0.239265426845408,positive,1
19890207,-1.8998583076000806,-0.48260001348483267,4.3282622885389745,1.1591682923973576,-0.4733636589607112,-1.7099107369368736,-1.1529449179232794,-0.13518940007332136,positive,3
19920759,-0.12710342007087497,-4.7960723307700226,4.4938667368826595,3.5086820826674163,-2.0949256273192551,0.02926544369179393,-0.548799600482756,1.5202906730236012,positive,3
20050721,6.4066052397622064,4.0808198340256689,-2.9977004389124193,0.43993814881455773,-1.4370283319844266,0.090015565266516884,-0.39471380820979574,3.6653130976453832,positive,1
20020459,-1.9125088869798474,1.7365222730847647,1.5605647893989398,2.9643829028002218,-0.50292857662343671,0.23497420970965086,0.099951902315264851,0.016778340838442825,positive,4
19890928,-0.3421135081969528,0.8355556867818178,6.3585829196437205,-2.6179713065284309,1.0595964946231009,-1.3114941050379569,2.8047491463428131,-0.69038190618832529,positive,3
20020328,12.771667944469149,-1.7400835827475585,-1.7908188350935295,-2.9166451612384914,-0.68565637572728488,-2.1238710637262108,2.3984706012127033,-0.83121226092249445,positive,1
19811035,-6.9495557173773932,3.3623134612010981,-2.2865689607740944,1.9970197040915225,0.82938991499897674,-0.47894878016726133,-0.49391628804472365,-0.014593960238542271,positive,2
20206498,9.6655327487638534,2.3821830138857329,-0.82633429131545511,0.32221014275478382,1.2062325352766845,-2.0650332125581001,1.2212787868732071,2.6644365822911058,positive,1
20141045,-1.594080508513843,3.0559938311545016,4.5238861797995522,7.6067561664267016,0.74300586067347008,0.3069961014828384,0.30699086753508759,-0.37094200256437843,positive,4
19900020,8.8982093005286931,-8.2666416748168317,3.5791756433083979,0.64955276559664121,-3.9058550849275817,-1.0910557497780438,-1.4412593311082635,0.42076802928477952,positive,1
20030629,4.0811907491384769,0.96577546986940566,-0.97586654077536295,-1.8060606615276815,0.8804700259795043,-1.6222712014190148,0.71152491268772755,1.3042605480457181,positive,1
19830788,6.342305228227703,-2.0475365439911779,-5.4073372973773539,2.4437207793460072,-1.1301129682984619,-2.1538866018226459,2.9168523604596097,-1.0763829553607016,positive,1
19880268,11.844049733071603,6.1290129548208121,5.6164604450718949,-4.7513358028181676,0.15826943058832721,-0.42288771336172409,3.0509256511667475,1.8501385375641317,positive,1
20051094,-9.9350474370758377,1.6172194406658247,4.3177828200853829,0.056458352925739162,-0.49953386498905467,-0.55023599810957879,1.3799985199961429,0.098904574970651457,positive,3
19870071,-8.0838598120163834,4.2892271079207314,1.2761441579259254,3.1147398331159994,1.0285581950679359,-0.40152053051689607,0.26424388044165625,-0.58165209114021987,positive,2
20131000,-3.3867593668787328,2.5270688180944054,3.5621937716928862,1.2357757067006558,0.70084748630877858,-0.25763865433833727,0.32438138773275876,-0.11416396684538427,positive,3
20031014,8.4677229636275584,3.1921161902470883,2.6601320061553202,0.25881019161838376,-2.3968473851494698,1.3838718566170261,1.1056845903977859,-2.59928888032145,positive,1
20020613,-3.188533081626209,6.492563779214735,-0.46009152613511806,4.9597598332620345,0.34922249394681831,-1.662813790202696,-0.99767863082914388,-0.51409378887836865,positive,2
20020646,6.4115489339007157,3.8376134270744746,-1.03030614682374,-2.0725524642528215,-1.7565316021400357,1.9588124731347241,-0.52636146137285,0.058776433064357307,positive,1
19941093,11.582985452778036,-0.59876820605234959,-0.075533356431622178,0.21087072941526425,3.8009499733141885,1.821987389878309,-2.0114764185098308,1.1559390908797091,positive,1
19980485,9.3045246255538263,0.10003542688690474,4.8076330656799415,0.59206107235048921,3.4035934900371196,0.036964360735086257,1.2462349927344891,-0.10606775188393169,positive,1
20171155,-5.1271366948033048,4.4325964123783859,1.6895301346119111,6.4318510742165156,-0.60308329595531918,-0.86910247559089504,0.89940528342165715,-1.271307565754592,positive,4
20030230,-10.990849450814366,0.17076438722488768,3.2580547794636683,1.4547691684128019,2.8706826513359838,-0.63516982020913382,2.215588104855339,1.258359824700394,positive,3
20140086,3.9624474547935966,-0.8073557406752625,-0.92964695648199447,0.40987233438804638,2.500242771089928,0.80456721012453036,-0.39068000517709806,-1.063304146697968,positive,1
19840379,5.0158666594222057,-0.87225446503227755,0.22308525043634536,0.52874601337114513,3.7250001794798182,0.61089892129792744,-0.78098726497791904,-0.51771513958046567,positive,1
19890168,2.4906033091006252,1.4269516692418338,-2.0951888541816799,-0.43613215653728715,-0.4895112813464354,-1.540514088708252,-1.113980258996168,2.3140861384589022,positive,1
19970140,-7.6475578381189564,4.8344107655814481,-4.1297240912099742,1.3218279296631126,-1.3148502854150113,1.7857812008903275,1.7974434873524179,4.8225688233739241,positive,2
19800286,-5.7297344872933795,0.15282883487018498,3.2528682271174771,1.8541249244161067,-0.88371947332712597,0.16548092987716309,-0.10600009280896573,-0.23229728980569778,positive,3
20130425,24.781873033196174,-6.7381955330241485,2.5417559234467153,1.3650472205917501,-3.8730355439460706,-7.7536817984486541,-3.507011130130897,2.0190394412011656,positive,1
20130470,12.503534852445258,6.2298313390663465,-4.0712865192080017,-1.4130633070858485,-4.1894689245349532,1.5110521133530588,0.44485233385000689,2.0621989881163394,positive,1
20030464,-4.6263535347698763,3.4425286818466039,-1.1837936468783594,0.80409103317168262,0.25552768443716145,1.054720404331273,-0.1244427751568003,0.86568649720151891,positive,2
20120777,2.2401644304396293,1.006188173864514,-0.25040041259649798,-0.31384209704490545,1.6699643467089287,2.025111099323667,-0.80388593699673883,-0.27704816934077681,positive,1
20070215,2.1194835712293321,-4.8953841305272494,3.8686578194067214,-0.017460091729708152,1.6380281214745509,1.8349670994219396,-0.14083595426300172,-1.155099652786759,positive,3
20050593,4.1457367127838118,1.9508952730653064,6.3964790485186693,1.7076040237942984,-3.7375537056945025,2.6382641921863206,-0.38686373788531386,1.004519603641477,positive,3
20070362,-2.5047242080053262,-2.2129893497121671,3.5726628983864934,3.6706887260905194,-1.7181758256535391,-2.5013596923080379,-0.49282721831847437,1.1621725713510218,positive,4
20031013,23.96293166146021,-5.012224304341407,1.7955046280713911,0.89063587580320025,-3.9513921179691378,-0.58238369001702284,-2.0570092657269967,1.5746568867883326,positive,1
20030546,2.4069874460392562,3.2008538668854261,0.79255705741248339,-0.66045427494136855,0.018074977537274661,1.1582313058562967,-1.8333959901481323,1.7695975819366512,positive,2
19860400,27.140064595241302,-0.71539346605178533,-3.9674680192134173,3.2623977922260692,-0.72748657372369618,0.58760502143598226,0.0042269450433722435,-0.62482339002541443,positive,1
19960414,5.2103294476278714,-0.20725553593483054,1.2012488754578781,1.9605979963061964,2.688734395509242,-0.070984543048057597,0.48339355064656953,-0.53059095898768927,positive,1
19980823,10.843440575987552,-1.4003978779759851,-3.1747564289171848,4.1321368378287238,-4.1217580710292179,0.59080165038233556,-0.054875781837075026,-2.3328305446323072,positive,1
19981128,7.4213159982829309,4.4794086005273712,0.86038758911772495,-3.0162422564106341,-0.46853878339936139,1.2302572390323732,0.16973600071435524,0.62777461775405974,positive,1
19900494,27.547868706244412,3.339540013778675,-3.680960576227891,-2.9645868254797048,-4.8646152464134911,0.52638035748554723,-1.9773403742079649,2.2690173224700225,positive,1
19800821,7.9264623648031209,-4.2673259495102247,-0.054466443325072583,8.2461916530956145,-2.0770864748783429,-6.2326477803395619,-1.6696264481452689,1.9019409300992898,positive,4
19931096,3.3951123954005937,3.8922214893233802,0.7054070619788444,0.27954213713103593,-1.6964291120408559,2.5078558248322902,0.19050653741421261,0.5074306473178829,positive,2
19831082,6.9208692889255641,-2.3848316455819587,8.5534231373381573,2.8706165800627681,-3.5775542328210643,-0.71039302969160634,-0.7096760152156989,-1.0553788480304971,positive,3
20040511,11.927480822876559,0.23529322372648656,1.176845346082799,1.5116885400139961,-2.8937589835785991,2.4340047214106941,-2.4026226058498255,0.90864340595256943,positive,1
19950948,10.874930589918925,-4.2815186288812601,2.4035839987554,5.9648667933781381,-0.44208062291295613,0.57277118710766883,-1.3911246931223824,0.25295113825478299,positive,1
20090024,6.1831523990120347,-0.091810908229901511,1.4598143041265916,0.3850167644726798,-1.1181161320838839,2.706556171628542,-0.79000349008620974,-1.2663753188950244,positive,1
19870823,14.452070632356484,1.1034147561229015,3.3392820247062982,3.0376637710487451,-4.1513934136179005,-1.3558059550338566,0.31530651547303662,-2.1969580820086687,positive,1
19910416,-3.5460676836200142,5.0125554802312395,-3.0287252488347747,0.35532906995710639,-1.3123434218285466,-0.16862781099086127,1.8606547568885385,1.8331474802388601,positive,2
20208066,11.889181603470105,-7.566727487532412,-1.1839758588533695,3.1686570255421138,1.468345156790301,0.8144302484759095,-1.1158684101493914,1.1355301862867266,positive,1
20060491,18.238085580800618,2.1876054750883491,4.6241374567546147,-1.6955147706657565,4.8706273398176823,-0.10310397969250658,-0.13281813798214259,-0.9780301960732305,positive,1
20209992,9.1791615391430881,-0.29594192272398612,-0.83948434610297196,-1.2728045387116154,2.4477733393455949,1.0491457019527184,-1.8782567046521097,0.44967624328794198,positive,1
20061191,0.41442473096171151,3.8586874533660471,-1.9776948584388556,-2.5319030559920201,-1.6373791458496882,-0.23137904358962993,-1.792163428380382,1.3283896230269514,positive,2
20000566,6.6524526482437691,-2.323897646261083,-1.8532259243100238,3.5910975612332914,4.4512621632516529,1.8812759192320196,-2.0744111452608438,0.14014926849989692,positive,1
20101027,4.1226422604884805,-1.1260689479795614,-2.866611305942961,3.0952378295923437,0.97658659991526686,0.80083287855464946,0.73660509616940506,0.84060889063476141,positive,1
20010634,5.9184366456999893,1.7587267050068598,-5.2508774412626797,1.8509540989523852,4.5487435892233341,3.4658789630920732,1.0999529459242081,0.3959635608693543,positive,1
20020368,-0.38662901516676779,3.5283878694744248,1.1978590429527745,1.5129173280396719,-0.21545225398218565,1.1734284974799332,-0.74037240654588765,0.42652441103634831,positive,2
20120383,3.202214770085881,-8.6994182053912237,5.9326348938530753,3.8045939137239029,-3.1958850897371294,1.8267680927568986,0.69722514539617608,1.9707803864116318,positive,3
20161058,1.4794841474687332,-1.6707400200143425,4.9272618219850646,1.3177020636411889,1.776244571173472,-0.27218540544217823,1.0193227814777768,-0.052046669919923391,positive,3
19791008,17.294447747471359,1.0519239096517961,5.3290866054325896,4.1276385919674228,-2.6999237772577591,0.021747252902021758,-1.0509700683670273,-0.41854629387831777,positive,1
19960197,3.236743423288083,5.1162879132054302,1.9090490183971636,-0.37578601263166145,-1.4012828012054293,1.9467746601661111,-1.656822662702931,3.1452100656054141,positive,2
19790903,3.5290501851159974,2.1437779954140743,4.3261145891150106,1.6950296739087827,2.4408534438404614,2.3010430346388966,1.2516007909417763,-0.19184835455960425,positive,3
19920719,6.4802602423046221,-1.6488550614120423,0.90070730754010064,0.48861002962764288,2.3117344530785071,-0.74887935752644585,0.28458617893826271,-0.0067620196192700989,positive,1
19931091,28.696540878867591,3.4521228425684924,2.3647610674470991,-5.9020226308531676,-2.9606282864122742,0.70013681054676336,0.22433851300099292,2.5680601330408654,positive,1
20180365,-1.5607078154537137,-6.9132434862959222,11.957833499661049,4.4639536375684754,-4.1985513510471995,-2.1638281064813367,0.82299737851325339,3.3413281291990362,positive,3
20000443,2.4330673045344366,3.8367928023570972,-0.76186487068920872,-1.0044132640467287,-1.0735763954147246,-0.20557587842857217,-0.83111231503430982,0.96587617809603599,positive,2
19950235,-15.440541460661448,3.5881538204972796,1.4440157244745253,1.6061018160510856,1.3128204242496855,-0.30688963072167691,2.7863175085837502,0.23112321477263689,positive,2
20060862,5.8830056762468486,-1.583506125700217,-1.5949129271020361,-1.0278316246582855,-1.4044461064731788,3.009975456809431,0.065505578426756084,-0.26553479127605756,positive,1
19900716,5.4613063253382759,1.1181615814910011,-6.3009738460156326,2.8915786828281416,-1.5755876644111866,-2.1038393550343093,0.46535468497322291,-1.3635308782002025,positive,1
20190746,-8.1949970785397976,0.8604176663709997,4.2576585203267205,1.6242589078582346,-1.3812039229440447,-0.73498835080817482,2.2339350490389762,2.3051433997200199,positive,3
20061169,-2.2746596346728456,4.2242265352358981,-5.7708297879261954,3.1164754486876736,2.686957561804328,-2.002365965023118,-0.8571403545606,-0.25985531738765133,positive,2
19990525,1.9103540108610311,3.3620878520775226,-1.7818593055157139,-2.1228689785947297,-1.6765776009657183,0.19302449166300947,0.25070622344164367,0.97420866271082951,positive,2
19991025,8.0222988308177889,-5.8619662364464578,-2.5420523321138782,1.339927064524949,3.1525075974693113,-0.91276495344122555,-0.50142675346779431,3.0200622505368502,positive,1
20000561,5.1986797035911323,1.9818934153412078,1.132750957047914,2.6900105155554614,-0.27835875377168973,1.789114726335773,-1.7995107629897491,0.11684489650123674,positive,1
19980622,3.7825971367252214,-8.7308315940414261,-8.6601964724311422,3.09190994742637,-0.374490234586565,1.4111631473158937,-0.38768666370108734,0.47599334506614704,positive,1
20190664,8.3186718255036318,-6.3093174744519755,0.17014632087597673,2.9694215938782298,-3.7523611151173673,-4.0302010560912898,-2.8097809642252276,1.5328491330869931,positive,1
20060940,-5.3072290988879693,-4.5037676110463503,4.3507416013594398,0.20150098880787312,-1.9345967646049025,-0.69434033409468587,-0.061087607657100106,1.1139438118314966,positive,3
20203207,-5.7622907919933235,2.5554936308783294,4.6319996703308925,-0.17122902341023136,-0.6504285686529897,1.1916917082247733,0.74009971963315879,0.84922409643659769,positive,3
19810979,-7.2207268293218823,2.8094716726982605,3.0823667867263125,2.3476092778735791,-0.55205361149808552,-2.0198235012855377,-0.43977163407681424,0.63025366399836913,positive,3
20000245,6.44486674684845,4.4716658937005587,-2.3118930899630707,-2.8706099586018325,-6.4096536406043159,1.3654009893283778,0.86521027517508098,3.4716605947465542,positive,1
19890240,-6.6421215907226046,0.78840336098778763,-0.61460841742458661,3.4809385586738038,0.37968174768465701,1.6237249918080243,-0.003128405886523329,-1.0554215839592234,positive,4
19830458,8.696002415253977,0.99866445019091366,-0.3685208680012011,1.1954297979083017,1.4085737419234234,2.7437702096220913,-0.91105054255414808,0.56451064659574324,positive,1
20010117,4.5393072979645304,8.7942082099950838,-8.8509975197687787,-0.96126152493534778,-3.4941606030313288,-6.1615316454899167,5.7932125746871286,0.93972855392321786,positive,2
20040895,8.989186931700738,-5.6711753469000454,0.23034422855455294,-0.61626807330295952,0.21510135978521794,-1.8727452445824653,1.4257165499942461,0.96033364837484936,positive,1
20202023,9.7553379090322334,2.7104510295057622,1.0905279724660468,2.4541764407441717,2.2542825817656134,0.64850640162304141,0.94694500240106427,-0.68652435949587931,positive,1
19850472,11.002590956878196,-0.97785090208991743,6.9614706255105316,-2.3896235754979136,6.9149176720609651,-2.0864812388957796,1.4681047002453138,-2.1430778964958446,positive,1
20020840,27.251416143332705,4.6331657757395206,-2.8326048089350548,-2.8369993221344898,-3.8893923113924638,1.2975044543686092,2.846588004865739,-1.8443057288231184,positive,1
20110899,4.9527318443495698,0.27033976907415885,-2.945442388086986,-0.50842022984772817,2.5383421123102803,0.86764627724334553,-0.47913283121940076,0.67173245890338673,positive,1
19830163,5.5853398456181811,-0.025134457421781702,-0.93810476830775136,-1.6709489923075806,-0.65754811547932568,1.6490176439737378,-0.2514112211786429,-0.94524839595256394,positive,1
20180783,13.343913101751028,-0.68990281129660391,5.5512903817833799,0.10469662294999231,4.5183310532209982,-2.7567047745095796,-0.42312520139418652,-0.59656566513624532,positive,1
20190870,10.878711771139017,-0.98885854103798076,1.851296897590327,-1.8846616845693254,3.7694533073156138,-0.19526425934159761,-0.75975936397200949,-0.16997224649877204,positive,1
20080768,3.7979502224455497,-2.439119070346822,2.9240387534832366,2.4349793578107994,-0.55838128331260362,0.17815044060719001,0.41692834977909404,2.1997194898458474,positive,1
19920501,11.517054381291976,3.3701131577893606,3.7506914576146668,0.014010363030710331,0.67705344808707446,1.5490418709923715,2.8010049686799086,0.97315240681632253,positive,1
20051079,19.260812409036973,5.051504988595096,-6.276088627648984,2.9311056880926776,-2.4654030705037724,-0.48979451490873505,2.0250135420966626,-2.3591551690815402,positive,1
19930606,-7.7740811018911673,-2.5272924062370605,2.8152067655312725,1.8584793680569511,0.40159912895720523,1.5501317344479473,-0.30349095130573772,1.8755228405709381,positive,3
20031053,1.7409835837402836,-6.777497921349882,0.56745404047470516,0.060946630601666101,-1.2460481222701623,0.12913731902875877,0.53973639997348566,1.285101750669571,positive,1
19790632,12.118561990321766,2.1508667713811431,-1.9273361030744403,1.0890413761768025,-1.4746917022652879,0.28699174622852802,1.327061869476547,0.73679297856742088,positive,1
20050850,4.7473737307035124,-2.7159432966462949,-0.17465366350292999,3.8767870294124975,-0.55293712025577479,-1.7568365176252962,-1.8272661998135566,1.0794498827273844,positive,1
20110294,-5.3148722508780271,3.6229432779321744,3.469479473815452,0.064931809565561716,1.6583839717299196,-2.3038752783377205,0.29272032057487934,0.16187756591544772,positive,2
20060152,-5.8164305969579422,1.2320992087176015,-3.5071838095970391,5.0470910973019691,-0.43712032140696921,-0.011158458996960741,0.424242066305139,-2.5532160687677861,positive,4
20071071,-7.6438129086825493,2.3039759620033671,1.3236125472851517,-0.32106758031611676,-0.63480205463879857,0.93021159948372356,1.9468526522291205,0.83531333997762469,positive,2
20120046,-4.5661986044888296,-2.5858172168641707,3.2005878887858881,2.2830801920797739,-0.92506125337308376,-0.52537445514056147,-1.2790726598231554,1.1929218933647721,positive,3
20190559,-5.4587313136634181,-3.3823777771956256,3.5686520716000238,0.77368967393662336,-1.0960135462413116,1.5427039828365678,1.1854230729398856,1.0882479683018551,positive,3
19900902,-8.9176235225368323,2.6202846402496909,1.9152662359009887,2.1886509441326285,0.091505593517252973,-2.0709982559465119,1.4382814470314118,-0.070741247968746424,positive,2
19900479,4.8558957489162182,-1.9197453343513171,4.3860065512483377,3.1527889181867956,3.7243502921757017,-1.3104043589692158,1.8570432672723423,2.364490463799362,positive,1
19840249,-1.2286005079319717,1.8538589579663052,1.8961326968748728,-2.9997954513170972,1.7134515600625329,-1.6255653820135176,1.7289857400887492,-0.71689278342015161,positive,3
19930654,7.6180649974123744,1.5077457467436242,1.4355962179074293,-2.1044530136474178,2.9713688343930431,-0.78450283212917515,0.0037504631826919725,-0.045276100934969046,positive,1
20050581,0.437131282982479,2.2131541559121217,-0.15978945969088268,-1.2259373846617332,0.75998851783834342,-0.13975973087398674,-2.1246680197887455,1.8421199411201343,positive,2
19890058,-0.93170214329656265,2.2570879146002301,-0.16801074819729672,-1.569263894289443,-1.4867605911690545,-0.14226124078292546,-2.2547303808095949,1.7445946843991933,positive,2
20200075,-3.5973342359278719,-4.1846728420814943,-0.92896859412648125,3.1718606665504079,-1.6161919077252618,-0.32927664017410468,0.33752002562185052,1.6647467767230604,positive,4
20140692,5.8084183813340964,0.094656088711855574,-0.59542888502767455,-0.44169394492972475,0.69402407676844047,-2.0304213301867375,1.5371782694177565,-0.094753173623483594,positive,1
20090319,9.1342968312239634,-0.87134205748909321,4.3158423764611671,5.5249178435651984,-4.6268632949330799,-0.29959551213835639,0.25304353909995153,-1.6824728934319406,positive,1
20130540,5.2787930221854333,1.9332993809607462,-5.4088727448516831,-1.3218168253601157,-3.8783195760884048,0.68884999649496714,1.4860896782736557,1.5003193622216775,positive,1
20120612,-0.10499847965734251,0.59368597685341706,3.3243775072498418,-0.15236735547404509,0.14775373968644553,0.73266625775999472,0.11190070751554257,0.082734511156673698,positive,3
20150448,-1.2317923963674278,-2.8969204257975743,3.7419204695595063,0.75937301972007176,1.2858751076673052,1.8685681240368464,-1.0583152629534915,-1.0216964835776321,positive,3
19920424,3.3152242774741216,0.72522011569944733,-6.3490851765061587,0.00014797952992869165,-1.9600758797813054,-1.2558346690565585,1.9716460321757381,-0.21706643479360671,positive,1
19820891,-1.1598111385571397,3.8878636675275402,-1.3729242039939804,-0.7013423904202184,0.046781004716737365,-0.77061990852048867,0.45590755250346565,1.5823659011396554,positive,2
20150843,15.167966321617747,1.1818657359777853,1.4461013671215119,2.7316786977462235,-5.1687987621776745,-2.884671671588956,-0.28471778050381152,-2.4217468146784387,positive,1
19910187,12.795556344864391,1.4682489044299831,5.6967102142447228,-0.73469494746030906,-0.57882584517504621,-1.5830749048898818,-1.837085110598236,0.97345191427206013,positive,1
20080169,-5.5533846656955008,-5.1029419685184525,3.8313295356266015,2.9866532873351024,-0.35650617298275089,3.0010052505762341,-0.078843933317127482,1.7020148562931297,positive,3
19830046,-6.2604469758820223,-2.6014958498398388,3.6414892065551938,-2.6462550261087188,-3.5182090411160436,-1.9555552565183123,0.22859199662203902,0.30448355830064805,positive,3
19820314,23.969165311161181,1.4370320156541361,-2.1332412308008553,-1.2601738411292975,-5.5094399682469026,2.4977198276449757,1.7379257554546441,-3.5870096965509024,positive,1
19940380,3.9761583303692474,-4.1137682213969065,6.9826112505669942,3.5293142265603392,0.6469174814770462,2.6111563221981591,0.63550503966848571,1.8348862099337884,positive,3
20190900,1.3977360320254844,3.4062180501755033,3.5011916286665699,-1.8387281758276466,2.3366023578263406,0.37312953349743155,0.69496492983991487,1.2733280022597644,positive,3
19910427,6.4156926539809458,1.8614151558187397,-0.49129696059244166,-1.1301866132368574,-0.65898112711548629,2.3963322030809318,-0.78217008339421945,-0.45486033749706306,positive,1
20160840,-5.9111435216796764,0.55784537628322617,3.0555098980676054,1.1341744261773705,0.29242778230080302,-0.39687789421976594,-1.4995362541381951,0.17109120584074913,positive,3
19900720,6.5553124164513656,-1.4126890572188497,-0.93043501963486586,3.746289569489766,-0.69412184574877445,-1.5439298094414153,-0.13346156669671258,-0.11861643465292716,positive,1
19990464,0.80035033827298474,2.0506755818106059,-0.23956048935457103,-1.9450649425808728,0.17720284555847424,1.0128966393647212,0.15021298846753192,1.6348794924922143,positive,2
20101161,-7.6052364930487348,6.3529669858192364,-3.0260754384228159,3.4309077149674785,1.1280068267109744,-0.23476381496638679,0.32135747889818989,-0.0058089049900459768,positive,2
20000881,18.893739344626034,-2.0348800417946769,1.0966506528106554,2.7807439210058389,-1.7350504030093736,0.063660194865748518,-2.0783116226974072,-0.63169682075552136,positive,1
20080347,16.475162988075567,-0.95455285857722927,-1.5349588269269776,-0.71077668217178558,3.9758423802447158,-0.32542147538388533,0.4419004529937462,-0.53188256180101323,positive,1
19950986,20.390491225311226,0.1778761622465343,1.6726726075330374,2.863841074496372,-2.8145831745402781,4.2464211887110377,1.2027511860208622,-3.2009421893547851,positive,1
20000351,1.3901134173296195,6.3756420363487631,-0.85126909889913482,1.7938082994153373,-2.8161619008926109,3.029638280173705,-0.13345815919366574,3.8418331151574776,positive,2
20150699,14.969509642843782,-1.531671539021064,-6.2932375650524648,2.4514906137813655,2.8711785099622733,0.12986056331855633,-0.092268136832683104,1.6805136854749283,positive,1
20020823,10.436484067943518,2.6564725353896672,1.8395617957254602,-0.22268737864514226,-2.589658430190481,1.3913486431041595,-0.32773656409453594,0.59677238531369481,positive,1
19951150,-3.7514213781283821,1.4936400072913059,6.0416778372543485,7.7830468661552459,-0.75226722656902678,-1.4354147769111276,2.0954653562642713,1.2521551218915534,positive,4
20040402,25.642653998576211,0.29111614512263939,4.635867323172719,5.8425672595187299,2.3432633603451141,0.19103214027858118,-0.60394767971870889,-1.4213131201150397,positive,1
19860118,-4.1884528339940168,2.6344283936095345,-2.5859883843455624,0.21499337537641672,-0.52320013962439782,1.9138338564833206,-0.59202917538766964,1.0006118247007141,positive,2
19990237,0.93263004474100464,3.5285328816733932,-2.218776010395457,0.95659201297305541,-0.76641422436864892,0.75667107255087152,-1.3075416028570006,-0.44005064473846262,positive,2
19930485,13.210421300176492,1.4970658713678031,10.794917942451347,-3.5644420761976319,1.2635251454239143,1.7120348592819488,0.91074222835796292,-3.2922955745363351,positive,1
20180555,-1.5679390410460707,1.6663235443306257,-2.1791516481364246,0.28351475121844932,-1.5922704156355529,-0.3072442803119812,-1.0020809995667286,1.5557130889004853,positive,2
20061082,-0.65350450446196462,3.1329603208592656,-0.80651562721219827,1.0441010896307219,2.4083858932127558,0.82473674444566136,-1.3134326995764753,1.6259057923902616,positive,2
20060582,13.769331201884246,-0.4104123265910577,5.4484101698943963,0.099825009914156174,3.4042337117998756,-1.5673022518132824,-0.64113727888540373,-0.63931941780685375,positive,1
19840098,8.8761845980220446,-0.2210295330896605,-0.13730947179097347,-3.5825661962762512,2.8209589000168127,-2.5118146726436539,0.66729559691163121,-0.2683321362617539,positive,1
19811044,0.9065860559606409,3.59780604768862,0.42195509235469114,-0.51970925176252303,1.9119010946423098,-2.9997992626135552,1.5467808500283842,1.0360874663425508,positive,2
20100543,14.204258090827194,-5.2583870520261202,6.402819374967474,2.9687778802335605,1.0613153139136673,-0.75780638501685005,-0.26589393698999897,3.2988845062672203,positive,1
19970585,-9.5672358319212485,-1.3564491357073345,4.6127652438053079,0.61558882682744509,0.68190489180187397,0.50030744222891144,2.2757914030207536,1.3819622563805281,positive,3
19850210,10.162626162289751,-5.0631769619961755,0.048833173221949105,-3.5985890005696213,-5.2258588898195519,1.9353631393061423,0.93020651075960348,-1.337216866558476,positive,1
20090736,-7.0372583532474042,1.6998195085421599,-1.5292116556981021,0.23540875446510792,-0.6896806919959837,1.6371941772596337,0.81257725808376757,0.013908369653563816,positive,2
20120297,8.879633921023693,2.2529559399953971,0.12958805726261238,0.69385672273888677,-2.2308209920820299,3.1043449103905321,-4.7744234274105484,0.84677962567485932,positive,1
20001127,8.3483742797641991,-2.6331097515666642,-2.2717774608297856,-1.2854034753983177,-5.0700574602590969,1.5456936434028405,4.254850664433647,-2.6693107786673349,positive,1
19870840,37.655632731924307,-2.7063306846398096,-1.0461011383251622,0.26913535405849354,-6.7250690451714048,3.3858587637482374,4.2743150553439104,-1.5175264284112844,positive,1
20090012,5.0007581024261265,3.4632388257442455,1.9026812089407561,-2.0730101392359415,0.5898930039306397,0.82888697702041914,0.69229216445611919,-0.22914525367992947,positive,1
20160368,-9.4645920691786873,-2.0372990152765476,3.8014925600406291,-0.24321403416108106,-0.35967312576852212,1.0742073753370973,1.0234056549561512,0.76300024243554654,positive,3
20040572,14.517986013042444,2.0104606258288205,-0.11986167511035188,3.084310108882772,-4.4251736440988347,-0.067457424987000553,-0.69433322221546467,-1.8466020478754026,positive,1
19790842,-2.7961595636193448,3.8430677651622496,-1.2189001081002131,2.4146847317331841,1.3657867148706062,-0.12724677427158201,1.2356133602807413,0.5962427039744691,positive,2
20120830,-11.374392549459591,1.0338322039556096,3.9311711551070267,2.5675148145890412,0.069411406899261036,-0.59304356391234725,1.6378727719619883,1.6056947045215748,positive,3
20190171,-3.2394121285913466,0.8084267891437773,3.2639619520221865,4.3065788769937496,-0.41275288634460705,-2.3522311711960557,-1.216002496468034,-0.11973764858931746,positive,4
19830837,9.6777415599302206,-0.22547897745397322,3.5228285454111292,-1.7969331885942188,2.6622319990872518,-0.63393753834319588,-0.84755640342914973,-1.231723464621254,positive,1
20100260,-0.40032052162734372,-2.3709709506454884,3.4993202734760036,1.2044747736628312,0.63114084602048481,0.38089578590052553,-0.2262975721775381,0.18217866209408876,positive,3
19830496,13.898209280262828,2.1010680913046258,-2.5921964253558349,3.681445101011577,-3.7618684009334551,0.10154948739060499,1.8968920929276063,-3.586190451922735,positive,1
19850398,-6.1285004979419648,3.4984321136285956,-1.5543295078926358,0.10005174431390718,-1.4264134623365115,-0.36128680061520507,-0.72255604309024746,-0.13041649581411646,positive,2
20181052,11.716440841959599,-0.45396668813655983,-0.34271495361542698,-4.2482693088743195,-1.4992738936895664,-2.3344672484479494,0.70692764444847778,1.4614591583049945,positive,1
20150098,-5.2838294755351667,-0.57548274003764821,-9.9312486013193926,1.8706523766611725,1.3318953386624313,0.80912690053678982,1.8135991533194833,-1.5842217419032674,positive,4
20020630,18.63081712997613,1.3167300693556219,5.1853089283346998,2.5053251501127067,-1.2783277199083765,-0.38546499158165548,-1.0712766289669664,-1.4214289268640508,positive,1
20070346,4.226165015733792,3.1514290282482094,1.6990899242458049,-1.1899657443898821,0.48244840992818522,0.98856502178089267,0.15745509717331449,0.92537392509287308,positive,1
20090385,17.795852782461424,8.2250450592924036,5.4416443779668482,-0.0084088201790020189,0.24678669706894821,0.40885958978679909,-1.8931529664841702,1.3022992742143356,positive,1
20180096,-4.4961297201244692,2.1624002051406994,2.9920750042883597,-2.8504094855247768,-1.2698179989805995,-1.2122331519760989,1.1311474244208031,0.51457319084962372,positive,3
19830689,2.6058074846091279,-0.20515226403396156,3.7712803958480352,-1.3953474031844719,2.3575351280707566,0.099160108889285004,0.22053185061659741,-0.22563046311860907,positive,3
19970046,-3.8334699382358752,-2.4969673624800377,3.4896248194889363,1.4812118035615138,-1.7824382262372851,-1.1226003216200779,-2.4577774203640685,0.30274590321784867,positive,3
19820985,-3.354328771778591,-2.4529908478802493,3.7522953355037889,-0.24307673820896866,-3.0484641056610489,-1.1108777942241757,1.2570647702433591,-0.017792700716624244,positive,3
20171189,-3.8424921373467003,5.7310164772326226,0.75649050893546732,3.5469746289815269,0.40271519584364546,-0.38194982774929376,-1.0844631994666942,-2.2749038096244316,positive,2
20171176,4.2741504073916721,3.2922725866759808,-3.6331164323654419,0.87261349105854669,0.05891191709462322,-2.3942713182920774,1.9208826900240987,-1.0081626025908212,positive,1
19980459,-2.8539848696181727,-3.5558587263554573,2.4939244087939763,3.8074785899185364,3.7080670476773787,1.2199848437403598,1.0046542903278901,0.63405805196056719,positive,4
19901038,12.397681847349107,-4.3809276613389878,-2.1405657918583136,-1.557245688236242,-0.12609203349462919,1.7412953584578499,0.011059272969465985,1.1204368365470523,positive,1
20071040,10.152455327874934,3.0261492477017842,2.4375254595889033,0.49971872472126894,-2.0314143644677669,-0.69801146509524115,-0.85060988657445957,-1.8373887310371544,positive,1
19880964,16.845058376337658,1.5010241513421323,-2.1722415468250476,-2.9323184598731431,0.30880684112529433,1.9891373698222079,2.2456916734974262,-0.11547688440292711,positive,1
19940899,9.1118276477576199,-8.673171121974665,-1.2317744941710866,3.3885384294598886,1.2717458963983521,-0.42812509116553538,1.0887101713076315,1.4774534287979677,positive,1
20170225,32.900072299148334,4.3859481789934627,3.3754353379791646,-1.2119602056642163,-5.9905908574617417,3.1514215419270579,-5.3095945959950566,1.3112232649340969,positive,1
19990158,-7.4196085630318764,0.83606280228258345,4.4700515233060321,4.4842989630942514,-0.44575398888879264,-0.25547822061129516,-0.72520306934330625,-0.164928544045679,positive,4
19790656,-8.9972871320047663,3.3328731273596328,1.5777611126404278,-1.5440931752149807,0.44919071672883548,-0.57913017017588386,2.5888554034431581,3.1788455091846566,positive,2
20040792,2.9866183779885005,4.7394481837611178,2.3174163658304177,1.3794941827514198,0.017396502115744589,1.0156579810803874,1.1918176873780912,0.37592686276648735,positive,2
19820453,-1.8161266400566884,2.7793226241592843,0.91848014633587516,4.8203167854626434,-0.62922037622309979,0.21680458932370306,0.69438035006440768,-0.78747500739946141,positive,4
19940548,-2.4212207294216888,9.606124870991593,0.43150789497941522,6.3573479122992307,0.45481621327387806,-0.1039399601480217,1.371302112030907,1.3491856524500809,positive,2
20120676,23.271504229122289,-0.056743808725953547,-5.6600796765774035,0.85827863494291401,-6.0303573451545978,1.4322238445340247,5.0022252706274681,-1.5771470082395713,positive,1
19940943,3.1134760801363983,-4.7297868901543749,-4.4615828847322829,1.7002120714549234,0.5009361568469578,-1.5713033712833282,1.5877299191771903,-0.43939892274958792,positive,1
19821076,9.0428526824970099,4.2032330122855033,0.20376695721580246,-0.055076334085159689,-2.0164839260765546,0.090979437250708603,1.6545884143022944,-0.53123924432639413,positive,1
19820207,-3.8108311281622282,-4.3370176252708363,2.1184189128687323,0.78254727025927795,-1.0935409962080054,-1.4117578606984467,-1.4136535704550248,1.7756016495709466,positive,3
20010811,-3.7135186499207831,-0.52591736677039647,4.0097213482513254,-0.93585297562229242,-0.21007131459795,-3.1639195135155549,0.5731750474269045,0.052300211694088328,positive,3
19860476,-5.0032150146430094,-2.0061766498169966,4.3729817886177509,2.8517636963744257,-1.6342441997727217,-1.0186437452482946,-0.23094620005352731,0.63368343355869505,positive,3
19980977,2.1632494464223213,-3.565948728078737,-1.8817439737625203,4.9483117692941478,0.55609872659921811,-1.0478048225721315,-2.4700233504415388,0.68598868517502176,positive,4
19930036,-4.5091475700112547,1.1261847377362229,5.678723629910098,4.4222617392582961,-0.63743347210501622,-0.68862986042487451,-0.12258649041940554,0.11142759303293256,positive,3
20120754,-0.027740559852768354,-0.38747307543256154,1.5419143613827888,3.5075423970938142,-1.5396910689102616,0.61504370970160305,-0.39896683680130629,-0.9929353228008756,positive,4
20020740,-9.9910981339342779,-2.435205805950948,5.4229955365922109,0.0023225663284947443,-0.74078816884600551,-2.5671816889299581,0.65586027207299358,1.6249083892347529,positive,3
19820401,-4.3595390120846611,1.9544406413749018,-3.6965373816529294,-1.1219224545722177,-0.81812872140193904,-1.7612418335665543,1.8632631653073966,-0.39736804516834018,positive,2
20150827,17.763230678992333,-4.1728657820305903,-6.9503631970814821,0.22105040808591023,1.1108208268474442,-0.17886288001978942,3.2008529266668724,-0.63736818737499801,positive,1
19870188,17.008689163623306,1.3982384624017559,14.545293504632697,-6.0776328331828786,8.7493314309277963,-2.2321463881830543,6.7583685559218489,-3.8088686540580361,positive,1
19911042,5.4737673627816505,-1.1179779736377837,-1.286402682552745,-1.612713231803639,0.58110579051305977,1.9936341858026183,-0.81056827798188735,0.62062783500380181,positive,1
19940034,3.5193583846815586,-2.2913906832191637,1.7510169070532402,1.6450343995023131,-0.039582008307217309,1.6118410225724038,-1.7221888605695241,0.19693000011217318,positive,1
19950399,-8.4134618822370726,3.3370542134424701,0.50425180928259028,1.4303323441593976,0.89976439647126261,0.73783450837908704,-0.39910259032614942,0.15908068525720914,positive,2
20010617,5.8976283726842968,-5.9670215244739202,-7.3846438590083201,2.3930439786839255,0.49684142247228635,-0.99033410677238221,1.0331697932781509,1.981046921808296,positive,1
20050033,-4.9520169945434054,0.02020961236546804,3.3030988730982158,-2.9365000424399921,-0.82396782430266702,-1.5473038310493847,0.39001052058653257,-0.3589380035606739,positive,3
19980606,-4.9370323012034047,3.0916140715673999,-1.0320397879553906,3.088763030466076,1.014638597715197,-1.3200171605428226,-0.32137811400334476,-1.5235475257903952,positive,2
20180263,7.555571608924299,2.2207693321667694,-1.2336537213363847,-1.1729215930517936,-1.4065974040091347,-2.2439516397956694,4.1715940729179417,-1.8683276846261792,positive,1
20130783,-13.634089609007587,4.4772596880751383,2.129870637688378,3.9796303768456753,2.2476279447305139,-0.59849276514878513,1.7468154352100167,0.66319598943375824,positive,2
20130729,5.8517738565628736,-5.6315509703071589,6.439952070539074,2.2634547128775169,-3.814615608133872,-1.4738125714379828,0.59754990332695168,0.31233529600329574,positive,3
20050742,7.9253439716942875,-3.5004794643342572,-1.766343360663724,2.4039021275114547,-0.80445220957964181,1.5965204309211003,0.19049648454203638,0.10458094427876996,positive,1
20000234,16.563419556166298,7.885142521765248,-1.3849562421901076,0.74021265529974334,-5.0711990055471592,0.51019715103670027,2.3961613583318617,-0.74408093397918751,positive,1
19930468,-1.5278624945026409,-7.4136358563013127,-7.5111668172533346,4.0213962652703481,-0.87318753993897658,-3.5123948440436124,0.088261489958703088,-0.94261326023829228,positive,4
20140404,4.4465358676926989,-1.8205120946037974,4.404306862793252,0.23049482096886614,-1.7250082124460047,0.93244963580490792,-0.31859336898298735,-0.60391561355077217,positive,1
19830888,-2.2577718233317299,-1.2702211345653114,4.3555581195763287,0.93020948735299458,-2.2258853748038003,-1.7115398984309707,0.36484700144960547,0.77363492437228421,positive,3
20190013,-3.2858072429502929,-1.1420412082931659,2.6012900126247791,3.889448066609182,0.18120058793567784,0.38019201997524349,-0.69933669119477049,0.17192769846971456,positive,4
20203470,17.692119413876071,5.2010701603017671,4.0427157617878819,8.0212251213222263,0.14667650012333053,6.8414665989715129,2.5474931531280185,2.2996219831413005,positive,1
19951060,0.81267828999085967,-1.5068148251255133,5.1284813156772122,-2.5627998402969236,-3.5166864154906552,-3.2415051918858007,-0.15307617605869525,0.080927380366567103,positive,3
20140987,6.8264042421843492,-8.26718823917723,-3.2974223006203798,1.2670875446114298,2.8757242342834166,-0.47117568234439983,0.72561763868609741,1.0727818601643022,positive,1
19980055,7.3184582074757563,10.403032165806644,2.9118265077682812,0.55845921005634291,0.12961304680161859,-0.3608904580183479,0.47482604373497089,3.9496168230208304,positive,2
20041098,3.2285914357091272,-7.8233060963746937,-3.0722738085338936,1.3942893092261612,-0.72828973956736109,2.6021216648120058,-1.2346953868465451,0.30513813915961496,positive,1
20180891,-5.859323982268851,0.26605044662227578,3.517370169394733,1.6154673791930203,-0.96109177545523172,-1.549839602871482,-0.37236534626745693,0.18946444329516396,positive,3
19900798,13.221627032944998,-9.0116823093442928,1.8868379636922101,-2.0812799660875045,1.8865063029823428,-2.207737873443719,-2.8720651199159217,-1.4571102644615965,positive,1
19830285,-12.905237474067903,3.2931323663519776,1.3334374579162065,0.29049584700422088,1.3505698727475555,-0.51926446668333182,0.60928954322103701,1.6770401581865575,positive,2
20110774,22.061600575604093,5.1393535283066054,3.7378743807408248,-2.1386760044434894,0.30359840491139406,1.344096959909445,-1.0801137982221298,1.1832211592055233,positive,1
20160977,13.993484572691369,0.27578352840102277,4.4112630652206812,-3.5291376364480764,3.9565613557435531,-0.49569003231272341,-0.081845413384859178,-0.36527504458220117,positive,1
19920019,2.6672691207254458,3.8016227772991957,-3.5300043919082507,-0.067085365006065087,-0.76282721873935144,-2.5894762235107369,0.27480030539648559,-1.7095662112057022,positive,2
20150075,26.608716825931381,3.3476826192793676,2.7439860122118889,-1.8556578617384998,-6.4234095296327531,3.3829966162928473,4.3238477548770877,-1.927835016615177,positive,1
20010161,11.888656340128222,1.0552176383481113,1.6917305895152888,1.5527157103706288,0.92440234542964272,0.31691918029238475,-1.2443711052689967,0.69461563635181744,positive,1
19931190,10.643295850544282,-0.31816349776840852,-1.4506121430380114,-1.6974825420727828,-1.7722939858295039,2.41779951832364,-1.7926105125127227,-0.11559692544560073,positive,1
20202177,-6.20364704958563,5.4408015212420535,2.375636116981624,5.6715840102130102,-0.030315158842124351,0.23716156467869842,2.0502568106430585,0.15101223778966197,positive,4
19951098,3.9285115711364438,0.87667982462793093,-1.0863138162592947,0.47923288386223611,2.4206905457823149,0.91092046283392902,-0.97453114276365405,-0.46926384104589625,positive,1
20190014,-8.4000545845115031,1.2013868709110616,0.22314979362050508,3.3366812884165014,-0.21032590428648248,0.9126027157567389,0.091002059097362129,-0.093502505792738874,positive,4
20120955,4.846673336288263,3.0246532077087971,-4.9826203987937401,0.49675542898815533,4.0934075361401296,0.75729421322827695,-0.17440723422971624,-0.47672203672707386,positive,1
20100350,-2.2282067298381518,2.742741506550785,-2.4758999767103593,-1.3036513546282504,-0.80288721847346711,2.4658244798630742,0.75915528115849062,1.8730074648990864,positive,2
19831059,16.684988896363397,0.18586198844976112,-2.4768365855683228,-1.630088913396291,-0.096523118301566402,1.6176834930329067,-0.93303719142798758,0.54882303818500811,positive,1
19930518,9.956574496411795,-5.1953248744831484,-6.2622748158800405,2.2494141911460188,-1.076860559662157,-0.82137195314965405,0.11076069300377619,-1.0961108324528621,positive,1
19810473,19.944116143186164,-2.8369709673815833,-1.9293108017537235,1.0618314748283115,-2.5270553543425684,1.7437808659198013,-0.20784973378508076,-0.80372059061879964,positive,1
19911132,11.478732276804696,-0.57861283297354105,0.39693513584183743,-0.27608256630485284,2.098840775680793,1.7156269097819914,0.47015916704792815,-0.44582489608166115,positive,1
20080882,11.164778191940119,-0.90345408270314165,2.8956748032875503,-1.1929075431361469,1.7379267349231711,-0.85452355432752936,0.29420792491938336,1.2853674151977681,positive,1
19970846,6.3431446722626728,0.8496949769156229,2.3435666782264946,0.4527536311377906,2.128067100984012,1.001862690072153,-0.092541015485989322,0.1722900805811528,positive,1
19990885,-7.1242787884108916,3.0446693930125184,-0.5712675699052554,1.3218022814860872,0.65092983583495445,1.0603635920939081,0.32686919897414074,-0.20452138384012775,positive,2
20100880,-2.5834764761678799,-3.0370736796304989,3.5105368967410628,-1.2399734668982174,-2.5036992300499947,-2.1025274143630566,-0.026132993270285763,0.43261993872618976,positive,3
20001160,3.6714496541092294,3.2204113743710452,-2.4659643731825414,0.8191515491804936,-0.058430612412861835,2.2933183750689747,-2.2263225246629177,-0.69259217958551722,positive,1
19840860,-4.7206006841781258,-3.1994622676172471,3.715082349020649,1.2544630046700112,-1.366195921068472,-0.65569058292948312,-0.38547116700993089,0.90988760991597428,positive,3
20030452,-6.1353414836269948,3.6838422245224027,-1.8467645832687833,-1.6664083529029317,-0.67851603378661451,0.45484700333088796,-0.087630781968569438,2.2827674251556798,positive,2
19870162,1.8912851843811589,5.3335150122241082,-1.0089328174398906,2.6645975495697418,-1.2939916585966478,-2.3437008616860995,-0.22615258842282543,-2.3813055628782083,positive,2
19790644,17.101681970121824,0.053826793121176886,3.4289979032662901,-1.5254185278058892,2.7590253435867242,-1.1571671822997918,0.80196496196958811,0.49875021375660961,positive,1
20180628,13.498673346105587,0.70522850294135375,0.95101622815418363,3.0242661539812228,2.5617133775884713,0.13444179655399729,1.6968080570607933,-0.65184568692416578,positive,1
19790135,6.8795425297047856,0.1431461528078708,0.54063742435512296,-2.2510457114511673,3.2263078081838947,0.3187107923602282,0.021813376298282047,-0.95447438227476078,positive,1
19870646,6.0798282110445374,2.361963213061431,-9.2307678491836391,0.98614391288018199,2.2666230441497515,-2.8862334021391014,1.1787980375303142,1.3227336618908889,positive,1
20110932,10.986177610375991,2.2019311291479937,-2.3957334545331905,-2.2683592471520559,-0.55819215824219781,0.65742619557837734,0.027326983194844286,2.3925087879603986,positive,1
20170890,-0.10760345127261454,1.3504675486923847,6.4576151457426061,3.9437437058678291,-2.5930378038905744,1.2721222936943415,1.0143725374590591,0.26351707783849909,positive,3
20070470,8.1373319080637998,4.4117016032044845,-5.1767849690242072,-0.95387990278484569,-6.2151769178671614,-4.9531678943642419,6.0619573345878717,-0.75556159308984272,positive,1
20060722,-0.77505064050471895,-1.8913756542474924,-3.2646144615098187,4.264708317802719,0.50838770581552917,-1.0372758810031728,1.0483238916241839,-0.8786208752674679,positive,4
20010804,4.9044470397563593,1.3553815352083756,-1.50573486120406,-0.083338676864851094,-0.54420658243516806,-1.920471871321668,-0.10465848560286185,1.9078299018216403,positive,1
19980840,5.6952505254963643,-8.672498925838708,4.1448832091294161,4.8694635746491555,-2.3599182055759265,0.19892113743330669,0.59600765995141358,1.5439780397286056,positive,1
19960422,-0.093868687578715818,0.9818766456976874,1.1610106833362379,2.731898818839809,-1.4244698177546784,0.47201113659795363,0.58556916223544198,-1.5331752076046767,positive,4
20131031,19.616144459389879,4.3643042364789801,4.5846265612866439,-3.0181969907469703,0.96490491670738554,-2.1722579864584075,0.92572535778080156,1.360438797810539,positive,1
20020688,1.6866363085441707,-0.95136446260652585,2.4440376968629987,0.1526457442178295,2.0595825862532964,0.25516902921180035,0.022622243599410875,-0.60518314318344935,positive,3
19910081,-3.8069976326554729,2.7860886509098992,-0.9309090309286332,-0.65167581363655347,-1.4649505185857885,1.9267217018716996,-1.0073893687293864,1.0310505906849785,positive,2
20170340,9.6219055490067618,-0.87953256151017412,-6.2675286408709994,-0.45487281817982095,-0.30345780896687252,-0.58328996266121769,-0.74556694654958178,-0.77255507160644854,positive,1
20000086,-8.1964722892515027,0.82532785666099118,3.3869213865671659,2.7954013863971841,-1.0469262781881341,-0.097971411782597481,-0.021336191728477508,-0.035271933471196053,positive,3
20205754,-2.3729553710005633,2.2708852289106969,-3.3191676000063675,0.25906313993740993,-0.12695230055278292,0.0080073176922797352,1.7736120112584921,-1.2888619672529684,positive,2
19820563,-5.3200524570293153,-0.79455613747447384,3.0697221050591743,4.693843333301535,-0.91437177489460952,-0.54335785428639816,0.43659329019701781,-0.11028635138377557,positive,4
19930700,5.0902204532392235,1.6748573123275561,-1.1128336539597568,0.14408454163317924,1.3531513900742858,-1.220268153278927,-1.1996585485928628,1.5003278969392198,positive,1
20020023,14.675626483512881,6.1242841787390665,-1.9868197316438827,2.7181014529072391,-1.7345830195558625,-1.0095204184857891,2.2806219557046603,-1.3446235025730964,positive,1
19820337,7.169491134213505,0.18539133394272347,0.32507691014449958,-0.62215699622797438,2.3389057659753814,-0.56984169387502337,-0.35402517676796219,0.5426907007136148,positive,1
19920323,-3.7696464723833971,-1.6245520735270582,1.5363317999861839,4.2075978858141392,-0.32300573475457695,0.3028151575135471,-0.44222192896320461,-1.0174669577336759,positive,4
19820362,-5.0358298429863089,0.20032690637368344,3.9045429784067842,6.1455025923684179,0.073807440811325314,0.62223933302453915,0.19646018866296724,0.63851995688525498,positive,4
19960552,2.0611177165162622,-3.9516181200676819,-2.5470114834319486,4.1960025264326504,1.3348684228283629,3.1741737250614537,1.3183630740735997,-0.50012581194035843,positive,4
19860513,25.921171888847542,3.206555014423671,-0.33050188493482174,3.2066893981888032,-1.5481450082414443,-1.2265885526519762,-1.424721877963278,1.4052480356054879,positive,1
19930071,5.1432760288498303,-1.0033046050398846,-0.17565118496988072,-1.3876364864230233,0.15203368830118125,1.7719632163130492,1.1756422532274484,0.22925965288154629,positive,1
19800810,11.150468322436604,-0.84350228066713351,-1.0263751258580898,-0.20938661975621733,0.35332144559626355,-0.48909104160987282,-1.2565927200726261,1.4101793588045857,positive,1
20170347,5.4200282541696367,3.0818628639057968,-0.78690346727987215,-4.1238145541156106,-2.3724054234555836,2.0280645970601516,0.69852243883664755,1.8324989964557887,positive,1
20130536,12.70134007507305,5.5398403226741664,-3.8721603310029686,0.46696896918842939,0.3710250400283191,-1.2782309846443092,0.24808792071395772,2.9667287347988096,positive,1
20031077,18.878406082695033,0.20418295670537281,5.0861431672031427,-1.1925194112569157,1.4446270416951559,-2.9219985767235834,-6.6508429668405871,2.1691045232080097,positive,1
19880329,1.9266723417221885,-1.3507022464208267,4.0822035344219962,-2.3450517598098983,1.0658458883045412,1.9509095418871354,0.81666432418083301,-0.68273363983093283,positive,3
19960301,-8.1921159668110217,-1.3818095770923735,0.85437756968691103,2.8851266906006199,2.5822540982600026,1.6764877457155691,1.2057568876651126,1.6535400530474427,positive,4
20051091,2.7343167491589222,-1.5883014430641007,0.40414695349134167,-0.80953798594067639,1.9844313562414551,-1.1779066927203068,0.88076129288475513,1.4733242173593701,positive,1
20130550,19.042502320783171,6.2023514901128305,2.7039854723803258,-1.1498120697881529,-2.9982111538388381,1.9611604751757843,1.274930143174607,0.83554284598413264,positive,1
19950691,5.6190041131368522,2.117458467682249,-6.9255863606618,2.7870021106023417,0.31391537465287644,-1.5832845732158738,1.7055987804213235,-0.70614088762878535,positive,1
20020132,3.1208217609677864,0.31734354991730845,1.0975138453767117,2.9514466542538216,0.22273931149487783,-0.35238440393801246,-0.56188468969344352,0.41982665302038658,positive,1
19800823,20.478274679485065,-5.0263927353553557,-1.1171602284454754,-1.5308181986731464,-5.9370426039474555,0.59924336887078122,1.7075489927125984,0.076915952692671888,positive,1
19980903,1.2011573453795568,0.62806843245026711,-1.0115134231273852,4.4934457362085451,1.5568383176210714,-0.54387000903560057,0.20562465758235182,-0.78062146854959635,positive,4
19820351,-7.5871781674097836,1.6970498064083179,3.2114971122114224,1.7339170874208334,-0.44543113398392653,-0.92022152635399324,-2.0499307150685562,0.25214486429707339,positive,3
19970666,18.03135929400003,1.13500238534554,-2.997117628095546,9.0395979115255809,1.0061658184953117,2.9033061759389214,0.85184529764936223,-2.3768816845069889,positive,1
19800901,-4.8506806607701503,-2.6370382553931511,4.8172025078495784,2.9874161094109981,-1.1536688039025036,0.13349879680743926,-0.82990553709324066,1.1224315292419156,positive,3
20060661,-4.9887686197475203,2.9447042469309102,1.5722445191851262,3.1003189770131692,0.33323837056099859,0.408187590693393,-0.32515395018408549,-0.67290053212799605,positive,4
20020010,12.971833774483189,9.8498860264340298,-0.65551444707964002,-1.7342460416807119,-3.97361181567577,4.5638622778850912,0.32635286930345297,1.9174448886694129,positive,1
19820475,5.8297245990926418,-0.79472226283631286,-2.7946667628414517,-0.81309586835990721,-3.1073512561050092,2.0746794724312592,1.4549420476536916,-1.6568509255516375,positive,1
20110283,13.08631437539522,-0.48329442598045486,-3.6768218328369495,0.85101690123715612,-2.7101626019622906,1.4897907088636564,-1.0633617897842786,-1.1832689019536096,positive,1
20150458,-5.6008537210515659,-0.15409757113009356,-3.9288746907450172,2.3975916006597315,0.22732598036083421,-0.6200895830708113,0.9481085948661947,1.4737866241024322,positive,4
19940840,6.3346084823200206,-6.2981435020623904,3.0846227847495102,-0.55045391957777134,1.7412367486741391,0.18463872829324915,0.2008207471588204,0.73352653048696292,positive,1
20031166,-5.4430110238869673,2.3247310545708295,3.2856536574648194,2.9555724487321502,-0.99007537769082199,-0.53311880088297436,-1.0129844229665537,-1.0003254128278258,positive,3
20150528,18.78431316914817,2.3255019069275096,3.6560135808143261,-2.4554730401711589,3.3724507157952717,-0.37552614874830137,0.18083219613192572,-0.29874631037945204,positive,1
19860374,17.016502687646671,-1.2881841291071414,-4.1204723791692821,-1.2320888419512543,-1.3494558120196778,1.0676295262878663,-1.2094014248683351,0.7795736554933882,positive,1
20080009,1.028822765490615,3.3630487144479932,-3.4902160718384723,2.4410688455560665,1.6733601377710041,-0.98618865111085008,0.25574518120755091,-1.125977390536093,positive,2
20131057,6.8073907323193783,2.2717398754747653,-4.0743272112480113,-0.88870536149448298,3.44154863150148,-1.351633822883558,0.4863933170896072,2.7825441465700465,positive,1
20060035,11.859822916495901,-1.3822520839896169,0.013155503539096117,-0.94659821568983671,1.2048321016084114,0.22964006611969603,0.019726032672770909,2.4865343587327482,positive,1
19860405,12.260880048153721,-4.098034111125255,-2.5909072124187951,-1.7576194311792439,-2.1153552894757461,-0.60178430599757027,2.3293936314930983,0.48503052602919955,positive,1
20060744,5.4134895978886322,-8.5466663320515064,0.85045461053158278,3.2664550737816107,-0.49935056229158103,2.5840609753345265,-1.0543267002516035,0.53372391559152121,positive,1
19800871,10.383299636048745,1.4150858528677437,-0.31479632580784106,4.9224934653682384,-3.3436474707438322,0.37508107357510345,-1.6581108051604967,-0.71483011266548913,positive,1
20020135,6.601421616457416,1.208113271999778,0.78287526751492165,-1.2596542214555462,2.5718506335966338,1.0318516132702276,-2.1931927241250051,0.060716718191299535,positive,1
20070443,19.288527371058233,2.547809765831222,1.5358215383892124,-3.272762261999056,-0.25309440054003146,-2.7579257965457913,0.32975636073224618,0.43948238089124619,positive,1
19960599,-6.1260955335497478,4.9628670629084874,0.97736797687472277,-0.98645399548256274,-1.1309911316613017,0.98240709047823493,1.3600043283381167,0.04260870877764953,positive,2
20140029,5.3679576003401017,2.823814286341066,1.6946810865479687,-2.1671913092881692,3.2542115029707541,-1.5113093058157021,1.6870157140120103,-0.89470138120500065,positive,1
19930045,11.566610420620419,-2.8048491898204153,-3.6611977937875704,0.78204126675262464,4.40907821497371,1.7671680308579429,1.4789300381528232,0.83611543810777877,positive,1
20170520,7.1900714723754984,-2.6587247331218711,2.4231429088112089,4.0130301258628949,3.2708961661276184,1.9547640504081649,0.7346584160886902,0.30677737127263677,positive,1
20170575,2.5672080268648045,-0.48849653284746763,-0.3607456692599032,2.7261009179366957,0.19455548844001957,1.1048844566173566,-0.84065030556552411,-0.32567887229211712,positive,4
20160627,-0.099068353332279091,3.0727346169555179,-0.38101536861106833,1.4767013414091685,-1.5756901134389452,1.9082898355951252,-0.3899593002516209,-0.66604828139202943,positive,2
19870104,10.579372148469959,-1.5960803676147515,-6.0503782070828365,2.849593480464117,0.52023129009331093,1.7990141613488986,0.83918610727825582,1.5224747718597469,positive,1
19920433,3.0617290663749448,-2.5039489104108243,-2.0968973189862012,3.5102171116283034,0.26824270868109895,0.17443248049624352,0.76663634205155085,-0.3639385451622737,positive,4
19890192,0.71982715438790967,2.3504134413118352,-0.51540942341242002,-2.0602444635981771,0.23202161311768163,0.99875843270016795,-0.093973636346256273,2.0207734456040063,positive,2
20031161,18.180626255633655,-1.4931988401571963,4.2216127945058215,1.5918086971328835,-0.9735973412865121,0.94818640983749469,-1.1049293240097435,0.71501162405649166,positive,1
20001106,-13.229027443593228,2.6984848348671742,0.37281863640206048,0.27944094386325574,0.23405419000482394,-0.27519389389015386,1.9879562148334691,-0.033401049797691311,positive,2
20110715,6.0440183571258714,2.4050512325481281,0.28481936850599193,0.017107561329127094,1.0206366757434482,1.6371239915176841,-0.35607290162748967,0.26732124257899703,positive,1
19970875,0.3496343549721585,-2.0522217595315237,-1.1160504191875538,2.5716435714469545,2.22483053157073,0.66518779467411315,0.91790943133275349,0.71764632832251452,positive,4
19870495,9.7585266737883725,-0.80575732406194434,-7.6150376896578011,-0.12960457025755506,1.6015194194463109,-1.2255627824154995,2.2268852711939839,-0.66090847795257035,positive,1
20060872,-7.8373839100155704,-3.365182314813763,2.79256131233188,1.2169852471646183,1.3823906163438109,0.21898376902086322,1.172852702996005,1.4058700954965706,positive,3
20160866,0.40264623971975844,3.0929256349239478,0.097108016262522745,-1.8649757215356779,1.2454665423968756,0.3411791383825768,-0.82867317918284467,2.0445547642271613,positive,2
19911101,3.177802644037528,-0.24223298964786893,2.3513552479473416,3.2736565769654908,-0.64217510893976137,1.403845129658936,0.28083943289676211,-0.83390424875170865,positive,4
20090742,-0.47107936417314489,-2.9600097991201313,2.5811800854914924,1.056075407476381,-1.5540469654503581,-2.1808457527445468,-0.95961739438059135,1.8574423738374042,positive,3
20070781,4.5517722619209575,-0.46982140022223184,-1.2972366336307288,0.55775987721669373,1.0962832945848435,-0.74158244908603699,-0.10261208784882496,2.1645118457715755,positive,1
19910454,1.6687042053221415,2.9871486938243312,-1.7888168403859208,4.118674646931475,0.95816901345413863,-1.7025641414468402,-1.3691899629153448,-0.18634705803813234,positive,4
19810440,0.43021931809802894,-1.4781634146904099,-1.0797565980507065,3.3121868313687863,-0.32532329105253682,-0.19649395460042771,0.2256981718406969,0.0077835738679823113,positive,4
20110064,-7.3623518155138452,4.1468083734703294,-0.52540573206746577,2.368800208575331,-1.8315445352579753,1.814943377021256,1.2609472015672021,0.17557010100322504,positive,2
19931081,-1.0261932975226851,3.5118799120068229,0.11939563452835746,-1.3303351984000102,-0.96324039119638127,1.0114139600392476,0.023510464063544685,-0.060083401576638495,positive,2
19920679,1.831733884009515,5.8755282656559791,0.8894939091895242,-3.4233981037003738,-2.1801553560612561,1.7980067378384752,2.7930389694180873,3.0385671532591587,positive,2
20021079,2.9713069813012516,-0.19555944444263193,2.4191646683313257,-0.97794065623857795,0.32330380535002307,1.2427265341703295,1.6176390990226865,-0.12042929164784061,positive,1
19831148,2.8756991700776289,2.1722957205028757,4.2890752865192088,3.5060639332064332,-1.4678120668099657,-0.91587481520964331,-0.91791263050389604,-0.27465278044359986,positive,3
19800114,13.982953761163682,1.373893116479713,-1.4248568714326075,-2.7300217362550403,-2.0308802433218567,0.33803499382739466,0.3113278384777759,-0.28016167005391251,positive,1
20060280,8.1902192431338907,7.9154273280900176,-1.5254955988439516,-4.3787740375691095,-3.7108747856622228,0.016531638542185471,2.1621068379956405,1.6956303555788526,positive,1
20070187,8.2508596151716329,-1.565553882002314,-0.38921813460549187,0.99759752441950156,3.8855334719504886,1.3883614212171458,-0.67042241743672215,0.43856136987952127,positive,1
19980632,11.548342904373547,0.43752915993454228,-3.9294624911875573,1.8921392359961051,-2.2621726056973319,2.9835605613679617,4.9930191725558082,1.1666909028657326,positive,1
19870548,-2.6747098154341447,-0.11592161237532078,2.9953756455143146,0.95568463598293341,2.6595248562142459,-1.1087564954576903,2.1026973285748096,1.5481797917184974,positive,3
20190674,6.9721939935685011,-5.0312758878129626,-0.66847376562956906,4.2848810054504201,0.85929814849759689,1.2196714259464785,1.6763238695473821,0.72533132506431774,positive,1
19850313,-7.4043474245559269,6.871272799811309,2.5466066905522058,3.9460248059789702,-0.79881473250033508,-0.0036840378769558316,-0.6908421139592269,-1.1540050259062324,positive,2
20181073,15.480454368245802,-4.0528820933300098,-0.89870124052003186,6.1692298195429789,1.3896348307226165,0.9621564824353972,-0.32910348409106199,2.4376838788648207,positive,1
20080567,2.2389063853092148,-0.24830180889608564,-4.6078746463309903,3.0098716922102184,-2.1972124556786721,-1.8454803587106805,-0.36385788114150691,-2.392135900989623,positive,4
20205386,9.8904080778313368,-0.070906298490353861,-3.3742003838115733,-0.58941342403550578,3.6546478069449546,0.11639388644925913,3.3172902860984852,-0.10522249983254232,positive,1
19880756,10.485966434734936,2.3372394270658274,-3.3326022092497056,0.31951015737334582,-2.2906499900848702,-2.9091623492763179,3.1471922324971149,-0.98889134434255699,positive,1
20202667,-8.7278075363248409,0.47035706193032406,-2.1861306222699497,2.6380374788262664,0.65670060372273098,-0.58059312792122275,0.38333109667763199,-0.68311188761854957,positive,4
20060875,11.807337700211017,-0.75199586764982274,4.1146702680714888,-2.2159891917396415,-0.70402167076316124,0.25987686117111136,1.8538572496180639,0.23537563047256813,positive,1
20010088,19.693126902069139,4.8325177350875874,-2.6141897604097681,0.17687702492876684,-2.5131041147079571,-0.16660682947545893,-3.0299586742629976,0.5428012933353964,positive,1
20170049,8.8362463403451823,0.23283610172135397,-0.049079668974691237,-2.0946132045728141,2.045919321652566,1.8257823396212598,-1.0001870876507863,-0.48660643571341194,positive,1
19810336,1.9428049640328904,1.7193493571763485,3.9457800421704392,-1.6588512443219672,-0.49286859019707607,1.2389935819914286,0.7211443218431568,0.41721075612382647,positive,3
20120595,22.28814235279178,6.9567171356998694,2.4253260663283367,0.24980833743613104,0.62850806649129098,0.53121509013004142,-1.7530805580016124,1.8462054469972879,positive,1
20200285,0.96730687329635823,-6.5745407710898114,2.4724906269505071,0.51394425599099636,-0.97419022939944222,0.1599197393341828,1.1741640502325779,1.7941633314675483,positive,3
20206231,7.6606141605969356,3.5713511668524807,-0.51517779553362375,0.61200027894266751,-1.5857265919849497,0.57063320612742163,-0.099480546304646603,-2.1435306877292644,positive,1
20170194,-2.5320893710198846,1.0373847998960257,6.6069507585273488,2.955471377867632,-3.123849948715903,0.23314228514198546,-0.21179612825658026,0.71886253014732682,positive,3
20160293,8.9268247620346752,-7.780721700281453,-9.0765344349756969,4.1366826429522572,0.96917948909343721,-3.2709331633592753,-4.1645986837987223,4.8236112038941963,positive,1
20040307,2.1184566780196135,1.119855839879272,-1.7382227545723761,0.074216187187228277,0.42583278403599745,1.9392851283962551,-0.22167662464597632,-0.76430397057626154,positive,1
19950300,14.986571939327305,5.2938682930581153,8.7621971622682828,-4.0494022119736446,1.7680277731259806,-4.4108041364771386,4.83129520108207,-1.3622666781460846,positive,1
20190626,-0.65758646982846591,-1.5633244912205939,1.0908698526308904,4.8366107350377909,1.3910924295260001,2.2971041029754637,-0.032024470491069476,0.16328813680508086,positive,4
19910524,14.996733585305744,-0.35359639658160047,-4.2323856655111838,0.084403991961872954,-2.1291384188395659,-0.37711090845936512,3.646146127104493,0.70587275977265773,positive,1
19910571,-0.21660015308441813,-0.72418363975285993,4.0761010845946855,-1.8639588254889743,3.2729181422578679,-1.3428851393923844,0.45345293547117643,-0.60197421041384669,positive,3
19820839,-0.23982530867231652,-2.4410709991128448,2.3114439341774147,1.3812536548449299,-2.1156240850725987,-2.5666081341680211,-2.1702626593517542,1.8634293117706087,positive,3
19790637,-7.580470068236604,-1.7106143804692568,3.3632788228973469,2.3469682300481316,0.18302682493965003,2.0747967541662153,0.23199151020700853,0.70497373918015993,positive,3
19800296,5.7939215132536681,-0.83075280000949858,0.52930627479898484,1.0043422160750439,4.9213567740662896,0.33441337378410868,-1.8961998199542931,-0.70899909324960775,positive,1
20020773,5.035424535033532,-0.09988962954409418,0.25518416815024497,-0.80355879066123281,4.3020753670927112,-0.80456162515989027,-1.4240505370438368,-0.069982063491646707,positive,1
19900228,-5.4162390942108845,6.265272667040751,0.80516186622953878,4.1935632868046175,1.1465991375868985,-2.1483485877615323,-0.42526104401674131,-0.73341334824063165,positive,2
19940807,-11.670310563040735,-2.4744509879813088,2.6321258997483445,-1.9399730334885181,2.49794376881683,-0.31516293597315609,1.7774579184414767,0.053290912544044403,positive,3
19810191,8.095682843115835,0.024159955407720441,4.0831960179652649,-0.49095556200266299,-3.9217045634479835,1.2627612435453415,0.65828989009673877,-0.28539247820926789,positive,1
19960978,7.162012737490115,2.7377047504610932,-0.25838925853822309,-2.922979191834,-4.2481332095817246,1.5774428727432024,2.9780385241431526,-1.1093808582063496,positive,1
19970674,3.0857340401036049,1.3888449700398586,3.2049851636795861,-0.55269237608110156,2.2865317383843857,-0.45943049380280654,1.1250619259547925,-1.1628608000401544,positive,3
20204474,-10.33302850421954,3.9054375852823435,-2.5764305432295131,2.4660178122894187,-2.5962024415436731,0.90288276673865797,3.8215250341740248,2.1263150529090775,positive,2
19860993,-13.606033395975974,2.5571756504185381,-0.91393506128281343,4.730502255321138,-1.4517776592577789,1.1684476771011163,2.352405719106665,3.7163287722759097,positive,4
20070980,-0.54277346761332768,4.0385325163234977,1.1366925023583996,4.3985878499916211,0.061506031374061715,0.44467609226079224,-0.67877812333316123,0.68761523156251692,positive,4
19860410,3.1344567998046911,4.5427098424741033,-0.90555562938426937,-2.5379390186131743,0.31895355521610785,1.3455958051145847,-0.34561739856096679,2.6590610290844956,positive,2
20180786,3.1147651491579933,2.0751149224172734,-0.15695953968265064,8.495826734492038,-0.65660056638531039,-1.057836703731059,-0.37985883206868049,-3.3566075064831162,positive,4
19960320,11.700031806196639,-7.2275936270944321,7.1871490986463078,-1.9102903993416889,5.8881612546122266,3.7836389072497076,-0.30614870460567639,-1.858969937231957,positive,1
20050977,17.336993430642256,1.0969858628418911,-2.5109527219123735,-0.30794564331497409,1.5938529544357312,-0.78933698749525716,1.1442149516273417,-0.61751773046122527,positive,1
20031056,10.84202460484944,-0.30628125753116148,1.5574691591531344,-1.3670143320649919,0.37906075088441044,-0.19641415770483817,-0.56678871275723397,0.12694537049031912,positive,1
19970102,30.947990590858623,6.862763291041972,0.17628670321296569,0.28589225154942793,-6.2619716240058345,3.4113201992389088,3.6025518892606523,-2.487695932549213,positive,1
20110269,-5.9896457071260976,5.2181265843477398,-3.0762903715120347,4.0593538155056859,1.7428108364109427,-0.39652483556792045,0.51704293981930927,-1.3930070774460517,positive,2
20010228,-4.9987731725410294,-0.98275600585968503,4.7216985028716847,-0.77793907298525566,-3.122152933809565,-3.3969280315285522,-0.51864526710784509,-0.027878853352524782,positive,3
19980293,-10.086155820345775,5.9936642848017128,1.3786933122673961,6.6500748840746038,-0.38236171599486923,1.3307403777768751,0.63308564727026506,-1.1450803281079329,positive,4
19880287,17.92339562346821,6.2656933057166544,-2.7783016935021712,-3.3817032602079182,-2.4775814618028562,-0.53804719385835753,-1.9629231017170992,3.5681921189454049,positive,1
20090294,12.799468183900036,-3.2597359819447136,0.53214089608632609,-0.72387820835387429,3.25418203768715,-0.86878330278243587,-0.91415151003500184,-0.18140826680488381,positive,1
20060105,-0.30495854576363385,3.5540858061821896,0.78097391036431718,-2.3397133171771576,-1.9458217811537739,0.89446904749725842,1.1086087052472202,1.1384574728901946,positive,2
20031173,13.292624334597216,5.8472119219313612,-4.3590098819191434,-4.5799478059971799,-0.72972132317922012,-1.0166007118867435,2.5761524287053343,3.4726037866786492,positive,1
20030426,8.2087152608894058,2.090675680518467,3.4678611437356532,1.5349653011375544,-2.7492622991518179,2.5765004272670335,1.2768524544557112,-2.1992370219366069,positive,1
19830043,-6.1765161554782235,-2.3012078406971042,3.6137981131515837,-1.1708863140722434,-2.1283289068372753,-1.4642484632964652,-0.53597903519986723,0.12272668901822593,positive,3
20150369,23.306937714161929,-1.2656034681743007,-5.4973374554821177,-2.5352306045691084,-4.9108814029338861,1.3528359713774671,-0.55226771048526202,-0.70762636059335604,positive,1
19810618,4.9920269294237576,-1.5744507128753884,-2.3070853993526184,2.6636698151632623,3.2118234358587094,1.1637956238163985,-0.12240630330839623,0.16144260346740844,positive,1
20030302,-8.4238379629972631,-1.5517627112901629,4.7998871375065502,2.8757801708507316,-1.3384067792270806,3.8725295661349675,0.8113348243057007,0.28028878158752019,positive,3
20071026,10.034909447881136,-3.1344496576917842,-2.6387149140241055,-1.1914480267590146,2.2961558561313011,-0.78095337618900507,1.34243851352154,0.68811656035174384,positive,1
19970704,-3.8044913875676256,-6.410339895682104,3.6633364953160954,0.70117914573785745,-3.3991462271497062,-2.9324466084895215,0.036217835049438728,1.9377874194499545,positive,3
19870710,16.663448074755458,3.4596142213871,-0.25246837557382956,-1.2806893261158676,-1.57897841027409,0.81859321019845155,-0.090793954046300626,1.422563738937618,positive,1
19890786,6.5515293554896754,3.9734816192259474,3.8465026910247349,-3.4893041004242447,-0.75111913936844699,1.4502140509207821,4.2645918927696673,-0.32616663051602285,positive,1
19880481,20.028461514865409,3.0845191078893373,-1.8674172882718101,-2.7468018760635671,-1.3614670761115071,1.2605386930019775,-2.0480050175704507,1.4678489234354219,positive,1
20071104,9.1744170529646212,0.40538609599184161,2.692530935397293,-0.74187165428439628,0.10928977294456527,-2.1855257601695746,-2.4768440890018506,0.16888992846017925,positive,1
20030220,-3.1057458083716272,1.9719457295213376,2.3470504049130234,4.4465077381719,-0.014783548318191954,-0.65977360588083522,-0.66580815562420592,-1.0718643323782606,positive,4
20031004,7.7149969669017127,3.0947305169158446,-1.474781120633273,6.1832828369801778,-2.9969021747575724,-1.1394496120491149,1.4094912701947242,-0.90075332648554385,positive,1
20120642,-8.921786791718068,1.9937318374154402,0.31240593314487208,2.0620110843398054,-1.0507493971493123,0.04681892701968797,0.1432106798607003,2.0024767645929598,positive,4
19841097,6.4935835800001671,1.0353880718429562,-1.8925500497390082,-1.0759277618444305,-2.0586520814839586,2.1629351993653136,-1.2863677866990333,-1.1306804981099119,positive,1
20040347,21.285599337599386,-2.1248662959848565,9.1757061185642037,-2.1287714408020388,6.4078243629405574,-1.3325975197119735,0.84433162643130266,-0.75248053918467306,positive,1
20100929,2.4419042107531626,-3.920845269691724,-0.33948571342820533,7.4084678321397686,-0.95165101797734641,-0.60630214706957086,-0.11263868358596725,0.21863502400909554,positive,4
19860608,9.6941527246204,6.0809826142027781,4.5317356579174231,1.3362961559224924,2.2394732573776102,-0.0099907551626475452,-1.4246117916903653,2.6103390747415642,positive,1
19800622,16.158397803860193,4.3525571456345107,0.14776262102499649,-2.7511923333849664,-1.4113257285131133,1.5316612681260908,-1.5771448989112473,1.3052528138965538,positive,1
19840053,-5.5530892164471384,-5.0947027420391215,4.0106113602600875,-0.10419556179086525,-3.1799085057348524,0.81713028139316757,0.98722395542153119,1.3045387221664915,positive,3
20161008,4.4470849920299562,-0.37580041168701306,-4.7739947488326564,4.1821556797002026,2.2767109385352438,0.19924714221979237,0.55902916564559213,-0.29997634917251015,positive,1
20140477,11.852466350326415,5.0109172786813101,1.2452808050610085,-3.8979673611743704,-2.8782641354055469,1.0717369207196386,0.19579053115322378,-1.886542796990569,positive,1
20000212,1.9206176006245463,2.6301700053006001,0.14419795692127246,-2.9025238872085746,0.27665615108065206,0.50669418311290759,0.6110960259005922,1.3729590230409567,positive,2
20000247,2.4689606880429222,-0.23366522754507563,-1.4450163476139062,-0.53747603286298173,2.151146445782274,-1.2819236454224867,-0.94608203013254255,-1.0111322500223323,positive,1
20070195,2.727150937537461,-1.6275666203531338,-1.6530087492958925,-1.2639331954649013,-1.0940256739132472,1.9891131961094206,0.0065226538886118185,-1.0801248794000178,positive,1
20140500,12.751563430515493,-2.9798268502019916,-7.614413799587787,0.98936193299341235,2.732404268679931,2.1238677440152367,2.7256780254667188,0.40474594587031443,positive,1
20130687,3.2608856770040262,-0.088164903475981105,-0.47375779936607587,2.8341751249981586,1.5552023986223908,2.2165172959776664,-0.39900294320697283,-0.41866811988199742,positive,1
19970867,8.5841907517610707,2.9906668834203516,-7.5693150194411469,0.044665737452804145,3.4125952236068349,1.8253462869714658,0.4279224829307281,0.95951924616884221,positive,1
20090705,-4.200699310454385,-1.9309302381095073,-0.25581361715976952,4.2612279534888406,1.5896805633884745,0.83338320821590395,-0.37193583731143193,1.4801861729078929,positive,4
20070793,-6.5505514020987246,-6.2932290665359432,3.5844496759762912,3.3624499113960256,-0.61315008820431516,1.9452969532428197,0.6863470378962454,1.1560662188816051,positive,3
19910818,0.16466162434662024,-8.4688287515838905,4.5520939903182924,2.5400363173981715,-3.2892897044572886,-1.1845487199559164,0.26441532014595004,1.3802676560965408,positive,3
19891034,13.113077325542774,7.5122529645794662,2.829823738162768,2.4997157658312932,-1.8978381422441926,-0.34772966274785427,-0.20758434798437386,-0.017197078869368117,positive,1
19890534,7.5332302495787493,0.83103778429247521,1.1702073470778478,-0.39460483838678817,-0.2750298746668044,0.3658100604519729,-2.778421253720925,1.6505747516193441,positive,1
20110677,17.124547846989074,2.2756107565628341,0.12708856283390318,1.1334049382342686,-4.800854872566279,2.1048662555812299,1.398184826733635,-1.569086350192147,positive,1
19970942,-0.84217540272033453,-1.2566183696608828,1.2890111567144258,3.337693180926693,-0.12896757754568261,-2.1199442259614845,0.98679188410588958,-0.11663133089676933,positive,4
19970549,6.897668241074248,1.2112096815168414,-2.9531383100996589,4.0178796593964368,-3.6751899306136502,-2.9956356442911409,1.635093708638067,-1.9670527437493663,positive,1
19880633,2.8147339740728006,-2.4825717563019301,-0.33657801877379628,2.9929960563100213,-1.036639485480261,0.87349519045104429,-0.17293245450846856,-0.77449288766918833,positive,4
20050012,4.1531910440471762,3.7415870442543153,-7.1175522775977305,0.7438113409815168,2.655225649649549,-4.7022413421967171,0.80744381460075743,1.3068520433306794,positive,1
20030038,-4.5244014792827949,3.0592565236404514,0.52218380707158574,-1.6793382127429819,-1.1436072668047383,0.80411663835925618,-1.7080073051284776,0.13908241352667214,positive,2
20190661,5.297511155950688,-4.1219770962043327,-8.2592881733930916,1.6558974576970993,2.8215879490100719,-1.9656682059261315,1.9182538150325064,2.25159579995257,positive,1
19960195,8.0115199478415242,9.3345540429351281,2.995736999921796,-4.2410778182074589,-1.6189309507006728,3.5954925325576541,-1.7466763614850991,3.6113498002177575,positive,2
20160281,3.4526050323007462,0.91471682827360312,-1.7690481056548071,0.54673025021878052,-0.33854292326678298,3.3038181409345624,-0.61164179474453584,-0.97271845715314265,positive,1
19940764,0.84253713314370593,3.5835774620470815,2.1975385899992421,-2.2837042957047089,0.77765687550713869,0.2941661754568774,0.70848483414355101,1.5680568166971267,positive,2
20100376,30.308004483458923,9.3365860289952263,-0.28513237832286575,0.43060613069740278,-5.3819728356207452,2.452280106523236,0.64408971751873745,1.8997494052462613,positive,1
20090073,-1.0192979550867765,-5.8878777936709747,0.8190444675728088,3.9697657233163364,-1.7343015142661786,-0.090800110454200472,-0.65423386567578801,1.0309522804189037,positive,4
19980750,-7.469477195661379,1.808055667556324,0.6937215850348829,3.7004672477920852,3.395542643000125,1.4663915136696484,0.56759738876554022,0.46147021446130837,positive,4
20190716,1.3701627591715024,0.031897286060187074,-4.4402009750934042,3.2634449047343677,1.0742851668801643,-1.7238803015801498,0.11157736350301524,1.5497293189949615,positive,4
20170504,7.2141821547107661,5.6147456876942519,-0.39530184870713442,0.0031484514629414226,-1.9601389687847008,2.1829249031239661,0.44025034146368297,3.615934639487445,positive,1
20090927,5.9957272094158149,3.506835724590692,-1.3828550773433108,-0.24300566933656539,0.083475549282080536,0.57015301711488353,-0.24803000021744084,2.6071250219481685,positive,1
20020033,-2.9233786677086644,1.4963024218392902,2.9582823696426082,-0.36186029363600375,2.524995624154843,-0.38998687775735585,1.5218760282087445,-1.0878815838976845,positive,3
19800583,-3.7973406275386767,-4.2075269733712792,3.6569240510727159,2.5788529913259759,-1.4575993316596547,-0.12754224026853911,-0.75196526107431216,0.99738582153122779,positive,3
19901097,27.1494423048836,5.8387710696331183,-0.39538265272541873,-2.26884752814414,-8.1134802785838644,-1.2718850035023939,5.8899560623758074,-0.66770345724829827,positive,1
20000668,3.771639879898125,-2.3434133323826161,4.5073083089100194,-2.8426951305439312,-0.06081271361542151,-0.26566263791500261,2.9010422303809369,0.69461202186462367,positive,3
19880595,2.3773781244452663,-0.72361737100628265,-0.58734014363133225,5.030516144887093,1.4051740703662918,1.970141638658591,-0.31747687003923764,-1.1591734167861629,positive,4
19961042,-7.8460636148548373,3.5828341559823955,0.26066621417522184,0.66831394927568399,-0.078787592134516318,0.84356399754110656,0.22935789235424189,-0.30493412802391584,positive,2
20160127,2.9128172551965483,0.61147923056675613,0.71861676297532784,-0.4609091752507769,0.50755397308687877,-0.029719726352299032,-1.7958754411726701,1.5055915988985253,positive,1
19940497,-13.443714623215515,2.5618619133766689,1.2541136221891906,2.1970864571644109,1.7868313509903428,0.16413232365449107,1.8330725318064593,0.64160422543819695,positive,2
20207824,-5.9550183789196067,4.2275419063949347,2.2367274187543416,0.63538569384431176,-0.30773675448639037,-0.49664862190837777,-0.56475292330158411,0.36758118598867129,positive,2
20020717,9.7952357819165652,4.6860253949181363,-3.1506236743034544,2.4289900302285057,-3.3794195117815988,-0.1208063917101288,-0.80073379575753023,-1.3593014199016082,positive,1
19820808,9.6650048173239202,-1.954030207294833,-1.9438280275187203,2.2397403875929438,3.2100204691747889,-1.603461286915437,0.025481993569619013,-1.0568887036392638,positive,1
19920442,3.9926240724562017,1.7448334058927835,-2.8408043658956319,4.8388968329514359,-0.13005507497997049,0.12415426311838447,1.9461103262388706,-0.96261609909269363,positive,4
20100158,-6.813919763140186,5.0531497920195489,0.46697734001128122,0.51541795858495854,-0.97622235397092527,0.84920928481565827,0.011923569246333362,0.89225930478178284,positive,2
20090805,-5.3429039342038331,4.5606636417999349,-2.4840449436534966,-0.11689113798394435,-1.2204665160566788,3.5356105294909943,0.91314578341151142,1.9691232230892202,positive,2
20190844,11.677388670911702,1.365101961518286,-3.9229378268464385,1.2638476504149503,3.1570257271390392,1.1395339143898215,0.04531546529475821,-0.34917467900011323,positive,1
19960460,8.0997110626842606,3.4013620618625016,-2.1921575331533067,0.087184409891904888,-0.99021265192042129,-0.93283202265900544,-0.25759181136866532,1.1122761591918973,positive,1
20060645,6.0441403448977535,1.0051574128847895,5.8921059980305071,1.5411724917040295,-0.74954184450381578,-1.1927632813129916,-1.3151566729145379,-0.60390402479428451,positive,1
20071042,-2.0182092769584514,3.6817396965975262,0.48241124026529159,-1.0853069843020815,-0.43557009174816008,1.8553190362436138,0.50080715951275689,-0.90202897558423534,positive,2
19880933,10.771904686960392,0.80452276425828684,1.7049534370961572,-1.8749356880888886,1.7720978772586291,-0.40375365096855953,0.2913026560786468,0.052012991005748667,positive,1
19970642,-0.28041496134541122,6.296604286627284,8.1331585972461191,5.0758664554423385,-3.4561111911804927,-1.7040783801443229,1.4298280303529269,1.4071014568041436,positive,3
20180149,3.1961065857032858,0.25743276963333755,6.0278047860838715,6.2567737295840216,-2.0565382486727719,0.22815707365680829,-2.5291301810215403,-1.0197411878488107,positive,4
19920445,5.2108165536330588,2.2184089264628626,3.6422128496808206,4.9827889721603835,-1.4091873782344113,-0.09687605556687412,-0.33504787468678643,0.25069733850511516,positive,1
20150483,7.5165753902941121,-3.0178965349348204,-3.1832991774787485,-0.09529515161708535,2.7862858613613071,3.3529185958775227,-2.0507080551575645,0.82307038868365212,positive,1
20050836,16.189234148214158,3.9685119687401995,0.32151281643265434,-1.2219772470042614,-3.573981994230488,1.0456125627820128,3.9627770542177285,-2.3945292532396145,positive,1
19900396,17.127788704957585,-0.55441599546230791,8.1803683091346464,-7.4120562256752418,11.485722555753592,-1.6561139102327054,5.3620325279269219,-2.5172676351691523,positive,1
19900369,4.2789588756039283,-5.8127804951303803,-1.8842770756993068,2.7408985846355529,-1.0094061000643535,-0.85113008014399993,1.6156939509082777,-0.057894704247084774,positive,1
19800328,-4.5608351079404885,-3.6263766368497112,3.198278142039531,0.25433172778945995,-1.3728372969616458,0.1423269210368987,0.49637808909928616,0.28656842443068242,positive,3
19790776,9.20835126609615,0.85517686470065835,-2.7219213785152117,1.5006628019732164,-4.1046961763127774,-1.6876020643781586,0.60543514835247081,-2.0564542073002685,positive,1
19890039,1.286950484240573,-4.3899986545756402,3.4222113868188524,5.5715886858276278,-1.7790910529498922,0.12305127691282583,-1.9209666140377526,-0.4589667400795987,positive,4
20120157,3.114616518468285,-2.1319385164681548,0.90690490881422758,2.7023742160404747,1.1361201605529057,1.3347574150180019,0.59371947664830382,0.22039958600834836,positive,1
19950191,3.215427379711326,2.2281393550392448,-1.2329539482950247,-2.1791174780113578,-0.77187687432613172,-1.3383457101666707,1.6365347396504886,-0.087440348510648275,positive,1
19790052,10.999026970627902,-3.6070559860156588,1.2211147889158445,-1.5260488960365723,-2.9059675072253515,1.4790299653874421,-3.3559237259197952,0.05116146681328794,positive,1
19980850,6.2609816471681015,-0.069905759869282935,-2.1871204007402301,2.5966610065480862,2.5542563265711946,1.302979647600597,-0.23656194718021992,-0.7573047320943167,positive,1
19840746,19.762534605489957,0.56175552164851905,-6.3723530915247908,-2.854372272205572,-1.1091627505884705,-0.80943425390914636,0.4864150010832623,0.64816389615740611,positive,1
19931180,6.68380933151394,-1.3447711639452207,3.692474969898611,-2.4703969075095977,-3.5796508583688489,-2.4682286965067037,0.95167211795561812,-0.24936294098004327,positive,1
19800646,0.44841050754948564,0.21140656751663028,0.82076693366405562,2.78562100713639,2.0853707260345393,-0.029979273470699615,-0.61499355609957429,0.36689795053700047,positive,4
19880650,14.186617155757345,-1.6758661462269917,-3.6399055243863301,2.1994521318623668,2.4390073558678531,1.4153373986496696,0.21495345423251144,0.55882915862205884,positive,1
20130138,-3.8948481075538668,-4.0722425564552012,2.9949947077649708,0.53735188548748769,1.1352319604462975,-0.91922375524758959,1.7356284682469307,0.3710112550305088,positive,3
19940101,11.952699586893566,1.8417614792473724,5.3367710718078643,-2.2493427220819679,4.5372325779942972,0.032327174458965907,-0.84789202261604446,-1.994600749026392,positive,1
20170749,-3.1314813325451571,3.630408457916992,-0.53171653278134112,2.6757388004970926,-1.1257191467036549,0.7901354275883169,-1.5821367846156755,0.55441224863756533,positive,2
20060851,-3.2920593193529508,0.39073927572501455,0.11789426897572093,2.637109852994056,-0.2215802356185273,0.59035708180683266,-0.37875294535439985,0.35668622219157736,positive,4
19951022,14.853347591937824,14.565566423128388,9.6770483469677124,11.243057418637054,0.46367572631519632,0.40027025713909742,-1.6617655038817241,-4.5821399679383426,positive,1
20000354,2.6122246646843452,5.011621413679574,-8.6145945225051666,0.27596122408005708,1.32317159553867,-2.907662025778849,0.5803723989663836,-0.38525576443139242,positive,2
20040984,14.083809419550787,4.6237047831072449,-0.13174705065272579,-0.34095356949293948,-3.0838097087728804,0.30421604777147893,-1.6084886887635925,0.57788963772214053,positive,1
20041025,13.984990445551984,-1.3834592381671824,0.74550433687792572,0.15766484999587982,1.5470467637166432,1.377336030265756,1.0492094164796963,0.37629548703395987,positive,1
20150746,14.980898017882602,0.95832676439772169,3.7591656932599689,0.52065516518199495,0.53939682911801434,1.0380699075108006,0.93339729266048943,-0.18390844494094197,positive,1
20000224,9.6775439512566841,3.2093279384804081,-1.6235641715862721,-0.32547777687997326,-2.6290046775405602,1.4184325102512505,-0.15459633572983134,-1.4120929422738022,positive,1
19880173,0.76877055555902751,3.1546995119234347,0.44014627810648849,0.78502029919907235,1.1137913227157468,-0.55035404813362887,-0.58864422011150008,-0.3830082047182703,positive,2
20190605,8.8756891207193558,-3.5156807388803029,0.057965274887271906,1.2959756795413309,3.4541445819796128,0.14190598120379516,0.38781734069435542,0.37816424833388124,positive,1
19950376,-6.5481290972329225,-0.59663367607827389,5.0739999791298107,2.2615234329422682,1.6394820009241053,2.0355208292489175,-2.041346128842727,1.4723256095720874,positive,3
19900655,8.4735217211949099,-3.0741305322274393,4.3613851214311339,-0.49279789952581499,-0.47773574703156041,0.0093017915612156887,-1.32466977286874,-1.219245485044516,positive,1
19850337,4.7638939863545424,-5.4891015467160544,1.1692121405659992,-2.850455334877037,3.3410324245527745,-2.0659822613801628,-0.095988541724746704,0.46395353918114307,positive,1
19930309,6.5426118021712227,5.6663897876307656,-0.49314787585415404,-2.2758275681543374,-1.4188379180322777,0.8515796080577166,0.36497482044414992,3.1329803897425403,positive,1
19870593,-5.6294190848614303,3.4755457166998807,-0.35670717259052181,-1.0947849825055829,-1.0589944154281836,-0.56966720458182862,-0.36993332918586014,-0.31975499887658426,positive,2
20100541,6.5266024259321886,-0.14139227749538125,3.5259817113390337,2.1574103589604645,2.4786588460654415,-2.0758567036349604,0.46632992286062891,-1.9356596080198176,positive,1
19800736,-2.7366947316242922,-3.4969237346414541,3.3144470881180408,0.19144359568636973,-2.7654034031554406,-1.9705875973460272,-0.39978011618165527,0.9634039484338105,positive,3
20080434,14.228897088199465,-0.74426762057264273,2.9800495326203387,-3.3671667757597241,7.1641143547578388,-1.0568219205770908,-1.0478813969208356,-0.40074041843426145,positive,1
19940106,1.8615053953196219,1.9740248243989724,1.8715195527792863,4.9574392398645468,1.6839625196051073,0.10418757424328767,-0.75852404699221609,0.45245453166400013,positive,4
20100436,3.7888447810170742,4.1769855017173709,-2.5377899329235234,-2.7659698090741109,-1.963031227957033,0.6621360197853623,-1.217730224109433,1.3612821224057734,positive,2
19891127,20.501305282966925,1.912494341907554,-0.18124064920970007,-0.29849739117808649,-2.1695061506612117,-0.2991178234698802,-1.751012918189893,-1.4153679716030314,positive,1
20000488,-4.263140959918915,-1.896665005383164,-4.3868107113837285,2.909861291436783,1.9891116038615315,-2.6617037576290441,1.7202890889802904,0.33475454008887129,positive,4
20090017,3.9348073115376829,0.42440951882259609,1.1733575214478205,3.073867106211408,-0.16359700387893841,1.5759190208561817,-0.38361126494934727,-0.79332420933396264,positive,1
19851064,-5.1023064469710873,3.1641867902276775,1.4554940490502277,-0.96222058102900465,0.48060481614326861,0.11090953088099463,-0.45521901054559788,1.8771026512560103,positive,2
19791119,-4.7106111934459669,-2.4394464384722365,4.4500126285358128,-1.3650207132659571,-0.78392441441883343,0.60355330115630301,-1.4992854798706641,0.89569691569488497,positive,3
19790419,11.937596648793537,0.99541376556287064,-2.8322032594375552,-1.1160811551555225,1.594969442392959,0.64743147159405889,-1.1931457956502638,0.61509486697878668,positive,1
19990317,-4.9171943525804727,0.4356119747348865,-0.51243781855368797,2.817893716306898,-0.081637263082843456,0.53266001832565879,0.8101598289533315,0.17639261483262844,positive,4
19860092,-3.4015144653617471,4.036693193170958,1.9167538301977654,3.1825946220732728,0.82352037223608465,1.0802111832303685,0.094434813546214594,-1.5417664218358516,positive,2
20130245,-1.1075969019748042,2.5751065639759814,-1.6975188892626834,-2.0752326256482623,-1.9278123436727812,1.1780456309249798,-1.5356019749653746,1.4810790402105578,positive,2
20160766,-6.7340777847454127,1.8720825501705534,6.6129485332944968,4.7965483396637181,-0.78271965871738336,0.13127657080742247,1.5256055281981069,0.31254882658090211,positive,3
20060772,31.801408613781252,-1.4013446188482388,2.7405671193945693,1.4389783635563651,1.9806617597240954,-0.06795768421797295,-3.3937073917513016,2.7072647112991803,positive,1
20010854,-6.6048354572901022,-1.9346524696547127,1.6415848439035901,-0.64271467282614492,-2.6866165186730786,-3.7632620433438229,-0.035640719368641882,1.3910653219225939,positive,3
19990749,-2.7539579986653262,3.7851535872401527,-2.243816566120385,3.7464968207663394,1.4154154020641763,0.45221143164522265,-0.14651708381489104,-0.40408924290938697,positive,2
19960472,24.97135126774501,0.53851676202484222,6.4634133910004596,-3.2736417159366957,2.4368577882879277,-1.2881343742948426,-1.828093485312277,-0.99114849375172209,positive,1
19890708,4.4321506225984919,4.0146055140475445,-1.1192624335934385,-2.6043582106938414,-0.31590056041387654,0.7395184617785362,-0.51724634145293091,1.7545648734652599,positive,1
19900383,-7.0226961950456035,2.3216125490490458,1.4108584382624403,-2.5340543917094052,-0.80692226318722349,0.95123656970581794,1.9079972057677113,0.36773909257915705,positive,2
19921027,5.8187159996012516,-3.4387168024215082,0.41418675823461043,3.1146770322743937,1.5438639068084927,0.67417445566300271,-0.15366671594194425,-0.31993781457954218,positive,1
19950728,4.8081318433295488,-3.965682168164276,1.2779144873005974,3.7436566247116332,-0.96933518313026357,-1.1258700863279085,1.0745533497088546,0.23383744788034067,positive,1
19970173,-5.7524933050675218,2.9017305951915855,1.9050061667837646,-0.63778507144575991,-0.62459710953290593,0.41304103523049418,-0.10731993861878138,1.9396515415719995,positive,2
20150496,5.8334344240454215,1.3064514066407489,2.3796991687600295,-2.1411535529857706,-1.0191078261509701,4.4471049691336608,2.2207346785914899,0.90315240437754785,positive,1
20130332,4.155456254710522,4.591755693254326,4.3372954934158745,4.4769573760269328,0.30023866672933242,0.86580860183186303,-1.7603322604827807,0.56783381575901082,positive,2
19910628,7.4964957644675012,0.71587712008492876,-5.1313602498909363,-1.5635756213182681,-1.1331890457090765,1.8131121598176645,-4.7460836716036914,2.1550775794744044,positive,1
20171016,9.4507853233563246,-1.3847153157126915,2.9226955258088063,-0.37483704023443409,-2.5944223068951118,0.9267211615807498,-0.11744013481323186,-1.5580113290457298,positive,1
20190580,2.35237210194961,1.3216559506585324,-3.0212037191975134,1.6277634485797261,1.1744407759469127,1.7779594295354777,0.97987106668389712,-0.33261256925792343,positive,1
19980932,-0.6466643062331614,1.9901772886390141,-2.0855863421185927,-0.24071555954375379,-1.3186120104134553,0.72249439895688228,1.4678871441409103,0.93381568892887756,positive,2
19830032,-6.2529069432066615,-2.1166842887614319,5.9290310082897095,3.3598818991761723,-1.8793653538391661,0.6224582256140726,0.443838746567145,0.8619971696902673,positive,3
20110962,4.093354259620086,-0.89562597089270923,3.7057814283601931,0.79974107193589683,-3.2766013626766899,-2.5092000024833592,2.1545821887192527,0.84398948076214175,positive,1
20171199,2.5386476902960262,-1.2830553374031686,3.1598132282095395,4.4117745013227134,-3.5452608494025619,-3.4629387953100061,-0.39295265247715738,0.73385164593086216,positive,4
20071127,-3.7526498322722617,0.5826175742367723,3.3928221431171033,0.79558097684436435,0.88598774951918924,-1.3733840431265367,-1.5288028749648299,-0.64740374998375139,positive,3
20080749,-4.8141510889402053,2.0615674592195439,3.6291092111210461,3.0218985840834498,-0.45444041634654508,1.5375652056938094,0.88593716320203597,-0.58286206872446134,positive,3
20020104,4.5967767690603285,3.8907715095766764,0.67489973303549455,-3.3401077215273496,1.7572720111415812,-0.42856269917864309,0.72844140642372313,1.624664411858209,positive,1
19981149,1.7106791459910173,1.6685356903184754,3.1362158101467936,4.4933017285753794,-0.027917829526433045,1.2572825181365612,-1.8361296698864684,0.38123983891080343,positive,4
19970727,-6.9030909885759844,3.3395244276972722,0.20549066249736095,2.5453340360486112,0.14595310811313505,2.6732303121908907,1.5753447145416781,-0.48236227198430248,positive,2
19970772,-5.933091766066358,-4.5033053996564547,4.14226681255583,0.62150564936735919,-0.53691865228652624,-0.021834507237343308,2.9358189353514796,3.5051365778787105,positive,3
20050558,12.032425066861702,2.1798124081005632,-4.3343516167411371,-0.57845294893438781,-0.58139128046716237,-0.78749951519428529,-0.0068517470951342616,1.3650872092862814,positive,1
20190209,3.0934650965329205,-1.3175474868474319,1.3365482326873783,-1.9348502409235264,-2.7792788183634527,2.4842182703336948,0.55597655651278133,-1.426875558772462,positive,1
19960273,12.175314504526918,-1.0284455396670629,-0.73362743029967792,0.89195064546384528,-3.9245985951850275,-1.3869750276908848,0.67815223371065947,-1.1428479362830621,positive,1
20191087,6.6362055111294556,-1.6098865419797519,-1.0476116523459127,1.5539565891604059,1.2514031161468819,-0.14133563327730642,2.0377072174837609,0.34247434707223007,positive,1
19810691,14.576774645829481,-3.7062883203717725,3.2658947316899858,-2.0748568248799035,4.8239663074590844,1.0308811140967156,-2.492872737336937,0.44040170742910567,positive,1
19970650,1.3678922272560008,-4.4481933699502925,2.9432032336999057,3.49742054765749,1.8002697582780161,1.0258022023568307,0.54937179655255675,0.96326329341268846,positive,4
19960557,10.16925649833084,-0.073046913404435532,-3.0017883641647014,-0.0062074203394631242,0.011873913851113934,1.1927809382970176,-0.42648157108484658,0.90855931812083324,positive,1
19810300,1.0627786782394091,-0.012827486945502741,2.6457054833884222,0.10357527177482635,2.0619086200542456,1.0809649985093481,-0.20546901669893863,-0.2134851648330833,positive,3
20080350,16.354609088047631,-7.669935800797977,7.9098437489848248,-4.3947862951685162,8.71599380186173,2.1973576490962166,4.0096552394819156,0.59184841289959944,positive,1
20050665,25.007646082194437,1.8756349695337236,-4.4450027333482662,3.5475055099487842,6.2352500868174037,2.3706969882675293,0.77527268573157437,-0.61687586270855554,positive,1
20141089,10.432093541030557,1.7133875809593555,-2.1453694597213726,-2.1455657146521032,-0.94393153219854242,2.0507820314431759,0.92005875595604447,-0.48856914416026326,positive,1
20180435,-2.7358210513836312,-0.46425715931430606,3.5165846746407325,-2.8560261649835632,0.93996745037341889,-0.18715039420536825,2.9572172985719716,-1.006309105339801,positive,3
20060816,9.4352824966455255,-4.0361665786042984,7.9703794730299213,-2.5688940636711095,3.297672518401852,-0.11700726215618491,0.48908427927764309,-1.3551412110437207,positive,1
19980721,10.151154137692586,4.7815493237592657,-3.5361400209307527,0.63822264069767398,-2.6563621053722164,2.912082421302201,1.7658150835746311,2.183598953796396,positive,1
20140207,12.051942258002095,0.41197946057636747,4.6857412436511927,-2.3674904883726038,3.3900310515606731,0.32011001006747858,0.027204554182142068,0.44706447056136744,positive,1
20170679,3.3766654010493751,-6.8704423777690575,1.8371409248841035,3.8675154003908059,-2.9574612608035165,-0.45237008655237659,0.57527755468817954,1.2990942354058488,positive,4
19800601,10.61426943023096,-0.81392468744391389,-2.2807200482272272,-2.970532074549717,1.9887160280962248,-0.37817897861843319,0.14806959793097949,0.37736120590185901,positive,1
19871086,-2.2244932821202199,-3.4228677386116089,3.2796950774062354,1.6418689119916652,-2.5590906221046983,-2.557598934081748,-0.20505012097929826,1.3919853308935419,positive,3
20020495,18.41326438724548,2.4544638888407362,-0.7995038621228977,1.4188621959923602,3.3831500649097488,-0.037346653180718802,-1.2462554209278103,0.50129837555327117,positive,1
20090175,8.7205386219441685,1.8337731228590453,0.53517788337597305,-1.1614207238222345,0.45194475982732435,2.3534511531721938,0.22120272662894455,-0.93050521508974471,positive,1
20110177,3.3107913256909964,3.8413073713482455,2.8824596004831733,2.4914124990765059,-0.013417450098204052,0.82224556384542125,-2.9053002089371667,1.2249183497444442,positive,2
19851076,-10.379195312852953,3.8425515339902345,2.8216706872538313,0.18238471852265914,0.67875532044120301,0.24293296935081893,3.1780756175264866,0.8676916989450979,positive,2
19950562,8.659958696932156,5.9389387976124626,3.2690292027236763,5.1159689004169335,-0.53629610926822047,0.83753396825089066,2.9413143161326749,-2.5276148385458082,positive,1
20080302,13.096746005975577,-9.1765591595597531,7.5348466655464392,-4.8294377911829915,2.8790910113542076,1.4191767678789851,7.0303994387833733,0.032093617266273362,positive,1
19800055,-2.0588840577560696,1.0770775374248782,3.4094357889275688,4.0463718764820165,-1.1039715708810214,-2.2219254504977561,-1.6243542608282344,-0.38171403442830615,positive,4
20160380,-4.4866596273344923,-0.24278300036343778,5.2388143384907488,0.96868459543223062,-1.5599461199295026,1.4178990737616821,1.4518630030829174,0.79269820002609526,positive,3
20100355,-4.6275841558108493,6.7532315721137675,-1.7919263029562151,0.56279947467360836,-3.3309438788559067,1.7925929745191813,-0.34874344605401647,3.2049233926368785,positive,2
19911137,-3.0640720075909558,-0.99194527089197893,2.4431652333296539,-1.1847420515732918,-0.52001098548996871,2.2784430807910696,0.35125071906877769,-0.14710930922505355,positive,3
20090774,8.096570480901299,-0.57211943056938142,-1.6807888035164114,0.71835376334370915,2.5876567478510335,-0.70471187501777,-0.87720362449035716,0.23155194188936024,positive,1
19800724,-2.1259208520055237,-1.9766894375868738,6.0799854743167918,7.5572103832943744,0.27085583818068498,-1.7844846158026948,0.19321993724389389,2.6420516741508693,positive,4
20180545,1.1536228778336262,6.3511365237594823,-1.5668055556825027,0.27180605666512914,-2.8738191017555823,1.0285063914611228,0.10685518750887781,2.7420959964103147,positive,2
20070695,4.2749023363301548,0.3629870040309916,-2.2677581758608558,0.19997417787683139,2.0550939836002629,0.8902503549408034,-0.19980124736557117,-0.20249978434262997,positive,1
20204795,11.141645460062264,0.69253683277184397,-1.4695906498177556,-0.16639656495104271,-0.45242463513192055,-0.4762412592435652,-0.093595467415798342,1.2311194806514683,positive,1
20001047,-2.4114235356719185,-1.5178976119095577,-0.96297885750511492,4.8443882639744702,0.15305782640013157,-0.24831604143752239,0.911560444765112,0.10388677519910225,positive,4
20020833,4.4413917732661963,1.2601796425388903,-13.625242943934458,1.5127784374713245,0.90314755003952252,-2.5330090410161938,2.053288889917944,1.2471857148248764,positive,1
20180234,3.2100186778613686,1.8629342630072094,1.1596273141295543,-2.1127952674941235,0.33515580227318076,-1.1633910820106361,-0.45581537391039639,1.3520779863996049,positive,1
20080220,11.11434239559591,8.9401113632166087,-2.8845813400005142,-0.76747798541207135,-6.34699291592002,3.8321494314841078,0.33025844977033436,4.378630901769621,positive,1
19951115,-2.6428677474187796,3.5571386329563417,0.22878166987761339,-0.067063926949466418,-0.033112784240578404,0.94992462249948983,-0.068207635326184846,-0.016266613441898531,positive,2
19820786,6.3662517873479585,3.3135541405079105,-2.7574464989283554,1.2076146278355353,-1.0781993444401519,1.4014222718553018,2.5586047613490064,0.60168478024401417,positive,1
20010164,4.3915344830583791,-3.7157790071513586,3.0749885011392122,3.6678321566275112,-0.35778821807496797,-1.0176346215141892,1.5622023120002275,0.024750728711579042,positive,1
20100222,-3.1492112599681268,-2.0756168982770449,3.6856857812738339,-0.016800403863246879,-0.17366571664646255,-1.2102439282661548,0.33569013754625643,0.5839420237385925,positive,3
19800837,13.790961388133086,-4.2078922217627142,7.3042371816405183,1.2529776535175654,2.6997040523816995,2.1028318243573438,2.8675911573474,3.2489070705820517,positive,1
19860443,14.15277928094288,1.4092005511937393,2.6384408265083259,0.40577164922286219,4.1930340621748616,1.2671425882979275,-0.20619700957604079,-1.7671896062252741,positive,1
19800318,12.814564406421159,1.7053879299772043,2.9520038110400333,-1.3407152647966958,2.1820391585057353,1.8697714720958925,-1.4105507361910636,0.8958669310121179,positive,1
19841096,-6.919371720931939,2.0297145697789545,-1.5514773493629868,0.3830565436486264,-0.83657229806965672,0.6721645138994361,-1.4618328385163804,1.7963740193808027,positive,2
19821016,17.488118956186813,2.0246773998228993,-0.027454427348905439,0.32529695779751744,-6.5296999616153206,-3.8241532585011875,2.1066416115790383,-2.1213591854551423,positive,1
19820543,3.5754250729546433,-5.4665170078424472,3.0626106516792806,-1.0096589881440015,-3.1344415510206196,-1.7706915380112604,-1.0290379626650807,0.58287053307427683,positive,1
19930650,0.37880975911946524,-7.6195973682398268,2.3798898713397247,3.8782170357087185,-2.2071764109740579,0.1390165062600798,-0.26825545319576738,1.4131504728947748,positive,4
20030427,10.047512769863019,-2.4520795162531126,-1.1138492504128292,2.3260252507244843,1.7230268698897033,0.45355156219536069,-1.1114730675552322,0.60278777154037588,positive,1
19940801,1.1579621426670912,0.031384739386528117,0.13700627159473949,3.6436256804765037,-0.73012528207655247,0.31806103268915997,0.91042192426979562,-0.1162148463548088,positive,4
19860245,5.8547121169317338,5.2863747166458968,-7.9542031801492277,1.9514420452951613,-2.2703845269271126,-1.5621428913527073,3.339366862800079,-3.3561666757028576,positive,1
19880286,-5.9534582697509713,4.3079564602376053,1.5134120482922349,2.5642693777160841,2.0056999600527305,-1.2929646515590183,-0.80839711075831322,-1.5982610980258021,positive,2
19830766,-2.9379812076353962,-2.9683926350955918,3.7276280597440308,1.8813755414891895,-1.867703457280657,0.91678238164719295,0.15064060010077224,0.96552571055754077,positive,3
19790664,-5.1158123536963389,3.9789385523440299,-1.1439528632788689,1.2353652292666517,-0.87902549773104233,0.40948640462538766,-0.10850015117316372,0.73608787872878079,positive,2
20151119,1.8403442949521638,3.7153428605334251,-2.4363241088432428,2.2846703388697827,-1.6570390959970138,-0.7956997620685814,-0.62609819287995705,0.64228005423274359,positive,2
20180608,11.346901472780836,-0.095293164705533728,1.7278620402642713,0.19214601377033622,2.0620027029467787,-0.8191288211501635,1.133046087049753,-0.57836801281354,positive,1
20190951,0.69145170115619936,-3.4090297922919843,8.5348381100431254,6.4007479231373221,-4.8557901155898406,-3.876213626165669,0.28441054152681311,1.5129614288853264,positive,3
20090910,10.948416120890414,1.3670635088346994,4.8883906325251267,-1.3338749201996967,2.6917370479311891,-2.4190660574816665,2.319328160654905,-1.5265574448806876,positive,1
20060620,3.0910100173969628,4.2353190776049736,-4.4112615132652513,0.64530187861299282,-1.2535856724441918,0.80502973006907941,0.19047043439757791,0.34159916850353694,positive,2
19870666,0.57646666233808619,-3.5505226132160344,3.4522476414921024,0.89596861356767943,0.73162112502465315,-1.6670357396027231,1.4168949354643705,0.15067854660516683,positive,3
19790140,-3.3460133028940033,7.7330928157386127,-0.86740592499136637,2.459634754718993,-1.0736698350450256,-1.0886809032894358,0.79584076164713247,-0.20312199861272676,positive,2
20090494,-6.629171061409501,1.0853804314200646,4.197960714154731,-0.92749761999502001,-0.70076990804288408,0.81258602084705789,2.823041663528175,0.92601978971605969,positive,3
20190480,3.325760825610419,-3.0798699344038232,-3.3930920493460297,0.19413521535877504,-4.1823635842393996,-2.7235258980524724,2.4453292458870841,-0.64804797895029476,positive,1
20070457,3.1900337010866395,-3.1332009795814799,4.5892743939110519,1.5842076359052919,3.0291656767036472,1.6891016932676868,0.21174869208983382,-0.30575376734391863,positive,3
19920221,-3.5417765865689432,-2.7996912991761196,1.6969532001563359,3.2521034467508683,-1.8804656468714498,-1.3189693183023243,0.15487384303303084,0.14352647531994597,positive,4
20050259,6.1524063281042816,3.8709739637160689,3.1243901908988456,1.2679208876557353,-0.73525890717034448,0.50852655560401339,-2.2795771296389797,-0.40550540529612794,positive,1
20150218,-8.8266017718277414,3.5196055029816939,-1.1717635885333377,1.0221949660508172,0.044108526786043462,-1.3135644629406613,-1.3182979077572188,0.089252032423918964,positive,2
20010428,9.199993935579478,0.97324337518374548,-0.18214953633959566,-0.80631196596077881,2.3203531513154365,-0.06737607069426739,0.28916498084035996,-0.07480766530657898,positive,1
20130948,24.46107148549752,0.72165430509245154,1.8751528530447656,6.115393712962562,-2.9684785758659191,-0.59510797852296415,-3.5784800566934258,-1.3423746871492548,positive,1
20120611,-3.4942447654711999,3.1380506606883873,2.7945310853340972,-3.0710472463127698,-0.80486544228998647,0.9862708077652319,3.1227321869853513,2.0732915789483206,positive,2
20203738,-8.9872294968406017,3.4423882341583756,0.19022643410477019,1.8920475119135787,1.3504312709921651,-0.1544479162018112,-0.35154378217017318,-0.18489351564855189,positive,2
19940585,22.405619682121035,-4.0719918324916771,2.8622212998820675,-1.3968647106840886,2.3973349720795807,-0.77504661544491138,0.68288114165782321,-1.5025736678515125,positive,1
19930602,4.2581851561661965,4.5758423294074229,4.3264852100863864,5.1116953014695934,-0.96919824118667497,2.8386312647198446,1.4104708372951513,-1.6621463381351862,positive,4
19921005,15.063543610214166,-2.475364940414027,-4.0122444536967974,2.3542857138363318,2.7216160904329949,1.0054388706974839,2.6644333390993213,0.36278246894731286,positive,1
20120733,9.5689663451706952,-3.3513446202789892,-0.73259162801482169,0.49274389923338535,2.7783423309106836,-0.16775912911349103,-2.1386209788422668,0.65591915305870074,positive,1
19940458,5.9048701593931359,3.7769369748305062,-0.12081424379147288,2.2811668961637936,2.1404714510906198,3.9911562185082121,0.52966966751009847,0.60239899212467729,positive,1
20031120,2.7423196641799952,2.076080731256964,1.0188798891157533,-4.1494600815409584,-3.4375308453477529,1.0237807294143439,2.519130519578253,1.0810239347884971,positive,1
19920472,19.689007467870802,3.3740235006989696,-1.3325336327415391,-0.68817939872337275,1.6985039706184077,2.3321962416120949,0.27621404178864162,0.77013610228202689,positive,1
19880281,27.39286020947452,7.4612523614973281,1.332759810022611,-0.19727064781290271,-6.1648934849114747,-3.868368236009355,3.4971655023185884,-0.68753258614895141,positive,1
20150815,16.119982214851436,-9.0151176093399599,-9.0237932068822726,-0.068121937945295655,-0.14559655580390637,-3.9405982969240756,-0.18614757439941965,0.97730236551471328,positive,1
20120017,6.9250937359691154,-5.3164204154130932,8.3388991055475827,5.6166475055089755,-1.1354939726232085,3.4437640442579558,-0.080835279206493943,0.45632568073680935,positive,3
19940383,4.5710229300617105,-2.86288569740924,-2.6879995836907944,1.4155520452000829,1.461025425397434,2.5946836755488509,0.29235971888698625,0.32538932670142273,positive,1
19860599,2.0359435034830744,-1.1372693191245919,-4.1987071025894966,5.6286278529427065,3.5737205955055162,-1.2743694707637938,2.0704172437106627,0.40207958128895166,positive,4
19870634,-9.4034522102307214,0.46784292898618174,1.8692140248947273,2.3881440133910501,0.89723132297957164,-0.0036388359988986574,1.833507089402524,1.0996066076063888,positive,4
19840606,9.406079632015361,-1.3031887211826558,2.7994143339195761,1.3918521721070234,2.7704254088550981,-0.9833322348770297,-0.011070501328326257,0.043082387467572446,positive,1
19980020,11.155831328317143,-3.3286895877083453,2.6806971711741476,-3.0517730723484093,-5.6695260238307625,2.9161387213215271,1.7229815480924804,0.26441228285651242,positive,1
19830581,7.277711213408292,-2.45802193697061,4.5063743904371618,0.83815103672027791,-1.6705367091914747,-1.1120416248346685,-0.30970469085317398,0.68796672509771939,positive,1
19930961,-6.4150518128331431,-2.8578284063895225,2.3087470889352644,7.0664411095527697,-0.31799424377652341,-1.2119065090717878,1.2301301107358058,0.91792778283768794,positive,4
19910440,3.6383819372098887,0.97863023550871753,-0.47013708243875135,0.52262419692923123,2.5132014460300862,-3.0819884783468834,-0.34248493180323636,0.69173271194749686,positive,1
20190742,9.7314851496621912,-1.4461954134644279,0.040735243889673506,-0.54700827179560274,1.7694383030830505,1.4144743655182817,-0.68905503102124743,0.080393486224952362,positive,1
19940163,9.4944743990681797,-2.2575053137442653,-3.882938022648545,-0.41755353132813838,2.058125665311723,0.43366748605889627,-1.011356675339907,-0.06485472595650664,positive,1
19840188,9.373410525015279,-0.47310821581478213,-3.6154440795831233,1.2806676947424716,3.1325708311281031,2.0031244609801808,-0.13601806355157423,0.39571227986948887,positive,1
20160827,5.9262474590603365,3.4863282224494188,0.44848038269155888,-1.4473511721014163,1.9909249450413031,-0.87989273224233122,0.99736467586764688,-0.56060407794822409,positive,1
19870481,5.325332224386675,-4.8271316187366207,1.6167469856643619,-0.87391441357175492,2.2084770715549187,-0.63550860368793682,0.59479159967591189,-0.87721666071996673,positive,1
19960792,16.309804865071801,-1.300918882473437,1.2049072484268362,-3.0094609929457512,-1.7057525662326665,-2.6906430153061605,1.4498553533544893,2.2376217298233216,positive,1
20100453,11.698338092977931,4.0212968710789685,7.0088696698758106,-1.6425145236395589,-0.38307621193128477,0.27767144324681797,1.3243729183657977,2.8532909719306407,positive,1
20070648,5.0318591170372686,4.866428018460554,2.622791406524311,4.9270869725802902,3.2088228307134314,1.6620257647154579,0.068794900830906433,0.67585523906792011,positive,1
19810576,13.497634588064425,-0.67232435676046709,4.2192059777267668,1.2139714894305167,-4.2764492109195391,-1.1835342584740329,0.14942333080649994,0.062719734890159626,positive,1
20181098,-3.5986241036518969,-1.2586773095027908,3.710409032557163,-2.707117582660119,-3.2048847501811442,-2.7607371296409542,-0.053421967577930378,0.50238171132050002,positive,3
20020394,4.3608637044563192,1.1190770172552864,2.4016558460555202,-2.150271908587412,0.95424748232980006,-0.35517308363105554,0.51617425880115175,1.4589830144453158,positive,1
19911037,3.7517382671831543,-4.610469632009476,-6.2855404633526728,0.1732267152838402,2.6913947947912882,-1.8762871735073958,1.5633868555647397,1.0018213938572331,positive,1
19880632,0.08119585793144779,-6.118388382565076,3.1792789322434145,-1.4328964249382057,2.3505796047541709,0.67978806142199621,-0.46506376270966249,0.89224823130108588,positive,3
20010662,8.7668291211702183,-2.3542281040214657,3.7085460216732518,0.96709635195587418,0.98375064968403869,1.909472418378892,-1.5839793319830675,0.53555711753161483,positive,1
19870902,15.296009009741418,-1.8208071548599345,0.85555806156076508,-1.845079703384632,-2.7972778306989028,-2.5399841595233701,0.043295426373841345,0.9072137384129233,positive,1
19880698,0.86088013366450133,2.4693431525803158,0.17713016572609996,4.5030658155678314,-0.71752175720290789,-1.5482419498087026,0.90281440300595373,-0.37353577958770717,positive,4
19950512,2.1854016114685861,0.24870351789360071,-2.8637727251358509,2.895049719326225,1.5433215433825045,-1.8995678306172632,0.28061564377216291,0.74775375544157785,positive,4
19800070,-5.9682747475789197,-1.8659386788835226,4.0011229869848339,0.41155919522952339,0.038824755972404972,1.5681949003513624,-1.0889011234574146,0.68866263610532774,positive,3
20110077,-0.46359449063199826,3.050760706590983,-0.49586822824387472,-2.7430174297241572,0.43304597325208394,0.51691374911436783,0.24559065061806223,2.1546355676821056,positive,2
19890334,-0.096409739663892657,3.5014830628991978,-0.84895146688631729,1.4360936235012016,-0.099737516047844449,0.090486457924287694,0.86980685922628453,-1.2077158533295598,positive,2
20203373,12.59834635420375,-1.3735667911500546,1.1585942149559567,-0.46679109279555547,-2.30775166868938,0.047526847748538985,0.23568903744506772,-0.80145614156599976,positive,1
19811153,10.06274384024492,0.887028124360007,-1.0338446192795538,-1.1862390755236076,1.896440744037617,-2.3658309697079418,-0.061214251408131838,-0.26221350184586156,positive,1
20180849,9.2085768154634398,-3.6632426781152985,0.83871110494766876,3.3017284200826968,-1.7679622793111083,0.46393270729005248,-0.90821472570410822,-0.079708728801337211,positive,1
19980756,12.377714989217392,1.0622297555484277,-1.67317485025652,-0.54069212490537988,-1.5867275948983754,2.0049205724653061,-1.2939412409001048,1.7305129203634797,positive,1
19930249,5.8442115553517153,-1.5105583937503544,-1.1017011514381918,-1.8280643564785666,-4.2277480792964868,2.8611294852942248,2.9635348482179147,-1.7624849199855177,positive,1
20161009,0.061564504531523345,1.4249086345831727,3.2195490433933536,3.6482977969725012,-0.25504767951949225,-3.3647292470572441,-3.1442364674141916,0.45144774820982098,positive,4
19811024,15.229190093942602,5.5479935929269057,1.470114888698431,0.32989484922798579,0.44297373139166918,0.59138240561774158,-0.17743070597062133,0.54356956950058088,positive,1
20180535,-3.8432031990547024,-4.5560640819869667,1.5912520756965149,7.5700453813309494,1.6338457115153022,-0.61670019905283591,-0.67851115603211465,2.3281783887646488,positive,4
19991073,4.277996081921696,-4.8180649235117166,3.1276915872489179,2.8514663607156141,-4.1895230443242459,-1.7628081590274101,0.52357035876192259,0.13125798205978428,positive,1
20140307,-0.97552768349596752,0.70475008164326702,-2.7101142275188987,2.3556461279168515,2.1214183095584227,0.028025850041729704,-0.9144251620524545,0.50201706029270965,positive,4
20001037,5.4326710801805094,-0.22185705828361746,-6.8835663041135202,-0.081294957440571664,-4.7582670486534413,0.70759944162507526,2.7367986306443641,-3.3859481196133139,positive,1
20180244,8.4605262228997304,3.2481583773955531,-4.266474117905144,-0.35080911747587912,-1.4389260315479107,-0.61161770238405866,1.7182735406701144,0.75363529951171049,positive,1
19860526,-1.3423336539945976,1.6982585009929769,-0.42289016478350472,3.1727536612093807,0.91746659362854088,-0.78367458933676726,0.65516094220224053,-0.41949943179440213,positive,4
20130421,15.392625644848549,-7.2246898192922631,9.584597803733379,-5.3628755356684437,10.148259828470289,0.68317495792443739,6.0536906068904193,-3.4084274580421452,positive,1
19820426,6.1931041460099685,7.0462197540948708,-4.4542196505975937,-1.75179167706664,-3.0305136697933994,2.6276958963246098,-1.9214601269398233,4.403192740209426,positive,2
20140759,-1.9641424599624582,0.19048315921223871,3.5847087956862791,0.97939432485995015,1.3694057624121683,-1.2395483855602838,-0.25372268832332606,1.2038919029614139,positive,3
19930735,2.5200814564032537,-0.70177092512139305,-2.4638367406446999,0.19807931498465145,0.7059416750117572,-0.5422250684414488,-0.2740856234487527,2.0566306138392414,positive,1
19860202,6.8443607265121393,-1.4451547046028588,1.6092578105444979,-2.4340626712297548,3.7375494440535566,-1.8881388296986594,1.3201031123204092,-0.36491107940937223,positive,1
19910797,-8.600439771928249,1.5366015230354657,2.9232661522567507,-0.41438264704196681,0.96022622273666547,-1.5918985782090709,2.0338881283339409,0.043563254488572636,positive,3
20120120,14.087340049712692,2.349288596520041,-2.34240942724781,1.3728925077924248,1.0967397232518479,-1.1990424464039762,0.018332618088257011,0.85483843985189967,positive,1
20110822,8.9415099250527863,4.7601062965991501,1.442783753019599,-1.820557785209977,-1.7933958226472506,0.86584169538215028,-0.6021241078961993,2.8691271382814638,positive,1
19960410,-0.2991206791972954,-2.3996586053095088,-2.9913306455099526,3.0049418857804731,-0.67943635628636212,-0.39931906152202407,1.0872965880597516,-1.094079208892925,positive,4
20120005,-4.1669273635138753,0.83261305824374732,-0.47448462177603618,2.4966449145384653,1.8210215690338345,-2.0497020714388645,-1.2032438192295147,2.0059200883013859,positive,4
20070532,0.4193952092064947,0.88782104245817184,-1.6493139240017665,3.4044966845036266,-0.040784197089255951,0.86010511218691932,2.6411846775834165,-0.19657228803822932,positive,4
19880548,7.9660749080507731,-1.4090389280315294,2.5137635217218959,8.1394971548074668,0.96512806919573779,0.78780781349328821,0.82414901580893907,-0.63471918073978317,positive,4
20010518,6.6079812097400756,-1.0955898516798626,3.7806416944273411,2.3921349968967069,2.0409557136398311,0.16527522764876224,1.2017015663473063,1.0773866025657934,positive,1
19850759,5.4101127778540237,-2.1931552630846913,-0.71040156262783949,-0.21363951293339847,4.0868531556676801,-6.9867575795417292,-0.68430100758481716,-0.66950048351550329,positive,1
20020760,-0.44689036155310113,-5.6374731633866073,3.2437883425330982,4.7659130995463084,-2.2568174457235104,-1.3959822131841599,-0.27192077378978807,0.82888459828703209,positive,4
20150807,7.1433900031547459,-2.4919695892394982,4.9856955081204095,6.3906313045136667,-0.11315192775480409,-0.12505828139876751,1.5977877833724805,1.2263604464352482,positive,1
19920460,8.8083043841826694,-1.9181475728665178,-0.78053438610223536,-1.3496597094215292,2.7239112193734147,-1.7759973333658954,-1.176792226117837,2.6732504825512349,positive,1
20190349,-2.7564073017519193,3.7173368276952039,6.8204924703806151,3.7882447024000374,-0.39436679498895821,-1.1345062187416095,2.0383548831410256,0.69753280009322127,positive,3
19921017,5.3321835100156898,-2.9695953363538621,2.3497667198466883,6.6380712806083428,-1.0233819661281314,0.028538606435622626,-0.84941031431755731,0.20796071525715124,positive,4
19830604,-2.8324818514252947,-0.22038768160549305,3.7440082095733573,-3.2705903593526013,1.3448369504221664,-0.92960190782220087,3.6724358014069165,0.35531528952718611,positive,3
20080781,3.1066571096682796,2.6298407616582065,-0.44774088885850949,2.7131712692765486,1.9243908814971995,-1.4529069831116663,-0.94647233701496325,-0.51684264979095329,positive,1
20090486,11.59361410018554,-4.052844332510376,6.7941873684457059,-3.9961195040194291,5.2333486396724789,-0.9990173986603218,2.5202372927589454,-0.74826865742930193,positive,1
19950470,-8.9566761760943461,3.6039556748388044,-0.62266546932777767,-0.73177718700867056,-0.72450040818192452,-0.062380241100417823,0.16029692372757179,1.0034579990503851,positive,2
20190156,-1.0799485113094345,-0.20078742059809296,-1.6963118128551569,3.129660024844255,0.25062972456260146,-1.389255341078699,-0.93337384673860035,0.67801903253649909,positive,4
20020803,12.400337266676626,-1.4997161513896753,-8.0232974842045142,0.009404094589928259,0.71770191159354069,-2.2865966773889959,0.72490719639831536,1.0190989298399509,positive,1
20040883,-3.3692212035322511,-0.0055432703676727094,4.4737337235015433,5.0417717044658605,0.87188428492019532,-1.1863504392762731,0.89669064867965731,1.4628711710807638,positive,4
19990992,-4.534362536584001,2.9367590526322074,-2.0289207552928259,3.4563338916313335,2.6696295151947047,-1.8941473779892755,0.74586711978337739,1.4725471639901309,positive,4
19991066,1.6063821030516083,-5.0619570529465676,4.5204091986903387,-2.2260674740200432,1.6702668855971063,2.1282947035710307,-0.14039039032455153,-0.18596808245579524,positive,3
19891027,3.0493444737579445,-2.2999909276900454,3.1567902324672952,-1.2050410537206253,-3.2664645107482775,-2.278717410739695,0.47797746288205967,-0.59660502754009537,positive,3
20100997,-2.3059489903208239,1.9973698924038974,-1.9179735753089411,-1.6280096473570707,0.14810044941621361,1.7082317770785898,-1.2041161916057885,1.0270969102630305,positive,2
19900755,2.4216006203195373,0.96230462564232833,-1.9546857266579982,2.9069576110802009,0.38866708465210426,-3.5038949845276983,0.041228314429251726,-0.031449791756795693,positive,4
19950289,-9.6868145057415624,2.039866213304752,2.9448209873644413,0.56049847670477848,0.25684718440432003,0.29713819663861391,1.9805587920096979,-0.21035616389310727,positive,3
20180809,13.712123409470976,-0.33420766796026485,4.1271450897595274,-2.0488833191344709,-0.47812386503414239,-0.68301321185293218,-0.34359250509027955,0.091534057506962432,positive,1
19940600,0.73267910076579668,-4.7753596950785857,0.58023451378825719,3.0628500022879024,-2.3610043791354527,0.55643697025317773,-1.0068147722637155,-1.2184992934924006,positive,4
19851013,0.89971039531892472,3.8567505494137571,5.5436186556028026,-2.9150180810124517,-1.3851570500046193,-0.29996499651202641,3.8114426449158931,-0.45007949804981956,positive,3
19900071,-7.1676870583085366,2.9588845567755486,3.555050349233301,3.3662637593339286,1.7685339347830202,1.9306729785525203,-0.04044227127956395,0.72211837317784733,positive,3
19950507,-0.070328762012672755,3.2717953803974269,-0.89168356694466977,-0.36616853281662542,0.062843990120530741,0.50890294907999878,-1.5494578970563084,0.43656702300917544,positive,2
20150646,9.9942688109053055,0.33076972908278612,-0.68083250589882927,0.045022257629736141,-0.4584283862965185,-0.28520281468852099,1.0848188124790241,1.1621516662996405,positive,1
19951122,16.641199894522465,1.5621100501009322,4.1071829783754712,-2.4538644773056988,0.77196604954043702,-1.445762459634891,1.3915239751503448,1.1202268677218938,positive,1
19850897,11.948848404525901,-4.7674100258381218,3.2629985545130067,2.076319725193092,-0.20167957121061131,-0.89434720707846949,1.8491766613956171,-0.20952742701563237,positive,1
19860195,-1.4743733412331617,3.2418122358460866,0.85019049803625046,1.322145128257384,0.055519399722661143,-0.06651724744805311,-0.075267600867673826,-0.3176127215616808,positive,2
19930803,-11.194847616230271,2.1697580453327063,2.3544576291689836,-0.88500721312255459,1.558956796121487,-2.0014994571015738,1.6061945838373386,-0.39339037595712828,positive,3
19880103,3.8574830548443506,1.1660610711533723,0.31013141604307137,-0.26064029040449221,0.028242341947788477,1.8948291866159597,-0.53797751398878957,-0.78796652475331896,positive,1
19950306,13.625013252993663,3.1815832589943835,2.6846335466632238,-4.3443841055519616,2.6406146799589938,-1.0508260418881015,-0.29834462275867635,0.4308202676007164,positive,1
20202743,1.9996166063073735,-2.3786540207720446,3.4535654193807965,2.5080611169295697,-1.5083372291784247,-0.8016907925518959,0.54117652510193215,0.24888011039241595,positive,3
20020381,-0.83250995623455126,-0.47962387549747937,2.9943085054039829,7.7642978988275342,1.4609294371371724,2.0036362175794498,-0.17044116723177266,-0.30509022164241861,positive,4
20001070,9.3065419079796392,-1.2447084561985442,2.8380284708991121,-0.30254466930213963,-3.6394666686285846,-1.3136745553855254,-1.3283005013721658,0.35593431804217146,positive,1
19880627,0.7264628063568026,-1.0683845531072693,3.6879799197096066,-2.3238502297966988,3.2730232067932263,-1.2693084509293073,-0.13009490996746711,0.11135487853963789,positive,3
19870942,-2.3222618833906798,1.2764056612474588,2.391758582166692,3.7917996601116419,1.0275359261048691,0.77603284941680695,-0.63388926249243494,0.29215770080269737,positive,4
20170794,16.146064246389685,1.1326679460007449,3.2624940520918781,2.4449721019917554,3.6259439548277821,-0.32886946481768536,1.2575360722070024,-1.0321318420481711,positive,1
19850265,5.5271743469952117,-0.58684539639301958,-1.2598059691612933,-1.7201258263694552,0.32198840174438043,2.1551616763583028,-0.26292383644328976,1.6811539863821765,positive,1
20209525,12.616405072358889,-0.058811405463411105,1.62440239599613,-0.20502806023127876,-4.0563775479652753,-1.6203097901462071,0.36945866557389884,-0.17144339437806491,positive,1
20150165,16.088517985234731,-1.8496478600424937,0.44285139428122949,-0.49604769539782423,2.7907752721073207,-0.80053741369992271,-2.6683186630115636,-1.8442373276892889,positive,1
20120998,-2.8731008678949945,3.0807673611342539,1.5830769207032214,2.7783192239323782,0.07304955640035439,1.0320219588963044,-1.670523368950408,-1.4623289204797101,positive,2
19950500,-2.403907001036111,2.7165632992928042,1.2052909895687092,0.22127756157707576,-1.5770603678850625,0.8651977924165859,0.4272727147954174,1.9387705448651347,positive,2
19950555,30.068396698907332,4.0881353967913858,-7.1872435962087202,-3.4860700426095734,-6.198815031882468,2.3164038744507311,-1.8551217411407837,3.3514971116948868,positive,1
20020587,4.2594592203180062,-11.064228872567872,2.0340884933445893,-1.1694056150007743,-3.9242047379851774,-0.76561183646040887,-0.84026293100965255,2.2074038325999257,positive,1
20160348,3.6498990648615548,-3.680754283257381,-1.9641946165134645,3.6399970023540646,-0.47032541008298323,0.20716812653787586,1.2244841143479037,0.2974696510078324,positive,1
20021087,2.3170413022869973,-0.89307568160708617,0.59215027956541133,-1.9986673944557924,2.2182843337303018,-1.103156234055827,-0.52055030986290651,-1.0894821257179594,positive,1
20140918,-6.6181231329838806,-0.45124679341389762,2.207087223381881,1.8197356864288023,-0.61402229522822849,-1.003664147540972,1.5874645922633523,-0.44566978689394937,positive,3
19990398,8.3718655412941771,-2.2866231706794915,-4.7544839074283782,0.68093110686591463,2.4069353323610616,1.0805254210425528,0.34645054907632694,1.4064356345466984,positive,1
19860048,6.6918541293460461,-0.63680453783655566,-3.3228410043988368,-0.53573144581652588,-0.3425568454091017,1.1494648516422898,-1.3585730906681197,3.2399484119791828,positive,1
20140797,9.1881461198401979,-2.3340740699393683,-1.6470935872364962,4.4033241123793756,-5.0707442483255996,-5.4372591961321577,-1.2844948751935281,-0.03700645526068494,positive,1
19830710,2.362924688722492,2.9338274559060316,-3.5124168585092259,1.1102525752669874,2.2243571177381614,2.6478135746053399,0.8881861692496591,-0.033008119658131253,positive,2
20070275,-5.3083565218258526,1.6047305007149124,-1.4174005275327262,-1.742483625789655,-0.87069558692755422,0.31547317622692422,1.4249128121529,0.38250823037033571,positive,2
20160199,6.4274741094955834,1.0204700710495871,0.28453554746659909,-2.3980436690463418,-1.5652298274644894,1.6722746553910584,-0.075277521472188913,-1.0062663789096624,positive,1
19830034,-0.9758147725595705,-2.2915305747709533,2.3011044536893435,3.6091045896669365,-0.75370289870065943,-0.33204092407538954,-0.13940202093903409,-0.11869057919427441,positive,4
19961056,14.197221223042124,3.1746165621737017,-9.6966925626958069,1.4278523557412739,-2.8840134970074836,-1.6803495989077182,2.5737837545021036,0.034155567915179742,positive,1
19880581,12.38155702564096,0.2434574312408154,-5.7889044467452093,1.9558775899838055,1.7979408697822985,0.42310900585561118,0.10351318550337725,-0.27802667669113457,positive,1
19970604,3.8858987351758505,-7.8444635831330123,5.598943434056439,0.25951703486885197,2.3000025181830259,-2.643465832521589,0.037051905222526882,0.0087692896575883601,positive,3
19901029,3.3674909997558395,3.8922804118934109,6.3268929040469626,3.0934113667288377,-1.2930879424258863,-3.2099845013330626,0.095277366682574818,1.0058613909319061,positive,3
19961121,0.46202455622477873,-1.2242233309299324,3.1020823581395596,3.5293655240786119,-1.5363256517756652,-2.1581709756443441,0.54938488066410907,1.5667711579697896,positive,4
20050282,5.1783631805025134,1.4587645745387645,-3.3476378573515873,-1.5892020745553195,-3.4643575884178381,-1.5262674953343671,2.4237610229149458,0.027974732577170425,positive,1
20070473,28.509099531784685,10.75327686626742,-6.818242321784088,-3.7216060023501409,-7.5290174417609617,-2.1564036358543395,-1.5701689339825959,5.6580118155169838,positive,1
20120144,-5.0239336938035573,-2.2449702084860217,-0.14240306219175827,3.582923790376801,0.63018514630285749,1.7573605970485382,0.45136858371470545,-0.12966259354838561,positive,4
20160760,22.660422805456026,-4.9118562550299396,-1.4683417269028467,1.3702489352551495,0.043381180663115769,0.74905477767665207,-0.14898243947344014,1.0112371087696539,positive,1
20160735,4.0458488719931127,-2.5509812698768748,2.2618615042174759,-0.10913138221507461,3.7519460806440161,-1.3470714316619727,-0.4762089624286972,1.8027243006502032,positive,1
20170498,19.977144775589917,-0.11692270580353441,1.9495074458530748,0.059934724682179738,6.9105639443364426,-1.1039875754875088,-4.1005458156008459,2.0815804024609013,positive,1
19960350,-3.3455496025905664,2.9395488805842578,3.1320966962130403,3.9272803978832829,0.49280491206537103,-1.8208493325221087,-2.2240094588121666,-0.6395385559141088,positive,4
19920980,8.2984393886018513,-1.9259423392037454,-2.6330449876737219,-0.031597884185736086,-1.102331103119208,2.3185256905544742,0.86720764214810298,-0.72251791429307521,positive,1
20030573,9.2290382406920504,1.7986498225950249,0.66498200599663726,-0.87044300233064309,2.3022561854381136,0.9904376379287011,0.35942629861012915,0.88199489988501123,positive,1
19810096,14.129713492309778,4.1997240948378831,6.4039545732719745,-2.7342256325836467,1.6789924260093709,0.25012474963890424,1.1081331646096695,0.27534735903250934,positive,1
19940900,2.0147221345797726,-1.8001662640978859,-2.4225316103504153,2.7468450206536636,0.47355403985596967,-0.38372583487785022,-0.69824794905229448,-0.14719525032303293,positive,4
20030978,3.25504931501581,8.7433854572144938,-1.6054143177062101,-2.6958608366701418,-4.0817098464048458,4.5554718531546614,2.187095927304838,4.1915043547568311,positive,2
20110219,11.551758823979714,6.15907018627514,0.85165385902997204,-1.9598523963180756,0.17138228177710033,-0.036693563901955287,-0.76226038543089059,1.5347874252088809,positive,1
20150836,4.9076318737806304,-4.8773587480743039,-0.67919732724832704,3.0179954893016796,-1.0651160468494423,-3.3342199133515025,0.38477191152343648,1.1599996867805527,positive,1
19930756,-9.8324507278160773,4.2450310990935822,2.0335936929101375,3.8660544315907823,0.8952901074297277,0.85099311748822692,0.23706846752575797,-1.1208720019475149,positive,2
19970127,15.134356900008388,0.748427300048084,4.2238429713477661,-3.363492301656017,0.85976697037621996,-0.23119201532554365,1.1629731759486479,-0.44368766898838458,positive,1
20170299,4.0653867373775912,-1.4908576891699719,-0.34056486247889084,-0.81786051454888453,2.7305580307063817,-2.7602343859879479,0.58751414368680921,0.44728806849707126,positive,1
19870642,-2.0123350740066317,2.898838156522868,-3.3272326023834631,-0.17473955480719458,-1.3526449483631531,2.4012556287183138,-0.18653430012167441,2.0252081351039637,positive,2
19880579,-3.7552452958799503,-2.992170246105939,-4.2223166778548888,5.0949095218487708,2.678386841057204,4.0366222636637454,2.3375047873804715,-0.73405634067944769,positive,4
19980966,8.6456536393003329,1.261246490264518,0.82507072849349439,-1.9857073757391652,2.5880504975341014,0.77604780055814271,0.11529315943062433,0.52926097973580954,positive,1
20100690,11.418390840534075,-4.0110933952766663,5.4380522352857099,-2.1883152029441133,5.0772778809202146,2.3169694812146662,-1.0680763162231413,-1.8311476180483088,positive,1
19910683,9.8162475871086752,-0.30345326676116091,0.38489452002905172,4.0893422986814896,2.5079259256159787,1.4567619192004633,0.88048397284748703,-0.89540536608269272,positive,1
20090934,7.2880620672731204,1.8831877813262046,-3.852902821456996,-2.1557702026579681,-5.7042652860830865,-4.3702833614905172,1.8495785915988394,-1.5036517911084213,positive,1
19800590,1.2874870977543338,-2.6667613110658217,8.5248617959902298,3.046008312636848,-0.0035154233436031977,3.2155167885692584,2.686886883547714,-0.10806085268075696,positive,3
19901084,11.018159471863232,2.4278182999031683,-6.17164328140582,3.8237422727918129,-4.3814825465765175,0.023995891041871473,3.8227530227300255,-0.6021587555376029,positive,1
19830111,11.279339132870318,1.9257844917041158,6.4385524395151261,4.2470183257495311,0.85408952464040533,2.5817651238263539,2.2193969958704418,-0.083649647876994276,positive,1
19830144,5.6578130510682705,1.010433341710836,-2.5817313676003195,-0.43342450039573865,3.2346538670649538,-1.9978989982704336,-0.46130122556042702,0.29904360168740157,positive,1
20100718,-0.71966415410705131,3.3217560990107917,2.7563067227044242,-1.1601363891939107,1.8349417745586427,-0.246567459720611,2.0860255155647129,2.4419912663198744,positive,2
20070474,-1.3023795974556325,2.8985834703752444,1.251544315015189,-1.4113296548774303,0.67460571532315949,-0.40847792120897758,0.060109605160410848,2.052407853699501,positive,2
19900459,-1.0322354518599515,1.7480775070944314,-0.62455254718231568,-0.80243138463074648,-1.4499090130937724,1.317329887298597,-0.66190375456765016,1.3215439453074525,positive,2
19901159,20.053989032133892,1.9729421182400693,4.352979337530078,1.5782595388055274,-5.269676259661205,-4.4927384329259059,-1.8213392621294251,0.008082073872530314,positive,1
20100069,-3.1668131792405232,2.4852423624587798,-1.6333968622496233,2.7423454295674778,2.3134049037994604,-1.2214132039217311,-0.45238913618940119,-1.0146595884335792,positive,4
20150914,3.8519356715403332,0.14171783440559232,0.71455055702531911,4.7656743967456325,-3.5661472471616129,-2.753917285702149,0.83725743378932471,-1.6492395485520464,positive,4
20140618,4.6511797294691943,1.2348349045966951,-2.6796559433968214,-0.14484109682076632,-2.153108305265707,1.8221465758636948,-1.4695503960316341,-0.58848494791693773,positive,1
20070305,10.784747297856645,2.0497213603396096,-7.9240446361675483,2.2662772907919884,-1.1529244278939115,-1.9273496559604433,-0.8358589000561456,-0.69132922744388858,positive,1
19840518,3.8214183791290299,-5.5906873182471237,-0.95932432350497876,2.8278549244166999,-2.0293630866420704,-0.93730409982780771,0.38292013222209387,0.77925872927065987,positive,1
19970594,-3.5713526622592133,1.0708709359065924,-4.1932395686675195,3.0159741549835348,0.84973234660134467,0.33413383336034957,1.3687497258673496,-1.1006088497063899,positive,4
20110655,-5.5769431979566626,3.0771235630650113,-1.7427231036076514,1.0182573170153222,-0.78085827537931096,2.3137893521748678,-0.55802011422629028,1.0231366134427782,positive,2
20100959,-0.75504248464928181,0.46239275973433674,-5.1199267873411962,2.2868543670223778,2.0638210547560312,-2.9735440659681243,-0.89287328075070149,-1.1509162222510525,positive,4
20150024,2.3446648189777992,-6.1560917738739986,4.8181043548100568,1.0539778630333163,-1.5536640765088359,1.7379711737193377,0.17470359982744005,0.88774908752487303,positive,3
20205294,1.9306762058955675,-1.7412641859236402,12.163352576168489,3.485750603342217,-6.7529259944847499,-5.0265470913349724,0.85349974043354049,0.26384886839501442,positive,3
20020348,-6.7870298986879831,-0.50880515496699052,1.3210218841768193,2.6495828854203118,-1.2272337770842316,-0.73935494947457214,-0.32458837283671621,-0.14217180450162098,positive,4
20160587,15.109765357537109,1.1593293514305714,-0.33404003114119674,-2.390788680403086,-1.5070229182298629,1.314284074665131,0.56769247817089508,-1.1105310053095916,positive,1
20161087,2.4803423130030549,2.5800455684053083,3.183070290171365,0.60209463160293175,-0.43275172322352679,0.60813802382262205,-0.75411680518201962,0.66925831170573757,positive,3
19850371,0.39812901487842056,4.9792351562645063,-1.7604157022317852,-1.0990017338840472,-2.9860048620349087,3.6016311387935986,1.0908539298063333,3.0794561397626188,positive,2
19790976,0.33489817622981122,0.7573817741648694,-0.089152824820866242,1.9105049964961691,0.83010883419080372,1.7622715349730542,-0.56451668874804772,0.35849771897229804,positive,4
19880135,-0.90799518927000433,2.18472696342045,-2.1118283536681117,4.8899508038745463,-1.9429526613999317,-3.093519098226591,1.9384720801465776,-1.4604001287910477,positive,4
20010130,-12.606402065165685,3.9737324179522111,0.70539823224514209,2.8352629084353449,1.3799998000102249,2.7579131384824862,1.8677962890977091,0.91063311700316052,positive,2
20020439,-6.9954698338106773,-2.480934081071565,5.4366930304372518,1.3942232134330088,-1.3247892287082521,0.30256029538520607,2.4323807808917612,0.0031550306730065846,positive,3
20140525,-8.7558862072009269,2.2511450781275668,3.0626603861396058,-0.70110078546160326,0.078032506471466381,0.4921573757360076,0.43390649371402995,0.54196311839339639,positive,3
20050636,4.3202796539050938,0.4425366583871963,2.5653376721700067,2.4097808453249305,2.1762356522667621,0.24089337378972617,-0.45982490836710116,0.48605830119469867,positive,1
20070092,0.43335643313871797,1.693598368695328,-0.36648157016714045,-1.2981801628597871,-0.30457973923219639,1.6795257228411584,-1.4924616472694989,0.56177747642234788,positive,2
19790384,4.1838273755794511,-1.4272933344055956,3.9014476374359237,2.1286147147245673,-0.15314287705205024,1.1449421276816403,-1.3022972245709905,-0.79544554538559942,positive,1
20150153,6.3526698386478886,-3.1750457976047133,7.9753439794646281,1.3549380700485847,-4.0951851129298218,-2.6881112907195299,-0.15033368211714207,1.6589124969742892,positive,3
20001131,-8.7385497006936923,3.4741686962657057,-0.26516014321476011,0.94463999518244524,-0.18134368770085479,2.0613191226345777,-0.02423970868696897,0.95397882797555111,positive,2
19990475,4.0339923502318982,-1.3567086797117902,2.4381690916243888,-0.45338085379913978,-1.4176359802267151,2.078808707454515,0.50908468552383623,-0.48586227543352717,positive,1
20140201,13.95634806172259,0.40472464625289528,-3.097455298353375,-1.8473647934461166,3.2051162683091308,1.0666748761561906,1.0232504715894728,-0.95525528995182007,positive,1
19800725,10.92850190582992,-0.68628557271471569,2.0428965013518763,-0.82740193435135201,2.9278998505645699,0.40322842254073615,0.41976736842266416,-0.030068430746519759,positive,1
20050037,-2.5801585635615298,3.286114628859262,2.0932302555557554,3.4143914263046629,-3.3622856957355474,-3.696062287573068,2.943366143487772,0.093467857425810666,positive,4
20101055,7.667874124445798,-3.1376598602405767,-3.6771737447381296,1.0279276164166329,-3.2456818639227776,3.737656875016913,-0.37048358552675847,-1.6252509035296856,positive,1
19980602,14.75840984687237,-4.1540987874968787,-1.3580467041961661,0.2788926810406831,-4.970480521017298,2.442626888349027,0.82429888764087822,-0.79265978784802671,positive,1
19900641,13.100398209164339,-6.1956738209945676,-1.2653061773332885,-0.93283144103965676,1.7893668830920493,-0.50927439473477465,0.99473912134520015,-0.12860479176173056,positive,1
19910918,19.494133978420908,3.1818971930111988,4.8283541192086972,-3.3316581035110184,3.2698643496558084,-0.84049646672101197,-0.68400328870795857,-0.19477009062406805,positive,1
20180516,1.5037641885820767,3.2988458450230507,-0.30329787748761744,0.045716335473013382,-0.50049530710161272,0.97824307849937953,0.24648643683335014,-0.22914458631030507,positive,2
20170687,-4.6739082139139398,-2.7154263951281097,3.7823140734253582,2.8815526808992602,-1.7708037007544446,-1.9387191606432808,-0.77075539209820509,0.87610334057211969,positive,3
19930898,8.7609941442001471,5.3225927710983303,5.1483228861154462,5.1381608978952773,-1.0952688516639637,2.8137467093288078,-2.1139842202493218,-0.52494849597655202,positive,1
19790585,17.531410845975007,-2.4972267828570662,-1.8535531298675787,-2.1909087254881912,1.4978039587166787,-2.1051951706502638,2.4254974052647054,0.51341624454755419,positive,1
20180267,20.898339521469801,3.4660859314794248,2.2538016345661478,-2.7083669203396119,-6.0011422777941839,5.8099041449144879,2.691693991525959,-0.33606364855124238,positive,1
19951146,11.011431913070387,5.3741562699988421,-1.4079846883257818,2.6688366869823938,0.43193805903671068,-1.5950503863045074,-0.74358878389000382,-2.2269420062893523,positive,1
19790806,16.585609075136261,-9.2767085662489031,-5.2914716221614313,0.8285683088730712,-2.5338066470652807,0.477205281333339,0.63081096583952079,0.20117434795580758,positive,1
19890342,19.005385320639753,-4.5113982307498111,5.3444085637376322,2.2604814754426212,-0.93369143242826014,-1.5124864816642003,-0.72473388175976572,0.72902916918290372,positive,1
20020917,-13.01199139161919,3.1774388417283701,2.8551629428047725,3.7254883588711603,0.2420438092412312,0.34826884441875594,2.1992548760429038,0.22718323282592234,positive,4
19810354,-2.6234669078947879,-2.7787923342401069,3.1955072121844585,-1.9914847517343142,1.052359596708083,0.24117105535667663,-0.75675434372277184,-1.4776733637212336,positive,3
20060338,13.83208636371015,-1.6628314497620373,5.5178951110403576,-1.5568607626754924,3.3971886541520235,-0.94719984129229828,-0.10336150588871365,-1.4786585520800839,positive,1
20110770,11.070142635571477,-2.1691765508867373,4.4507805007711578,-1.1265390481477844,-0.70508654462106823,-1.8142231794391848,-0.32064226405156943,0.74999625184776142,positive,1
20010731,1.935251339901461,-2.6185486072657342,-1.4152133760502088,-1.6876921168050294,0.57515524031427201,1.702182951259209,1.0017107872777338,0.92356367790665106,positive,1
19991127,-2.835877640278154,1.0446126846196691,3.2013643399569354,2.4515533551814688,0.86572337615657324,-0.08328084345265635,0.24333180628428797,0.084235739308351348,positive,3
20000897,-10.444503561190784,0.48915659235279701,1.9875055794660703,-1.0121294658046149,0.21852217286595108,-0.9930911192404196,0.97135838862813284,1.6083126244923247,positive,3
19980775,-0.31374362019030644,-1.3044335303981638,1.316736261750646,0.45019307424800165,0.45292243866134885,0.93394477713155855,1.2299792785441921,1.2624331323041647,positive,3
19930295,6.0424588609360574,-1.9239152279425487,1.3835270961386059,-2.6234969449374437,3.9292275986385281,-2.434581623152519,-1.9097163514897546,-1.8186287628738165,positive,1
19811125,2.1995806012386407,3.2511582422674485,0.71592482615617414,-1.846940412261824,-1.7528274070532743,2.0750507731281931,-0.72590042173321578,-1.0111872495706193,positive,2
19950240,8.6437182673685573,-1.6989597276922801,2.1615577006804174,6.0566955106154321,-1.3257180436977185,-2.0336335979793572,-1.9223201126898846,-0.15609140005567171,positive,1
19930634,-9.914395593550136,3.4893415689495089,-0.30752532962436829,0.15218315707732044,-0.3792448231740318,1.2568331888442199,0.017071266388698193,0.92618066002390897,positive,2
19900397,-6.832366872693993,6.5160990039002433,-0.20376944070677872,3.0175068772221536,-0.023376965763048617,-1.166575449132059,-1.3062210158970839,0.76151869926435345,positive,2
20090379,-6.2799119547430555,8.1784063750448457,2.8645397618637674,3.7127547118557045,-0.21428723028129071,-2.0264502383125533,0.12992447143627084,0.028701871610123539,positive,2
19790006,1.6356502654042819,0.50564283026455159,4.5257210723534946,0.84187544422306315,0.30105778709790004,0.64406317431354621,1.1656457755529102,0.57880009035680224,positive,3
19960892,11.381521056393918,-2.9342138404099587,-1.6836660754490289,0.43379572557649398,0.12586247253472388,2.1864786410682733,-1.8191703768026091,0.59266532295345531,positive,1
20050290,13.039483190842992,-4.0155208027362814,1.5362131640608157,1.1478163696782315,0.2678011937234997,0.49761515968704723,-0.39558623044784885,1.4146676901740483,positive,1
19860879,6.4660963574996995,-2.9062176911486635,0.14828017979409844,-1.7334863488711165,2.57224370751555,1.5057955728562482,0.44168772265940026,1.4713889654127879,positive,1
19820256,3.8709177453778656,3.1079505474991316,1.6611490151591271,-0.94437901607889496,0.22162250437179329,-0.049484088423195439,-0.30999260620517788,0.19593649326884255,positive,1
20030210,1.0687820426079404,4.211603206606811,0.85956775180235034,-2.0418969052252227,-1.0978463454479406,0.63651761692067099,0.00093541992163893026,0.84122037463756505,positive,2
19940268,-6.4112701118605404,0.43603901954642482,3.0545857939121999,1.111091970169745,0.32957422481555493,0.37232798453900495,0.39698329483773936,1.1309548002735612,positive,3
20060799,3.0340785886886583,3.4477000568636846,1.543633238065274,-1.1465903990808437,-1.4769228199603173,-0.49535862010139414,-0.42213485601618278,1.3455862909047971,positive,2
20150359,8.7091281363830877,2.8229614827634899,-0.93835353086622741,-3.2469540388517153,-2.2115318988843393,-0.65648181635631797,1.7945558738732676,0.13681082538847233,positive,1
19881039,12.40731494050349,3.5496870372768261,0.16211626818486569,-2.3152536881169845,0.70389679501733549,1.6305175396265514,0.55146626470896054,-0.33784621677004567,positive,1
19980587,5.8339661557842311,-5.0180448824226733,-3.5472864709728715,-1.301685742857811,-1.6057114226415639,3.9338401076335727,0.24810224243127896,-0.42202654649320331,positive,1
19790171,0.063023837500156665,3.1546373948976685,-1.5269569607057616,-1.8718103488128013,0.089796388823319181,-0.73743825506894944,-1.0386805963953401,1.5052264188323006,positive,2
20170909,4.7613063641179334,2.4553063868584495,-3.2772377519428506,-0.75639878701435403,-0.11787405216623321,0.70990706566966744,1.5710948877963951,1.835899739206942,positive,1
19910669,0.53996367960199299,-3.3213025937005631,1.9898850687650391,4.3841866696169012,-1.7125712346447937,0.42406062824512752,-0.59918222736863902,-0.56734903599013242,positive,4
20150482,-2.7755996495966682,3.2841415108641532,-0.60891544308431178,2.9692595389092324,-0.56878229937989144,-0.44460927750520385,0.15248440210433964,-0.69928006633307338,positive,2
20203686,-7.2692719473547411,11.169685071075275,1.3738735975923895,-0.61983947230636283,-1.2201143375028292,1.1008970462446106,5.0671876702209744,6.6115565673455965,positive,2
20120705,3.3828414567627889,5.2672038905276262,-0.62860477784508539,-0.42928346934043687,3.5230592633933249,-1.64884412045471,-0.60306896984999692,1.5842980117725758,positive,2
20207822,10.00686028396777,1.1443185369923865,1.7552593690325975,0.060511039818553741,1.4788543825132856,1.0293692589931132,-0.66837006111043806,-0.712419285730995,positive,1
19930666,19.436147541326953,4.7847336341046631,2.4570825883667853,2.7662469845495736,0.15791045561160819,2.6308824014722436,-2.1113096017443675,1.0898658968880026,positive,1
19900390,8.0211715194443851,3.4846116575725747,0.17375731663321764,-0.74157889599175542,0.15120810035588247,-1.123217258228286,-0.036388532174419765,0.45903969122084287,positive,1
20131072,6.7648763323344596,4.5322472684395185,2.8386975255450602,2.0218618937805046,1.7194280025497084,0.6854762406389433,1.3076003681658994,-0.93471505630604323,positive,1
19910068,5.7834453712074083,0.61141807383466173,5.3294230241984675,0.28948198644414047,4.3473915962520149,0.020827612490888204,-1.0770587896557104,-1.9333773512108183,positive,1
20120675,20.852403510108569,-2.1253988716340646,2.9784296862663044,0.63019089639585224,-1.3962949346043412,-1.9283493110435572,0.41637445487496799,1.7664223616936927,positive,1
19980803,6.9234871023327749,-3.4287640457926609,-4.0337570496232988,7.3656656146032322,4.0365784852903035,0.55441204492912266,0.49552799574965706,1.9425770424408102,positive,4
20120151,-5.322002953517166,-4.0821804332508149,2.6290550377883197,1.0304053956925538,-2.4084665014360276,-2.5316912667381617,0.51855560214297458,1.4063200743109576,positive,3
20060761,10.382111735119404,-5.0779708576416756,-0.17263122997750352,-0.267646929764979,-0.84283667971912157,1.5449393502234057,-0.72944310396502998,-0.25664556913429498,positive,1
20100682,9.4802358587631392,-2.8916388048871586,-3.0021630906756238,0.89305863717700518,0.48246709346456496,-1.5507006284259277,2.8112901136553621,-0.16517853681543232,positive,1
19990687,-13.26982321502558,8.4976554601416669,-2.0490532445533041,5.3986745198144801,0.46142786356943466,2.8305982774636025,2.3717622601494228,1.230038812406405,positive,2
20130321,5.6170489715621139,-0.42930836676742429,3.3701675421757309,-3.9336572250702666,4.6282087956629656,-1.6868710187521667,1.2328661779704631,0.40133042724822771,positive,1
20191039,1.5049046521227762,-0.31009911812396151,-2.0237797774300557,2.7023015549276894,2.3801722770609546,0.1957430022085597,-0.31815339710545459,-0.70759031505644376,positive,4
20060616,-0.87540375818794247,3.2427210714960726,-3.6743704338671894,-1.0411981760080751,1.0381421164003579,-0.72798446203880673,0.74420831503985629,0.44499855123402066,positive,2
19910691,-2.1775917241144143,3.073679459258432,-0.34858415130057896,2.1871741811655738,1.7715743823760859,-0.088701555006139743,0.65831881007774029,-0.54911333585853084,positive,2
20090973,-3.8701415425063312,-2.1502718041471338,3.3365921401338121,-0.4901838707024932,-1.5103761473058384,-0.15716342730657781,-0.15992866177273685,0.33386938746111133,positive,3
20150871,15.812058362109696,1.8802472427916903,-2.2984530827456022,-0.35509724738592002,-2.1879980913645292,-1.3143572687980998,2.0924196270998445,1.6371497481947106,positive,1
19830750,-7.0291841746326522,3.3289705830269916,1.7145474821252293,1.1947179423778005,-0.27853758087044073,0.21022625824828803,-0.17950082746687762,-0.11324862761721234,positive,2
19840876,0.029537914890284355,-2.829341642643048,-4.9695766541593356,5.658096258077884,-0.11166149383827023,-1.3261114922645909,1.1765559952900022,0.4983402579992357,positive,4
19940862,3.9425235064977238,1.7159823963060803,4.7942592383883023,2.1037338432232313,3.4997609003971433,-1.8555422056131954,0.1679893468582517,-0.7003417189400305,positive,3
20131105,-2.3027324520276271,-1.4367310741319821,4.869176727104283,-0.17497918225572134,-2.0809675540107904,-2.1712134010860114,-0.007928730939048112,-0.19408218762865923,positive,3
19890473,10.992465353777822,-4.5898274427060004,-2.6627536937061262,1.1227783959426123,-1.3220391316955271,0.16144738944870651,-2.7570816039067645,1.3754796093274575,positive,1
20100896,4.3411098316990326,4.2017551730992917,1.2692988885293899,0.37561103736112689,0.91527973050719769,1.8555328408563918,-0.072492161076243719,0.17205460601255307,positive,1
19991198,6.0858469573437723,0.4120983559718584,3.8445249579266338,-3.168878463057502,2.012024313537339,-0.62673100858706177,-0.41982891715286463,0.92677552083862036,positive,1
19880721,12.278816260397457,4.5030146228807251,-4.703690859296394,0.80630037588976777,1.6023334777199836,0.65860593893383901,0.41733428977944304,-1.1527911429195623,positive,1
20061109,1.6494253477968925,-0.12303173048597199,3.3831247385013943,-2.7956253037684742,0.15678204916340255,-0.080966583705926562,0.38425814697845839,0.08833915040525625,positive,3
19951024,-2.5740953252396168,-6.4489066840669125,3.2344138601167063,3.3709575231955062,-0.40210440026537442,1.0484130613114997,0.12276367076228066,2.317867030270083,positive,4
19940689,10.442442200035915,1.4518704471879402,-4.2330615937203646,-1.5725105353803683,-1.2250140056383783,1.4329805962618594,1.6694807477592035,1.2792543277704382,positive,1
20060378,-8.2354389905732237,13.439376776675719,-0.57808867480912129,2.7286054704963267,-3.8339343810205486,1.8323577022447155,3.7220761602649519,3.6566431917309021,positive,2
20207746,-2.8619000744015435,2.9938261583665886,1.9637320343775135,0.4858051303835747,0.58719282876390932,-0.10131352724394362,0.85233507651568552,-0.36078719589712671,positive,2
19910222,3.2865620966128661,3.3269831964051599,-2.8895649171183853,-1.0984559090371468,0.88453714567364028,2.0865097670411563,1.2565728068492403,-0.18269427097523988,positive,2
20070108,6.316816269689479,-0.86573947515995797,-4.6501717439539973,-1.0072238830823881,-3.1422848175095424,1.9353074338905243,2.3491513688106678,-1.9652115294571473,positive,1
19950453,5.876016353418926,0.36787169511671836,3.2713336979514009,-0.15522009033764461,4.5646025701000958,-1.2625629143506449,0.63051908314963534,0.23346801773976375,positive,1
20030786,-1.0126303147792433,-2.6666085990976209,3.3085663188994352,3.5762815570047333,1.306730730044271,1.8737774803856759,1.3333220125467571,-0.65065784657390735,positive,4
19871038,2.0538451309894259,4.9598050391410808,0.64041464243099777,-2.9868560625313365,-3.5287951338377841,1.383241853851759,2.3023001241944696,-0.70973965599538791,positive,2
19970579,18.465172253014021,0.65765067061665294,2.9892717625010712,0.4166533265451165,1.8918786713952032,-0.81416179566976565,0.23706454116800629,1.9037451603536466,positive,1
20050077,23.780640914975688,3.2147398170229762,4.2783127197484525,0.47484859774975891,-3.2976706868546235,-1.988482375829649,-0.91623589006465034,-2.6659098674743227,positive,1
19991045,5.1557474630340412,4.6004104958106797,-2.1846338812846766,-1.0806378846905815,0.78379115348270822,1.0686108224639206,-0.82287815851338419,0.68091492698469958,positive,1
19991010,15.874139431372674,7.3489797716573868,4.9763812573201145,7.2112469914437503,-2.827880458135831,1.9308457071814449,-3.1386111504390772,0.16071661495651296,positive,1
19800640,6.0405419320724194,-0.90308462296288827,3.2605604249278524,3.0667925974780861,0.50274759219331355,2.6384930171124128,-0.94209358695873358,0.0071788757310762945,positive,1
20000885,-6.7822192306729443,4.2650188521490149,1.1266003189949343,2.2156078429246064,-0.65551623535164871,0.83174213250517592,1.2436044355458751,-0.3102855326776266,positive,2
19830293,-2.3567458842999054,3.1323548817498503,0.59544900164840286,-2.1032667700843328,-0.083520570700657534,1.6302488179818011,0.15759428343372631,1.9530481802731063,positive,2
19850213,3.6303005899118546,2.369770744595066,5.3308701169795949,-0.49280126398523505,1.5449214607785033,0.20453662923121355,2.9326773085320377,0.3801162152554643,positive,3
20206447,2.6971944529480343,-7.1756525657284875,-1.1888257389307297,0.71315300474077181,-0.77825810089086134,1.9307785652504272,-0.22374810209368162,0.47119222738852645,positive,1
20140991,7.1097349478729273,-7.0899905346395453,0.35516801595648873,1.3826723676874404,-2.1244311837202585,2.7966867064091168,0.13404233354665598,0.13527529176747727,positive,1
19990311,6.4281742913646758,4.5674469038314349,-4.4551276221622436,0.58968471624043828,-4.4354042832727201,2.4252572425867105,0.31454293675853762,2.000139302372578,positive,1
20150637,-3.2713264403786591,0.31844289953367788,0.30436590781653367,4.2295507521022833,0.058710973381177575,-2.5055725528688453,-0.18804021091502995,2.2458563475947728,positive,4
19970378,-3.0558926154618806,-1.8697446732647123,4.007721046107342,4.8349798425937305,1.6339528833339927,0.62971901897856697,0.3457092792258864,0.73459761433224868,positive,4
20190050,7.6181470690588213,1.2294158806645077,4.0046924058181492,0.54130808261313756,1.5306820266084928,1.3149649897759572,2.1081434897741529,-0.06937200466229887,positive,1
19791097,-0.1688242714358037,3.1573117536153816,0.6527905108042904,-0.39839688436616516,0.48980831496268501,0.089234512771451613,-0.79700223025962325,-0.27572745697026568,positive,2
19790963,3.3606357912286748,0.72253925300106081,0.74646414836890917,0.051863033803696605,3.0850926122653091,-2.6325710940105935,-0.48006027147551572,-0.40553497637848801,positive,1
19930875,6.8231743119521093,3.3811070515217865,3.1841377221719398,2.8055017280368255,-1.7127050335640346,-0.31626969088383095,1.0930412386223365,-2.2790560776721529,positive,1
20190172,6.2202130518330261,1.6383125625239445,-0.14925057760269875,-0.63846883600486837,2.2299554371307377,0.80714702255956072,-0.48020799419454901,0.39661738906009042,positive,1
20090133,15.376144037222971,2.0652700762650316,-2.7463210393027122,-1.8327366364741884,-2.5814320754251945,1.8855955291977984,0.1649290335754495,0.30530421580705625,positive,1
19990542,2.1584055421974075,3.4803266299251279,0.54761036764708981,-2.6304234881285318,-0.064721304042097333,0.91493293885086502,-0.5629780416092417,2.5111570268013472,positive,2
19970581,4.0665567255113135,0.6901099439808458,0.74013993489456198,1.7984035151999833,2.1083336772654637,1.2699532377065774,0.95161936729885965,0.50825572415839715,positive,1
20000958,4.9724020920479424,-3.3841038547475248,0.17222783739924036,5.2976308305003741,0.71065820781360833,-1.1218128183745835,-0.35816780296236056,0.13269968789539535,positive,4
19960679,10.670816478373778,-2.3567245219011923,3.0220014324445401,-0.37741484944228448,0.90144370019410869,-0.70267102497479206,0.99589305435886333,1.1591894184172875,positive,1
20081010,7.2951145668482216,0.3567084081224568,3.2980916260496866,-0.69432170863458942,3.6028722939061186,0.044178362298546575,-1.7043282434339571,-0.37312680945323384,positive,1
19990103,-0.80901152031822199,5.3716323322021839,0.83511093491779953,-1.184044131281403,-0.69045557379075329,0.49512833604250206,-0.17827583243534922,1.8715359172989383,positive,2
19821108,-2.7755246985178101,-6.8612577791350065,3.0269727552756049,-1.5391461515597,-2.7045261652785744,0.43810947985737775,0.10137045313181099,0.87373769577353055,positive,3
20151170,-5.7273860316565068,-1.8554445946925082,2.6194598633403801,4.9009311694715825,-0.22025140551927649,0.019880074054334708,0.92158640500496947,0.64672539736788648,positive,4
20050890,-4.8172074942333714,-0.94865025442701134,-0.87770144010955775,3.7461367672882204,-0.23575887125198147,0.9283177197307082,0.57689152542454614,-0.21703318099196411,positive,4
20020038,8.370765298361432,0.11254521724344195,-2.645645420250009,-1.0810206005408045,-1.5248543379103376,1.309014285857701,4.5842537920304025,-0.39836575257347795,positive,1
20120079,18.053575672411863,-5.5691866493740427,3.4951226487011078,-0.81396137561385129,-3.9545595216896778,1.3711779062449982,-1.1297407471106509,1.094964186713586,positive,1
19830081,15.26686328468034,-4.541439028436228,-1.5304906410925632,-3.0078018374231763,-6.1375258503592143,-0.94809325873184069,2.3868908671564899,-1.0583163885725611,positive,1
20130209,3.1930145879356187,0.059667625396312297,-3.925636009703608,0.99003840234322427,2.0554701581793737,1.4672454802152861,-0.32821256666809739,-0.73714594305113712,positive,1
19800455,10.165740769048448,-2.4206888314647816,1.4165775863525085,-0.72495529507003209,3.4395942604018037,-0.4083480266474811,-1.4810541949135252,-1.1671350576614845,positive,1
20031093,11.529220737220648,4.1943092228345575,2.9900920652674223,8.7492767034045631,-0.82920640777857757,0.73844112107448723,-0.69232369725273091,-3.0685720537450436,positive,1
19900330,-3.3813385027146117,-3.7991010655085611,-1.4161049262673739,11.198016302690048,5.2110547017540361,4.2684387572650913,-1.4811756766580999,3.8909494926364685,positive,4
19941014,13.277216814257738,9.2613650580878311,-3.8759226824067579,-3.0358254561526694,-2.8805282446567202,0.66428026819508645,0.2403829582095271,2.5624608580963586,positive,1
20040614,7.3985329074852908,-3.9713423442196518,0.21580510911479878,-0.026017343016674573,4.8274380139195561,0.65434998243851861,-0.66599064385890483,0.052496697721782705,positive,1
19890060,-3.3948175342898601,-2.2552443938695359,3.0425362955540889,4.9794063128698678,0.14707094797782849,0.64395467138891194,-1.7937428225063881,0.30165532701396353,positive,4
20180117,-6.4020432245004386,3.1163815412267102,3.2965168900158495,1.901982612947434,0.60544024411963693,-2.3102283757096065,-1.954476394407308,0.23469621402612192,positive,3
19940431,4.5096933694197165,2.9872195174174467,2.1396400377229825,3.7811675689596345,0.3844326179580605,-2.3293615985813472,-1.025157815042766,0.7098549535354558,positive,1
20050897,5.1659136156424355,0.6906415564308751,5.52229081969028,2.4753682609846837,2.6611692323079565,0.28289029468988081,-0.66330537509913545,1.901017601620216,positive,3
19820851,-9.7881080097573889,1.4579363433878512,2.2801072953947683,0.40430567687571917,0.49474623918073357,0.0061034218827739775,0.83352550571559147,1.498095229618521,positive,3
20030392,0.92474711945365384,0.12248084708249243,3.0253790387533024,2.9727712864780131,-0.15500772288749159,-0.0075875795370518835,-0.96304164592023866,1.215339001989262,positive,3
20080672,-3.8134842270573741,1.3256338233801535,-2.3076860137006041,3.1934794655385641,1.8029544794909116,0.85440841678313373,1.0416587920472813,-0.91277452720510688,positive,4
19900990,20.902901883195653,1.8264537936395997,5.6722357276700093,-2.9959877086648152,3.45641994544195,-1.0084556212873124,0.70794621088103227,-0.088094920734230114,positive,1
19990620,12.155639515323582,-5.6138354687360854,5.6498731788224736,2.5740983292271973,5.4035803694539899,2.3369650310858225,0.59443227902421281,1.6274602455623295,positive,1
20111088,-0.653559471717443,3.4728068409305655,2.2075677266755505,-0.68208577691176298,-0.25638883349603936,-0.57838647083390959,-2.1472793013162024,1.4829955329035152,positive,2
19970649,4.7572015831651635,1.4198267828984505,-3.7287980939624781,1.2579481867302389,4.200026726552748,-0.26759193925062386,-1.2095138070425189,-0.96028654263715063,positive,1
20120109,4.1460248098691705,3.9445920756722028,-5.8576922361917783,4.2309647966258446,2.9085636020586101,-0.9363198448186365,-3.8262794424051538,2.7561326962320618,positive,4
19850124,-1.482607426974593,3.9509325994114683,0.01160639542389595,0.581714155549519,-0.97492261698549865,-0.74867941059822563,-1.0895757688023751,-0.94678281084715188,positive,2
19910741,3.1376507843073509,-2.2844190032104592,5.6005216377757945,-2.2256569557689443,-3.7112710566297711,-2.2151866290334001,0.37856270419923238,0.79649381288222765,positive,3
19900818,9.6005142829065413,-1.3271686591498737,1.2372438855042198,-1.3359376571625745,2.4244182515164692,-0.19308814826638421,-2.0204782874503957,1.918935032986423,positive,1
19880411,-6.7352677794285656,3.1444212080647254,-0.4118869794229339,-1.5015698180711337,-0.38853243993901465,1.2671606616123481,-0.097954975149928153,1.0279037857787126,positive,2
19920248,8.6366509722166374,-2.2216000482526548,3.30588658968566,2.2283815115164796,-1.3648256356552602,-0.16650748187300379,-1.339943727904056,1.2660199618936396,positive,1
19900337,-4.0281259976348052,-2.3275635532066636,1.8637751206669915,1.3173481836130843,1.6891621324750603,0.94217343031584155,-0.23905740207592915,1.5537321865798719,positive,3
20080021,-8.2783089212854559,-1.0377788822972713,3.569774144422567,-0.25023706742285096,-0.90889038704474179,-1.3763958810702865,0.21664055799972565,0.66237955744460941,positive,3
19920967,-7.1855529428665283,3.1536778731728798,0.24628913678097872,0.95003513371378545,0.60028472357873386,0.28340870368499632,0.55349903769802655,1.167044409027052,positive,2
20140607,-6.0041647558393771,3.5266668781542867,-0.48815825450878797,-0.048137769553814082,1.0652382710492914,0.18361014116756799,-0.72257373627613875,0.35781576145056171,positive,2
19921039,2.0129116876312518,2.9536692948922858,-0.19837044386752747,-1.9738506092361101,-1.8433964394948297,1.138399236690951,-0.67493969101308993,1.5142058595092955,positive,2
20050541,-5.921816613884392,-2.8374513484438952,2.9112653588928521,2.6510296534511926,0.35762875208994949,0.78761808901185348,-0.2028275912223941,0.36759826758489139,positive,3
20051041,5.9928302498894075,-0.51225360902626982,1.3854215202994569,-0.71478115022996636,3.0927271967458534,1.1962411510896294,-0.80908207586514214,-0.75464435621955972,positive,1
19820578,0.29123618745590468,-2.1110225299679115,0.33369077949378606,2.382281686765281,-0.18115827136149149,2.0774187151179402,-0.78887691113528535,-0.89444118437112807,positive,4
20090648,-17.04865717767067,3.0060008394300799,5.3367616790175623,2.0811881448559992,3.2533651787443225,-1.0656557838032261,4.963054244240988,1.15052499771037,positive,3
20060573,13.843570982967652,3.0974445012185465,1.4932692955748754,-2.7812178638118672,-2.3521254772359375,2.2978373784588122,0.94906290161375051,0.53940205802826369,positive,1
19970521,-0.87200669183761037,0.24967331035988952,-3.1703217089577769,7.0660649505975544,2.4425711838910651,0.7925073419448736,-0.050135388575484496,-0.30361513691855596,positive,4
19870560,0.0055233807678439998,-5.0832804757370349,-0.6165422423814817,2.6232731821336448,-0.75985427838982134,1.8487686491080819,0.87917525713853928,0.26309006589939699,positive,4
19991048,-9.5447484060925873,0.25933158292914804,-1.1160664718097579,2.169177571426673,0.24782802255324721,1.1811288535525113,1.5226185614607513,-0.31722021435861031,positive,4
20190178,7.5220256390154034,-6.6580033695818495,2.5390331389048399,-0.36212919845366365,4.6049200571267672,1.4804174472239573,0.55009593086389674,-0.16196468288877278,positive,1
20090193,-3.465410488724272,1.0691193620067736,3.513683124369289,2.1090150288651794,-0.25815498511120299,-1.2328840363489568,-1.1650357030432985,-0.0063762367487261613,positive,3
20140418,6.3552229014666688,3.2841123311730929,0.78049326395593011,1.6909897806438889,0.57096448966881952,3.871383285123021,-0.1470828601928803,1.7059166845543716,positive,1
19980194,13.974557132487444,-0.22009171544055625,1.0324582312688277,1.4120070909146045,-0.60695076940033521,-0.3247164358317286,0.53191297162236162,-0.14927209585009388,positive,1
20208782,4.273990327348467,-4.0483068019810382,2.8850733154956134,-1.4954106597098733,0.30045032675604894,-0.61315872765065771,-2.4656258421045307,1.3458524401897016,positive,1
20050629,18.21000418143192,3.7645961415431128,-3.3807944420215486,-2.3642672318859983,-4.378450061909362,0.6518295345080074,0.68813226284029583,-0.094992713699271605,positive,1
19830949,14.433458044888287,-1.8684177414292862,-4.9378924828053163,0.23643702789175131,-0.60999132519994004,1.908122925272622,2.3249824521158202,-1.9675541043564819,positive,1
19930503,10.564059892353024,-0.53569641360605524,-4.1816555640487962,-1.7985181462604145,-5.3825031904177143,-3.1848294101215564,4.4918317455706465,-2.7131868191163599,positive,1
20060451,-0.77769802926089215,0.92159224651962424,-2.2718189989498283,2.8433176897532775,0.028700760169126,-0.63132557644518517,0.39696427730957529,-0.12047942799740513,positive,4
19810863,21.162696922056853,2.4398942028100059,4.7268228638581125,1.1318835321185217,0.7954413657238163,-0.084025116152780313,-0.78272833503743999,-0.28313607397114998,positive,1
19910483,3.1643351802100805,-4.2374175740012507,-0.06195874489615448,-0.66017862401215099,-2.2294469815906739,2.5962200323112095,0.94998736324148514,-1.1506965753109912,positive,1
20030057,-6.5091478827520346,0.38425871322399574,-0.27080235963318355,2.0752702564599494,1.1351993265245492,1.9804479752665725,0.74890025898844115,-0.27036605555849225,positive,4
19850396,-1.8887852817450257,3.7121805374618631,-0.12810149709315852,0.16714191791432104,-0.36522946745832519,-1.7863587093254214,-1.0671799050342681,-0.55078284785088771,positive,2
20080943,-3.3578059802136875,5.5456355272007567,0.53793479768330388,-1.5742583846701843,-1.3709086186546275,1.7078038754854006,0.63721553406963571,2.0780705092638665,positive,2
20160994,10.113257531792273,2.3705649509068598,-3.1655276303940618,-0.99772796568022315,-0.33702634533385101,-0.67376162402129924,-0.77430562330969477,0.44078059985597046,positive,1
20130016,5.4977603901859569,4.1586345886176082,-0.36186462254999424,1.6725688894257764,0.62070425569432774,-2.5882803570153303,-1.6609541791151265,0.0068856740408772127,positive,1
19910952,10.738764819070864,-8.6788282663431993,2.5070401358458838,0.18781873494977491,-2.9647861869518293,1.8311754937257068,-0.92426319556252812,0.41547693133004732,positive,1
20150069,5.3338132660805613,2.6414810757181493,0.72175245183336989,-2.8051255865895404,0.93439158393984179,0.55852750261070938,2.3856716026442975,-0.56783774236335838,positive,1
19880609,17.265400539351258,-2.5138478002887621,10.404071654752817,-0.91002892004502844,4.873745111826298,-1.4126478233095661,-0.048675697291430481,-1.7000132034681619,positive,1
20180278,2.2576816056642826,5.0986504966035548,-0.21864574315416652,0.25014627687118057,0.79740782886044437,-0.12129215119864389,-0.17502114066834148,-0.42860311178734528,positive,2
19950852,27.920184844672249,2.3732459275435032,3.1627427554719256,-2.3050990565414615,1.041242575570219,-2.4139552240685438,4.5664184748428429,-1.35445783071494,positive,1
20040855,-4.0803736836857709,3.3338363271218876,-5.6735907071868708,2.8349337777808739,2.1168229793301787,-5.6635799250237904,-0.6995709940145366,-0.67852152184079551,positive,2
20110169,-6.758029211289001,4.3998836359710989,1.9729619356120234,0.061317872934083653,-0.30174809373851119,-0.65173309872769691,-0.91911297846598616,-0.45253503093270947,positive,2
19950584,18.670821152500771,-1.6602110058103035,-4.0331256367837396,-0.6454920981798753,0.77955754892151541,-1.0544955561600458,3.6678711325823623,0.22632373366813791,positive,1
19950970,4.5600709447473733,2.7436208628819791,0.19585278757364161,-2.0094835206575423,-0.85005565223357227,0.69576459837950366,-0.16742969116091322,2.2663276112060133,positive,1
20090049,3.7561896496112972,-0.76837276646240427,-6.8224911656871692,0.90852651634128156,2.3927318443235293,0.32230951481780273,-3.4799830257182331,2.2100081684270894,positive,1
20190008,10.214303250604122,0.67981515724533048,-4.5316088116314335,0.97646126704770975,3.0454741811785189,1.2052380551839244,0.76756351181158966,-0.56451913647427376,positive,1
19940683,-4.6332406922790002,-4.8579949182704381,-1.5020175417134471,3.5215289911118801,0.26501436909210774,-1.6683133655726992,0.48978292078498359,1.4111436966723885,positive,4
19930551,-5.4532331335204782,-1.8568225803302334,3.2274570271733047,-0.14501972763804405,-2.6544320940196142,-1.8140642468703063,-0.12735363862914606,-0.034500926408263084,positive,3
19960027,13.017112868542842,2.7919956866232916,1.2526636117598682,-1.0833517497762912,0.50998512113126471,1.3899076105638377,-0.22977168078895699,-0.11544127817655196,positive,1
20040988,7.3413948828430318,2.0335384678737265,1.4367714897242725,0.63271031129175026,2.5434503060907101,-0.1091423038893902,-3.2499458534508636,2.563176322418649,positive,1
20140963,-7.1016133106592036,4.1908711274288262,-0.44957464859175872,2.6192821210663437,0.19810649266030983,2.1386005627200904,1.3470611185351153,2.4875413461513345,positive,2
19870361,-7.1170960665752272,3.3609674869993671,0.74405450856711985,0.41076141029182095,0.57781672433828135,1.143242126651923,0.11341602378155578,-1.1774609921336123,positive,2
19910825,12.337420765274235,3.2485489781839432,2.8667254117207177,-1.6477556499048174,-2.4083447543341419,1.3707690938368411,-1.6918491664990924,1.1400379316707008,positive,1
19920172,-11.833533472111714,2.1542251020240535,3.7034948832562518,-0.69551050514876855,0.86144142969128534,0.74439882589120632,2.6796304553266985,-0.68717611838508907,positive,3
20000888,-0.031593288921910018,3.9765509516160362,1.0233811992519306,2.6772196388054206,1.7808787328553832,-0.69159854823583367,0.49069046770266134,0.75733890051657959,positive,2
19890872,7.1307981835688423,-1.1477490349926622,0.98872269793424705,-2.1233966294654936,0.72661358753015615,1.3123509209813653,1.7797569442045966,-1.7633153058503177,positive,1
19960756,3.5875315152908231,-1.5980405621911917,4.0047166362858819,3.6140168516265492,-1.1331363343253744,-0.36337982433819277,-0.30175072492200372,-0.26239221438281357,positive,3
19940553,19.290184465620314,-2.5850845614080784,-3.6749202037834259,0.93271627523212919,-3.0348488094345201,-0.20707895518325045,-2.5155360163228968,-0.17877804122060117,positive,1
19840547,-6.2925405235333525,-0.64340772964940418,4.5536232081935895,2.3835472593025044,-1.3317618224946484,-0.04439157724122101,-0.71636533432878891,0.40340281906827946,positive,3
20090366,-6.4265843453945513,2.2442147154998842,-2.4015868583836677,-0.45647733976713761,0.6375074300915039,1.6006526410411182,0.48443680557133845,0.61556341844040841,positive,2
20207514,2.7202355088117103,-0.17621207873400749,-3.7413668307211996,4.3793229141492853,2.1475794207769296,0.94735625627315767,-0.15834328971799966,-1.0148464360277956,positive,4
19950654,5.9427609232128846,-4.4029146325469375,4.3350495764083137,9.6811927351745375,-1.3107143939451642,-1.0344186415352532,-0.43606385718025931,1.3730198686736219,positive,4
20150515,20.340238258048654,-6.2363359499757793,-1.2707706095725586,5.1817794501095857,-2.9968820078301124,3.3393769965962576,0.49632184057393997,-0.30038687140595277,positive,1
20191103,2.4501375868420472,3.5331592460581933,-0.69374601465269958,-0.94880979432339629,-0.67398258220276974,0.51640887517152934,-0.92691678180031656,1.6669363541289757,positive,2
20090417,6.0698169663273678,-6.0021753606031591,5.1445435436307996,4.0213142687259076,-3.2443132324761943,-2.3318874393863727,1.7036641733648941,0.12518331233794305,positive,1
19960827,7.3054581033930868,0.37007551567486402,3.7576950941969596,-3.0866806509391198,1.2472235149453565,0.11727282434494854,1.0190205176032392,-0.56503831642761582,positive,1
20150231,7.7796073761791957,-3.2900627359048582,0.53453104092308423,-1.2448105140975338,-3.1680936278958782,1.7853736492691163,-0.66430821536959916,-0.49934844260127031,positive,1
20170548,3.922337724833779,-4.003709878577725,-2.1622225910181152,-1.0424695483784636,2.7445123348886127,0.3903748108231353,-0.35383399817369515,1.0387748460081312,positive,1
20130393,-5.7167755707533949,4.7695205414028745,3.8980420790354633,3.4064446241440658,0.39362821841932244,-0.45898476590744103,0.30594777328514694,0.54230503008294995,positive,2
20070509,-2.7413486810205345,1.4661376898741756,0.66959346318426904,2.6983872971144938,1.1019859290118101,-0.1563033196878075,0.40961492255851678,0.29704808974889058,positive,4
20071009,-0.5033972740186009,-4.318203275367523,4.0489930499709796,1.5277799611717164,-1.7083051622932628,1.1166144315559887,-0.3521542641295759,0.67313178980777766,positive,3
20204409,1.5534157185715332,-0.49785595788762638,1.543476266097273,4.8084767470403333,1.0386443283018012,2.5360878432729406,-0.70085601128902142,-0.99607282883935644,positive,4
20000671,4.8947481910721455,-6.2241614550138689,-0.2573489713658712,-1.6209574557268009,-6.9902275312509534,-6.2810756989862613,4.8320456602732333,1.2504575131137428,positive,1
19990111,4.8910217819082389,0.40216020768881849,1.9146837393597134,4.0566675102499765,-3.3918389941320517,-0.24671065208700393,3.211066798920196,-0.39576416558317962,positive,1
20110213,9.4189736097218351,4.3550006778174328,5.0741282168470354,3.0874141417466521,-3.590927219209179,-0.066245772867772071,-0.76957031504546347,-0.11685477053941626,positive,1
20050489,16.104978650343607,0.96210200472871177,4.3409158913441672,1.6465234760978649,1.1038680200211326,0.94980922781162436,-0.76261563816733846,0.72782904425533124,positive,1
20130966,1.721445914599907,3.4923269866340334,0.17770413539228772,-1.8075936602104992,-0.96686969146132185,1.487251719121454,0.60382229195233927,0.97472451087849621,positive,2
19950653,-0.10479536906275709,2.4581740611268255,0.81469219359926126,-1.8658570215319006,2.1586279008618203,-0.21728209410026553,-0.96136840941695823,0.44209729167797623,positive,2
19930679,5.407663591422943,-4.7687425801671983,2.8601006316973838,7.3500494634697251,-2.7396087791541621,-1.3810416202261315,-0.58146720036052568,0.16013786958207138,positive,4
20170492,10.33451454277894,-0.61747651160398476,-4.0521061391060202,-0.2642406610539606,1.6392392515640657,-0.2452033883220891,1.3066334583159598,0.45541624408471232,positive,1
20091145,10.24788171720078,0.42484713428938548,1.5336967405310722,-2.3883641177960815,1.3872876268051786,-0.079745760756318493,1.0734896898307236,-0.79215133608971855,positive,1
20170899,9.0458330037127777,-1.2034876299171695,0.29480035677861621,-0.60280102793522694,1.8932972410066184,1.7005499404282749,-2.5699455789076882,-0.98723024337989451,positive,1
20170438,14.667390438202085,-1.598276199276828,-6.2643764654462153,-0.2533567163856939,-2.3014241826000266,1.3272871709412082,-1.0107702642977197,0.52553836630039341,positive,1
19800440,8.0228664495629172,-1.1004511663452354,-2.8457836334786841,-0.57791099272635793,2.739468977359981,-1.7661772460479364,0.52586195412631287,0.72536208019615134,positive,1
19881103,-4.0188828427035528,4.1215147498478366,-0.76553536736296091,-0.92383141239957289,-0.67829569789752386,1.6597522495184471,0.32737298832147088,2.2059045022382362,positive,2
20090598,7.1606140799818716,0.44323955369345108,3.552238653238379,-3.2293232725006682,1.6210964583986829,0.07963867596521898,1.3318876916169744,-0.4467618702105331,positive,1
19800537,18.985161559361774,-0.79014364327649955,11.669168724297812,3.7192613093891245,-2.001269773106968,-0.52569662958408536,-1.4917590162225016,-1.477408293319266,positive,1
20080660,10.562570521529441,-0.79708473413599412,-2.6091815496942043,2.3285295132846611,0.6345212471317061,1.600230988585065,0.44356656866810229,-0.32052745524302279,positive,1
19901076,7.1679813338681573,3.0438146409941473,2.2869967228430603,-3.1305188503025172,-0.076289152033606158,-0.88056379557865394,0.79585094548383495,0.5326674128287866,positive,1
19910624,5.4557209743835307,1.7757505624573822,-6.5471977684197844,-1.670868985043847,0.2864123685368985,-1.7713272975069414,0.16015960802406026,2.3801025367205222,positive,1
20020087,14.521999732015356,1.6854417834205722,1.2739009929435849,-1.4395748704572293,2.9787621626111549,-0.26967576678617683,0.11000710039857814,-0.56805704733867812,positive,1
20207340,-10.626079074765631,1.6466407693398168,0.68891920349164515,0.36552213606345019,-0.57066917220540292,0.24817931354006137,1.6432360935718322,-0.027884047967970001,positive,2
19930080,-9.8541708156295176,1.3587503194442367,2.7082116447578297,2.6855397149875828,-0.021841632831217695,-0.75178872514851891,1.4158450194314267,0.45009133458976258,positive,3
19940882,-2.5395623313419717,0.9297477391253951,-4.8527064779636087,3.1984298013431425,-1.3154319645187884,-1.0371283570482221,2.2203392456105284,-1.6129764195470899,positive,4
20190257,4.3009192316851088,0.37664353560254443,-1.1374453560134798,1.2522571567815592,2.5266361200599756,0.27089250720714148,-1.4394557473244243,-0.2714313888591306,positive,1
19890157,-3.2763214169999495,4.6388044781637685,-1.8037698148223584,0.84773523162781794,1.103149992977716,0.092513745773507641,-2.9557288106740822,2.4624962975480682,positive,2
20050471,1.8413927664128085,-0.21216377429123331,-0.85965885329974534,-0.46725035727184977,-0.091502802216013313,-1.3044309180831133,0.24677394307371561,1.2615009186442578,positive,1
19810871,-5.7868518165787419,0.65619392929314413,0.52698225612287086,2.7155929320333581,0.38382090055078777,0.38879783902725296,0.59874775660106427,-0.14449596466182787,positive,4
20060416,-2.4200962885669388,0.13817241882253528,3.4780731109884426,0.16385031460773422,1.5245977905848724,0.48523572323939601,0.65291941846706736,0.21228750357737655,positive,3
20080480,11.294320578170948,1.0846738768887505,2.2725349721228767,1.9939802850000692,2.2311720313142924,1.7841348139910185,0.18758770698278213,-0.099932177604355868,positive,1
19900796,9.9262524185771408,5.1696521011150569,2.2432649912293381,0.94676064745768651,-0.70536701814604397,-2.3153322391591264,1.8111787679538773,-2.9361588053918921,positive,1
20120557,-8.9253544597993635,4.5481892046786996,-1.4497519648807997,3.7489338211619265,1.7369801537235532,0.16307464407575439,0.42700654012692324,-0.17556792900496607,positive,2
20120502,1.6299542052492788,-8.40907262142224,0.79601323605078289,3.3894984083016979,-2.9914423687152754,-0.12331889823754845,-0.8082000502291794,0.50050550743907174,positive,4
20121002,-3.9581024510203116,5.2214764659165178,-0.016747798349012435,2.0745198991731919,-0.76424590155011252,1.3644784998637867,1.272155260058764,1.8086161323883507,positive,2
20050691,-6.6110623707940528,-0.49507507063700801,-2.5024851312541534,4.2910726058289619,2.7469846513893224,4.1371465618823304,0.51597690652595563,-1.0392014364419009,positive,4
19830505,7.0961353138817787,1.4873923335692691,0.4222809904987827,-2.9032167043898665,0.14015407584139686,-0.098315287014045322,1.6372342173187362,0.35471524637820995,positive,1
19790407,-0.50921662233391396,3.8562198369098639,-6.3552153925493506,0.6549524450461145,0.17856614927890219,-1.7367193563829117,1.6430273776592352,-4.0215857119085099,positive,2
19820602,26.16955363459665,-0.13868641997134101,-1.1148162651475693,0.33246841875602967,3.0333772700203618,1.0491791834586959,-0.65340190341842586,1.1543175749497332,positive,1
19970360,14.375473713320009,0.78021059271430171,4.9215078893536894,1.7637492851628633,-2.0422376212991211,-1.8398178079717433,-0.45591880125976214,-0.88541125200472337,positive,1
19790859,-0.7990357524716073,-0.49397700125392474,1.1326079126563611,2.7538602267773906,-0.56478069989875535,-2.0021709768872977,-1.6347763503584034,-0.34811571052705481,positive,4
19950847,-9.6863203057144514,3.0315509579706239,1.382722664498325,0.24988466078081209,-0.50237463527126169,-0.16993681559577492,2.6387019562394198,-0.15982823652839609,positive,2
19950812,-4.7382673770279649,5.1390540690921283,0.66530449498400068,5.5205252375466607,0.50570061824795998,-2.0519597316726608,0.42428944221394738,-0.98915844697239352,positive,4
20060245,0.66090140623881732,1.7791126904480039,1.8652008747768627,-0.66854450625910533,-0.60939287697366673,-3.445691201340499,-3.4828639350306059,1.356077253229734,positive,3
19810229,10.394519278444056,0.015566349863357658,3.5495766186276265,-0.66885833604872436,2.8805128431022502,-0.58168424523204143,-0.24141869204734154,-0.12014685194055064,positive,1
20061034,5.0097954029304139,3.4506920981901916,-1.3596534676599437,-2.4523967748739599,-1.1075827574347794,-0.15431644668235062,0.90536864216549551,-0.0051952525695309259,positive,1
20070633,7.4254351341040632,-2.6588765038320137,0.34873836376946721,0.33796788401503725,2.6465571362927656,-0.21786625855904718,1.0070831427708045,0.24189442154331925,positive,1
19850329,-3.8002696321782552,3.1135976613940151,-0.15400213798465037,3.1680282753857729,0.38624484119187713,-0.57666853047881539,-0.98433836292546206,0.39289392180760058,positive,4
20180898,4.8063811152597937,-1.3599130158827182,0.17732926627924989,1.0978771696388543,3.0716310744095026,0.27582486800208755,-0.84479593310470524,-0.3826790874866926,positive,1
19960744,-7.0849270355796277,9.1161007600064199,1.4444276222280064,6.9544027550650753,-1.569490090862357,-5.4959554980319041,1.4280062206772086,-1.028067606625324,positive,2
20010796,-0.49647974777065984,4.206090352814738,-0.85443016060474553,0.59821116087659787,-0.57438263682973945,-0.49370988414981043,0.45574880649196364,-0.63210056475505483,positive,2
20170073,5.3618412277623104,5.4674055932344956,3.6389249021271617,1.77209889812542,-1.7582847657474876,-0.78340898459426012,-3.7477839972353162,1.6070273604427292,positive,2
19951096,9.7543958384234664,5.5175183211982857,-0.21374233621295366,-3.210217412936017,-1.322778185456875,1.0944121467306194,1.1130879934633411,1.6089627072917281,positive,1
19950596,5.6346289710562623,0.86165607751274653,-1.0121767679104301,1.6029779195255518,3.0499212386178587,1.3469874694485491,-2.5429000118130483,-1.3781628483025263,positive,1
20130657,25.513297647702935,-8.322483572897168,10.214488083575739,-4.5964369304770871,8.7600646234233395,-5.1774670709421171,-1.9957256586738115,-4.2747417629584632,positive,1
19850923,-8.1798735079002967,2.8792822273777614,0.49745280334091418,0.50351626441812769,-1.1983344051769969,0.60856685006437905,1.7299953233510337,1.0225289740790895,positive,2
20060360,2.1216504069585858,4.4601331408764837,-2.5470019739775074,-1.1952291317904471,-3.3673947936419655,0.30223492942969798,-1.9953607537364364,1.9925921022328337,positive,2
20150628,14.634905890713313,3.8239392091513293,-1.7724839564308512,-0.68147080197581689,-0.66498400989792827,1.3755121308501099,0.10445855240391634,0.37836204264581957,positive,1
19950815,-0.4813281389979181,9.3846851360932018,2.5791409753088352,6.8246375828342032,1.0043053321686561,-1.7887002686562283,1.7575519390682004,-1.7401429697294579,positive,2
19960117,-4.4169658346767138,3.3507661544900205,-0.2626163540315809,0.04943638177089988,-0.33101315672513199,-0.33833171377396232,-1.4831107978796974,-0.091054784857674292,positive,2
19930434,-6.1422306297413476,-0.73055754521557259,0.83288836230648333,4.3214562076181666,-0.09207684520919994,0.85554941158171238,1.8314763384265271,-0.008715172827187586,positive,4
19920766,6.4737610363166542,-9.0817447748442497,5.498116970424566,1.8974029351540458,-3.5611948373555533,-0.39915979996070083,-0.053209071735741471,2.032613451474599,positive,1
20180910,8.629708943319665,-3.2430474802302767,-2.4672126055639789,2.785058188105531,0.20269763542789757,-0.56772370579569109,-0.17168337385858623,0.39187031724410731,positive,1
19850384,-4.4393517611301405,-0.96503481401850544,3.3692824372726449,1.8706146276505122,0.35769935220787352,0.14935059208474796,-1.8289588225380067,1.2459951223505343,positive,3
19960699,-5.5759611000347924,3.5300196051619035,-6.710597639763078,0.26268106068604052,1.5161050142806116,-1.4979212456233755,-0.51022634901762831,0.17830176393546271,positive,2
20100953,-1.0443790529554278,3.0269141604913328,0.16052909057984033,-1.2579176138628012,-0.2457757473906684,0.62053085844403988,0.79292965060720189,-0.085496806737387493,positive,2
19881135,-6.3302385969170336,-2.2217691391771441,4.3978819267919524,3.7180241640926335,0.67268942028563683,-1.4133980152012304,0.096491508685316932,1.9880834487181698,positive,3
19920293,5.8220309062456321,3.4758791180669553,2.5577217785770094,-4.1131583601458175,1.2099242867300595,0.009030842056281612,2.1957080637769177,0.78171482091586708,positive,1
20110424,0.96825695622697594,5.8258766732182616,3.8733379762558791,6.1180689349609993,-1.775561857848913,0.3583581645511929,-2.5115670376997343,-2.5494837104633907,positive,4
19860409,19.448251626598687,-1.2185378173360113,-6.9607424450128814,-1.4159539231348546,2.6162835641719573,-0.27986418579389011,1.8635803877588293,1.1908293795207583,positive,1
20080721,5.754308557436711,-3.7989942080054231,0.47915936615353849,1.7673935740481732,1.2631226916226139,2.4129194213784513,-0.52502852304626491,0.43028785501632838,positive,1
19900437,1.455542438811116,3.1520674648583249,-0.3391671462711619,-2.1441218798856951,0.83179614832795601,-0.34926833899676646,1.1945384128117713,-0.40828880671474543,positive,2
20080774,4.8897583883285884,-2.0980250632855268,4.2143748639976808,0.2033809332837255,-0.72951248808067248,-0.69166387033106602,-0.30415443197729092,0.096737290012701052,positive,1
19840252,13.708632511520337,1.6107488045205638,8.2425591193488259,1.5757002428201776,-3.6739087039600959,1.0460157209960195,1.0381883333100097,-1.4699547926937406,positive,1
19900869,10.867484420377187,0.24122806746169306,-0.99218922203011672,0.062850960263275288,-0.98628181888163202,-3.0562420114925377,-1.4004454398491901,-0.83961745273603849,positive,1
20190467,-3.5378178281232597,-3.5559093113566709,5.7420712316888212,2.1708690186449626,-1.4046492195042442,-0.74957591041342353,-0.83878684366306611,0.59661876073584452,positive,3
20190893,-12.680545619160323,3.4998769618826699,4.541208164719996,1.6869052122647488,0.23911095964714535,0.081411212187555634,0.88203745902182473,0.44116763102465151,positive,3
19940213,3.3337067941504892,-8.9463650539629942,6.0973012624920235,2.0813382543219929,-3.5146980224020363,2.3788735018711709,0.15721785873251445,0.45155146532084173,positive,3
20140623,18.963300771671545,-1.5529059069834668,1.7195679405351778,-0.79127036623960167,1.2499331174146031,-0.23147159179447188,-0.76165109970420242,-0.04710881329709516,positive,1
19810055,20.771146468161096,6.322244800043765,1.243445273692148,-0.47713328130551114,-3.9971122315800036,2.9227987154076032,3.2314933578071812,-2.1854652002526915,positive,1
19910041,7.992860397566715,3.3727642811087311,0.020166573213157794,-1.4589838072782482,2.9830404469955134,0.41189316919661151,0.15763032281776654,-0.21164788490708672,positive,1
20080050,-4.3465907025683821,-3.8532205027975657,4.704315343150137,2.8338467991097995,0.95661947222756138,0.33964704089412145,1.5468446062414212,1.4268158998059388,positive,3
19880299,23.9907605267625,-0.95351880150445645,-1.2596765505163849,-1.3377081249292271,-1.3004280813598947,3.5996150373401079,0.76122626371152968,-0.12625138290768201,positive,1
20110277,-0.75014124156971984,1.7550733846893658,0.67849685563584594,-1.7645368698869772,0.12857837431973196,-0.23673011764305832,1.461336877557194,0.16695049859297653,positive,2
20040715,15.639943285157175,0.13526302740505114,3.3478851757982611,-1.3852523516278079,-1.6182320745973626,-2.8088876792261273,0.26230082007294758,0.17854908551487253,positive,1
20130486,20.001695111539526,-1.3662698092756624,-2.3524296492125023,-1.0474190504165708,-3.9051662186860661,2.0840407426701115,-1.6632442995175112,-0.0022191031100160146,positive,1
20010512,-1.8407439037221514,1.6747329458543838,-1.2260437537604651,2.8625568593044397,0.46465402989324317,-0.067914978092635706,-0.29717734867278128,-0.092216188535556257,positive,4
20100601,4.0574147027110694,1.9166674186008426,-0.11366288255230683,3.8945804742923751,0.46326927211014335,0.14290852963579848,-1.5547597523953007,0.75066614761265382,positive,1
20150377,3.0205067565973067,-2.078710899698343,5.5620610624724804,1.4703910636787227,-0.32186485064002157,-1.0589853784048286,0.85443487870927892,0.39994708137919804,positive,3
20050336,11.398606040845825,-1.0997229565672806,-0.65970105219768105,0.54975054784603461,5.0330103200643048,-0.3812943626743055,-1.2245140408694382,0.041309382356256627,positive,1
20191010,6.9789858625129737,3.8228255265554281,1.6282800731152283,1.9203041888052992,0.7722682017256165,0.88499360770365776,0.25677695202488138,-0.99216034129260389,positive,1
19840325,-7.894330287263049,-0.35652458194364639,3.1157022791157143,1.3773127758281938,-0.5707281113915007,-0.16448220051510443,-0.75958708181357903,-0.047875103606903828,positive,3
19881132,0.17195971592689488,3.2017353317156996,1.8946918989424462,1.1132608316698427,0.5618891179273261,-0.31908912770501857,-0.57345283566398353,-0.78452785733712349,positive,2
20150252,-2.9104006802007301,2.3550155870760867,-1.9977018985025807,-0.069708068550110774,-0.58845711265213474,0.81618442042330241,-0.59152278171794981,1.7554358089045312,positive,2
19870709,-4.2680240739320183,3.9737022532274366,0.78687149183448268,3.4449765080366141,-2.5255123936786772,1.6296333450841467,1.5008734980385696,2.3534915219996018,positive,2
19950146,-2.276061265239421,-3.6422358871454494,4.3803971499628123,4.1228156663965638,-1.0671224879462191,-0.16728900533988003,0.20246134307465466,1.5568157897186212,positive,3
19901130,0.05072607241463236,4.269645832472615,2.0657345632605209,2.3665285764379553,-1.4555924286012383,1.2837173642911763,0.19024128056215697,2.16282739864806,positive,2
20080726,1.3416416886540103,3.5775910101370401,-2.6668947154755784,-0.58432160813019207,-2.4750712431973549,2.0318808818931968,-0.028998751019752467,2.9389050312738636,positive,2
20170409,6.421901557077776,-1.0710332061967733,3.5477392708950295,-1.1076436708206718,2.3090943403185507,0.72382465650494709,0.69231817133805984,0.47332544592192721,positive,1
20050562,-2.2693485768777766,-0.16929359834358823,-0.71843186434306539,3.5014361014452202,0.59037376632902139,-1.3082920432409728,-0.62880812432117372,1.31652332792077,positive,4
20130957,16.778296084405806,4.2400880848607665,1.6921348196704842,-1.705068181359104,-2.2260834730905783,-0.14718321285252714,4.7161223719661853,-0.007816649256713137,positive,1
20180016,7.0233886299651047,-0.058068240302086523,0.33263710661928925,-2.6907811364943695,2.4752528718376028,-0.17153111993335626,-1.3721657730352026,-0.60305000927077101,positive,1
19950637,6.2561519668871313,-10.371949993141286,-3.9517197325103743,-0.37034126861399086,0.48721702010416751,1.1114132187522379,0.11117904925676762,1.2881871276249741,positive,1
19941065,-7.3263068753908591,3.1627792440759435,3.5959988501023634,0.77243537502022319,0.30017116559097234,1.382137903432122,-0.61789353777008371,-0.31314854309665735,positive,3
19920438,8.1703985625921973,-4.3103014234266253,-1.7146969548246997,5.009859290782952,1.0830715123138788,-0.032755158784844397,-0.6929816219267404,-1.0042142039261297,positive,1
19980220,2.0775143751130223,1.2441313543039305,3.1745172381011542,0.64394801118346845,-1.3020021801955903,1.7564877873235771,-0.077446908562677996,-1.4387717140711866,positive,3
20150325,-5.4159681180779584,-0.089310170712002993,4.958725409284571,4.2008471713171538,-0.11734234646259332,-0.44280878918033328,0.47412449264535667,0.63523225425573893,positive,3
20140077,-4.9723654565186459,0.25379991153972586,1.9244098408942594,4.4147649499487596,-0.4383534477859854,-0.76453348437911839,-0.37971010371383301,-0.50217818806645986,positive,4
19960538,5.0866172572995447,-5.2792411111386093,1.083364638501306,3.8341984712861854,1.7985438931429221,2.4660267332538246,-0.82183524157475407,0.57372125031850818,positive,1
19800553,13.41365974639977,-0.95505369463484213,-5.1882948590503197,-2.280239696120796,-1.0457055230313281,-0.31440076999025141,1.334498561677578,0.17841385027903855,positive,1
19901047,-4.5287722196224411,3.3043099902179689,0.7426762617030408,1.5828685371669295,-0.76016839169472405,-3.5555326524215243,1.377587343438806,-0.62405401463222487,positive,2
20170920,-5.9307156731409538,-2.6483476624340532,-0.46748855619468765,3.1548084418582696,-0.041798723389701829,1.4418961332233169,-0.017836181082631127,-0.030154567719396296,positive,4
19900919,14.600059343409441,1.3911726059238769,1.1212159374278949,-1.4021632250462051,0.73716013883201048,-2.1303919996302501,0.39278951218167885,0.45862244835173166,positive,1
19831061,-8.9334634635581036,3.2317620349343117,1.0264594934776039,-0.99578313757691006,-0.72543339160512588,1.1193569892662598,0.32850222407029966,0.63108826902632664,positive,2
19830995,8.3754004528525119,2.7645897390684686,-2.98429502652096,5.0091102392351896,0.36410312953542223,-0.63226339387167063,-3.3373076112283417,1.1960517354115663,positive,1
19820699,-4.6458263025047009,-3.9987891063840695,-4.1030207477874159,3.1732745119239922,-0.45309677572991747,1.6927438235176289,1.957120659970538,-1.8724903344408885,positive,4
19820633,8.662292103845175,-2.7217646821705337,2.0844207875877219,2.7786232065514986,-3.8272946130760888,-2.3532843751472168,-0.55282206946806645,-0.57982892327087387,positive,1
20110669,1.4483723274099052,-1.2573927743853488,0.91680638847369456,3.3917015980032463,-2.6633862775422923,-1.5187147344677583,0.9114245710617338,0.32832381561329316,positive,4
19990935,2.2204103299542979,-1.4379958678459839,3.5383704679242221,3.6946274003841082,-2.7626850569694592,-2.1482240835242714,1.0762386017148575,0.20861310280920056,positive,4
19871016,22.237695682032481,-0.024390668724301019,-3.1212556180309559,-0.082860557920951511,-1.8940639223597107,0.76794182586549076,-3.0087261056440826,2.234462753211568,positive,1
19890974,10.231084509136048,1.7444816675851429,-2.0114441284390336,-1.6685728487281166,-2.0924378998820647,0.67306654144087674,0.0061959790920854425,-0.5173254827040723,positive,1
20061050,-4.6611165255419778,-0.53120154794645558,5.5563186064181549,4.9871926373678885,1.3369595416770288,1.7988341824651766,-0.16085005171513664,-0.9381949947170396,positive,3
19811096,2.8860632088080149,-0.28191889410331583,-0.34125701447978546,-1.0838060024769167,2.8558339448490959,-1.031567045636081,-1.4615353432960376,-0.16735075202743135,positive,1
20020321,-1.5009137962905177,2.3112476432309439,-1.6517196967536314,-0.47061374131228062,0.22539432363005057,-0.86685858623839496,0.54726280880291001,1.8589765905672302,positive,2
20170643,-1.4305911841860708,0.27816517526750972,7.5107618552038344,-3.7581200606518257,3.4039381652753198,-2.8231589798835799,6.8619382129575053,-3.4066412284212992,positive,3
20140830,15.337984685890142,-0.15348594792823009,0.8933053663005478,-1.8148753775349193,4.3225891839350581,-1.4616662695817364,2.4426789057027039,-0.82213032124751995,positive,1
20070173,-0.29297193770594848,4.9171160742308935,-0.059637410667550239,2.0525258496219285,0.79780930427882724,1.524640241986738,-0.18974625179227667,0.60428400243099578,positive,2
20130743,2.7260741932754406,0.36230397429385419,-0.57985571111765466,4.2218336806884018,-0.71979118747583026,-0.6096367023122925,1.0861611143468941,-1.2104690852462439,positive,4
20070056,-2.3233746494736462,7.6732692411303578,6.4796737346163491,10.247129130827487,-1.3551178017152576,-0.019822036508090956,-0.12618926115826373,-2.3508750260775844,positive,4
20130666,5.4826559493767313,4.8920078000844303,-0.15857458506461442,-1.0144252023580991,1.620941378146457,2.0455532065803901,-0.57768748597765285,0.54459356701958206,positive,1
19900084,3.6733991179958267,-6.9513144537062503,-1.3533657469498688,3.2676829110469865,2.0195662330441699,-0.94699840024334958,-1.9153495791334276,1.7395302522140006,positive,1
20100840,-6.0806420480502021,0.62078267038374435,0.13970443978641089,3.3877483579179657,2.154607622199888,2.585187558627482,1.1917294971262296,-0.4244973498261822,positive,4
19910806,-7.9728925259595149,4.2481350694040145,1.2717608453163851,3.7940260204183804,-0.74408030264999614,-1.1895933041189082,1.3784057251890796,-0.6705856086191192,positive,2
20101069,-0.24308122847291441,1.0477637934013122,3.315212398963217,2.5098931253865984,-1.3823856499910043,-1.3985046265877763,-0.9690676794275761,0.41319439351337095,positive,3
19871044,-0.33583000737015473,3.852124316823919,-0.38835061712060581,-3.1413212814071958,-2.1548089515015261,1.2561637632967244,0.82724060938868738,0.510496752013752,positive,2
19891087,-5.4142804237424551,-0.015101712048121108,1.1353204044368599,3.1761725482139567,-1.2063915805132683,-0.58588620848794326,0.97533017603962979,0.34187165194117031,positive,4
20000923,8.2576672703795158,3.9625026556080316,-0.90451646479297965,-3.0796363570000769,-3.1325757760637103,-2.4671667176605778,1.1594572836323984,0.75035451971361977,positive,1
20190687,-2.5228628097887689,2.2354819980748166,-0.92947844964998116,0.24057319808080696,-0.67711874394367977,2.2191521991953778,-0.9615243177364684,0.9230490676634,positive,2
20160516,1.7691766059204146,-8.0277599894491445,-0.84127009535985975,0.28311600058717845,-0.68736533745094819,1.6090916566675284,-2.4682224628057337,0.38850233726510552,positive,1
20030021,-1.6227799660490114,8.3196870315957074,1.2690914234584805,2.6329944227193196,-2.4330392651317849,2.1442051298645279,2.3905660386496517,4.3214484691681028,positive,2
20050785,23.622906629689023,-0.7200104254006483,-5.8340850604946102,3.8412354567436147,-4.6834925822506319,-2.0144993432584619,0.2169442067276896,-1.6779852157418402,positive,1
19791013,-7.0925014629228631,-0.39264994580132651,8.5914801414846167,6.1560351538452718,-3.3625098355894423,-1.6871893711806993,0.54059628994256936,1.2709261250065134,positive,3
20140862,4.9211573548589858,-9.0097994022403469,4.9467446812671749,0.30436951056505857,-4.3522716231029968,-1.8199361489324961,-0.13413179988175411,1.9413398650976659,positive,3
19790918,4.2060631928053933,-1.9091202021182341,0.8149387287610953,3.5980785010978171,-2.5044267152602857,-2.2887341280026234,-0.99774388894557031,0.076947432635258287,positive,1
20130711,5.8456410182058107,1.5553460419482292,-1.8753772948621155,0.84376880774713481,1.2327982944381966,1.9635328572481459,-0.12183060247629431,-0.64854898058185717,positive,1
19900159,-3.7028109265527651,1.9003807288133754,1.6566367477743695,-2.486157959070006,1.1192441485609737,-0.45617325032416295,1.4322026306030298,-0.60522031098574869,positive,2
20110541,11.048123775810698,5.0942171830367622,5.0184449891143297,-2.0691725000812649,-0.034311634205181886,0.78924745665140117,1.202983765305887,1.0827263406448224,positive,1
19950024,8.8511831724666195,-3.5847530802808607,1.7954880851870743,-0.86509762101674459,2.1150493417996827,-0.42217367622526236,1.8473313364106798,-1.4224625880685491,positive,1
19810641,-12.083842621582223,4.2714707002063692,3.5979248737445602,3.7324189902776062,0.17595143111179107,1.3568602749578411,1.5893212916633908,0.34450612749609116,positive,2
20170960,6.602565519346264,-7.9694628159119016,0.52513288658892388,1.3249835758306177,-1.8399926955195003,-0.46278125528104547,-0.52784933852342952,2.3872429641450941,positive,1
19960209,4.7040061563282176,1.5463184874945219,-1.5351306105364995,-1.7674286325381197,2.2830104903734489,-1.944334400348092,-0.4141202774475084,0.7437967616054888,positive,1
20207440,4.9824530132702938,4.0756538014918799,-3.0511502772396519,-1.9389045295618139,-1.2319291478457359,1.6604374121480445,0.25229844371725541,0.82387785513282397,positive,1
20020787,-3.3415939254062472,2.5419961296420031,-0.98815667582820965,0.13916130449164971,-0.99536640026986534,0.089261006522478814,-1.21935882727914,1.4090128850148731,positive,2
19850741,-0.92070357395182023,-4.7056543988632447,0.039265048433426694,2.7183701135311229,-0.81307289365223401,1.5533412717232808,0.78539028600987448,-0.02292775500144504,positive,4
20130835,0.89445796486234275,-7.5894438709603032,-0.60264795421240624,2.4654915283114218,-1.1396747030632806,-1.1930066336798326,-1.119843549555021,2.2401094922738212,positive,4
19900276,-4.9952779414050186,4.7779805482492357,0.52504938070329421,1.9915259620913266,0.68369652933120428,2.0431179874907652,0.25763351714338162,-1.226091505209036,positive,2
19870092,-2.0738451687114177,3.0285776299672467,1.372413305204859,1.7948551960077186,0.25431024905132948,-0.090173883856956016,0.035111555842129077,-1.4119292874404838,positive,2
19950677,-1.3149241751419589,0.95175817446702426,0.35950261957923901,3.2812212318210077,1.4967749869060427,-0.83028813091441067,-0.57218690772165992,0.66738159044645629,positive,4
20090345,11.2938429298607,-1.9877387008516139,3.8398385060615943,1.9160669071987364,-3.7385207030643657,0.60599267184703387,-0.19532892001775617,-1.2480331020087692,positive,1
19840531,6.055727322320422,-1.9679360719609928,-3.3710432701594959,1.4579389396522993,3.6136988213002623,0.41971434136017771,0.26825283391711657,0.26256546199711117,positive,1
19990734,7.5252375506182263,1.2193348607217815,4.363214516995761,-2.5668321166814541,2.2165012223323828,0.86577988816864648,1.1497612321961015,-0.7781421239111268,positive,1
19881127,8.727668892935597,1.9864627954003473,4.4588880123614105,-0.78089410928672887,-2.8228870009572331,-0.44794858330410281,-2.5160209745924895,-0.36986213563936327,positive,1
20150212,-5.4843374607140625,2.6180358029651654,-2.736026227578606,2.8203482334349608,-0.66708059153911392,1.039830863860367,0.053730489595511952,-1.6681182065653781,positive,4
20050206,-4.9517517061617742,2.1214696937412953,-0.15210290973835858,3.5524432869704374,0.056613027145660584,0.93165028036217157,0.33645290640447495,-1.0858212667344367,positive,4
20090434,13.67620234647689,2.0460984520345584,2.0209191425905719,-1.1811114380894541,0.88019019993190994,-0.28466137125507379,-1.8741516966841492,-0.058261474054510543,positive,1
20180772,17.440625958415197,3.2509240836448003,-0.29067626385911099,-3.193069933433669,-0.063954990489962837,-0.72835574978676942,-0.6956418515681092,0.75472991545738577,positive,1
19850112,-3.7046204918026659,-1.4256877164143364,5.1888858685676116,-0.71678888123748097,0.61208647294942742,-3.5084314809134884,-0.50679578564863093,-1.4435217314081477,positive,3
19800464,13.124800336420195,-3.1896509737248362,-0.6309024158745522,-2.5377733735410923,1.8800605286134424,-0.37103835126706952,-0.58885339725024066,-0.79720131464571786,positive,1
20111013,-5.7171961468867591,0.69213083263331232,2.1608299607957373,0.78762856162550632,0.54014393329593013,-1.3193466186459704,1.5939590478410641,0.64993299759675027,positive,3
19861094,11.791805297636506,0.32070390940570465,-1.3013234890262728,-1.5778701811322957,3.2990908368458265,-1.0099227544937446,0.77303059920806561,-0.43555851488575409,positive,1
19840365,3.8770834680282378,-3.8726600694208426,-5.3289062118441022,-0.23578726590141785,2.1179069101849293,0.17834124752137528,0.82349292885176739,-0.062737009339788888,positive,1
20070926,15.554777343413136,-2.6923746302664471,3.4464371976690895,6.2617854453944437,-1.0519915748500124,-1.2068803340347038,-3.1680052574482205,-1.8756350868496325,positive,1
20180602,0.83536667326253566,0.01619435241844272,-2.096299376270693,5.0031366004669939,3.5087793456691259,2.3253739545035494,-1.0030281284643616,-0.0080140414050029005,positive,4
20070578,8.2954852349113217,-0.73584328595321102,-2.2115935517319447,3.5410956409613208,-1.5051022679654307,-3.0443891981643811,2.0620049792528872,-1.2186542462477479,positive,1
20060680,8.0994275811576131,1.3436331215346387,4.9426401973771119,2.0437078476785504,1.5368069551081966,0.57120170354191191,0.61367477008484506,-0.80050547994672694,positive,1
19830793,4.4567227003919081,-2.77576925505823,-3.7710527761921133,0.9535935342784253,2.3887651143559778,-2.5927169122642901,1.5868395161457367,-0.6899160514001148,positive,1
19820835,-3.0719588608451089,2.6789725309337258,1.4513889860842026,3.6795410536083399,-0.83288715355493625,-1.1185616941278289,0.51681179362195251,-0.55142042899815225,positive,4
19990160,1.7370539799911919,5.4816146143940401,3.0765901143920074,1.0055188793575489,0.11461020358394276,-0.579886758451022,2.7914551061244901,0.81374715883531368,positive,2
20030478,6.3157082051935456,2.6567616191675074,3.8420426557438407,2.1521614533422015,-1.9825180054390541,-2.2052044060571236,-0.43022376893962705,-0.49539493177443611,positive,1
19960379,-2.565500325470333,8.5896305538317037,-1.2938655571209383,0.75374144269241683,-2.8015823919888514,1.9890142650939875,0.75453629287059676,3.4288678672437372,positive,2
19820917,8.0657842236673325,-0.17459581636443408,1.9999972349467154,-2.0127079947652478,1.4599450176422826,-0.98756541649002816,0.19035737737175992,1.4369022259468538,positive,1
20040688,-3.0899884393162127,-2.581846700061837,2.5146864168486127,3.5513805932160651,-0.65209675712691573,-1.5022829002334714,-1.158651504247443,1.187519857171744,positive,4
20170395,-4.314193202492282,2.8534761597462697,0.49550465226165058,0.55951797453651886,-0.86126130089330766,1.6033339015340329,-0.43170097960940645,-0.14625903786067868,positive,2
20080010,16.007953191793924,1.7451492446052561,4.3706989709579434,2.136007747406734,-3.5073940920052435,0.54141720914744851,-1.7751693973845157,0.5787528665758247,positive,1
19800347,14.106725248825381,-8.4186578677481663,-10.321367972692622,1.9665828585374703,4.5898064894608437,1.1805852758708659,0.026052261384346326,1.3402390339710006,positive,1
19980434,-10.680905744062491,1.6453648003302122,3.8137708486300923,1.8452352217704531,0.47180861836436083,-1.3341717145786474,1.9562542840736226,0.48567612743517319,positive,3
19980895,2.3833031297082803,-0.86953072722251956,1.7569137540762012,-0.90258693731384232,1.0501295431186148,1.6031346988072344,1.0653682263107276,1.1587683244493863,positive,1
19820292,9.2587707362119058,5.7710802674821995,0.19357333908780272,0.98561086398273678,-0.6724911678244323,1.1585006166516922,-0.94391979484899069,1.5408765192417371,positive,1
20040153,0.41138575086733892,-0.3616701317720773,5.6493469153044664,2.0885989626781174,1.9200223702467987,0.26328610170386679,0.89013647067283863,0.36171009926769704,positive,3
20190879,12.968414957489165,0.35222426146957958,0.052323237781661099,-0.6964464632096572,2.0294427980274592,-0.84220956647545775,0.11467932168977263,0.37380511085667428,positive,1
19900488,10.825213193216369,0.70787502670906233,-2.8639883760942744,-1.4940039919115002,-3.2114628510065812,-1.1751519609370289,2.4790621709637071,-0.21591379710206532,positive,1
20040497,15.239851386481753,1.3249291514161228,-3.4410069917587101,0.90651867240477402,-0.88774551408100344,0.61225510464454558,2.9503286352610512,-0.63492701095948867,positive,1
20140877,5.3111001401741458,2.0656526685377417,-5.8806893632416726,2.1424796123866554,2.8821864900410663,-0.35229762343619775,0.85580208529963275,0.071561752496174066,positive,1
20000568,4.8506200827158361,-2.1515031220774099,3.7214777728732105,1.344510255288845,-1.1375811135784977,3.0392070662317829,0.88998793408133303,-1.4213094973546354,positive,1
19830375,10.007175250227636,1.099854370655682,-0.0020322927359114869,-2.7646294974525021,0.54715799053876579,-1.8541653768222799,2.0049397174934782,-0.093523752704043436,positive,1
19960642,-2.9768620241471679,3.1072495464351393,-1.4466671784759426,-2.0362347141590087,0.13416787102613323,-0.27855657550129737,-0.46558001969300067,1.9720706810699027,positive,2
20100583,-18.289421550373788,5.9858512362579344,1.5335846276824436,0.61102988307304229,1.8584835652446039,-0.16669012787266538,5.6705007089118435,-0.18383141151239629,positive,2
20161003,1.3533400916470131,4.9341135181747493,0.88349295219504365,2.0365990061979429,0.67759148943180192,0.70678037874343935,-0.34389416999287398,2.4692879548844382,positive,2
20090679,14.90222942828083,3.8342365489880139,-2.4659108330343438,-2.3500483657670959,1.2079855146026395,-1.4864413080666152,4.4528446713619818,-0.043502557337526393,positive,1
20130020,2.1544375689259967,3.2404965541675952,2.0401988930276609,-0.32381008678751977,0.40660180521361161,1.4610238652951497,1.0000074224236419,1.0486783302009761,positive,2
20080975,7.2725595002326839,1.0191187569692448,7.3470922793455102,5.1474566128880577,-2.3225276744335144,-2.4350871326944454,-0.94913623645450151,-0.68763495889334747,positive,3
19830202,10.782673446334369,2.3553207853648548,4.6040567124273339,3.8014079783236201,-5.4206220631611606,-1.2542431732069794,0.042193272284187053,-2.2848329532270801,positive,1
19890844,4.3549831518375592,-0.91037936413036602,1.1475784725026583,-1.4647620320708139,3.3151625329870407,0.044479078948054772,-0.54745712827932735,-0.75614851826883789,positive,1
20060435,-3.6160579800596993,3.7525475886687305,0.78231918974468884,7.3403716049226757,0.33955024420237645,-2.4877636555039482,-3.1771761768738576,0.28116803795164996,positive,4
20030116,14.671760986403015,7.1354203429810132,3.3848422463637537,-4.2380862214856903,0.26735436034891563,2.9624468515745859,0.52641516923664344,2.8437301436499509,positive,1
20070732,2.0195220352755729,4.0173116061225098,-0.67035238374966521,-0.99134979898475317,-0.21175162484726631,1.7967463307877209,0.97999632097297795,1.7703562503669847,positive,2
19820674,-3.1938974932303039,0.41404744115607189,3.6026574191859422,-0.78278461662600973,0.69648870317007516,-2.0693858253160862,-0.43157973153187551,-0.0027228600740211218,positive,3
20010096,3.187293586493217,7.309289093444244,0.55667336673017098,2.5429102814724076,-2.6157776784143132,-0.55512644225247243,-0.011922191847113071,1.4067461964886885,positive,2
19970233,10.440941435627957,1.7503288482843167,0.83021642299877274,-3.1975854812632662,-0.55033090466487178,0.30290923533991915,0.50315360102762563,0.81191397071602722,positive,1
20150783,-4.7153738500523028,-3.2755938984345212,5.4873083220285164,-0.9187871733751346,-2.0067544996795164,3.3671971934319469,3.2269251114378714,4.2946039245982739,positive,3
20180249,-3.6443931556977467,-0.89390867605192381,4.0233968231334867,-0.10078718666210061,2.9993142679112559,1.7214182883316798,1.7361607373476986,-0.23227910617106018,positive,3
20020445,-3.6792663975226736,-0.49363725697726668,3.3555593254011731,-0.39379766692848972,-1.5984094881175286,-1.1428740193423139,0.40676694106396155,0.34616042283596715,positive,3
19951168,0.14020051268148603,-3.1428376731140366,5.6549597773654217,-2.6771902050568439,-0.11272396756333651,-1.1183605264393726,0.53341431733154021,-0.47703755501337619,positive,3
20110629,17.769932778188366,-10.622612760504639,-1.9938785050270964,-2.9759073962554092,-0.032353899793375884,-0.74330988344629367,-1.0045597351700741,0.38949222949975748,positive,1
19980679,9.5654468543525795,0.83503911146596166,0.60986372606912331,-2.0520221781952981,-0.42410647455550116,1.1163055806857647,0.13148861012857685,0.87051570130135281,positive,1
19990975,8.2818548583696554,4.2742651465144563,2.4103780117129947,-2.5969789490064166,-1.0848563654926715,-0.55346584197567972,0.66090650948951757,0.45790426917526683,positive,1
19890595,20.521058170729361,0.059461679413352939,9.3226254026307878,-0.69841515866817383,-2.3751436861203072,2.507400568178896,0.99846464770351839,2.8322497639032584,positive,1
20030066,10.91484903903215,0.58870711638333606,-2.0167875345975923,-0.58482249400564634,-5.3521803036409779,2.4362036431920084,1.5083917951318468,-1.124346376019361,positive,1
20190695,-3.3646463767944192,-2.6812277578321901,-0.73919495472529284,3.5894757143383158,-0.95910309775069602,-0.24148294915992374,1.3633296852394985,-0.17099671236119932,positive,4
20030099,19.233218795704818,5.9462694702611376,4.4185767488656538,-1.6003288953134367,2.6722257311268582,0.45793200651955124,1.2986489098332361,0.42907483902715643,positive,1
19890816,3.4787744672050684,-5.1305188629243998,1.2347025585336853,5.232442082614094,-1.1545264770000285,-1.6370748824653121,-0.74431474147943433,1.4692334845468713,positive,4
20100459,18.116695948131774,2.0812663071870383,2.3938415212927642,-2.0037148966080598,1.1248293207588678,-0.76080305966373707,-0.21728673265106754,0.63657415915424465,positive,1
19830250,9.5725611971547782,0.50025202375354028,2.5917671717187125,-0.13663357823737665,2.239162148094703,1.6075709927148354,0.17216081069701838,-0.77380572550854454,positive,1
19990409,6.1108745657163883,-2.4241766782192391,-0.44324692937367083,-2.3937681009584266,2.1835112107407761,-0.040719489730857671,-1.4184758184212443,0.79794841194637156,positive,1
19860773,4.6872536158794293,-0.21335753642936947,0.53656645176783613,-0.038611345792571361,-1.0128917897616581,-0.55053460974836477,0.015882684937305287,1.5220219877803558,positive,1
19831074,3.5799517305635593,3.9541470828322005,-0.54112823377972052,0.55749841380404985,-0.35451121097636906,0.3076590568309775,-0.074762433194779293,-0.7234755212341103,positive,2
19850955,3.7115982425635834,-3.6118409806513876,-6.6349982463106922,0.73351582551441108,1.1766544239820829,3.2907965501883987,0.40179623737327597,0.51006973613336359,positive,1
20111064,3.087861193241396,-1.1287282080576257,3.0520421347034463,4.9381162653162223,-1.6207324031198249,0.88030358868818315,-0.77484682666705962,-1.3493220585680248,positive,4
20110990,10.110342345867329,1.0388683036134745,2.7806058045571045,-0.96952394651157314,-0.94059861726187,-0.66822471220131874,0.57597856395439795,-1.0573614341192468,positive,1
19990699,-2.07968117165036,-1.1963946846617985,3.6720558565943149,2.1276142623881844,-1.4310784320803922,-0.93870676403748876,-1.64630659404598,-0.15040990649639183,positive,3
20100112,6.4717255758660572,5.6166887658758711,-3.1817083726240178,4.3463194133231848,-0.80095091724403789,-1.9377280288167167,-0.080253076001273849,-3.0420394337334997,positive,1
20040777,0.28355699283036728,3.2563044672140848,-2.5124150173781623,3.7586700162788595,2.6538509744867294,-0.84776969054047613,0.27711952066539425,-0.62922280172320799,positive,4
20203660,-7.3269881480312042,5.1704010800358029,1.5002537127361733,-0.10494484149781955,-1.801569265138669,0.47583932910726795,2.738509104608787,2.1069762300031205,positive,2
19950770,2.8516799047621664,-0.90269984636343714,-0.31251550893229219,2.8213167954342846,2.7002047879037101,-0.85519023704323616,-1.1727950654553232,0.087615546131782338,positive,1
20020708,-4.1607985392055262,3.7865939730048583,0.75292913809861328,3.1062541392658609,0.39864303300653642,0.52987230980464062,-0.38149842318633387,-0.46489266231247334,positive,2
19790791,8.8681447901695147,3.9329337552132015,1.0232693187140045,0.46121769644247007,-0.87183156221716263,1.8730508261577175,1.1284493122695756,-1.3938924081372317,positive,1
20150546,0.047553149443260147,3.7642400783311341,-3.5554111104630155,3.2215330775552156,0.079742628131780707,-0.39781809583562017,-0.80555991266403859,-1.3948373874738691,positive,2
19930687,8.3508961088065803,-0.88626380788123593,3.0645346971288645,0.47814564067430199,3.3250732509806888,1.3314510305599956,0.72729482933897693,0.24668124126792665,positive,1
19841041,6.3964880875673407,3.8993262235458772,0.74409912823275937,-1.5059612357546563,-1.4811495116612894,0.84852817325178032,-0.34048808887246901,1.3224915132835628,positive,1
20080098,12.07953145676489,-1.2260085505284648,0.83948340398608123,-2.4975483051849241,-1.8233054827139543,-2.0443262893801597,-5.5009853529872599,1.4226318007863521,positive,1
20170348,8.8878410333540767,2.7588008257410674,-2.624819931989216,-2.9199076801132589,-1.2411369080910819,0.82457942804456541,2.3887085866830504,0.95399248273419046,positive,1
20050276,1.6845241883139308,3.1866115032954889,0.47184052235692203,0.35672490613169666,1.0077175055256329,-0.47512787401538198,-1.8880310269398861,-0.69052716137892578,positive,2
19900400,24.850119655677389,3.7092689665557224,11.15575863931552,-6.541433732985217,16.833500115396564,-9.0275725455202203,3.2913356181839233,0.55549591918978269,positive,1
19901100,-1.5574672664225804,1.5461045297643949,-4.5061476429088101,2.6509106293811819,1.7202800302528325,-0.3642173365841026,0.84002760825138156,-0.012570937481302486,positive,4
20181202,3.916562785870576,3.3804876720522099,-2.3075318758721313,-1.0831158553058764,0.57610814489948547,0.1603398577725027,-2.3959413319934368,0.52821549204701501,positive,1
20170832,4.1594690940342431,0.20489103247141108,-2.0067522698357636,0.82046115747199422,3.0297693332030966,0.24195894349603606,0.69201206353422373,2.1086812050479042,positive,1
20010588,11.083151247453458,-0.68745041833514586,-1.5822729591405298,1.2446466565498633,1.5511391221576114,-2.973573247032046,2.8183540102453595,0.1412225158324811,positive,1
19870649,16.742762534254485,1.783152708974129,-3.5662495840691442,2.6236658635137209,4.5062273826223151,0.2293262554936738,0.64422902998216824,1.2073069744594782,positive,1
20011077,0.90062622739698994,3.7456097521569403,1.5451527414238424,1.197179368358207,0.30010265157441524,-0.69214830357362811,-2.8035806165441675,-0.14950295977769937,positive,2
19930079,4.08046097261398,-0.45768512486870683,-0.9685466741615526,-2.4136587309422208,2.3082075658031433,0.14796551606651653,0.16797257865720511,-0.81937576374135157,positive,1
20040054,2.9198004205144281,-3.3823111555806511,-0.82372056515729797,0.54552226990496566,-0.20054800659375843,-0.63973541767342301,-1.9064112091580807,1.8085959637761202,positive,1
19801064,-2.7811284678651851,1.4847654973526241,2.6114123792682218,3.8353817076461922,-0.519811796234394,-0.84014810879644275,-0.28897783755148443,0.29877846771794242,positive,4
19850012,-5.3157894825610725,3.9212004091305155,0.37956322622287003,0.51432247636641282,0.41870516325531709,-0.2993937921930161,0.31297784385303035,-0.70698603711332753,positive,2
20120095,7.7646776457028022,-0.54122043409310339,0.78033059151923478,3.0771762047772167,0.23226568059101207,-4.083388295183374,-2.2091676684956569,0.5747231175996006,positive,1
20191020,-5.8462816477147648,1.089729266871921,3.4034672241785668,-2.3824701975117315,-0.8354651203441138,-2.9909758294760143,1.7903305109635492,1.9292296128924971,positive,3
20140731,-5.0359869928398409,4.9136762214639589,1.2525450864518246,2.7269768995434793,0.083813174744500687,-0.42204136770445444,-0.13705967466520441,-0.1280949283096518,positive,2
19920851,14.660267927913132,-1.7747836148613538,-3.1957813415210281,-0.13662248846609815,1.9232324202949194,-1.6646839654263057,-3.8870816862911473,-1.1091918177100426,positive,1
20010206,19.710510684406522,0.55715631284497102,3.5981139792375871,5.5030299577337951,-3.2958336718878383,-1.6470774527765508,-1.2041789987996858,0.65290009089625733,positive,1
19880256,4.8584048445838199,0.3092108387083663,0.67630917321128869,0.16735053792464866,3.2626029174979152,1.2132385543068394,-1.0618836389009734,-0.41260165175302888,positive,1
20150436,3.2105857802242999,-0.039299512624860783,1.3047207928037752,1.4624016807355356,2.8958561971819825,-1.2493868307496148,0.46121542468256649,1.9294022824169321,positive,1
19860295,7.1272788306210115,-2.2354521766686171,-2.0105001848024511,-0.46590885430486428,2.8043507996682595,-1.5228309545969303,-0.37025268715460774,0.53175654351419921,positive,1
20201429,-3.5344655868167352,2.3825090902097195,2.9858692446180286,0.31218627475924088,-0.44270103181342535,0.37548657599611945,1.050160090448935,-1.5068721656577468,positive,3
20151163,17.492291280290043,3.2146728860544078,-2.2092393776322523,-0.75949742182626223,1.4501457278953114,3.4774510899122584,-4.365915653714409,1.5810794370475063,positive,1
20160195,13.992089137726651,7.6359181894098755,6.3184878543398177,1.7337001273041712,-3.2425141497243883,1.302072647766644,0.55183621240894309,0.7004608520545369,positive,1
19930680,14.813330518923797,-2.3548912632410275,1.9602913466125969,-1.0205084678866552,3.5523884995728783,-2.0808203717471447,0.53582517511294214,-0.47085614027868589,positive,1
19990098,14.744919566956842,3.5892979215566139,-1.9017092053336648,-1.6050735109287735,0.58125484286487883,6.2076010656700618,0.25596121433951013,1.6976717348799444,positive,1
20110365,9.5404623137160698,3.5553915338955639,0.075422275418421378,-1.3714368245696573,-2.2080852683200023,0.47074573389494212,1.0862756671872318,3.4018734110126503,positive,1
20120693,-16.770199787824296,5.3604976163663993,4.5307001936921969,1.7281899686755382,2.1708105294661642,-0.7838366866758496,3.1346369365544819,-0.33280938631205864,positive,2
20010400,5.1038810574099998,0.96438542513719216,-2.8724973821643993,1.1118669088084501,3.2863859171464282,1.0169952220642466,0.1314903079866612,-0.88126745175365384,positive,1
20070821,-3.5680220016127548,-3.0638814098493961,3.6914701089212887,2.0352271595669045,-1.1162863150747568,0.1229391109713661,-0.76201402112301186,0.87952614194301393,positive,3
19940276,17.746729038467631,1.1857395397971049,1.9980290557230893,-2.5613832435255297,-0.15329248638448054,2.3461549839447264,0.38012055736801542,0.79860476088918952,positive,1
20060787,9.4096849462869354,0.0047870126755054547,-4.3331157494100916,-1.7903642701319842,0.54116272964238221,1.3710451418049769,0.4938377563232732,1.0374594485375872,positive,1
19920732,-0.63153909652672846,3.8938761834702249,-2.3442562079270814,-0.42661190511514718,-1.6754727047347984,1.8969751850722221,0.99297573943709527,1.8169856689124786,positive,2
19790589,-9.6709954248895791,2.3799245586028404,3.5417962262640641,0.31742063346525307,-1.3095943512819352,-0.16087545475347925,2.4098290859277887,-0.11477870603637835,positive,3
20140852,17.310715450259728,0.84069391070891608,2.0159951195567114,-1.9071236961854008,-1.6835957620984929,-1.3421939596083483,1.6787123600428548,0.44454962605390963,positive,1
20121126,5.1917297918011176,1.6144049612507829,1.1562391927947606,-0.89805035644140874,2.2868063367993772,0.43911721773711127,-1.3138443815667182,-0.78388371983319172,positive,1
19990509,7.1719610236528277,-0.94525636731312312,-0.52392512496990029,-0.37100987935896118,-0.28384129646826084,0.51505298891840567,1.9954922025503068,0.70405993832826563,positive,1
19820057,-10.913708257583643,-0.85102812339186928,2.711168373060691,0.44114833025518152,-0.59040043494412509,-0.21124618831932346,1.5395636086816005,0.1027403252271107,positive,3
19920043,14.232045963264659,4.2469410634756475,2.6962655401694255,0.15838064508991012,1.1489381666586937,-2.1785013496849222,3.7413128747515976,-0.59422073075107407,positive,1
20061067,6.1416786443148252,-0.60664050973672379,-0.82148945820956509,-1.440802788078162,2.7430916806140542,-1.4099820406733339,-1.4800652386383599,-1.1288510296151091,positive,1
19890495,7.2134860431648917,3.6472008487118992,-3.5343735371941367,-0.62858330734292978,-0.12819985293645908,-2.2920849527707166,2.2180770973476021,2.8954133424027972,positive,1
19810877,-1.4710261563872644,-5.3693260216016494,0.14081241130791813,4.0961738964083008,-1.2123568767974342,0.092575949011857797,0.43448868743182145,0.78003059796832341,positive,4
20170756,9.8321853111784261,-1.6691733895981158,0.71737605537532045,-1.8761589302357129,2.7948584981209761,-1.4087881256436496,1.0455483024596859,-1.4427068344906118,positive,1
20180438,11.937642113218267,0.84885813285517031,-0.50714062831707096,-0.051911638403751507,1.783561373636203,1.6983194500343404,-0.17013727711847854,-0.7869332130586445,positive,1
20020261,8.2506378232886508,1.4455634600601617,3.1208900764009813,-2.8543389761741249,5.1192786275941966,-0.92318067889972422,0.68974131459563837,-0.8285870510313208,positive,1
19910836,8.016422727592051,-8.0744385381142401,-1.2925947557577009,-0.3431268559143556,-3.9666970173191238,-2.6860905866032931,1.274197974643595,1.5872577641316588,positive,1
19900790,9.2015972708503444,-3.5487751106189984,-0.67207659168828771,-1.6219016870445642,0.15037536604678928,1.1794286475971705,-4.50006146433146,-0.2768360247457442,positive,1
19830908,-3.0591898099992205,3.0459294945621118,-0.60860535555468676,0.66067853256732512,-1.0698617873602314,0.73880951339090217,0.42119066635690894,1.0055551288244922,positive,2
20130656,-3.3707938854627848,2.186278973879487,-1.8067294755631296,2.7789315466613429,-0.25419461922466824,-0.36728836439330004,1.1294965601272615,-0.59528753877359142,positive,4
19960111,15.069446809236391,2.7031849561425076,2.7784355037118931,-1.5927045479103916,5.3171585186420698,-0.68240925358804716,0.3687381986439629,-1.8519394491680385,positive,1
20140855,-5.6501932311580392,3.0920884118698528,0.065414636262559667,0.26070439743869434,-0.67389622817072137,-2.6794145804395413,-0.27894079624363355,-0.96387488723044001,positive,2
19850852,-0.54175605285744266,4.612285741806657,-0.38852768268773569,0.0079465745432410577,1.4861904639366821,0.94729316461275181,-1.1328864195733901,1.3625675174594236,positive,2
19971067,3.5766052456076021,0.76205001422207119,-1.3942943025960743,-2.7214236511081098,2.0870951166278471,-1.1029776212865641,0.70837847716669788,-0.89360194757546418,positive,1
19880648,-4.2527826195442593,0.18239563303465689,0.98216532149835156,3.3213232813725733,-1.5338594774676253,-0.069157319719461041,0.89659257392184244,0.44802544630728969,positive,4
19990905,-4.682413872031888,3.0199947997809589,-1.0574439605168999,2.3050033354308299,0.43983249326555018,-2.2968689018076374,-1.1909142656974878,-0.40190563079875929,positive,2
19820050,16.207880484245351,2.5160682460311077,2.6111776524719543,-0.62861878938982618,-2.8040098154919915,0.24765401166274961,-2.6613432665116941,1.4363426709565066,positive,1
20140385,6.3798424290355618,-0.86399715262709709,3.1520019918171074,-1.7536675055313813,0.29983456978746453,-0.93404026640517368,0.57324569270687831,0.69415802267842297,positive,1
20010618,7.866354820848688,0.018964714661538744,1.9556365981919448,-0.92119240972920213,4.6772096987302287,0.08028065484496219,-0.046841629152535938,0.49728987679187314,positive,1
20110659,-3.5948729406161011,-5.874522277931935,1.2148826583201138,5.4232129407221583,-0.60126287194045547,-1.9087803586225862,0.91380004774210066,1.4515302321284731,positive,4
20170673,-4.378152232106749,1.2322009813007313,-7.6786986511676432,3.3725489460665501,2.6880961276966042,-4.322016531022232,0.65971652609104081,1.7376054925929916,positive,4
20180548,-0.36912647431409862,4.3189697637462645,-0.94709214016037202,4.4795055350768589,0.28046945418010427,0.33716151090618107,0.87732843978205588,0.439988779859178,positive,4
20030016,1.958100344659099,5.1779237112091776,2.2868251622415046,-0.60304230860524577,-2.3675220092073519,2.0688527712335456,-0.77672703058572401,1.880533141387331,positive,2
20130057,-9.0274286113619979,-1.9955728787734421,1.1226082910641604,2.5543660830531256,-0.24727298077030971,0.77612735102705399,1.2612877157569411,1.3574957991606598,positive,4
20161021,3.3792220717903803,0.50389302586699147,-4.205488881985378,-0.89615740422497892,-2.3357509067899476,2.232748326906083,0.44008880676712797,-1.1369473619461428,positive,1
20100877,3.1562589292001029,-4.751155778873283,3.6393281545191791,3.7049744643649349,1.2299483166216081,0.59147734323348655,1.0344064673013103,0.79757693691788178,positive,4
20000863,11.791506660658646,1.2800683127542816,-6.075869646270954,-0.070738606208374952,1.0546227094216829,0.13284281915240362,1.5781071206683417,-1.0669458790603115,positive,1
20100822,4.6498461768199766,4.0970386614837659,-1.0676188022648037,-1.1348460712818917,-2.071457959733205,-1.911818988420414,0.23267903348292476,-1.0108355603198889,positive,1
19991186,4.3413240560591113,-0.53611847680879299,-2.2215166276713081,3.1864675396522841,-1.5089863310663378,-0.39029744347120932,-0.26084511149075795,-2.0596056214022069,positive,1
20080481,-4.9801820953260876,3.2888726848170564,-0.91274988465125118,-1.940868310834436,-0.65512575689930552,0.60065233697380449,-0.95591533601082401,1.3935185177410929,positive,2
20060442,3.7878520578348014,-2.2332895743155072,1.0261867469473993,0.31988680138328862,2.0767008322951508,0.084264649770784655,-1.7373573026906985,-1.423567179306511,positive,1
20120227,-11.521440715282896,3.1013726340698025,0.79782206067490069,0.40719532350264065,1.3184013310764946,0.032945264506002922,2.877845437233113,0.36334035903903134,positive,2
20060849,-0.1553515032140452,3.9285095226708999,0.60352299878831761,1.3548624216686413,-0.084630510787659,0.74040226695690348,-0.82494312057260499,0.84251980701603635,positive,2
19960066,2.6043847644167339,0.16697081524312779,-1.318497742410552,2.923197706595154,1.1619271560984865,-1.031952303345866,-1.0594705991454463,-0.58129894057537068,positive,4
19940668,2.407798616220052,-0.60181381770046027,6.5144336204215278,-3.7920963701946144,3.2709622331472175,-0.23962139792904683,3.0910539182804748,-1.0797492804800528,positive,3
19951090,15.608309109655446,6.5008509461864339,0.88260666661520693,-2.7112293083233374,-2.5718468225679656,-0.06852479345458419,3.6796593687821062,-0.34786911664794623,positive,1
19860827,-4.7908049141533997,2.5074991507847955,-0.91279695390713567,-0.78437049898114719,-0.45595503975074575,1.6936884750354371,-0.39125430785896165,0.59145015046988159,positive,2
20000712,-4.5990592439677993,1.2654837240768109,-0.26692192925206087,3.1221240790493132,0.41563451029862497,0.13438746999198078,0.20312256999955855,-0.75018467978192171,positive,4
19950131,0.43037946576913588,3.1357777644456193,-0.089545231163363923,-0.42755433877280813,0.55034365550639541,1.7741785983707576,0.17441490588855324,-0.33880843081538692,positive,2
20000063,5.5943092637504312,-1.3682450015618921,4.3596657051410448,1.0723922752052488,1.2833773055219306,-1.3524865969076802,-0.15576048853231317,-0.06013859160247681,positive,1
20100022,3.3203261076724839,-2.035698192835584,3.0561924749659601,-1.1009811525083728,-4.1345756205963822,1.5093354061146695,1.4528839120264694,-0.33391294070826522,positive,1
19790729,-8.8203250287938815,0.033872243351554018,3.8151466552171827,1.8804171727424401,-0.57957282675723909,-0.36519759088175369,1.4745503269695146,0.88040204246931597,positive,3
20010331,8.7921816110926301,3.1034772137478912,3.5174665497739723,2.0228239685231593,-2.4691121140354184,1.6883928436039015,-3.1413515113760884,0.15647598789251618,positive,1
19820972,-0.11933234878241776,-0.82583754736034776,-1.3900145769435723,2.8495627269378483,-0.53677176544826766,0.36189611724673038,0.026088995426008815,-1.601891486391692,positive,4
19821086,-5.9921020906623239,2.5750398537912793,2.3064092016011193,3.7667833301357105,0.3372158957012793,-0.41680772941797201,0.7393129871953813,-0.80811127401504934,positive,4
19800322,-9.6534775709046539,-0.46469270681217656,0.67404532823212049,3.7157314645997088,2.1683530670082125,1.8105581508236857,1.6325005339486378,0.56755662367955251,positive,4
19850654,4.9590422932665899,2.4778290862636938,0.67788482516083948,-0.71416957223042221,2.3866884638949761,0.73763085898385927,0.95330639389321081,-0.080491607674285218,positive,1
20050869,-0.38249806528587926,2.4876090610085146,-2.1783601057302202,0.48811676174505014,1.9947582864146189,-1.3225566653123657,1.4700573962949095,-0.59815615843727055,positive,2
19930748,-6.6552586177156732,2.0677808363812744,2.4284314927643318,1.7255275564049395,0.16153314043079955,0.46023867912029526,-0.30424673049599144,2.2990329444389315,positive,3
19820805,0.37515165049500199,2.0550113212882026,3.9904908765947074,-0.53953015141873484,2.1265670352666204,-0.39895180967969729,0.085556782212283078,0.62706630687695175,positive,3
20051137,6.0293815738328362,-1.0580251168172337,-0.078223865600896253,4.2819631931437145,0.67667473091587582,3.0710467299188826,0.14563861237299899,0.40293569684420899,positive,1
19900241,5.0374734314165073,2.9913962662415008,2.7743093949754223,-2.4192469620673602,2.0475426285933711,-0.65968813405394322,1.2379795476070525,0.21599503783345067,positive,1
19860905,-8.7371090639493314,3.9792545537306609,0.18654599628702365,3.442236163037323,1.0298863629276895,-0.071887859192794779,-0.71805744636678004,-1.2724488011123558,positive,2
20050346,5.5430514527717332,4.0477933789499936,1.9130920272137317,-1.9945517057685429,-1.4915805676520797,1.7420078272503723,-0.86500949624669909,2.7545332720098608,positive,1
19830078,-3.2924591944285475,-5.8285153904767499,4.0902449082922523,1.8790327476595308,-2.0495285578158842,1.1996551804056352,0.061973995169424881,0.34051725419876205,positive,3
20130387,7.9773081293221164,3.9536186903849142,1.7138729713202117,-0.85140548775368463,1.1661262554511751,1.0180804557297813,-1.5351647932020829,2.2483549490203276,positive,1
19910662,12.203815502233235,2.0799803540023296,-2.004952032830861,0.95904973914010561,1.7263498136588016,0.81147034616316804,0.97450622975575873,3.7611656818430514,positive,1
20150222,-1.6944167269508623,-2.244285618365403,-1.0811577437141828,6.4355805502096572,-2.4359048431000376,-1.5962105525892845,0.27813149569682383,-1.0908790250151328,positive,4
19980456,20.016781194895543,-7.3092499432118707,2.7055751370629459,1.4772580872349577,0.21552942284514187,0.32204389060315813,-2.4656897270744782,-0.16023654274985699,positive,1
19980808,2.7717847164749831,-2.5827364863739586,-3.8515136393282998,-1.4171368172364422,-2.8186113864856721,-0.23582724173426883,1.9803328535439753,-1.5517606454475579,positive,1
20040164,8.7568334248049275,0.77065033751640399,-4.1581547905970959,-1.910583999531744,-2.5180250849834338,-4.2518099936769618,0.10686617090767782,1.8100027118299389,positive,1
19850122,0.97363104059596384,1.9978118128999725,-2.1859244654048502,-2.0393081519977816,-2.1440518006490437,0.089797982369081819,1.8118366659167837,0.9957356963202203,positive,2
19800401,-1.33948145228975,4.4558566597105376,-3.90412253667979,-1.1833444854395043,-2.4074287067021687,2.1901928527478192,-0.56305768164240189,1.8651614999705439,positive,2
20171179,8.7239378176527804,2.3191074185106699,0.23348688921896768,-2.1768520245400538,2.6914698791755378,-3.7709051414450476,0.72849347167112333,-0.6235888718837953,positive,1
19910747,2.8569494420963331,4.2033190924154171,-1.1472914018783087,6.6034456688521992,1.6529820774035464,-0.56427657346886761,-1.3478843669434579,-0.17089762821031695,positive,4
20040615,2.1250145592310536,-1.6949379920126331,-2.1316217255624381,2.9481263669470126,0.51491954668708229,1.6755984011040097,0.036061345948635089,-0.19536535799308638,positive,4
20050919,-1.6828418307589874,0.79554867604189738,1.7588601238935955,2.7739515008931024,0.68677660764429349,-0.018210220103138889,-0.71544815009982099,0.15651476582210352,positive,4
19880333,20.027220946114095,4.4487324877048815,-0.22540427001510724,1.0870887546596064,-4.8314739740998673,1.2203037576365905,1.7573420173669947,-3.0177005131315413,positive,1
20131086,4.1496332205650157,3.0941018270322758,0.47060401616632225,-2.0529103544013374,-0.097195988846926359,-0.56566960258496202,-0.28412350486321875,1.4182383444588205,positive,1
19980250,8.9184647911058423,2.7597277443658776,8.053126594816657,-3.1981965192229453,6.3571408246929577,-1.0201159557854007,1.9145063514778351,-1.7305996866319673,positive,1
20051130,-3.2767215924310662,2.9710632508387453,0.12776064285643876,0.96829506803194076,-1.5674123426354434,-0.9857844005288382,-0.4964516765096661,0.55128158093018809,positive,2
19860278,15.398572986071331,-0.55479921217914974,2.0502547082503315,0.73403561721141664,-1.9518417666371812,0.58914074620982093,0.19903684805410277,-0.35930299416247219,positive,1
20080105,5.8981768069727289,-1.3594965287296821,5.1575275251682431,-1.367341440822526,0.48690809677136759,-1.2277237998380228,0.69438702507309635,-0.59763339506468061,positive,1
19810100,-3.381209587394101,-1.0853060639941963,4.8192678023375191,-1.4221831303025445,-1.5866041049863704,-1.8662154708195904,0.012054885238069444,-0.27167013870518364,positive,3
20010530,2.0329470441129058,-1.3734189185987871,4.6052775503216274,-3.190715650358587,0.68446601429901222,0.22675939874158529,-0.010175120727692697,-1.7085428180553193,positive,3
20140052,-0.38403594588838669,0.96245961159627869,4.0912179370056254,3.9274610326966863,-0.33413666742868692,0.082966255655209029,0.99698976984677379,1.1391993117477319,positive,3
20100676,0.92407647559574513,3.2909504374522851,0.45144847576078767,-0.14264930852212168,0.20765016415755755,0.44761676847112108,-0.043998377326736164,1.7748774577362565,positive,2
19890698,-5.0141352800149415,-0.65794782585575895,3.2566303733447914,2.3944915470331019,0.55974515167315619,0.54688530096375221,0.1062360650654753,1.8937626236582197,positive,3
19801023,8.3962942656031636,2.7666507407008147,0.80533973771449952,4.5959231376521261,-3.31839199636291,-2.2944737542809834,1.1476062640649396,-1.3122217500899001,positive,1
20080621,-7.105014719988934,-0.20068638803160566,3.0495965001066891,-1.7416092634413796,-0.20201574439768,0.22934093000443978,0.88455053777654724,-0.55466752520784302,positive,3
20190598,3.7119251757787155,-1.3191969748133072,3.2283672982565279,0.38449673108697152,3.0731331008470191,-0.11632899172461091,-1.4242154160398255,-0.90076328619426349,positive,1
20204121,5.1022187453940608,0.94937188021115859,1.4739037074249617,1.1963200961266014,-2.2718070140449926,0.50105352663023361,0.77189019687525806,2.5298019856091192,positive,1
19930505,6.1197597088116158,2.5656553347435027,-6.0329415560524557,-0.53981387304670336,0.41245677750292981,-0.50941637754239255,1.7023705710414785,-1.1821665672815698,positive,1
19931050,-5.8366338999983665,0.51160368340708995,4.228256116454518,2.2046128498685094,-0.41113975996184993,-0.66605726675024479,-0.35042290584055397,0.22473697839265541,positive,3
20020557,4.8842269065421196,-1.4393527361720768,-4.7762612386235705,3.0530439692042193,0.59126936080348036,2.2320591169483763,-0.28343452712215012,-0.81492029349950257,positive,1
20060373,-5.8263179131737299,1.575459229296688,2.9628178847596365,-2.1262421404250658,0.37713631487421317,-1.1013561767286693,1.9072278753237903,0.56436008436691865,positive,3
20100862,-4.6401905330052555,-2.1558621531257574,2.9176698506643244,-1.702837388080042,2.4192480091415836,-0.80643572305549016,1.4929295045978019,0.99902763822380358,positive,3
19800769,-1.4657427211851348,2.8482308366425735,-2.2986482656432199,-1.2738841146341084,-0.38004863234717989,2.1377450053831222,0.40861817473876505,1.5468214380368481,positive,2
19870533,0.52118864765836637,1.6789221226831861,7.7111896087158707,1.8300787420862268,-1.7773757490439723,-3.6413377828452971,0.19820770604584928,0.9989416049680423,positive,3
19890904,5.5048724506003222,-2.3586690138801543,4.7544895023912517,-2.9263685637468098,-0.67156118358506645,-3.4712834723762485,-0.56054517965748629,1.6144370626437843,positive,1
19930472,13.688556915703755,-5.2297613174021533,-5.8378280240358489,1.7644338926117908,0.010426102417767891,0.5798850256365401,2.4812930313157859,-0.53339936055532511,positive,1
20150719,11.228501769002634,-10.27319514461284,2.2515865201091625,9.4090114718372266,-1.9653223421008361,2.5244130672045495,-0.75961575834242034,0.30414277631786879,positive,1
20030727,-1.2926627855876807,4.1915316919215933,2.0249291674417504,4.7325043935534152,-0.99098910165404341,0.33931786115488638,0.6039881011885434,-0.29354225981149784,positive,4
20030772,6.1963967907320114,-7.3909099344733855,8.0042261064887033,-2.821994404735976,2.4622316767342438,2.0336772369798908,4.9122401427056639,-0.17224592137693137,positive,3
19960074,-5.3623248258159908,1.5037262781067244,2.4229732510173911,3.1026473195270388,-0.22497545785046713,-1.0623730543634697,-0.80538662016158769,-0.31318520476348805,positive,4
19830516,-7.5425570530786219,3.9901820214263313,-0.56064939021223537,0.0878340093249112,-0.20053976444111751,0.61689993742502092,-0.79783241606903776,-0.12432459566703727,positive,2
19880009,3.6148601487161844,2.3394710536469296,-1.190634547397766,3.1422686072349282,-0.051873918372092528,1.2419151985908237,1.5255422000823002,-0.86998789038665802,positive,1
19930909,3.634316946270169,1.9146468977311331,5.0424328781215957,5.0063728067636353,0.1396986697247018,0.30439448011433068,0.94893370059423421,1.753003818417965,positive,3
19951082,-2.569853205641603,4.6836277925679655,0.60135475137156724,-0.25453278427903342,-0.10956854381424204,0.63330207048430631,1.1459468485546975,0.74676298440901978,positive,2
20060321,4.2603450616437106,-3.493881768689814,1.3985447588494178,5.3022154294324384,-0.4178704238579013,-0.061905336301597003,-0.52619543657842971,0.65757898034377604,positive,4
20180309,-1.8558148632264524,3.379325281548708,-2.5472047570397591,0.066580562810831523,-0.078927892131640295,1.8056335716336291,0.37248056084664377,-0.4474523059749122,positive,2
19890480,-7.1373820100492118,-1.783557577760694,4.0409317024811546,0.98424321641441792,-0.20873565114896828,-0.41624001030617125,0.87383116986654286,0.23759180917156852,positive,3
20100491,-3.8621590873726097,-1.5403858432009951,3.5047918540487921,7.78168982144288,3.3179341239385245,2.5299009333029536,0.64150754885637074,0.54794717576592533,positive,4
19870848,11.735695306927461,-3.2569768551392526,-1.2899205725189105,-0.651386578290861,2.8971134921244257,-1.9475110176434749,-1.3518327701562924,0.52004564456238511,positive,1
20090794,9.6832527621464379,-0.19827617803143882,3.256532049652201,1.4697065844404198,1.6469288790386623,0.37573254666203337,-0.74453685678767612,0.28676827949144473,positive,1
20120235,15.037840462882615,8.592212756237279,3.4953211198537302,3.2682094908878159,-4.0819318422725193,-1.0587029212304344,-2.3723148183875433,-0.025525021474730916,positive,1
20061105,-0.85187098320612598,-1.8850047243064403,3.6918443038120801,0.57150464243108023,-1.4055502467097494,-0.46574216226066434,0.76704820168702503,0.33195062074440812,positive,3
20140368,-0.11407030518669041,5.4536713590371697,-0.66265064918130423,0.45024301310824616,-0.089965121651913893,-0.57444705759082904,-2.1929648094871563,-0.68658629034462515,positive,2
19960627,9.2703434536499927,1.1691191812192416,0.81231359513444223,1.8601928873506688,4.3186439086470996,-0.39319881494769365,1.0666162361550755,1.6168601780308445,positive,1
20101019,5.8386500965240122,-1.6154817287092542,0.98845515496365932,-2.4731965361857942,4.6349185793745473,-0.91435876179190856,-0.19526670174430164,-0.86118658399509362,positive,1
19850390,-1.9608709207241244,-5.1356310969133521,2.5615791435835331,2.9822758960127849,-0.77940127671702775,1.785100625971858,0.60070898769464798,0.23086805982073277,positive,4
20060527,-3.8639480808590232,-0.99208397851602026,-0.59309624107616321,3.5793262452764556,-0.7562148444546547,-1.2706989065091467,0.35857926695010411,-0.32522665943545015,positive,4
20170634,19.172858120267723,-1.9578075825085033,1.9509701606580405,0.5164858637812747,5.9287328171190055,-5.4465428982595734,1.1534916742541925,0.036531970556234104,positive,1
20206591,9.7666936982419497,1.1553854537520731,-7.0208506665909969,3.5766120688899763,0.63873913655287584,0.70799964523976933,1.576175606844187,0.44209991240401075,positive,1
20160599,-2.172109921763087,0.78718613241915758,0.35192651626024168,3.3980681071562282,-0.14967334110418626,-0.53655576243721748,0.9124596617370746,-0.5872632667383485,positive,4
20170145,-4.7039212033674636,2.3615886915130666,2.7638520282913754,5.635498371902834,-2.2599427147446511,-0.099312405277017957,0.74230919919027061,-0.13473485892361695,positive,4
19850815,10.202338277676134,-3.184264144554549,-3.7691560794965899,-2.5924583873499705,-0.06111251453737189,-0.6819373725624176,0.24401210536003543,0.096303360015779688,positive,1
20030775,17.863735970089078,-11.208813828224592,-6.1885572152455488,3.2156105448545942,-3.0333089523283823,3.0547188529837985,-0.047996797086371029,-0.079872687017960922,positive,1
19840969,-2.9788556039067879,0.80879660269349829,4.2846673148686989,3.2448875447387389,-2.1933386132262438,-2.4666602404167679,-0.77059431116557353,-0.45643510828114919,positive,3
20000052,-3.147728778392513,-0.16580038775389613,4.0429816230124489,0.5540594843512805,-2.3564920981891047,-2.4747115113835849,-0.44383115202594287,-0.5010326440480326,positive,3
19980311,-4.5710595535033169,2.0157438984256291,3.480840009391124,-1.8956237348478771,2.4688448591649719,-0.44965065204186799,2.6487945096685421,-0.45419810374274977,positive,3
20010300,11.773139302992348,3.5967475031961085,-0.39342404895159927,-2.0218829110036842,-1.6999563748850364,1.8668328653859758,-1.2862527647511963,1.6305202135324122,positive,1
20110314,17.830242834322327,0.5827029637466079,2.6685862127891382,-1.3029883602576935,3.8325290484951968,0.51952554885193492,-1.4935973542276877,-2.4718096474796227,positive,1
20040676,9.9301993426402042,1.3893048414125377,-3.5499843007474525,-2.001473366538816,-0.88530653965982831,-2.5092826816175551,0.88230770271412595,0.96933536512529839,positive,1
19940325,3.5658745856695937,5.5517507215901771,-2.1624798031923893,3.201376932893508,0.85600144835149217,-1.0557161591661544,-0.40656145227284513,1.1284187232619176,positive,2
20191004,-7.1633675249942206,1.6381137523135916,-1.037178476370362,-1.1580696324171715,0.48129122440599342,1.0784570480864868,0.008772920568564567,1.2581036168869779,positive,2
19840364,3.1333418469759287,-4.2572570190725569,-0.35013310394402114,-3.1385217934178895,2.8755443203250972,0.22953861580467971,-0.85693315715852514,-0.29617401215031147,positive,1
19981042,2.7835842604719234,-3.9538636947520418,2.8638670891352245,0.5539473583625325,-0.30889502666620733,2.293834573220555,0.62335766485216348,1.1914582706066226,positive,3
20140031,9.0021097086073283,1.4452800601161,-0.55006201692810175,3.1144965228620047,-2.3826039856235606,-0.9705460657199253,-1.6580904849038369,-1.9112886536336484,positive,1
20030479,23.863149955198374,1.1546337427345084,6.2128252210583756,5.9562636796876864,-4.6939462828549745,-0.17098941606646767,-0.60302960042255771,-3.2546882208575405,positive,1
20010222,-0.4083477169182832,6.7406613929492014,-1.8882258990419569,1.1300234892270153,0.54034405089575899,-1.6646509840530084,0.11180637315899765,0.41437620615513571,positive,2
20110236,8.5884821812740917,3.2571930681935286,-2.9178383839232809,0.95457179784443613,3.6040079222479715,-0.99989632520346117,-1.9182087319669761,1.2370642174098199,positive,1
20000170,23.111207312427343,2.7127853997272755,-8.7721859606281658,-1.8096402377830465,-3.2080187224201895,-0.58374057326492534,4.0714805362129676,-0.93703929556845689,positive,1
20010288,7.442640068543195,-1.9689631285392672,5.3109231138220014,5.9899975727392656,-3.5461468333489465,1.4668456777129524,-2.0615008268259936,-2.1455411783155256,positive,1
19810013,-0.77140781929037372,1.3142484021543819,2.2706848369873063,3.4751824870177046,-2.6576113132242267,-0.68029758420107866,-0.54465967109216273,-0.24470491038865314,positive,4
20030509,14.009423804270527,0.27921753188476767,3.916891128569191,0.22879639850696462,0.00077870719593032059,-0.63066012146091788,-0.58504062562274728,-0.24156595825966831,positive,1
20207997,-6.8583152680671642,1.9166974973153084,7.8862761270021249,6.4051359548119517,-1.6504882757981598,0.34440231520555165,1.2034561516221653,0.5799950333207976,positive,3
19940571,6.4899668772302066,-9.0252241877724977,3.6902009225452659,-0.48468410589953803,1.0272268144949883,0.67934732783165863,0.81749211852288806,1.0314446584534451,positive,1
19950676,7.3874162538798096,-0.86094297133504927,2.3426747270028789,-0.34851810696104957,2.9033135832042585,-2.2878562201221473,0.11151156946202655,-0.11733175848489494,positive,1
19800314,9.3111540551197258,1.5928298134379359,-2.4467486154772344,-0.96913207339280305,-3.5492994565230718,2.1932557423983225,1.0403651492643808,-2.2461256692538267,positive,1
19820911,2.3392154025422225,-3.7506371532343183,1.8409718228099428,-0.24350093796883823,-2.6159336932899113,0.6061798261406528,0.28293293680655851,1.8530810032015921,positive,1
20040624,6.1308907007393332,0.72263704243919014,2.0673860242110664,2.8139238021968622,-0.68880079782065062,0.36507449911475115,-1.4850686212658193,-0.78483496606591474,positive,1
20050523,8.4812810782315147,-5.0267689482621378,-1.3005610855642964,5.2296190472440784,5.3311788084551113,2.5829024606244744,0.94080784323005306,1.2945904354296125,positive,1
19970078,2.5819850561426647,-0.15020613563769003,-1.3858740236930507,-1.7681039654767639,2.0795175165459265,-0.071075769819141987,0.86823319835857149,-0.64000336876626662,positive,1
20050982,14.757972507684478,3.4383390467598125,-0.54281431836739069,4.092784497953776,-2.2049197443932065,0.20321574290762254,-2.2430297612473908,-2.2316893589000353,positive,1
20170843,-0.53399417511939218,-1.9223640722388047,-0.64257639858325144,4.2710333926222281,-0.33257105393001718,-1.0938848812230355,1.1711729241307194,-0.98820385624324425,positive,4
20100730,17.339487176198247,0.98650628213803782,4.6400544602101865,-0.39285025754597031,1.725463264276504,-0.090505200489737217,0.024983496708222374,-0.10558551758220124,positive,1
19870748,12.139389612830692,1.5049944343802144,1.3409446509734968,0.00024452966863309854,1.3381969908840721,2.0509093066698618,-1.3002092749373542,0.19144352343968091,positive,1
20040100,9.2995842449840644,-3.1448179210733498,3.8103344195051356,-1.7917163541863832,-2.1922950770713587,1.5796549747433961,0.2935331972714727,-0.39791563163775856,positive,1
20111137,18.989491798698118,0.24468252029459003,6.4655370118931916,0.71456169561837901,-4.895882250546614,-1.4942143141840991,-1.5094887794665155,-0.46440118081367193,positive,1
20190503,9.195087321258784,2.8322445992020402,1.1730627896336543,-0.15326355762949406,1.5521949181821459,1.479671406069087,-0.19510397325034337,0.88651254059303386,positive,1
20080610,-0.30626194985509181,-0.45255610981139033,-0.68417327230744307,2.8513311334199476,1.5200150098604208,0.78916665830065769,-0.10951654041816662,-0.34092205723959024,positive,4
20011054,3.6906613578283918,1.4962820186528305,2.8340129945013688,1.7909056021460898,-0.67956927539092504,-3.6914928561524558,-3.3089694516352783,1.6634078661649037,positive,1
19790119,-2.9274852700647043,3.0173030937572585,-0.18761214348996633,-0.53487202096585873,0.64123515719815105,0.48759763168594783,-0.42214795414114659,1.334231287372758,positive,2
19880551,-5.9160595665340141,2.9797407570053305,-0.61478345422359737,0.40734552201753488,0.5156907310531631,-1.252556376871647,0.27858092792317418,0.60649898995112228,positive,2
19841112,20.300590003329553,2.8491867867500762,0.49943802973950108,-0.34654495966122939,0.98006224585712798,2.2723932067858708,-0.82283359283559332,-1.507555856315699,positive,1
20030110,3.6253512314038261,2.7414186299743584,-0.015488804674230966,-0.5219372266387805,1.4733304593289851,1.7215696106041516,-0.49343451519910081,-0.85202347074825646,positive,1
19870475,-4.9208181611557986,3.5020419090481569,3.4097758297342611,1.7951196852768991,0.32522264182605681,-0.71487488866651339,0.9317286975846848,-0.16011458202511578,positive,2
19840658,1.5871126551500407,2.8505840214196225,-0.65868674299968155,0.36891395033075119,0.80365460950998191,2.4226774722543665,-0.26775726605720712,0.14491381248166055,positive,2
20080381,-3.6537806961626345,4.6371980999421165,0.29379620829374919,0.73938098875760638,-0.74453248274498818,0.28540905478092277,-0.068683378027420611,0.12395962457783087,positive,2
19930561,9.6205875771184708,-3.8883722320621175,0.4980461590010013,-0.98108124516860584,-1.2349912259670701,1.3215442161006434,-1.392809584949926,-0.31925424481966974,positive,1
19830575,9.2681832534885462,4.0104279824503966,-4.5664183817384121,-0.57837938884956897,0.095603767370272791,2.1039514373584276,-0.42754799600881221,1.4364120354669354,positive,1
20030716,1.1991684557256093,2.8211543804214174,1.8791085796287823,-2.5646369149370867,1.6969466188891409,0.11616404685819536,2.6218355276940266,0.42847897318395256,positive,2
19910218,-9.3887676259932018,3.2291571424840089,-2.1464674351437094,1.2729826361872072,-1.0262757383309129,2.7321738731627869,1.099386069588367,2.0203892018388419,positive,2
20121150,12.645980464503433,-1.2831176372130351,-3.1280716184699746,-0.30214695033233624,5.7187724103862827,0.9368827268044676,0.25641323144081934,-0.26882011964028552,positive,1
20070132,6.5017122359505111,0.81197611120920665,-5.4670775788760793,1.5716900358853445,-1.0828245949513773,2.4002904514572565,0.57861373708578634,-0.30150184362904081,positive,1
20070643,12.893310698140727,1.0010030772161751,-2.9600830995298848,0.36929874672806906,0.98442093798648977,-0.87121628581071298,-0.16392430438647243,0.80123656405280352,positive,1
20060544,3.6051652791111524,0.075482415114310669,0.092896247856953898,4.1368914480009638,0.66641485497246145,1.6938707979617063,2.4106696314571661,-0.57874543930014211,positive,4
19890594,3.5787781193932711,1.2246178969112291,-1.9692956135112938,-1.81261247002357,1.3880978255727106,-1.1414479992295339,1.2206245070048607,1.2784144331114484,positive,1
20100924,-7.2081846269973306,5.2463515880482738,0.7753806639037738,7.0440572656522153,-0.63921776249295492,0.29630089741484289,0.33941559729204451,-0.7208195742147171,positive,4
20209569,-1.5677238734895631,2.8237906644064084,0.45345061519585578,0.52033873055672508,2.1509358093285575,-1.2108772334834998,-1.0847831748661658,1.4412147282909435,positive,2
20170727,13.670918353342099,3.4627534305469281,-7.9936566847676964,-0.54395005761380366,-2.8788394611397461,-1.0707706701970663,2.6217299507437204,-1.565469683928512,positive,1
19911119,-0.28002761556419453,-4.80378359053213,2.7744365609716888,4.5353728213869298,-0.24135087041627099,1.3082204838225977,0.14551782705646871,1.3448081885046597,positive,4
19920145,3.2664278989437312,2.7634649483875422,2.6086061110262704,1.3995395296279327,-1.553186627687406,0.29964040546978493,-1.0730994526662281,1.4908543180583673,positive,1
19970433,6.152856753231295,2.5982950191671428,-1.3741548387738238,-0.34620436005741784,-0.55347928121780288,1.8488287489800272,-1.3183934208034818,-1.1706164706926006,positive,1
19890810,-5.8438451998801746,3.1068163671638098,-0.1648110514902309,3.0939977812201054,0.089075371215904642,0.67558647049516374,0.47019282462577611,-0.93051544288375776,positive,2
19960734,1.7904263427590303,5.4342004874854517,-12.621710999378458,3.0611493167061017,-0.65735035781441087,0.74219431104368461,3.5234179705552928,2.1182533872867721,positive,2
20000390,-7.4809046818905411,-0.095039761328415087,3.6420924621392912,-0.22550721213651542,-0.72812492163497666,-0.49073124711821386,0.44925179509670066,-0.32876655504083085,positive,3
20140954,10.731360272358552,-0.69411685118978761,7.774990144467143,2.2717117941428717,1.4794456294942087,-1.4027891653502371,-0.69028438866487718,-0.11331132722169736,positive,1
19980079,6.9053782348826083,-0.36854178755367012,-0.025593011850621964,-1.6148436391117074,-3.6043669756802967,-1.6719671842672437,5.6006573696441428,-0.41195826748073811,positive,1
20030035,-7.1987817144209272,3.6049859248223215,-0.16537820840362538,0.54416499732542123,-0.96668723308706472,1.649124986007136,-0.042378298560765373,-0.85662375890323827,positive,2
20190639,18.094010568667361,2.190382453191047,3.1359691500726417,2.5336671635164136,6.6734796891170722,2.1685450963551887,1.6266939974449179,-0.34634090458842776,positive,1
19810971,6.6851764318261431,0.21834425509123398,3.6928693112578768,-1.4747839674641059,3.2514258141834453,-1.6260933866159031,2.0330248695243807,1.1118650739989262,positive,1
20001096,1.6171573855424624,-5.6912551076124211,5.0185450457710337,-0.33197241496863739,1.1336161060371521,0.079949875448701024,0.40714163481840815,0.6345729320033725,positive,3
19990926,19.326669115885348,-1.4607469199987921,3.7533586118635323,-0.53741809542240393,-0.044732688649008888,-0.99229259850828622,-0.46101399723316527,0.30927754327498747,positive,1
19920898,19.920572342870688,-4.1570204664408079,-1.8607678858654759,-0.77444001360959136,0.9917179321166788,0.69727831116908223,-0.093668354963487799,0.55662978502343885,positive,1
20040713,2.806667687026676,-1.9276866863213529,5.8612573088902762,-5.0013565167518701,4.4964507181060132,-2.021419789714118,3.1421963865826088,-1.7157479521998189,positive,3
19820487,13.249872068302151,-1.1312139465351847,2.5566959785706564,-3.9166040310736072,1.4874564996317852,0.41816161914585293,-3.3980426397788546,-2.0286886256467724,positive,1
19810655,-8.971843703126094,-8.9116797264423635,4.6071736017421898,5.2066758625664171,0.95959084916687709,4.6963055047439486,3.906930512028902,4.7861282639673695,positive,4
19990657,6.8993274612527467,2.4007135431506246,4.5577539640675688,2.1574515272897581,-3.2840053975923267,-0.1583833555780938,0.51431494641781561,-1.0405882607698835,positive,1
19960998,11.274996317162573,1.9059989655152856,-0.49625946056799053,-3.624984173138146,-2.1697003980969094,-1.7024603506155207,1.2265251709997838,1.3676389355273566,positive,1
20180733,10.223347898067969,-2.8163904407983091,-0.0075662279022112875,0.21916627953248227,1.6612214649991754,-1.0686710206403118,0.37489840387485279,0.85735376073347136,positive,1
20090475,-9.4559499878472444,4.6740182109201749,0.46466766584620428,2.3142490626662324,-2.0055598925368652,0.72394860964611607,0.58941665528421949,1.7486288861583059,positive,2
20010897,0.56369446356829056,3.3405614173506675,-2.2054652105191468,-2.7762578575547585,-0.50645017459870167,0.4381693821906234,-1.0094993436889343,1.2790295928919524,positive,2
20011163,8.7854864391871477,5.9619667385758364,0.68122350071562887,0.37507516100538058,-2.5299960392252143,0.37031524414472106,-2.175218581290749,1.0113126009500788,positive,1
19910047,14.017993065072426,4.0884428447793537,0.67746673693491632,1.0120129188535565,-1.7292883989828849,2.6760381255374059,2.160589379560852,-1.1403333588056466,positive,1
19940564,6.080616369158534,-7.6811432178051184,-4.0642767359203313,1.0615861472863517,-4.628791802486961,0.87468142877235655,1.9331619269830111,-0.68107906139787544,positive,1
19840570,-2.0819354436531521,1.9380866783998032,-1.0438900900190025,-1.1276810861340814,-2.3905093251434457,-1.1123491598914468,1.711784288409046,1.4874396735473945,positive,2
19930649,-1.8509584416654465,-0.097983252592416553,4.1138095373701233,-3.0655674093807375,2.1119104074920814,-0.41452092151899717,3.0701501144710996,0.11797407303453974,positive,3
19890010,-5.8909317028546209,3.7555639383824442,0.44148360274779641,1.080186132406604,0.79507804323235998,-1.5585288512885547,-0.082701645119415204,-0.91555788988776354,positive,2
19990004,-6.4094344494898783,-0.54524119932057336,2.9181592112619654,1.8677641013376884,0.49062569093239528,0.50685872827606915,-1.4928665008586548,1.3929062585201928,positive,3
19980356,-5.9703131595186631,-6.8673437954474545,1.9496222300531434,-6.6607759421881241,-6.9450307075205835,-8.9903282609138184,1.7293551460372649,0.93492121570590281,positive,3
19840455,-7.636074887684007,2.3787741303323973,0.11002945788474272,1.5356024715648147,0.50824527764716521,0.84814760251243759,0.15266200690529824,2.0073510735408804,positive,2
19810189,-2.0491385316108861,1.4921908608570349,2.6064441606457889,2.9943081456553662,-0.48850582708276202,-1.1255193849723713,-0.50781629272793316,-0.6209236164085602,positive,4
20150407,-5.8442156392652924,3.5899564385143474,-1.4055855314352272,2.1585685828601209,2.5838023232616942,-0.69972618014230903,1.7502269267721668,-1.2361750537953717,positive,2
20171078,5.8889158807380175,2.3220804773152346,-1.5647959123540798,-1.2819965963257021,-0.4654516355086889,-0.37863585403277106,1.4497555928886503,-1.3785055703545124,positive,1
20180616,7.1792028675370254,-0.63617417744603577,-0.11709446861051977,2.6221586175792662,-1.0664766890269168,-0.41608563930679099,-1.1303603249312681,-1.3278057808467369,positive,1
20170587,5.2885208867481097,7.6592743183296204,4.8397218429008957,0.78117583867809448,0.15819615872391732,1.1749170484377272,3.5099602911398438,4.2853702555179414,positive,2
20091005,10.910522062598394,-2.9399749120851197,6.7837943173439665,-1.9578276650616955,2.2872952643150737,2.0938172770745491,-0.86346467165502672,-5.3312802977924285,positive,1
20100655,9.584337992945656,-4.3477979789692309,-0.66482155596726733,2.9687978010925069,-0.46940321161328735,0.0064012182447014494,-0.42082642196620973,0.035659603327406697,positive,1
20110959,-1.2350971020079844,3.70571951897732,0.75267962769915997,3.4862749526869563,0.79941425303359459,-1.576150073286102,-1.8171619318927168,-0.13518968504840725,positive,2
19890611,10.784914802887577,-2.9651215724387119,-0.020855038335806965,-0.61604661075620948,3.7528883782108395,1.0896004320445984,-0.95517851208173177,0.11966986986093485,positive,1
20090427,12.311502604771738,-2.2835428924273735,1.0272646227451345,-0.19898364024636581,2.3816728829185121,0.53517950691511651,1.6212603759777275,-0.13600317040785745,positive,1
20060749,8.689769862858288,0.98459670164444979,-4.0247875125591017,2.1479192247834464,2.8141418981044608,0.4078170327251891,0.53473627372756605,-0.22026022978655913,positive,1
19960817,-2.0621406169065497,-0.22604770045169045,3.7674085670088822,-0.84293750706152759,2.9463464002475788,-3.3565071651440239,0.72969442094083325,-1.6500658031306203,positive,3
19880434,2.0972295427932988,4.0584946145898071,1.6080831289366859,-1.7153336116160074,-0.68636630309333324,-0.12944228247693954,0.18195307846030151,0.44743557084002811,positive,2
19940536,8.864090699991392,-5.0744390215849995,-3.5811757804377913,-0.54353615311675507,0.73065072699375144,1.8224752615708666,-1.8587853740239104,1.2342861704671844,positive,1
19840983,0.56835804557930536,-5.7988681104154294,2.2202843090921043,2.8275243538427586,-1.1559996504468768,-2.3619015814548261,-0.951582731133649,1.5040025008195212,positive,4
20000047,0.55125809464913544,-2.3134682286771251,3.4226738617291681,-0.072203818981741344,-4.1487571184845464,-2.0923885111516829,0.38231817539296525,0.83931348803358297,positive,3
20050564,0.89708323378340971,-1.7276818492222543,-2.6118404757279752,2.7118235194110891,1.9690837856748928,-0.39836464712463548,1.1885330971264028,-1.0795115280512233,positive,4
19970095,-4.9276242971834572,2.9690770986499122,2.2305262734284246,-0.56993986444793476,0.60787839736829896,0.88608060057640303,2.2791894908988,0.0088513959825948941,positive,2
19990056,-4.3181388108618677,-4.2355891910849834,4.2870735575130849,-0.50260521295480765,0.3673353331555827,2.2020285274616094,-0.5307392012251092,2.0533294088000722,positive,3
19790758,14.34947380246293,-0.29207158493580021,-4.7635979955227663,-3.0706956913891434,-2.1676120668169827,0.93938784069861347,0.97092212885611451,0.5825995868741588,positive,1
20120333,9.4704680551807758,2.3132495040662082,3.5121078578360216,-3.3530737453106561,3.7713280409085259,-0.28803481671851477,0.34904199182680568,0.20618099060765169,positive,1
19910925,6.8036717830324127,-1.7464453993508504,-0.36709033970778276,5.2068603660069899,-1.8801681408132571,-0.69009925893777146,0.87778791406776158,-1.1332304128001285,positive,1
19820099,-8.9011956837988251,3.5014485466852356,-2.1307485962887722,0.21786658736796008,-1.2588743673276279,0.71899311815378453,-0.68770586213675777,1.3939130593133739,positive,2
19930375,11.28755936791652,1.1283261729172367,1.9876082415889309,0.18510195666611776,-1.033914179897035,2.2236045927778156,-2.1039837582205019,-0.95693467578333524,positive,1
19840797,4.5132538292219397,-1.5564787052685063,4.7126351217517319,-0.76645292624118866,-1.4262502834070556,-0.84824657605715559,-0.51182607255655621,0.57283859562883133,positive,3
20060272,2.9909333979007289,4.3308995057856015,2.9547396660174159,-4.4786770081081064,0.71989608947731232,0.40853837653915143,3.1213513393159631,1.0375862834490857,positive,2
20040888,4.5657416613461121,6.0650641885955521,0.93618313085533289,0.80053423798250956,-0.62031542486582092,-0.56654931289115007,-1.0777601305870443,1.7845789757699813,positive,2
19860133,-0.034556581824522564,1.0128107980298571,3.7782855326791629,5.7630479100801058,-0.86026293274904198,1.4456829966086799,0.83577548104391908,-0.41172296591635349,positive,4
20080393,1.2234951447857452,8.3444461786810891,2.0458196031967013,2.9310030393904989,-3.9189320909720515,0.05188913422545665,1.6333965007254057,0.64754989104854499,positive,2
20130667,-1.5049113561210892,5.4004057206867238,-5.4080679204389028,4.5760422185003495,0.78712569316847503,-2.2210641847628629,-0.85976722517916271,-0.64248096513028408,positive,2
20020521,6.1407940260524789,-1.2392625575716285,-6.9868865099786639,0.81547757647023433,-0.3788011123426,-1.2010490056657825,2.2429902399679831,-0.04703231809372449,positive,1
20121035,-4.437878318687301,0.19316003820693756,-1.0856112335101973,3.4294530275509989,2.3219723441844122,2.0942270564409595,0.089712341206136886,-0.34540510393751889,positive,4
19790430,5.1810331896047757,-1.2478789946013051,3.8536819000711855,-2.5729576680534678,-1.7066328118885057,0.59733612040508477,3.0584001810015726,-0.03610963349757601,positive,1
19980093,6.5865958341404029,-3.2860546001532573,1.975565762696613,4.785265506400223,-1.1293366760848702,-3.4372498090915871,-0.55804592269418674,-0.1281210433235315,positive,1
20161135,22.776490492070682,-2.7334113853860016,10.485667000083483,-2.0318125832207508,7.149184866610609,2.3111760910258528,-1.404580576627996,-2.4884205010560252,positive,1
20100814,14.971619519105735,1.0345191378104399,2.0635006419954443,0.090428231355277444,-1.0977926505012212,3.7645856407829443,-0.82475065442174811,1.063317940471797,positive,1
20010759,7.1924254987321357,2.0283289501348167,-6.4563475233583265,1.6452626110613546,1.0634798026663488,0.62573540072059597,0.37570289524824396,1.612482392993186,positive,1
19811097,19.838884373727691,5.0443557099117378,-1.5361153538034718,-1.9341631534245041,-4.1257437967831345,0.21637438965892142,2.3360262865448673,0.2067778628093799,positive,1
19980638,-2.8169927490304301,-2.9192335951870882,2.0441984860311435,6.6840528981993588,0.75914744435082027,1.9924494957277201,-0.18519695829287033,0.080239675187591522,positive,4
19871042,-2.7789342966080275,5.3861505964718344,-2.2697195576111957,-3.3655760487318882,-2.9690335562289465,2.2114467282978603,-0.36296599525552348,3.1459975843589882,positive,2
19860610,-0.69801492823203592,2.0629218004596552,1.1506510066777305,3.6748379825974715,1.692651601124149,-1.7725922840737909,-0.11546098493658914,0.24867829047857479,positive,4
19791015,-1.0642779513903915,-1.227947249412239,-5.861552591172801,5.8387990479023584,4.3188324523921935,3.6698019267384394,0.89525076701846307,0.81637346665765553,positive,4
20050729,13.164810657464869,1.746239808990153,-2.2363338196819718,-1.7142725966382564,1.7331832857322675,0.47897666203507877,0.16858815757023651,0.48457861844135458,positive,1
20090093,-7.0921564569503559,-0.1955810598592255,-2.3867288331550358,2.6887095171342166,0.41272727822113492,2.3300760836327359,0.49603454632814087,-0.43260147129099602,positive,4
20120567,-2.1432827466456326,4.1581965472216655,-2.7969444260007812,3.2243211152096687,1.0489926841585353,-0.60578568217008366,-1.4462843740750377,-0.90103896249238313,positive,2
20160343,6.970407582877737,-3.5423353087282856,1.9396586589811442,1.1287732831640698,0.39777456106601711,1.8395778176550783,1.9757287820643439,-0.96218648435031018,positive,1
20130635,19.14402449906202,2.7606385094283818,-0.81780651194587617,0.51936116497724027,-4.5349798994403425,-1.0488846278414972,1.463353413847005,-2.1057018344398934,positive,1
19960057,-3.6842210044211212,2.0274689769734038,-1.9545303787330588,-0.36723652692541525,-0.86039525412578333,1.667574896631985,1.0797702398552069,-1.7789743816260624,positive,2
20210007,-2.1392114114259813,1.391412913018945,1.8998417739569149,2.7809446510659694,0.33046023637325367,1.6043324322465353,-0.42815876771682448,-0.07804498055516533,positive,4
20170760,15.668402619539258,1.0793436253447435,-0.1957555604299028,-1.5092184792351011,-1.318104703372295,-3.5590898422106192,2.8394075350557579,-0.5792995091692853,positive,1
20070774,2.0488980846875475,-1.7203896739235167,1.3309680497211931,5.8052467058703465,1.5330732292054605,0.62823106705249487,-1.1160000480919505,1.1097113300006975,positive,4
19991148,15.014511101548466,-0.33723324716355602,1.7266129788594684,0.75379150671837281,7.0502781936490484,-1.9266116501746231,1.0734909346212314,-1.247467669978358,positive,1
20100418,17.42371800245046,-2.9000634000095338,-1.3745887502885474,0.65458033169229002,0.73411972947705006,-2.7574527288875177,-3.8669155685191567,1.0884891246541701,positive,1
19820116,5.9092986998073505,0.66699151281907809,1.051377819972346,-1.6357632926163803,3.03664995280243,-2.1976283695067815,-4.7528333331939958,0.74219592695341574,positive,1
19890857,-0.37175336637504097,2.1826311603235107,3.6270884217505177,2.3229139414981619,-1.9014003885096673,-0.45791526561770812,-1.0039854226693619,-0.99443665596386699,positive,3
19970421,10.688635212973082,-0.0096444167679879053,-2.2188595408999685,-2.7151009443247052,1.5052323491556254,-3.0658932980504976,0.45442754683351611,0.71511549267836594,positive,1
19970412,-1.9576198910256148,-6.1048404068780568,0.15459044391544782,0.3857246566660999,-1.9412476552305913,-3.4541404177844837,-0.55877731433697697,1.6157322122125637,negative,2
19790451,-12.681278177099561,1.990415416867009,2.3764301265303227,1.5822134050086301,0.88490642073017289,0.47165492298468314,2.4942816846950016,0.74864682103362701,negative,1
20110008,-6.5211646431635586,0.27442979527826372,0.35929662605495544,-2.5879053223604291,-1.120665419709,-0.012775588040839156,-0.68768445101258846,-0.73577455991887852,negative,1
19851086,-2.4823922509266363,1.7735086803545907,0.77139000527936941,-2.3562256956827228,-0.43298526167837759,1.4276765851488533,0.39161772756723884,-0.58748231660207062,negative,1
19851079,-6.3511433490839826,0.38886572570579769,-3.3827626097438905,-0.32891502140281681,0.92043251858956143,-1.3013604987023399,-0.29063515533129347,-0.33772754909506153,negative,1
20000239,-4.2548689868068452,2.2560443469972804,-5.2466818717651327,-0.93327178255747067,-2.1416822946198759,0.27396528408587417,-3.1562734408923059,2.7305803853769515,negative,3
19890269,0.16253730507786451,2.6119985508535506,-2.9677955597463921,-1.8614128689543847,1.5027899975376973,-1.8577821095355038,0.71073431607130932,0.88470408262677835,negative,3
19880191,-3.8442930007078528,-0.13564970562119508,-3.7098213239119242,-1.0524060000330109,0.26659237178008549,0.49291283393565238,-0.90496107331926978,0.18677148666467303,negative,1
20020896,1.857510342298121,0.056647913044247114,-5.2532068053343144,-0.48808503427111677,-1.5561384718236255,-2.8372591711108908,3.0684791814407286,1.4206959430651072,negative,3
20040339,-5.0375506834189006,-7.2211609781852193,-2.1120730458956576,-0.37192555073243755,1.4646271089658478,3.5608434574492267,0.90007462244270342,-0.78391691683697384,negative,2
19971065,-7.7848946088455522,3.1170231359499749,0.76337971747639544,1.5313074672272446,-1.2798709134390271,1.4115434077256426,1.4638148723085802,-0.61202059188286673,negative,1
19910944,-1.259848480056794,-2.7037756383137257,-0.805493341669828,-0.5308867831973958,-2.0145149331519971,-0.14603985508164988,0.027486679260916191,-0.83841834703855367,negative,2
19930231,-8.9907571688889636,1.9395452073380615,1.2017227923933786,-1.1453425163723145,-0.21870643177093474,-0.30450946778752858,-1.0393149508292776,-0.96426115990733974,negative,1
20100872,3.3990837627958146,-2.3336579418702166,-3.8503976634034669,0.34978098200570978,0.07529984852720642,0.27273436112073562,-0.20615629872589331,0.54029341594233038,negative,3
19990483,18.819286547023598,2.7623688752923239,2.2855919316610565,-2.2774997152020307,-1.4125125145522144,1.5677663513883979,0.51086907363747913,-0.08509553147782746,negative,4
20070715,15.648738875346213,-5.6707872134939912,-3.5095272608876367,0.7976057926580552,2.1640979682530928,-1.543232157491748,2.2791832093196889,0.79259078050335563,negative,2
20190797,0.64120828086072501,-3.2771651414740597,2.3130897608016316,-0.56582349010542965,0.91109661376217355,1.0530070478529201,-0.27183933608065963,-1.3550902329193162,negative,2
20020547,-2.3925897291648659,-3.3541075666889517,-2.0441253947690639,0.32422797781281587,0.34906783143011572,1.0937952451004123,-0.43299605654325207,-0.45409293281756563,negative,2
20120553,-9.9111757272069863,9.6387292462772098,6.2823809758563094,9.0410802668535588,1.0211748863696308,-0.47232495052958667,1.0150979660363744,0.34702455574762464,negative,1
20020512,1.8006260477167231,0.53777746211700739,-8.9032935142947398,4.6482334937253853,1.1379665653504418,2.7063277758058644,4.0807845667891565,-3.1897246227156941,negative,3
19940638,22.490936308869422,-5.5778505772136162,-3.0432092907228094,0.3493678142356289,-1.668044799273954,-1.2767428620156027,-2.2438758297359187,2.0385321225336397,negative,2
19791021,4.2111609964772772,-2.6345956583740788,-6.1249155341679415,2.9518426634495727,1.3270001942997967,1.8514278411388276,1.712221576064394,0.93599486289354761,negative,3
20040811,4.9818066028583372,0.85444461372579239,-8.2652480261415384,-1.9453874586200546,-1.6010686761845674,-3.9584799165457771,1.8896270441678011,-1.6063983955543897,negative,3
20060214,-4.1375460283891261,-1.2255949503006967,-1.0355747297811666,-1.9954204350068652,-2.0522932744634077,1.1682110791630702,0.31682827378878808,-1.4069815983619018,negative,1
20130776,3.9876468770061555,-8.4229853142999076,3.3432239949305216,-3.7484965668293961,-2.2807777656432946,-2.3252464355976246,1.7359763693267047,1.7859034412478467,negative,2
20030762,1.7442706584287213,-0.46732695084546338,-4.0311233593716631,2.0127604904346659,-0.89646032426351663,0.26543503658386691,0.73529384340076021,-1.067089883438249,negative,3
19910239,-4.1648414882354903,-8.0050351665221982,4.3680148083386898,-3.2500073779607535,3.2423207935235334,4.3367109866604929,6.2353377929125271,1.2254800735153335,negative,2
19850409,11.188869287172707,5.6069810390547614,5.6426841101622998,-4.0900831710362482,-1.6674256626438728,0.95790569299510864,1.5222481431447614,1.0793413986433571,negative,4
19910293,1.3593598159893292,-1.4462682895099961,0.49774804318932919,-1.6763284285785074,1.8970457287175162,0.30447762495302777,-1.3790702880271701,-0.25948746514285909,negative,4
20040394,7.0921397428879533,-0.22265176039064247,1.8459259484516513,-1.6746892416810024,0.28489546121838738,-0.65693371857711569,1.8420720510423885,-1.2184819287926141,negative,4
20150087,-8.1565696769245228,0.67952820775499556,2.3200939977820325,-1.0203620436541945,-0.070846360321023982,-0.79194987111881165,0.7199112094105361,0.029059168078078183,negative,1
19871089,-6.5105723701594949,0.062196822702016055,2.0202874696622839,-0.90795942969396592,-1.8460908001208014,-2.2452389681736791,-1.0550682998810195,0.064336468503253655,negative,1
19911048,-2.5776744705084988,-1.6769413053682107,1.8400869389687009,0.74860965901098453,-1.1663757562741635,-1.4155398362438354,-1.4362433609050427,0.23228222638557605,negative,1
20060991,-8.3948842879505232,-0.25818932473933531,0.90076263032301973,-1.1012686492025323,1.3029696069241599,0.20938552146400979,0.43361556867307149,1.4484469206437764,negative,1
20110332,2.2344284125402689,1.6625561315782549,-1.3890026866962637,-3.2491457598377407,-1.8362368998442438,0.40623898863846714,-0.0090425118289387107,-0.12510950637681029,negative,4
20100035,6.6947082051975251,-0.20083454553520877,3.6168991544241722,-3.2850187676671276,0.19995825655182548,-2.1411418679116223,-2.2707044549166961,0.77241808178755578,negative,4
20030976,0.5514608755755106,1.6009326468436091,0.41447526765559561,-2.3467856453620382,0.32694648454221881,0.26630627317166855,0.50604425541812037,0.26272279655444558,negative,4
19960871,-3.9961513149952719,0.6787957890188886,-3.4902907992917607,2.0805071342749448,0.70434504057763525,-1.4757458381157311,-0.2030444722116434,-0.69563982518667222,negative,1
19860491,-2.0441262767922916,0.57436224689198656,-3.6345401705060674,1.0637637234283488,1.3416035365194428,-1.4080574580776699,0.84720190241125715,-0.62027426744124103,negative,3
20111116,-9.3519503037148191,-1.9289046674325554,2.2823745684891854,0.60933206809612861,0.22034864514753905,1.0682425155779172,0.34497859275794079,1.8179548664141458,negative,1
20208327,-10.1670016173408,-0.22875125037049307,-1.6142071746834477,0.54966761903957362,0.20410923375645967,-1.2650342358617481,2.7158306147041067,3.0244801936068222,negative,1
20070889,-3.8044129170438805,0.96339377378108326,-1.5380690423006134,1.8861063651416285,-0.50801365055158698,-2.2562222347516698,0.30510472206387268,-0.16489481019802466,negative,1
20191155,9.8572819577565163,2.6994863675819047,1.2516023136500189,-3.0112125705726793,0.077099453215307409,-0.21530920949139484,1.2425150971173839,-0.3681593541218508,negative,4
20111034,2.2354899399261305,-0.085617312701176465,-0.96439819652774006,-2.7221170264505732,1.2367065099607168,-1.6133219661014275,-1.1990499261118392,0.1916125853115441,negative,4
19861019,2.2218047915728243,2.0810889469738143,-0.99569301578073977,-2.3772227859256865,-1.099758769505726,1.3912412864675432,-0.77013042573237989,-0.27470423915196074,negative,4
20110995,-3.4305460605060003,-5.5324846530769483,-0.76215985720001422,-1.7380059614322845,0.41323570583657188,0.8962714625725231,0.16091482596084422,-0.22649931521986513,negative,2
19830090,-4.3402739831866004,-0.87046614993086535,-0.22436015920187666,0.93662498416526108,-0.6479821198415302,0.15104739527175881,-0.90838425079797769,-1.5792626072175557,negative,1
19981064,-2.9813591123571879,2.1290705466802455,-4.6713250601377618,0.26020072541675554,-0.017965393950915606,0.39776808290901011,0.64250833811566277,0.98566990890424588,negative,3
19960953,-5.0155960887024351,-4.0076759732961298,1.6280559777221604,-0.76248305290341067,-0.1022398096135772,1.7396054755670551,0.36942684180131935,0.83316823968795828,negative,1
19901027,-2.0268869878584481,0.62127193216313337,-3.4454090025457211,-0.36271210352088135,0.93205446962324112,-0.72976139804300777,0.024466019777724588,0.38256835989626542,negative,3
19850045,-6.087612205482845,0.047071491820808053,1.0679558307887502,-2.3357360879018212,-0.7697879663290681,-0.19539884609735009,-0.90408422036570546,-0.70241870247846738,negative,1
19850010,7.1278473555996804,-0.53977761863175266,1.3345961731366309,-2.7011223300794942,-2.3268343652427865,0.1839352862771779,-0.41958679435233037,0.25367903917423196,negative,4
20050420,-3.6280289121248175,2.2533420453190609,-2.3879692073808538,-0.1459478800742923,-1.8788354576946067,-2.1730285660611428,1.4533528757686625,-0.4659371683354373,negative,1
20010204,-2.7045623181195664,1.8388545982445073,-4.4324822182014314,1.4785549007379861,2.947487051587709,-0.14620004084950544,1.1370514521725466,-0.91077409100741158,negative,3
19900203,2.7884358879941167,-1.1021896531435678,3.277940969411087,-2.3071478884245318,2.1585244304465494,-1.0276424226522174,0.4694779149795521,-0.56338297322966557,negative,4
20208980,-4.5993794391680742,-0.55538347550755185,-3.2609972729567529,-0.72703480954577837,0.77867267271660279,-0.63481603191602687,-2.4211481464553244,-0.19991434848053036,negative,1
19940472,-6.9197192528942493,4.658286895001269,0.7325245145403485,4.1898285929767871,0.30725703619812417,1.2166433807080315,0.33744044496177433,-1.2283346265794979,negative,1
19840892,1.9088925057199879,-1.9894737551126052,-3.18747125946572,0.62886977921427745,0.089450530531717351,-2.3323274106085359,1.6232678803383047,-0.79131937638668981,negative,3
20090247,4.8123609252941169,5.5357126180091907,-1.4384105898352473,-3.0395619961554372,-2.6028202721066407,2.7711994853403876,-0.57726550247834341,3.4156556594903686,negative,4
20150544,-3.8732363843756197,-2.6952336652841176,-0.97171666672112023,1.6834821238709461,0.63941398158763285,1.3368444291619714,-1.3851796193275923,-1.0670549437688301,negative,1
20050550,1.0356974577657942,-3.2925477406499231,-2.8899480307992724,0.80467661359112563,2.4297240177038382,0.92867700041436319,-0.29818703149934994,-0.80645335979260602,negative,2
19890023,-0.58574509837343269,0.43528881124758778,0.56469412209498426,-2.4919227538673501,-1.8069477230776025,2.2631226686631556,0.37748131767236642,-1.4788071628448507,negative,4
20110335,-4.0014959269027193,2.0158539164296787,-8.3954611451552097,0.54112201064755394,2.9116805511013903,-2.6957929327053365,-1.7059640270085175,6.4439945910338245,negative,3
19820962,-11.170316833966107,-2.34850407916564,1.268675095041774,3.5291068889263708,2.3218604237108185,2.9365850479340785,2.2495621495901719,0.71956890616165037,negative,1
19921082,-7.1003084639685827,0.51572303209765824,1.7700004294172211,-0.26385689416061786,-0.66854877191666562,-0.28071926920757018,-0.90136408299635673,-0.37777975426558791,negative,1
20040602,-9.7588290346871656,1.6455518630049646,1.1718416483635092,-1.5977610691992674,-0.7756038677392717,1.1398652400069336,3.7950467753726009,1.3634451016342715,negative,1
19900326,-2.0326297108082265,3.0464886503879018,-4.960742315604155,1.9155969472667604,-0.17454442872563922,-1.5551058951382859,0.7813812477606823,-1.2981314935634563,negative,3
20090362,14.030738214129315,0.24733079902975416,-6.1814385781914707,3.6501744988235467,3.2244695471775042,-1.0357320113727773,-0.76018578784292445,0.58074566912930137,negative,3
19960889,12.64837475396615,3.2328739141710239,-3.9815833036678057,-1.766107010161905,-2.0914204056954162,1.4890704925003873,-0.0054745195345424881,-0.28493481962885375,negative,3
19860469,-3.662916790149529,0.80333271095448278,-5.0507061981385135,2.4591315601121253,1.3199956802413386,0.61155638326629203,1.2850126594272477,-0.77600343770852909,negative,3
19860496,15.095348134159288,-5.9357646506837751,2.2069544102871341,-4.1292939242364799,1.6687614746928772,3.7764043735323196,-0.0052425969233205298,-1.1568580434733149,negative,2
19901102,0.52904165784705359,1.2327713382714864,-4.4640487617175442,0.86893200302367746,-0.03707028553829967,0.89299948360179449,0.36529059007506182,1.2734055392223835,negative,3
20080714,9.4845150269099321,-4.684044741540653,0.62630385218344031,5.3189377759179575,-0.21524812084390593,0.018974936515255742,-0.80891335050120639,1.6332088008037156,negative,2
20020159,-0.73015320219335333,0.92172270897195052,-1.047331923837683,-2.6221867939242394,1.2685201533049091,-2.3714758759155141,1.8017595165977887,1.0652267817539849,negative,4
19970658,3.2589046540962467,-8.3916252477444147,-0.87237162737426532,-0.74846228112935531,-4.6058965923262258,-2.485112866423477,1.0544308850013695,0.64676097931029441,negative,2
20011072,6.6171380003834379,3.7694538276466307,-5.4495824510749546,4.0828541130931777,-2.8725923152004924,-4.1826311596972285,2.5558248342397389,1.0809407164711942,negative,3
20010986,4.7183717777384553,0.1500170248629413,-10.035680097117059,0.81051432527279077,3.1995699139648783,-0.87425458219193963,0.18977099789528865,0.47409751168565839,negative,3
20203146,-1.8172163872142597,-6.4160575372206559,2.6188511850709184,4.3635427338524924,0.3149318924978271,-2.8743258462165153,1.4959073889840944,4.1603155946782016,negative,2
19901020,-3.0907331759551457,3.205378979834649,-5.2010159962999545,1.1964927444802647,2.5891301382006207,-1.8057194873886317,-1.4034692772589852,2.8030002782499079,negative,3
19801034,6.5529948515057468,-6.0898267104723045,-9.2866814194051308,-0.30912514366389543,1.4738732592777182,-2.4329474580868173,-0.13148922279675235,1.8859936240734052,negative,3
19900520,7.4086493404060558,-1.9163102567447108,-0.065325945595644391,0.73229005032137262,1.191617810104824,0.4719779710779845,-1.4059397345500813,-0.73251718523188258,negative,2
20120090,-3.8679759706796957,-2.4842699837207389,-4.5726252306676098,0.55046201349160206,1.9421496122810824,-0.56223720437495672,-0.75273154231601425,1.3388941806668353,negative,3
20170912,-5.8123176872557218,0.68062463199458512,-3.8766333941646929,0.51665217303312483,-0.091695267234965905,-0.71591249414858704,-1.1061992487700338,3.0900069352367994,negative,1
20070953,-1.2543371844939932,-2.1458814418962926,-0.17717847688684224,-0.65848703130942465,0.88380038295165153,-1.6787028406915636,-0.47524748257985111,0.88223185819643124,negative,2
20150499,0.73463594092271522,-0.40480265160259538,-4.7164896109950813,0.8838520011459815,-0.11751180417751726,-2.3205066765644253,1.1020061770009113,-0.62711068088110689,negative,3
19920801,-2.7226845481281106,-0.051504369353122165,-1.9890624413963756,1.8128243936928996,1.0542310090668152,-2.1432714584862307,-2.097228134284137,0.010829954994826843,negative,1
20000104,-3.2998583744954604,1.1914420656794036,-3.0891779112405637,-0.13931619857245087,0.37664098339215163,-3.207218136841786,0.050618579913545417,0.26650103645640005,negative,1
19810142,5.751973966842816,2.9659918226080655,1.9373747186015824,-2.1551469821753599,-2.0829782921870073,1.8472350726612872,2.078825681140184,2.1082135806816709,negative,4
19841134,1.2281713794167965,0.68108131006770223,-5.3825073563846173,1.0930475589516961,2.2115533172876591,1.0157203575332021,0.96515786503961454,-1.0321815934467724,negative,3
20180106,-3.4887964431647873,0.033682480014890617,0.50957988553871159,-2.087393644484985,-0.70270821516941318,-0.11161654424971255,-1.1675846954753113,-1.1167236676046162,negative,1
19971022,6.1785095839527138,0.65607644280651223,-4.5136054741199247,-1.9773023871799842,-1.4781638211365418,-0.5455824197837944,-2.0285946363399767,-0.20881173160752053,negative,3
20204777,-7.4697989055074681,-1.3325105255612832,2.5260935995312863,-0.1379701959935844,-0.96437919116369919,0.53936040649607331,-0.1785955558298736,0.10631546716144546,negative,1
20010608,6.2267266855945582,-3.9613601017619109,-0.14516168455353506,1.1474506584057402,0.74562471793148277,-0.040330348442953752,2.2028850872355257,-0.67552239329149399,negative,2
19940081,-4.6483991895244134,1.0642282171445119,-5.1426773499917111,0.018148151967769498,0.89972190216962733,-2.3083132306105942,2.9060850710225132,0.88643858603247128,negative,3
19950386,-4.0464201215167197,-1.0708376607865819,0.71906852379836761,-3.5708045964678248,2.3305789775982215,0.70145099254494914,4.7393317624705311,1.8955041035364071,negative,1
20030053,-2.7459755466580407,0.92262055603569382,-0.84613990662050875,-0.18987193030035804,1.7095349590092801,-0.40750974492375752,-1.9063319694734822,0.26953649008075081,negative,1
20130047,-0.13214711226620901,-0.88260435062973575,0.12063635747622545,-2.818926388387724,-2.0617860014906539,1.1443581096115825,-0.41169876878865003,-1.1530023384055395,negative,4
20161031,-1.2666146771985225,-2.1337557488765224,3.9110258883874236,-2.8224235042266947,2.5924838024877706,0.072260829797323109,1.4128572190998876,-2.2613742250692574,negative,4
20010179,-3.471845995261654,1.5615284926337027,-6.3440866966453902,-0.77470123565355853,-0.66298894389805196,-2.6305086081939666,-0.2311053886458142,0.33445153983856674,negative,3
20050708,3.7449953984393032,-0.39365757880315494,-4.135790187407256,-0.18304864899393691,0.96651148886048643,-0.29424740353522361,-0.078707933109113434,-0.16361235456299245,negative,3
19910279,-10.495678925372188,0.77957282493990654,-3.2621443544866007,3.3896957826604766,2.9242720068420991,-0.18257006933739969,0.099965657854624815,-1.8882255142323838,negative,1
20120890,-1.796015912714114,-0.41377553410365686,-0.014651693846276188,-2.4049836309797343,-1.9570113550558721,-2.0703856990010956,-0.028530415103814089,-0.03741007642640376,negative,4
19810292,-7.3933268727240682,0.052962326353001937,-1.0352190075254426,-1.0457517385174917,0.1476541325159092,-0.47941123496017035,-1.0229427800607576,-0.82654938477285989,negative,1
20041087,9.6491862346671269,-3.6132258521077856,1.3161694060434999,-0.10685814497794256,-0.10754298668276877,0.66610492453940306,1.1496043296834881,-0.65705626337609246,negative,2
20140932,-4.8581506443911735,-2.3587264580204308,0.79816765192369332,0.19224054024716752,-2.0062388503041073,-2.4812890363182465,1.2381321569532358,0.37398449078579293,negative,1
19960076,-3.5771468586342352,-9.4058028410206305,-0.70270216412675857,-1.352482471594479,1.6677510389344248,5.5413001597707261,1.4462018712069646,0.90082734355878613,negative,2
20160337,6.4829342304050099,-3.8314366724380826,-2.1302788303346549,-0.26113260987393266,0.35424459379377682,1.2477089058551423,-1.0613482404968886,-1.108255908581077,negative,2
20204655,20.356578568872827,0.75174901814869832,1.2828869044341862,-3.4004297017533052,0.80827750379850472,0.49443240200074384,3.4645336829290296,-0.01892613967943322,negative,4
19960752,-0.071544666716279695,0.87965335166152891,-5.2642925327595824,3.4144513159091012,1.1143858242754203,-0.93081411996188368,0.36121070586147935,-0.54356575069651336,negative,3
19990862,-2.1029728280892845,-2.846513611030701,1.5014221812364796,-1.0366616353315143,2.4172850792735985,2.2536732813002383,1.9557199389543631,-1.6053658090759173,negative,2
20190728,8.5161878290111588,-10.339866957633333,3.1587611424163802,-1.4387916038076587,-0.20301396674437217,2.2918562632295916,1.5695467288340708,0.15929927282296638,negative,2
20020289,-8.2930129478903645,0.15934796544693575,1.2537650930801862,-2.1830983660970427,0.032975161164756413,-0.47289508474138037,-0.10843028975343415,-1.1105832661495365,negative,1
20030124,-3.1182172165056468,0.78681670251955982,0.23968831415944489,-2.5934390336621429,-0.68557827249122971,0.26958788984743803,-1.0177970664982621,-0.42823046001561499,negative,1
20020223,-4.4945585554931098,-6.7509131557101458,0.4739372693480054,2.0464746585422264,-0.80459111781942749,-0.83764363892356308,-0.24711299508456933,0.6676352252192338,negative,2
20100917,2.0990441930152084,2.0308564592308991,2.7496473190699025,-3.2046376181044325,2.5383649946154687,-1.4790346869236635,1.2054680786041783,0.87782825943722498,negative,4
20040386,1.7183935986456007,-4.5395366058456768,2.2256889185303566,1.8207199619692407,-0.87068362387512077,3.1770886210232572,0.80193406603106687,-0.012589882506658162,negative,2
19820047,-5.3008517964036139,-1.2777218256603839,-4.4131790441970677,-0.72532087101517084,-0.22808731898607573,-0.86646187540175168,1.811981579717846,-1.5092939161478278,negative,1
19970525,4.3636259289158206,-2.4784693135290596,1.39270608041162,-0.37678108250379921,1.6753816814719504,1.6154945673459711,-0.9142762683571396,-1.0902975959499963,negative,2
19970984,5.7152054045557605,1.5607890012606953,-3.3250977384950806,-1.1895171401308438,3.2592321595647173,0.23055487172302566,-0.42202053714341059,-0.5103004923350235,negative,3
19990947,11.04935414275287,-1.1149694171846321,-4.2940821351197496,2.0427704976300327,2.9044681005132174,-1.0741300214492331,0.35744017381164572,-1.3770067398880061,negative,3
20061022,-1.2700438150487698,0.30487429401577271,-4.4024851496218957,-0.17930258522483644,0.1298434366253797,0.43708540213151315,0.052777617018175391,-1.3363950765853414,negative,3
20208180,-7.7504466976370487,-1.5222528656381125,1.8180994010343421,-1.6639190703374729,-1.3996436674719819,-1.4007722931552757,0.20744377817146703,0.36756339829555584,negative,1
20120312,-2.1620679699739753,-3.9870064336087636,-0.42999868203589608,-1.205874490208013,-1.4539693526361082,-0.74151267771982965,-0.96202536903385116,0.97649623062669644,negative,2
20040408,13.743654660743649,-4.3879625569692307,8.9838022350673192,5.9570762652856972,6.6677027212747637,-0.52799467946857892,0.09889665020955106,-0.33123180556459442,negative,2
19890229,-5.8293303921937163,-1.392414672577365,2.6272940066865407,0.73017157921745124,-2.1342280084130181,-0.86623976330216246,0.31589352751692529,-0.01799375686328037,negative,1
20121136,-5.2918891742000529,0.22324464198834174,1.3465743021166741,-1.0481225144364605,-0.6668030610990926,-0.0026689336452900862,-1.5097024651108513,-0.8793045153149025,negative,1
20141094,-9.9554311755978837,-0.34324066842114664,3.5706023469957264,2.2658402294317073,0.1166354493828051,0.70923748808862286,1.2149588458556486,-0.057574675386307506,negative,1
19851039,7.2900708099491016,2.0163445148597225,1.8447917897214443,-2.447514844693198,0.67068505740371509,0.65180550713609442,1.3667689129675205,1.9615513813430463,negative,4
19820130,4.849608794395051,0.78687480995031456,1.9842336973745418,-3.023398107199339,-2.89492310649924,0.44210749966750318,0.80421529736586195,-1.0958425215689758,negative,4
19870818,8.5066171086202527,0.98287476460289758,-5.212867299436283,-1.7681735653264803,-1.2508629807885954,-0.751147946037935,-0.30204789365094875,-0.50225507520550616,negative,3
19910826,-7.1583952776589905,0.97527382700516241,-2.5468280397357188,1.2353140796948709,2.5891519102445217,-2.290205927262364,0.8306119301734145,-0.56998309342136733,negative,1
20070707,3.298607584672105,-0.12737447595615276,-6.1043185823055062,0.31137210432209728,0.69588422589998744,-2.4100811916133447,-2.031588220607258,0.73274263015074415,negative,3
20190785,-3.4400253241928374,0.35115243175701805,-0.0083043518176920128,-2.5242977907824855,-2.0978586694980033,-1.7595245250640106,-0.50641453398900205,0.41343730010205076,negative,1
20030176,-7.5254418120480766,0.20843857979370009,1.8338595162828109,-1.7641306820723557,-0.32312581249731803,0.021737434341250032,-0.37583858588510044,-0.78127638326537896,negative,1
20209956,-2.6629933748498607,-6.6305032103866806,-2.3993839412618221,-0.80587002333379409,-1.2095851873999526,-1.1898073221231635,-0.41158821536842183,0.89314666072592608,negative,2
19820855,-11.562062201207272,3.1666057788373458,4.1276942045930411,1.7423260565789671,0.59971323820801092,1.5668936776285116,1.0422220624119718,0.76535514417264894,negative,1
19970196,-1.6620679663750668,-4.0538680862136678,2.0859054009753843,0.32420397296330689,-2.7287333887401775,0.7451727931322264,-0.014937755510231104,-1.3271629657638655,negative,2
20050467,13.91654289998699,-2.1601228439630229,2.4396742081931135,-4.4989511002971412,-2.5737406499294111,2.0803313241185339,-0.30852838810159194,-2.9017335574430096,negative,4
20050893,-5.3288228881279185,1.0350628173652332,-2.1718808741439934,2.9794539181295518,0.63022756316186257,-2.101805774393092,1.0746744233140608,0.098406608589035841,negative,1
20100105,3.5851800828980505,3.4751873078554278,-3.70560872251454,-0.063942114758383267,-1.1918208708832747,-0.82141876685717852,0.79005105509557072,-0.63381215751250974,negative,3
20090200,-8.6895478393533523,1.2159636900187236,1.7575415728361858,-0.39668791299066031,-0.82252396001484795,-0.61325958774343703,-0.85857818288396182,-0.7688500878354253,negative,1
19841121,-4.6439087478534011,2.4848807718417061,-0.23135233357875332,-2.1491658731231778,-0.89629196856046567,-0.20746504561733889,1.1280446554983563,-0.85161255601325336,negative,1
19850773,-3.6862196973307548,-6.1851590574785966,0.34591184508178008,-0.36017755236819143,1.1719439190201171,2.936202057429802,0.26183679190016634,0.81459011053080188,negative,2
19950732,3.4463857650828031,-4.0618916464553321,2.872045484202101,-1.1101003232244877,-0.37805206738982644,-0.21740042541081439,0.93015620466078752,-1.1445169837551321,negative,2
20130807,-7.1518774964093224,-0.5048684234927906,2.234637682998097,0.48489228886560148,-0.60445998992988548,-0.2889921872011082,-0.31135767380426549,-0.1570393811820977,negative,1
20080152,-8.0331231799848144,1.396676237743967,1.1905811082511686,-0.68099362555069987,0.33870943266725323,0.83400357744456732,-0.44377784855991897,-0.49345909851099906,negative,1
19981089,11.112219297804483,0.82086104202737686,-2.0629357637840915,-0.38015660807895513,2.170662737842957,-1.2192933632035776,-1.565932520045469,1.822811199975197,negative,3
19920391,-8.8999069953556162,0.012951974777467266,-4.2635599981462953,-0.57011658142992605,-0.80030663970324978,-4.7413164949441695,1.154962240506312,0.89524909473407499,negative,1
20010567,14.753408568839673,0.89196639052285498,-2.5099283659958496,-2.6179469396389607,-2.1979342875468277,1.2086959249042502,-0.50625681405330303,3.0475180296409099,negative,4
19901035,-2.9471882933382534,2.1116387306900317,-3.5532734926241973,1.2171101094396315,0.30399222449005159,-0.51791741337286734,-1.1882349081995323,-1.8397965842911039,negative,3
19910698,-3.9021777869702015,-1.8550335964418914,-3.3106616175006192,0.62397412971325605,0.24690954797549222,0.71367177895938605,-0.89038669074810872,-1.3938068586875738,negative,1
20170952,-1.1903950034671076,-2.33523159100654,-4.0861350907110383,-0.60909045060875577,-0.44740932084635582,-0.40374217574317534,0.64075519442261675,-0.60244784489515513,negative,3
20030369,17.829925280162946,0.69868041336593467,5.9293160190290397,-4.9375335657339328,-1.4856428312308927,-2.7773113119121904,-2.9015852488389577,2.0600611582996304,negative,4
20111151,-7.1838672342945875,1.7472213125831313,3.9136986172913919,1.6248134101333096,-0.41000586499724373,-0.9144838785373347,0.067838211007487312,0.0052588095311254272,negative,1
19981154,-7.2723783480407072,0.8458435690384648,3.4925170994026864,1.5521432777238895,-0.58869027100201432,-1.1918190757540756,-0.19481304697772348,0.43200008921102451,negative,1
19940266,-3.1025686392582026,2.4773230985273176,-0.62472769428837693,-1.5440751289118095,-2.2337535388944332,1.5420682100746255,0.81906188460342277,0.70888639807694931,negative,1
19910710,-1.4985230343180964,0.84955759044561419,-3.3659443194014016,0.62939182572902619,-0.03953999699655121,1.6217618533365423,-0.36322136447266912,0.020473908356328695,negative,3
20170870,-1.7544975703741035,0.27261913636670021,1.5710954474444527,-2.470200000596245,0.87782555150019859,0.32338246346383653,1.6580160531793584,-0.052646965390983971,negative,4
19850175,11.672781650696992,-2.8245647214949234,4.3561922121445571,2.601761622807278,-2.6917776578421404,-2.2667169301903556,-2.0098221812597354,0.42935349995764843,negative,2
20080754,16.727080518132933,2.6431637663642724,-5.3209030122518639,1.4726801088963632,2.7063541321436277,1.5920032911731548,0.062014240642160386,-0.039919707430864454,negative,3
19940299,-8.4196259814235788,0.70584973795760941,1.4250837326816042,-1.1313496308021891,-0.17292738799899254,-0.58020944713005995,0.52389843962940386,0.21310829558176939,negative,1
19980325,-7.2301774552303968,0.47244382574121341,1.5812688058306852,0.83800932787305282,0.43526185235071635,0.62476731004097563,-0.71446086766167449,0.48927790857184583,negative,1
19920597,6.8766049665051492,-3.7886226850633578,1.5859309766711389,5.7984598852851761,-2.0115270231582532,-2.2749688245647319,1.4905174337445821,1.4412235123337909,negative,2
20120683,-2.8287120949700255,-7.5326109152567362,1.925988602702932,-2.4970318508569882,2.8279689789311271,2.2277984996125091,4.123813622303552,0.96755287201709528,negative,2
20100102,-5.0236228170977935,1.5817564361280203,-1.6622680738414659,-1.0635494931644001,0.7595007864579989,0.55685241105707273,-1.3436621978709091,1.6348073914596744,negative,1
20010211,-9.0592468076170451,0.29182860338385336,2.4849152275167175,0.051393855877839782,0.11945430950782092,-0.33218562213774577,-0.37576426777541805,-0.53119108349425093,negative,1
19960269,0.44898829501435883,1.4864300673721476,-5.3269569126663052,4.0802761202964319,2.2413908762764572,-3.3118220573635804,0.53329099872690189,0.92821157426598455,negative,3
20140726,-7.5722014429675601,-0.057514178475919636,1.1404278985082728,-1.7853164750902348,0.11561139912896719,-0.50031604175791355,-0.075204513550893165,-0.47513761580062974,negative,1
20090207,-8.4030378020832259,1.5307194116680574,-4.1096820449078066,-0.46129641230777463,-0.38307637492346802,-1.3248591037731987,0.49297793960189651,1.256439620383101,negative,1
19910111,2.06717577795638,0.34058089881800058,2.7264571596278424,-1.5306831620846715,4.489382346592298,-0.81321665466651483,-1.4025222663040384,-0.68566162026444921,negative,4
20206175,11.341729441794852,-5.7623315372273822,-0.91953077120180837,-0.82804499787031216,-2.533393158584726,-3.2582021731751225,3.0417265815529171,0.10021213129202244,negative,2
20170285,6.4182246074767662,-7.9608000290083343,-2.2850086329181476,0.73009229282388621,-2.8142569682451524,-1.1682708912335937,-0.41365757238376644,0.11429235534355332,negative,2
20011035,1.4607156362932983,1.835000349976051,1.2504255070013883,-1.5811744975023809,1.4204267848365444,1.3520525536167751,-1.4504987075762945,0.75148329362041455,negative,4
19861059,-4.0424150641404548,-5.6084748282590446,0.46623681507898018,-1.1908946578088888,1.5992777924111334,2.9672388401117336,0.6022062967944789,1.1807835293859898,negative,2
20011060,-7.0510124780374301,0.55035992771443121,1.1230188365049041,-0.89964468793727248,-1.2992358887670721,-2.3732895832313825,-1.0354512454726505,-0.26333542821454597,negative,1
20010560,-7.4227614475734027,3.0420140395619728,0.25492109537675123,0.67586081970379985,-0.16432785343121067,0.12414024488808544,-1.0937776864848743,0.52920595082180832,negative,1
20070941,-7.498496154272174,-5.3685071624179628,3.555160232642915,-0.89591933289947334,-1.8498166679800796,-0.43942020452486003,2.1676284633099501,1.6709943927815172,negative,1
19950044,-4.2639802616377027,-3.5653027090319438,2.2775441027244621,2.0199921967346999,-1.0605873129363441,-0.40709731771318236,-0.85484018054981037,0.32238805031068174,negative,1
20150272,-8.0126003669895827,0.80806740256827048,0.1821832551320717,-2.0400485993860009,-0.69478453876511648,0.61248763856475608,-0.48471545429279428,-0.26224019056521841,negative,1
20000745,9.8316698239082481,0.89928935082955952,-2.624897134508942,-2.6164956330303166,0.037355114222608711,-1.3853055656218147,0.84844667566311394,0.37916252360943109,negative,3
19970797,4.5852111213272213,-4.0086097991604426,-2.4169982945216746,-0.54516022264399988,0.81853957524177456,0.40026217238556766,0.23070382235181588,2.4656882587762863,negative,2
20030219,8.4059954546676163,0.92969679846598419,-1.733834377350123,-1.1393687422226157,-0.56910853159922425,0.2033514005628333,-1.5844261452169055,0.29616030113495928,negative,3
20150908,-3.5017565057664006,-3.8973167065686587,-0.79165331966107577,-0.98575553008126271,-1.8657015776431378,-1.4329295903509918,-0.024336115955346495,-0.45343681051773599,negative,2
19830683,-0.97941700049971858,-2.2856513753300729,-4.4360710880015652,1.8544115894572542,0.72080077693535138,-0.64260557467475277,0.35407291814586278,0.24009012648946368,negative,3
20131083,10.409260036656876,0.43932988200221779,-5.7589868913493385,-2.267374825006427,-5.7006156176131286,2.4997695910837638,0.97645496949684052,0.37486896029523165,negative,3
20130977,-2.2732650880744263,1.1272303306514382,0.72871919178385369,-2.3516041553996256,0.76324968039734442,-0.22693328351820052,0.98301709064753784,1.3527656599467843,negative,4
20030936,18.32708199017852,-8.942445084953631,-2.2964572291639915,3.058421183925673,-2.0375486636016711,-0.75104730878231829,-1.0578308535200471,0.61725844286381126,negative,2
19951139,-7.2732918345539259,-0.97547920777772512,0.44677830407281816,-2.0278991545181229,0.7823995998064871,0.18518379400218052,-1.1038578463714741,-0.043104615755184414,negative,1
20121155,-3.2204158790261075,0.64336588937992401,-1.6483320630110301,0.9801070786669932,3.2629841215515394,-0.21956864674642179,-1.5496951470694558,0.62766059326163914,negative,1
19960165,11.518013454902752,1.8686790103005746,1.9487289225751352,-3.5997291774454783,1.0615643198309452,0.42661898658283742,0.31322478476778165,0.10504585917545617,negative,4
19920714,4.962061534234822,-1.9326893463410892,-3.6219258859369723,0.42455502991390176,2.0026466345110783,-0.030667024944783034,0.086965959861305231,-0.84841320323952407,negative,3
20020365,-8.3219022173690842,0.077834310630029324,-0.88200728993277389,-0.77114551055908809,-0.31252230300406658,0.9761430093746305,-0.78937021043006894,0.011439076814797009,negative,1
19810578,0.90006121831207841,-3.3415956081712497,0.66355197511311126,4.559678030744279,1.1348257142000673,0.93717693703595339,0.11820440470094032,1.4235735388933228,negative,2
20061041,-8.333164684172317,0.70364749237485091,0.84862030000348898,-0.83035442317067698,-0.52896715286109453,0.25724863950094051,-0.78796600576454312,-0.941727080690549,negative,1
20160555,-3.7583249139082673,-0.056066681621386998,2.1740494260186076,-2.4752716671333022,1.9180850715359856,-0.53368933961005749,0.14622240350267049,0.62819662953028121,negative,1
19790221,-2.3297463915063199,0.90642163186003932,0.20303011293752962,0.25472622790874949,-0.24456341178776345,-1.7841713396384085,-0.59194311894502516,0.77458175489398018,negative,1
20000960,-2.8318152185966108,-3.596340198468305,0.84767209397009879,2.7302199008467052,0.91067464642004792,-0.41180302212792541,0.61827241274544198,1.829370996920501,negative,2
20100974,-7.4272221832463181,0.43488211011520511,1.3078318401293214,-0.052830864109210215,-0.25340673918506612,-0.25304270391927058,-0.32967131885590001,-0.42487958253672137,negative,1
20130101,-10.590086109997825,1.9670561767617396,5.4889180305155731,2.3197627889283776,-0.31843056715763002,-1.9033574352304308,1.840298548687775,1.5977090042027351,negative,1
19810804,-1.2594947726656354,-6.6779349294183357,-1.1225605075566212,2.6511267376525538,-0.10034794952621295,3.6450468806594341,0.25618738487304854,0.14387630392091569,negative,2
20120206,3.3643103002887793,0.73697546887068743,0.57890308253101042,-2.5038561856050823,-0.93949572383889324,-1.3835606322398994,-0.21853944830450375,1.0274243826025764,negative,4
19860777,12.306137540566901,-11.984762658912835,2.039320154741219,1.8231893194337221,1.0138641096482155,4.0866975272096751,-0.32208233652403523,0.023106373532886561,negative,2
19920112,-4.6855833544980277,1.3364781010182021,-0.19969645428341951,1.3958106313090801,-1.0032894857418064,-0.049582598471484669,0.30826944213662982,-1.0910853191313166,negative,1
19970340,-7.2054963543559083,0.25435485437009131,0.14043905707263002,-2.781250325379574,0.64015434506802082,0.13837300709439979,2.2043678853683404,1.1561985636310768,negative,1
20140508,-7.3689630049867976,-0.1884119714243058,0.75331900772012195,-0.23242154475826032,-0.87484505912005539,-0.74329376368768629,-0.57627619799776109,-0.4612431637709497,negative,1
19860006,-5.6995600646503899,0.36359144956203604,2.1916269680259299,0.8192841111826491,0.47778264222111821,1.5871021396606815,-1.4937410186166249,0.31024557002939285,negative,1
19930564,-14.970353889484574,1.2543917505124618,0.93402650722007907,-0.26774837852441957,1.0628045742634484,-0.46941151463618552,4.9898433905737889,-0.45032781150275242,negative,1
20170171,-7.1492595743974174,-0.0038572158154285665,0.59514595062236764,-2.0488112759757873,-0.80752626621797319,-0.11015548464832366,-0.57706766648828145,-0.65632566973686679,negative,1
20060262,-6.4247912092935922,-4.9810340962581918,1.2544600129643053,-2.942917270580883,5.4649277253870068,0.77227774321283538,2.8120780435335369,-0.10162519777297623,negative,1
20120859,1.4469257228940022,1.1471704160746856,-3.4898356387130929,3.1450119000524204,0.58377982978053544,0.91817769693953588,0.34486057232152245,-0.71706462020570316,negative,3
19870224,-8.3188813475022219,-0.9125601555301045,2.3475048274932542,0.29456392425181954,0.070809724971192534,1.4860879695264237,1.4224251017159091,-0.61543903781526643,negative,1
19790909,-6.6364564583016952,-3.6485694689088732,2.8421141873752296,-0.48715723359312352,-1.7047107520011264,-0.94080651892682743,0.9121689515992325,1.7850660647231285,negative,1
20040832,-3.9767962457499717,-0.68864331559473879,-3.0049792069668313,3.9421280164276751,0.54226126391406826,0.12364496040453654,1.2484691740841078,-1.7029049083801608,negative,1
19931114,-7.4600722970419318,2.6485973811246861,0.071188179787175676,-0.2355370458530863,-0.84271507729662254,-0.0054216216725553878,0.77486590378478792,-0.14529936557133552,negative,1
20180930,-7.8202367298196522,-0.32603704063127381,0.39263932768317206,-1.9769794532735663,-1.3983442309102638,-0.27098944023092625,0.028356296071275707,-0.33572273884301818,negative,1
20030030,-7.2567458917737584,-0.41204680782903469,2.2824097872814408,-1.4207680103917601,-1.2905903636770346,-1.6825368246835282,-0.80768418298344125,-0.30060514913968045,negative,1
19830371,-7.5814161475737825,1.4596581577047041,2.8879490020552749,1.9152070647344897,-0.18594391301158389,-1.3032892759773269,-0.29915451457361331,0.36160289411067231,negative,1
20000998,0.67717105190210036,1.0099879183830809,0.55146980267613943,-3.0340480004382919,-0.51460925950503011,-0.048077202609118304,0.64289597461310721,0.017367947981950328,negative,4
20170722,3.1503125463378638,-0.071490379212746688,-4.1491931423659709,-1.3474940875205503,-0.27418243656036051,0.041418331193026417,0.2557350529116863,1.2696421611633588,negative,3
19840181,-7.5485267323945795,0.22951613989472303,2.8904313211618171,0.55688983086646149,0.37182533898640907,-1.5227183998102503,-1.0511142025987936,0.65692667691609208,negative,1
20170777,4.9602120866676263,-3.056483537720001,-0.66289583725813406,-1.0867874675383205,1.5157637551937007,-1.4845973420461922,-1.9367382610069379,-0.23160471777013258,negative,2
19910449,0.30695718747272621,-4.2722691310686072,-5.4018247793425118,3.7876499064440159,1.3066981867706313,0.45134586334937654,1.235645182750017,-1.5210336555686235,negative,3
20206478,-3.6619458968543537,-1.2529710719810563,-6.6194926016271447,0.10361682511313043,0.48039819533632139,-4.1172082468567721,0.62462060555850973,1.1246661381831442,negative,3
20100851,-7.2477577890933258,-0.57917289312671572,-0.035915820831482835,-0.72583439883318501,-0.73112296956990364,-0.34962371366909034,0.76984745768558493,-0.017785859524983769,negative,1
20120570,-8.0287927318927768,1.5944568455597607,-3.406270554530431,3.3194561027611296,1.6769528998781866,3.7095430960381086,2.0861418862410726,-0.73905131752489461,negative,1
20180368,4.6301448704081158,-1.9137625010631265,-2.4942952962566309,-0.4314745481196508,2.6310344979688902,0.032870754691474172,0.84804863006838171,-1.111562890390065,negative,3
19950549,8.36843591703831,-0.67415778767521894,-9.5629891345737459,0.66976098315874377,3.7195226060412123,-1.5198182962726019,2.9710411639995398,-1.1165407005248253,negative,3
19931063,-7.9334681250059136,1.8255531430845287,1.3144333445381886,1.7711784694893717,0.40216060490381672,-0.20652763872162389,-0.013906619657271314,-0.11276404846916976,negative,1
20070922,4.0660853366037157,-4.472005613354078,-5.6909027868520603,0.70376393246210545,1.029648334535421,1.3842664206484079,0.7244546970064828,-0.15470040231358406,negative,3
19881053,2.8435755310369228,1.6540427401010678,0.93260809657533217,-2.0799144213047764,4.0591532904465426,-1.826308270006654,-0.16646439547804084,-0.17146687696924573,negative,4
20204822,-1.2666884839073247,-5.521931714676473,5.4569979857575497,4.1050573779329955,-1.9698783137661235,1.4548975190179279,0.53275390731617733,1.056964441016673,negative,2
20040075,-0.91987320343932011,-1.3461071484111251,0.4505925842828718,-2.3578799078175532,0.97142138455134175,0.27456040771196499,-0.15941026883814827,-0.44015570485780436,negative,4
19990640,-0.066019221761358424,-3.2386425371914602,-2.7681554229379981,0.86177259990619126,-0.69348668328054786,-1.4021572378952964,0.54731662372239898,0.23260516242420148,negative,2
19870697,-2.7771476843575962,-4.2032668740758545,-7.2826068257535734,-0.37923761060039335,1.0249931971064565,-0.12832630008240034,1.4264144822730636,-1.327225828721857,negative,3
20040020,-1.205178924056473,2.2687537017076003,-3.5099758144110984,0.8160381913009831,0.18024846427308927,-0.37140824928895122,0.15707215462690347,0.22585501107675585,negative,3
19810133,5.9365829335154015,-4.1053957155937013,-2.2164590293462743,-0.21307872852117693,-2.2098953504562933,1.813540963737678,-0.12176643489713154,0.017440782395372643,negative,2
20000120,-7.2093786745627151,0.25808308975640298,0.13602360172552988,-2.1956368753343201,-0.75515413897196138,0.19409047841182367,-0.92196685685825286,-0.84942690206305427,negative,1
20201408,-12.139869760000375,3.4209776468461675,0.49705757291030778,0.50115125618671019,2.3890685275111743,-1.151269524933092,-0.91478206505471837,1.4047700070161029,negative,1
19980263,-5.5747880714684737,0.89862390993191321,-0.22249408824686487,-2.4036109519029498,0.50012272282902159,0.012309028275226536,-0.69335792780909455,-0.0057474927725780075,negative,1
20080014,-1.8558515627633883,0.91941521356688349,1.7495144648747714,-2.3976040009813402,-1.3532249428333518,0.31843833670724742,-0.20359941683114341,-0.84237837754498013,negative,4
20080041,-1.2290335506705266,2.6526603039922882,-1.0713902888075526,1.9437121145528227,0.27032771967661567,-0.90212762925420875,-0.42787521706885923,-1.1951754558528471,negative,1
19800343,-6.5049870671714354,-1.6354437782472477,2.4865054269916409,1.184742861397603,-2.9343296586167025,-0.15893338771934071,0.46280589813292683,-0.90338946577784263,negative,1
20150560,6.326381230745989,-1.261279239637265,3.7434757523638895,-4.3061413058108382,-2.9555174581785031,0.70990776882781015,4.2536549808107118,1.9930074086223906,negative,4
20050521,1.098334037551262,-4.0873247230938183,-0.78583176894741846,-0.46023995592703476,-1.3113746727101383,2.4599869740915814,-0.1534677351695404,-1.5608290696443958,negative,2
20090437,-2.5272753482315271,3.0265156191875842,-3.1929152470752138,0.18601977243791473,0.22969651560179524,-2.5346476475606687,-0.40231986225412952,1.3368252081412113,negative,3
20206745,-3.8396202824219929,-4.0572407738479583,-1.6136120055994756,2.2091602635731831,1.1308344263572279,4.5744983049332326,-0.029210357223465881,-0.016535135734896976,negative,2
19840243,-18.882542638401507,-13.676068005396097,-3.772208272627366,-9.5143023766209787,6.7234447189581088,7.1648247098476761,5.8526224813886385,4.7821183985334672,negative,1
20020182,-5.7768062228099168,1.8354263896479028,-4.8694267811246226,1.2460016129637155,0.96217652360403627,-1.3718752084451278,-0.08798864446866711,0.92609839424257334,negative,1
20070584,8.0496208695703171,-7.0091313171542806,1.4926526806248055,-0.29846569241453541,1.6808794570682573,2.1683958374458463,-0.72595040672992006,0.47147636986548092,negative,2
20080640,-7.5051155559372464,-0.22697801441247722,-0.15331072218536129,-0.74639038323665186,0.61610948086668493,-0.089532646226798809,-1.3371264115395569,-0.57139067833789525,negative,1
20180654,20.160054471509856,-0.73170288151416496,2.8058449582257121,-2.5416412715490715,3.6499002109855283,-1.567178767806594,-0.4100744909878159,1.7121699909570356,negative,4
19860963,18.997886705107529,3.9185137092866364,3.9546560650439133,-3.5233897462629171,2.8828909960001319,0.6310899797157663,1.5051238427289886,-0.36268404770307217,negative,4
19920358,9.3478289621627919,2.6794730407867218,-5.5464386305277831,-1.3439069357557358,1.476709748287645,0.57979313407790545,0.2869124905497164,1.5211780047205685,negative,3
19850710,-7.7719110199622623,1.5962448518238819,3.238645440132164,1.6383704367323695,-1.4159571919910434,-0.40549693420581129,0.66264255364981339,1.1150009977411282,negative,1
19941156,-9.6414378060603116,0.77840674048232372,1.0779982514885789,-0.38312796951188027,-0.36279909889400652,-0.32097939838326672,0.31304048384047867,0.35706171430170414,negative,1
19940403,-5.5623642170391294,-4.1714406247121332,5.4437050343834015,4.8949109267429476,-0.97296240323603322,1.743013954963444,0.33942680479232973,2.0198485642279831,negative,1
19910175,6.1484442931769481,-3.867213775603437,2.0342953752506752,2.5811384045976484,-1.6476951825660562,-1.6795470299633599,-0.99532093365433849,0.65063420854804688,negative,2
20100133,6.8697936649383706,-2.2235914424830852,-3.5036685405208634,0.94410692543333363,0.98694686357842654,0.44364716922979691,0.14733459754334791,0.33600545508597063,negative,3
20150445,2.7935926294445048,-2.3424375327905671,-3.1034163377934409,2.941410290163426,-0.11182230033621519,0.44254562994174623,0.33476749524046207,-2.1277462042056574,negative,3
19960258,-2.7880254568809018,1.1029384765759502,-1.8117481696753861,0.39917997436640446,-0.5369015458661901,-0.054170567242401574,-1.5269693791199836,0.67887735580572173,negative,1
19920483,-0.13908599999957319,-3.3456125632912319,-2.022846840224346,1.0140531575163914,1.5242855478252366,2.5348872005487122,-0.29657004217784566,0.2345329562055877,negative,2
19920877,-8.4640312153013681,1.3020484500622018,2.8688853057440444,1.5527996691088526,0.13761684666291607,0.26784540792262135,0.015724411116136771,0.53873156404543787,negative,1
20040703,6.8906493962228579,-2.9111768830418225,-3.3673207363119082,2.782867951239254,0.75607213441277099,0.49400152839229089,0.37986035971189963,0.90953950955308938,negative,3
20208427,-8.9532156315139915,2.3391110398972788,1.317545920106862,-0.60759005359709539,0.94792719545523718,-0.34514514691234349,-1.2014176700744366,0.1850078408449419,negative,1
20170369,-6.0384056849353493,-2.9401439706134331,-2.4595455077822508,0.46410885733330376,2.0968853961142226,0.12088029514601187,-0.11030534174544507,-1.4682420358330821,negative,1
19950626,3.2012122541969505,-6.8713336299591026,-3.2368377078663051,0.60981988615398508,-0.93340217345763821,-0.94125940171514477,-0.027197092706262197,0.55384584752304289,negative,2
20151067,-7.8386459798946584,1.3125411347915197,0.43177528357587885,0.17075140596746144,0.83409515531511647,0.1394861423265063,0.11538932499111591,-0.2195930883039979,negative,1
20051073,6.3331087179416343,-1.0175076471604843,5.5008736370647391,-3.8899246352327124,2.5966369316203211,2.2883235176044545,-0.18723811856220141,-1.3061592149126682,negative,4
20150532,25.305242547891371,3.5250683052812457,9.9104144986331413,-2.742166172122833,2.1055132300512223,-1.7183020594932878,-0.19368743601677288,0.42577567621775658,negative,4
19801135,-6.1129177409965072,0.07170942219971492,1.4291566873865018,-2.4783022241912462,-0.39306055406303203,0.24617044989350625,-0.15548518920253074,-0.62158087450898369,negative,1
19800460,-0.87119240415469801,-4.395096717998471,5.0526736973176778,10.732901477207234,4.2660582127921058,2.2923663037495312,2.2194627665835545,1.9183403634462459,negative,2
20091165,-2.6997969452578396,-0.87995282384751394,-3.8869612998396055,0.97957832807286094,-0.7726326780123165,-2.7364412586241982,-1.1636318305403532,0.59210290761245277,negative,3
19790094,-2.9848665369384708,1.8422155562756095,0.88679190497073135,0.02209320622748874,-1.0645279352374346,0.82569349149174087,-1.6178329638602074,0.86890767394542612,negative,1
20040105,0.40236453447957782,0.054100804760119879,-0.73983326018841233,-2.1359441177682821,0.67054329545693414,0.80293189114884089,-1.0417675503046628,0.024784689702606898,negative,4
20030676,-2.0495886523787767,-4.3806065628077695,1.9248588758862235,3.4601766195586472,-1.6820320233270905,0.74981047768273534,-0.64241259886427549,0.18108081094409401,negative,2
19800094,-1.7281232252435208,0.38708448483459346,-1.4122310694371416,-1.9947573028915011,-0.91468923003562641,0.3377892525275118,0.2550149504746973,-1.1576935320403028,negative,4
20020985,8.2689209411787239,-2.811868732200578,2.1924935234395906,4.064123913121418,-2.1952333773224897,-0.29717747970769637,-0.93021395052201827,0.048982420941074321,negative,2
20121030,-5.6440815357339167,-3.3148924606071466,-4.2014064780225153,-1.0897154612082121,0.70897882424162073,2.1248430476558364,-1.5090422677122692,0.68308091958808004,negative,1
19980096,-6.1011947402962905,-4.1756404224849106,1.2074533568421433,-1.3357046923561511,1.9524449779981996,0.82957914918103171,2.3766698864356681,1.3596887567677467,negative,1
20040950,7.020532111340172,1.6510049283673518,-4.4458718104664667,-0.65333263166294542,0.14901610286623845,0.55017929860876513,0.94705285150465279,-0.036307532094778341,negative,3
20140944,-1.595382431141614,-4.1218944851935735,1.4237656718432052,-0.047017941233342055,-1.8513980046670371,-2.650933297897017,0.86603692034093382,0.20310678129156035,negative,2
19930928,-9.4747062077059265,4.020991669582668,-0.45991519066771924,0.91562522744390229,-0.41165224440742743,0.30468864067573209,-0.091004647906340996,0.44840255690966563,negative,1
20010087,7.071393308942195,1.5651433515810966,-8.1211902091502868,-0.89726519166451435,5.4613932600532857,-4.2222124100544347,-0.19899363821249144,1.9836407610469837,negative,3
20160465,-4.7415415189587238,-0.26799164151813853,-0.5264418364145248,-1.5135209555026148,0.71639210274390053,0.62770774384667427,-0.65399221224370396,-1.5513271074217687,negative,1
19970828,-2.2188751754387148,-7.6072415473726442,3.2118357116583964,0.72374262929669031,-2.4443873285507172,1.5605770752548243,0.18646274509260255,0.86809690130494677,negative,2
20080590,-0.0012007563164804739,-2.2665235583707561,-1.1911799476409184,2.5638225188859773,0.39334841830968176,-1.8119134286785079,0.52662829605397021,0.0086923606501464155,negative,2
20070601,3.5807317264471927,-4.3447644463363675,-6.5322668718334427,3.2783484611066633,-1.8383185511725044,-0.88509831369840342,4.2497532116994767,-1.7757774063359613,negative,3
19910975,-7.1657810720205308,2.0007977188552197,-0.3100675291731978,-0.14991776465608764,-0.3890960172466193,-0.57576325183085619,1.0689694990013041,-0.53816069678785661,negative,1
19930370,7.7420632367441744,-3.0560961871203247,-3.6800274416776193,-0.49690592759073243,-2.2284526970304523,-0.93655369870422622,0.73549729123794916,-1.2656783855841798,negative,3
19971054,-7.343655900860206,-1.4812651331771138,1.8265881187963608,-2.1282554515034309,-1.4000830907818018,-0.49415785845560423,-0.18198772413124409,-0.290245204866662,negative,1
20110695,1.5398651929342664,-3.9075663315647371,-1.7898615683575461,-0.12908382062007148,3.4114652405233814,3.0932727206107051,-0.86336564100252011,0.13235913498899105,negative,2
20021153,-8.1773865081535302,-2.1921660643786867,0.48087119951349683,-0.3600223894359843,-0.10109581939012814,1.5848442564449343,-0.13966581360546651,-0.33230276617934001,negative,1
19840792,-5.2830353576143576,-1.9557596206755516,-3.6882453983153947,-0.83626142610621967,0.70004626680877324,-0.38413384701042991,0.55340710754200373,-1.2562228618645288,negative,1
19790542,-9.1326677052198786,3.2217058915989503,4.4370923134381108,3.7206391326475616,-0.63127561528241072,1.1989165130493067,1.1320241477012778,1.1251397606337274,negative,1
20204070,-10.254180744831489,3.4068675603818868,3.3410426692583646,2.2150880351184674,-0.58222354982525693,-3.7645611340691034,0.96646176239649484,0.14426364814285875,negative,1
19930454,-4.9505641033029155,-4.8871351919966584,-8.2149245511840743,-0.53173946788881088,1.996508668252212,-1.3338867204003124,1.072183685211672,-2.0799201465885142,negative,3
19910380,7.8530686090723334,-0.6443813193603537,-6.2809157791621875,1.4152662196581773,1.4980831392952911,0.38785510488836805,0.32493264006979006,-0.61311905383725029,negative,3
19930571,17.625437147184698,-2.2962415149490072,-0.6541418072093339,-2.71178965596097,1.0414632183729866,0.046959131039460207,-1.3611077328588628,0.75098145331791655,negative,4
20040509,3.1275204853492942,-9.0766258790837533,3.5036954592223677,-1.7603213184211721,-1.0704820698961068,2.5032879255950427,1.4878225975063606,-0.20786413923531102,negative,2
20000387,-6.385749861110626,-4.5019299075099024,3.1628826620752775,0.01288664455787431,-0.93360430360372793,0.91100444720397233,0.10545434485611722,0.91079269133941898,negative,1
20060423,-7.0517174390406216,4.3028153773696873,2.4873721113588276,2.0867004514973839,0.14173220315043356,-0.42790451901525423,-0.12088985359518337,0.12816457001275466,negative,1
20100843,-5.2500483203725032,0.95465208201106677,-6.1274088593339924,0.35905795966411042,2.0896985700432018,-1.529651757038988,-1.0094961709021446,-0.95872353548277178,negative,3
20030077,4.860154021799266,-0.89153392182468305,1.8521654376133758,-3.5558721126712372,-3.3585270669929495,1.1186780046088811,0.44079547383745998,-1.1457177148391842,negative,4
20180583,-8.6838985554618553,1.6613839985130485,-0.35242214530514943,-1.0635840665303711,-0.019530413794818822,1.3254944222974119,0.13347762545785974,0.03152579756423133,negative,1
19971006,-8.1488821682142962,-0.08401958533233006,-0.67955608493484476,0.12385076180476583,-0.85561237063765705,3.3064560801313641,3.3412934118351636,0.9085403315795143,negative,1
19890970,8.7862500336193605,5.7420422377259719,-4.8241974147577071,-2.4970054106384314,-4.253162289034476,0.66439626005999264,2.4295591580777529,3.8192370067871462,negative,3
20030753,-11.307881671274432,5.6203573847855273,2.9373621556588607,5.406903887822561,0.77510898285490892,-2.3469333625238518,-0.19281227909374327,-0.67730622568934606,negative,1
19950486,-2.7946651249467793,5.3442006017995594,-7.0064638338309599,1.3413775819509359,1.5736352127787936,-1.6713545947420319,-0.63696073508960238,-0.51417538493824266,negative,3
20070177,5.630679943566987,-8.0794297456176771,2.9788000279147657,0.64364229193681866,-4.852208368621338,-1.7011736016775612,-1.3895893393334928,0.9345506734437472,negative,2
19831112,-2.362580021919642,-0.90518383540252112,-4.1849885113404861,2.4489591999559366,1.5228166998485346,0.763061035207242,1.1433545033620089,-1.1260071883424336,negative,3
20040820,3.2311281567335048,2.1771958945810899,-4.2462161251925448,3.7768995386054347,-2.6242525156148111,-0.65421003724685978,3.334963291188263,-2.3713609274681398,negative,3
19950142,-5.443037275578539,0.59674519397780512,-3.0210238452939402,0.3106769171785782,-0.028610686132971724,0.31771502282512787,1.0508216259960979,-1.8685522042473877,negative,1
20010499,-5.5066269202004205,-0.030822008112585331,2.3262543522387094,4.0229682859783038,0.095990280542807602,-1.9004284934103561,0.58735884752316936,0.016301439127283202,negative,1
20110427,-1.7476057808032006,0.017565664514455116,-5.0806129048195672,-0.0038352959343129879,0.37935007062882364,-1.1916544339450035,0.79388978547233924,0.76282603834691276,negative,3
19980488,6.011953788663102,-2.7298305153925719,1.4326687297617888,2.2930304633173995,-2.2982823997721544,-1.4478747753969579,-0.12055112702087055,0.95230644176993229,negative,2
19810003,-7.9712569051156503,-1.2266860946842961,3.581020580712432,0.27519685689902806,-0.79580570803455708,-0.99126717710028556,0.089594665639770948,0.84489410733394388,negative,1
19940561,9.8258487688157086,2.3739844896661153,-4.9980655036451616,1.6285964728119866,0.63819139543032821,0.32600125766773541,-0.50771560328159326,-0.4356812918437889,negative,3
20090354,-5.7892745455223791,1.6131936344678346,0.95668854711266438,-0.076904639730525526,-0.25483666994021881,-0.5870876636845036,-1.8932378824560088,-0.44305978025904791,negative,1
20170329,-1.0696726847641047,-1.8896950770236749,-0.95069238126024469,-1.5614741388927529,-1.1559884447851914,-1.1907449569301118,-1.6801128042381583,0.35190200008849531,negative,2
19820954,-5.8212228585782118,-3.8999700452863837,-1.0915135886415013,-0.96084985827936953,-0.695001050096692,1.3405386865698785,1.3974904430944914,0.38195061050297102,negative,1
20110303,-1.7790255085499536,-9.3440278369563092,2.5090077239968904,-0.13628500869767632,-2.1761192321886442,1.5733216482425518,-0.33279567915396546,1.3699687268456624,negative,2
20051066,-4.1696426868727237,-3.5938635902718969,-3.033502295824329,-0.7879583631500523,0.35894055097263866,-2.4623489728505787,-0.52791752964246763,1.6542148287396661,negative,1
19860384,-8.4377618556041742,0.30712712957456695,1.8294560940921203,0.7318878123950715,-0.13082657789865401,1.8968078289569381,1.3059483818887136,-0.055684483015661833,negative,1
20080124,-7.0601514099108726,2.0770518526876147,-1.4404925993301423,0.62320652430633028,0.89009422790662895,0.190410114358112,0.23389768716124454,-1.0302462111447335,negative,1
19800273,-1.2941582482621341,-0.77011115310706268,-5.9289231019526909,1.3948995974742862,1.7516499827995784,-0.099707840651715909,-0.33803172307657725,0.063991272420630504,negative,3
19940443,-5.482151333369508,-5.2246473988255726,1.6499532147837432,-0.94782792936354721,0.28385661624665304,3.9973507125404724,1.2197719731699879,-0.16128620661035162,negative,1
19840402,-5.1823798756546395,-1.079578000454817,1.6467613033899278,-1.4078651430587781,-1.6361788885548145,-1.7563489876888878,-0.28805375731527755,0.1770127683481667,negative,1
20100173,-6.9220985014174765,0.61846200909085292,0.4732799543485291,-2.350553072657128,-0.95106363727623788,0.31779085725775419,-0.19671826931334904,-0.51014482654340909,negative,1
20010235,-7.3636137164503754,-0.061822825495835031,0.35137460995671094,-1.7738611341741677,-0.47254906273844688,0.63415500308856165,-1.1348455375350286,-0.76738636787950865,negative,1
19810650,-3.9631193893270473,-3.9963624224673913,-2.0994066302283536,1.0076051639247734,2.5065514534256081,0.7524667389641424,-0.41505194882313706,0.65691007937474788,negative,2
19940398,-7.1413082762274822,0.3341025606091157,3.6066022258630062,3.1314079009276155,-1.6980713838881809,0.91894128010162746,0.19335249257476267,-0.27913333891137582,negative,1
20111005,-8.6031563746070177,1.3054789777855023,0.6727511059088036,-1.174348564558594,-0.2909281558026528,0.29909067847584686,0.26467622527770651,0.027128426454144639,negative,1
20110505,-9.5448054606477335,3.853187412069873,-2.7171395628374113,0.99364704265524562,1.0656756279588786,-0.93311460285912173,-0.26690270048843479,-0.68816245998759373,negative,1
20011044,-7.8919542548599999,0.75330597079894179,0.53627694629363076,-1.1439955398866641,-0.094785061807057744,0.24041091717217317,-0.81468485170874394,-0.3955045510474467,negative,1
19880514,5.8100613359660036,-3.519122034252633,-2.9280278393775467,-0.90946487467924586,-1.6923568518298089,0.4801548444692712,0.51661210517622835,-0.43016964324213713,negative,2
20160758,-13.092791280626466,6.8971051788914517,2.1524440057196186,2.4260978599540604,-0.1002249252293651,0.4047733306223682,2.021096392116092,2.7005321217830085,negative,1
19901133,0.84778894571436469,1.3726844109099632,2.4804067521222311,-2.1857009948412163,0.9109673575412639,-0.73359986573407066,-0.067431674758314589,-0.20494591828553305,negative,4
19790079,-7.1691710017592039,1.6729257911955038,1.0156225509362657,-0.91691934901229777,1.6024586475222853,0.62219851067566168,2.2507204218550871,1.3716339930023329,negative,1
19860853,15.963604164649135,-3.0210490524339342,-5.3850200872330092,-1.0743817052658149,0.25642913919072452,-2.5652273853643761,1.0774265552974269,0.61940473384817318,negative,3
20030940,6.7097737195284219,-3.9462396164626714,3.0419718358733427,2.4540928855764852,3.4153347479911966,0.67236452400217828,0.86134853017011603,0.46192809222301756,negative,2
19910010,-7.9111672283758212,1.4315670397106488,2.2056035551704216,-0.05948767276288406,-0.12892224219961584,-0.71883790590881202,-0.32800560419466818,-0.58183257518291753,negative,1
19921019,-1.19927113941911,-4.0416025268804905,0.96480336129618705,1.6020815212043227,-1.0255783645839451,1.8831480543349506,-1.2703705262025262,-0.26939101778980395,negative,2
20100003,-8.3397524737779563,-0.81456317593272887,4.1028999978827061,6.1069547998513523,0.99651973627438295,3.71949449050256,2.1662503175854648,2.305332444113088,negative,1
19821058,-4.0236598298592545,-6.9425186686528786,2.5600417829013149,0.11905802277818484,-1.8087281259754304,2.2412581467667003,0.6818702623805285,0.95614629126268891,negative,2
20110304,-7.1692195274347839,-0.16914020566650875,-0.68423861323877389,-1.1769643173844069,0.50460377511784793,0.4275376611065218,-2.118497316008165,-0.50335604164435854,negative,1
19820953,-1.0784135632236482,0.4433196496435442,-3.4078034355001101,0.80361265452235187,2.4676892814825,0.81173887088226093,0.16631518110597379,-1.3059516432278051,negative,3
20090224,-0.77832875668465296,0.52212145873408033,-0.44956968136128123,-2.4861730904392898,-1.491565055194974,0.42558790640207611,-0.59107150382285989,-0.98853508629500053,negative,4
20150809,-1.3615593476376515,-5.3920409606158204,-6.4941690134610912,1.1090883597563128,0.39079454580552653,-0.12084577738552416,1.3139919383218286,-0.37323308296874658,negative,3
20151157,-2.0778026182903795,-2.2464761409543721,-2.5238170298351879,-1.0209851562390377,-1.1609814018467126,0.63257909005545576,0.71881648368028073,-1.4877595855999386,negative,3
19800550,-3.5797477803544702,-0.64546071414180073,-7.0082014854194661,0.79386307975085324,2.0630774215440018,-1.4127607392794461,0.2332233805856698,-0.60456554258269157,negative,3
19900544,-3.7365417705638309,-3.6983656287473496,-1.6372849953643482,-1.1111325486951855,0.37009775468264045,1.0893154403226597,0.2095687079871402,-0.82245877123726829,negative,1
19910643,-1.6807647512721238,-0.10110053462266189,-3.2509512657163202,2.1576838162275735,2.747926549862771,-2.4044354192970796,-0.20673547781415239,-0.1857331795427119,negative,3
19880513,-8.4040579004268672,0.20719774755939704,-2.6004283877338099,1.9460603982660549,0.91867053714389901,0.88206849316341318,0.98326808006075339,-0.29023527658926634,negative,1
20111057,-13.325457326880683,-4.8369911593501289,-2.3638052542793742,-0.2091732303940225,2.2366137432934683,1.0070237908578221,4.5799625355997007,-0.89884711482933966,negative,1
20040035,7.2702211218116064,-4.1809431276769065,0.43102551647273496,2.4602046865039653,-1.5484106993685929,1.0498494883143699,-0.92683169702149781,0.66780700658046599,negative,2
19951079,-9.0746492061051036,-1.2330440284500424,1.7800547411974916,-1.7287175100952323,-0.99063922804698645,-1.4010875140603642,0.058861548091233867,0.74728639736596825,negative,1
20120540,-3.2836017735207843,1.075960894310372,-0.64687413668865168,-0.49377147194091775,0.65245324412500372,-0.10265268816764658,-1.4068144322441256,-0.763684362300868,negative,1
19810349,9.9717938890665909,-2.0771824005971791,-1.9517309332397572,-2.4727019052528902,-1.3648885787043541,2.3602065616019781,1.6081426225228359,-1.2102906258467505,negative,4
19930958,9.2318869847809975,-9.4727785508608893,-1.4644529517284794,3.7568593495419593,0.20338850007005893,-0.29119600614129215,0.17175482973539066,2.0175431727714366,negative,2
20040920,-6.3586613057772938,-0.41539949499889728,-4.6914585136778078,0.63380497653115253,-0.23267749635984425,-0.97177739110946315,1.5209593641130903,-1.1462436070238762,negative,1
19920654,9.5795628246083968,-10.588804817486414,4.8316458557582278,0.98397750883824242,-6.2108220548614108,-2.5897420658083554,0.32696540263677698,2.0795979686588506,negative,2
19870336,-5.3858013017122088,-4.1973559384558161,0.015287705865896175,-1.9588603998932828,-0.66238222390808676,0.68475230742718007,-0.56727675496846042,0.53029998057166416,negative,1
19790410,2.2930496906664342,-7.106195797835607,2.3648736819085534,3.5349243718565448,-0.79171777108014973,-0.15725485949408197,-0.18590058651909275,2.0213141429056729,negative,2
19831012,-4.046187312883518,-1.9206722088031809,-1.1923610615683624,-1.6802581890271564,-0.62644454581863862,1.2835186472098619,-1.5035802436807337,-0.40969113532672369,negative,1
19791145,-6.3331063942299517,1.1736045969390632,-1.3171895352836158,0.86488811941772625,0.77816414000278977,-1.0802883951680049,-0.41492824063297168,-1.566507755724359,negative,1
20061101,-5.0058748016823618,1.9633748365350319,-0.15446452774612471,-1.3249511565824263,-2.1334586066910388,2.3767867066456723,0.60359366700506323,1.0979381697418853,negative,1
20000481,-13.064576891003229,2.9302539632610447,1.1945764964108618,1.3450276521819005,1.1251428406572446,-0.54659647996384353,2.2887960874137669,2.141983985989782,negative,1
19790361,-5.117396344440114,0.30657868379599135,-0.76922535615033405,0.10244481860759988,0.39467541438951226,0.11199942452227016,-1.517378426192094,-1.2552154025410174,negative,1
19830263,-5.8123452216836595,-0.11843066666753216,-1.9522403330541067,-1.3567543725380733,-0.16500977842614906,-0.049856963806166173,-0.65150806873996714,-1.2254986808923563,negative,1
20150149,-6.3203087849906474,0.85209680488642925,0.74500663209197671,-2.1934008504119951,-0.50935087041751215,0.72677145731224002,-0.26930293285830964,-0.36824453917008643,negative,1
19840093,-1.8009034904554488,-4.0548907799582885,2.640516993053426,4.3255544027203019,0.045151388720752444,0.86872588394365646,-0.63200474310381149,0.49145105681370616,negative,2
19950380,8.5604841245581245,-4.2367690326237781,-1.8866181340994848,-0.36546939133499096,-0.65492889996033765,0.4233761386215848,-0.30547051028083488,0.43718018446439633,negative,2
19840039,-1.2211236532315934,-4.0696676544022061,-0.3776653013077686,-1.9220298848177328,-1.8900205713846252,1.6039511186310211,-0.35414242353198006,-0.52127669753399652,negative,2
20140393,-4.2228404556271046,0.70173829583959857,-6.5482825211487201,0.7618374510067214,2.0863937302641813,-3.149341418663385,0.51926201688692253,1.2722180767654168,negative,3
19890559,-7.6722293135531245,1.5324015407301406,0.66007968638839953,-1.408656222448204,-0.37844814907481655,0.49998724219276669,0.11949497749147375,0.39596250782759168,negative,1
20020882,-0.41887848488976853,3.6388083979935839,-4.0951004179101682,0.44152885827024779,3.1563809872287609,-1.5540871833455063,-0.60033552153294312,-1.2886235237154953,negative,3
20141148,-2.9938169145644773,-2.9355676384092901,0.35768537284317747,-2.8275974949383302,2.803082266267042,-0.42649667397006147,2.4089167775696589,-1.9073235993537401,negative,1
19930471,10.933064539702411,-9.2988760785866411,-3.4425992413609348,0.80354775977102666,2.2820002583357621,0.87728286818663204,-1.4567347246948419,1.431556490458598,negative,2
19820762,-2.405861257684208,-4.4689459199494257,-1.191173095972293,-0.43053835817325087,0.93866123782923239,2.4545680482710019,-0.34367164059090521,-0.74595834801535843,negative,2
19940686,-6.4170139072317021,1.1298930270055061,1.8480930427990996,-1.1314795562090301,1.6596622491857254,-1.9565026117440747,1.7161005901557236,0.86045415364280342,negative,1
19960077,-2.8400163328300225,-9.4659828392541012,1.5957760297554204,-0.31441073007874842,1.8787681279585511,2.4601555850433523,1.5854428942168302,2.051512444900867,negative,2
20141038,-10.894799603980909,5.4127715883946408,2.5598158715628934,1.0799366288481471,0.63977717008324309,-0.85017228639124087,-0.26096861799247056,-0.1612266699844426,negative,1
19830540,8.1504923869211048,7.0894474686465037,-11.38454782092467,6.0488183940158065,2.5507952374914704,-0.71536158337906908,-0.37603891686790764,-2.5201545496289386,negative,3
19840149,-7.0056219038613792,0.24757834837163464,-1.6415675978848661,0.65000454138073627,-1.4555025188095649,1.9686161734670269,1.6413979053974492,-1.9629661697060388,negative,1
19800792,-11.742633288742814,0.78238036481342055,1.4072600873768151,0.6589150833473808,1.0099737550814383,1.3136368147910915,4.0222158206448668,1.7857916264973883,negative,1
19920122,-0.028073487272871532,0.54817010399949451,-3.98583918825187,-1.4388740199213965,-1.6183030747712486,-1.2572843673882825,0.085009289027098395,-0.13018044148425917,negative,3
19990863,7.0518231221557741,1.5761626694259665,-3.043721660409918,-0.036185879325759368,-1.4551230631480734,1.7094257779607147,-0.83708907054092596,-1.1210876044868066,negative,3
20001179,-0.66382819984144636,-0.92890788536967628,2.0586865860035091,-2.5303966056115419,-2.2544831851108098,-0.70848792521580017,-0.8558889454580213,-0.51155525904677146,negative,4
19890822,3.8085328202855036,-4.8668201974121317,-5.8675234422603442,1.7603273696094708,0.56492137769627848,0.42143670869744504,-0.51946020841143925,-0.019665289345058297,negative,3
20100833,5.4156835897708708,-2.4442879152787507,-4.3118191024873287,-0.62257384767193502,-0.39867660738880606,-0.33638515027658705,-0.24476248115175461,-2.1346516800563857,negative,3
20160565,-3.2386394355152861,-7.8390195043851758,-9.5994499929929535,-0.41443756079245353,1.8759270877182432,2.1763465330660412,4.6883102667775312,-0.52781773928474818,negative,3
20060524,-9.0277096011994278,-6.2166793448129374,-3.6407069196728763,-0.43278379278186557,3.6333655843087782,3.6628383320437172,1.2547074325196244,-0.19667641066756772,negative,1
20207038,1.2393175525282778,1.0797838276519975,3.6136592126126246,-2.4619006609162741,0.27032772544288791,-1.007323762667321,3.9857913338299147,-0.55683228072506652,negative,4
20170662,9.6390293474775337,-0.80594300288410126,4.394200208468412,-2.167817641852416,8.2956880042444965,-1.2443134278779164,3.9597534073989689,-0.68452219868466313,negative,4
20070623,-9.6336769487500558,0.38204135878979251,0.4411471305239914,-0.044022186816599806,0.51302423524380147,1.6744912353000869,0.50533480673883868,0.39653363396106706,negative,1
19970928,-7.6117671694520945,-1.6879206157306326,1.1554499837475831,-0.73055681629945846,-1.2832103525093004,-1.3748527064583205,-0.82354871545997699,0.042361038392859547,negative,1
20150039,9.9927879222049079,0.78230423226911594,-1.4174173892846404,-2.1656796371439748,-0.23467297725577704,0.8478759926410826,-1.0413869024942313,0.80687674948088817,negative,4
20121130,4.9813176197166626,-0.57149002998711507,-9.5780704812989086,0.36250254424745415,-1.7057193648414832,2.0380572826419008,1.9171140425471846,-1.1973639175951099,negative,3
20030789,-3.678796332468377,-6.0365563917403877,2.7421638017646885,-0.0061743070427045348,-0.73409414179912724,-1.8188381672486125,-0.07277999886071998,1.4568392531554601,negative,2
20040805,-10.434630275284219,1.4373528881042392,1.0324374651177415,1.2738382515055813,0.95245540097198966,0.81755116773449144,1.2526410046027601,0.1648695499775765,negative,1
19820765,-0.66969543629470096,-3.7062421313091867,-3.833559232484248,1.8304884255943314,1.0901330485490643,1.4046402969169167,1.9182534258012562,0.013188823214803727,negative,3
20040850,-12.422898273830969,3.777729927585586,3.1553560000510754,2.3940064492210045,0.91700316078981747,-0.99612927605632107,2.2609438751464075,0.15645078959259068,negative,1
19790535,12.311497979488664,-2.766668418239262,-3.6560900332090163,-2.42127815489519,2.9755839289039128,-0.8836390296057115,0.52882896025851089,0.72510460433118151,negative,3
19860141,-5.8060693304648874,1.633390137295899,-3.688371722706854,1.9734359758805435,2.3735176733729522,-0.90252106754569439,-0.33460794323662491,-1.5203866916607984,negative,1
20170482,-2.4582917506795576,2.0933244718167039,-1.1591133673217375,-0.044797162314143428,0.65398988284001847,-0.099359013749449859,-1.5039776500140287,-0.31165828534694151,negative,1
19801105,1.9150593759225385,-4.6225103040123496,4.7728135994964562,-3.6488448233787856,4.1695676689202985,-0.37513240666100961,2.1897003292832742,-2.4069879879049059,negative,2
19900411,-10.204024526256331,3.6845901191389081,1.4407879654617932,1.2845445360292893,-0.15477424505194132,0.0022975646261316498,0.44381169697425721,-0.10458834419961772,negative,1
20140174,-1.7231997374883816,2.3384772153618854,0.27426778602960972,-2.6166564291705985,-1.7158552599368475,0.76602489212193781,-0.037977412501756617,-0.53379649061918277,negative,4
19860871,-8.3581852020921588,1.1353199062967518,0.74716819301964632,-1.4367235643651288,-0.056412097767621905,0.017241952468482282,-1.5044212622383788,-0.4262151783956229,negative,1
20100705,-1.656478870156936,4.7039915795174352,-4.1588710259442001,1.9121661496135312,-0.71062115675559612,3.8948009572297697,-0.72897733927725106,1.6551846153482639,negative,3
19841050,-8.9048222030514808,0.40403072838358961,4.7094551337173893,1.7453375428908653,-0.98826073212176346,-3.4152298462110533,0.13921439623619533,0.45483753332404314,negative,1
19980323,-8.6135388314354664,2.2418799426349931,0.77852585463147839,-0.28933442539933529,-0.15924832714573761,0.0093257204269198424,-0.45292017011609004,-0.86031314561489636,negative,1
19980389,-7.7949634907332621,0.0061711547572619214,0.73442073332038504,-2.081934261821988,-0.2746351734967879,0.4775594735802659,-0.68902310545974332,-0.63377558917405907,negative,1
19821085,-9.8061966005025916,3.4258423062004444,3.5170640677121616,3.6035608813941757,-0.40838867064475243,0.63001871706708512,0.58808404880356702,-0.80851518404620626,negative,1
20170284,-8.0498995063023013,-9.2649040897812078,-0.083544392626358502,-1.2050700283795064,2.6515243882447841,4.8661797540429967,2.0019539297233844,1.1344091023500893,negative,2
19940466,-9.6472034541488121,-0.13372633819533145,2.0957329848116073,0.95786089545911579,-0.40556371373610645,1.0793381963998827,1.6984241124977169,-0.24653640701980217,negative,1
19941166,-8.8902892634341661,-2.1503558436045309,4.63531015784885,1.2084450290290101,-0.82034102989480284,0.52610155055861907,1.98809370458921,0.49098489674950535,negative,1
20040733,4.1854306277532789,-6.9419931890310327,-8.5804677985315809,-1.1316463873324418,-1.4430420525420271,2.2997625352635382,1.563679425681225,-0.36201654198646166,negative,3
19950010,-5.9709904450627702,3.621963161397419,-1.9285436443460118,2.1630408419739129,0.96631771585421389,-2.2022359947547177,-0.83447172341814246,-1.1497937371311444,negative,1
20190968,-4.8856490097179153,-1.0116231679542558,-0.81294151417339167,-1.0649836376785342,-0.66202716223584446,0.88862737309088735,-1.0272136952314579,-1.3832110275105951,negative,1
20091088,-4.5427768065421477,2.1955948291246346,-3.3196173439661694,0.30699117637728224,1.9496843202357275,-1.0190520007971764,-1.0645058655471393,0.10868213270438633,negative,1
20130384,9.1895404501098863,0.87923439974887396,5.8722308494352413,-6.9699037348241681,3.2778321390555214,-1.3289129831385627,6.6460011486965067,0.41177697229857213,negative,4
20000633,10.566119332277069,5.6318906088801457,6.5766884575919287,-3.7519266941818255,2.9450060275745353,0.59165280702140444,1.8201729294034945,1.3665958736815422,negative,4
20010995,4.2427735939169162,-1.4808454246198586,-3.2295892472285308,-1.1488501344555475,1.2416448362093992,-2.572303307336985,0.88412725635797218,-0.32788576453995871,negative,3
19990677,-5.5424963971465777,4.7797803293791574,-5.4893002378803359,0.37198883478273898,-0.58916400404406255,1.2551403120127653,0.46306522212784107,1.7650418514565145,negative,1
20010534,15.590268221186928,-3.0656613372601527,5.166359735886437,-0.54270348733338647,5.8882238767242399,2.008901666057108,-0.24933619979223681,-1.4279951244870255,negative,2
19861058,-2.4502198727177058,-1.1183249124501042,-3.0777743082613913,0.16480818974984038,-1.9410123469225704,2.2634166955271318,1.532455049393322,-2.6056074230584163,negative,3
20111020,20.578666415643291,3.4938718460061642,1.009189371083949,-4.7830825482478145,-0.24338432596600679,1.0952847377083257,0.6085419534037213,0.70304579937107614,negative,4
19900443,3.2111985876719951,-4.8284623898153152,-2.5630571854251691,4.9903149623968135,0.41495964273782004,-0.71642166646718586,-0.35856572702572603,-0.073533675740929769,negative,2
20090859,-4.4390311981987889,0.071271219021803819,-3.50717711222025,0.30922122751646275,0.40105742356211921,0.011595740476774429,-0.061190851630228159,-0.77937039609487679,negative,1
19991207,-7.664062906227918,1.0585242112402231,1.2038589363135086,-1.0835999299802028,0.43395954866610353,-1.0469889841270299,-0.0096628204308857098,0.51385676560108273,negative,1
20090376,7.6532643912002252,1.4913865253005671,-4.1412185481764814,0.01065203826655768,-0.98503014975713155,0.1542696762734187,-2.2569316469287002,1.2990544251052059,negative,3
20190337,-4.8361616526357079,0.81443534237106185,-0.60748539657334422,0.88862820768232542,0.14158204091199744,-1.9682647770380317,-1.7804670889619196,-0.31407018616550419,negative,1
19850605,-7.2995606023190573,-2.1956504695921439,1.5174067830895364,-0.139597189783532,0.41988397154037099,-0.53653626370915142,0.56482808031338427,0.38813851547450545,negative,1
20031091,-4.8844035531023806,1.459183402821475,-0.58057027742436651,1.0306352211270939,0.021076760740396241,-1.1098945910826736,-0.1570269513846502,-1.2999342218573759,negative,1
19820976,0.90797821964892167,-3.5640092226178655,-0.6097441782327665,-2.0821790767740356,-2.8018475759672885,0.47814206531885717,-0.4956571149227485,-0.8727531204388661,negative,2
20150550,21.764552146509914,-9.9993489027830353,-4.3017178097411275,-1.5775096943027778,-5.6450295457007709,2.7627817212242247,1.4191382514523128,-1.3649708916717984,negative,2
19800204,-0.97120341876538485,-2.382411882538026,1.1589127633978575,-2.5206930594531136,-1.9274501726390589,1.8653357264891395,0.20524359062293313,-0.65231467847458624,negative,4
19950766,-9.7302828776291914,1.5379131196668538,0.26516678022756118,-0.11675323941653044,0.44163231599180947,0.93964342759185526,0.65042540607886246,-0.29762902950685305,negative,1
20131158,-2.9296745370202761,-6.1382006298183489,3.0083642661077272,3.8895904180316383,-0.95157582724187728,0.5447030170857885,0.16484614009604209,0.74695544316791407,negative,2
19840475,6.0407963528778374,-1.3468023197004437,0.29376085753303122,-4.2148934855705829,-1.1231044526346516,0.38271341319852231,-2.5454188668530553,1.5079980856022652,negative,4
19910117,-7.2313300141593668,0.48451609521375727,0.29181524269075376,-1.4032974087827279,0.038745368086372779,0.25240063651748101,-1.1783407265817096,0.11989522230258996,negative,1
20050466,-1.9743414508248682,-0.87431074570180445,-3.1539256774274333,1.746724544078389,-1.5650933444960013,0.68213469030945062,0.54384083258923366,-0.26072472530919633,negative,3
19990154,-10.996917255912873,2.1359291206352946,1.2314761996406163,0.27137621334633683,1.0521136750163573,-1.7624497945087438,1.6940948742093964,-0.21607852577327727,negative,1
19970197,-1.7690458127814743,-4.6122808545788319,-4.3135792074312764,-0.38660942582153607,-0.94524774395708178,0.12013208262482528,1.0124453663760469,0.14050341788580278,negative,2
20070519,6.1235760885715695,2.2006136392260243,-4.1309905182238174,0.8818778472050729,0.91926660698473894,3.7299896162213217,1.2132852013547926,0.72843855913951561,negative,3
19950017,11.060201789094062,1.3341825856264384,1.4320781047145807,-1.5737263513580622,1.8051214268846143,-0.27867228473409889,-1.3346810807835421,0.18038056331626706,negative,4
20080677,3.8116335370558208,-3.3177105564126617,-1.4102702300421324,0.29782978261734466,-0.092714507953970293,-1.2637242630788099,0.92626886701000111,-0.12461630067487511,negative,2
20110572,-3.1822052320002561,0.87238529654249808,-3.337395813015704,-0.69070051145667788,-1.1797858860558319,-0.97036545332867385,0.43677788018043967,-0.84866894102145696,negative,3
19880563,-4.3047143971324466,-3.240831048117311,-3.5639742806184986,0.42753164381036346,2.487895758593146,-1.5959247428652852,-0.90257798890027074,0.33122227511232483,negative,1
19860954,4.6149817568682039,-0.060776735286737896,-4.2232862483850484,3.937876604981251,1.715276924138657,-3.1741470042554356,0.137741663180378,0.35395215819660814,negative,3
20100675,4.9405692287521292,-0.072563404909815596,-2.337043824656893,-0.036421445745059684,1.8755509199418756,-0.40763626916354695,0.050070141150893213,-1.4973918998317521,negative,3
19951149,-7.7197627466665208,0.98587991646596584,0.19239250779309355,1.6637669493713403,0.4906022402733618,0.10441528590000179,0.18273582377868242,-0.36247236213055178,negative,1
20130777,4.0197119691540033,-0.98533083067144667,-3.729567121760474,0.56770793448928325,0.6683034231486239,0.15225925901363371,-0.21176800754332251,-0.25629606103019226,negative,3
19870253,2.4804112391638204,2.2254066844124485,-5.737959542855962,-0.45266800874366803,-1.1787972809949345,0.10284276163850091,1.0416274018277578,-0.52230688482464693,negative,3
19980129,2.5537387815991397,-1.2837070561375952,-3.2644620952948551,-0.48018249781909134,-1.9227043909780521,1.1619349978051745,1.0261160113627983,-1.6689113643472064,negative,3
19950392,-10.316624568360744,5.2974482363864768,-0.46290196986222404,0.71345472417160649,-1.8730829018004116,0.46162685082802996,1.0539447210266413,1.6587909715455109,negative,1
20181019,-6.1371695390868632,0.92399514358469714,3.0465670238141476,0.033282988972842535,-1.8017095455522292,-1.9954421853428896,-0.89345256272338636,-0.27083942540815809,negative,1
19970968,-8.615148774853564,0.72569581537307548,0.57361304985469863,-1.9003410578522166,-0.35991718779090637,-0.0037380253660522066,-0.60609297251568328,-0.65550802239812145,negative,1
19870588,-2.4091573146009839,-2.072436641568919,-4.9518789237939087,2.1953464613791591,1.0682104014189095,0.0012370000017072511,1.6893221955258886,-0.20549408876982136,negative,3
20171200,-4.7222317213448486,0.078938797750203973,0.78950154038634279,-2.1414588929514347,-0.94069232742644693,0.48470191374720967,-0.36655122891806607,-0.77974107807064874,negative,1
20120289,-10.025230048062364,1.7439811182764577,-0.12059197825142602,-1.005641048997546,0.38543387614774766,0.43374575072277038,0.1297400534833491,-0.092563416483650143,negative,1
19990823,4.2233526138274389,-0.084634188792803072,-3.2018768450254895,0.79586193162455932,0.45213676586615814,-0.48688214518622341,0.36217138282500994,-1.2662390023439287,negative,3
20040248,-2.803557843997496,-0.76770517122341719,-2.6722528013494689,-1.5639101638247126,0.50424648487477275,-1.7360083270171736,-1.1773877310062331,0.29737023921213018,negative,1
19860752,2.6412440970243671,4.5376606110337256,-3.1797358453698332,-2.0752182071844789,-1.9001628121774974,0.65357433624539452,-2.8932921520482182,2.2085762947518339,negative,3
19830224,11.300814673704409,2.6243147130114264,5.9273319823611326,-3.4254440863493545,5.1079440246717969,0.40612064566736061,-0.76621653992764027,0.1626030783288025,negative,4
19990889,15.503528491272766,-1.4274362061615613,-7.2473399343225582,-1.0643399366949793,-1.1270040432208008,0.47733919679127296,-3.8977316062761727,0.49255356283588336,negative,3
19950935,3.6321749947771167,0.26804683134305229,-11.966520206820901,0.029869167125076587,-2.1703056634629267,-0.13131798808870648,2.4935273643990419,2.9387257046269744,negative,3
19860076,3.3024323914394378,1.0560543917567371,-2.626818742366992,0.75800639075482834,3.3663684622195817,-0.4867231647529297,-0.3273024741707003,-1.2988046366234616,negative,3
20150680,-4.5022820982574903,-2.6244985727781875,-8.3632080915693958,1.8252160384954348,0.63350352816615452,-1.8145248874933333,0.60338264311202894,-3.598335546437085,negative,3
20190197,-0.50947368591547371,-1.5388486639221926,-0.30517267291364619,-4.0626918628375286,-3.8785091965329102,-2.7059279846757782,0.66624664181369264,0.41403203431623919,negative,4
20120353,-3.2209183557548715,-3.3284754567606396,0.6823906587826436,0.048837741484905224,1.4061818941673807,2.854849317014474,0.15613749864108542,0.45159920476166754,negative,2
20200561,1.3401222735207523,-0.35493966729992721,-0.37231158976185669,-2.7457874346023359,-2.0154790053286966,0.37373019439916,0.55509796747237627,-0.52789479578445642,negative,4
20080823,1.976904497979264,-1.1920938866682056,-2.727738994305446,2.8267864181670492,0.79123572663017283,-2.4343741398241701,-1.1152427297038126,1.7447131712213231,negative,3
20020230,11.762143756324409,0.30933097861752573,-0.81839370829271951,-2.1430903065472147,4.010911661286519,-0.8978743074382437,-0.043979354791116074,-0.33599366957952742,negative,4
19860700,2.2291539179823148,-3.6454997829520406,-4.5773810176590537,-1.1273383084500175,-1.5313684490086428,1.7824473905287157,1.2376272244132651,-1.1705769646225166,negative,3
19990871,-7.5043700921345069,-0.8401036457792781,0.66230710052553976,-0.72092162332151788,-0.7698618787012167,0.78049404601197192,0.78419050076758878,0.078989335487847936,negative,1
19991185,3.6169066684800129,1.8046594949115315,-2.454301015979969,-0.15333630980864948,0.62714661175560826,-1.2343292482177457,-1.7279306482963104,-0.5511088313436121,negative,3
20202129,-8.9393879074167213,0.62634447756040601,3.7162218484152949,0.27299206225032502,0.72268608252887501,-1.9694676961934934,-0.0018097598163791522,0.079893515671609294,negative,1
19850973,1.2862577415313328,-3.1146332341113578,-5.8718259003651188,0.50486265971739219,0.69667635995588617,0.24474217436007459,0.80220495769713351,-0.70081981347039879,negative,3
19870323,-7.3397608873947044,1.6190408323231442,-4.9631703744018374,-0.61984218818143832,3.4538496152961318,-2.6022673478724303,1.1675394033821864,3.2077990440930648,negative,1
20040960,-10.107656370486392,0.27210949724997624,-0.280613083160207,-1.0930549283127637,1.4082017239615789,0.60535212597472554,1.6339105596135783,0.49847283882406224,negative,1
19920641,3.7097475065601002,-12.349944576955194,-2.9998782484085029,1.4273284773898418,-0.83707032284645266,2.0812709251193637,-2.093170268979399,-0.10229348069506899,negative,2
20091065,-10.024838284547986,-3.4950537866322073,1.4139873207304505,-1.272828315031618,-0.67911565803686258,1.9997584030414528,1.4400824082063044,-0.42900607910821764,negative,1
19840311,0.20189027259202991,-7.9096011863403968,2.4619237710830166,-0.74747695215828081,3.6878075767324314,3.8198081257188297,3.5529447029294396,1.0239069665704534,negative,2
20010573,-3.4091243954794606,-0.32653494444103381,-4.6198170741481972,-0.43761848291799021,1.0922054226836075,-1.373634568857856,-0.67191493623275167,1.3659261543545551,negative,3
20140044,-7.2814366204033654,-0.74102011599731255,-0.25787445191302466,1.4344037281988011,-0.48713801310105626,1.2223928468767062,0.44446630653504121,0.98225566088447935,negative,1
19930028,0.69905235827892742,-0.95220609476385254,0.58553947533302242,-2.5496015819598408,-2.2110952787894798,0.86156235256493707,-0.86962898981023784,-0.26361539928609556,negative,4
20111098,-2.082976474319894,-1.4347133333504896,-1.5851402505670997,-0.94101732673028615,0.43680871790121217,-1.6907265431969856,0.64980383040321843,-0.81619101207395806,negative,1
20080113,-2.6422175766426603,-5.0767718363917851,5.6989364803330052,1.7243015700154105,-4.2517240516555193,-1.4361323946133684,0.12196251387619689,1.5926436922586271,negative,2
20190255,-7.9461286299464158,-1.7951001559900364,-1.4932344834376547,-0.62826083177701419,1.501813829977467,0.72345120214808478,0.12084176307645057,-0.053228031574883761,negative,1
19810116,6.2217846156650864,-2.6840471617615687,-7.8749092351989765,-0.94680012380593848,0.23667965553346118,-5.4469624799471719,-1.3633433092119254,4.7192987703083418,negative,3
20050426,-7.1001077013644585,3.0712085874332837,0.16344409852672226,-0.29015666937820644,0.10058538613692269,1.6031900492308253,0.56491177923907643,0.59156631272649118,negative,1
20100144,2.5680485412875411,-3.2041454222167669,-3.283933211209817,0.5912206351444087,0.42052040452162393,2.1376693987718656,1.2593720611443291,-0.83089032046429923,negative,3
20050473,-3.5219273868311749,0.66930041893144177,-4.7519192514858144,0.62501615742746708,1.5790140670482815,-1.4103112094664152,-0.69003761175571121,-2.1304842143663039,negative,3
19870196,3.512273541099534,0.70141909547603565,2.6475358004611476,-4.5033297653871305,7.0954991325745365,-2.7028823834364983,-1.0191555289367675,-0.45139583914474357,negative,4
19890100,-5.597232900849292,0.73488436731377726,1.0312662708865503,-2.1900010714391152,-0.84091934217800024,-0.0023789670573945106,-0.76529437498594743,-0.91741531601924864,negative,1
20140642,3.0327089724088467,-1.1705305832508042,-2.602076832000904,-0.13080992169549266,1.1512631629887031,0.48127265110853823,-2.2455021888370861,-1.5705114183914597,negative,3
20040656,11.243927861359074,-4.4740913781556584,-3.2511029194394112,1.1300064677153667,-1.2159891134866931,0.42720691929711169,-0.056274537955702732,1.1143330835097751,negative,2
20151045,4.7959062768642866,-3.3523725775038251,-3.4423273636770806,-0.11559436087695277,-1.2435185763360441,0.38507239326668002,0.68012465632658592,-0.46663454805583365,negative,3
19840233,-4.8204732442302234,-0.44452604688123709,-2.0314415088762212,0.73889426081913978,-2.1624628589988539,-0.059059173697496067,1.2161057268108719,-1.9743992305632876,negative,1
20190453,-2.1080922332618561,1.1354897425949908,-0.0009921824231575796,1.3351611340175149,-0.083061051635472685,-0.23063632037281909,0.089929651618765233,-1.3006397982701627,negative,1
20090447,-3.5884006588031583,4.9296448157649255,2.1455319894373281,5.4320890651820219,0.13201469676327809,-0.68434385526177188,-0.55038719040817097,-1.3204929950852318,negative,1
20110445,5.8430772442388648,2.3460992291864375,3.3514230655616961,-3.0676889134839578,0.70807582342678754,-0.45633830763257011,1.2911247096300182,2.2990263787328682,negative,4
19801067,-4.4111399463384746,0.19393865966727875,0.93912418639391393,-3.1589291083934281,-0.57537868468987263,-0.015068264245652338,-0.23129028897551507,-0.6914468247801252,negative,1
20070955,-7.480805441737032,0.39483345974986195,0.48144378398518445,-1.2005815739767352,-0.19946039324427797,0.61209789310084806,-0.68414982695467652,-0.6778074032387037,negative,1
20090996,-4.3236024399813457,1.0422089394047498,0.30081436177495469,-2.2391454925656533,-1.0776297179511203,0.23935997892489391,0.22314750667223632,0.88543966307367228,negative,1
20203664,-3.8085940459073608,-1.3694193539626711,-0.85278242673756355,-0.56729560271235391,-1.3731561043573519,-1.8484360828399946,1.1281642880270244,0.83184832718893398,negative,1
20130841,-0.32194931344153138,-6.5578683657017089,1.6889821166310488,1.077059222736654,-1.8433380227732823,-1.2301504344664005,-0.69771549546304878,1.840345531113448,negative,2
20040726,-9.4264812042629309,0.44464473405545391,1.1261364267819385,-0.71925809454862766,1.0737135375665225,0.14610612990161015,1.2065235138034096,0.50664255711638595,negative,1
19821118,2.4966838130600979,0.13124640894430828,3.2805669436001299,-3.0403256458609422,-1.55208096928103,-1.7270597464158506,-0.26919639257792799,0.081371141754444945,negative,4
20151160,-7.6743672999748629,0.075638582598472726,0.83227745423206922,0.0012540770593426212,-0.37911544105126993,-0.70691153954913855,-0.078537651853002571,-0.00028524427205402772,negative,1
20170319,2.9344538335278454,-3.8100604468345418,1.586470967063309,0.55098611804717201,-2.1746527577158963,-0.03362580487341061,1.2419998789371356,0.81711905924134098,negative,2
20130597,-4.4809164114856248,-4.3057920246400183,3.2927683049514971,0.70853177867446138,-1.7981247323534277,0.096690066148689247,-0.24800707732782903,1.3207313498869331,negative,1
19950656,-0.56663908860833589,-2.899348518805803,-1.2267539069358819,-0.23794947801140587,0.96346818886790442,-0.83503282795791778,-1.5447214065025647,0.11162036414243465,negative,2
19941051,-3.0415241746354864,1.7783794182140422,-3.7113330526816313,-0.99493266851209616,0.61619565416879252,0.16303941438273567,-0.39085481725614701,2.3854096473573909,negative,3
19870019,-7.065256086599045,0.80262310049569274,0.20787259829781127,0.10618416731365232,-1.0538542076401529,0.34911526431937551,0.22222469073295842,0.42146393659102888,negative,1
19880377,-3.7446144398560319,-3.6294463679063127,3.9768926671368066,-2.8372962118765224,1.7318367798575163,0.22958917545143442,1.9880532304998229,0.056922581788474161,negative,1
19920925,2.9784611321304606,1.080333138690835,-1.2343174997565942,-2.4812832444689605,-2.0725092020595213,0.67062061228080694,-0.99692069676939221,1.5759267309736189,negative,4
20150949,-3.0671543631917606,-5.559790096683817,-0.67123154755716508,2.8229684596188047,0.98032192367160831,5.5761493706434209,0.37417283743481783,-0.42511666095867995,negative,2
20171197,-3.0376456549279709,4.7606880760755415,1.7829390977702873,5.6557711842245553,-0.9341335533568379,-0.65001070497036118,-0.76947900710724781,-2.4889885498587807,negative,1
19800445,-4.4489243006637071,-4.1326447734658593,1.9629291905670931,2.3596852004700577,0.0023553883336235944,1.9052555324674951,-0.92185044310296682,0.15411541479794943,negative,1
19900451,-2.4921031302192795,-4.5319780541150507,-1.9780478632291445,-0.61445550325881315,-2.0367344021644098,-1.147060697669007,0.03051827753341135,-0.67795311767334421,negative,2
19950127,6.5588870603638165,-4.2718159458039304,-0.48199764619149166,2.1380962384500259,-1.457999696924104,-0.94042490507418885,-3.5926704797511944,1.4356290077111025,negative,2
19930158,10.113485817179768,-4.0899599118384042,2.7075226063765152,4.266436941015936,-2.801349340792898,0.1853603202328003,-0.30418434304693087,0.010056331773541587,negative,2
19980819,3.19254624413401,-4.9553762464926931,-4.0934738148631444,0.6627779234763006,0.3653455306828397,-0.083445545882163435,0.087723360785854063,-0.38744470337781034,negative,2
19830119,-6.6189495699605168,-2.2136384293739235,2.1704907796564217,-1.6842662282270553,-1.2961884328700433,-2.7540745610030677,0.15351776668661496,0.52558432848459413,negative,1
20100745,-5.9811527357682905,3.6969694720299238,-4.622312571029104,1.3903736738204633,3.5497675739083334,-1.2012869442587804,-1.7583617598877923,0.9803662882799179,negative,1
19860831,1.7786641024285674,-2.0105371116151107,-4.4541753884226507,0.32108999690413831,0.93715749737938581,-0.96645069470391776,0.077517806042374765,0.47860288898710179,negative,3
19881106,0.61180934223687422,0.4658132037085817,-2.00367262322768,-1.879816134398679,-1.5655501431294547,0.052980718803316749,0.51698735789832495,-1.1908374582240275,negative,3
20100960,2.6736816880609586,-1.0649249982436704,-4.1680005132160627,-0.79793156880788574,1.9018194405908839,-2.1314464818260173,-0.85301074835119206,0.97163487779171598,negative,3
20000580,5.0118423663425355,0.30142401986498052,-6.7284752623434514,2.2138175702512335,2.4807361727945092,-0.04459980597114345,1.7426727527973818,-0.24896427603442581,negative,3
19830362,7.6561643109231481,2.2094932060485544,-2.5424231614753201,-0.64761226874013944,1.1913053157253348,0.13025888610442921,0.41322279008302815,-1.2693800617777165,negative,3
19870546,-2.3023094691375459,0.58347517143009375,-2.9527443616643123,0.42530548954522002,1.3846124798611437,0.62703810895787293,-1.7927524121988963,0.84457871317635291,negative,3
19890971,4.2764048017025473,-1.9819941091012188,-0.7856696753221023,-1.1968609827251584,-1.0159151072217152,-1.9467718435963359,1.9601712016589441,1.0182006260922969,negative,2
20180923,-7.7432919059378618,-0.093009827994335201,1.3166323073244717,0.79043306964536819,-0.24622262428084193,0.67269564326035725,0.43338070817902274,-0.49197439286415245,negative,1
20070652,16.298479068538924,-2.259517057928317,12.464504519333765,-4.2837300724307026,9.3681787384791786,-3.3386377892948067,3.9699898324869825,0.11380861093865478,negative,4
19920700,-10.964648287668483,-1.4124743270248155,2.6419957161952961,0.061638009445030305,1.3039967336576554,-0.88213877556714992,1.8891258576436574,0.34720297323785876,negative,1
19830818,-2.408992474388167,-0.97509199052209139,-0.63788218239843453,-0.171897934686186,0.18693607310560337,1.1774198390006698,-1.4206367531414288,-0.015591365169883676,negative,1
19791011,-0.69432552198206043,0.91098731514699061,0.2830223315491302,-2.5305863593687508,-0.67422937591411081,0.23721663834702478,0.35765699641023529,-0.45594546826864263,negative,4
19831146,3.0385631577427072,-3.2069151843880324,-1.9070881600319629,-1.0177919802372268,-2.1651386750930435,2.0047223816094344,-0.12999559775102434,-1.054001974478787,negative,2
20120441,1.9793032764117002,4.8838392697549464,-3.5680444988739319,0.75075687453339357,-2.4607928334515066,0.55093694182419983,0.99368548098150922,0.012432934919222089,negative,3
20030707,0.74611736175342491,0.34981982087742625,0.18690324053760443,-3.3479212519838093,-0.23063921351391839,-2.9365265222249488,1.7009475992442888,-0.0042953519711032779,negative,4
20090097,-7.0536461868874154,-0.033954591119928518,0.0068337584482506715,-2.1204915023979884,-0.10354474396135491,-0.62616471917973615,-0.25966503863640883,-0.67638084804584964,negative,1
19820112,-0.39571716808322327,-0.82686215697973509,-1.8131626383884829,-1.5180857763723348,1.7798386577246814,-0.73947057349209966,-0.0082171955454385815,-1.1336121167560405,negative,3
20000856,5.5437961639066202,0.76105869597786413,-5.4369391064812946,0.95273209547800697,2.3085719905202775,2.3286159904101327,-4.383857745748454,1.7393736610490154,negative,3
19830240,-4.387891632425343,-2.3790663313395242,-2.068717647113536,-0.18464155605615068,-0.48229897299819863,0.83182986992423236,-0.6301087721041736,-1.4230552683933471,negative,1
20061188,-4.402236903291926,-2.9122436248978265,3.3919267323342459,-1.7927666949630092,-3.3112167356981037,-3.0848165047564136,-0.30275720667414535,1.3252262095682137,negative,1
20060488,-7.8940229943007791,-0.98476475435383959,0.55800531460945257,-1.464541222312733,-0.86652166595535729,1.0386283030690044,1.1244355810595501,-0.67540023845316555,negative,1
20060422,3.4047673827517659,-4.7461940364268731,3.7971856889560933,-0.36594123266346285,1.7086434992629727,2.0608534012194291,0.38934700754199508,-0.54719846897609314,negative,2
19970555,4.2313769450832499,-2.254931025729098,-5.9294358504872493,2.3596683271700032,4.4443534837758971,-0.109256257315428,1.7843015290515591,0.88679830961638939,negative,3
19960652,-3.120302872340162,1.5168975839151708,0.44490402461744571,-2.179332272722025,0.38480520293435894,-0.25300760376426384,-0.070042371413489679,0.22331763883719852,negative,1
19810594,-1.0502605184115081,-3.1207588047812322,-4.3694074259937095,1.3102933178381881,0.70077388379321148,-0.48384851866551387,-1.4133407876900872,2.0088334083412827,negative,3
19810960,-7.2621978319499352,-0.038517382259106829,4.2935762029324183,1.0280235755293907,-1.2855906153561192,0.9663028104803002,0.1193811604377058,1.1449693611021754,negative,1
20206945,4.0193684428307481,1.4054018320696262,-2.1091106242306012,-2.991719206042049,-1.7896740250643877,1.0942635231041062,-1.888823196931722,0.66388518138807451,negative,4
20160546,-7.7696518108882247,0.79648842174468615,-0.58674742309757077,-1.2195146441339302,-0.062196491890250533,0.35716739607901005,0.18418125618503664,-0.3270106237303162,negative,1
19931155,-7.0832587554235218,0.10561970762864881,-0.78659744544796251,-1.1215714652088971,2.0305972041559373,3.077835569258438,4.9762484020192792,1.3135851180816789,negative,1
19870230,-1.4429744708992998,-1.6142066908764787,-3.7452083724488165,-2.6158326254042916,-2.0108533378893729,-0.082227810728713949,1.8992722290224588,-1.7322805919514801,negative,3
20130741,-4.6622237851893846,0.32479503432261725,-4.9498531259727905,2.0936523759601542,1.6944850215514715,-1.6345020602169213,-0.35692244335387535,-1.4610192984052404,negative,3
19920625,-2.0120621836060368,-1.1057872280903365,3.6753999922454264,0.38505978276488723,3.2461464848617272,-1.8848238639243406,0.32905313267274938,-0.68396099808185906,negative,1
19920670,-8.1794048121245897,0.13126931027425726,0.47999146187015568,-1.3731876265057292,-0.9302639399852165,0.8580808048911942,1.2284035655360346,0.09975061354327884,negative,1
19960054,8.9125356924614305,1.3949892457053956,2.9135262714133874,-2.4000915346742513,3.1142748276307644,-1.1107643994786833,1.9006582896393425,0.59823796049263656,negative,4
19830536,2.2462669196767102,-0.080475548357369461,-1.9975185484098623,-1.2093947408349066,0.63551762290894875,-0.61301134493266485,-1.6337044164072576,2.1473561767145721,negative,3
19790434,7.0586304749344047,-0.29829788024332415,-6.7595098009506671,-0.0020137575167258072,-6.2911689379443594,-2.2869718772576593,4.1347563447110005,-1.0020385776467624,negative,3
20090090,-4.5389770168297137,1.7573718109590915,0.71493838034356638,-2.4621846840554471,-0.89496752675804792,0.95437497687473283,0.041500802228614284,-0.26285111079200851,negative,1
19810392,-7.4148893666761699,-1.1005790060546863,0.75061932357519912,0.96308338049683651,-0.042843829762634789,1.7669234252666082,-0.22968295801561037,-0.47839783124441038,negative,1
20160340,-2.2317967883993215,-2.6851887176864433,-3.3908355428136101,-0.37640739069664958,0.34024218224193803,2.3934064507672761,-0.098507160402430419,-0.97650889495860749,negative,3
20060301,-2.5623290316234231,-1.1979293753799867,-9.3657033021444338,-0.083770764100660186,4.1580011439685141,-5.0754616771753991,-1.8461563094532367,3.8259635138872246,negative,3
19960770,2.2956287062662648,-8.5720855738703392,-1.0713888852609268,-1.3139813066179282,-3.0175103237403165,-1.6593296141154081,1.1707270262924772,1.3276251321250321,negative,2
20110749,2.0645795656383008,-3.9093591869903119,3.7931586303144704,-1.9215170327944209,7.083763209478767,0.44556268955432288,0.49674750763210185,0.56106103584404665,negative,2
19920101,-5.6495947661414814,-2.6361550583418878,4.5580867399966047,-2.2722482231204748,-3.0899558750748399,-1.9622720201784485,0.16410085723064996,0.4743796123754549,negative,1
19880758,12.980085020152211,5.0626341133017805,-11.261996270741527,2.0030636532096411,-4.846228450178435,-4.7560420652751443,5.0011105353777703,-3.843339126631049,negative,3
20130112,1.249447038426819,1.4524294847586674,-0.39913607550204988,-1.4870689261988055,1.9754006830010256,-0.3136804788305208,-1.4119145931763297,-0.12101522315857934,negative,4
20161164,-3.0026631551177752,-0.32528701278455369,1.1831841756781916,-0.74123939373483216,-1.0319329418523637,-0.75868302552358435,-1.6293009523180246,-0.44772933854342895,negative,1
20070777,-7.1395948892888237,1.737133828274358,0.23179474592820476,1.5065316213404016,-0.063956864543182418,1.8475343754953693,0.99046056257020709,-1.40929392653491,negative,1
19810842,-9.6030762204379769,-3.2263721752749142,2.0518631077327578,0.35141166106182276,0.50713534023600071,1.1815660551781664,0.92097361047963999,1.0072280876025115,negative,1
19840195,-6.5456920227722035,0.63718760291771681,-2.1505596339474327,1.6833784506781946,0.32302635898644322,-1.2922925909869687,-1.4638797291788272,-0.79224639473078196,negative,1
20150403,-4.1369908767571459,-1.2096190027701117,-0.7244328186693052,-0.11365659812288634,0.08442182468537876,-0.090410351178714432,-1.3150762343173878,-0.28448036453836367,negative,1
19890164,-3.1175992658616387,0.56934859390828907,0.17424101782265475,-2.2606103358569172,0.49861892895606191,-0.062169645547831616,0.001487073621520909,-0.42610050032456459,negative,1
19920864,14.593856364688282,-10.852825919902118,-5.0569172357132315,-0.014317491007506783,-5.648383411340868,-1.550516579177573,2.6867935785138313,1.0283637288995715,negative,2
20070219,4.2217979408585462,-2.3042801501543537,0.11962520049465028,-2.1555029814936,2.0161599087823179,-1.8583004343621492,0.32258996289505304,-1.5325811447563564,negative,2
20090270,-7.3962109749363707,0.27695207765494129,0.38175301617273594,-1.381783979859204,-0.040641221342112323,0.11784724499534463,-0.87649808753584402,-0.73252546889086634,negative,1
19910166,-4.5066467997197934,0.50215738977383029,0.17184797695392495,-2.703757263328002,-1.397524764722107,0.59189852043927849,-0.71140272452311593,-0.99151535731756413,negative,1
19910133,-1.701004291812388,1.3413760620314574,-0.37927667714767704,0.032489695483855191,-0.41847965029339634,0.093656213989681589,-1.3934098422602119,0.70306322937209909,negative,1
20010542,-8.0998183531919246,0.66718314462529738,1.8499484048572481,-1.2476062235375012,1.9296029265172241,-0.85334350668566938,0.059379291622957943,0.33398922652611734,negative,1
20110908,-0.7488101310424824,-5.4622133769186254,2.000237973788396,2.1995926208916443,-0.79254211780183725,0.01584513283788282,-0.25241096420303388,1.1775678499482745,negative,2
20100651,-1.2244475063024345,-2.3436167956038205,0.68156227656329949,-2.1438588017079439,1.9056669709023559,-1.4456482683364329,0.97590595151947712,-1.2984894108920484,negative,2
19881012,-10.960955446780776,2.3649253689723699,1.7240526258677074,-0.57689921852772663,-0.17461973939137274,0.85922443921304192,3.4462437176336582,-0.13975138244995416,negative,1
19840320,0.36972252171929093,-2.2246742269425983,1.9688256944822309,-0.28386218343718883,-1.1324359882848989,1.5223800265806886,-1.3793186322813051,1.5019710078010318,negative,2
20191015,-6.9048652922763445,0.45081534582780092,-3.4992723895351121,0.24117226854410642,0.94178288020751266,-1.7062620214092206,-0.5991925484014351,0.76270011958504869,negative,1
20030319,3.8482791008433033,0.42179997670512864,-0.88559552825854437,-2.5151546373535449,0.093803596485867807,-0.25794681777888023,-0.15838538226152593,0.041891790437350272,negative,4
19940361,-4.7677265377972349,-5.6654839738905842,-0.72436103782825101,3.1534647893964602,0.96195496393499558,-0.98045390906794816,-0.50593005550217107,0.98506769893487345,negative,2
19980471,-8.2610313662956827,3.499580097003621,-1.4431168371162428,-1.3924798915963226,-2.7286229413580294,1.9099934405273702,1.2850062380235041,1.4127219237279076,negative,1
19980424,10.916577167927041,1.9652997311451428,-3.4211060601952408,-1.8558087761263951,0.86123782081614153,-0.96706797355873564,-0.4385820310388176,0.45479283876262927,negative,3
19830185,-7.7249560454511519,-0.14208735586881924,0.73638109549750241,-2.1276253556230116,-0.33345261783251934,0.14722714842794651,-0.91055235066524676,-0.62223398029826571,negative,1
19960418,3.4512906376957315,-0.59010758026971433,-2.3516213365741487,-2.2935220905334535,0.1770682871556796,0.4388065166103981,-1.5974500423676179,0.59640424048973284,negative,3
19950111,-7.2640689617214678,-1.1545912001816665,2.1394431530582847,1.2845944197515808,-1.0733867582408159,0.92571580297700995,0.015084641550068178,0.018014623245383145,negative,1
19800473,5.5887734606391222,-7.4233599146246894,-3.7721881731370743,-0.33278386749497535,-1.7106653999457753,-3.3143204184040114,-1.2581842452109844,0.078570140068571728,negative,2
19900839,10.20325952552853,1.1494269114516804,4.8521763942088736,-3.5458791973673836,3.4491741108591754,-0.051823439806818604,3.4462859535648516,-2.2870362840201306,negative,4
19940216,-3.5028691089586852,0.98441845608516976,0.91192457336052946,-2.2199066820619056,0.82770559493973406,0.25056955471885223,0.045849086792161556,-0.56548255042952922,negative,1
19870085,-4.6259940104491291,1.8810312712219246,-0.039597613118289472,-1.4157754963909015,-0.9177424753994039,0.57925008677281287,-1.9498560180714348,0.055843501623986561,negative,1
20170385,-2.8364537527349394,-3.8485488500919942,-2.9206613909053094,-0.66730384226601613,0.12139755547636327,-1.7134226771683936,0.41204737507338879,0.67596655153173835,negative,2
19840987,-2.7739662099173472,-4.6872682032448179,0.5770997515653713,-2.9828173944977219,-4.4820346029886524,-3.7817021867400413,0.11568891114915981,0.72841974366628692,negative,2
20150451,-8.6111023586315643,0.59212130449017153,0.50991527944254178,-0.77617898995963563,-0.38590379703506911,0.49333946373694793,0.69249107417810063,0.1434304333957761,negative,1
20020797,-8.6320891248066882,1.8380723266512899,2.6810181709076417,2.4930078558866753,-0.47838708741006919,-0.09366713720925593,3.2116672076811157,0.72581781858400363,negative,1
20030831,1.1745749476682805,-4.8389361926487409,-2.1696734313907817,2.849995889839509,-0.3926122715536336,3.2786032741059912,1.0285909834329376,-0.039590118777340394,negative,2
20180131,2.6357351056916078,1.1273368025813428,-2.7314844132226113,1.1147527414038172,-2.7172243488609835,0.21406881594822616,0.3832462065986002,-1.5014851894664478,negative,3
20111051,-7.1793739796337395,-0.48667653954556239,0.96763275783316005,-0.80106413840305346,-0.14434776499477478,0.86926014222242443,-0.036851970646004262,-0.30455306871587678,negative,1
20011010,-1.6883863210484582,3.6850353129906219,-5.4375140201603438,0.6690310319078,0.65130802651603514,0.47110241778073558,0.010162172252654204,0.59827492707878183,negative,3
19950034,-7.4681989490966059,-0.8733964703470225,-0.20487719717399128,-1.6312857893369055,0.019387327914021341,1.6514109943317103,-0.19844349802904523,-0.49039717749503148,negative,1
20120058,-7.3825797207040935,-0.59862315349581408,0.45876924355831378,-2.1738826607323958,-0.46891353259759738,0.7879686886280961,-0.76811281057954195,-0.7679941948822564,negative,1
20060668,8.3536176601893004,-2.1514072747674877,-3.6830584871331045,3.7644891987096325,2.7800122700845722,3.940984774335762,1.6077814568402993,-0.46743745647338714,negative,3
20190512,-2.3610413299256896,0.21505661979308116,0.05351517122001534,1.9382454663455022,-0.36693804080099257,-1.8752074975491542,1.0891234059782784,-0.69363744505004798,negative,1
19980828,15.906003463891441,-7.5886193797758281,-3.5865512065190166,2.7930111915326719,-4.0652648565006597,0.53282874226429311,1.0046518440766026,0.55160021884173693,negative,2
20140150,10.497003011670664,-9.3171856857397799,2.5144048624023085,-4.0002721034386148,-5.7043302479178628,5.3072570687061749,2.9185013995314399,-0.95213271666051857,negative,2
19960814,0.32554728441838859,-0.39231787332816698,-3.9600347353420688,0.61624535413186221,0.71765938211982172,-0.29993801089266842,0.97874553988157587,-0.2308836686782631,negative,3
19881137,-5.1965198564087078,-0.42602353888919264,0.3666375780254007,-2.1440856559713568,-0.91786693693523635,0.93674377728718916,-0.64021897187703647,-1.0288204232176272,negative,1
19910732,-0.28287171051949445,0.046988807361180045,-4.3981632998492746,1.3211518891116578,-0.71065203857582482,0.079233130299285012,0.65403889997661446,-1.903235795524028,negative,3
19950116,-5.2148324426359549,-1.0168865158805622,-3.3131146215455822,0.50197371014045167,2.7211200451774427,-0.30860751971299483,-1.7661431833342531,2.2972484716852026,negative,1
19950143,-2.1064996517983867,-4.7412830599721856,3.2921725623883851,2.432252391245513,-1.4549029468761683,1.1552152859795171,-0.25665784703350814,0.71297071571305481,negative,2
20050532,-2.6085395952749089,0.80982423544698678,1.1601978406508402,0.54131913627370487,-0.44950998629367256,-0.75743000810204875,-1.648425963875733,-0.67937064855352458,negative,1
20080007,-4.9934787421587759,4.5860077269099335,-0.39312949964105637,2.8192513927985514,-0.6267975320015754,-1.7586305756574308,-0.86059134556760508,-2.4268135651442901,negative,1
20130952,27.599828105372808,-1.4708552108681581,-3.6576286029399321,-0.18029121192817923,-2.6209955093035715,2.528774653627853,0.73289496480956473,-0.53811224457434015,negative,3
20100850,-4.7584699855442025,2.2352769750867498,-1.5397363875614944,-0.070297399565672769,0.20257779505957793,-1.6682531942764549,-0.89967594839052822,-0.42900854559609891,negative,1
19930246,-9.1961993986035111,1.356923322140017,5.8178249760573868,2.9702232105524056,0.46251506256092106,1.2686726225893756,0.3967793655640145,0.81913656522531175,negative,1
20150187,-6.775612617729533,0.09760447512425037,0.70935090322865635,-2.1790346585423994,-0.45839346507348361,0.38936050570972508,-0.71898953393199205,-0.78355673548046867,negative,1
19990855,13.660143099129066,2.5707724445226425,-7.3903617938358881,2.8268210706249421,-5.5044103983268782,-2.6334718264541803,4.7511516248374104,-2.7144254618157126,negative,3
20050139,-4.5100156654820269,-0.11804089965738562,-0.91270810084158194,0.076796020183487537,-0.36047198138985004,0.70047499611282737,-1.4764413026242871,-0.35108901657459241,negative,1
19970346,4.7323378352996359,4.4929537070670937,-0.87598422934811959,-2.8806364422481154,-0.96886761295579604,0.8494000993475066,-0.91225678856921966,0.29915541109713262,negative,4
20140950,0.54356385704577226,-3.2256407435970522,-1.4891679650647676,0.95478434947186441,-0.79254589153163679,-1.3815912775369512,0.4200265282704016,-0.019586059753458968,negative,2
19830928,3.0788133959021393,-3.7722896236466386,1.589087894021022,-0.027877417433506534,-2.642491924104879,-1.7708017067739792,-2.3289381385667625,0.76471469177314411,negative,2
20204146,17.759469827508923,3.1410103938940801,5.2878750496350708,-2.3912434818182202,1.277871593669943,5.3225487925020669,1.1578201364445897,0.56820006698799941,negative,4
19960014,-3.2880077792406546,0.23250896185103861,0.72740894642149112,-2.4994754176872238,-1.6419923624392225,0.10150146247102464,-0.57587290490522058,-0.94413429182101571,negative,1
19830982,-9.1499930435109214,1.6614543987972217,0.76846743324324895,0.91365216617386247,1.3747384102314517,-0.35603573674099726,-0.58910709745011602,0.22911904188687615,negative,1
20020991,7.9193329810972815,-3.0448921257392572,1.1889163710812942,4.3468556739045114,-1.0916809018480103,-0.34685788456879063,-1.8715325050498257,-0.00287651983418975,negative,2
19910339,-2.4228547092412795,1.4913755404094433,1.6938926871919384,-2.8995638810463551,0.75366897708243463,-0.38259566296458425,0.17244528091116176,0.69048931973989491,negative,4
19830454,-1.7356459001344622,4.2448344434643985,-1.3236097031235337,-2.655850385869658,-1.4353674410658384,0.77689521139013828,-0.51509820444028476,3.2619814132972502,negative,4
19791056,6.2210421089275592,-5.2853018784625911,7.9206367941795399,1.9159868411336662,2.8538594407792046,-0.64384349876543912,2.8623727675101822,-0.2518988776940696,negative,2
20100208,14.226445564647168,-2.2275922816641658,-9.2389189279407109,1.5033852859982721,-4.308411502763267,-1.5739443366772292,1.5124364365381773,-2.6057879607682755,negative,3
20070131,-4.8806407386524384,0.076266839789445734,-2.3920466818602666,0.19681190335709672,0.19679678027772565,2.4318539559960328,0.44550316169285731,-1.4270474467770702,negative,1
20160288,-7.4392509146812502,-1.0720233930111998,0.59274236332187413,-0.71984003333670876,-0.36064332336019139,-0.52650358654328333,0.12454396537655063,0.77117205735322214,negative,1
19871054,1.5503440002186093,1.7931310048187481,3.0131110011981059,-2.4511695251719825,-0.42847637087701551,-0.06513306884982388,0.22612334841815859,0.092219772125228777,negative,4
20010695,10.801725551338031,1.5554075497812054,-2.0373902079533317,-2.865317747602397,0.69338004320189672,1.0411472142589264,-1.7581421087602387,1.1760927238168017,negative,4
19870554,4.602372170053072,-1.5778651549937177,-5.096377350652558,-1.6376145960417785,2.7478035267696579,-1.4325246987439337,-0.43731850555192936,0.74544441959612284,negative,3
19990583,-6.633745974533614,-4.387784964557583,-1.7414813573737276,1.5537552674653541,3.0346350638540822,4.6638712380069602,1.7501023914101776,0.90648262197053908,negative,1
19890963,-4.0212185097829094,0.34888188843624901,-3.3384619526168287,0.027169669798549827,-0.31267612593563682,0.20779046090188386,1.0707319740788472,-1.4647739535370532,negative,1
19920063,-7.7423709392271469,-0.46301514102170171,2.0437848664662108,-2.0108332784694323,-1.2396179904841951,-0.24700028238615016,1.4742236860756617,-0.7710145926771198,negative,1
19990922,-7.3865960454805606,0.80561688231306205,3.8336719144700488,0.12079823842790607,2.1654356212931933,-0.79479046329360248,3.5855711348258699,2.4256114375447453,negative,1
19930364,-6.4267595794752657,-1.2511476338487306,-2.1873280344700872,-0.44523497486277691,0.33696183656284134,0.64026904326990108,0.0097185660264515854,-1.2433027720177887,negative,1
19890568,0.020282821979206365,-3.6117673133429431,-4.2535471542122298,0.22230565828629509,-0.6896752518793271,-0.046035179475466342,0.13370280371482079,-0.013436326090498331,negative,3
19910595,1.5296213918556714,-5.2672492022770756,1.9088619397537099,0.17754460583151699,-3.3837038461546234,-1.7857714756061311,2.0240967232640594,0.097425298235488553,negative,2
20120377,-7.6296205923348301,-0.47966776932444155,-0.58847698399918857,0.49325123540850774,2.5268748826366974,-1.8264474929997461,0.22196499089557042,0.17910232311570834,negative,1
19910934,-4.7083261545521893,-0.23524967198140903,1.5143510260708326,-0.59327270427507917,-1.2890485373961638,-3.5227931786644646,0.42659697280275799,0.43946922739741812,negative,1
20180931,7.5276329711528724,-4.2481922695821632,-0.85212422463978077,-1.9826558425618026,2.4089736364798044,-0.21408970905927796,-1.3685458035959053,-0.96121348897549674,negative,2
20141009,-3.9605672408507031,-1.4355645820478942,-0.62289608445088229,-0.66404660634460633,1.2607368071222556,-0.97359405087118478,-1.8932142592678463,0.082203938222978043,negative,1
19860007,-1.1359936753821525,2.2042458479347791,1.9000559935282813,-2.8696096253470516,-0.87383536505068804,-0.29618284115731391,0.0055442917164199978,0.9593771184274158,negative,4
19790473,1.3251118552716343,-0.48063594935078285,-3.3121101059941092,0.24598213760007234,-1.8624603365877754,-1.171683580299923,1.7432867354831239,-0.93180650082999239,negative,3
19890369,-2.1347221955857254,-3.0011745052129122,0.74942578835314044,-0.26509454461796506,1.5065541651052348,-0.1726005075421746,-1.526396020341799,-0.79770535261183251,negative,2
20110080,-7.6131555922514789,4.0153088772650651,-0.63665740833815532,2.381750653531419,0.6931749939475822,-0.066543049808104368,-0.17352552671827592,-1.5543968036940312,negative,1
19820676,-4.1046537843297051,-0.51760648729030179,-4.8369099318750717,0.28099958501548744,0.91659016588961595,-1.7572199204937642,-0.55483603527950565,-1.5064327366020902,negative,3
20190069,-9.4650144205517357,1.5592551301553048,2.2901682999113437,-1.1548876312413876,0.31966275086925544,-1.5091022943062005,0.37298296128736463,-0.38860397036802907,negative,1
20030665,-6.303636924773107,-3.779073596010659,0.12105155896903202,0.68552506496343357,-0.53333674758311078,1.4621968659381048,0.49271513242048165,0.4995194399239295,negative,1
20021062,3.6151283048688803,-7.8365548024118912,1.4448049498322866,-1.0360436711629797,-1.4731261283627251,2.9615213792295365,0.84327205455119747,1.659880216578526,negative,2
19980158,13.654219762285333,1.0863781560562169,4.881802442858274,-3.7765332087246763,5.4915831363182033,0.2015951741237027,2.7774709101338915,-0.98091260602949781,negative,4
20141181,-8.1064956534848669,-0.074463140615518522,1.5806804316648793,-1.7474336433332212,-0.76093340746685556,-1.4623929552423665,-1.3017111168072879,-0.68355823945756888,negative,1
19820754,-3.3685218343422325,-4.8472569971343651,6.1208580445614489,3.8372263582526935,-1.6243187303117581,1.7903163694620909,-0.27354939028994169,1.7371790494553745,negative,2
19870288,9.9830412858133286,-3.4050397404918398,4.7333635439104187,-4.3131296620611907,2.7434061666623935,2.7390915404515681,-1.1242987254455128,-1.3093338552020986,negative,4
20021115,-6.8746118057038714,2.7338741091489749,-1.9328339917616133,-0.11134777803530575,1.1748896654709555,-1.5742063259262993,-0.83222362523823623,-1.2613317197267904,negative,1
20020415,4.6305500361173353,-7.6364391944420547,-3.1485667440710534,2.0423082151102396,-0.44065147002280486,0.05295157886771152,0.64921314855236334,1.1068144735064729,negative,2
20060231,-5.3422919340299764,-0.2535052576165478,-3.8904982289079837,-0.93219356907687323,1.0061476998598069,-1.1587299266184237,0.73923264483601681,-1.8172381070746786,negative,1
20000595,9.3711177916806605,-1.2231644275865552,-7.0483121489495071,-0.84443306078885882,2.9577648419079918,-2.6547228180646778,1.8951647231533277,0.56295550289407992,negative,3
19971047,-8.4119842335511521,2.226192250644202,-0.47241948246396515,-0.79574568755348574,-0.82944163590600262,1.1778074468101354,-0.86945579649549631,0.12394487042020269,negative,1
20130022,3.5246179282016863,1.4967965589992196,2.7328180665209332,-3.1483407437264934,-2.9719680579115386,-0.36510286263366387,1.264007819214813,-0.53725409793961099,negative,4
20030063,20.46651675591313,0.56729928086375703,-0.028155909708793985,-2.6431041364875276,3.9075241661317213,0.038316794160315429,-1.311389827962649,-1.1938295117422457,negative,4
19810972,0.71036996179735168,-3.0704138769378142,1.4752884091430996,-0.28944454369477624,-0.36883750490240785,-0.86428620694317704,-2.246920548180722,1.287577558854599,negative,2
20130088,4.1351403282280614,2.3482232247582036,0.99706018948081276,-2.6863416401031293,-0.91556637727986534,0.1477011086922361,0.73537483713510454,0.27623928900009992,negative,4
20206957,-4.3254226903707744,2.7833888733891055,-1.9069682994334072,0.09548480848511523,-0.54548800969632805,1.901165655468146,-1.9942203809333352,0.29228773455848561,negative,1
20150566,-0.25958980254904379,-3.2426574624708575,-0.68030161960582514,0.39576898346292266,0.98095189833948992,0.94583097228935009,0.25399726053418942,-0.12300943252298545,negative,2
20051072,-0.5384893466728925,1.7887142399198583,-5.4180982102560451,0.5079759720859105,0.68348687594607971,-1.7578923274033897,0.80017837493267518,-1.5671207101317555,negative,3
20110342,8.3249058054190215,4.4289654941813641,3.7754422386026536,-2.7080119141616423,0.54425491978766971,0.0036678654697442246,0.87857438506546826,-0.48354548523172564,negative,4
19850633,-0.2075937004103616,0.50585062215986931,-5.6719256917113308,-0.25085888136595097,0.69265388845421461,-0.73162729021968587,-1.3204064686878438,0.55820835734205909,negative,3
19950672,-0.064992752512914476,-3.5342255702827101,2.1668033509681464,1.6696047424892491,-0.10632530483705437,-0.071797853023475397,-0.23032738320166754,0.061237985495635951,negative,2
19810042,-4.2817115791387108,0.28220115556225522,0.54550327840895985,-2.2690465336928329,-1.0132996812895896,0.54176695425459054,-0.72029468635145977,-0.76671028757298187,negative,1
20070383,12.203174612320318,-14.218630856404289,1.653875685171696,-5.0914446979397843,4.3662149176350988,9.1605491870736433,1.6682521960053187,0.71126752746999744,negative,2
19910003,-2.6523234948074723,-3.9591862658415304,-0.37566992655053599,0.81580583149994867,-1.3202279810838584,-1.1329393294752506,-0.40069414143325133,0.65447383195744102,negative,2
19890770,1.6484109151908259,2.6824494280692832,-3.2784695237655535,-1.0117763047344499,-0.07298504026665853,0.31924400757637622,-0.77183067217339418,0.87966718099979035,negative,3
20140110,-2.5473830130860189,-3.0019704253800135,2.7509907287128632,0.45430298691370186,-1.3478416636460646,-1.0537668528172639,-1.3013869947859711,1.2569135160935458,negative,2
19990731,-2.9225883643711104,3.1757049474151762,-5.2359172954932784,3.671596827635176,0.77167272198717562,-0.55820156045904168,2.1094758472710975,0.33611543786565806,negative,3
19920284,-3.1125096857473027,-0.15622051953683033,-2.4936801648352662,-1.0820059920796081,1.5235376042120889,0.75874503702279639,-2.1540803777276629,0.11282426799695996,negative,1
20100761,-6.2677046748562146,-0.18271375838354587,-2.5337473847472181,0.64311530650413273,0.64737211676943029,-0.035498179710225446,-0.052235928099232568,-1.2260543931226078,negative,1
20110838,-7.6073027388667009,-0.40520734498070965,-0.87418258319504716,2.4971264828997062,0.19545535947608339,-0.37662358762107823,0.81238145324464228,-1.1317230615253451,negative,1
19860840,-7.843111176335241,-2.2495958055795464,2.0866543404683142,-0.47442796932613041,-0.089553340453918162,1.3205222708255866,0.29890327629132241,0.18854585736987925,negative,1
20000720,9.5770941381075243,-8.101978141785418,-0.94945044115640609,1.0435784422843286,-0.84710738510920813,-0.31652949139383407,2.3627307897135679,0.17234157004932446,negative,2
20050256,16.168028045587587,3.1441819587583839,2.0224908308713965,-3.2194498347796578,0.46842681350501036,1.000863971429975,0.14751072747910118,1.452575293014446,negative,4
20091164,-7.8379844588492373,0.049088587206608615,3.3416064863199284,-1.7968558380775432,-1.2763434661838975,-2.937398164734581,0.55634777226537435,0.28165842628651189,negative,1
19810733,0.62521303268143624,-4.4164481043819022,-4.058577979317195,1.8250023534987554,3.5583292942897944,-1.8694623525323646,-0.066971083243683102,1.6363055156975577,negative,2
20130297,3.7149883758681099,3.2646474154732981,-2.5783285757641363,-2.4696179347116209,-1.847662732223035,-0.30637877834677124,3.7673938939819558,0.58816449629130474,negative,3
19820318,-10.96695932524386,1.2360882611681394,0.56657970227562193,-0.19668994389038499,-0.36776092071508515,0.65628516917294433,1.2214492161678059,-0.72244720266074713,negative,1
20111044,-0.85210879381264326,-4.689264872271627,-1.3993482447284333,-2.8039044413661491,-4.6721645917631101,-3.4023376588273821,0.76483632825406633,-0.39403121553778242,negative,2
19960989,-4.0115738249233965,-1.5300104007203725,1.8335640377909819,2.8944017762285155,-2.7895974294505677,-0.31092098097088494,-0.2884921639908396,0.35680967675435971,negative,1
19900557,-10.64089128925159,2.0791325301838386,-2.7473212115339338,3.2037409118933287,0.57156029395966312,0.16077722211750345,2.1607354735471556,-1.1835938282489957,negative,1
19900502,-1.016448280342295,0.40661439759372819,-4.6178278934950878,0.6523164307277729,1.6137070074189517,-0.35467508858949454,-0.77267265129692675,-0.072840157347039566,negative,3
20191052,-1.2581775533716479,-0.83743898400270778,0.80483132520302936,-3.0790152614721715,-1.1772440468641372,-1.0317588082372922,-0.49172003009018767,0.16284485395894255,negative,4
20110235,-5.9179234629414683,1.3887604972287375,-0.98498943934612204,1.914455343154049,-0.66221141291002261,-1.8016690921572047,-0.21811267449702426,-1.2254860887837928,negative,1
19820469,-7.497595791680066,0.084258297362919801,0.73820596383557724,-2.1677091001731972,0.046517490039782734,0.21938267942196271,-0.87931460270877793,-0.62375738350932297,negative,1
19840416,-7.7863456548837293,1.4862571716489288,0.66252678376781027,1.2082179798344943,0.56232310222759196,-0.23318480618211182,0.1624996361662665,-0.16809271700336284,negative,1
20060159,-4.6263460699698973,-0.56949730241051488,3.0520522102065382,2.9598542029484256,-0.41872841611626849,-1.1501511281684575,-1.661012631224061,1.09103448251524,negative,1
19800232,-11.639679272716938,2.8761243964706722,1.8052684951403262,0.25440288909337799,-1.0023752738827691,0.31455216422123355,3.7081806989991635,0.45991123084357988,negative,1
19920953,8.2663552851136064,5.9476806314426511,0.29017854866305937,-3.443034880678745,0.90140372353446441,1.056983083007635,-0.67678299477996751,3.1492641475916319,negative,4
19990012,0.3790973678098859,0.033272963825933179,0.19734156620302634,-2.0361293479573277,1.6817447934304812,0.19986704952219231,-1.791487332340739,-0.062158066055457123,negative,4
20100042,-3.8915974261937554,-3.8430138768879583,0.40827308455065808,-0.52330935353978636,-0.91717864387146053,0.32723824888910719,-0.95213783030636912,0.19188512910645347,negative,1
20150561,15.010475737872545,5.1226415950855237,3.3512563311204819,-1.8813534005191057,0.3684440559893718,0.5412531813997572,2.0568734702245139,-1.5013611312044073,negative,4
20000003,-0.57884768585526425,1.388707522851786,1.8473543258443625,-3.6880587887237617,-1.0508493457530277,0.11593149061684418,0.60692743809365957,-1.2799932736947697,negative,4
19841099,-10.954415407075533,3.6785833497900593,1.6071056094162082,2.1175894751155,-1.7608766366095756,1.6927500041394565,1.7015937522646709,0.92382084373624918,negative,1
20080015,-2.8573502881770758,1.1966080267578851,0.7317209472772731,0.18962303458771368,0.62156828431587141,0.024535801867444737,-1.3940762678979306,-0.1591926551808481,negative,1
19920229,-0.036129789548592139,2.8377344242583016,-2.0550472626811667,3.6224863757453445,3.1860268777166683,-0.064126486501035529,-0.28887093889943027,-1.6707467623696257,negative,3
19820297,-2.9409304654864559,0.96998274570741172,1.7835838450429133,-2.350701240936758,1.7390759245770062,-0.41686417678493981,-0.80101545276060815,-0.79801548137555545,negative,1
20180725,-9.518679606462813,-2.2859829187853471,0.089474901896859235,2.7205395156168346,-0.19498314402810757,2.1099603781769209,1.7613827490368672,1.6153994841941983,negative,1
20030284,-4.6325959265991257,1.0862745324654053,-1.3833752577300313,-0.61540933320952695,-0.30787057819183977,-0.24575434110957217,-3.1755861316662677,0.25505065702149854,negative,1
20191177,-5.2810052989288288,-1.1413198858059976,0.64017503901296169,-1.744183412230061,-0.7038508753178061,-0.36550882748816199,-1.3727970623473333,-0.030462921342050312,negative,1
20011002,-12.121854332929384,-1.3286464163840082,2.0662117778900213,-1.5026196437111827,0.95708058890829262,1.0072994275311351,2.2179601713611663,1.3462343572561224,negative,1
20111016,2.0313857617279809,-1.5948246089099107,-3.6309187832784806,-1.2843247988329951,-1.6917443826765031,-2.5782380493437356,1.6609251660301441,0.4291033497408393,negative,3
20140060,-2.8074578409126247,1.8821091883867087,-1.2489570431380033,-0.48681557494214006,1.5747221563786056,-0.7060039572266823,-1.2144879842167968,-1.3228635418137022,negative,1
19830018,-7.5186026509104567,0.44736083105819985,-1.0011716468343941,-0.57054364076970876,0.42077106253170438,-0.41198096237421689,0.077216113793515659,-0.84190217878354678,negative,1
19860591,-9.2368561642351779,0.15511882420664508,-0.28449675033017524,0.12890068282299791,0.57217247781970981,0.66846896610792761,1.1230181500163328,0.95065964955090942,negative,1
20050326,5.4671816840616216,-2.6868021428064717,10.022209066267006,2.1710170189825533,1.5777875436277673,1.1795940303374186,2.0286172083353362,-1.32096670916568,negative,2
20170596,-4.0978660829092988,-2.2958446658245961,-4.2271380721611873,-0.60086157767971782,1.2219611941981419,0.11240368724900669,-1.0677331214317247,-0.19249188961240707,negative,3
20151143,11.664119217928555,-5.0275422166999384,-0.31745490984730457,-0.37461325850908483,-3.5311015277551028,1.8259533634006992,-0.17999252115742298,0.15083774650912193,negative,2
20100135,-3.5809517716684316,-0.094662647831845914,-0.95660616376259788,-1.6749991632577308,0.27224840509975262,-0.48574078374947427,-0.061220294098327015,-1.1323770624658225,negative,1
20140711,4.5769703091894822,1.8287205606175705,1.5466883517354726,-2.6702550314131459,-1.5258512882129973,1.4189368404437379,0.48919968005221731,1.2096904892589049,negative,4
19800621,29.427163834635138,-3.8380438089682896,-5.5437855484467526,2.5709951772827742,-3.6876534589831835,-1.0861837870627837,1.2221987525662061,0.22190953754455239,negative,3
20080576,11.835187719771094,-6.5283541858296585,-4.0743639029873702,1.1365873695420148,-1.3949971095276106,-1.8496468415234333,1.4601424130895464,1.6074479403880273,negative,2
20130028,1.5723756422881132,1.7744479510162205,0.48066855483216947,-3.6860256345357736,-0.29307335217928271,-0.12484876013404847,-0.70784231315417379,-0.50341865718131573,negative,4
19810526,-3.5572095469281639,-0.0038396839136576144,-1.7879394399517443,-1.4989369836921937,0.28434251306666702,-1.0751661955066709,0.44117692835441646,-1.3176729807691356,negative,1
19840005,-8.9493804050045895,-0.16126890373021097,1.7093800832519395,-2.307216651061256,-0.31583918038826653,-0.21021129417400855,0.029522127679449235,0.013391474330545805,negative,1
19880662,-0.5522036246618095,-2.7779022602456505,0.043600163465445527,1.5477037457719078,-1.8871069887323588,-1.6763526273351472,1.6474190439630503,1.0285132124307281,negative,2
19970913,-7.3120947957326372,-0.19370382891718863,1.3947556742228024,-0.57007357971122441,-0.48601044361124379,-0.5337127201313685,-0.10708270259994018,-0.05092339243236229,negative,1
19870952,-9.183667770416438,0.38098728259437636,-0.45139462970388849,-0.70261087043528003,-0.8643769557910852,3.1493565826856322,0.36121424749024922,3.8313630527759539,negative,1
19950839,-4.4451760225115544,-7.9524266960422461,0.59091710417651699,-1.9024730025323271,-0.9488137977473371,1.2021771907820151,-0.57686294880365785,0.90028253240767631,negative,2
20203983,-9.6467288600127077,-5.8608604853215276,-9.087436553015662,-0.40471782030590853,4.4200425073099616,-4.1082867847372979,-0.87517153774173917,3.1234934059287256,negative,1
19850426,-2.7639344481755024,-1.5944974148628266,-1.6913359151477463,-0.38514468883651448,2.2348298322361768,-0.30710025059290968,-1.4814844418093369,-0.65187680325280684,negative,1
20040460,-11.250986083514508,-1.2209739027347775,-7.1120656825942561,0.70870489249755253,2.1492937919158703,-3.1872493336999974,0.7760345672849065,0.64034364287141021,negative,1
20140474,2.5130688651989779,5.1451842337310332,-4.2355857230868619,1.4792567822033744,0.15241218403086196,0.69341740891026349,0.51897111096046267,-2.9178235727551991,negative,3
19830459,7.3008251432882592,-3.8858265594666084,-4.0367082354675974,1.3121446424338195,-0.57613027798403704,0.34606972520608337,1.208801098239608,-0.6656793336559772,negative,3
20021097,-4.7497024321418424,-0.030456526289635907,-0.24596578934088187,-1.5385518914643559,-0.31487402980294482,0.74410314079809625,-1.4441462501726958,-0.04719847753987047,negative,1
19820629,1.5370910372760398,1.3383822564690027,-0.22148329207682463,-2.1697938542908721,-1.2262812110206232,0.75086256670548379,-0.21416081857696082,0.098820580225090132,negative,4
20150604,2.48751579214826,-4.6461594149225229,-7.6820861547374228,2.3509047789751434,-2.0204091530167023,0.090963664420809234,-0.87357322289743744,0.39021237097930006,negative,3
19990377,0.40158423946368127,1.7093510440915569,-6.1686057838808326,-0.85501186493515213,-2.4847102977670583,-0.25880775461269884,3.1863926694340003,-0.54152003521944791,negative,3
19810404,-3.4861516941335204,-6.1777355234971614,2.3767505262188799,-4.0223645830074979,-2.2950397713165311,-4.6491054859053902,1.2713932229403226,1.9953611354758367,negative,2
19840172,0.81589410007645713,-3.3956451340589435,0.015214321099927876,-1.9570316189044314,0.7549937454189195,2.9230643339331164,-1.0782364369464876,0.83346947794849036,negative,2
20207121,-3.5773832573259541,-2.4561062491743937,0.79630458668520998,-1.2978632342723062,-1.7085608875953049,-1.9584798188796582,-0.24475509331499784,0.3935066024830578,negative,1
19811151,-3.1480601629806251,-5.313103190161498,0.74355308452089108,-0.21603496689748244,-3.0167933054770906,-3.6562478491007404,1.7056112171602176,1.001648030364622,negative,2
19911145,-2.0019240647925747,-0.1346442865014858,-0.77915340388173193,2.9236259047897133,0.26764400800824301,0.35616566552416595,0.33046308194500068,-1.2909462401351541,negative,1
20160877,-2.6693342853308373,1.7095638648126918,-4.7932818079520159,1.4134913973452197,-0.12863038561614829,0.26934156153345151,0.98294341994338108,-1.1856255281288461,negative,3
19900742,15.412770831093873,3.7484279889776304,-1.8194541035693987,-3.1278090827252689,0.88845976445071162,-1.0940666219833319,3.1483225489961013,-0.05746242333796181,negative,4
20000849,7.9812951475454481,-1.9362055135593712,-1.7816926119152452,-2.3339656700610698,-1.0011528240720107,-1.5495648144942862,0.86815629268158145,-0.51652785894069886,negative,4
19891147,-8.1058166451134479,-0.18153634482086506,0.92890865408213308,-2.2838327470578794,-1.0155915856601998,-0.24553686561562577,-0.81736792838801187,-0.61298546176342683,negative,1
20090676,10.657100332303841,-5.2945620673858285,-0.45077274389622529,-1.1823848923003479,-1.0706541289345086,2.7003621587151905,-1.9301171653050089,-0.84461421046719665,negative,2
19911060,-4.8427450731821464,0.056107331216571389,-1.2797327238680682,-1.3701568038348666,2.1571901732659713,-2.0013973956643185,-1.1775297442845702,0.55605042481506139,negative,1
20060913,8.1339727464473999,2.3597869682309431,-11.670284168026029,-0.7425560725763326,-0.1714060237169322,0.42286311740503185,-0.88625969037891816,2.3112293764618728,negative,3
20060946,-7.9467468164378978,-0.11479066957806852,0.94752035939568691,-1.7225112470374573,-0.81588871324129753,-0.31927617394276775,-0.91898115284037474,-0.37788168742875694,negative,1
20020369,-2.3162623886571754,-0.20558080113790381,-2.8309849344108025,0.0053984086115687422,-0.6516021041226796,-0.015170946843865716,0.59535189778484598,-1.2702874052023803,negative,3
19890562,-8.5461320647146408,0.89992728200517202,-0.20365828340765893,-1.3909557904191163,0.019668613523090926,0.41605913289099766,-1.1207625594768598,-0.27596642145005107,negative,1
20021118,5.9655387418943775,6.1995569717041201,-1.7448663008664203,1.5632518021649966,-0.040016790294022192,0.0038564635217591746,-1.0489227943035988,-1.2739933797828891,negative,3
19800157,-5.098100718887574,0.73809722773765063,-4.4647092592775417,0.31199710592119251,1.9716029830971082,-2.4012297217000209,-1.8373309288137194,0.88332500410528447,negative,1
19830855,4.351644864017147,-4.3836796983123829,-5.4701875477601618,1.6216142908107041,2.3889951379927559,-1.4249421323232003,1.088218772033775,0.88915496305977659,negative,3
20100257,-4.6773729030077309,-1.2741396847384003,-2.0034045032601848,-0.31453232075163468,-0.74192384987137805,0.73688966288889612,0.91454819138476495,-1.2558327942417706,negative,1
20120970,-9.0713759709236115,0.81881731828403903,1.5243838102702845,0.73795019976867682,-0.48675434056201272,0.096264801649088572,1.040911392792164,-0.65046180033380496,negative,1
20070019,14.357457670536778,-5.1870033290443542,0.58661845996252593,-1.0300254878784358,-4.888891195787453,0.20884160638127555,-1.5127398830885788,-0.73385440706955596,negative,2
19820684,-3.6843185828362763,1.8257849931449788,-4.7358968962933261,-0.023408935725053093,0.37902361390082751,-0.03759700755018152,0.27813714232591041,-1.2632360268948153,negative,3
19930568,10.982178484964054,-4.5533598822199783,0.51878030346123882,1.8373369206681918,-1.8116802549829367,-1.1242560966040154,0.27280979328800092,1.0102215610904082,negative,2
19980022,-11.306858312345632,0.60542469758412576,0.54739519448141483,-0.84792043426085129,1.66466105445857,1.8992382488934105,4.5654210939335371,0.72208198540160518,negative,1
20100320,3.3273798856579373,-1.5070727254307901,-2.0767959384770065,0.94326847485492471,1.0569533394536048,-1.0865963379277588,-1.5412499938174973,-0.80366127541375587,negative,3
19931097,-5.7741011342410049,2.749542261885443,0.40119284676351913,2.715757426647174,0.048769894319355411,0.060553874018300841,-1.0487735461515322,-1.7032965345534821,negative,1
19790820,9.7480367825682244,4.1461982473757937,-1.3150075639805534,-2.9482560700629654,-0.94244200581479032,-0.72106105022718037,0.66813496184035648,-0.083233306596318793,negative,4
20050617,-1.3569116495642066,1.7122711280848371,-4.1528628066269668,-0.5035017116083198,-0.88481423076790799,1.4286418445864235,0.0064549923369167121,1.0385628902430633,negative,3
20091201,8.9003044377696483,-0.48837625434532383,2.3587141416013231,-2.0033881247908556,1.2177846592709598,1.188088511496193,-1.1551500189511257,-1.3624937061758096,negative,4
20170783,-0.6967228564523944,-3.8968076861828305,0.49928936988250971,-0.46757226032111893,-1.2257078361882976,-1.1109038401214599,-0.80750192367272589,0.95042407912772708,negative,2
20010717,-1.4549854496865497,-2.9202848255582143,-1.5675738060408608,1.3681027654620652,-0.82603706274938793,0.34545976031453934,-1.8947200503947195,-0.66754437674092904,negative,2
20060101,6.3296396673128061,-5.5046853035614989,-1.914509844226731,-0.1911117538638708,-3.7579854874674772,2.8767117528394168,0.27173588274998106,-1.1134557397824705,negative,2
20131163,-7.2306997549214991,-3.8034588286348545,4.2702084173113342,1.1373031402058837,-1.4188329764342427,-0.38579164882692629,0.87729742293395929,0.8044011744088716,negative,1
19950708,-7.5581123801082182,1.2793044667496114,1.5159647614198273,2.2020617368568614,0.29771956121081977,0.050591903205527172,0.2554339407579837,-0.54273783266778441,negative,1
19940804,5.8061616326308885,-7.2751036383065983,5.997386176579278,-1.0930681279156986,3.7968966298105085,-1.8348846198084334,0.60910376557584245,-2.5241943491966921,negative,2
19790661,-3.4866992802150896,-1.1897835146584823,-3.4397049417400112,-0.11822439451484736,1.2294912033581231,0.1862830798708171,-0.27685241141360739,-1.5748087642571387,negative,1
19970153,-3.579370096536147,0.71697131851009144,1.1846865368930781,-2.386421265850196,-0.1048945141936288,0.2443427530703903,-0.42185076012795186,-0.77999354766319762,negative,1
19850038,14.036742207680208,2.7774967382270357,-0.82158957511594999,-3.405439375743827,-2.3707439754444897,1.885224260109944,0.68433805048722751,0.51273842844387418,negative,4
20071022,-7.1824660757620213,-1.0640022330153807,1.5889924891602247,-0.33879054912259277,0.53218373902969451,1.3376857138680314,-0.2470582628640102,-0.1034835456772545,negative,1
19800910,-5.0945419952328388,-0.92372039229081337,-1.8441560862337703,-0.79037485332768731,-0.28929533694357812,0.091529136431536054,-0.88751155258273517,-1.167792504491544,negative,1
20070929,-9.1666326744335223,2.5250655176648054,-2.6602355575543113,0.93384569922278915,0.27756492760908658,3.0864060751935241,2.7380711826110309,2.9036261093058862,negative,1
19970622,3.4899494868588405,-4.9732036167862317,-5.5992314592451269,-2.1383036336001351,-3.2463640562089711,3.7577809814995984,1.1927514493402791,-1.7256816338311836,negative,3
20010956,13.18928601680088,-3.3568616077398956,-2.458183419690164,-2.2316477457526496,-0.18124422120850761,1.7295992672330196,-1.7897894536825165,0.19812670961316062,negative,2
19961025,-4.7912343669731774,-0.4152468313357332,2.6418137618215134,-2.3422969795199515,-2.0755487466836033,-1.8006240013094517,-0.1704464278358217,-0.28370711929578468,negative,1
20160746,-3.1735233222767891,-3.6230204585394321,0.97846080600492735,5.2370539050805123,3.4563456739598886,5.3686018108047886,2.1591002121169489,-1.6343860091036697,negative,2
20071100,-2.6034882120020968,1.5302439424800003,1.07324351289049,-0.07995853585875061,1.6721089395067237,-1.0709854736357431,-1.8756850057417558,1.8286175138033114,negative,1
20091196,-3.1515729626279141,2.3875406792920426,-1.667658872290694,-0.7933155842626497,-3.062244896703112,0.41779252073605339,-0.70734966594070214,2.6716585704662106,negative,1
20020123,2.0342302864127939,-3.3208845395027526,-2.4541727819589259,-2.0188958863576318,-1.8781499954274901,0.084703517079515261,0.18277176014992755,-0.03760083746397247,negative,2
19930124,-3.3996693924576538,0.6459602848628595,-1.0556798188811323,-2.1389220084246188,-0.90728753467644108,0.17764905228643893,-2.137773125054149,0.0040829613840099119,negative,1
19830130,-2.0723409808577276,-3.2708398336923481,1.4430172602643756,2.3667960235774883,-0.71596666011494237,-0.024861383524668327,-0.75236999501125945,-0.081048451621279605,negative,2
19970755,-1.051811010945376,3.0625562622734965,-3.4063732253416972,0.85114439593833524,0.024001397053688193,3.1697843770447416,-0.40615298830414615,0.55755151925156532,negative,3
20060076,-4.0490944556375492,4.1154273746062717,-2.33435817917906,-1.040603008086433,-2.5581400147439881,2.3182760631712354,-2.8319089235068211,2.1011370946843142,negative,1
20000009,-0.98886979240111761,0.33548276743904731,1.1874791295860698,-3.3746440286877597,-0.61577233443444801,-0.42590094193602268,-1.0899219339248007,-1.0257842853619639,negative,4
19921007,-5.2674082054433118,2.0279312135624785,-1.3586325584922498,-1.5087333630259083,-0.9554027669135905,-0.35555782376379236,-1.9068954812315908,-0.25850229699767241,negative,1
20090297,-11.516108869129742,2.1927819378694235,-0.21566088980787321,2.3585971423266678,-1.1828968049470914,1.2967975279288708,2.7690969344083101,2.4167823047035939,negative,1
20031170,-5.9613608959789008,0.84634403040151185,-0.43939822092538644,-2.0219060387705281,-1.4905720319162521,-0.67321826763672665,-1.6451240232946567,0.85058190910213827,negative,1
19940408,-9.0721602036646516,-6.2554030499389519,1.5567290650383656,2.6165901795952666,1.8123947514585044,5.7088770008276439,3.0174387570686929,2.0181006677496973,negative,1
19920477,-5.9831668256686479,-2.5709769412479893,0.55285625054690035,-1.2773045235931297,-1.530111602374751,-2.9312031627246355,0.39274875845920032,0.75639455936421951,negative,1
20100192,-3.3902216601812656,1.4767024290178998,-2.4829655395001757,-0.59149864248837791,0.5148276637460425,1.0344928671185687,-2.5266007240689077,1.4785122619263849,negative,1
20130340,2.9754195201587774,3.5875196437316013,3.0050900753744685,-2.5943604982234549,-1.5830988658998613,1.4990025948568391,1.2681565721609371,2.0969581658140943,negative,4
19860563,2.8359887185876862,4.3073986920235194,-1.6392100520922033,2.842500032341345,-0.077525141693969235,-0.3249105320973863,0.96101288579953725,-1.505953893311756,negative,3
19990619,-6.4065255464978144,4.5703667769012668,1.2108990349782178,2.7062480232665331,0.37452562826449248,-1.7227900130705351,-1.3513556078915159,-1.0484999560610211,negative,1
20090830,4.0831798512585955,-4.2073767873628451,2.9685835849184961,2.4768489711802926,-1.5519127232042131,0.91988755936480227,-0.43027521577810957,-0.28254202477629331,negative,2
20170446,4.4908957696739913,-1.8708731339003219,-4.6246467412141952,1.5135717209138919,-3.1829621457083466,1.4753795088278281,2.5974463195590825,-2.3506539888001914,negative,3
19910787,-2.9002562320603915,-0.76801848975859854,2.4452064566424068,0.35619768945765018,0.36563625066884958,-1.4072371136284898,-1.4849240091784919,0.30018568519790767,negative,1
20090865,-9.085129589558667,2.7576528239268412,-1.6519125100106269,-0.17722580819923661,0.93850898822830275,-0.12537900543193911,3.1726605492964968,2.8069408845202588,negative,1
19800835,-3.6137729785955726,0.536050309716399,-0.55473905524704648,2.5714764970754151,0.37401440590558632,1.7854754776656918,0.61990417963283218,-1.6114268928035649,negative,1
20010826,5.4625103473216319,-0.48400191463119258,6.8309445134399915,-2.3146091758455003,5.5825757379972476,-0.62943630263606642,2.4075892957874157,-1.3520836755455097,negative,4
19881128,-3.1450528703531822,0.46173709196742146,1.6594289235132638,1.5577734048355174,-0.20278282717843102,0.28424260640489091,-0.90034790699162393,-1.2522855079015094,negative,1
20011187,-6.1198056299261001,0.57405352435003387,0.16315593768618944,-2.2547725278687234,-0.80408333932456411,0.053386975120605612,-0.73494041533996379,-0.39828700505787556,negative,1
19960400,-3.6782428974891652,2.6380659698054814,2.3898955862171118,-0.80030048066109716,0.814716520180924,-2.0950490814507141,-0.63768882657228265,-0.51598477788168318,negative,1
20205052,6.0210116850217625,-5.9476766594821102,-3.1817771665758792,2.1556853223622863,1.2331390432668781,0.40302506745333239,0.56825401140616716,-0.27416899776412323,negative,2
20000780,-4.0494103729413862,-3.2274896678200067,-0.092217825255841324,-1.231990078016459,0.90800507211378689,2.2252576063091296,-0.02493805135644879,0.044588230198921483,negative,1
19841094,22.392488962681433,0.89897095719935594,-7.2744166114944804,-1.4412396072144371,-5.6798516342456074,0.57822378108246153,0.83411226831686003,0.012882750834155805,negative,3
20050973,2.1728565200723349,-3.9291982912974155,0.19586166866679589,0.045085779114668517,2.1418990656476717,0.11938134814848278,-0.34972920697163451,-1.9566130037566682,negative,2
19820541,-6.4651152338767792,-0.88362262621408427,-1.6546808900704204,0.099053936192301073,-0.19197006000238251,0.89589227749238043,-1.7838456646974714,-0.043394379454560775,negative,1
20150539,-4.2770238743420501,-0.86540198102753974,-2.8420712285039302,-0.045249295549297054,-0.10880122963259059,-0.55837269898607012,-0.90480641544746931,-1.1031206982925337,negative,1
20181107,-3.8543164058120762,0.40838875235090843,3.8615750065293626,-2.7270263042313618,-3.6106859312346993,-2.7264391688978886,0.56881332781295491,-0.57401609255925667,negative,1
19830218,5.4733591547806446,-1.1514996733809444,-1.1927281368933726,-2.8898610595939966,-2.0440922314587451,-1.5217986445396607,0.23800259373952379,-0.8881134494776044,negative,4
19870862,-2.3706697083093031,-2.61499005722838,-3.1517844460241893,-0.66783735409612299,-1.4541617401848457,-0.90402052755763662,0.89626392342169026,-0.94451514472054499,negative,3
19930259,-5.742804766510976,0.58102602864258268,0.88613919379722017,-2.3117609243059061,-0.22162022047897392,0.35389160826172095,-0.8167183172462098,-0.87843374840198762,negative,1
20150198,-7.5498110794053845,0.89397943855441409,2.239756553694519,0.95320985600343044,-0.81485213106394438,-1.5374310259553241,-0.14612230331852308,0.3921193052417925,negative,1
20130669,1.9788598844261422,-4.2681265660596361,-1.39483841706213,-0.052445900854325565,0.34472406952217344,-2.2359594769886297,-0.40173463909530782,2.1743161461539056,negative,2
19940605,-7.3987858709629375,-3.56985503148129,-2.3889005575141802,-0.98380091898863253,0.30417820366568238,1.2043325780106984,0.65596890708482503,1.1223641331058059,negative,1
19930528,-7.2650390923544705,-1.0704091153199795,1.0696081776541495,-1.5829077468419506,-0.10324563151933557,0.1142401471993563,-1.0994453633839949,-0.41411272065905236,negative,1
19920685,3.5292175499988856,0.86208171547971113,-5.5893186345211143,0.097920179956526146,0.12780912096076807,-1.155003960408298,1.2388813658446156,0.63375873877593125,negative,3
20110098,-6.3167592007059552,1.2580112264945309,-0.075188917938100869,-1.4903029060731467,-0.69026524201493478,-0.20244428921251634,-1.6555742105889653,-1.0487907696954222,negative,1
19870318,-7.7181334870245522,0.89164412324162723,1.2017548475384825,-2.3471731350647889,-0.11400226454797276,-0.70984402476423181,-0.66419658967470308,-0.29606197880956064,negative,1
19790835,-4.0524124884957269,-1.1083561520791703,-5.5725182712209262,0.51780714553494978,0.74922152897563843,-0.18274464305485028,0.019511107440670812,-1.1975402795598111,negative,3
20121119,-6.1327573884182858,-1.0407207818040867,0.33223794087821218,-2.1669288148736565,-1.1845205113009338,0.50163913364809198,-0.52387576125809054,-0.73437909081267372,negative,1
20060283,-3.5851891725432532,0.72438471544592409,0.63008212848990808,-3.0100190805961811,-1.9048004691913512,-0.72587221630828125,-1.2870212903742453,-0.23567206598670634,negative,1
20080240,-3.4316592137226696,-3.5169324671931834,0.23337885733134514,-0.11082783358187712,-1.0944892280179799,0.23447106992281491,-1.0131239108343122,-0.0077397412057285658,negative,2
20160268,6.2192666180971683,-5.9006925328408082,-7.8468487600198022,1.8415913347805557,-1.2851882512371318,-1.7456063405955731,-0.45147376555162549,1.4629038020172822,negative,3
20140838,-7.4652419929508014,1.0048358069532399,-1.0733150735679924,0.051413299322561994,1.0072760950642219,-0.30139942949005127,-0.7908949218568142,1.4811185163422391,negative,1
20010151,-12.420882915113927,-0.040571458454991709,0.78016302136702198,0.42132188442201429,1.8291578364529448,0.27352162659888707,3.2045281959163221,0.11563855762650292,negative,1
19920083,-4.0484703717110149,-6.7187290676112195,3.2945360631214364,0.28926030186294249,-3.7449880360649406,-0.74874175948123178,-0.56349194653966461,0.56270290680911794,negative,2
19820097,-0.99342409849636126,0.81093797152342073,-0.13351551310451173,-1.9153805378549067,0.17275720425602564,0.27560128904718739,-1.3063496036199436,-0.62749264544157168,negative,4
19890577,0.08176527074329927,-2.9526363621105109,-0.99153309364924713,0.66998945147496791,0.1432021607099101,1.721763639246902,0.060310389058229129,-1.2750551011773819,negative,2
19891088,14.841422453363801,-2.4619848394745949,-0.83222948302347477,-2.3180957312495809,2.1711842903330774,-0.56154315173656233,-2.0016199117752889,0.17796123116958626,negative,2
20150010,-7.7865833683619003,1.1014386062118646,0.31962091973528312,-1.2053374804772441,-0.27394969465260932,0.41751575356769055,-0.99282614470035802,-0.89893033292341151,negative,1
19840167,0.93674983359702124,-0.26153643479188571,-2.7602529756727101,-1.1309945861923281,-2.4273654439171817,-0.33224512320688476,-1.3726833959011124,0.063083657621992223,negative,3
19950274,-8.6342325931293278,2.4503994366735582,-0.61929081333438851,-0.12648150952018331,1.0300181190121094,-0.50034963138586708,-0.60311172448886952,-0.45275666736243508,negative,1
19891107,-9.4064711540837092,0.41296682905175047,1.7165112583493329,-1.6126219469656824,-0.36029007117316608,-0.51695880527016613,-0.72781090103408463,0.10335759820281097,negative,1
20101143,-4.2330897313592839,0.62813001816139369,-1.7958619358267889,4.1421486341235072,0.81652165077232752,-0.55144193960469767,-0.0039864867269221328,-3.3770389121140472,negative,1
19900026,-7.1143519627403293,0.38504880090473248,-1.571396740143943,2.2194274011601594,1.3082301851683107,0.24887906230181817,-0.46655288687829977,-1.22585221260449,negative,1
19790867,6.0423762902146239,-4.3273068886623696,-2.6822605088184317,0.10485110307999643,-1.6326136993181108,0.38738741172323088,-0.70382150975488467,0.46225181626446621,negative,2
19990337,2.7681796780409167,-6.1515126485633651,-5.2004990106775004,5.449588658320339,0.028224674106269887,2.2352317351860647,-1.315401167528226,1.4681437714719232,negative,2
20020854,-3.4365419435910676,2.2009316684806817,-5.8488626743476599,-0.45947211409617711,0.33671503557353311,-2.2493939894471056,2.259876069268048,-1.1573624785152987,negative,3
19850499,-9.4664507804085822,0.64022726430668753,3.3824355475938148,0.33510640597317815,-0.59849562878794094,0.48239658728782725,1.9467998300856717,1.4351198446048263,negative,1
19840734,4.9699500032493269,1.4031272372592278,-2.9074642403956883,-2.6449970444791191,-2.5263634904165002,0.6383487473299323,0.7825265376458036,-2.2780915025809008,negative,3
20060284,-7.3389364379252147,-0.75293047399659729,0.73633927968676927,-1.1258324024491169,-0.1888192262137218,0.37124284806787522,-1.2234799360625468,-0.62320536123592563,negative,1
19900151,-5.4956598264376684,-0.6589600831327459,0.42591777306313111,-2.5752884024162572,-1.0478465837664794,0.47688701708384562,-0.68628050491228543,-1.1189572069349754,negative,1
20080536,1.303223924504378,-3.096120892318277,-0.71878365959762869,2.2831823754039156,-0.93617777554127768,0.29500763539967811,-0.33990804152333237,-1.3935758799047884,negative,2
19850342,8.5099608780108191,-0.72136740817113243,-4.0208553716885937,1.0398736798799555,2.6829369373826375,1.5674712936057738,1.2981585552278352,0.34730105024493768,negative,3
19900675,-4.3536931512633767,-4.6966734042153853,-3.6332366947232546,2.589408558762972,0.69745080567404305,-0.69274119064841289,0.28342406970785422,0.78192019327335649,negative,2
20060954,-8.2173927926997834,-0.061648794105056061,0.95361241561942456,1.452170019877717,-0.40563752259343772,2.8872364520159373,0.5431375692298992,0.26961513053076486,negative,1
19940051,15.765043242848479,6.8873651298014877,0.37595713061870439,-2.6616497220458775,-1.6028456050515245,0.074557599770649796,-0.25162103070047653,5.7460285015947461,negative,4
19811066,-1.4373155094484023,1.4817852978252106,2.4453734387001349,-2.6425559029295789,0.13742734167239704,-0.39767824388474471,0.40388975741244476,-0.040412836813026189,negative,4
20100534,-1.6224319085951866,-8.8835951195540659,0.19499302512125669,1.4119239887154025,0.77532265144927048,5.2018094541349642,0.89743655670159883,2.8574253216605761,negative,2
20000981,15.266205443323633,2.1907575336424419,7.7670885250659829,-2.8296641910869615,-0.83722809182628122,-1.1431462604525688,7.5532963061001972,-0.39260070325210544,negative,4
20110666,35.047711695139853,-5.1633450572812931,3.2563976534505796,0.50374509777554277,-0.50327968517807209,0.90902575499322169,-1.6732089761996465,0.98389922843144562,negative,2
19990990,7.393603909104109,1.0947000325684124,-3.661415113430424,2.5516998534926021,2.4884913305047505,0.43122346289599367,-2.1628691041600523,-1.4743658367895258,negative,3
19870088,-5.2298731520622903,0.30299407413472684,0.74052396802142972,-2.7551636636336148,-1.0551396062396849,0.21005255502136636,-0.66791966274570458,-0.95420580689107448,negative,1
19921015,-0.90776883006427678,-0.61526205690915259,-0.53102256852957375,-2.2030592974505403,-1.2181698736030344,-0.27853305927353678,-0.7538638475665308,-0.35486791649625476,negative,4
20171106,-4.2217695629995289,-1.5149113909261163,2.4966220333735976,-4.4406482861343779,-2.3487648424076775,-2.8282276952264289,0.73069869174740587,0.95207018892433448,negative,4
20020164,-1.4613614283788348,1.6372402014022671,0.18719870920709389,-2.5014815372012587,0.45598060064375057,1.42597908870185,1.0547685584365929,1.0621621218284321,negative,4
20190490,-3.9762039032347007,-9.2376745048717002,2.2555266135307961,1.7331926485361433,1.8752135675558985,4.8766068138405005,0.72284005930009221,2.546488727579713,negative,2
20020131,-6.2076719321155593,0.2831048511688341,0.87407803879212054,-2.2785136033889906,-1.0018419113871531,-0.069756362092165888,-0.73451120932249991,-0.61307789735593554,negative,1
20170453,9.703693089908489,-3.004779744473935,-3.9450478206773956,1.6793422191790484,2.3075831698032152,-2.5614814842486675,-1.8417580904941866,-0.3238673020093169,negative,3
19910792,-4.8329159136953308,-4.4939887500015043,6.5228666239611623,2.6722356233938149,-1.4204620032109847,-0.85567263593156462,0.16833930923083856,2.145300827941492,negative,1
20060715,-13.434982301919351,3.0106663681086676,0.88405721513093971,1.644098317216848,1.6384856310612139,-0.90551158314752589,2.962792362600764,1.8036701492771672,negative,1
20130277,-0.82434614130423434,-2.7906206754643152,0.73493774522014421,2.4813339463281525,2.06671198066674,-1.8241978116136219,-0.030582135250993073,1.2112326455581943,negative,2
19900861,-6.8394936989664359,-3.6207258376327682,2.455345666951156,-4.265034625797715,-3.7827244069631152,-2.5253218225405618,1.8507256004259856,-0.067000601419248532,negative,1
20030236,-2.7462268399733327,0.08089358125501829,-2.1342621390802519,-1.9340447822610118,-0.52524177220595458,0.38044402978645908,-1.3879799888015059,0.13677159547855333,negative,1
19970712,5.412336943210275,-5.0090866300159922,-0.39961984135976564,2.3762909092071602,0.85118337803198274,-1.9428221490578734,0.47312856243786378,-0.21502939063069443,negative,2
20110486,-6.0848123484215479,-5.1830495898175002,2.2327485187385268,-0.24064176883669453,-1.1953682528277076,1.5076192998067441,-0.072035285222423778,0.64525080478930708,negative,1
19990784,-5.895704384774775,2.0998981246792798,-1.6385382817847221,2.1385347428721264,-0.10221353661363337,0.30263115065978019,1.493421418678188,-1.1650835587184576,negative,1
19980822,13.161403769073988,-2.9766374549565797,-0.66207141788252843,-0.16517827022748746,2.3877378700744423,4.049511618433951,-1.4264143349110401,-1.6193334415650902,negative,2
20070530,0.67717653990467475,3.2638594963081351,-3.9453583755170207,-0.097475597197563171,0.49821565503092358,-3.4585067179501121,0.8482266975534779,0.29816526695675666,negative,3
20070991,-1.1241801058012832,-3.4452149403231984,-3.2748748305052779,0.092323563068099079,-1.0500699636455932,0.64792409500637327,-0.2121403272830322,-0.50958196654753385,negative,2
19801009,-4.3316812954679023,-0.4856188593243374,-4.6227703068989481,0.44943731135985798,1.2728423138256473,-1.6464017156581183,0.1325173388675773,0.14332221203393147,negative,3
19861089,-7.9079088774900201,0.64208672924630716,-1.6337836334918954,0.95525073091511004,0.04014158591941628,0.36257894710655569,1.2381405807449013,-0.40722191786657502,negative,1
20120723,5.032298720393551,-3.0877628667596406,-7.2984507555563676,-0.37382684313947862,-0.63650759324646144,-2.9127876920460625,1.9655857146172857,0.71405047001829325,negative,3
19900239,8.8656241575051045,-1.5394125392148386,-4.2835459679665728,-1.3000505396948827,-2.5693714575289035,0.9992721276042833,-0.75973150038707749,-1.0920880257765759,negative,3
20060146,-2.5894662434693125,0.54203366149499921,1.6840378026431047,-2.9756396590819758,0.64211416069655791,-0.1822836322001892,-0.030452124434098549,-0.48910563725479067,negative,4
19790626,9.9946762620900191,3.2319430511935603,3.1778571162080711,-5.3185580424526302,3.8115400302783793,-1.0913332607544717,0.89972741649179344,1.105558775174782,negative,4
19990128,14.879873816755973,2.1262931233352353,7.8051497726486927,-4.5678347485246515,4.1407842605158791,-2.2111873935952309,1.8272478703625643,2.2033992203012498,negative,4
20150805,-0.43759448383911298,-2.5710123994070924,-3.679023156627681,-0.0013848139806251494,0.96606775775748244,-0.10855914325392922,-0.079421118458335868,0.080016032535352874,negative,3
19841086,-7.0382479769158577,0.60753380904332144,-0.4594445860461342,1.2820129633113397,0.26692436595579466,0.07835855641267099,0.39921117798595401,-0.35427602910766282,negative,1
19940933,3.4621840920154487,3.1692501357198775,-3.1722890148501075,-1.9607165436830782,-0.89593123974799904,2.3729721351169233,0.44478845197818584,1.0810971230341502,negative,3
20140686,-4.3785627364667761,-0.026049824354848532,-2.8578847160049858,0.87558381987328682,1.3269085760050547,-3.0657023807314312,0.25714068868388812,-0.36459877312922295,negative,1
19960363,-7.8649452405488809,-0.46331986224684923,-2.2874347293247834,-0.29255841096645174,-0.075605904904969684,-2.782661898250526,-0.27827703126222397,0.15418502348342344,negative,1
20190497,-9.6598140006020223,3.0382268941691328,0.54951704752349917,-1.3593922803802025,-0.95144356791871165,1.9878787129268864,4.7918235304904266,0.73708691624713496,negative,1
20091183,-7.6951766201929708,0.09530767842486905,0.20992547928062133,-1.9793265919027041,-1.0466714933915235,0.32975584465435209,-0.71319842115565579,-0.75074123581294316,negative,1
19980484,-10.928420183377963,0.57689842348131326,1.2773177568011369,0.37374206367774909,-0.92285633751379859,-0.8657793658228945,1.1469711758249275,-0.13494514793834952,negative,1
19870701,-7.94772461114552,2.7553359330371654,-2.4619125486388769,1.1535767339083107,-0.36448693846614316,0.80849583758545085,0.23549635332304597,-0.55491728844516053,negative,1
19950093,10.437344555095834,1.5507985347603699,-5.3143163194802066,-0.54135426409118392,0.73972215699616339,-0.76403286279255578,-2.2745913737158698,-1.2162812651831061,negative,3
20010943,7.7437561645847364,3.4686452520792463,1.001235370725825,-2.9340586308524781,-0.11620406237777617,0.75692640965082181,-0.15565430196548233,-0.086909236268813569,negative,4
19800280,2.8721557646013323,-0.79241716277509444,-1.4503795766625154,-0.30130163185449871,2.1072359580331002,0.70904515950715508,-0.90157679001063784,-1.1341168480436834,negative,3
19930762,-3.2957628631255944,-1.1707963237969088,-4.1907560469376932,1.730328772751307,1.6588793031022102,0.51003725686603552,1.578805206027158,-0.2518407195375667,negative,3
19970113,-5.7874482687340736,-0.14861585929253915,-2.0249157961650646,-0.555308696921753,-0.34169695707901154,-0.040214762314327905,-1.7715034309313578,-0.69922054033982928,negative,1
20201416,5.7391276556481579,1.1644158263228157,-2.0570603422046947,-1.2398988910242501,-1.0641294086767812,1.1794888633950991,0.10443564618544925,-1.2207305540923057,negative,3
19970397,-7.5703359130370123,-0.70230180794308694,0.48334394418603249,-0.87487630013679885,-0.64853944920907025,0.014810749235721343,-0.13912355578756241,-0.39647727425935853,negative,1
19890340,-0.22444042072614384,1.3680046705781481,1.854945228652304,-2.6653275902218501,-0.18292924456566945,0.028873114489859412,-0.47185541845399631,-0.41648307489825742,negative,4
20020940,14.222712877008147,2.4045271602667762,-5.0924676038093795,-0.37267342513414614,3.3762309795166652,2.8777507624489407,0.7906162439527058,-0.053721950083222086,negative,3
19910317,15.796721864674979,1.4352433051302054,0.43554301785292598,-3.9384763234642493,3.9664655180678912,-1.9724459199012836,-0.18176596459466993,1.6883542267874845,negative,4
20130658,-5.9591929734493343,2.3420286225395546,3.3043762769771114,-2.5361126239133318,0.15443017806432169,0.64007384816514945,1.8884255878371037,-1.0678003402025691,negative,1
20180347,-2.4033929230262663,-1.0895663252776553,1.5731703212475077,-0.78546000190262444,-2.318560133333829,0.013047114554721049,-0.76870713922549938,-0.52530891604915486,negative,1
20060390,-2.8527958591904459,-1.3527423357659965,0.62794144700073984,0.16303799193413857,2.2483370430689771,-2.5396348604236496,-1.2656861832011654,-0.77663167294808255,negative,1
19970812,-0.87802253760249793,0.37154873849432507,-4.1268686144281217,1.6213908966574098,-0.54333428099751246,0.61158477155947621,0.77433242423436455,-0.74987048147856183,negative,3
19990425,12.350485044622792,-1.9053832599331399,8.6301521754268258,-0.96266375401866799,5.9229655442494806,-1.2526210241734002,0.38281632753981504,-1.7550615863051742,negative,2
19970847,-7.07243556061802,-0.61031064645367739,2.9432156914524001,-0.033588453380860778,-0.68886053336068265,-0.55423007454638262,-0.56103095786218493,0.081670270817935708,negative,1
20081122,0.8640396142883745,1.8284203179778682,-0.67506412865254517,-2.3356905137315191,-0.24778196083454132,0.26208408396163946,0.17333271776776182,0.31608978338887822,negative,4
20180897,1.6244694363540042,-0.38725480870812162,-4.0208661472657461,1.0433120883333362,-0.65003824203646965,-0.61236368976032762,1.0424517371896407,-1.7202129693599473,negative,3
19950217,2.7708864824421786,2.7234502169528221,0.19189931483701281,-2.4568320082696746,-1.5463830906543663,0.23896217281014664,0.17704300482127275,0.35806001516356017,negative,4
19890513,15.763553338304497,-4.4526949859032889,4.4732283092463856,-1.2382767469355094,5.1682971858381093,-0.75730793722068479,-0.36245317326912696,-0.56669555414931005,negative,2
19890546,5.514687739325157,0.89425490882465153,2.0500664407188336,-2.8213276615578966,2.6296857358509653,-0.58127857394915061,0.079641807160383979,0.00094551920589276445,negative,4
19800657,5.2296710099845214,2.3909321179507552,-3.5641724233736496,-0.75226712870913404,-0.61313186303196554,1.2503312823848682,0.58147647881295894,1.1407081252759501,negative,3
19850450,16.934348529644613,-5.0066795318301107,1.5255207580280523,0.33109564967860622,-4.1196107960483426,-0.60103058684723409,-2.1326335339144373,-0.27134417620408252,negative,2
20190137,-7.0357076933585425,0.051298219573260674,1.168112175975546,-1.1640780517618159,-0.18173575447007695,0.02042121609544233,-1.1945088899393435,-0.66704042536078667,negative,1
19910260,20.352051967663776,-1.8740474603965593,4.9139675349543834,1.3238179396861471,-1.5193519968565761,1.6310942147093526,0.068247694253029442,-1.1123811605939933,negative,2
20140979,5.4674440666587509,0.81091592147714664,-7.3557094368346245,1.3854333997488804,3.4749255182007244,-0.92315753537029999,0.41661489737702662,0.62424084043831729,negative,3
19890312,8.6601849139513973,-1.7774505528340827,0.82141468774391813,-1.9729955837217039,3.7161290083672833,1.2262687117250692,-1.3735586545338714,-0.94511081406294961,negative,4
20020519,9.7576785599533942,-4.2337548754452863,3.3044987802937107,6.9372716465054092,-0.21183455364622789,2.2924056432374171,0.42273373930162378,0.13922107689656249,negative,2
19850575,-8.2711978110513087,1.8241239359743344,0.76349614227658968,0.93413589356610949,0.60402402792710386,0.62320620529736259,-0.42405278261043639,-0.13303462048941267,negative,1
19850520,-5.9029004855812808,-5.4022479438686171,-3.0802506365874462,-0.76293140833831785,-0.28593474754986126,2.1283367608995238,-0.1145127378380251,0.10517498073833235,negative,1
20040242,-7.9448604015872446,0.91784028130809814,0.6776158771255576,-2.1894412841878581,-0.059300175437775771,0.35018535344598195,-0.66990906360235636,-0.81415381074270654,negative,1
20161158,-3.7447661224780604,2.7863496018748162,-3.4438444767403795,0.64741955341968616,1.1628643755890204,-1.5454363632166526,2.6551103445442696,-0.84130372288061039,negative,1
19940142,0.548269254096449,-3.1862354168702129,-1.07914466956327,0.79271522089385216,0.67862892782898165,1.4630856772978935,-2.0298459257910464,0.53666925089789042,negative,2
19810475,-5.4557558312528291,-3.7218771280967897,1.3598502340347107,-0.94659125414909406,2.5068956565757117,2.9326693231168965,1.4835389185867378,-1.0162208344180392,negative,1
20020268,1.9384346571931832,-1.8534147466455353,-3.1540656724334259,-1.2193453412048683,-0.46542022812739942,0.90531715382198041,-0.83623702113919784,-0.084457542734661856,negative,3
20180464,-7.9096157013019965,-1.1021176890296605,4.355846462230442,2.3181729552495236,-0.83016168187707229,2.2277959530451974,0.55504855649354179,-0.98308173175849523,negative,1
20080470,-6.1259366132058277,-8.1972634887426814,2.6312944564630483,0.33973011854126201,1.0001938180751047,5.9154329720443375,1.1132655134251865,1.5055171703059709,negative,2
19870989,-1.8466275746161189,-1.067886370369006,-6.3330002218274988,-0.47050750269621772,-0.16415884160273994,-0.74309898856580769,0.85939814712423923,-0.9000830812069972,negative,3
19930318,-9.098684788386576,4.947349371933222,3.6460575621765683,5.0933745715388055,0.051253761467097224,2.0395146981423613,0.61372866659182701,-1.4910237010808252,negative,1
20140374,-12.258989499759517,0.70034197117967267,2.1217113808755674,0.065047912709169514,-0.93899388809875994,-0.71606968348587285,2.1433623006325613,0.59738246086395985,negative,1
19871082,-6.2598469154241618,6.6639171353222446,-2.9014067157806811,2.7245737207172653,1.7066827677134391,-0.0034380715246164631,-0.19983479184555406,-1.1697878718916945,negative,1
19970962,-2.0566284499769756,-3.4250881232953887,3.1349542955880914,1.1384124868178569,-0.69854383935009923,-1.2883701257756883,-0.027380564555584155,1.4063207422243973,negative,2
19840074,-7.6063701221639599,-0.25117864234870418,0.76650683360602734,-2.2834091240843279,-1.12093055368585,-0.25523324057569879,-0.92877306942620885,-0.68401402801538191,negative,1
19911043,-2.3620007560470859,-8.2453610726167668,1.6781886219857427,-0.92724306524163302,0.21418616834722076,3.0308169583334394,2.6136867006787705,2.8150874971801376,negative,2
20209838,-5.83820294368169,0.20215889863090442,0.97451937166889058,-2.4849859777592211,-1.3320688160389025,-0.10116669716105646,-0.64736785779675055,-0.39840820440469221,negative,1
20050743,6.0531023985652368,-3.719200780920938,2.7330607861314933,-2.4742035547150261,1.573744584716718,0.092528669439732356,0.10113291812881958,-1.9116401778096834,negative,2
19900135,-7.3089087209449479,-1.0837238384483265,0.99194571280882082,-0.84772959891782651,-0.095325648263642995,0.75007815617744111,-0.2811812102147116,-0.35462207475510865,negative,1
20130782,-3.2318085478486447,4.0544755205198797,-3.6985827237366733,1.9128523234261463,-0.63646645477376218,1.1036179622816755,-3.1849743519171212,0.83777116760686599,negative,3
20030796,-7.2137853407469104,1.0255241168600981,0.61176555771459518,-1.2466394763520836,0.15859015597424742,-0.17494024174668932,-1.0010432614264917,-0.59206287371325472,negative,1
19850402,-3.973298741256718,1.5568157675825678,-3.7838600675230585,0.26986419670351547,-0.54741112659093771,1.505297261653102,0.76505344539162812,0.021791939870478217,negative,1
20150293,-4.0405647443673161,-3.5381058564931935,-2.358900372030158,1.0245311151312302,0.91782414394609868,1.0325412120325348,2.2187780868166094,0.84909291061972203,negative,1
19860430,10.86142407673317,1.8946338957562996,-3.856894293777049,-2.3699669981933225,-1.8282242171704197,-0.42599869741780561,-0.39518169029621825,0.25290800874661595,negative,3
20180759,11.839351642778679,2.5606226623490485,3.9241352489248276,-2.3595162906848803,2.7824130338185511,-1.1025472826107048,1.3471181676432551,-1.0117529567672905,negative,4
20090814,-7.7314062878355978,0.51062645445130717,-0.23960563003504998,-1.3822744230664183,-0.2421796842940091,0.97672836339999414,-0.44649593061173737,-0.59518448062897822,negative,1
20090841,3.9375655300722903,-5.796737260742006,3.4087488448128815,-0.77731114534429391,-0.33805118938892009,3.9371542323000139,0.14833134351334076,2.241605702415491,negative,2
20070882,-0.19462015819735079,-1.2309185549765271,-5.7711470552518858,-0.36807962362003804,3.1166217495083748,-1.3638300569963671,-0.80449578494212548,0.028823346556388386,negative,3
20130246,-3.7689850225556731,-0.88812503247520569,0.25571010163548891,-1.9216154143916404,-0.4961887010596695,0.75498769560407297,-2.0906823425516521,0.65018861745058165,negative,1
19930676,-4.8798248195716365,-0.2597286320386003,0.25773502790436259,-2.1840584962539729,-0.014332613113657047,0.61004020066052611,-0.62025990735247338,-0.21073651445861002,negative,1
19830662,-2.1838936814302419,-5.290180527805342,1.6135456283063754,-2.703834812442345,1.8012744851876576,-0.042959910578683647,0.472451721290847,-0.065542771237091638,negative,2
19821030,5.8688398896610687,0.59006632409774418,-3.4702962958534807,-1.93920958288805,-1.9812822432667911,-1.0825564303147535,0.025173375700462582,-0.095988529626462635,negative,3
20030928,12.014183646614192,-2.6363715053248042,3.6487116106155071,3.6393350025726345,-2.5010222172157697,-2.1681943270561463,0.26206966659389308,0.72599341582279486,negative,2
20020671,-9.4353323271876572,0.48430960494457759,4.8649364571974045,1.8501196371154849,0.50031293273424227,0.51904384796772107,0.74464249649279501,1.1780619424511756,negative,1
20100149,11.185606757422127,-0.68783104505413317,2.9510570464211292,-2.8983084714475953,4.1826240606711895,-0.77068768610502458,-2.0288093218127994,-0.55339635796918951,negative,4
19941186,-4.3159974399094949,-4.2401250378965516,0.06781425716079742,2.900698955632345,-1.3834752144687428,-1.0110396105103874,0.49918192847807952,1.348214643539813,negative,1
19940479,8.0999431265416533,0.54085705890689195,-3.3987462229958481,-0.30717882588596362,2.9994304585823568,-1.2312866149266495,0.31095225975664953,0.072273647063444899,negative,3
19790166,9.6554391253312595,0.22027431506878398,4.8658080642139732,-3.9552299693516138,4.895821040250504,-1.8077622232820356,1.249703633885924,-1.521930744874828,negative,4
19890683,5.2990820665813425,1.8583271052404862,-2.3934949270616364,-0.11932494957816547,-0.44486269179998222,2.7674668216853555,-1.7996354005729045,1.4485731454670674,negative,3
20020077,-3.0988222833618435,1.0842642962178946,0.38262190362573156,-1.099846109302419,0.54574536395769035,-0.87327337477003097,-0.24766603089363162,-1.2264072968783657,negative,1
19810695,-7.0540692000336724,1.41308312601626,0.238704998176093,-0.48417366224849834,1.35085391556986,0.299421843663632,0.49566157712132347,0.58205553000613941,negative,1
19910681,1.6072121140818252,-4.3824191508444015,-1.4057700595899905,-1.8170206989210922,-1.8282091165063266,-0.42544761618131904,-0.21052320954554662,0.3251717665718265,negative,2
20190977,-7.2401048707778903,1.5411491557948664,1.4638176725457761,-0.35445176897234865,-0.51117718589154804,1.4811861005384601,1.5959778107658869,-0.020781741926418743,negative,1
20190583,1.6264441530548257,-5.6063512099202484,3.6293137458068272,2.1071019123576686,-4.4555988602217766,-1.3386774008657132,0.069285206999979768,0.34820436096040519,negative,2
19880800,3.6535397982863707,1.7657958398149809,-8.1653315188372595,0.76955250593646396,0.64757422710389734,0.7468822291891869,0.43752962224472275,-0.78385283700239516,negative,3
19930155,-2.9514215379484283,-5.9670623195051862,0.9951138694568411,-0.35375679615906058,-2.2919897341440048,0.71169547786774767,-0.4691809248453721,-0.11047391915889973,negative,2
20140139,-2.0650515782662429,-2.2251764360403503,-0.0453771736438063,-0.44028224781485598,-1.329128749279765,-1.7723167622009788,-1.1470965475458299,-0.38393448388871954,negative,2
19870730,-0.34928258641461468,-5.7114407279088812,0.58100720892282998,1.866922689553776,-2.2474258621344867,0.24832223909450285,-0.68895827098155893,0.16175792355637428,negative,2
20110844,11.951923405217029,-0.99199215918325967,-11.376748349701387,-0.13544698354548612,-1.8567253589764727,-5.7717037353825127,0.91003075091317365,4.8463228743796734,negative,3
19900409,17.668809685851226,3.0608489369376795,2.5628429605418086,-3.3637035956673285,4.2191679958633976,0.32986653714348424,-2.3867027382846726,2.6739127092294832,negative,4
19860313,-7.0764840073363855,0.79338828688851881,0.50741368991453517,-2.1696457762714791,-0.13614461067114519,0.47393937180218559,-0.50596238373210212,-0.73836257777298053,negative,1
20140648,25.764311567563986,0.13074917791546634,-5.0112448569821257,0.79981174254310083,-1.8744237581562706,0.50119826028636405,-0.39105938729588818,-1.1673054482190883,negative,3
20170341,-3.0190316973849862,-0.65818985946215725,-0.59390267524184803,-0.72506374677358865,0.34359360689978558,1.2317972673949691,-2.3956125351619804,-0.47632106593388873,negative,1
20060125,-0.061978957223306611,-1.223545365719056,1.7678903766666298,-2.3674501140584545,-1.9498185864738915,0.15576614929750091,-0.68626930132228814,-0.094360934628041668,negative,4
20050308,2.8721522005256239,-0.87868524195253783,-12.584659696783199,7.8358793889622822,3.0318910935983334,-4.5437769111149162,0.27216606296242118,2.0472263677989542,negative,3
19870612,7.6780709165992169,5.5735579171618461,-7.0003630430259154,7.9686627446074585,2.0219901654797741,2.1422737688852176,0.79459714018393557,-0.063282590347200934,negative,3
19960501,-2.9049111181797374,-2.0000531878271168,-5.5393162173187696,1.3054904583307727,2.5148613389702024,1.2355618466803064,1.8497581336578774,-0.27607745258049882,negative,3
19880922,-6.1198288953231446,-4.625333298810193,-0.32295899658929161,0.72728606576737265,1.0469145771291082,2.5669284488313862,0.73984492801838686,0.45561419187626495,negative,1
20110538,5.0696260625699781,-0.095289376770673548,-3.6170711641870708,-0.82121211132539451,2.3184063288666859,-1.4119673470410268,0.83685218682167128,0.065767596677974688,negative,3
19961054,7.3167474573314788,2.5360233340070324,-6.996938147859538,0.26789488245222826,-1.1578881725642944,-2.221851932905873,1.4128698578675867,1.2244165950454262,negative,3
20190925,3.5073732028413014,-5.0470499085775913,-1.8001622264552748,2.1740312719598838,-2.1102276951763477,0.45183208491009125,-1.8845616400298777,1.2461099078900908,negative,2
19950008,-7.0979989736500997,0.70299124058280837,0.68033226594039942,-2.2659446365530806,-1.0410999557856071,0.36693945061594602,-0.77146849423273189,-0.99212769201889262,negative,1
20191084,-1.154098995934737,-5.8474065753299032,7.0772552716465071,1.2788049238393766,-3.8996220906076693,-4.4095476966714546,0.33935680450302441,2.6777527161240653,negative,2
20030388,7.7418126411234498,-0.036260994130711655,3.3029485939900751,-2.3855963552047355,0.40223822084089172,1.8408889230919838,-0.63572238721442564,-1.1618403376493331,negative,4
20110166,2.0724584279948313,1.5936517009290394,1.3561483868844468,-3.2142889410879931,1.6730455259300405,-0.0091040796852198454,-0.7092611443445801,0.59321895399569269,negative,4
19910227,-6.6205643398094809,1.5714394479600922,-1.6345173065004526,-0.30295762673096582,0.0022127878404273075,0.39368227023516905,-1.9002827442986996,-0.56090604293563728,negative,1
20020484,-2.786776952559201,-1.6861399483222481,-3.8000510269738359,0.39225238557716757,1.1202668570415188,2.2691245637711552,0.25071987551752417,-1.2886528428663169,negative,3
20090164,-3.4611301409313966,-1.0809555872912326,-3.8609565915637263,1.8469433882502935,1.0147021325606038,0.46790367359494556,0.78922433256952651,0.6689358114410775,negative,3
19850442,4.8038183583465859,-1.9632090928413615,5.5271337797877909,-3.0954445493371905,4.035225645626288,0.40780779812044965,2.2890819611568665,-1.9902304069325181,negative,4
19800134,0.93886445856064682,-2.7315422311790338,2.4299632399988331,-2.4995626066977366,2.6764626663969047,-0.83418546580471586,-1.7569098017490499,-0.61633420462997601,negative,2
19870568,-0.84372451768222168,-3.5304697334312145,7.0608199345224296,4.5920952172130898,-1.0936730998574891,1.5166304413883738,1.4687527472890478,0.90677476913425958,negative,2
20100545,-1.5347876611211539,0.97077103732087344,-4.6193020093893935,0.20675318278578417,0.89214605021900872,0.3011528364425613,0.14191735928694585,-1.5461817686397843,negative,3
20050027,-2.7773752439496899,1.8239266304563919,4.7059253225036981,1.0304657125975563,-0.69199421195184252,-2.3787051102246388,-0.75908198376360314,-0.042238786899045075,negative,1
19890501,1.2943069319618732,3.2342663677186225,-5.1167458119864344,0.97005151719031202,-4.5423813779243414,3.301699178636913,0.15818812112691188,2.2339541053058221,negative,3
19870963,4.1537287263010274,-1.4434967420009674,-3.6266604519201242,1.7792881756984722,0.83484214551108227,-1.6496699759956879,-0.32878713714217039,0.079165873105824458,negative,3
19971083,-4.547990689947575,-5.7156719139702288,0.43596198590878565,-1.8119899095491534,-2.0105582111718054,0.11904226738139059,-0.44248280563853504,0.77582912767198586,negative,2
20160964,-7.1932133197331911,-0.81567300768019191,1.9516151392935099,1.5974156569412323,-0.35083546359593143,0.66819735212241738,-0.4464239035653661,-0.19166875504487421,negative,1
19850333,-1.0100723219224259,-2.7159459139538353,-3.1524885992602969,1.2346174926915054,-0.072692896871703869,2.7917431815355824,1.7241584529557907,-0.34311649700884539,negative,3
19940020,6.041360408544346,2.2347069196481959,1.4703084503458725,-3.7844937959585918,0.3049749554495958,-1.3506324780216592,1.8545984565037479,-0.38833649078622173,negative,4
20140243,-6.7620076075141462,0.2374665718124688,-0.35320166442507012,-2.2051310385485188,-0.61766553658675294,0.39188707088629887,-1.1006169008219284,-0.72353626845039909,negative,1
19991137,0.12593783804137026,3.098462294045174,-0.34117811475087539,-2.5681056823516544,-0.07210894584445518,-0.2894075767997214,-0.50764784697581322,0.57047220451248404,negative,4
20010774,1.0807309083568151,-2.6840634944101636,-6.0469658315981958,0.35390451506397613,1.0713495411695086,0.027658314586712768,-1.6549340771873275,-0.1073840354739673,negative,3
19910421,-3.2391197996978871,1.5922686307999847,-3.5782437529116242,1.4191999445506824,-2.1487718025324076,-0.77555201532997031,-0.31916316641544784,1.7116872373402492,negative,3
19840116,-4.1353941250937067,-1.2243084653801697,1.0069340850485144,-1.5715815279018783,-2.3048879547604741,-1.1938434272004443,-0.53076955018626748,-0.11081283612530661,negative,1
19810460,-6.721039421654428,0.90953594116852909,-0.50518528499419713,-1.0951627185432895,0.44632085378886172,-0.73035837782120427,-1.1092681913652391,-1.1617132258920029,negative,1
20040526,3.8910616144296539,-3.4733550865248883,-5.0556450721115533,0.74761697642387126,1.809269708493084,0.97251828639475557,0.83199696306077942,1.1072138680069052,negative,3
20140532,-2.897657428871804,-3.9670487157011616,-0.21625024415898281,0.4709824658639184,-0.041594380754641537,1.573700727122576,-0.79131028836280592,-0.090347506849248624,negative,2
20180300,7.9467705892379144,2.3665775967209388,-3.0807221690571618,-0.048690740799766437,9.2284536217840376,-2.4132760966505233,3.0610568755158138,-1.698511173752675,negative,3
19850560,0.28265650228793571,1.2936283136770774,-0.15876100750246311,-2.421497830608847,2.069317833169857,0.40621248104241608,-0.76335112269571537,1.0038542418478471,negative,4
19950574,-3.0175617020241829,-3.7198877664442147,0.58461790871712604,2.7392934542996996,0.11069042108043567,-0.80903811745072229,0.16121485408356742,0.54116184361036124,negative,2
19930484,1.8581122533051775,6.4451743755862916,-4.6724630637324109,2.793818605435491,0.98289597105131743,2.1214007620408117,0.0042967712123726035,-1.5294171311318527,negative,3
19830490,4.7651475685408551,1.1102476730372515,-6.0482494604762289,0.53566598372615826,0.66678425122199891,0.81124835696161379,0.16459886001911964,-2.1407163574470696,negative,3
20000227,-1.4251107138703363,1.1159984479408986,0.45249335326101459,-1.1277300277825564,-0.93722852373989685,0.46327697850790733,-1.058121268645825,-1.303164366025684,negative,1
19790966,-2.1938152163321401,-4.7814515173899643,-1.72985927013833,-1.722698131471301,-2.4682600692039847,3.970277012039817,2.4028215026233197,-1.297682903003271,negative,2
20040456,-7.2322557095635904,1.0672725357917465,0.11336767763819595,-1.9952035803082457,0.88910053052369598,0.058553938029301131,1.7406175865084477,0.41814029445217576,negative,1
19791038,8.0750251994331048,-2.2442435947489114,0.66082125777442302,-1.6955310113565789,-1.3467514700638399,-0.36664518075575042,1.9574193942228526,-1.1535226916647043,negative,2
20190188,-1.9860221831534306,-0.61867355667659063,-0.25405395290814642,-2.766251062803875,-2.2633545584591337,0.69282809888246166,-0.73885415097598117,-0.59160526929579893,negative,4
20130790,1.4553607320709285,-4.2134733129601933,3.4567182839385446,-0.025721658269191115,1.0588642309642973,1.805647099327673,0.99281030032086148,-0.15569867699057077,negative,2
19951104,-7.4585724992822779,-0.25419939684894904,1.8028615481627754,-0.94954960976876301,-1.1629079908083499,-0.54133287856507395,-0.57738988705549077,-0.2210869330644413,negative,1
20020877,3.2160199549980795,0.92725867768429115,0.30745697906359531,-2.7196390244945317,-0.49206629344125891,0.37292273628595002,0.57933074948440233,1.832886981086115,negative,4
20207711,-2.7948949198145314,-1.7063159604624216,-3.7775976124614621,0.6391686696793748,1.1693274943608292,-1.9701188019180893,0.61998951004696456,0.22422445156422655,negative,3
19940703,-15.936892743045682,5.7436433760400458,0.22466621909046011,1.4674799818047364,1.0316762334892786,-1.6021143099936854,4.7836983681743783,-0.25611685428559289,negative,1
19990547,-8.0563288278605505,-0.64455113499878136,0.056360470830283428,-0.92797594293729546,0.25861133119568624,1.1054666446350958,-0.44171618387506384,-0.41149598912419461,negative,1
20090612,-4.1937270448975221,1.4075001006316039,-0.7573982274090888,-0.62023669714955953,1.7883675847901419,-0.37870598595126642,-1.7949276874229374,-0.37927088518385249,negative,1
19810545,-4.545726753207183,5.6775602667849308,2.9122691105487726,5.6643056069688758,0.22537373293471219,-2.7353901935616372,-1.0388621289706708,-0.69287214912943473,negative,1
19790394,-8.2134999088368286,1.2020471648567692,-2.381204822371632,-1.1120519904762292,0.87539421273210871,-0.99465442022215178,0.35155497020907661,0.5545672381444624,negative,1
20010726,4.5871406853250267,-1.9751664895064089,-2.7007239890499171,0.41125634709681663,1.7067602485725046,0.51440466453658495,-1.4713771336812538,0.029681456595506354,negative,3
19810839,5.5238455489200478,-4.0837266144560305,1.7995786726468523,2.4112373408449788,-2.1777971626752048,-0.60683603144293907,-0.7139548966182736,0.1486424899151749,negative,2
20110043,-5.7315885668852129,-0.5646919967880728,-2.003739766185904,0.26903115274899109,0.35923276868958609,-2.581074028748028,0.1559534406033744,-0.37934822625452835,negative,1
19870369,25.864107274723988,8.3851542595375079,6.6573877583952905,-5.6319582742758509,3.5312992144635853,3.235821566287473,4.0258573268096143,3.8287265252819616,negative,4
19930952,-2.5991858278969335,-0.41140632345804523,-0.16072338208951187,-2.5430448854780652,-0.73419647650049336,0.9343674608517607,-0.38811830558953408,-0.55752411902011978,negative,1
20050626,5.7905653709197482,-9.9960762552062796,-5.2994974420999572,-2.106543229541022,-2.3319370764990794,-2.6868306060482734,2.3551064251100797,0.19882466414669187,negative,2
20090014,-5.088339754176717,2.0378658101735838,0.23918623145260764,2.7916771163483021,0.36782393104417205,-0.81758167043163243,-0.81276033860453012,-1.1132146305186772,negative,1
19851098,-7.1669204507077486,-0.85588572369831084,1.4396161975977502,-0.83531809513932065,-0.69893729984057906,0.13064312868267777,-1.1600466678721817,-0.48898271562927287,negative,1
19951026,2.8212106127525858,-2.7996057579455291,1.5014937407927358,-1.1772735660382063,-2.0185658168660319,-0.38259484654567016,-1.0544280405435975,-0.1211105080780219,negative,2
20200643,-5.735453872169094,-0.92312875161501673,-0.3307244231302256,-2.274987892807069,-1.0417612280481849,0.35697788180495521,-1.473944006732917,-1.0424733351392579,negative,1
19920330,-3.2602745625366478,3.1335798486143642,-5.2090482108977865,-1.1208448754171518,-3.0990287204771816,2.120314547257621,-4.0021368236256674,3.4787890976439648,negative,3
19960514,4.4005126158018752,-3.650573565271761,0.80399704693604535,2.0886213180055671,-2.8021364638463822,-2.1560315754445902,-0.8975300640614341,0.21928070844180086,negative,2
20020030,-7.1931625594042625,1.5336799734696969,0.088849181899442714,-0.04310556002447738,0.43373692168006633,-0.89596985489767955,-0.7658790822029925,-0.19941087443403305,negative,1
19980259,10.658374496806498,3.9825110539383233,1.0458423128625507,-2.0002712871226396,1.7105317425276079,-1.7118760340719967,-1.6274762758250489,-0.18315087792548343,negative,4
20151178,0.2692397796060052,0.99013169915451504,-1.9189000021414988,0.50235793594373124,1.4071179864199268,0.24657972945823836,0.11527656282763633,-1.2249559683256306,negative,3
19810109,-7.8607510004077978,0.21049304427968138,1.0239187323928813,-1.7508883361082554,-0.59367230278795613,-0.029387854255229502,-0.90925004243339624,-0.63295408127459762,negative,1
19940860,-3.90823316953069,0.21691428534860688,-4.3333621347151086,2.1761786576384861,2.2607938871194775,0.97771995568320491,1.5706141909793523,-0.68159972304908267,negative,3
20120755,4.1643787413861579,2.4756171708243397,-2.4510049698511889,-1.763382318702388,-1.407972461067418,1.126542863165966,-1.4496734724808689,0.17379982275533462,negative,3
19820983,12.324651642942499,0.7668660554064689,-4.8187645092693989,-0.26964055017743488,0.18463524828379685,0.47935050757532649,-0.26602952155971088,0.37619331181671528,negative,3
19930631,3.3669689586242835,-5.3154444146320809,-3.9826979456957381,3.8358491888536155,0.84107706563703066,1.8515258506995691,0.74807866874276929,1.2716410096497581,negative,2
20190397,9.2298563542676231,-1.5373845186131516,3.3526220622015832,-2.6172889361021898,-0.76665919239633951,-0.64737557707330717,3.5880089057669835,-0.46686532145828974,negative,4
20030564,-7.9429417334806294,1.2623140153994243,0.23013253848887252,3.0688589782163813,2.4954183657264553,2.6122204173114612,0.5833818715537632,-0.10444586759773947,negative,1
20160006,-5.1633468935132294,0.66359531214521361,-2.3777635133551436,0.22774339513201336,-1.2308519090859014,-0.36188700765258885,0.28172369488118476,-1.2675708502913479,negative,1
20060763,4.1371911950934761,-4.1163979929896533,7.9535019633074864,8.6276982296618101,-2.3468906780133434,-0.21136290617653788,-0.46869235719659313,0.79476412941719621,negative,2
20190812,7.3701167148249134,-0.87654283501157526,-2.0573633259675499,0.096170116899970418,-2.012196699815529,0.2677616900276546,-0.66265010832352333,-1.5567181089104472,negative,3
20120153,1.6076202955321257,-6.1747640293303361,-1.9288762170515459,0.38314178074439087,-0.04526360708742664,0.31686274629314304,-0.64333522732719139,0.47100831778341057,negative,2
20160788,0.44786113715389825,-7.1854883631715154,-1.8086690697850956,-1.0924293839488373,-4.1695825776316191,-1.6142512775609235,1.0079189066536052,-0.79371907068245107,negative,2
19970614,-1.2266677093964369,-5.2062575334106089,-4.3922121140881565,-0.1491607478396883,0.045499115981693913,-0.29403323073427295,-0.44023890617928735,0.20578514285921803,negative,2
19820323,5.4855891617940209,0.49170829647840653,-2.8486333371951171,-1.8369510454059705,-2.2337168419869249,2.2806557706659123,-0.89974021150163785,2.202309632045623,negative,3
20120089,-2.582828600562832,1.0511135154364546,1.4529676914088065,-2.7431669635254008,-0.78458471880568126,-0.6647543673420816,0.0044838458357736267,-0.47712763612515185,negative,4
19921146,-9.7439205275524259,2.0174970616756598,-1.4395166507430401,-0.26742822269682331,-0.44616056488464068,1.3493847621676858,0.2948411880871597,1.0357391171521955,negative,1
19820452,-3.3109471714516721,1.6801338844137355,1.009128679913889,1.7239616999651333,0.34870718394356293,-0.54500295706245172,-0.57270867305878803,-1.3173336227724961,negative,1
19821107,-7.7208887854221135,0.73196262132081402,-0.85919931464345467,-1.3207184200033939,-0.046934209915132169,0.038721387913313157,-0.87834881266198017,-0.58880851888980268,negative,1
20150821,12.091372692876901,-5.8869825857064093,-5.5255225687249192,1.6600137513855118,-0.81185448710451591,-0.82308261671299643,2.9830509481833154,0.01863301061757244,negative,2
19840873,-8.5875881593022143,6.3510530364823836,0.81422390867099204,4.4214229816003625,-1.2932491942114712,-2.1999394214690078,1.4549233782327875,1.3845233248686577,negative,1
20070265,9.7993608627585829,-1.1278623779887671,-3.7863878010957221,1.8974867264248385,1.5794692421499505,1.4399073558870976,-1.0150757576222245,-0.060581346133831544,negative,3
19940832,11.9627549134155,0.31723516074033736,-7.6274876676771477,-2.9022218307800465,0.42988264494513767,-3.777425890107923,0.71018323252482762,0.20528306295725499,negative,3
19840478,4.7341519631414011,1.1782178631177991,-1.9932243498593676,-0.30847984203427697,-0.22938161627720888,-1.6828718028569296,-0.6750618914499773,1.8280410543604164,negative,3
20050917,-11.47164554215208,5.3031577037150015,-3.1285172753660948,3.6084322709762375,0.83339020637570393,1.102477409663877,2.2337265284051342,1.6093727942097464,negative,1
19870006,-7.542423109592697,1.745407505468819,-0.22499345983244362,1.8475524673556263,-0.039182435626043365,0.44053202486368243,-0.42353464288276099,-1.1406704379686641,negative,1
20030997,-7.6458660457974164,2.0824769050422467,1.2502396354939873,-0.41597592916951798,-0.35120534726225072,-1.0585372929113224,-1.1765045258901226,-0.20085215782448476,negative,1
20060040,4.0924523260447163,0.71070809072296548,-0.65630516875867984,-3.0805403730160283,2.8855199053930582,-0.38177878683506133,0.8109533988142209,0.23499879179664473,negative,4
20130929,-1.5166977302360962,2.7024194321192052,-1.996967029110349,4.0569949456340639,1.9423996952384817,-0.14011237323922146,-0.28845761205852821,-1.5527523976357389,negative,3
19810086,-8.8413474963677956,-0.0015899766621110217,3.3222059096686429,-0.28278589241251179,-1.5458171585102671,-0.98502639575424955,-0.099634265045618883,-0.13380836376462274,negative,1
20020631,-7.8490093381079848,0.53606239447299175,1.7746830674151792,-1.4980255881384137,-0.61666503497300673,0.5031473806027037,-0.43368718963164288,-0.63828927312101613,negative,1
20140181,5.1302459269951051,0.80451662371319044,-1.1466481138771876,-2.8546661664457651,-2.8063104539849455,2.0431047272874068,-0.4888845089332543,-1.2153915794223464,negative,4
20204563,-1.2930386482572513,-6.8766081244632584,-0.77974668800785585,-1.4648614120310699,1.1713075946243445,3.0115722063327017,-0.02246468187819526,0.80053790794980928,negative,2
19960464,6.6979216198197395,1.203948486622282,0.27596243065368536,-2.78367411447456,0.86015532590590493,-1.7433959615183814,0.25607596756900053,-0.87205566229977538,negative,4
19930112,-6.3698403029209665,-0.050224998606656128,0.4143756064704443,-2.3729861546866817,-1.0698386671305289,0.21531851270681371,-0.90230508251411856,-1.053165244432182,negative,1
20180719,-2.6431510651570043,1.6530193192502944,-0.30097951595082367,-2.9402251994121333,1.8894021630480831,-0.0015567435094262945,-0.95908065519564945,1.8343522968132708,negative,4
20060731,-2.8070258321315626,-0.58331363524995261,-2.5185263486947425,-0.64325334053809013,0.85028404781116584,0.44034062172963379,-1.814886838720311,0.8820921686592692,negative,1
20130253,4.8466342492651346,-0.15157199078818817,-3.4369676555155002,-1.8256956930414212,1.3042576302974238,0.51351518844634725,0.67438029666519606,-0.0047656495687940417,negative,3
19800851,-4.7471253749038009,-5.0202488285648945,-2.4578440548369547,0.86681352362172215,-0.091306376740750275,-0.36515134521321418,-0.11626135138554215,0.067746287593143675,negative,2
20140894,-0.41582676089458864,-6.5990718568755504,-1.8422325735797942,3.1875272208713525,-1.3629958342512849,0.61338462107026037,0.54350591009670668,1.3379781442888889,negative,2
19990214,-5.3977799875734549,-0.46794582630161746,-1.1737500264394405,-1.7807586687623169,-0.87667377088180676,0.52000342412216294,-0.14969459768411073,-1.2735082371370163,negative,1
20209372,-9.2438047263800094,1.5577824847368809,-1.8896005209137183,-0.26713294927908898,-0.15750811660918354,0.98126378950355753,1.4079198217645066,0.2408365142059351,negative,1
20080213,-5.0794185249554635,-3.047873753764927,-1.1147636509921388,-0.41046279799707702,0.32941713376219778,-0.26487416915971829,-1.4184731964366724,-0.023234819362156441,negative,1
20120841,-3.477468101455734,-5.9582660592948251,0.70591466640029188,-0.17111282301818881,-0.89598226787272639,1.5754894275600337,0.99620156023120032,0.86519244140355878,negative,2
19991030,-5.6320032108056592,0.95646704700121821,-0.22077557869400632,0.59659700214500078,-0.21494357641601131,-0.041677611332530298,-1.3998882201690157,-0.61122393876813874,negative,1
19970559,-3.5778486291177245,-8.0103753854334077,-0.19856756796981395,-0.59637944692430844,-0.26052938617893262,-0.048269136482228074,-0.67260678894681336,2.3282285082041634,negative,2
20050057,-0.33479362329655965,-2.450524849019156,0.57375625150242249,-1.9728941915835547,-2.4006325645696811,0.70428257609350675,-0.47266871421252882,-1.0159367474286038,negative,2
20206517,-3.0575607842891692,-3.2471470034353223,-3.2720025841507869,0.84301453310160102,-1.1532298940793235,0.17667247729663543,-0.18710652614096426,-0.58110912440949625,negative,3
19811067,-4.9043282249453917,0.17855081175430401,-0.37764977073302258,-1.9806779823285579,-0.51807413662935142,-0.030172498363427062,-1.41030958507201,-0.4355881138742646,negative,1
20020385,5.3764901941865437,-6.0040678892198356,4.6443231533568294,1.179706865363721,0.82109516837525598,-1.2887966762611804,0.9186721510975292,1.9569050469256564,negative,2
19850316,-1.4227866157602467,-0.047621501618367278,-3.8933003028673521,-1.0423001333850812,3.8861648143064258,-2.9902182766764924,-0.19496014435116987,1.8938174968925392,negative,3
19850343,7.4058142148612927,-7.2114511650342115,3.9738753066627965,-4.0604571475500997,7.5004417464896944,1.6561823965566826,1.0634464922056373,-0.72260776854408237,negative,2
19790349,6.090694735369131,0.96316843599203028,-0.73437744677026628,-2.2960667940105255,-2.0987270384200332,0.65495076461210311,0.53428983878942848,0.17665814800377996,negative,4
19960729,-1.4206731670381949,-0.57014274389256836,-3.7476333468676573,-0.86380151765345248,0.9666098016592316,0.47365830275870607,-0.60050791973563922,0.17576044120256745,negative,3
20080440,10.785101317313739,1.5488924034574088,-4.1725218933235357,1.1485328230978509,-0.26508589188042775,0.12822946358568457,-0.41930617407918902,-0.61548653629193861,negative,3
20090712,-1.606790940967757,0.84124324170952092,-3.9326419424981176,1.7507650790260303,1.0017024225331848,-1.1003420882792163,0.15201895380810501,-0.58522784868526623,negative,3
20010075,-7.0825722236002946,-0.071897076617694469,0.997826603382162,-0.9044898502229628,-0.24489454128286614,0.92590198412346525,-0.39482617558210603,-0.60425230516129014,negative,1
19920683,2.5142785881249052,-3.4312475608298834,-4.713568926217155,3.4812315605877191,-2.0646449006472536,-1.2896007471892852,4.83349236465979,-0.55103095055006679,negative,3
20010020,-1.5418253574809007,2.3319251590357211,-2.9657746820672273,-0.47081599974369909,2.0553792080628774,-1.3095098409930335,-2.1307734699724827,-1.3220054719394692,negative,3
19930970,12.284246444873549,-1.837651920161226,-5.3162443989515715,4.4177146917033427,1.4877576528828673,1.4116696197034515,0.62709579261165249,0.80038247459338741,negative,3
20021029,-5.6101765076300625,1.8067574906264914,-4.1297946346757106,-0.14912285345151435,1.6006210000496615,-1.0635778761582244,0.1296189918121432,-0.35872004027756427,negative,1
19890207,-1.8998583076000806,-0.48260001348483267,4.3282622885389745,1.1591682923973576,-0.4733636589607112,-1.7099107369368736,-1.1529449179232794,-0.13518940007332136,negative,1
19920759,-0.12710342007087497,-4.7960723307700226,4.4938667368826595,3.5086820826674163,-2.0949256273192551,0.02926544369179393,-0.548799600482756,1.5202906730236012,negative,2
19940773,-0.96544387222078587,-5.6051433118678196,0.16803734155052183,-2.0128635503692962,0.64788105679208652,2.100342598030728,-0.41649722297017466,0.85750101296954528,negative,2
20208620,-9.0114247606022158,-1.1598020230222059,1.3528773192152859,0.097795277673770539,-0.98278743415899517,0.85353553350077915,1.3086992789512228,0.26894277744800116,negative,1
19890928,-0.3421135081969528,0.8355556867818178,6.3585829196437205,-2.6179713065284309,1.0595964946231009,-1.3114941050379569,2.8047491463428131,-0.69038190618832529,negative,4
19790293,-10.209007614241472,-9.5513532854179584,0.65659605967751633,-6.7220385726501588,-4.4653882262880993,-2.7387938794873565,1.6794257700339588,2.4607533498481553,negative,1
20110635,-0.55619839910471403,-5.4140775790070448,1.7699750945456587,-1.864866681376359,2.8664391241930982,0.50937641014463642,-0.18816735476559146,-1.3103405206045382,negative,2
20060907,-7.0109850972546912,-0.99398515737926862,1.1641898049404813,-2.9707170641703375,-1.9736225709495701,-0.57312540488191566,0.0053515500407079935,-0.81815878080739979,negative,1
20020328,12.771667944469149,-1.7400835827475585,-1.7908188350935295,-2.9166451612384914,-0.68565637572728488,-2.1238710637262108,2.3984706012127033,-0.83121226092249445,negative,4
19970429,0.20307759277168103,-3.1047345170707406,-3.8377722519701574,0.084726586547767269,1.1562418597467894,-0.29408254872836753,1.5134738842182565,0.53518594230323346,negative,3
20001151,-0.66134579092349532,0.025546527743701312,-2.4830584878605406,-0.43843654656799297,-0.26688779484214237,-0.90975670498534345,0.68469535353558397,-1.2379313772864609,negative,3
20160490,-1.1253104149284485,-3.8460140806462255,-0.62356476615283207,1.7546958174889797,2.697018750888958,-1.1735170827164279,0.27369770984638736,1.0098556233947544,negative,2
20040504,-7.7977157110634385,0.89053926479552259,1.665673258456182,2.3634478651639532,0.92957039365143646,-0.47369244706654917,1.3854685299706857,0.86224231515275518,negative,1
20080363,-4.3103867028712175,-5.2430458706695271,0.12489998381656073,-0.94686635219664694,0.16225757575793917,0.3655040478503051,0.36901635105297265,1.525546753207347,negative,2
19900020,8.8982093005286931,-8.2666416748168317,3.5791756433083979,0.64955276559664121,-3.9058550849275817,-1.0910557497780438,-1.4412593311082635,0.42076802928477952,negative,2
19930012,-8.7752965710006112,-1.2090769081997772,0.60978102515204402,0.2477071408596242,-0.048967591777447687,-0.73564975423910761,0.47892573282976547,0.12481601494681985,negative,1
20110508,-8.3827583681550575,0.92415693771019569,0.20249686529021696,0.075792113979464448,-0.30821464417257766,-0.099830157372067671,-0.0034939829233576842,-0.48200439559620206,negative,1
19880519,-0.75929020405719916,0.92899246499579879,-3.750302806919271,1.5980493237185223,1.5424284514775157,-0.59526916598527913,0.47800470482298107,-0.35680631942189411,negative,3
20020015,-2.8281020624786404,0.9813458839489434,1.8049641056431596,-2.4959127272536645,-1.3223385082063437,-0.8304311545114752,-0.37384006217399146,0.074009479414071516,negative,1
20070997,3.7051683588236495,-3.7079910792164599,-0.087332573608690747,1.6335489828217959,0.85705967935370586,1.4988176585183632,-1.6534766513727612,0.49211793790242481,negative,2
19970147,-3.9283834491516529,1.6643967962801518,-0.030951399127744247,2.0136055075726129,0.21613568015331133,0.31083608852489741,0.007028647305497987,-1.431205208736412,negative,1
19830788,6.342305228227703,-2.0475365439911779,-5.4073372973773539,2.4437207793460072,-1.1301129682984619,-2.1538866018226459,2.9168523604596097,-1.0763829553607016,negative,3
20110286,5.8402965373400342,0.48314700917540265,-2.8951713068021108,-2.3138096421909982,-2.2443291377396468,0.048977486234691614,1.1878866661542331,-1.1003675511351663,negative,3
19880268,11.844049733071603,6.1290129548208121,5.6164604450718949,-4.7513358028181676,0.15826943058832721,-0.42288771336172409,3.0509256511667475,1.8501385375641317,negative,4
19860254,-1.7939691484069342,-5.8359913017335012,2.7540897983797437,-0.4103734911291616,-2.4601675387580144,-0.39187107959364359,0.53694905334928889,0.58259010929551724,negative,2
20000195,0.21904716733938051,0.98081101443170837,2.7738878223633825,-2.954740864215089,0.77079107868752428,-1.251408868903684,0.49750869383857593,-0.67983555095990655,negative,4
20208943,-0.79448533935989352,-0.67767520922031743,1.9070374914683572,-2.0242064182362993,2.8185357362467389,-0.69373254635285508,-0.83841561397245512,-1.2496475308965633,negative,4
19810179,4.534654894520993,1.6741182725372759,-4.2830686681876422,0.29864231051895473,1.7584653941825783,0.50451221219340658,0.3084877351975796,0.86407085215359025,negative,3
20140678,-5.721019586528632,0.62664713525619475,-0.86780226422183193,-0.5560566639594019,0.44289102874820435,0.51614157423208451,0.027713382420411208,-1.4232446538137304,negative,1
20051094,-9.9350474370758377,1.6172194406658247,4.3177828200853829,0.056458352925739162,-0.49953386498905467,-0.55023599810957879,1.3799985199961429,0.098904574970651457,negative,1
20100009,-8.2712164483530355,0.61282357673710341,1.1130034950525882,-1.5417441419194491,-1.5023102737455636,-0.9644959299789011,-0.13869196234046538,-0.18151822663820016,negative,1
19870071,-8.0838598120163834,4.2892271079207314,1.2761441579259254,3.1147398331159994,1.0285581950679359,-0.40152053051689607,0.26424388044165625,-0.58165209114021987,negative,1
19970030,-9.8990694260452923,1.0884199377860835,-3.1022566531174358,0.40468759517702102,1.9497777706070878,-1.0728112560738683,-0.19846327943741704,-0.79471987541303934,negative,1
20020613,-3.188533081626209,6.492563779214735,-0.46009152613511806,4.9597598332620345,0.34922249394681831,-1.662813790202696,-0.99767863082914388,-0.51409378887836865,negative,1
19940593,-4.7394258104592746,-3.8110237959790134,-1.1495913493333674,-1.0425116969374386,-0.15824650397695358,1.5918074033466931,0.23365964464546693,-0.71761889475440599,negative,1
19860407,-8.2687980774514003,1.8972047915546644,1.6030093842694813,-0.37547789651483432,0.062650807111567175,0.024196030894636542,0.38764824484609633,0.35476319269516271,negative,1
20071141,-1.6314763712773084,-1.3882601970103661,0.0964720981786759,-2.2741584998711231,-0.72531741173932807,0.84260164943137961,-1.3765100131866774,-0.42119915710240807,negative,4
20171155,-5.1271366948033048,4.4325964123783859,1.6895301346119111,6.4318510742165156,-0.60308329595531918,-0.86910247559089504,0.89940528342165715,-1.271307565754592,negative,1
19800873,3.7018581527965604,-1.5932467643794694,-3.3840925690354084,1.6799284250394952,-1.789940872088752,0.14294283266894067,-0.047692505415635827,0.037815544562325949,negative,3
20030230,-10.990849450814366,0.17076438722488768,3.2580547794636683,1.4547691684128019,2.8706826513359838,-0.63516982020913382,2.215588104855339,1.258359824700394,negative,1
20040092,-5.1476712991875404,-1.5831321504184643,-0.23776696045847109,-0.3095526961267136,-1.0613617929300418,0.78331174523568925,0.0054022375547429034,-1.1000781532953703,negative,1
20040038,-16.696146337507113,0.92586615439748188,0.98060245145370417,2.1670192429791357,2.5647362752465956,-4.2886925095087873,1.8404281432510552,2.463805603201823,negative,1
20071064,-2.9897198795043107,1.9261975399717404,0.1990741749187907,-2.4348691634809478,-0.33065927028956954,0.67211606259362577,-0.57199845687545947,-0.18953330393669846,negative,1
20170984,4.9408177354951883,-6.4385593208696124,2.0869721993537365,-3.6164954185058535,-4.7916782093388717,-2.7088141288307508,0.97804946409951365,0.76748534479520669,negative,2
19940392,7.1373978562008977,0.2800544901750382,0.96506338880850817,-3.0561782361723959,1.6994456051802249,-0.37910366749667751,-1.3720242777186487,0.27415516758333397,negative,4
19970140,-7.6475578381189564,4.8344107655814481,-4.1297240912099742,1.3218279296631126,-1.3148502854150113,1.7857812008903275,1.7974434873524179,4.8225688233739241,negative,1
19821122,-8.4892044073458468,1.6346995901009611,-0.42196521875026,0.62022205990082968,0.45154230398133721,0.42935771454354899,-0.35992414681451185,-0.83551753943487106,negative,1
19970115,-4.9479022754128126,0.44789780552584596,0.474544257476682,-2.2497484142946171,-0.66504756266746679,0.51683653477406533,-0.39169924611119583,-0.56095807013067822,negative,1
19940817,-3.5034777299950344,-1.3570958296366042,-2.7009512791576986,-1.3415041803273378,0.17870599391126038,0.017243309455111634,-0.10054354714411037,-1.2605178103759576,negative,1
20070215,2.1194835712293321,-4.8953841305272494,3.8686578194067214,-0.017460091729708152,1.6380281214745509,1.8349670994219396,-0.14083595426300172,-1.155099652786759,negative,2
19930646,-1.2387073430057076,-5.065335017316297,-0.68736681777926512,-0.096296576320460764,-1.7958821168132184,1.0827127102482934,0.25304775824287312,-0.72696787726056966,negative,2
20070362,-2.5047242080053262,-2.2129893497121671,3.5726628983864934,3.6706887260905194,-1.7181758256535391,-2.5013596923080379,-0.49282721831847437,1.1621725713510218,negative,1
19940960,2.1096244084138638,-5.6037351990351505,-1.0924786547455116,-0.84252747795958527,1.8298401095045593,2.9863989330107374,-1.1879406198424283,1.9692997022637417,negative,2
20031013,23.96293166146021,-5.012224304341407,1.7955046280713911,0.89063587580320025,-3.9513921179691378,-0.58238369001702284,-2.0570092657269967,1.5746568867883326,negative,2
20030513,-7.5366513655678329,-0.88443939150673834,0.16254347709594805,-1.2471678473515404,0.42985621823117415,-0.65745085371854362,-0.17193420352069747,0.46671353483728739,negative,1
20131052,-7.1980508307721394,1.7700418561255442,1.8189550319291343,-0.56035971089991199,-0.27216012130982287,0.23327637894699785,0.14125244231545075,-0.11417829874507032,negative,1
19961114,-7.1156872374458908,0.65573580628306527,1.7120637472485576,-2.5042837832781331,-0.71672641038698315,-1.0256525396247953,-0.26848518344654065,0.050663759554134005,negative,1
19860400,27.140064595241302,-0.71539346605178533,-3.9674680192134173,3.2623977922260692,-0.72748657372369618,0.58760502143598226,0.0042269450433722435,-0.62482339002541443,negative,3
19981128,7.4213159982829309,4.4794086005273712,0.86038758911772495,-3.0162422564106341,-0.46853878339936139,1.2302572390323732,0.16973600071435524,0.62777461775405974,negative,4
19900835,-3.5380447076348087,-2.7532400224522062,0.27986026061964342,-1.7965464187691891,-1.7744533476312085,-1.6683670367346146,0.10191358224390532,0.013478967282022046,negative,1
20070413,-1.8973460859724456,1.5459555084935097,0.84717469506360732,-2.6894941135814023,0.75203837811210428,-0.71930604966270306,-0.19308380405533709,-0.26369323633526193,negative,4
20071113,-7.5092489511667981,0.10555811798384628,1.3785910054194015,-1.7787010728391774,-0.47182998090360867,-0.557803687550113,-0.85404321193554134,-0.49667292783564482,negative,1
19980076,-8.5221297381340797,0.45096453966367867,0.94913848365570264,-1.5139723790077464,-0.59069538856940818,0.097877949865433342,-0.372136913556255,-0.7129046374108845,negative,1
19970318,8.5565005582143439,0.66242201951750179,0.54857237039173057,-1.5367089299962295,-1.2417716744132681,0.1116437654064102,-1.4703793203780242,-0.74271340112750173,negative,4
20100321,1.0356701193856102,-4.0237126594194859,-5.0644765182971963,0.82240737442566991,0.95535122231023839,0.38248390788741948,-0.82229689083610258,0.82858694674304501,negative,3
19990371,-4.0780927697541509,-0.70627094171777127,0.078883900990796299,-1.2687813856845236,-0.91382587886955269,-1.0781300597767298,-1.3182206931902019,0.73670722058501059,negative,1
19920691,2.5196861932841368,-7.090225011975785,2.6421419314304226,-0.76159364602037039,0.7017831933837666,1.4165091763653914,0.33408930706278878,1.2515267364214551,negative,2
19800021,2.1303137051249754,-0.47463396548250242,1.8513452359809053,-2.6221640905293797,-1.7464435710428343,0.91573141570838168,-0.56741022121733442,-0.31323958656290468,negative,4
19950948,10.874930589918925,-4.2815186288812601,2.4035839987554,5.9648667933781381,-0.44208062291295613,0.57277118710766883,-1.3911246931223824,0.25295113825478299,negative,2
19890441,-10.934114545738799,0.17697724789940125,0.98872427652874817,0.50405873530790457,-0.082775855839604395,-0.37130060515283825,0.27919309358628158,0.63178904969695227,negative,1
20040235,-8.2557667469249463,-0.60057135175317811,1.1937090779465893,0.047643726954539847,0.46480321014311476,1.1694787370831266,0.33658467686424498,-0.28361397517045139,negative,1
19840174,-2.789397403656956,-1.6856350813207179,-2.8756152451265651,-1.0902742947663859,-2.0368718979813867,-1.5684373695485272,0.89632877329017613,-1.6930933461111524,negative,3
19940160,-2.8200897994272864,-3.7037896159368811,-1.3819225270295858,1.6587580516432674,-0.86384577182256073,1.7354858641968385,0.40518168790781223,0.48556112000801843,negative,2
20030118,-6.7637409137288245,1.9457693249910539,-0.57658173873848739,0.36922913022406345,0.17500845747155741,-0.8049796965891407,-0.29378875271404203,-1.3711431677116459,negative,1
20208066,11.889181603470105,-7.566727487532412,-1.1839758588533695,3.1686570255421138,1.468345156790301,0.8144302484759095,-1.1158684101493914,1.1355301862867266,negative,2
20061191,0.41442473096171151,3.8586874533660471,-1.9776948584388556,-2.5319030559920201,-1.6373791458496882,-0.23137904358962993,-1.792163428380382,1.3283896230269514,negative,4
19920068,-4.8528149080122613,0.51688287862284976,1.6379445269304223,-2.9733874332888637,-1.0919098501747584,-0.55595969467828388,-0.15130358134263444,-0.41291994513112806,negative,1
20000566,6.6524526482437691,-2.323897646261083,-1.8532259243100238,3.5910975612332914,4.4512621632516529,1.8812759192320196,-2.0744111452608438,0.14014926849989692,negative,2
20101072,-6.4165583816506064,1.2129739253165439,1.1364861686254002,-1.1313406749301513,1.1577980812629358,-0.72740809630038028,-1.3010345865630237,-0.67003539659710365,negative,1
19991088,2.8811846981614422,1.6721804608399589,1.4450944446637812,-1.8458809964694525,0.81529400704940402,0.081329267010934111,0.20169907310890392,-1.1040749476430267,negative,4
19891063,-1.2940384448180475,0.068291860153392503,1.3266068260824375,-3.0228743171252264,-0.1213080058340491,-0.34483737124100533,1.6905927515990054,1.1655222813628829,negative,4
20010634,5.9184366456999893,1.7587267050068598,-5.2508774412626797,1.8509540989523852,4.5487435892233341,3.4658789630920732,1.0999529459242081,0.3959635608693543,negative,3
20120383,3.202214770085881,-8.6994182053912237,5.9326348938530753,3.8045939137239029,-3.1958850897371294,1.8267680927568986,0.69722514539617608,1.9707803864116318,negative,2
19870284,0.18017889701544751,2.218695701847627,1.4716780273032803,-2.1924089213538629,-0.058005173537582062,0.52242241023657821,-0.64661406222072126,-0.047856030182912346,negative,4
19860129,-0.1823757902286203,2.311105969743553,-2.9181395163312853,0.080455823893800252,-0.48580391417002744,0.69060847718603136,-0.43247436730355826,-1.2094931939817843,negative,3
19820758,0.80640986517307889,-5.8063913291328486,-0.78385809228869685,-1.1703285796834131,1.4603937427228908,-0.4105475463402592,-0.29061674809520521,0.18711990934062109,negative,2
20050761,-8.445811183421057,-0.050152524261404284,-1.893828566246017,-1.8432839078178851,-2.3985101156886945,2.3772000177334442,0.89241266905805583,0.64754177605451135,negative,1
20120853,2.3952925760711294,-0.8003499471867257,0.33618184175356386,-2.5017243744304984,0.50680956315242753,1.2015623931772905,-0.56778363225106265,-0.18112487558181967,negative,4
20060268,-6.2356000708548729,0.91215951854392019,0.96446438996599915,-1.1757392989182753,-0.61357661761358084,-0.17312525461378725,-1.4493242488006517,-1.0227787781613824,negative,1
20040516,-2.9419853189195941,-0.22919233408296455,-1.9138059498757767,1.4927018993926802,-1.0127758397259208,-2.4621423220922547,-1.048038447645824,3.8191175379916489,negative,1
19890362,1.1045666025966125,1.0386667007795047,-1.5225434756806495,-0.33374617333059431,-0.60727704555358708,0.12744495088838789,-0.64752000547282107,-1.2301373321693789,negative,3
19920696,-1.6765958650643755,-0.49708826604777173,-0.08868241621146461,-2.3456084794539858,-0.35365539044456074,-0.068178794729815306,-0.35758562286993756,0.29796047071711346,negative,4
20050611,-3.7387642841570714,2.242069675231646,-3.8422198131387035,1.1939339491261303,1.6922941459795533,0.80428465110809744,0.78043431733613344,-0.8920383414399552,negative,3
19980071,-7.0600404269233463,0.34935401266611404,1.0181340543937858,-1.0777853652911604,-0.65687545657469848,0.85358658322411551,0.60262750184975344,0.50140949789996125,negative,1
20050644,1.7327879122629748,-4.7818143491695633,-0.99059918946216474,-0.15149849134035592,-2.2057035838745125,-0.9417045871535612,1.0655934910116469,-0.46996779067829547,negative,2
19931091,28.696540878867591,3.4521228425684924,2.3647610674470991,-5.9020226308531676,-2.9606282864122742,0.70013681054676336,0.22433851300099292,2.5680601330408654,negative,4
20120582,-0.77463031817355654,0.17990278850817051,-9.0446574898768208,2.6173875891525196,2.1530004809218695,-0.45579262469225845,3.5355822638160634,-1.0455393657713534,negative,3
20180365,-1.5607078154537137,-6.9132434862959222,11.957833499661049,4.4639536375684754,-4.1985513510471995,-2.1638281064813367,0.82299737851325339,3.3413281291990362,negative,2
20209245,4.6910959605647493,-0.18402777552742311,-1.456334005296813,-2.9803380451542889,0.26966386592232694,-1.4231395128828628,-0.57590384177953791,0.31556049599840197,negative,4
19900032,-3.5532963085279743,-1.8085447640720484,0.86450633142797628,-2.2647744050572833,-2.4649578383855104,-0.5715753044246723,0.24291079942817959,-0.55773793864941545,negative,1
19860782,7.8875674524154213,-3.4348994996640134,-3.3833918864530208,1.573602955008176,2.0298085427243171,-1.034274654078452,-0.40546736445221609,-0.24311792117724423,negative,2
19890818,1.3947472869321829,-4.6291468776102942,-6.3251490746294987,1.2348316227408798,0.85972508058027708,1.19997732087836,0.81213452078784609,-0.089582296997865948,negative,3
20001116,-9.7144145885797748,1.6695547012236536,0.97432335146590365,-0.84475968805017698,-0.4897633043520524,-0.17145142968163168,0.23273331237698283,-0.36751046864465975,negative,1
20181141,1.684129446394558,1.1780254165423878,-3.605991934362359,-1.3973931389375016,-0.30303255506776328,0.26606670006405103,1.2190333266171152,0.11336144362458751,negative,3
19950235,-15.440541460661448,3.5881538204972796,1.4440157244745253,1.6061018160510856,1.3128204242496855,-0.30688963072167691,2.7863175085837502,0.23112321477263689,negative,1
19900716,5.4613063253382759,1.1181615814910011,-6.3009738460156326,2.8915786828281416,-1.5755876644111866,-2.1038393550343093,0.46535468497322291,-1.3635308782002025,negative,3
20190746,-8.1949970785397976,0.8604176663709997,4.2576585203267205,1.6242589078582346,-1.3812039229440447,-0.73498835080817482,2.2339350490389762,2.3051433997200199,negative,1
19810450,7.8878185132549223,-4.5093079374865912,-0.17312821983665402,0.43578903386825918,-1.1680110841705136,-0.51659625140230336,-0.43504394795602058,0.18497820170838614,negative,2
20061169,-2.2746596346728456,4.2242265352358981,-5.7708297879261954,3.1164754486876736,2.686957561804328,-2.002365965023118,-0.8571403545606,-0.25985531738765133,negative,3
19991025,8.0222988308177889,-5.8619662364464578,-2.5420523321138782,1.339927064524949,3.1525075974693113,-0.91276495344122555,-0.50142675346779431,3.0200622505368502,negative,2
19920090,-7.9211975214617745,-1.4043039799302495,-1.3934623906476407,1.5165162004168231,-0.63638973822882838,1.3345686549157882,1.7749891571026664,-0.66959931867026579,negative,1
19820084,2.2031004076059997,1.2411914254117007,-1.1453726149184713,-2.4067272996767768,1.5775341732712855,-0.99456324423455611,-1.2559222029548325,0.72823773439734696,negative,4
19980622,3.7825971367252214,-8.7308315940414261,-8.6601964724311422,3.09190994742637,-0.374490234586565,1.4111631473158937,-0.38768666370108734,0.47599334506614704,negative,2
19940010,-8.4515232716708635,-1.1488742539307428,1.7017006272209032,-0.79442057692587309,-0.73800516257340643,0.64250217525202347,0.57527023994690341,-0.60555036020880604,negative,1
20190664,8.3186718255036318,-6.3093174744519755,0.17014632087597673,2.9694215938782298,-3.7523611151173673,-4.0302010560912898,-2.8097809642252276,1.5328491330869931,negative,2
20060940,-5.3072290988879693,-4.5037676110463503,4.3507416013594398,0.20150098880787312,-1.9345967646049025,-0.69434033409468587,-0.061087607657100106,1.1139438118314966,negative,1
19810979,-7.2207268293218823,2.8094716726982605,3.0823667867263125,2.3476092778735791,-0.55205361149808552,-2.0198235012855377,-0.43977163407681424,0.63025366399836913,negative,1
20081022,-9.0030846695064213,-0.71880397676726526,-7.2261885609903382,1.6840198070980008,3.1144351327408053,-1.4389104085555797,0.83675891785646128,1.572849751166395,negative,1
19980106,-1.4821779288707349,0.54882986358285268,-0.52033689648980863,-2.1057748378981191,0.28571206124377091,0.16107902295254062,-1.6184682326537407,-0.23468257752708624,negative,4
20000210,-1.0647521988719502,-4.0314675185073936,-2.8866813862593448,-1.6119762215959237,-0.76614475657881154,-0.655316190018289,-0.8311443304428312,1.1551334624833689,negative,2
20010117,4.5393072979645304,8.7942082099950838,-8.8509975197687787,-0.96126152493534778,-3.4941606030313288,-6.1615316454899167,5.7932125746871286,0.93972855392321786,negative,3
20040895,8.989186931700738,-5.6711753469000454,0.23034422855455294,-0.61626807330295952,0.21510135978521794,-1.8727452445824653,1.4257165499942461,0.96033364837484936,negative,2
20070168,-8.5495925099975754,1.623816605528337,1.8031656992479075,-0.53975707889263214,0.44782472224796266,-0.11737227394808768,0.73232899424976805,-0.20778238979181982,negative,1
19850472,11.002590956878196,-0.97785090208991743,6.9614706255105316,-2.3896235754979136,6.9149176720609651,-2.0864812388957796,1.4681047002453138,-2.1430778964958446,negative,4
19850879,-6.0830634034608604,-2.0363889664809345,-0.27099828785297708,-1.3318063138716802,-1.2886700558017798,-2.904681505339338,1.120558938781435,-0.13025923888452856,negative,1
19980863,-2.0202141958142548,0.69820805437763578,-0.27396298741163683,-1.002634298395396,0.066465402536085322,-0.21698196637181766,-1.3480349493734165,0.18200017805563831,negative,1
19930122,-0.86465134027905444,0.67048475731774249,0.38304107896922152,-3.1414120182247975,3.3888216189573104,-1.5131918263868929,-1.0871389508933476,-0.002854935996674194,negative,4
19990790,4.8448379375492223,-1.9414367396571413,-4.6193913440460532,0.14910534990766364,0.87957430560386629,0.68154585951972357,-0.27274493806738703,0.88475466922469292,negative,3
20160715,-4.7292200328549345,-1.2064353529118106,1.3114485685470469,-2.6741091325538857,1.7527652641428066,0.33700504271184561,1.2545656211506317,-0.016444634962030993,negative,1
20051079,19.260812409036973,5.051504988595096,-6.276088627648984,2.9311056880926776,-2.4654030705037724,-0.48979451490873505,2.0250135420966626,-2.3591551690815402,negative,3
19930606,-7.7740811018911673,-2.5272924062370605,2.8152067655312725,1.8584793680569511,0.40159912895720523,1.5501317344479473,-0.30349095130573772,1.8755228405709381,negative,1
20031053,1.7409835837402836,-6.777497921349882,0.56745404047470516,0.060946630601666101,-1.2460481222701623,0.12913731902875877,0.53973639997348566,1.285101750669571,negative,2
19920489,-5.9512427550297691,0.083090770718615981,-2.6031313854173144,-0.44665883603739692,0.60743843313228152,-1.5004170604616913,-0.72969167839886051,-1.3028083116287166,negative,1
19960207,1.0815997950733336,-1.0724453205292646,-4.1316077904569495,-0.99598205783002658,-2.0710078643731427,1.2394444140128063,0.61645000204558587,-1.7693923975273578,negative,3
20050850,4.7473737307035124,-2.7159432966462949,-0.17465366350292999,3.8767870294124975,-0.55293712025577479,-1.7568365176252962,-1.8272661998135566,1.0794498827273844,negative,2
20110294,-5.3148722508780271,3.6229432779321744,3.469479473815452,0.064931809565561716,1.6583839717299196,-2.3038752783377205,0.29272032057487934,0.16187756591544772,negative,1
19970100,1.4956826602448365,-0.035936113814474223,-3.3854370339222157,-1.9032780079099754,-2.6571725158210957,1.7077173600545439,1.4847233310488834,-1.9588953462391721,negative,3
20000178,-5.9468668328081558,-0.78732645589128436,-0.27087005877482079,-2.2322209224074929,-1.5499046415072586,0.053211426133958566,-0.12014666361755917,-0.87812072284111964,negative,1
19841148,0.48526776890846723,-2.7586685423200001,-5.938770623390913,0.014948328043636284,-2.2190262831118259,-2.1524232142025985,3.9239460233964114,-1.8279120508766529,negative,3
20060152,-5.8164305969579422,1.2320992087176015,-3.5071838095970391,5.0470910973019691,-0.43712032140696921,-0.011158458996960741,0.424242066305139,-2.5532160687677861,negative,1
20090269,-7.1761056074105039,2.3419226650609253,0.29186584421138206,2.2919242433959104,-0.33971114383548662,1.324850712287067,0.31722439989972551,-0.58252684370281294,negative,1
20090946,-0.48860793545825021,0.28818795344589349,-4.848738891319301,1.5809391154602415,-0.22730722468753514,1.3737307860797685,0.64458098009634024,-2.3269717532795009,negative,3
20120013,-5.5188542570729924,0.11507276087502909,1.4666389136191507,-1.9249311485205447,0.99882498682884513,-0.59514257055717779,-0.85059223922763483,-1.1939160979848409,negative,1
20071071,-7.6438129086825493,2.3039759620033671,1.3236125472851517,-0.32106758031611676,-0.63480205463879857,0.93021159948372356,1.9468526522291205,0.83531333997762469,negative,1
20190559,-5.4587313136634181,-3.3823777771956256,3.5686520716000238,0.77368967393662336,-1.0960135462413116,1.5427039828365678,1.1854230729398856,1.0882479683018551,negative,1
19900902,-8.9176235225368323,2.6202846402496909,1.9152662359009887,2.1886509441326285,0.091505593517252973,-2.0709982559465119,1.4382814470314118,-0.070741247968746424,negative,1
20010481,-2.1564913531321817,-0.099258467280698232,-3.7575671829784341,1.8253106166602913,0.83010820735395219,-0.19093416615426484,-0.40847936282187303,-1.7311079207589417,negative,3
20120163,-1.4614576668475319,-4.8535675065586226,1.1971321786450917,-0.62629792186016842,-1.2109410935344547,1.5046842141503207,-0.2337741117118998,-0.15273995552301714,negative,2
19840249,-1.2286005079319717,1.8538589579663052,1.8961326968748728,-2.9997954513170972,1.7134515600625329,-1.6255653820135176,1.7289857400887492,-0.71689278342015161,negative,4
20200075,-3.5973342359278719,-4.1846728420814943,-0.92896859412648125,3.1718606665504079,-1.6161919077252618,-0.32927664017410468,0.33752002562185052,1.6647467767230604,negative,2
20130540,5.2787930221854333,1.9332993809607462,-5.4088727448516831,-1.3218168253601157,-3.8783195760884048,0.68884999649496714,1.4860896782736557,1.5003193622216775,negative,3
20060088,-4.3914921902762822,-0.50965759700634305,0.44566450353142006,-2.5887553598130419,-1.0671710831676642,1.2809862171855835,-0.20430162880266947,-0.81366521585994189,negative,1
20010287,-1.0921442404177568,-0.44300847711982311,0.51547706163990759,-2.8345030355430936,-1.6541332692914368,1.6263228259032954,-0.42178861263610345,-0.57431943198211488,negative,4
19920424,3.3152242774741216,0.72522011569944733,-6.3490851765061587,0.00014797952992869165,-1.9600758797813054,-1.2558346690565585,1.9716460321757381,-0.21706643479360671,negative,3
20151148,-3.2352178754182455,1.3197765226606351,0.95475651369648695,-0.13344125709174809,-2.7137654469140218,-1.1291946261135009,0.47982958563138389,2.4731922433092226,negative,1
19870113,-6.0886698686597214,0.2827414937596322,0.51096592854763245,-1.8967248371942858,-0.44174887000855334,-0.060336052600305522,-1.6761999406524757,-0.52127207276252341,negative,1
20031189,4.9333491861425953,-2.7619754993652759,-4.840170461879346,0.090416528382767911,1.7490633322555325,-1.6025781647572699,0.55360907225041356,0.9691748808225733,negative,3
20080169,-5.5533846656955008,-5.1029419685184525,3.8313295356266015,2.9866532873351024,-0.35650617298275089,3.0010052505762341,-0.078843933317127482,1.7020148562931297,negative,1
19930007,-7.4303869946748744,-1.1241934441231636,2.3601803574079816,-1.1615880146716817,-0.94773153832912094,-0.24285411792857478,-0.42403800416649046,-0.19283983821217984,negative,1
19830046,-6.2604469758820223,-2.6014958498398388,3.6414892065551938,-2.6462550261087188,-3.5182090411160436,-1.9555552565183123,0.22859199662203902,0.30448355830064805,negative,1
19930052,-12.37439039376083,1.8912694278524382,-0.58847394144088616,-0.49669789025664107,1.6632914759842554,-0.60205369682552778,0.83875599296879921,1.8971333748872736,negative,1
19970623,-1.5898466995087055,2.0075705252221221,0.4686387742812001,-2.271284108595871,0.39986412976704311,0.79438089862001482,-0.6149744196631497,0.60543319242747073,negative,4
20170969,-3.7176845809732875,-4.6619239043892211,-0.12665637366495852,1.8098654078634575,-1.0774604541668216,-1.0105834373773874,-0.33538481390535063,2.3992379199351443,negative,2
20160630,4.6458456096912579,-0.92982915135227628,-3.8285271724920622,2.2318527599511837,2.0022002537513619,-0.77989137709441425,1.3187259963000437,-0.1375541304608659,negative,3
19940380,3.9761583303692474,-4.1137682213969065,6.9826112505669942,3.5293142265603392,0.6469174814770462,2.6111563221981591,0.63550503966848571,1.8348862099337884,negative,2
20190725,-1.5045702005707071,-5.3718829468670819,1.301026902314429,1.5100068681477987,-1.055262943450562,-1.1972989057980141,-0.096624874122318863,1.6579446228997141,negative,2
20160840,-5.9111435216796764,0.55784537628322617,3.0555098980676054,1.1341744261773705,0.29242778230080302,-0.39687789421976594,-1.4995362541381951,0.17109120584074913,negative,1
20130197,-3.4944482411724209,-0.40284972196654928,-0.27523243877845099,-1.3709704712163691,-1.0489324514234044,0.82129581541444807,-0.30032527595762931,-1.1208033838873239,negative,1
20101161,-7.6052364930487348,6.3529669858192364,-3.0260754384228159,3.4309077149674785,1.1280068267109744,-0.23476381496638679,0.32135747889818989,-0.0058089049900459768,negative,1
20090040,-7.221701035797139,1.2452575830899024,-1.1916363604303912,-1.8130129939688955,-0.44492072112480935,-0.54045842134391719,-0.36575717115223755,0.18760642905109204,negative,1
20020954,-5.9693056339646127,-0.28137549406292151,0.75316680576938799,-0.4452808171986769,-0.79138374680117785,-2.0778213621465138,-0.39954535629222876,0.14894908771508863,negative,1
20205822,-5.9214069658633122,2.0569985503165364,-1.5271957672605332,2.0369225049794246,0.72857509612156934,-2.099538823556284,0.25436144267415045,0.54294696700524625,negative,1
20150699,14.969509642843782,-1.531671539021064,-6.2932375650524648,2.4514906137813655,2.8711785099622733,0.12986056331855633,-0.092268136832683104,1.6805136854749283,negative,3
20110017,-6.5417520527477295,0.12014723320945664,-0.23694547874756919,-2.4556202139590604,-0.89992088367929701,0.56388432873738925,-0.46193394998357845,-1.1718215865040815,negative,1
20010174,-8.3946582316666394,-0.71249667671613259,-1.3235831051352038,0.15946987933453757,-0.07090470484696744,0.58105325489515114,0.91051068060857021,-0.59223033734043173,negative,1
19990237,0.93263004474100464,3.5285328816733932,-2.218776010395457,0.95659201297305541,-0.76641422436864892,0.75667107255087152,-1.3075416028570006,-0.44005064473846262,negative,3
19930485,13.210421300176492,1.4970658713678031,10.794917942451347,-3.5644420761976319,1.2635251454239143,1.7120348592819488,0.91074222835796292,-3.2922955745363351,negative,4
19840098,8.8761845980220446,-0.2210295330896605,-0.13730947179097347,-3.5825661962762512,2.8209589000168127,-2.5118146726436539,0.66729559691163121,-0.2683321362617539,negative,4
20070685,-3.9807759266550264,-0.34691336410054735,1.2991186672449995,-1.8175606753285898,-0.72720723734426662,-2.2969742982882182,1.6371833990289548,-0.23198789718518625,negative,1
20100543,14.204258090827194,-5.2583870520261202,6.402819374967474,2.9687778802335605,1.0613153139136673,-0.75780638501685005,-0.26589393698999897,3.2988845062672203,negative,2
19970585,-9.5672358319212485,-1.3564491357073345,4.6127652438053079,0.61558882682744509,0.68190489180187397,0.50030744222891144,2.2757914030207536,1.3819622563805281,negative,1
20060853,-1.0146664597123973,-5.6471126714829003,-2.1961071922319477,1.5354298276094016,-1.1475664209806045,0.2842502131914133,0.50655051546301855,-0.0030994489313526277,negative,2
19900772,-7.5203162960965377,-0.80464783913177618,1.8598611265408029,-0.35733480600122219,-0.40930779266342143,-0.17401208834166917,0.45492901361951199,0.21665263073073812,negative,1
19800733,-4.8550145075770113,1.4627187435454501,-4.1986892658072295,0.56331377515771164,0.94068194647388426,-1.4634879538506091,-0.81409542722107975,-0.54271805570718656,negative,1
19811161,-1.2515194747752763,-1.4526184477155915,2.0083233124429927,-3.4654961593219524,5.1067210285889342,-1.4397844469513639,2.8949616751791161,0.10343293163726246,negative,4
20090736,-7.0372583532474042,1.6998195085421599,-1.5292116556981021,0.23540875446510792,-0.6896806919959837,1.6371941772596337,0.81257725808376757,0.013908369653563816,negative,1
19811134,-2.7329478984719571,1.8766725744712114,-0.23858172458434901,-1.4905503660000647,0.52282157211831515,0.15342499857807546,-2.4493237036181217,-0.39305025152962153,negative,1
20020906,-3.4021677724842134,0.19081133931857266,-3.1938504521303459,-0.13995984792795535,1.2628484213382336,-0.15974165530652723,-0.1441821129622243,0.011091078007589,negative,1
20070084,-0.17307682746009118,0.6820839686284067,-0.43035360623842611,-3.0179316989643206,-0.30648243167022249,0.26678182258764727,-0.28425039205109554,0.11467253485948897,negative,4
20160368,-9.4645920691786873,-2.0372990152765476,3.8014925600406291,-0.24321403416108106,-0.35967312576852212,1.0742073753370973,1.0234056549561512,0.76300024243554654,negative,1
20010051,0.98810133570083047,-3.2556262689767088,-1.1622544457852779,1.2158410001025981,-2.0572625526058932,-1.5239279308731575,-0.46887375509057344,0.67503285706415084,negative,2
20110010,-8.4121322298614043,0.89214445681371457,0.099685277364979286,-0.78422583215194874,-0.087530619943582993,0.53968298934408809,0.10706455673789504,-0.19047674552986515,negative,1
20180276,-6.9371514318250478,2.4706271477964483,-0.69546328127135315,0.75386087725453588,-0.09114172417416791,-1.946319819437123,-1.0703548559388461,-1.4407009153648034,negative,1
20020824,-7.3007835327369346,-2.8561411162992298,-0.95820798571566568,-1.1177587848645207,1.3350954768706258,2.2818620341209392,1.2321816156701149,1.4015412591632355,negative,1
20120830,-11.374392549459591,1.0338322039556096,3.9311711551070267,2.5675148145890412,0.069411406899261036,-0.59304356391234725,1.6378727719619883,1.6056947045215748,negative,1
20190171,-3.2394121285913466,0.8084267891437773,3.2639619520221865,4.3065788769937496,-0.41275288634460705,-2.3522311711960557,-1.216002496468034,-0.11973764858931746,negative,1
19940750,-12.086563555116314,-0.97010100626533335,2.1969722111899093,-0.42457431785052213,2.3566541726425543,-1.9566441497265332,2.1770770771686689,1.1241248288884811,negative,1
19830837,9.6777415599302206,-0.22547897745397322,3.5228285454111292,-1.7969331885942188,2.6622319990872518,-0.63393753834319588,-0.84755640342914973,-1.231723464621254,negative,4
19880123,-7.1462849494119647,-0.025613012367669125,1.38841695637294,-2.3404278540244698,0.086699460641287987,-0.22676783989677202,-0.67169188774786037,-0.86000479589074552,negative,1
20010126,0.4882860454416113,-0.40198969758798064,-2.4558947003799969,1.2954751649795564,-0.5047530795351105,-0.55424385794574738,0.27188938150638903,-1.5445964332037445,negative,3
20070682,-3.3092742667311481,-5.1796045137435094,0.8012828186506884,1.1046377619583339,-1.1626298891940436,1.4333085646509072,-0.37372549581253611,0.50168889097617353,negative,2
20130018,-2.173337953638196,-0.58434945193314847,0.43725749582207379,-2.5051884439220169,-1.7537269181513968,0.53638431546868548,-0.055501417704358111,-1.0302820603414284,negative,4
20090614,3.9867945089502057,2.9347856139735651,-2.481395472164309,-0.096988365694751708,-1.0520477243721766,0.089577677991714913,0.27111886621641273,-1.4181680792835321,negative,3
20181052,11.716440841959599,-0.45396668813655983,-0.34271495361542698,-4.2482693088743195,-1.4992738936895664,-2.3344672484479494,0.70692764444847778,1.4614591583049945,negative,4
20150098,-5.2838294755351667,-0.57548274003764821,-9.9312486013193926,1.8706523766611725,1.3318953386624313,0.80912690053678982,1.8135991533194833,-1.5842217419032674,negative,3
20180096,-4.4961297201244692,2.1624002051406994,2.9920750042883597,-2.8504094855247768,-1.2698179989805995,-1.2122331519760989,1.1311474244208031,0.51457319084962372,negative,1
19970046,-3.8334699382358752,-2.4969673624800377,3.4896248194889363,1.4812118035615138,-1.7824382262372851,-1.1226003216200779,-2.4577774203640685,0.30274590321784867,negative,1
19820985,-3.354328771778591,-2.4529908478802493,3.7522953355037889,-0.24307673820896866,-3.0484641056610489,-1.1108777942241757,1.2570647702433591,-0.017792700716624244,negative,1
20030213,-7.4435356703879219,-0.27214158172074276,-0.46378856308539584,-0.15257671002432696,0.0022676570359611735,0.89795065858064937,-1.1790463974033241,0.013597971326855493,negative,1
20030246,-1.4621506208803421,0.2321154770681769,0.55484069491571053,-2.2371259190052633,-0.0095214591774661437,-0.47798800839022559,0.18958504067341944,-1.0862797154529287,negative,4
20171189,-3.8424921373467003,5.7310164772326226,0.75649050893546732,3.5469746289815269,0.40271519584364546,-0.38194982774929376,-1.0844631994666942,-2.2749038096244316,negative,1
20171176,4.2741504073916721,3.2922725866759808,-3.6331164323654419,0.87261349105854669,0.05891191709462322,-2.3942713182920774,1.9208826900240987,-1.0081626025908212,negative,3
20020141,-3.72548146780936,-0.94583008762736154,2.0833212500216227,-2.2128217941256669,-2.2127242033067427,0.046019517183363418,-0.46311271580950514,-0.38753367870021366,negative,1
19980852,-3.4482568818097845,-2.9157658084467877,1.1687562243204754,-1.2858575733142941,1.87858209004621,-1.8794058154315976,1.0442198123264057,0.45058621843102303,negative,1
19930146,-4.6492208264496595,0.20930381334795753,1.301417599672176,-2.1933783155419504,-0.70714703209446506,-0.17433385202668067,-0.78186191935374527,-0.96347484966782082,negative,1
19881118,-4.7863323044367521,-0.54249647811184043,-3.0280383281567906,-0.98087649030670621,-1.7078097436633115,0.00024073042185475459,0.68731573826676551,-1.3024547053455511,negative,1
19980459,-2.8539848696181727,-3.5558587263554573,2.4939244087939763,3.8074785899185364,3.7080670476773787,1.2199848437403598,1.0046542903278901,0.63405805196056719,negative,2
20050239,0.8711723989338358,0.61950079262620561,0.98068883749358626,-2.161048261447966,-0.57440140365387315,0.77259993004856109,-0.67095097316884345,-0.87833100035750944,negative,4
20170554,-2.932789087111523,-12.990263083220624,0.9486936004928892,0.14199942964831419,0.94763321638951703,6.1256461166774443,1.9154834982093627,3.0462270192131942,negative,2
19901038,12.397681847349107,-4.3809276613389878,-2.1405657918583136,-1.557245688236242,-0.12609203349462919,1.7412953584578499,0.011059272969465985,1.1204368365470523,negative,2
20180690,-10.138607907284504,1.5260063926002614,2.2188913044318532,-0.40927848350257739,0.33585871814120422,-0.55258063818483738,0.044557028989324225,-0.078947957773170041,negative,1
20010934,5.6807939873543054,-3.8854597904868364,-3.3394937119505026,1.8102210948726942,-0.840101856907575,-0.39790116002960402,-0.97895141997896062,0.63885859165277747,negative,2
19880964,16.845058376337658,1.5010241513421323,-2.1722415468250476,-2.9323184598731431,0.30880684112529433,1.9891373698222079,2.2456916734974262,-0.11547688440292711,negative,4
19940899,9.1118276477576199,-8.673171121974665,-1.2317744941710866,3.3885384294598886,1.2717458963983521,-0.42812509116553538,1.0887101713076315,1.4774534287979677,negative,2
20030415,3.6481248603718881,-4.4220410492244602,-2.555930510570104,0.54476269756356133,-1.3745706739503447,0.68165390252846281,-0.044543662325778478,-0.18124312708829507,negative,2
20031140,-5.1701849642036066,-0.32487220228248692,-2.8188725386510414,1.4126955650270947,1.2996966765750235,-0.73938933328360723,0.11666602605876368,-1.1056111312782773,negative,1
19830754,-7.9362835667949261,-0.13152586401478222,2.957218172146268,0.13439136293382178,-1.6695390960921175,-1.2891433966710821,-0.16156063154628669,0.65549013744670925,negative,1
19990158,-7.4196085630318764,0.83606280228258345,4.4700515233060321,4.4842989630942514,-0.44575398888879264,-0.25547822061129516,-0.72520306934330625,-0.164928544045679,negative,1
19790656,-8.9972871320047663,3.3328731273596328,1.5777611126404278,-1.5440931752149807,0.44919071672883548,-0.57913017017588386,2.5888554034431581,3.1788455091846566,negative,1
20100108,-16.502550993215753,-4.9218389774465248,-2.9023957302122225,-0.43366685996463011,7.3232685487394322,-5.4182542478370692,1.7048949764106307,1.0919335296679007,negative,1
19910094,-5.718858450502462,-1.3446979192405428,1.1322327188393508,-2.3090979617907976,-1.3258880207133323,0.71582308663581684,-0.36940420939556362,-0.61195505555282204,negative,1
19940943,3.1134760801363983,-4.7297868901543749,-4.4615828847322829,1.7002120714549234,0.5009361568469578,-1.5713033712833282,1.5877299191771903,-0.43939892274958792,negative,2
20000093,-2.3515968517840236,0.14857974157621903,1.2502219756102162,-2.3317555422872105,0.14762261627695758,0.20882853549234212,-0.35810492051265619,-0.14018142494096641,negative,1
19821089,-7.1697515940377707,0.039764783375876224,0.43088253611021149,-2.3097421427314413,-1.1450366729909001,0.56699229887899094,-0.66280663187814115,-1.0372656235832465,negative,1
19790726,0.40686112814451636,0.36809857699664977,0.94323630207737219,-3.3857033570852795,-0.52210377829786581,0.39482517380751153,-0.15753329619524908,0.38042017422313834,negative,4
19820928,-12.81311482301459,1.4517593015112042,0.016681993295301751,1.7960701391039327,-0.51364871810413648,0.7257496971634988,3.697591332218165,1.2225572639247262,negative,1
19830671,-8.0164533398814992,1.2720321070660272,1.1682370663607267,-0.8955370426484256,-0.63038572746901789,0.047527969829271217,-0.26890528052446883,-0.46348429475821529,negative,1
20171171,-9.456142743212018,0.97847415837674523,-1.7355231537740614,0.96698790134160684,-0.24886784009939381,-1.0559535575978045,2.0239789470345411,-0.19591210644856832,negative,1
20171124,-7.3620768561388612,-0.53306083992110787,0.91359977339981557,-0.34980014788983549,0.47753413268409461,0.33907813308537699,-0.42820305110716883,-0.1947716649097456,negative,1
19900816,6.8139694085700642,-1.7527559321663415,-1.2064342019809087,-0.44833908520008292,-1.44366376465271,-0.080598683431441664,-1.3666669719666962,0.45772799747578941,negative,2
19820207,-3.8108311281622282,-4.3370176252708363,2.1184189128687323,0.78254727025927795,-1.0935409962080054,-1.4117578606984467,-1.4136535704550248,1.7756016495709466,negative,2
20010811,-3.7135186499207831,-0.52591736677039647,4.0097213482513254,-0.93585297562229242,-0.21007131459795,-3.1639195135155549,0.5731750474269045,0.052300211694088328,negative,1
19960896,-7.9922376810005833,1.6993389760989561,0.94512809289256527,-1.3722052927538173,-0.60763711837085632,0.24815895442388558,0.06539836788564575,0.40587018746217984,negative,1
19890718,-6.8025603850362621,0.021246475701489756,-0.35361499861181878,-0.44444344587082846,0.90230938180454334,-2.5588446205091264,-0.088018703581724478,1.1397651660368395,negative,1
19961137,-4.2709507947600782,0.89190980153905741,-0.10318091276597717,-2.1968786573115038,-1.2005234123476507,-0.22138478102122283,-0.6156173618514007,-0.68952063616376424,negative,1
20160601,8.4692120257628982,-2.9829919892513903,-5.1337766983792328,0.87000254149644329,0.90702325573756026,0.51342959921915332,-0.50038812184864323,0.42828414195704378,negative,3
19980977,2.1632494464223213,-3.565948728078737,-1.8817439737625203,4.9483117692941478,0.55609872659921811,-1.0478048225721315,-2.4700233504415388,0.68598868517502176,negative,2
19961015,-0.074075436696265276,0.66604154965393714,-0.84088280608776944,-2.3664640383745761,-0.080866277752422472,0.4352038135900273,-0.2403078745090611,-0.2648050347834679,negative,4
19830088,8.6746457247446411,1.4623108097676962,0.035946815133856037,-2.9659525518923657,0.82467795924331477,0.44413976367354696,-0.79524636432952345,0.64566898560412866,negative,4
20020740,-9.9910981339342779,-2.435205805950948,5.4229955365922109,0.0023225663284947443,-0.74078816884600551,-2.5671816889299581,0.65586027207299358,1.6249083892347529,negative,1
20080158,-4.3320703995238228,0.51519870775541798,1.131649251983653,-2.518479212990588,-0.90646698285619187,-0.31961179653822092,-0.41248696212412689,-0.19610163119590371,negative,1
20170288,1.0312744891550356,-3.6475990567116336,-6.0709097259055635,1.5265212724660038,-1.6602053414614175,-0.047605859771208986,1.0754973041219131,-0.087302643059848195,negative,3
19820401,-4.3595390120846611,1.9544406413749018,-3.6965373816529294,-1.1219224545722177,-0.81812872140193904,-1.7612418335665543,1.8632631653073966,-0.39736804516834018,negative,1
20050438,-1.5129747298552798,-1.0432178358859974,0.56027146862814203,0.67431806228049784,-1.1725204889740286,0.38200919065336825,0.80933960464620436,-1.3738534579763377,negative,1
19921140,-2.5780320438231867,2.2969696175841654,1.428292274476463,-1.3274320127171515,-2.310072594090137,2.0509981371097008,4.2402989819444672,-1.0122737145199863,negative,1
20150827,17.763230678992333,-4.1728657820305903,-6.9503631970814821,0.22105040808591023,1.1108208268474442,-0.17886288001978942,3.2008529266668724,-0.63736818737499801,negative,3
19870188,17.008689163623306,1.3982384624017559,14.545293504632697,-6.0776328331828786,8.7493314309277963,-2.2321463881830543,6.7583685559218489,-3.8088686540580361,negative,4
19940034,3.5193583846815586,-2.2913906832191637,1.7510169070532402,1.6450343995023131,-0.039582008307217309,1.6118410225724038,-1.7221888605695241,0.19693000011217318,negative,2
19950399,-8.4134618822370726,3.3370542134424701,0.50425180928259028,1.4303323441593976,0.89976439647126261,0.73783450837908704,-0.39910259032614942,0.15908068525720914,negative,1
19811003,0.22499974447206994,-3.562333801226544,0.048899346457059435,-0.5453466692184139,-1.2779664219326652,0.8353349620831978,0.16460812785835341,0.099160787449724605,negative,2
19891040,-8.006983784996633,2.7265919082362173,1.8328321552192293,1.0229009398977698,-0.18069503247531638,-0.79941752312839343,-0.24803938071742723,0.13781896093851545,negative,1
20010617,5.8976283726842968,-5.9670215244739202,-7.3846438590083201,2.3930439786839255,0.49684142247228635,-0.99033410677238221,1.0331697932781509,1.981046921808296,negative,3
20150027,-7.7666124792536895,-1.4334818391451851,0.073986137251090267,-0.17230343084630437,-0.082727639502287953,1.249638701478736,-0.19391595616924925,-0.74241300918804842,negative,1
20050033,-4.9520169945434054,0.02020961236546804,3.3030988730982158,-2.9365000424399921,-0.82396782430266702,-1.5473038310493847,0.39001052058653257,-0.3589380035606739,negative,1
19980606,-4.9370323012034047,3.0916140715673999,-1.0320397879553906,3.088763030466076,1.014638597715197,-1.3200171605428226,-0.32137811400334476,-1.5235475257903952,negative,1
20130783,-13.634089609007587,4.4772596880751383,2.129870637688378,3.9796303768456753,2.2476279447305139,-0.59849276514878513,1.7468154352100167,0.66319598943375824,negative,1
20130729,5.8517738565628736,-5.6315509703071589,6.439952070539074,2.2634547128775169,-3.814615608133872,-1.4738125714379828,0.59754990332695168,0.31233529600329574,negative,2
19830822,5.1109973054814875,-1.7613630130156381,-4.641853213615069,0.60105320874362933,0.23636271934061828,-1.2755282504018997,0.78470183152279671,0.15200089854134013,negative,3
19880163,-7.9364800448811854,1.0551691760487714,0.059125668523131197,-1.3217645037689487,-0.35298738469347296,0.20481515328494415,0.092615522543059159,-0.043655221755036763,negative,1
20050742,7.9253439716942875,-3.5004794643342572,-1.766343360663724,2.4039021275114547,-0.80445220957964181,1.5965204309211003,0.19049648454203638,0.10458094427876996,negative,2
19930468,-1.5278624945026409,-7.4136358563013127,-7.5111668172533346,4.0213962652703481,-0.87318753993897658,-3.5123948440436124,0.088261489958703088,-0.94261326023829228,negative,3
20141104,-6.036272089156884,0.3331279453715475,0.23986620631942257,0.86865894321221115,-0.4922628089809768,1.0499460457956131,-1.60271632985556,0.81318204494926971,negative,1
19830888,-2.2577718233317299,-1.2702211345653114,4.3555581195763287,0.93020948735299458,-2.2258853748038003,-1.7115398984309707,0.36484700144960547,0.77363492437228421,negative,1
20041145,-1.6705903690778352,0.52879471102710618,-0.19360759418140677,-1.9910381200911169,0.35100677295865929,0.25387884485458267,-1.436346185451657,0.78705173838432574,negative,4
19970391,-8.133506477564568,2.5796952847350902,-0.42229801944024925,0.28466394152669794,0.24081432938310005,0.28202102819066177,-0.34247085092459656,-0.37571771130381443,negative,1
20140987,6.8264042421843492,-8.26718823917723,-3.2974223006203798,1.2670875446114298,2.8757242342834166,-0.47117568234439983,0.72561763868609741,1.0727818601643022,negative,2
19790802,0.51629780544625881,-2.1144553363809448,-6.3834823250177228,0.4438475693496165,3.3931778827825982,-0.0043528501912292192,1.1180148854132856,0.051427872925846663,negative,3
20041098,3.2285914357091272,-7.8233060963746937,-3.0722738085338936,1.3942893092261612,-0.72828973956736109,2.6021216648120058,-1.2346953868465451,0.30513813915961496,negative,2
19950211,-3.2818237033043141,2.7864134707428141,-4.0018032055143609,0.35543329319158679,-1.0284894573894405,-0.22710776386188861,-0.10385561596322197,-0.25793988049213668,negative,3
19900798,13.221627032944998,-9.0116823093442928,1.8868379636922101,-2.0812799660875045,1.8865063029823428,-2.207737873443719,-2.8720651199159217,-1.4571102644615965,negative,2
19990828,-2.7050279306322116,-5.6757942101119223,0.60120891758964101,1.4529496999924583,-0.22966505432033824,1.7852270798572121,0.23963545051639132,0.53580040162962594,negative,2
19830285,-12.905237474067903,3.2931323663519776,1.3334374579162065,0.29049584700422088,1.3505698727475555,-0.51926446668333182,0.60928954322103701,1.6770401581865575,negative,1
20110774,22.061600575604093,5.1393535283066054,3.7378743807408248,-2.1386760044434894,0.30359840491139406,1.344096959909445,-1.0801137982221298,1.1832211592055233,negative,4
20160977,13.993484572691369,0.27578352840102277,4.4112630652206812,-3.5291376364480764,3.9565613557435531,-0.49569003231272341,-0.081845413384859178,-0.36527504458220117,negative,4
20180540,-7.1089710870831224,0.9860979804905331,0.28400901206570905,-0.57798084844689568,-0.61890053664099354,2.2559423435533361,-0.1109503827689601,-0.35261985649790467,negative,1
20160922,-8.990882138759293,1.8078512988711286,0.9394711888058549,1.3876391630082143,-0.081177257728230798,-0.34804471348232552,1.2716627690847448,-0.57435410358391026,negative,1
20170684,3.5975978962186348,-1.0498209274450088,-3.5163136934377457,-0.78131247006891325,1.2607243182281598,1.4459369318186563,-0.69899593170416574,-0.71011862495674183,negative,3
20150020,-3.5255998696545907,-4.0155150102264523,0.17772205231405597,-1.2796453863308581,-1.4596566360491872,0.8248004428383402,-0.53842045281431083,0.22209436153445578,negative,2
19920019,2.6672691207254458,3.8016227772991957,-3.5300043919082507,-0.067085365006065087,-0.76282721873935144,-2.5894762235107369,0.27480030539648559,-1.7095662112057022,negative,3
20120877,-5.1371637892442363,1.1478614584625517,-1.3942810064372653,-1.0749386487694104,-0.29630355058087543,0.18044659206306271,-1.8840855066492104,-0.33982550002107492,negative,1
20180231,-5.2961733567865013,1.0931973932202965,-0.34163139191490893,-1.6958496022875864,0.10759677226807467,-0.14567327528529408,-2.3224757284180146,1.0305968095465068,negative,1
19790972,-6.7842533795945767,1.9890302621426534,-0.93989489756079769,-1.2008252377988204,-0.53764569569555798,0.98083823531820513,-1.3893216724530772,0.35419662852637446,negative,1
20180346,-7.7132097888142876,0.8864182765357318,1.1520077362341816,-1.3942149099985139,-0.46590226532336404,0.020507946393414016,-0.62016964723299606,-0.31490502056977082,negative,1
19851026,-7.116017861328177,1.7846654947525555,-0.68331167808765259,-0.33178685757551885,-0.94562476411740037,0.82074777909143137,0.31461230044204491,0.56937707872024568,negative,1
19900044,-7.8413103252536809,-0.12936636131181306,1.8099419933478893,-1.5005025867858184,-0.68831043634428168,-0.51013968902067397,-0.41167762163902838,-0.31363678675995943,negative,1
19800050,-4.0668266164397009,-0.44248703801335526,2.0965195162732115,-2.9920187859470406,2.0018179410986816,-1.2170777683916723,-0.31153891929876953,-1.5430044824103366,negative,1
20180313,-6.8645747251424121,-1.6969973941436622,-3.999354191701439,-1.5342939827340438,0.018997834911673103,-2.1271978121372692,0.47033468915606258,-0.68851635132293809,negative,1
20170082,-1.2427398716641773,1.8881406595810477,-3.2837484156099399,0.9902997524750573,2.6920741612353081,-0.80585282417138115,-1.5981535716764326,0.08464875317654702,negative,3
20190014,-8.4000545845115031,1.2013868709110616,0.22314979362050508,3.3366812884165014,-0.21032590428648248,0.9126027157567389,0.091002059097362129,-0.093502505792738874,negative,1
20120955,4.846673336288263,3.0246532077087971,-4.9826203987937401,0.49675542898815533,4.0934075361401296,0.75729421322827695,-0.17440723422971624,-0.47672203672707386,negative,3
19840674,0.95479546643378455,-1.4683092140368332,-2.5223213960374355,-0.13553516258124715,-1.5727181142484412,-1.6709703408420307,2.4402018733794386,-0.50784407400581399,negative,3
20141021,-18.102839869229946,3.5187597623067255,2.0699950382077867,1.0069421291577436,2.2673849091272289,-2.3218542892737069,5.9357914403136771,1.9073409273911475,negative,1
19930518,9.956574496411795,-5.1953248744831484,-6.2622748158800405,2.2494141911460188,-1.076860559662157,-0.82137195314965405,0.11076069300377619,-1.0961108324528621,negative,3
20040560,-1.0049437691830521,-2.0893982279264334,-3.2958150846383245,0.51288422668306544,1.2620160545985735,-0.41152157274387208,-1.2854054102038994,0.23352901400676265,negative,3
20190765,-10.219881776662609,-2.8286210853951981,1.1670416173667146,0.59000632732591918,1.3961541753644895,-0.21962915712369896,2.0590180163167129,0.77398056506080093,negative,1
19810473,19.944116143186164,-2.8369709673815833,-1.9293108017537235,1.0618314748283115,-2.5270553543425684,1.7437808659198013,-0.20784973378508076,-0.80372059061879964,negative,2
20060841,0.37260604507003425,2.5515875432506281,-2.5864899067037075,-0.50735026055667332,1.0204524107883648,0.016580498887113073,-1.8441698946597771,3.9449984407136123,negative,3
19930269,-8.0559424489551219,1.6903984046826555,-1.0858207622206502,0.23903168888439311,1.064014844095911,1.1227831296824946,0.51996392741436837,-0.14426968003961579,negative,1
19990885,-7.1242787884108916,3.0446693930125184,-0.5712675699052554,1.3218022814860872,0.65092983583495445,1.0603635920939081,0.32686919897414074,-0.20452138384012775,negative,1
19830228,0.6990627502301735,1.002492613050562,-0.51834232037547667,-2.6250496307634648,-2.3431911993174475,0.6732404233369147,-0.8147526745656597,-0.87577078484224058,negative,4
19891130,5.3845409486127158,2.7711723013797664,0.11859797017762,-3.6199595280987236,-1.0075547942089831,0.84948953809377592,-0.62433370737445437,0.30459749561440735,negative,4
20100880,-2.5834764761678799,-3.0370736796304989,3.5105368967410628,-1.2399734668982174,-2.5036992300499947,-2.1025274143630566,-0.026132993270285763,0.43261993872618976,negative,2
20001160,3.6714496541092294,3.2204113743710452,-2.4659643731825414,0.8191515491804936,-0.058430612412861835,2.2933183750689747,-2.2263225246629177,-0.69259217958551722,negative,3
20101174,-5.5409121534961088,0.093764433336688852,1.668552790066993,-2.519937259543727,-1.2537219698745519,-0.53413520881518095,-0.51850740332536016,-0.4581521180745976,negative,1
20131146,-7.5085576000410548,2.2845215440194093,0.84756454670131876,0.25502377811115451,-0.41010542284965618,-1.7277680557613586,-1.1147367281469056,-1.0705222793525158,negative,1
20060600,-8.3232331416518139,-0.55831987083368539,1.7457991255969261,-2.2700104375613299,0.26664287670729719,-0.63704791305135344,0.98832680430643394,-0.16888791198176087,negative,1
20090591,-4.8682869300763683,-1.2739360441453469,0.51408658223876647,-0.96993368645189515,0.060226586656508485,0.87448207166158698,-1.2985673998218838,0.30584517629431163,negative,1
19930023,-10.263967181932989,-4.1650952477217809,-5.381366243849012,1.1343228882022784,5.5975349877773928,1.1539707031418547,-1.1123738380127053,0.94724786123111948,negative,1
19790135,6.8795425297047856,0.1431461528078708,0.54063742435512296,-2.2510457114511673,3.2263078081838947,0.3187107923602282,0.021813376298282047,-0.95447438227476078,negative,4
19830062,-2.7781975108569172,-0.38323730966064123,1.4318546318221508,-3.2321583556515319,-1.284957699147286,-0.95959583101724488,-0.82560258571837064,-0.94283572772323976,negative,4
19870646,6.0798282110445374,2.361963213061431,-9.2307678491836391,0.98614391288018199,2.2666230441497515,-2.8862334021391014,1.1787980375303142,1.3227336618908889,negative,3
20110932,10.986177610375991,2.2019311291479937,-2.3957334545331905,-2.2683592471520559,-0.55819215824219781,0.65742619557837734,0.027326983194844286,2.3925087879603986,negative,3
19880989,5.3638593732930104,-4.7444489193630393,-1.56783821060774,0.20258416848320396,-2.1861040288762208,-2.1755458488965269,-1.0461356369486543,0.13531302198275458,negative,2
20060722,-0.77505064050471895,-1.8913756542474924,-3.2646144615098187,4.264708317802719,0.50838770581552917,-1.0372758810031728,1.0483238916241839,-0.8786208752674679,negative,3
19980840,5.6952505254963643,-8.672498925838708,4.1448832091294161,4.8694635746491555,-2.3599182055759265,0.19892113743330669,0.59600765995141358,1.5439780397286056,negative,2
20131031,19.616144459389879,4.3643042364789801,4.5846265612866439,-3.0181969907469703,0.96490491670738554,-2.1722579864584075,0.92572535778080156,1.360438797810539,negative,4
20030570,-9.9314272706581672,1.3029888343768279,0.62744701674363001,0.035374386041976326,0.15209285023061309,-0.34887635485649632,0.76699757534733948,0.29404647165597136,negative,1
20170340,9.6219055490067618,-0.87953256151017412,-6.2675286408709994,-0.45487281817982095,-0.30345780896687252,-0.58328996266121769,-0.74556694654958178,-0.77255507160644854,negative,3
20070301,-3.8177037343557378,1.1916045425405399,-2.0846372882766726,-0.71819943028534738,-0.18378788992663161,1.8266366405441266,-1.8615604639666405,0.84627073581095225,negative,1
20000086,-8.1964722892515027,0.82532785666099118,3.3869213865671659,2.7954013863971841,-1.0469262781881341,-0.097971411782597481,-0.021336191728477508,-0.035271933471196053,negative,1
20205754,-2.3729553710005633,2.2708852289106969,-3.3191676000063675,0.25906313993740993,-0.12695230055278292,0.0080073176922797352,1.7736120112584921,-1.2888619672529684,negative,3
20130441,-7.9306932097759084,-0.22874419642299335,1.0739719907529632,2.4812760315107774,1.075422994330635,1.3198728246738398,0.35781397929845915,-0.2519325083351992,negative,1
19840832,-4.9769471188380132,-0.36534095258297905,-0.57437122314776179,-0.81483168165835762,-0.025306185941293437,-1.6984161160064901,-0.45122783905292263,-0.10703773622021204,negative,1
20204371,-7.9279752132000061,-4.4124489598937933,-2.1268287637625951,1.9734658384992492,3.1539834845210621,3.0257835331025666,0.04533768895457705,1.4353566901176487,negative,1
19920452,-2.1300765702240843,-0.24391789930020166,-4.1130996235986181,0.52496890546379626,-1.5642434517774537,1.4650375304923138,0.32642865840323682,-0.88834514505884077,negative,3
20020023,14.675626483512881,6.1242841787390665,-1.9868197316438827,2.7181014529072391,-1.7345830195558625,-1.0095204184857891,2.2806219557046603,-1.3446235025730964,negative,3
19800967,-10.889941610503657,2.3521187350190269,1.6423201240348642,0.0048104776547093558,0.4364941223342706,-0.88371140769493239,0.31908753152853542,0.12980544674764979,negative,1
19970655,-1.2844686125201992,-4.1258501942287591,0.5248812331403766,2.1781557867833268,-2.0810601485488123,-0.72375162945555782,-0.13824399776925167,0.019529819957935946,negative,2
19870641,-9.081430782153177,0.88521594187162356,-2.2342657944015496,2.0902505886561795,-0.25570824031863781,0.91711177574754821,0.45442900722714219,0.75718343228932627,negative,1
19970600,-0.42515879632707149,-5.3574127611153797,2.6656751151149467,-1.0381048286061099,1.7004330387785556,1.1682324998380087,0.60597322128011188,0.2749215561222173,negative,2
19960552,2.0611177165162622,-3.9516181200676819,-2.5470114834319486,4.1960025264326504,1.3348684228283629,3.1741737250614537,1.3183630740735997,-0.50012581194035843,negative,2
19830065,-5.3207511736907325,0.12446496832751712,-3.7175087200949899,0.071685129699701922,1.6123554483031199,-1.2758355029056965,-0.10392672980726211,-0.80168332317046642,negative,1
20040181,-0.68003878386357108,-2.322812251032861,-3.1871910805014347,-0.11435621124723884,-0.3991902166814259,0.90314049919531847,-0.57351767902894979,-1.1590827060028071,negative,3
20170347,5.4200282541696367,3.0818628639057968,-0.78690346727987215,-4.1238145541156106,-2.3724054234555836,2.0280645970601516,0.69852243883664755,1.8324989964557887,negative,4
19910086,-7.070760956357427,-1.3049165678107859,-1.965963706494795,-1.9496263793076576,-0.14208839134161413,-0.1657294311795838,1.1115481796627107,-1.4962478804944885,negative,1
20130536,12.70134007507305,5.5398403226741664,-3.8721603310029686,0.46696896918842939,0.3710250400283191,-1.2782309846443092,0.24808792071395772,2.9667287347988096,negative,3
19880329,1.9266723417221885,-1.3507022464208267,4.0822035344219962,-2.3450517598098983,1.0658458883045412,1.9509095418871354,0.81666432418083301,-0.68273363983093283,negative,4
20100095,-5.3122262296450291,-0.69291399735674397,-0.62429935254785185,-0.5547334997552601,-0.9010276453416235,-0.074880783378479157,-1.708640834761147,-0.15196124356829277,negative,1
19960301,-8.1921159668110217,-1.3818095770923735,0.85437756968691103,2.8851266906006199,2.5822540982600026,1.6764877457155691,1.2057568876651126,1.6535400530474427,negative,1
20150942,-3.3645022212069491,0.14569039365939213,-1.9916247032002989,1.3660038514775656,0.53370561444315534,-0.14379548656690244,1.0090619646053585,-2.0641018999982617,negative,1
20204260,-3.6385101345519071,-0.64716822172976762,-4.9960506069571844,0.11569366256580511,3.4227131162052422,0.15708577115823863,-1.3110861543600023,0.2574542104733194,negative,3
19790752,-1.6765882349122929,-1.2666087765693037,-2.6255759444855284,-0.21826481837024764,0.29735883371064331,0.56635787092565737,0.39298732439672673,-1.2726986316876563,negative,3
19930611,-6.073148429578751,-3.4606944625570781,0.92168032786914511,-1.8307676517198386,-0.84743871586116626,2.3820552919174944,-0.91582554196967514,0.12617639508449163,negative,1
19920543,-2.390484199981036,0.9731436285821905,-4.0611052638749428,0.97586125087848496,-0.61642891508387598,0.65076404056393899,1.0243314797672254,0.61066637016339842,negative,3
19950691,5.6190041131368522,2.117458467682249,-6.9255863606618,2.7870021106023417,0.31391537465287644,-1.5832845732158738,1.7055987804213235,-0.70614088762878535,negative,3
20131050,-7.6210340259494922,1.6438259996760844,-0.16065999526999494,-0.63833474637744414,0.33339371788969713,-1.3913013271858163,-0.90477744482180278,-0.77639641850366481,negative,1
20110485,-3.1044555465512045,2.4753020306407545,2.6494828636369738,1.9339456613753414,-0.081452604242849183,-1.2205778374655807,-2.1592421144896243,-0.18284659318594929,negative,1
20190867,1.8262280837881268,-0.61689543639881717,0.66259721338654554,-2.1072701394798199,0.64070420938555162,-1.4089178846791286,-1.3056765818268705,-0.25935913009205963,negative,4
19800482,-2.6761198930766215,-5.7089917822280389,1.8827762301928985,1.671316412202219,-0.97741310278927607,1.3178070857397437,0.46019282144018547,0.65734531923133821,negative,2
19820351,-7.5871781674097836,1.6970498064083179,3.2114971122114224,1.7339170874208334,-0.44543113398392653,-0.92022152635399324,-2.0499307150685562,0.25214486429707339,negative,1
19970666,18.03135929400003,1.13500238534554,-2.997117628095546,9.0395979115255809,1.0061658184953117,2.9033061759389214,0.85184529764936223,-2.3768816845069889,negative,3
20110283,13.08631437539522,-0.48329442598045486,-3.6768218328369495,0.85101690123715612,-2.7101626019622906,1.4897907088636564,-1.0633617897842786,-1.1832689019536096,negative,3
20150458,-5.6008537210515659,-0.15409757113009356,-3.9288746907450172,2.3975916006597315,0.22732598036083421,-0.6200895830708113,0.9481085948661947,1.4737866241024322,negative,1
19930733,-9.0923345937925522,2.888991510384042,2.9214834820207001,2.0873094717304546,-0.052423928008989235,-0.65616493198534287,0.81102654254896878,-0.11266177829615623,negative,1
19940840,6.3346084823200206,-6.2981435020623904,3.0846227847495102,-0.55045391957777134,1.7412367486741391,0.18463872829324915,0.2008207471588204,0.73352653048696292,negative,2
20030838,8.6750417848956367,1.6479271009406988,-3.2859101657147138,-0.9047916161552525,0.52834138009067144,0.51540470342852496,-0.31005614092587469,-0.40363077972166639,negative,3
20150528,18.78431316914817,2.3255019069275096,3.6560135808143261,-2.4554730401711589,3.3724507157952717,-0.37552614874830137,0.18083219613192572,-0.29874631037945204,negative,4
19970098,-2.397950952138133,-6.511015596360334,-3.3925759600520218,-0.49932074000608195,0.2051773531959501,-0.10815024048800315,-1.6070779869871639,1.3473041414265758,negative,2
19860374,17.016502687646671,-1.2881841291071414,-4.1204723791692821,-1.2320888419512543,-1.3494558120196778,1.0676295262878663,-1.2094014248683351,0.7795736554933882,negative,3
20130909,-7.6742885388784421,0.57298781166579027,-0.86264554243436242,2.3160434355222534,0.4246247834398435,-0.50127789815680601,0.42754389170052132,0.62104557064567922,negative,1
20080009,1.028822765490615,3.3630487144479932,-3.4902160718384723,2.4410688455560665,1.6733601377710041,-0.98618865111085008,0.25574518120755091,-1.125977390536093,negative,3
20131057,6.8073907323193783,2.2717398754747653,-4.0743272112480113,-0.88870536149448298,3.44154863150148,-1.351633822883558,0.4863933170896072,2.7825441465700465,negative,3
20131002,-8.4246983835964606,0.053267291660606828,1.9079105965063305,-0.99347819445261298,-0.12180158922036949,-0.19084253134210036,-0.40278257455018784,-0.44848812414493705,negative,1
19790071,-9.3706456683226733,1.8634483898297387,0.99848996264139034,-1.0322324290020186,-0.24648588062597523,0.054976656763677662,-0.023876682924389325,-0.47388024641364052,negative,1
19860405,12.260880048153721,-4.098034111125255,-2.5909072124187951,-1.7576194311792439,-2.1153552894757461,-0.60178430599757027,2.3293936314930983,0.48503052602919955,negative,2
20060744,5.4134895978886322,-8.5466663320515064,0.85045461053158278,3.2664550737816107,-0.49935056229158103,2.5840609753345265,-1.0543267002516035,0.53372391559152121,negative,2
19900865,-4.7130466238721542,-0.73217959633980056,0.13422615942367511,-2.178156852484781,-0.020354643756494657,0.32198325544770773,-1.7195029833750703,-0.39465121900670147,negative,1
19810782,-7.7036978296450389,0.35858341926664161,-1.4647964434466694,0.6477467708063932,0.1646505573254671,0.60643484555034077,0.1183925111069023,1.4451872282072031,negative,1
20070443,19.288527371058233,2.547809765831222,1.5358215383892124,-3.272762261999056,-0.25309440054003146,-2.7579257965457913,0.32975636073224618,0.43948238089124619,negative,4
20140029,5.3679576003401017,2.823814286341066,1.6946810865479687,-2.1671913092881692,3.2542115029707541,-1.5113093058157021,1.6870157140120103,-0.89470138120500065,negative,4
19861027,-7.3132444033053936,1.5961502332012936,1.0765138558630802,0.88967923370308721,-0.55334634539629568,-0.72745147528519916,-0.44114406537994794,-0.7988769772884744,negative,1
19830051,-8.0923923186277502,-0.92534586253343998,2.4159219382192787,-2.2785212248900892,-2.0380600934603663,-1.6071044781794184,-0.37146991497687504,-0.060165589239741232,negative,1
19930045,11.566610420620419,-2.8048491898204153,-3.6611977937875704,0.78204126675262464,4.40907821497371,1.7671680308579429,1.4789300381528232,0.83611543810777877,negative,3
19940368,0.42408299699324731,-3.3370676904162351,2.3605135044221921,0.9588415522469711,-3.3282288826148596,-1.4151568268859793,-0.44517445651779514,-0.098634477328974207,negative,2
19890138,-2.1867377894212132,-3.9911128265916944,-0.073337206588097822,-0.89722422875371111,-1.2775070435297575,0.10739721096524607,-0.98336126918837918,-0.069091832951181889,negative,2
19870104,10.579372148469959,-1.5960803676147515,-6.0503782070828365,2.849593480464117,0.52023129009331093,1.7990141613488986,0.83918610727825582,1.5224747718597469,negative,3
19921133,-6.6851568068991867,-0.69097190551163634,-4.0335841727739643,-0.99519404227313046,1.156349633211373,-1.8131827726536722,0.0045661460204385286,-1.9862393565176528,negative,1
20001106,-13.229027443593228,2.6984848348671742,0.37281863640206048,0.27944094386325574,0.23405419000482394,-0.27519389389015386,1.9879562148334691,-0.033401049797691311,negative,1
19870495,9.7585266737883725,-0.80575732406194434,-7.6150376896578011,-0.12960457025755506,1.6015194194463109,-1.2255627824154995,2.2268852711939839,-0.66090847795257035,negative,3
20060872,-7.8373839100155704,-3.365182314813763,2.79256131233188,1.2169852471646183,1.3823906163438109,0.21898376902086322,1.172852702996005,1.4058700954965706,negative,1
19840163,0.07782279609559889,-7.2574853794248675,-2.2230511746594432,-0.18710223040425414,-0.28072794792401434,0.56406555791906499,-0.35579528642726571,0.099829060147059778,negative,2
20090742,-0.47107936417314489,-2.9600097991201313,2.5811800854914924,1.056075407476381,-1.5540469654503581,-2.1808457527445468,-0.95961739438059135,1.8574423738374042,negative,2
19910454,1.6687042053221415,2.9871486938243312,-1.7888168403859208,4.118674646931475,0.95816901345413863,-1.7025641414468402,-1.3691899629153448,-0.18634705803813234,negative,3
20110064,-7.3623518155138452,4.1468083734703294,-0.52540573206746577,2.368800208575331,-1.8315445352579753,1.814943377021256,1.2609472015672021,0.17557010100322504,negative,1
19960008,-10.302221876216871,2.8495459616548091,-1.6299772041599965,-0.20952164102666795,-2.5831533496989145,-0.12112879470389433,2.7104199068877781,3.1994489553037946,negative,1
19790497,-7.3227924620219147,1.6148173789037701,-0.37011769151488583,0.38950653023848136,-1.7694476642113477,1.3925015919283348,0.60776160414072566,0.34636956933417007,negative,1
19920679,1.831733884009515,5.8755282656559791,0.8894939091895242,-3.4233981037003738,-2.1801553560612561,1.7980067378384752,2.7930389694180873,3.0385671532591587,negative,4
19980061,-7.6644681866884232,1.9616496296634347,0.24043762349987616,-0.048741982219084379,-0.19541194374787876,0.32734968898303074,-0.38757526842316697,-0.35318502531746981,negative,1
20020927,-5.8303480767046354,0.53859694730962182,-1.77298432626306,-1.0548658076407673,1.1432923356492815,-0.98364298157974217,-1.5064749559899264,-0.25213599049933516,negative,1
20141165,-4.7552772011669022,0.026846157710456408,-0.72068146077591866,0.74430246433056235,0.18947068984445803,1.0455857532173327,-0.014943294943244005,-1.4063828406036205,negative,1
20040471,1.3263188619820601,-1.0652530197064667,-2.8754342623306659,-0.62896095574682198,0.23816047878805655,-2.5859040472429662,0.38313784632491316,-0.75464505744134203,negative,3
19800114,13.982953761163682,1.373893116479713,-1.4248568714326075,-2.7300217362550403,-2.0308802433218567,0.33803499382739466,0.3113278384777759,-0.28016167005391251,negative,4
20060280,8.1902192431338907,7.9154273280900176,-1.5254955988439516,-4.3787740375691095,-3.7108747856622228,0.016531638542185471,2.1621068379956405,1.6956303555788526,negative,4
20170193,-5.4125540306276685,-4.236707102592792,1.804433685768021,-0.82275254026279032,-2.1796734429306772,-3.2024372694665351,2.041395837249564,0.32513493475341015,negative,1
19840730,7.3259149949722078,-3.7554278449971656,-3.3476793196529875,-1.5925712996744514,-2.0721928969775005,0.84035859608497832,0.30493089451517646,-0.99071478922223022,negative,2
19891021,-1.7801768105051132,1.3447085130311087,0.4091094233863562,-1.3793007653206892,-1.2643676876357306,0.70079527794896901,-1.4570078636452797,1.5249903791957293,negative,1
19980632,11.548342904373547,0.43752915993454228,-3.9294624911875573,1.8921392359961051,-2.2621726056973319,2.9835605613679617,4.9930191725558082,1.1666909028657326,negative,3
20050007,-8.7184625392222248,-0.02132671955153119,1.2187419366012731,-2.2314169452387076,-0.47459366859247953,-0.36717241205528228,-0.58523404964519454,-0.27614477656170816,negative,1
20207012,-1.2817819520737395,-1.2191319058949774,-2.1614885976976712,1.3972612241329059,1.0193353423838969,0.65709901969556694,-0.75981026344477176,-1.6714129862961231,negative,3
20190674,6.9721939935685011,-5.0312758878129626,-0.66847376562956906,4.2848810054504201,0.85929814849759689,1.2196714259464785,1.6763238695473821,0.72533132506431774,negative,2
20081032,0.40852057688082061,-5.4543305170842249,-4.7085408723938205,-1.0051889136200147,-1.4292532896133963,1.9502258729131958,-0.21419687184651853,-1.3801060042105466,negative,2
19850313,-7.4043474245559269,6.871272799811309,2.5466066905522058,3.9460248059789702,-0.79881473250033508,-0.0036840378769558316,-0.6908421139592269,-1.1540050259062324,negative,1
20181073,15.480454368245802,-4.0528820933300098,-0.89870124052003186,6.1692298195429789,1.3896348307226165,0.9621564824353972,-0.32910348409106199,2.4376838788648207,negative,2
20080567,2.2389063853092148,-0.24830180889608564,-4.6078746463309903,3.0098716922102184,-2.1972124556786721,-1.8454803587106805,-0.36385788114150691,-2.392135900989623,negative,3
19870833,-9.2495519304755547,-2.2557228608517317,1.8098636332260469,1.7650863905238912,3.2953881789860566,-2.9434495810004386,3.6798550627140902,1.0468917198194656,negative,1
20205386,9.8904080778313368,-0.070906298490353861,-3.3742003838115733,-0.58941342403550578,3.6546478069449546,0.11639388644925913,3.3172902860984852,-0.10522249983254232,negative,3
19880756,10.485966434734936,2.3372394270658274,-3.3326022092497056,0.31951015737334582,-2.2906499900848702,-2.9091623492763179,3.1471922324971149,-0.98889134434255699,negative,3
20080849,-5.0296120176780628,-0.72901534731277018,-1.1821871154237458,-1.3530546034295174,0.43832120525194884,-1.7666802595179716,-1.3506198236238125,1.1890316846643478,negative,1
20202667,-8.7278075363248409,0.47035706193032406,-2.1861306222699497,2.6380374788262664,0.65670060372273098,-0.58059312792122275,0.38333109667763199,-0.68311188761854957,negative,1
20160861,-7.8065089810887383,2.8582639588285481,2.2267459841513082,0.35010859335957978,0.41703553010106248,-1.8138829894673956,-0.79376144479413258,-0.23177950099624495,negative,1
20060875,11.807337700211017,-0.75199586764982274,4.1146702680714888,-2.2159891917396415,-0.70402167076316124,0.25987686117111136,1.8538572496180639,0.23537563047256813,negative,4
20081142,6.1194013246397283,0.79890985376443902,-4.4325605439238016,-0.084989855485597773,0.30089100725739715,0.069878926640434255,-0.65356309167972726,-0.43300918393655463,negative,3
20180327,-6.8956434593970748,0.56620426235670751,-2.3073479060031499,-0.18989882616985673,0.40855828933476668,-0.49524712355266248,-1.8263698096414303,-1.6834743110961798,negative,1
20070008,-3.2198963960063578,-6.1491516993533528,-1.9015771877931529,-2.0434876298322497,-0.15072218610239552,2.3352377906016555,2.5723216382310317,1.7015997795598654,negative,2
19800064,-2.9902454974752777,0.57461287196882616,0.20273332812467634,-0.87924736889728461,1.2383468542436791,0.23122566157104849,-1.6905384187042969,0.56205885616518025,negative,1
20200285,0.96730687329635823,-6.5745407710898114,2.4724906269505071,0.51394425599099636,-0.97419022939944222,0.1599197393341828,1.1741640502325779,1.7941633314675483,negative,2
19990216,1.3385807581301574,-4.6016845015650922,-1.8292371020735867,-1.3309225173872481,-1.7914740156317812,0.17384499845337456,0.15071451650030324,-0.53283596614242745,negative,2
19860139,-6.9318068334664229,-0.815832575535827,0.35495261588310906,-2.3797416921203527,-0.78917522087104508,0.65991103792266403,-0.36098215834490632,-0.53397506974578468,negative,1
20150765,-1.4035295817465454,-4.1803170182577363,-1.9503244064193552,-2.5596393651877101,-0.15789507511205234,-1.6507555506274698,-0.086172984883105652,1.0875216058052797,negative,2
19920709,-7.2045937729606475,-0.64755588233460881,-3.5326369155091042,2.4377792833539904,-0.0099404218002428768,0.010560119150758994,0.096661071370838458,-1.4835442318148813,negative,1
19980144,-7.3840204934500582,-0.57383850829042238,0.41236873088596215,-2.0856228477787653,-0.51454056972100859,0.84904763484395562,-0.58018438381904447,-0.15587969546765743,negative,1
20090143,-3.12392081107597,-4.2393135115307325,0.17898160820279269,1.4104383765720589,-1.5084887326970922,-0.46846999273697226,0.14616856917033647,-0.017400404344181459,negative,2
19810241,2.6081086704696252,0.64719404094729749,1.1994186979358148,-3.6969883702745157,-0.57936473011036382,-0.55753204171161785,0.030163544419960039,0.80869574248328402,negative,4
20160293,8.9268247620346752,-7.780721700281453,-9.0765344349756969,4.1366826429522572,0.96917948909343721,-3.2709331633592753,-4.1645986837987223,4.8236112038941963,negative,3
19910524,14.996733585305744,-0.35359639658160047,-4.2323856655111838,0.084403991961872954,-2.1291384188395659,-0.37711090845936512,3.646146127104493,0.70587275977265773,negative,3
19960202,3.1190742720902564,-1.2889728823772197,-3.3512168788034682,0.46034352762241049,1.9096406161085107,-1.4784149834942044,-0.35196649389686285,0.15033668775386697,negative,3
19790637,-7.580470068236604,-1.7106143804692568,3.3632788228973469,2.3469682300481316,0.18302682493965003,2.0747967541662153,0.23199151020700853,0.70497373918015993,negative,1
20100196,1.0267403339284238,1.2084025254644502,-2.1173092304849206,-1.3769129623837137,1.9334510463112788,0.83882055555994084,-1.5294704268033723,-0.52243516827612813,negative,3
20190278,-6.2787052880996148,-1.3553231194248627,-0.69475687294910504,-1.2807483779682278,-0.05305586911056967,0.61355149821142629,-1.3606164484158034,-0.78985160249094788,negative,1
19900228,-5.4162390942108845,6.265272667040751,0.80516186622953878,4.1935632868046175,1.1465991375868985,-2.1483485877615323,-0.42526104401674131,-0.73341334824063165,negative,1
19940807,-11.670310563040735,-2.4744509879813088,2.6321258997483445,-1.9399730334885181,2.49794376881683,-0.31516293597315609,1.7774579184414767,0.053290912544044403,negative,1
20204474,-10.33302850421954,3.9054375852823435,-2.5764305432295131,2.4660178122894187,-2.5962024415436731,0.90288276673865797,3.8215250341740248,2.1263150529090775,negative,1
19880950,-1.428599606609346,1.7637158981811969,-4.3860166064172104,1.1705290407989255,0.27707993398481739,-2.1826489381473744,0.29839296355332268,-0.8878848311332812,negative,3
19860993,-13.606033395975974,2.5571756504185381,-0.91393506128281343,4.730502255321138,-1.4517776592577789,1.1684476771011163,2.352405719106665,3.7163287722759097,negative,1
20190509,-3.7389208171432449,0.81114346172146523,-1.3796000685354952,-0.88773301803081384,0.71377305847707939,-1.4199269872181215,-1.4747598820278194,0.17674395092092232,negative,1
19961104,1.7387457021965638,1.1956134847684456,1.8306049361210897,-2.4360276292108418,0.019427945559760657,-0.58014232172439062,1.33769234882711,-0.00091890384548658937,negative,4
19830166,-2.4670982149027867,1.8907723775661203,-2.1407751444444076,-0.71199727275435254,-0.57190829336364446,-0.26396050244989849,-1.6935596948549985,0.1943228370588983,negative,1
19860410,3.1344567998046911,4.5427098424741033,-0.90555562938426937,-2.5379390186131743,0.31895355521610785,1.3455958051145847,-0.34561739856096679,2.6590610290844956,negative,4
19880479,-10.356719030996588,2.3465759646702886,5.1356114229762957,-1.7387572368796897,5.5537124897068608,-2.2831694308815615,4.7838924388299935,-3.4883074571122101,negative,1
20070808,4.3846173412140566,-0.98364372536396449,-2.4361009421370077,-1.0838117129756739,-0.082060194438275502,-1.981098413676506,0.81692419847003339,-1.2645937510595053,negative,3
19970027,1.4999460631070984,0.55546848608163246,-1.3697913166432494,-1.4577603033373043,0.18885405662776783,0.24938312496216222,1.265151943721752,-1.2344643978394383,negative,4
19970072,-1.9263318149859461,-3.4880617864380548,-0.14331631066021969,0.2832493299214987,-1.4725880175505786,-2.0300901448027417,0.28713379615894363,1.1750506262493923,negative,2
20051083,-4.7610261682378905,0.70466004773739965,-0.37548160632175803,-1.4353000940636274,-0.73180957005204872,-0.0069917713014000871,-1.3227239563359716,-0.65783063974150802,negative,1
19960320,11.700031806196639,-7.2275936270944321,7.1871490986463078,-1.9102903993416889,5.8881612546122266,3.7836389072497076,-0.30614870460567639,-1.858969937231957,negative,2
19950629,1.9187226346107988,-0.29772482792938626,-4.5148019815878948,1.4451015415691519,1.2700485815417979,-0.22721055788802694,0.16396086256239123,-0.034651014882775173,negative,3
20131017,-1.3654907534029754,1.3210594290451512,-4.3860738876251872,0.84387963801759691,2.8848981336939694,-0.77206354548516021,-0.094262109237731845,-0.055770091522835727,negative,3
19890180,-3.9409543572433865,0.26344070280978549,0.69015117029924888,-2.355431649483557,-0.96663021586433218,0.4395012848386663,-0.54916346994142817,-0.56645208631889543,negative,1
20110269,-5.9896457071260976,5.2181265843477398,-3.0762903715120347,4.0593538155056859,1.7428108364109427,-0.39652483556792045,0.51704293981930927,-1.3930070774460517,negative,1
20000185,-1.7406457303595599,-6.1018440837562844,-2.1979415834034932,-1.5129289121091267,-1.7391689404594985,-0.59553365819706972,-0.31538942266832687,0.32353631018898699,negative,2
20010228,-4.9987731725410294,-0.98275600585968503,4.7216985028716847,-0.77793907298525566,-3.122152933809565,-3.3969280315285522,-0.51864526710784509,-0.027878853352524782,negative,1
19980293,-10.086155820345775,5.9936642848017128,1.3786933122673961,6.6500748840746038,-0.38236171599486923,1.3307403777768751,0.63308564727026506,-1.1450803281079329,negative,1
19880287,17.92339562346821,6.2656933057166544,-2.7783016935021712,-3.3817032602079182,-2.4775814618028562,-0.53804719385835753,-1.9629231017170992,3.5681921189454049,negative,4
20020774,8.3143201029112621,0.90167535554215394,-6.4340806908378259,-0.30428126055071575,-1.3221177735476717,-0.77415955947100401,-1.7578011622857246,1.2016566164049163,negative,3
20090294,12.799468183900036,-3.2597359819447136,0.53214089608632609,-0.72387820835387429,3.25418203768715,-0.86878330278243587,-0.91415151003500184,-0.18140826680488381,negative,2
20060105,-0.30495854576363385,3.5540858061821896,0.78097391036431718,-2.3397133171771576,-1.9458217811537739,0.89446904749725842,1.1086087052472202,1.1384574728901946,negative,4
20031173,13.292624334597216,5.8472119219313612,-4.3590098819191434,-4.5799478059971799,-0.72972132317922012,-1.0166007118867435,2.5761524287053343,3.4726037866786492,negative,4
19800291,7.1775306534538892,-5.6442087310399476,-3.0055574495921493,-2.0554621077911972,-3.2834011556869922,-3.0835963552290968,1.1436568825185474,0.79332206566892194,negative,2
19830043,-6.1765161554782235,-2.3012078406971042,3.6137981131515837,-1.1708863140722434,-2.1283289068372753,-1.4642484632964652,-0.53597903519986723,0.12272668901822593,negative,1
20011059,-6.2650625129939153,2.144365160158026,1.702679599162872,0.968802200673886,-0.19385230866346465,-1.6771691953983754,-2.4081925837452678,-0.67973377264581036,negative,1
20150369,23.306937714161929,-1.2656034681743007,-5.4973374554821177,-2.5352306045691084,-4.9108814029338861,1.3528359713774671,-0.55226771048526202,-0.70762636059335604,negative,3
20030302,-8.4238379629972631,-1.5517627112901629,4.7998871375065502,2.8757801708507316,-1.3384067792270806,3.8725295661349675,0.8113348243057007,0.28028878158752019,negative,1
19940385,-1.6644264800929032,-4.6730861954299874,1.3324436789618181,1.3529982510525731,-1.6819796896533858,-1.0648334707060843,1.1607513666322291,1.2084552352596982,negative,2
20170993,-2.5095011149714868,-0.68050584189869079,0.97870295518378236,-2.8070060397286238,1.7580855077385995,-1.352152316262796,-0.068572496742172681,-0.22144354471860736,negative,4
19970704,-3.8044913875676256,-6.410339895682104,3.6633364953160954,0.70117914573785745,-3.3991462271497062,-2.9324466084895215,0.036217835049438728,1.9377874194499545,negative,2
19860849,6.7725743726382834,-6.4250200701070073,-1.4596853691116725,0.5263648522908303,0.45973415035574322,-1.5604062556866127,0.35703318047247162,0.62581557628261619,negative,2
19890786,6.5515293554896754,3.9734816192259474,3.8465026910247349,-3.4893041004242447,-0.75111913936844699,1.4502140509207821,4.2645918927696673,-0.32616663051602285,negative,4
19960808,-3.3679029379311261,1.0215254402146532,-2.0193783741364189,1.7503273825504309,0.4258799998915016,-0.15865003826162236,0.74263283031492744,-1.6922480354306875,negative,1
19860417,-5.0844241087037876,-4.0738331312043581,-0.65888405575416054,1.0489387538940584,-0.72129745641462084,-0.27076461103294847,0.0049892395967032158,0.42807186884985327,negative,1
19880481,20.028461514865409,3.0845191078893373,-1.8674172882718101,-2.7468018760635671,-1.3614670761115071,1.2605386930019775,-2.0480050175704507,1.4678489234354219,negative,4
19810790,-5.9165080085696147,2.7226232427678307,-7.4946337711472291,3.5943698409173916,4.688506713863771,-4.7593712175254712,0.58178972329464052,1.2960721144250427,negative,3
20191179,-7.5788899967093633,0.41707931611401822,1.3033618905805464,-0.64249544156053862,-0.29582399142073634,-0.54277308687958781,-0.88649522819002202,-0.20579235066429916,negative,1
20120199,-8.1985872176680701,0.090352453061353671,1.2231256849914693,-1.315116031556949,-0.30360042404548976,-0.18924078056714572,-0.57392318819565125,-0.46507103158414537,negative,1
19890008,-5.8532543138204876,1.7964984553058834,-0.11758415159545695,-0.39223064891758569,-0.6635979555499476,-0.024790299057503479,-1.8609794071795922,0.58324823807340076,negative,1
20120642,-8.921786791718068,1.9937318374154402,0.31240593314487208,2.0620110843398054,-1.0507493971493123,0.04681892701968797,0.1432106798607003,2.0024767645929598,negative,1
20100929,2.4419042107531626,-3.920845269691724,-0.33948571342820533,7.4084678321397686,-0.95165101797734641,-0.60630214706957086,-0.11263868358596725,0.21863502400909554,negative,2
20040312,2.2796399566701107,-1.755974802893874,-10.136218560354187,1.3000290183075547,-0.82250737833950827,3.2385416221951959,4.6116004089221132,-2.650682214476487,negative,3
19800622,16.158397803860193,4.3525571456345107,0.14776262102499649,-2.7511923333849664,-1.4113257285131133,1.5316612681260908,-1.5771448989112473,1.3052528138965538,negative,4
20081020,-7.1368006433361622,0.58089069897795986,0.86650859922057644,-0.65857228322742345,1.1291645327263309,-0.97807639510209377,1.2662380888760492,0.0796685227778519,negative,1
19950315,-6.3831893705216798,-5.9481734133736772,-0.2585981056932164,-1.1287333474685446,-0.36761322441206906,0.52542524766179033,-0.38346980061308755,0.48720248135302213,negative,1
19840053,-5.5530892164471384,-5.0947027420391215,4.0106113602600875,-0.10419556179086525,-3.1799085057348524,0.81713028139316757,0.98722395542153119,1.3045387221664915,negative,1
20161008,4.4470849920299562,-0.37580041168701306,-4.7739947488326564,4.1821556797002026,2.2767109385352438,0.19924714221979237,0.55902916564559213,-0.29997634917251015,negative,3
19940012,-4.8302289523328588,-0.5138150735841005,1.8402815146604374,-2.17860882032732,-1.4524224606474962,-0.76230982774446454,-0.62421127517342145,-0.19087183465040572,negative,1
20140477,11.852466350326415,5.0109172786813101,1.2452808050610085,-3.8979673611743704,-2.8782641354055469,1.0717369207196386,0.19579053115322378,-1.886542796990569,negative,4
20141177,-7.0541648184971493,0.18826143136827381,0.22988218450729958,-1.4873912502005202,0.42125068783711372,-0.0087060610225296858,-0.50007558963350174,-0.723054575685666,negative,1
20000212,1.9206176006245463,2.6301700053006001,0.14419795692127246,-2.9025238872085746,0.27665615108065206,0.50669418311290759,0.6110960259005922,1.3729590230409567,negative,4
20170181,1.7224892917014056,-11.202469883187558,1.284032721946055,2.9446282830327326,0.53671107919984695,3.854247036409197,0.61524855492535035,2.31023335513723,negative,2
19900112,-3.4120851850979927,-0.00065117281117964298,0.28278635248529982,-2.2352220218194527,-1.5266096591703775,0.65489782301550648,-0.12449954551195848,-0.95376716419165886,negative,1
20080204,-6.4559216024219905,-2.3928496130739845,-3.3557455202566779,0.93737960547196042,0.16919777172983552,-0.60922582727504759,1.303534865824693,-1.0298981824459341,negative,1
20100371,-2.6736686343067166,1.3495475816640639,-4.7737232270821517,-0.18636170245145886,-1.4497718584279624,-2.0392319748372447,3.6775242532579901,-0.79350890295852661,negative,3
19880067,-6.6319495586310095,0.96291257297069122,-0.45626742837523904,-0.58537729413314965,-0.82287272953417656,1.1965183234927679,0.49041862736075614,-1.2763106070919721,negative,1
20140500,12.751563430515493,-2.9798268502019916,-7.614413799587787,0.98936193299341235,2.732404268679931,2.1238677440152367,2.7256780254667188,0.40474594587031443,negative,3
20120921,-7.1810878613754854,-0.18176475133799336,1.3300804561629549,0.01155761130389151,-0.46728738163678879,0.23877271922079957,-0.9301163080882765,-0.38036380552558607,negative,1
19970867,8.5841907517610707,2.9906668834203516,-7.5693150194411469,0.044665737452804145,3.4125952236068349,1.8253462869714658,0.4279224829307281,0.95951924616884221,negative,3
20050162,-2.384268673259033,2.4962308098975559,-0.25201089443454716,1.3689539837326694,0.0099622167145654739,0.37381692276578798,-1.3008451911794137,-1.4496035829003455,negative,1
19970439,-5.2977732317326902,-1.7500086152575602,2.4349644873234424,-0.24042145356240285,-0.73707609633528248,-1.5934536767396543,-1.4059633280510098,0.70055013752238393,negative,1
20150123,-1.4765851799266116,0.53207642119764098,0.58353768064478972,-2.3729829644006486,-0.85326529778359306,0.31815765319277167,-0.48624987299543787,-0.31910180321810122,negative,4
20070793,-6.5505514020987246,-6.2932290665359432,3.5844496759762912,3.3624499113960256,-0.61315008820431516,1.9452969532428197,0.6863470378962454,1.1560662188816051,negative,1
19911146,-4.5552296721070098,-3.2762109238091197,0.54636990740481151,-2.6099323921017001,-0.038502670348409651,0.85884901135191694,1.2575435908793533,1.1112984283509295,negative,1
19910818,0.16466162434662024,-8.4688287515838905,4.5520939903182924,2.5400363173981715,-3.2892897044572886,-1.1845487199559164,0.26441532014595004,1.3802676560965408,negative,2
19820081,-2.3999436843006881,-4.3538878105800052,-2.2805129967152817,-0.085186602151879814,-0.34510724951579436,-1.5102312203417605,0.079260898898500354,1.3401286036091522,negative,2
19991020,-4.7490931871277544,-3.9802663496540616,0.88733106630748548,-0.024008218052631983,-1.0399576838433338,1.7486750952984695,-0.37309369444380841,-0.097346723391240689,negative,1
19930392,-5.9928266784587958,0.24820473975718271,-0.11899867234782231,-2.2532485637218702,-0.78894440952875233,0.99225222249350287,-0.15995517179999963,-0.33130109230723609,negative,1
19830386,0.64845847591483807,-2.5018311176329351,-4.3942872895559351,-0.93873319705709335,-2.5143394995004975,-1.6033224559070096,1.3070514465596401,-1.0058231990556361,negative,3
20150053,-5.5458224409185251,-0.59329211692197981,2.0801855285501887,-2.4025240585175847,-1.263580045130013,-0.42933526174908132,-0.43792386434903735,-0.2448920855273605,negative,1
20050012,4.1531910440471762,3.7415870442543153,-7.1175522775977305,0.7438113409815168,2.655225649649549,-4.7022413421967171,0.80744381460075743,1.3068520433306794,negative,3
19880666,1.6436909126293082,-0.32551560281649145,-4.5970095938242173,1.4899693853944891,0.49704705844274311,-0.59953978466224878,0.29518393630957052,-0.75371491072848451,negative,3
20080979,-4.8505364011408174,-0.72184822661177039,1.4776094739246926,-2.1702976982378228,-1.0379981508829288,-0.83054046061392672,-0.40548629137307479,-0.25983555832862554,negative,1
20030038,-4.5244014792827949,3.0592565236404514,0.52218380707158574,-1.6793382127429819,-1.1436072668047383,0.80411663835925618,-1.7080073051284776,0.13908241352667214,negative,1
20190661,5.297511155950688,-4.1219770962043327,-8.2592881733930916,1.6558974576970993,2.8215879490100719,-1.9656682059261315,1.9182538150325064,2.25159579995257,negative,3
20080986,8.2533496099030046,0.48150199408442607,-5.2594639937991365,0.28471698775385484,-0.42830532804752108,-3.2793916747199945,-3.143384598338212,1.226311395430451,negative,3
19850306,6.8867668213314452,0.23666857839245736,0.46453539265563082,-2.827624261318419,0.65983856664228113,0.14800137555731385,-1.8364701635668572,-0.22705577070601676,negative,4
19960195,8.0115199478415242,9.3345540429351281,2.995736999921796,-4.2410778182074589,-1.6189309507006728,3.5954925325576541,-1.7466763614850991,3.6113498002177575,negative,4
19930817,-7.8580417487100878,0.34328498000636531,0.4762389837772491,-0.083056699196538103,-0.90513688415462801,1.5366871682579639,1.0040730038679901,0.64849116311269461,negative,1
20010112,-11.795106944424147,-0.49698029825269552,1.843312127614529,-0.45357863917354818,0.62315634797676511,2.760129847172248,5.1279484085310578,1.8457810955853076,negative,1
19951163,-7.5987082913543027,0.1155549762711474,0.2789439357874407,-1.5823425471612043,0.38193909661068065,-0.34380864322039933,0.29582073881553,-0.52130650544032486,negative,1
20207789,-10.872362749621551,-1.17902945631687,0.68505414067972648,-1.7953226854335171,-0.20362298131968118,0.90351035984298977,2.8953565473517471,1.4537372059143938,negative,1
19940764,0.84253713314370593,3.5835774620470815,2.1975385899992421,-2.2837042957047089,0.77765687550713869,0.2941661754568774,0.70848483414355101,1.5680568166971267,negative,4
20120804,-8.1814653208743344,2.6693204167543336,-0.08443661929094802,-0.43838585474720204,0.92081036533767047,0.10543484373140787,-0.40648970169476673,-0.33116736389774498,negative,1
19890398,-6.1763588733694474,-0.56930391696430904,-6.2736824616602931,0.19036832106929802,1.400610588613814,-0.44602097995590706,1.4177044951976583,-0.02461640396904935,negative,3
19790876,-1.6840632051923983,-3.6002693350680954,-1.93046967194291,0.9213540607419165,-0.10558160401432334,-0.75933725267982732,-0.29572021767249396,0.59975149281915396,negative,2
19920639,-6.9067673011049013,-0.95483772678271805,-1.7464929017947852,-1.04721303933955,0.19538076729322437,0.62562797409680349,-2.7624516334472311,-0.54281625946879575,negative,1
20100323,-2.6273511645985237,2.5761577604396035,-4.0628018915035859,1.110266526245135,0.30204728973338485,0.54513619409514047,-0.04090064089865976,-1.9984535992966173,negative,3
19980074,-4.1839769506629079,-5.2729761163463937,2.0224574164235953,0.98259565225017065,-1.587333278241718,-0.17599336713489996,-0.45127896169619486,0.76114469898948689,negative,2
20090026,-4.026553856831212,-0.86011959317764497,-0.12636418782257408,-2.2142084732866829,-0.87908048584746501,1.0260699039195429,-1.3161742165702985,-0.81764641273004901,negative,1
20090073,-1.0192979550867765,-5.8878777936709747,0.8190444675728088,3.9697657233163364,-1.7343015142661786,-0.090800110454200472,-0.65423386567578801,1.0309522804189037,negative,2
19900037,-2.859920869579625,-4.5185927978840104,1.4705418345157057,-0.49326182105720107,-1.6222484125640526,-1.6068081398559682,-0.54835501070759185,0.92192538239924715,negative,2
19980750,-7.469477195661379,1.808055667556324,0.6937215850348829,3.7004672477920852,3.395542643000125,1.4663915136696484,0.56759738876554022,0.46147021446130837,negative,1
19890443,-7.5755711913043955,0.4228630880241156,0.89635444719822943,-0.58768919035632916,-0.22655649925787713,0.52161218658360431,-0.8750993292201803,-0.72054986997781489,negative,1
19950265,4.4295761233988697,2.8532703338940917,-3.6094563966804678,0.25306482684153542,1.2262036942591028,1.448400160819338,-0.71218855963019956,0.30866288071801795,negative,3
19911114,-7.3582636864544853,-0.80270884615179339,0.032285487896451991,1.0084162193114012,-1.7304891870375663,0.26844636738812261,1.1169046084061944,0.58517974801810435,negative,1
20190716,1.3701627591715024,0.031897286060187074,-4.4402009750934042,3.2634449047343677,1.0742851668801643,-1.7238803015801498,0.11157736350301524,1.5497293189949615,negative,3
19800583,-3.7973406275386767,-4.2075269733712792,3.6569240510727159,2.5788529913259759,-1.4575993316596547,-0.12754224026853911,-0.75196526107431216,0.99738582153122779,negative,2
20000668,3.771639879898125,-2.3434133323826161,4.5073083089100194,-2.8426951305439312,-0.06081271361542151,-0.26566263791500261,2.9010422303809369,0.69461202186462367,negative,4
19870604,-3.2090255581481846,0.74557895093843374,-4.9049225271641959,1.2292338926953332,0.43733409786257704,0.98588908059904101,2.801637140188419,-0.43559713440564329,negative,3
19930061,-5.1722319289801817,2.8870614660544676,-0.11828457603618844,-0.68134123430742466,-0.054966549248811988,-1.1708929509005994,-1.1772873492699147,-1.3061735049758507,negative,1
19961042,-7.8460636148548373,3.5828341559823955,0.26066621417522184,0.66831394927568399,-0.078787592134516318,0.84356399754110656,0.22935789235424189,-0.30493412802391584,negative,1
19940497,-13.443714623215515,2.5618619133766689,1.2541136221891906,2.1970864571644109,1.7868313509903428,0.16413232365449107,1.8330725318064593,0.64160422543819695,negative,1
19960233,-5.2193558021996349,-3.5353220924621116,-1.1644927811541419,-0.72409157932761448,-1.5460546949691156,0.88646303389974657,-0.26232123952488379,-0.55055294771228402,negative,1
19921142,0.26341793872228758,-1.8925371539129381,0.073631054722820527,-2.3931979945955684,-1.5034942518490555,0.023467826801993757,-0.090713072929613586,-0.022225587319884839,negative,4
19821103,-6.1132100820573489,0.19824419980502386,-2.2222341865585427,-0.96495040932458609,0.22609338596860459,-0.75200530297015078,-0.47190594373857919,-1.2693473646925801,negative,1
20000119,2.7261768168647809,-2.7999530800856189,-1.4106649150770878,-3.2434521230837876,-0.41804230760541666,-1.0366921474714439,-0.25444490732356095,-0.39078895458493107,negative,4
20180039,-7.8582599337208299,0.28038903511025598,0.56709010429697504,-2.3195512501656053,-0.60762176772742171,0.038049937632426103,-0.93545504678592462,-0.57744705706473798,negative,1
19910096,-6.1037566818879085,-1.5213774878598689,0.88304135093957425,-2.6572068772309656,-1.8850685143265808,-0.2326694797270929,-0.5533956775809411,-0.53288860282755546,negative,1
19920535,0.2019603813893821,-4.0281483109136289,-0.26643835484954997,2.4177786941069832,1.0196952861929327,1.3810074205954821,0.48682521180983102,-0.19947452780508318,negative,2
19790771,-2.1823477947251941,-0.90701568195547522,-2.4405835705361443,-0.69018957161128103,-0.15710374352749465,-0.4671372133401932,0.40262152036607107,-1.1615671831326948,negative,3
20030216,-4.405490042477811,-0.91962883001504692,1.2120162952869267,-1.8863147761731489,-1.6431604630063523,-1.1289232714126098,-1.4967056966517498,-0.15350477348582958,negative,1
20171126,-7.4556702565034669,-0.28233321859167537,0.76502854612010862,-2.4725888471967701,-1.0271263839096088,-0.0014414483900611213,-0.22516552419099992,-0.43622806778470696,negative,1
20190844,11.677388670911702,1.365101961518286,-3.9229378268464385,1.2638476504149503,3.1570257271390392,1.1395339143898215,0.04531546529475821,-0.34917467900011323,negative,3
20171173,-7.1036753995959332,-0.12372963579036698,0.39749374400490101,-2.3024268774046663,-1.1397888968195486,0.81070949436974127,-0.35900718042573088,-0.7393005228676417,negative,1
19961135,-7.3359032828996744,2.0912831942429353,-0.45125110102009214,-1.3772919590611339,-0.59460764567456792,0.83275555139349944,-0.69250322670248088,0.24637716600894066,negative,1
20110459,-2.2449909938819705,1.6225049094837212,-0.76648388288564073,-1.714418265902681,0.8804010843290182,-0.55320461970399448,-1.5050664586856117,1.0050986441402956,negative,1
20140185,-0.30675579554861676,0.68337167469454829,-0.42405937308849584,-2.2945517538292632,-1.5171979915282381,1.0131998999845135,-0.26118645575807342,-1.2427682819570647,negative,4
19970767,-2.2589978073974066,-6.5726150220850315,3.6072702875649441,1.976750103895508,1.740776047875594,4.1984183163705477,1.5084880940523606,0.98067530056870922,negative,2
20020034,-7.4436441113889309,-0.0044762889178159562,0.33930689467926539,-2.2672009062527727,-0.065678734640738923,0.45635772051054907,-0.85801479123225854,-0.80343700740309798,negative,1
19860551,-3.7571275612059289,0.13053006338000833,-4.9338813486167741,-0.20344632614211378,3.7831138466478902,-0.27526369488731423,-2.0918665219257071,2.5371060945229118,negative,3
19961045,-1.9449338056919439,0.42058300038563551,-3.1521997268221762,1.7905384776803324,1.0679462485229638,0.14998946590164786,-0.015430746421913669,0.084070453551635865,negative,3
19980972,-8.6391953766408598,0.94434911708200397,1.0426379129041308,-1.0331593349413544,1.9143001904995103,-1.197998004557131,2.8241528316556219,1.4198884515815984,negative,1
20110977,-0.94719296762965577,1.5519761693139587,-0.33382002181454506,-2.2479919359123866,-0.60106702665100931,0.01549176074541987,-0.46716387836900575,-0.047892804662988411,negative,4
19870656,8.7146200375325442,-0.28374012760627387,0.089592531216011226,-2.7052837082548988,-1.3765032942800495,-0.21456857106532987,1.2445661663317868,0.19318401939432386,negative,4
20070299,-4.0331514684543448,-0.53423834431901596,0.5372084748646172,-1.9846337404740524,-0.69194827188898178,-0.38016596268952596,-1.7972816430203988,-0.32421125845696591,negative,1
19870127,-8.0925187520055353,1.887572142625997,0.48312000701511099,-0.94633201240623244,-1.0710424763354547,-0.04526041606058312,0.85691760587108212,0.71371325153151688,negative,1
19880249,-6.988489444265972,0.86108060988652213,-1.562084719676744,0.31391306406594,2.1792940420998175,-2.2247057370471799,-0.80399046035898114,-0.56216655325417042,negative,1
19980208,-2.4240390148628634,1.2739165068902458,-1.682768180764511,-0.446847600859264,0.038292300356096445,-0.89963465737459059,-1.5487462001010379,0.083569643531322568,negative,1
20150483,7.5165753902941121,-3.0178965349348204,-3.1832991774787485,-0.09529515161708535,2.7862858613613071,3.3529185958775227,-2.0507080551575645,0.82307038868365212,negative,3
20010219,-6.9530174286886277,2.295186222683697,-1.710300218896978,0.20830717651792979,1.3123738634380273,-0.25765795319126905,-0.96916058737436794,-1.1749358821865037,negative,1
19930717,1.3355714062319641,-0.1203085535430833,1.9950377531166574,-3.3401040523865393,4.1814843987982178,-2.0921632771438787,-0.76239877004989887,-0.24468256317685963,negative,4
20060016,-8.3715166696613288,2.5300228485439069,-0.40424069034130949,-0.30231363455923121,0.92697853952102527,-1.0188109578512552,-0.49597035191593675,-0.29065180296342713,negative,1
20131021,-7.0506547536821573,0.05124394472265309,1.2182668214852688,-2.1978350771197652,-0.64062502621614714,0.86903647940637985,-1.1615539696821175,-0.78368370487240846,negative,1
19900396,17.127788704957585,-0.55441599546230791,8.1803683091346464,-7.4120562256752418,11.485722555753592,-1.6561139102327054,5.3620325279269219,-2.5172676351691523,negative,4
19900369,4.2789588756039283,-5.8127804951303803,-1.8842770756993068,2.7408985846355529,-1.0094061000643535,-0.85113008014399993,1.6156939509082777,-0.057894704247084774,negative,2
19800328,-4.5608351079404885,-3.6263766368497112,3.198278142039531,0.25433172778945995,-1.3728372969616458,0.1423269210368987,0.49637808909928616,0.28656842443068242,negative,1
19890039,1.286950484240573,-4.3899986545756402,3.4222113868188524,5.5715886858276278,-1.7790910529498922,0.12305127691282583,-1.9209666140377526,-0.4589667400795987,negative,2
20071135,-4.7691815677478591,2.1546070873238845,1.0108156600564597,-1.2252631644005834,-0.45424884788607245,-0.053001406857803073,0.30856301242193918,-1.1092583742912281,negative,1
19950191,3.215427379711326,2.2281393550392448,-1.2329539482950247,-2.1791174780113578,-0.77187687432613172,-1.3383457101666707,1.6365347396504886,-0.087440348510648275,negative,4
19970735,-2.512844751509919,0.91501235097567268,-9.0823128456014466,0.95951250909182773,3.8641632957851781,-2.2323245800674876,0.1345013193414592,0.70651216196149369,negative,3
19790052,10.999026970627902,-3.6070559860156588,1.2211147889158445,-1.5260488960365723,-2.9059675072253515,1.4790299653874421,-3.3559237259197952,0.05116146681328794,negative,2
19830150,-2.9014237350586436,0.87263280262544107,-0.46478678782704091,-2.0162616654167484,1.982548770220381,-2.4550901459960124,0.072446552094180064,0.72951498641611878,negative,1
20150285,-7.4093319828884452,-1.1317237557725934,-4.7485372588526351,0.93769023494538373,1.0875692614041703,-0.087935100707264569,1.9081817111522772,-0.43082591656745756,negative,1
19840746,19.762534605489957,0.56175552164851905,-6.3723530915247908,-2.854372272205572,-1.1091627505884705,-0.80943425390914636,0.4864150010832623,0.64816389615740611,negative,3
20160248,-1.7329358872618481,0.45581771815397454,1.8387751640856271,-3.103956286058775,-0.35135740264139309,-1.1927782290796849,-0.25556136469725782,-0.72903082504034455,negative,4
20090198,6.1284404637897802,-4.049507074437682,-2.3305326792551471,-0.29128442821905326,0.47175862658808609,-0.88601373831222241,0.72570842881161957,0.27558040240565629,negative,2
19920787,-6.7278949184626011,-0.16006521003979149,1.7167885762345154,-1.2331693874989664,-0.12080974910337335,-2.1430530528801568,-0.4463515267382312,-0.096769831807253293,negative,1
20010171,-7.3053752905047409,0.86710320504116334,1.7724022520088574,-1.3185294228575093,-0.95356649285340755,-0.048590693255365608,-0.78375222788860932,-0.86619384314126258,negative,1
20160539,-8.0384672661945125,1.4949575376189634,1.1159586490594646,-1.4669681240155832,-0.49989154534256158,0.53159381256448124,-0.06177590623458,-0.71249596116866432,negative,1
20190657,0.0076637420644029798,2.1684780085881661,-2.7376835133103774,2.1879851883316142,0.25446081073962995,-0.89832344256492669,0.075902540240811833,-1.1784388488572659,negative,3
19880650,14.186617155757345,-1.6758661462269917,-3.6399055243863301,2.1994521318623668,2.4390073558678531,1.4153373986496696,0.21495345423251144,0.55882915862205884,negative,3
20110614,-7.6789458259623133,1.5886596973084957,-0.38504837573466461,-1.4360830327434706,0.27793651605351116,0.68477637214791864,0.010507567959040084,-0.5271318435436495,negative,1
19970974,-2.8435543791911817,-4.4389589474419981,-1.1740558042514109,0.17765897185147736,-0.17999401096279069,0.54784077894634975,-0.23134952436709544,0.2468700279355866,negative,2
20120295,4.2225060495848608,-1.3529254110116202,-5.2081681279681336,-1.2029220160284138,0.7700960313367039,-1.1169392251495025,-0.15948944598254627,-1.602299187203577,negative,3
20130138,-3.8948481075538668,-4.0722425564552012,2.9949947077649708,0.53735188548748769,1.1352319604462975,-0.91922375524758959,1.7356284682469307,0.3710112550305088,negative,2
19940101,11.952699586893566,1.8417614792473724,5.3367710718078643,-2.2493427220819679,4.5372325779942972,0.032327174458965907,-0.84789202261604446,-1.994600749026392,negative,4
20180427,1.1471679451868448,-2.1671455888804463,-4.159325404646852,-0.31871606609172215,2.0632057725200372,-1.4881385090281616,1.0047974047206032,-0.65160232395465534,negative,3
20170749,-3.1314813325451571,3.630408457916992,-0.53171653278134112,2.6757388004970926,-1.1257191467036549,0.7901354275883169,-1.5821367846156755,0.55441224863756533,negative,1
20010722,2.066564612505879,0.51892010861522464,-3.6524171921175252,-0.35592843556628651,1.4731572321707651,-0.018835751831197973,0.12107290157619967,-0.26237523460836004,negative,3
20040201,-2.3863728316619306,0.60558331218239181,0.67482307671620345,-2.599107060744613,-0.5966088257566402,0.22811330970841892,-0.63175955714272547,-0.3057365765686223,negative,4
19930286,-5.5880879474861329,-1.2700079220774363,2.4855686023742254,-2.4026875212410475,-0.78825482297157057,-0.94512862811173615,-0.16009943341901312,-0.15621296740917034,negative,1
20150112,-15.26135042314818,1.0771159759298263,-4.5410158957618103,0.99464586414922607,0.90337945863499636,1.3106074473541138,0.21639559198834979,2.2150035472536018,negative,1
20160395,-5.9414385896270785,-2.142035246027957,0.66292981330230871,-2.1070701594471362,-1.7777748556406983,-2.3329031183284292,-0.31824977732835696,0.18612750617967869,negative,1
20070086,-7.8751906437588914,0.95568391983960965,0.26992068615421139,-1.8307602210134226,-0.84423120556785214,-0.30150056454907986,-0.91717123024832059,-0.55424395740983445,negative,1
19860095,0.4246764868215383,1.2018553522453959,-3.8342740667874926,-1.5201808576620768,-3.7584061755060829,4.5801030635875541,-3.7180660539596548,3.8575464384050751,negative,3
19960081,-3.5534034175022446,-3.2544413964788874,2.0400733795463633,-1.562404913264491,-2.2503421191789816,0.59210854210759034,-0.43717551880901973,-0.38981895421581469,negative,1
20000354,2.6122246646843452,5.011621413679574,-8.6145945225051666,0.27596122408005708,1.32317159553867,-2.907662025778849,0.5803723989663836,-0.38525576443139242,negative,3
19890304,-0.55356421783490839,-3.695745444203026,-0.73244216449170196,1.0214260148783023,1.6133967183102738,0.98628609249235444,-0.2856131054355967,-0.97040730365490069,negative,2
20110047,0.11615823920485856,1.8622643859741075,-2.7842582247761194,-1.3818065701926996,-1.9972327742521296,-2.3481108949690195,0.16269820209511052,0.70873978025386264,negative,3
19810237,-6.6141150286920078,1.5858907637014885,-0.72137265417464369,-0.64298438065396157,-0.11906979050398118,-0.13022512637630149,-1.5181644373871477,0.82062119121546973,negative,1
20010189,-4.7110614240810902,1.0160077674347396,0.089949713165634645,1.6157379304869772,-0.16496970661298754,-2.0032145588223709,-0.13744776267743899,-0.074607423648003074,negative,1
19791091,-9.0677563361602989,1.834803765069567,-1.9529653373409124,0.38795149333758605,1.1813359994939507,-0.14552859252230951,-0.24689342940923398,-0.258721517678835,negative,1
20190605,8.8756891207193558,-3.5156807388803029,0.057965274887271906,1.2959756795413309,3.4541445819796128,0.14190598120379516,0.38781734069435542,0.37816424833388124,negative,2
19950376,-6.5481290972329225,-0.59663367607827389,5.0739999791298107,2.2615234329422682,1.6394820009241053,2.0355208292489175,-2.041346128842727,1.4723256095720874,negative,1
19900655,8.4735217211949099,-3.0741305322274393,4.3613851214311339,-0.49279789952581499,-0.47773574703156041,0.0093017915612156887,-1.32466977286874,-1.219245485044516,negative,2
20161094,-2.302770722791502,-1.2988543718603254,0.22465044712891866,0.82151345191498026,2.7570661832062724,0.545025044262891,-1.4143474763369814,0.04545634849251888,negative,1
19850337,4.7638939863545424,-5.4891015467160544,1.1692121405659992,-2.850455334877037,3.3410324245527745,-2.0659822613801628,-0.095988541724746704,0.46395353918114307,negative,2
19930309,6.5426118021712227,5.6663897876307656,-0.49314787585415404,-2.2758275681543374,-1.4188379180322777,0.8515796080577166,0.36497482044414992,3.1329803897425403,negative,4
19891005,-7.8885076745312626,0.53590026804677382,1.4742322734823672,-1.621807931557613,-0.39170984386358237,0.35322613068584419,-0.3489954629578455,-0.57368448875545974,negative,1
19800736,-2.7366947316242922,-3.4969237346414541,3.3144470881180408,0.19144359568636973,-2.7654034031554406,-1.9705875973460272,-0.39978011618165527,0.9634039484338105,negative,2
20080434,14.228897088199465,-0.74426762057264273,2.9800495326203387,-3.3671667757597241,7.1641143547578388,-1.0568219205770908,-1.0478813969208356,-0.40074041843426145,negative,4
19900777,-2.4552300701943475,2.5156514005749604,-1.6949215744830577,-2.1660538320850908,-0.70341701690283875,0.72155675695243238,-0.92700024137154413,1.1478395939122907,negative,1
19850215,1.1183106301836985,-4.3475712183240489,0.46476764645254853,-2.4458496659773403,-3.4200975158385143,-1.3941963507867245,-1.72446566077279,-0.038137678671035471,negative,2
20100436,3.7888447810170742,4.1769855017173709,-2.5377899329235234,-2.7659698090741109,-1.963031227957033,0.6621360197853623,-1.217730224109433,1.3612821224057734,negative,4
20150115,-3.8692364549276745,-0.78097529312956804,-0.27184068794337429,-1.1056598050672213,-0.68281488067280394,1.9273112218965218,-0.48082595931708716,-1.4455706134137334,negative,1
20100897,-7.8302693702417443,1.3276548488617421,0.38575457547235198,1.024427431692003,-0.15910218522399383,0.83062674892047383,-0.40229291671640949,0.27791404132315611,negative,1
20000488,-4.263140959918915,-1.896665005383164,-4.3868107113837285,2.909861291436783,1.9891116038615315,-2.6617037576290441,1.7202890889802904,0.33475454008887129,negative,3
19900006,-3.8967483363929589,0.59921035659366173,-1.0006150566403895,-0.61514924885421596,-0.41216749801123392,0.46661256466700468,-0.352430148605481,-1.2389797065091068,negative,1
20121049,-8.2837406832891087,0.30769447492582369,1.8140964310809269,-2.331233666259648,-1.2035014343119452,-1.5872441764588421,0.18861917217110391,0.14746602495711478,negative,1
19851031,-3.0062003405136419,2.1965642081839873,-1.7724750469680617,-0.68326306286237182,-0.2177236064320861,1.0261573444713779,-2.0427891897610913,0.76163812569366929,negative,1
19791119,-4.7106111934459669,-2.4394464384722365,4.4500126285358128,-1.3650207132659571,-0.78392441441883343,0.60355330115630301,-1.4992854798706641,0.89569691569488497,negative,1
20140997,3.8977978201968244,0.026706211544547116,-4.3023661580610115,0.40094092537792553,0.79578109101510497,-0.61008887410456603,-0.38930394685327274,0.35823257044045392,negative,3
19970381,-9.3201185179760646,0.73153641626993582,1.9558767395957941,0.34640307992504749,1.5054167473870395,-0.10956469650350344,0.14406045312387256,-0.45687661174589411,negative,1
19790847,-4.6047928953730706,-1.4278122984693657,-3.3822305067510721,0.47853970546381119,1.4547785094958434,-0.19339778047405226,1.7137609446869799,-0.34756247271897156,negative,1
19980010,-8.5889747127002174,-0.0026957734006584065,2.3166530920494433,-1.407959570272828,-1.7180255935969153,-1.1745492185143502,0.2128834120901992,-0.066346757840870657,negative,1
20100312,-7.661001569382802,-1.096951260238737,1.5531557750569791,-1.0973595552777413,0.05943819767568722,0.13146095141655795,-0.82158657624272247,0.18277527806237306,negative,1
19880051,0.69350303965350313,-1.7272306922451675,1.1036641122646371,-1.8932993261980302,1.5742574448755584,0.26614344370202908,-1.6785173328549945,-1.4568414977340565,negative,4
19860092,-3.4015144653617471,4.036693193170958,1.9167538301977654,3.1825946220732728,0.82352037223608465,1.0802111832303685,0.094434813546214594,-1.5417664218358516,negative,1
20020103,2.4540519940874654,0.6152038451461691,-0.027358289918615879,-3.0228384975174416,-1.3921918515997047,0.063933418075411599,-1.0023932974006999,-0.31905162747290949,negative,4
20130245,-1.1075969019748042,2.5751065639759814,-1.6975188892626834,-2.0752326256482623,-1.9278123436727812,1.1780456309249798,-1.5356019749653746,1.4810790402105578,negative,4
20010854,-6.6048354572901022,-1.9346524696547127,1.6415848439035901,-0.64271467282614492,-2.6866165186730786,-3.7632620433438229,-0.035640719368641882,1.3910653219225939,negative,1
19860892,-5.9664799627015279,-1.4301383118153923,1.2247610412578951,0.44030397525948456,-0.30556983978723773,1.0395562887103187,-0.32429552462352029,-1.2374317604858416,negative,1
19960472,24.97135126774501,0.53851676202484222,6.4634133910004596,-3.2736417159366957,2.4368577882879277,-1.2881343742948426,-1.828093485312277,-0.99114849375172209,negative,4
19890708,4.4321506225984919,4.0146055140475445,-1.1192624335934385,-2.6043582106938414,-0.31590056041387654,0.7395184617785362,-0.51724634145293091,1.7545648734652599,negative,4
19900383,-7.0226961950456035,2.3216125490490458,1.4108584382624403,-2.5340543917094052,-0.80692226318722349,0.95123656970581794,1.9079972057677113,0.36773909257915705,negative,1
20070304,5.3471592546481368,2.2851814807256745,-3.7580142763846758,-0.3618354971330785,-0.47635661132774737,-0.42448216864312377,-0.047595607059810356,-0.30998257719607275,negative,3
19930675,-3.9904262217322022,-3.8610662669766427,-0.78687534943933612,2.0007134517754834,-0.63196044157519082,-1.0481409037201661,0.80102030185590567,0.4969955881930313,negative,1
19970004,-13.841172781062593,2.7168726487716586,1.1615709560220224,0.38963770727149943,2.1410418400494682,-0.78149572596591532,3.4186862096399593,-0.17822352514708339,negative,1
19921027,5.8187159996012516,-3.4387168024215082,0.41418675823461043,3.1146770322743937,1.5438639068084927,0.67417445566300271,-0.15366671594194425,-0.31993781457954218,negative,2
19950728,4.8081318433295488,-3.965682168164276,1.2779144873005974,3.7436566247116332,-0.96933518313026357,-1.1258700863279085,1.0745533497088546,0.23383744788034067,negative,2
20150496,5.8334344240454215,1.3064514066407489,2.3796991687600295,-2.1411535529857706,-1.0191078261509701,4.4471049691336608,2.2207346785914899,0.90315240437754785,negative,4
19910628,7.4964957644675012,0.71587712008492876,-5.1313602498909363,-1.5635756213182681,-1.1331890457090765,1.8131121598176645,-4.7460836716036914,2.1550775794744044,negative,3
20020021,-1.7244407953764271,2.2913124537773872,-4.1221755760659233,0.31205961534563009,2.380695760666995,0.25588258644678913,0.12918713093210374,-0.77688412245017846,negative,3
20071127,-3.7526498322722617,0.5826175742367723,3.3928221431171033,0.79558097684436435,0.88598774951918924,-1.3733840431265367,-1.5288028749648299,-0.64740374998375139,negative,1
20020104,4.5967767690603285,3.8907715095766764,0.67489973303549455,-3.3401077215273496,1.7572720111415812,-0.42856269917864309,0.72844140642372313,1.624664411858209,negative,4
19930103,-5.1088697074406602,-0.31924449729819204,0.088268578307076059,-0.8235513415582566,-0.97916094653733743,0.74630323662641462,-0.12987346294625071,-1.2204419892176539,negative,1
19970772,-5.933091766066358,-4.5033053996564547,4.14226681255583,0.62150564936735919,-0.53691865228652624,-0.021834507237343308,2.9358189353514796,3.5051365778787105,negative,1
19940954,0.31504721288794596,-3.3145096132809488,-0.66033597586853987,-0.43192132265960809,-0.096973953072228183,-0.33029126361460442,-0.6164919799388463,-0.045235828570546206,negative,2
19840915,-3.9594081556053857,-6.09776244616417,0.38699762400717874,1.5536333840600451,0.43267091771026284,2.6883173764736079,0.44303977853143117,1.4617382862238668,negative,2
20050558,12.032425066861702,2.1798124081005632,-4.3343516167411371,-0.57845294893438781,-0.58139128046716237,-0.78749951519428529,-0.0068517470951342616,1.3650872092862814,negative,3
19790731,-2.6882309053800131,0.90147782006559563,1.7074106762706003,-2.9294184214748196,1.3133442822735533,-0.19245829634046252,-0.60722472769709268,0.31396400960930859,negative,4
20050906,4.4268290742713194,-4.5914782874928228,1.0717342084661208,1.0893326900553892,0.71071240498967647,-1.396618109473849,0.77950633952348491,0.72056012962321769,negative,2
20160132,-7.429394847978374,0.050601197908657719,0.25157312180060498,-2.032504830369807,-0.4042606219100206,0.46491524445615334,-0.71368599334496807,-0.52787698027716434,negative,1
20031150,-5.078033014017902,-4.7317236847173545,0.91358267633356693,-2.9417088099175506,-3.3707570203004065,-1.9354853232091789,0.47856609339103368,0.16792840743420767,negative,1
20060173,-7.5089941920633656,1.1558023359874017,-2.4840554066133524,-0.32999934125860042,1.2957954605186703,-0.43395483952981162,-1.0608364416776093,-0.56977146297033543,negative,1
20150491,-9.4293068135588864,4.0479738469146689,-1.6055474344826779,1.5769047331383259,1.7944319335905528,0.34550123900793944,5.9640254088487969,4.813358054904687,negative,1
20170544,-7.1639131513185177,-0.26255385490430971,2.2496919888512679,1.7296246470505832,-0.066510296535202851,-0.04292320106634144,1.2959347339386924,0.26674313742441791,negative,1
19810691,14.576774645829481,-3.7062883203717725,3.2658947316899858,-2.0748568248799035,4.8239663074590844,1.0308811140967156,-2.492872737336937,0.44040170742910567,negative,2
19970650,1.3678922272560008,-4.4481933699502925,2.9432032336999057,3.49742054765749,1.8002697582780161,1.0258022023568307,0.54937179655255675,0.96326329341268846,negative,2
19880974,-3.1485096077122394,0.11622559182565508,1.095720354816178,-1.6558515931130242,-0.57244575746022841,-0.93404947351838974,-1.3136000947417474,-0.54218799442825583,negative,1
19790137,-5.0946040924092397,0.1649077127366394,0.96770182475613631,-3.5546259188039104,1.3004097236245973,0.30889966337482327,2.1947764557748877,0.85130014616402372,negative,1
19950991,-6.4346799444902887,-1.2489939845682869,-0.8756824006334798,0.8513724082936559,-0.43694624923491671,0.84264654466781186,0.053134043075129436,-1.0990476950468,negative,1
20080350,16.354609088047631,-7.669935800797977,7.9098437489848248,-4.3947862951685162,8.71599380186173,2.1973576490962166,4.0096552394819156,0.59184841289959944,negative,2
20010014,-7.9324998534831206,0.55088165778506148,0.51509718289836737,-1.7525271363986643,-0.55079957346193675,0.37535221364926197,-0.8762167185936679,-0.74485577409735682,negative,1
20041062,1.6031295258283944,-1.6234269763245897,-2.5905753917876431,1.6462354079664783,-0.66968033949310224,-0.29466527644643548,-2.4901405382917448,-0.79144695417777855,negative,3
20040537,-6.0579857874144434,-0.043534013403025359,-0.79499150421250175,0.32473888216947178,1.4436560831027707,1.7794141122390816,-0.89077298135391059,-1.1633134198250379,negative,1
20050665,25.007646082194437,1.8756349695337236,-4.4450027333482662,3.5475055099487842,6.2352500868174037,2.3706969882675293,0.77527268573157437,-0.61687586270855554,negative,3
20141089,10.432093541030557,1.7133875809593555,-2.1453694597213726,-2.1455657146521032,-0.94393153219854242,2.0507820314431759,0.92005875595604447,-0.48856914416026326,negative,4
20180435,-2.7358210513836312,-0.46425715931430606,3.5165846746407325,-2.8560261649835632,0.93996745037341889,-0.18715039420536825,2.9572172985719716,-1.006309105339801,negative,4
20060816,9.4352824966455255,-4.0361665786042984,7.9703794730299213,-2.5688940636711095,3.297672518401852,-0.11700726215618491,0.48908427927764309,-1.3551412110437207,negative,2
20160857,6.1001387269646612,0.50913728913807121,2.6732476459422725,-2.2038532058673006,0.79119552461660581,-1.04359776420176,0.63525292950886503,-0.34371669369472463,negative,4
19980721,10.151154137692586,4.7815493237592657,-3.5361400209307527,0.63822264069767398,-2.6563621053722164,2.912082421302201,1.7658150835746311,2.183598953796396,negative,3
20140207,12.051942258002095,0.41197946057636747,4.6857412436511927,-2.3674904883726038,3.3900310515606731,0.32011001006747858,0.027204554182142068,0.44706447056136744,negative,4
19970844,-10.164417802067636,-1.6623453755365596,1.0117536959041074,2.5757862238291569,0.81258701534679156,2.6500707080336441,1.3354603939605554,0.77947892393197127,negative,1
20030049,-6.2003200641689817,-0.30735456590441446,1.4060619187270331,-2.3375387957577276,-0.61753348084594828,1.0141336022642096,0.3322790779171782,-0.26969295478942601,negative,1
20090651,-8.6431235094732024,1.7819399354565439,-0.04342484930739049,-0.15881279277441684,1.8947990613924564,-0.79300886514692803,0.62273157176192828,1.9777682857393399,negative,1
20170679,3.3766654010493751,-6.8704423777690575,1.8371409248841035,3.8675154003908059,-2.9574612608035165,-0.45237008655237659,0.57527755468817954,1.2990942354058488,negative,2
19800601,10.61426943023096,-0.81392468744391389,-2.2807200482272272,-2.970532074549717,1.9887160280962248,-0.37817897861843319,0.14806959793097949,0.37736120590185901,negative,4
19910919,-2.2592305210925758,0.75255271099615195,-3.9070244318071734,0.84078490962523911,0.38595680580178299,-0.46712958154236323,0.96654496173674442,-0.28344752465608181,negative,3
19870927,-11.00283215438148,-0.3027525424353037,0.89174883429651797,-1.5202920595424574,2.7837635898064454,-1.530644178967522,1.2818708480058592,-0.11973453085022186,negative,1
19870586,-3.1621462212162372,1.3147626897744367,-0.064988064734508758,-2.5020259359965955,-0.45423252118296198,0.0065054524951994918,-0.43819753394527305,-0.016222782350542943,negative,1
19871086,-2.2244932821202199,-3.4228677386116089,3.2796950774062354,1.6418689119916652,-2.5590906221046983,-2.557598934081748,-0.20505012097929826,1.3919853308935419,negative,2
20050036,-5.2916022596958232,0.5534619398391154,-1.8538407565026205,1.4165876697033342,-0.83240505007442922,-1.5916801554643851,0.44584629436271156,-1.0937585871726494,negative,1
19800170,-0.77776512000361164,-4.6845302662313522,-0.30135899265645621,2.5426711566450284,-0.68523271340115022,0.61626343482051549,0.044917017748167407,-0.0067841709806225458,negative,2
19840754,-1.5682960069108176,-0.3544359606020952,-3.9467559473595037,1.0486547787440836,0.31877851351070086,1.6189629536381855,0.99410255623775745,2.3004882760390775,negative,3
19930866,-3.9973231983327784,-3.7786002603824316,-0.44043345662413658,-1.79231891083858,-1.693908355531637,-0.46136925908529569,0.54760068537851525,-0.28898723105709634,negative,1
19930438,-7.870648740693456,0.99265631358376416,0.29295656376176626,0.50310841669977324,0.55109855178423983,0.59978583736318614,0.18375780981487097,0.18002412543075932,negative,1
19851076,-10.379195312852953,3.8425515339902345,2.8216706872538313,0.18238471852265914,0.67875532044120301,0.24293296935081893,3.1780756175264866,0.8676916989450979,negative,1
20080302,13.096746005975577,-9.1765591595597531,7.5348466655464392,-4.8294377911829915,2.8790910113542076,1.4191767678789851,7.0303994387833733,0.032093617266273362,negative,2
20100355,-4.6275841558108493,6.7532315721137675,-1.7919263029562151,0.56279947467360836,-3.3309438788559067,1.7925929745191813,-0.34874344605401647,3.2049233926368785,negative,1
20130178,-2.3128870345687704,-3.1368821191882845,0.486149532716388,1.0065566176990208,0.21405913938733817,-1.8867073574374373,0.10321593273269283,0.83741122872880525,negative,2
19811176,-7.4193493755746402,0.94838933425012417,1.8394873623107451,-0.52791668948781134,-0.57198423672113718,0.62467659653608709,-0.015558825035652377,-0.19017666142658168,negative,1
19800724,-2.1259208520055237,-1.9766894375868738,6.0799854743167918,7.5572103832943744,0.27085583818068498,-1.7844846158026948,0.19321993724389389,2.6420516741508693,negative,1
20203303,-2.7120076332712628,-3.6241208621867189,-2.4147458990902897,-0.22878053985644251,0.20748514770419613,-2.4055383206444287,0.52617409594558417,0.47351287583510793,negative,2
19880732,-5.9493998543450006,-3.2854944896641487,1.9855255559750962,0.29403027513711788,-1.45912850967358,-0.33616366183162477,-0.91211863343161892,0.099459730778112446,negative,1
19790385,-9.5523896481899726,-0.18092585244367146,-0.04972988609097205,-1.4378048488638213,-1.0104898810257772,0.031631728497183417,0.8115918206124213,0.50196963622507418,negative,1
19930293,-8.7299793345101282,0.27996264442948754,0.7822151633078035,-2.1801009663858117,-0.55834759511196763,0.12147784260603671,-0.911983463686311,-0.67333155624716756,negative,1
20050113,-9.0228597452749639,1.7755198127356766,1.1798565323930679,-1.3647302146579923,0.13742827491492213,0.054093054550032021,-0.71632537942243002,-0.38562857218507346,negative,1
20081004,0.60727649652845817,1.3169640448289519,0.086394371720320273,-2.4716340065047389,-1.2431391102991605,0.019496448136839307,-0.57686745589045851,-1.0841249679206153,negative,4
20160927,3.0114309481807857,-1.083274397523438,-0.69887993576151541,-2.2851515280074866,-1.5074198964129053,0.66426647433056596,0.1360337480736494,-0.73739579092572405,negative,4
19810554,-1.5623757830788088,-1.2498024127225873,-3.31281722217643,-0.14160772106630204,0.026809158641040276,-1.0832401855649474,0.19971693972908058,0.47143676873873297,negative,3
20101006,-7.0742381334445161,1.0633890241841899,2.1828683947094496,-1.2587911656084438,-1.2030466077579764,0.92858434721469374,0.96828762250534095,0.015543732473996215,negative,1
19880645,-3.6755834188440515,0.39405384021097417,0.021854661895382429,-0.31020829325352117,1.2561357878056005,-1.6973756116684036,-1.4012031837640926,-0.68226230650722031,negative,1
19810225,3.0315888515480944,-2.8037752222057826,2.0373256763581895,2.4805934392363094,-0.9758736331648733,-2.6782962011168907,1.2224050623261662,-0.058329016263439469,negative,2
20020833,4.4413917732661963,1.2601796425388903,-13.625242943934458,1.5127784374713245,0.90314755003952252,-2.5330090410161938,2.053288889917944,1.2471857148248764,negative,3
20180261,-1.231986106215468,-0.20223712121893667,-4.8460422218919357,-1.2526196841739514,1.352035246911284,-2.0009108200818537,-2.0085880193446761,-0.30999354100637938,negative,3
20010164,4.3915344830583791,-3.7157790071513586,3.0749885011392122,3.6678321566275112,-0.35778821807496797,-1.0176346215141892,1.5622023120002275,0.024750728711579042,negative,2
19830875,-1.3915203740201754,0.48906737542055601,-3.159909582970077,-0.21193698654497634,-0.1170241836984732,0.0081872174007931071,0.19376726752649959,-0.031504109746656461,negative,3
19790583,-7.4894902784553068,-0.59406450899289975,2.6577552170913976,0.1932392344260716,-0.38149934768453753,0.71475152469317205,0.1807525251399488,-0.42937735049798187,negative,1
19800837,13.790961388133086,-4.2078922217627142,7.3042371816405183,1.2529776535175654,2.6997040523816995,2.1028318243573438,2.8675911573474,3.2489070705820517,negative,2
20090898,6.7601672017901713,-4.1134624261350723,-0.53389887496246158,2.495301240529098,-1.8181191215862496,1.2002471669948063,1.1708337014586792,-1.135003155809829,negative,2
20120132,-7.4852435404047482,0.52531349617721923,-1.4512828329889809,0.14596837279448341,-0.38354684326223532,2.0748152318915229,0.59035141844807359,-0.58422912659704318,negative,1
19880874,-1.1593740058870667,1.8086552833360126,-0.6892714153242957,-2.2790731512899316,-1.2665363037803576,0.46985185392675305,-0.52082562899513696,0.46108280432760934,negative,4
20040159,-1.56758326896443,0.84575461044755551,0.48883367918827225,-2.7092191013194475,-0.012825730404322258,0.48219366555122395,-1.0082729323224187,-0.18155522423332887,negative,4
19930121,-7.5435110238093133,-0.80957869417348549,2.0186538199216995,-1.3486255399427869,-1.0217462793046297,-0.45815276979849145,-0.65504021286180347,0.12270798288807314,negative,1
19870744,-4.2802322082930839,-0.61082115990251606,-1.6354488579389712,1.7652970948555995,-0.55766340375276779,1.8515532324118844,-1.321786299445129,0.18170763130329204,negative,1
19841096,-6.919371720931939,2.0297145697789545,-1.5514773493629868,0.3830565436486264,-0.83657229806965672,0.6721645138994361,-1.4618328385163804,1.7963740193808027,negative,1
20130544,-18.487335591266124,6.875049163230794,-9.0027015252576597,2.7637743319698895,-6.4025336350655095,2.1238000683105014,4.9567090117663142,8.5937216335573279,negative,1
19820543,3.5754250729546433,-5.4665170078424472,3.0626106516792806,-1.0096589881440015,-3.1344415510206196,-1.7706915380112604,-1.0290379626650807,0.58287053307427683,negative,2
19930650,0.37880975911946524,-7.6195973682398268,2.3798898713397247,3.8782170357087185,-2.2071764109740579,0.1390165062600798,-0.26825545319576738,1.4131504728947748,negative,2
20080192,-3.6237474815871837,-1.4395910731340888,-4.7288909529613905,-0.62866986768865729,0.89871336662200851,0.58833812590596324,0.14937752641107038,0.9368157661520562,negative,3
20160145,-6.0726723053196414,0.1980422537819386,0.24724261385279073,-2.468292658520713,-0.68974137325122797,0.90100599634084655,-0.67759313351695316,-0.8514544662996486,negative,1
19940854,-5.578706535128739,-1.8214216059190969,0.060348765548028607,1.9608738423764716,-0.70079509378360783,-2.7569977324704373,0.26918944970388359,0.17957641297834034,negative,1
19860245,5.8547121169317338,5.2863747166458968,-7.9542031801492277,1.9514420452951613,-2.2703845269271126,-1.5621428913527073,3.339366862800079,-3.3561666757028576,negative,3
19880286,-5.9534582697509713,4.3079564602376053,1.5134120482922349,2.5642693777160841,2.0056999600527305,-1.2929646515590183,-0.80839711075831322,-1.5982610980258021,negative,1
19930772,4.7615337387549683,-0.14915370550033644,-1.6801988766341287,1.1464966387335633,0.2685544250523752,0.60074913647488248,-1.6691354638193658,-0.26905595920296776,negative,3
20190904,-7.0818784214341299,-1.3997417730832655,-0.63783514126669238,-1.2643702771111116,-0.086531006088870488,-0.17501456948820043,-0.69938708666445892,-0.57543287652443265,negative,1
19800940,-1.1373741678959222,-8.2337086371188999,-1.5559604806029426,0.095792441818744412,-1.112691495778888,0.98993003202145058,-0.82504049860936113,0.64021126033149978,negative,2
20060620,3.0910100173969628,4.2353190776049736,-4.4112615132652513,0.64530187861299282,-1.2535856724441918,0.80502973006907941,0.19047043439757791,0.34159916850353694,negative,3
19870666,0.57646666233808619,-3.5505226132160344,3.4522476414921024,0.89596861356767943,0.73162112502465315,-1.6670357396027231,1.4168949354643705,0.15067854660516683,negative,2
20201322,6.7947835685462339,0.48603478940200145,2.197255018692815,-2.1699131145711181,-1.889312593148335,0.91207011588088727,-0.73066676615363146,-0.91558664149552205,negative,4
20140090,-4.5627734326793199,1.5993213327735702,-1.6210868589442662,1.2973665853426843,1.3204777265305785,0.18603648608838316,0.45692388840357073,-1.3890256642593264,negative,1
20110519,-5.0867943029195208,-3.8406098364957257,-3.3034799193024464,0.073003818351072142,-0.43771753633532734,-0.19685456510588042,0.038368712905293409,0.39324635646314299,negative,1
20150218,-8.8266017718277414,3.5196055029816939,-1.1717635885333377,1.0221949660508172,0.044108526786043462,-1.3135644629406613,-1.3182979077572188,0.089252032423918964,negative,1
19960450,-10.177343933003783,1.5748653288149395,-0.56090877054565047,-0.82523054901448534,0.10139245208919587,1.0425075782392734,0.3791368072783845,1.102091201337086,negative,1
20131043,6.2048406434935401,-1.1433210836089265,-0.56964264785175822,-2.6342931149165159,1.0006411643340338,-1.1982303984049767,0.19888525835826454,-0.68938635138278914,negative,4
20120611,-3.4942447654711999,3.1380506606883873,2.7945310853340972,-3.0710472463127698,-0.80486544228998647,0.9862708077652319,3.1227321869853513,2.0732915789483206,negative,1
20203738,-8.9872294968406017,3.4423882341583756,0.19022643410477019,1.8920475119135787,1.3504312709921651,-0.1544479162018112,-0.35154378217017318,-0.18489351564855189,negative,1
19940585,22.405619682121035,-4.0719918324916771,2.8622212998820675,-1.3968647106840886,2.3973349720795807,-0.77504661544491138,0.68288114165782321,-1.5025736678515125,negative,2
20020650,-0.60523246288332844,-3.9215818379296072,-1.5030770273101852,-1.6002553056136839,2.045037162466969,-1.000933337141704,0.20310168865136266,-0.75266017135984531,negative,2
19921005,15.063543610214166,-2.475364940414027,-4.0122444536967974,2.3542857138363318,2.7216160904329949,1.0054388706974839,2.6644333390993213,0.36278246894731286,negative,3
19821044,-3.5190008475367804,2.5043949559088086,0.18938298209416482,-0.080280806886675715,0.02465007650638772,-0.3292125057915562,-1.7813915369659947,0.020450015173228,negative,1
20120733,9.5689663451706952,-3.3513446202789892,-0.73259162801482169,0.49274389923338535,2.7783423309106836,-0.16775912911349103,-2.1386209788422668,0.65591915305870074,negative,2
20031120,2.7423196641799952,2.076080731256964,1.0188798891157533,-4.1494600815409584,-3.4375308453477529,1.0237807294143439,2.519130519578253,1.0810239347884971,negative,4
20180181,-7.7779051293175909,-0.43485657746743972,0.65361645707690497,-1.366317164637046,-0.46484188077291727,0.45892427225774057,-0.69592896172260488,-0.75984499653019022,negative,1
20130461,-7.6553772161215585,0.26009853979568592,-0.055753329109501565,-0.49185484375580768,0.23738096315526369,-0.071935250230399678,-0.31952464181123674,-0.42841112309697993,negative,1
19840419,-3.1049724275385593,-0.17390460686610371,-2.3972858980448524,-0.89195112783684827,-0.01063329510893051,-2.3171147264474548,-1.0324961320316772,-0.21945044503314037,negative,1
20150815,16.119982214851436,-9.0151176093399599,-9.0237932068822726,-0.068121937945295655,-0.14559655580390637,-3.9405982969240756,-0.18614757439941965,0.97730236551471328,negative,3
20120017,6.9250937359691154,-5.3164204154130932,8.3388991055475827,5.6166475055089755,-1.1354939726232085,3.4437640442579558,-0.080835279206493943,0.45632568073680935,negative,2
20171061,-0.15611667589046804,-2.705960377318533,1.0137546308575502,-1.0742330046190116,-1.1881930092327095,-0.2329127882973053,-1.8562801868434653,-0.43331799402096532,negative,2
20070575,-5.6096714578659386,2.4440245752988377,-1.0485724673489258,0.9834783741358134,0.77300527930842744,-3.1277669685539693,0.75678913372668255,-0.096073327906825393,negative,1
19901058,1.575418934834476,0.15387040698551468,-6.2096499094045932,-0.48700299443145484,0.53695968931852012,0.3550737306697499,0.45971841996782359,-1.80913557281699,negative,3
20000658,-7.6689072979744788,1.3251571498296149,-1.4619163462145537,1.2553124731734115,0.023943395889454676,1.4759490577699745,0.66545580908348756,-0.023155527681899189,negative,1
19860599,2.0359435034830744,-1.1372693191245919,-4.1987071025894966,5.6286278529427065,3.5737205955055162,-1.2743694707637938,2.0704172437106627,0.40207958128895166,negative,3
19870634,-9.4034522102307214,0.46784292898618174,1.8692140248947273,2.3881440133910501,0.89723132297957164,-0.0036388359988986574,1.833507089402524,1.0996066076063888,negative,1
19950540,-3.6511543630321621,0.61033759812932231,-4.0114055309183083,0.15368249253325561,-1.1381738677960334,0.40325122252100065,-1.6771596548586092,1.870754434412311,negative,3
19810370,-2.2406887691465802,1.586040196414318,-2.7174500452855397,-0.77863962093619776,-2.0001314946642363,1.4039834612059439,-2.233959425942154,1.7380336204582849,negative,3
20121086,-7.6276392035660985,1.786747615217213,0.56392421880953247,-1.0975012724247626,0.57969535275517659,0.45074892390216986,-0.67030001883488721,-0.84712522800781453,negative,1
19890399,-9.4664964951717465,-3.3950792850097442,0.84904156104705741,-0.86482468125244127,0.7898144313517852,0.65662492317269849,1.0133193946082273,-0.040251557348333786,negative,1
20170781,-2.1313619096719032,-5.0342329752923574,-1.3135647298759465,1.1752982867532129,-0.28907737238570907,-1.2249086370137983,-1.5643931818731336,1.7544181679090731,negative,2
19940163,9.4944743990681797,-2.2575053137442653,-3.882938022648545,-0.41755353132813838,2.058125665311723,0.43366748605889627,-1.011356675339907,-0.06485472595650664,negative,3
19840188,9.373410525015279,-0.47310821581478213,-3.6154440795831233,1.2806676947424716,3.1325708311281031,2.0031244609801808,-0.13601806355157423,0.39571227986948887,negative,3
20180445,-4.9399628514003648,-0.88061951216794532,0.15223363270679727,-1.0633412198669188,-0.055349344666025098,0.50083614828526435,-1.5547262972605416,-0.12109945085959183,negative,1
19870481,5.325332224386675,-4.8271316187366207,1.6167469856643619,-0.87391441357175492,2.2084770715549187,-0.63550860368793682,0.59479159967591189,-0.87721666071996673,negative,2
20010740,-3.0792291407016612,-0.77566729960127967,2.1384593614994682,-2.6270565489437216,2.8318047469169088,-0.90561766038722236,-0.38103200167234241,-0.83414043379848013,negative,1
19970495,2.0292944026624524,-6.9137478059236592,-2.9813102948934751,-2.3692019960441395,-1.1785730846791778,-4.0830294421947979,1.3608996497324606,-0.84841473995020755,negative,2
20040263,-3.4921365360751166,-4.4836838295542591,0.74134345050987582,-2.406829872539817,-1.3254722975868409,-2.748548037372013,0.67757960265207828,0.45168385844843256,negative,2
19960792,16.309804865071801,-1.300918882473437,1.2049072484268362,-3.0094609929457512,-1.7057525662326665,-2.6906430153061605,1.4498553533544893,2.2376217298233216,negative,4
19880710,-3.5384004110673493,0.34231349641452852,-1.5302301798589484,-1.1057310793894886,0.22915315305272782,-0.63817798622037325,-1.3255890944369713,0.44299353113751627,negative,1
20180939,-7.6434980015037155,2.8571927797424546,-0.14205323004785725,0.35514267663473792,0.70946027039585591,-0.31114576790757531,-1.2554103510545818,-1.4997166946950746,negative,1
20181098,-3.5986241036518969,-1.2586773095027908,3.710409032557163,-2.707117582660119,-3.2048847501811442,-2.7607371296409542,-0.053421967577930378,0.50238171132050002,negative,1
20020394,4.3608637044563192,1.1190770172552864,2.4016558460555202,-2.150271908587412,0.95424748232980006,-0.35517308363105554,0.51617425880115175,1.4589830144453158,negative,4
19911037,3.7517382671831543,-4.610469632009476,-6.2855404633526728,0.1732267152838402,2.6913947947912882,-1.8762871735073958,1.5633868555647397,1.0018213938572331,negative,3
20001030,3.501839290676882,1.3039635856111129,0.71086828809944491,-2.7445464954993519,3.565525765260777,-1.7208528109775421,-0.36711450944766272,0.79043064904112448,negative,4
19880632,0.08119585793144779,-6.118388382565076,3.1792789322434145,-1.4328964249382057,2.3505796047541709,0.67978806142199621,-0.46506376270966249,0.89224823130108588,negative,2
20140300,-10.230455493311123,2.048254204334818,1.2697138638986352,-0.85359761564431014,0.029401126810962852,0.53242873357608544,0.4827552519953508,0.24112419784896896,negative,1
20010662,8.7668291211702183,-2.3542281040214657,3.7085460216732518,0.96709635195587418,0.98375064968403869,1.909472418378892,-1.5839793319830675,0.53555711753161483,negative,2
19810207,-7.5574177711220489,0.6417066127766099,1.5519176499271727,-1.8786362539881263,-1.2931851443836653,-1.0448590326467722,-0.48070051790649754,-0.9067324802675375,negative,1
20207777,-6.8816742295760935,0.88871846888655837,1.4881698654119333,1.293056442217291,-2.1170017800372225,-0.65455538189023132,0.90866490953657109,-1.0862160031367729,negative,1
19800155,-3.7792966916467021,-0.37266335379291426,-0.25075009229553846,-2.4875782065564462,-1.2477274551428925,0.54060750341088037,-0.79543689159584818,-0.38941617782341598,negative,1
20141124,7.7542444831559916,-5.7127461502808368,-0.22592388380218087,-2.984669729721126,-4.1358947585858203,1.4785839809556809,0.45886733246031014,-0.1415240910734204,negative,2
19880116,-6.8139257352508356,0.084192944800124223,0.43316458789998785,-2.1676878909873394,-0.828907136293077,-0.017285070110480364,-0.67209788817976734,-0.59706412388284458,negative,1
19910336,-7.4978546294305009,0.52823393528490969,1.4267429415391888,-0.61188019762688006,-1.4006822730880231,-1.5436775163743777,-0.63989832193953722,0.076638277403405841,negative,1
19950512,2.1854016114685861,0.24870351789360071,-2.8637727251358509,2.895049719326225,1.5433215433825045,-1.8995678306172632,0.28061564377216291,0.74775375544157785,negative,3
19810388,0.98280559178238158,-0.75010781302487284,-5.9756050053640983,-0.37877213582517116,2.511605503464919,-0.97086894404135204,1.4093825080175577,-0.52333426460947696,negative,3
20110077,-0.46359449063199826,3.050760706590983,-0.49586822824387472,-2.7430174297241572,0.43304597325208394,0.51691374911436783,0.24559065061806223,2.1546355676821056,negative,4
19870308,-2.9784880751239564,-4.0806119373995537,1.4309618408288711,-0.48882166388477277,-1.0849764937389441,2.5379998556901948,-0.41299616801665578,-0.59215774633271601,negative,2
20050647,-3.9836572080246624,-4.1960134316838538,-0.67752826293477075,-0.78428098065551577,0.22968733781942249,0.3354957848540846,-0.53453585938151493,0.3143683815348241,negative,2
19880033,-3.5103001366960411,-3.6084619429362528,1.8643556603173561,-0.83187582047570308,0.54281614748157414,-2.3691515380092389,-0.11208686958976058,1.2389423383683864,negative,2
20081103,-7.4297430625342304,-0.038973846792349089,0.73620233791980372,0.021247292697446938,0.41642964042357528,0.92020123232035334,1.15442765423031,0.08394176694596997,negative,1
19810858,-7.9615993374845768,0.18907271613804144,0.32927610787663736,-1.9395428825333743,-0.62571712721570572,-0.14612698547047773,-0.43903980548280841,-0.35827799935605353,negative,1
19940131,5.4462962277581335,-0.14066213061499341,1.2155711215226217,-2.9859288356985871,1.8809937822477363,0.99001964595483749,-0.022721783905457739,0.92956776459801427,negative,4
20180849,9.2085768154634398,-3.6632426781152985,0.83871110494766876,3.3017284200826968,-1.7679622793111083,0.46393270729005248,-0.90821472570410822,-0.079708728801337211,negative,2
20181060,-1.9254297408368581,0.70030748394306019,-1.0857880511700446,0.53552005447590867,-0.33669890161956101,-0.37864999010937855,-0.34486937596216771,-1.1893821697140488,negative,1
20180535,-3.8432031990547024,-4.5560640819869667,1.5912520756965149,7.5700453813309494,1.6338457115153022,-0.61670019905283591,-0.67851115603211465,2.3281783887646488,negative,2
19991073,4.277996081921696,-4.8180649235117166,3.1276915872489179,2.8514663607156141,-4.1895230443242459,-1.7628081590274101,0.52357035876192259,0.13125798205978428,negative,2
20001037,5.4326710801805094,-0.22185705828361746,-6.8835663041135202,-0.081294957440571664,-4.7582670486534413,0.70759944162507526,2.7367986306443641,-3.3859481196133139,negative,3
20180244,8.4605262228997304,3.2481583773955531,-4.266474117905144,-0.35080911747587912,-1.4389260315479107,-0.61161770238405866,1.7182735406701144,0.75363529951171049,negative,3
19850885,3.0698555213158882,-1.6494550283454184,-2.3707961079915689,-2.7210861431759126,-1.3639508071339841,-0.87305044773710572,0.4787191751198695,-0.40433189357616928,negative,4
19910214,-8.1711108829108738,0.86452209331045959,0.27601424354674664,-1.4325769901579755,-0.014380188483132543,1.0092902916133391,-0.27070429266463414,-0.34172390977681544,negative,1
19970294,-7.6676573352458863,-0.80220766009480926,2.0470188471974744,-0.74288450242167514,1.5933988377005168,-0.6560183621526916,0.13108385525344601,0.23797362769987762,negative,1
20130305,3.8383452623507042,0.23267180345373834,-2.1884154565904193,2.0632702218121652,0.14956708358144341,-1.4604420408373215,-2.1401829199960223,-0.17057855088322738,negative,3
19900518,0.061445058127792163,-0.39282898379332232,-5.5210335974268814,0.47121103677473281,0.15872104088550817,-1.4530620719636156,0.22849609385685662,-1.3376830195831564,negative,3
19830050,-3.5756188482104903,-0.31910609090900632,-0.29199213683015662,-0.53113192018010358,1.5300398209081549,1.2294704957814468,-0.45526315625721958,-1.1467318844887142,negative,1
20110955,-7.5274525520093167,-1.8833043648550525,0.025301028236796433,-2.7010749715280546,-0.090474911744451533,-0.071896945336575466,1.4337862452616248,0.62877266200875459,negative,1
20110900,2.9780861162853043,-6.5654750125999168,-0.52229363028398956,-0.58195942817280388,-2.2994482996310399,-0.82416314670912538,0.1296701430878153,0.5883723825165087,negative,2
19900269,-2.8502250551220367,-3.7313276221128762,0.18799562173649514,1.1930405551928429,-1.7314849452256313,0.62353889325712619,0.16345971096220147,-0.36837350505893479,negative,2
20180194,-8.0002713119251148,0.12717102390273108,1.3806575755666579,-1.4525563748069876,-0.82872564131779258,-0.30404440407973693,-0.50127564375322653,-0.52629826051501216,negative,1
20130421,15.392625644848549,-7.2246898192922631,9.584597803733379,-5.3628755356684437,10.148259828470289,0.68317495792443739,6.0536906068904193,-3.4084274580421452,negative,2
20160102,-5.8973081111021912,-0.59170166931383927,0.2326904542938929,-1.8508098411835872,-2.1415898602867904,-1.9711069993803811,0.26707564789675159,-0.46707531680085107,negative,1
19820426,6.1931041460099685,7.0462197540948708,-4.4542196505975937,-1.75179167706664,-3.0305136697933994,2.6276958963246098,-1.9214601269398233,4.403192740209426,negative,3
19870150,-7.8372937516660093,-0.81271044643920198,0.43571750370129692,-1.5957471854024741,-0.2136518023712583,-0.28479309391327495,-0.34355319185660704,-0.37452229347891625,negative,1
19790689,-1.7172888229793604,0.64642806336409631,-3.577903993625891,-0.71285482078146978,0.2074491930411228,0.72545019326817428,-0.78185661723471656,-0.49120690719112031,negative,3
19880294,-20.179611996890817,-4.4946244113734224,-3.6888244272183757,0.1664419251841277,6.5052027739233287,-2.4087577732004428,4.8597493549687876,1.6231358885009364,negative,1
19860202,6.8443607265121393,-1.4451547046028588,1.6092578105444979,-2.4340626712297548,3.7375494440535566,-1.8881388296986594,1.3201031123204092,-0.36491107940937223,negative,4
19840925,-3.5186460061699232,-3.4453773705169932,1.5027178328136623,0.39138857585435766,-0.45093339056320475,-0.41716554953269275,1.0718958582953106,0.65392413741154587,negative,1
20150977,-7.5769529563969629,-0.54694262130343985,2.3004861945188906,-1.0133945535879807,-0.86681098048850691,-1.6147834254439486,-0.58799414393678695,0.093896482377639173,negative,1
19970033,-7.3197607136452492,1.4486127252888277,-0.17575546146423018,-0.53964568717815753,-0.33849401141390917,-1.0663902247357784,-0.56360061971099207,-0.69333250155598491,negative,1
19910797,-8.600439771928249,1.5366015230354657,2.9232661522567507,-0.41438264704196681,0.96022622273666547,-1.5918985782090709,2.0338881283339409,0.043563254488572636,negative,1
19800870,6.9313257565923179,1.0004570901289915,-6.5813811292227262,1.9415303924073994,-1.2985439213658216,0.04951978936023238,0.93981555432702424,0.12373075826508509,negative,3
19910768,-3.8766735880290444,0.84220942725758452,-0.52674115096217178,-0.55925915114612623,-0.14281694012883561,-0.34717869517299577,-1.6554321414112079,-0.30596503638244588,negative,1
19980479,-5.3948605255127369,-3.5264685607818045,-2.426111672156912,1.1719644585840434,0.32375049760770175,3.5187203843525445,-0.59514780936147582,2.4317864816468937,negative,1
19960410,-0.2991206791972954,-2.3996586053095088,-2.9913306455099526,3.0049418857804731,-0.67943635628636212,-0.39931906152202407,1.0872965880597516,-1.094079208892925,negative,3
20120005,-4.1669273635138753,0.83261305824374732,-0.47448462177603618,2.4966449145384653,1.8210215690338345,-2.0497020714388645,-1.2032438192295147,2.0059200883013859,negative,1
20090950,-6.2824692067291563,-0.70226080828013693,-2.3164062647200176,0.018467311836377513,-0.36091865672122619,-1.9305347740237588,0.83384663906777723,0.44345828110487712,negative,1
19930016,-8.003909766756756,-0.19788018694994047,1.25761334521252,-1.150773104664516,-0.69018467244105386,0.32973769424514515,-0.53215037118998187,-0.60818819825113335,negative,1
19930043,-5.3382112969462092,-3.5723469801962291,0.58076672412421293,-1.4616187731811503,-1.5987925454840606,0.52839627301617087,0.13753862933868335,-0.33480185475482466,negative,1
20030893,-1.2028718262552356,-3.6153210614758398,1.7365602278585597,-2.6458373475568302,-2.8945627276055275,-1.7424685951539931,0.61727111516414179,1.2115935144713803,negative,2
20020760,-0.44689036155310113,-5.6374731633866073,3.2437883425330982,4.7659130995463084,-2.2568174457235104,-1.3959822131841599,-0.27192077378978807,0.82888459828703209,negative,2
19990180,-6.9296869956521796,0.17521224119339818,-3.5332393409162872,-0.8966922989118552,1.1056355709735433,-0.23467669243775283,-1.2295510416089535,0.77576138655674776,negative,1
20051118,-1.1586397723562409,-2.4604138383551604,-2.7224343697129116,-0.18358202074525692,-1.6607181766140378,1.4767876676828939,0.58625023792747688,-1.2075262605833119,negative,3
19920460,8.8083043841826694,-1.9181475728665178,-0.78053438610223536,-1.3496597094215292,2.7239112193734147,-1.7759973333658954,-1.176792226117837,2.6732504825512349,negative,2
19921160,-6.9198940788955152,0.47546171660506847,2.2574441136907564,-0.87896045879409523,-0.74434506319729876,-2.2224052339167746,-0.80760186041120641,0.014686938230216532,negative,1
20040697,-3.7884192378480637,-2.4680546975265183,0.3350828102875093,2.2194147525132411,-1.0045372436410915,-1.93075375140934,0.76755558188154793,1.1291993120640225,negative,1
19830604,-2.8324818514252947,-0.22038768160549305,3.7440082095733573,-3.2705903593526013,1.3448369504221664,-0.92960190782220087,3.6724358014069165,0.35531528952718611,negative,4
20160703,-6.4839955032552012,-4.443040278403843,1.1362024785000655,-1.2149456176903144,2.0504504863602069,0.65808482968399828,1.0227932984249464,0.2773344049466418,negative,1
20090486,11.59361410018554,-4.052844332510376,6.7941873684457059,-3.9961195040194291,5.2333486396724789,-0.9990173986603218,2.5202372927589454,-0.74826865742930193,negative,2
20090827,5.0804038151162469,-3.2836067780145952,0.49862466944201667,0.78969835743929451,-2.3771036815318731,-0.00051325829142724198,-0.54272686477719434,-0.43059242253978208,negative,2
20120172,1.0031993875027909,2.6072725929819902,-3.2064848604027896,-0.53046831484379453,-1.8566626505358401,2.6799206850922022,-1.2108905401286703,1.2535770548543619,negative,3
19950470,-8.9566761760943461,3.6039556748388044,-0.62266546932777767,-0.73177718700867056,-0.72450040818192452,-0.062380241100417823,0.16029692372757179,1.0034579990503851,negative,1
20020803,12.400337266676626,-1.4997161513896753,-8.0232974842045142,0.009404094589928259,0.71770191159354069,-2.2865966773889959,0.72490719639831536,1.0190989298399509,negative,3
19830845,-2.4209413307709289,-1.0906071799538641,-6.6736174112900271,1.5709311522544251,3.1411446911736425,-2.1632963906586697,0.21516521269740513,1.0425574378945719,negative,3
20110140,-7.6748903093297711,0.25772295841430287,0.25297666143471054,-2.2694935287233831,-0.49215832020037531,0.94456830350345611,-0.80467023777975055,-0.6124784263598132,negative,1
20080534,-5.9742869353595518,-0.32121028847712479,1.8710373081250902,-1.1689005229435392,-0.65928501007569107,-3.3810386895299844,-0.11201725593176444,0.28746516188127397,negative,1
20030081,-1.4587983999698866,-3.5418825019280442,0.56376227542882906,1.9196088764474504,-0.99863283820568316,-0.14239240993349167,-0.87921445799167242,-0.26945651070565613,negative,2
19900622,3.7107077891063684,-2.5036522659507208,0.83830658638247535,2.3026991896638216,1.6846028811882527,0.46043549833672542,-1.501875952990114,0.41584155516436067,negative,2
19990992,-4.534362536584001,2.9367590526322074,-2.0289207552928259,3.4563338916313335,2.6696295151947047,-1.8941473779892755,0.74586711978337739,1.4725471639901309,negative,1
19991066,1.6063821030516083,-5.0619570529465676,4.5204091986903387,-2.2260674740200432,1.6702668855971063,2.1282947035710307,-0.14039039032455153,-0.18596808245579524,negative,2
20150015,-4.1589956758014184,1.0138419142526172,-0.46037699310453356,0.97522476061004848,-0.64985010639610041,-0.3459628502012187,-0.2627540883038133,-1.2016133446963031,negative,1
20101036,-7.7322809264208594,-3.4634513159123896,2.5666503822229911,-0.72528766932177591,3.6280388654603386,-1.6312155658079355,1.9156846601976529,0.2155530019612078,negative,1
19820038,-1.1749155647236043,0.93953974024641829,-7.02836634297259,-1.0593230617815466,-1.8309335776204363,-3.0290190343891981,0.9615040995539349,1.8492254672046895,negative,3
20203333,-4.2224133410112143,-4.2386065523486094,1.8476939174591682,-0.18639104245972926,0.13707966398710761,1.9418684345112251,0.77414673294418102,0.95684738585091722,negative,2
19850262,5.4371969373921294,-11.681900483835147,-0.65580373482267429,-1.5206254776929031,4.4225419115065234,5.5590731713949157,0.26404817347316606,-0.26343927568488573,negative,2
19950289,-9.6868145057415624,2.039866213304752,2.9448209873644413,0.56049847670477848,0.25684718440432003,0.29713819663861391,1.9805587920096979,-0.21035616389310727,negative,1
19811146,-7.3697661863990644,0.90246226205588409,-0.88173006810943866,-1.0510341578098168,-0.36609123186098824,1.0531074287001689,-0.86810180429165618,-0.98319115464743345,negative,1
19970487,0.17260814697613927,2.5887242523892775,-1.0659130132035017,-2.3732610094166811,-0.81389185876936443,-0.014211237850092411,0.52064194938246666,0.60886369779265914,negative,4
19940600,0.73267910076579668,-4.7753596950785857,0.58023451378825719,3.0628500022879024,-2.3610043791354527,0.55643697025317773,-1.0068147722637155,-1.2184992934924006,negative,2
19851013,0.89971039531892472,3.8567505494137571,5.5436186556028026,-2.9150180810124517,-1.3851570500046193,-0.29996499651202641,3.8114426449158931,-0.45007949804981956,negative,4
19900071,-7.1676870583085366,2.9588845567755486,3.555050349233301,3.3662637593339286,1.7685339347830202,1.9306729785525203,-0.04044227127956395,0.72211837317784733,negative,1
19831039,-4.6981533438136323,-3.6264766337485157,-2.9339119993572522,1.0657192163071261,0.097290305463482968,1.4937842744564707,0.17782891127244652,-0.99093265267779329,negative,1
19980067,7.5500803397862741,-1.0006698358353006,-2.7534966560950314,-1.5755781544870202,0.90082877319163435,-2.2250002967223397,0.25846444207567854,-0.89572329164705877,negative,3
19931087,-1.4262911647469227,-0.68735533883595556,-2.6397696487032039,-0.80485830768719158,0.27550317511208394,-0.011929601644405914,-1.8717711982965557,-0.25672439763038635,negative,3
20190151,-6.4035447594635819,-0.69996929309972977,0.65087974443197916,-2.7929919355558313,-1.0770090551485598,-0.75537725523577504,-0.72420153988842173,-0.6873490751010235,negative,1
19951122,16.641199894522465,1.5621100501009322,4.1071829783754712,-2.4538644773056988,0.77196604954043702,-1.445762459634891,1.3915239751503448,1.1202268677218938,negative,4
19850897,11.948848404525901,-4.7674100258381218,3.2629985545130067,2.076319725193092,-0.20167957121061131,-0.89434720707846949,1.8491766613956171,-0.20952742701563237,negative,2
19890251,7.4039973575313605,-5.2011258027507967,1.2508339923003502,1.8021422090394885,0.035900443098224294,1.0036339799701559,-2.1045781370013441,0.94825077858371065,negative,2
20204079,-7.2887938443317299,1.5656337920946461,-0.033885182671738165,-0.184727418257462,0.53670205658023962,0.8125135747070461,0.27355306263871071,0.35853693808255754,negative,1
19931108,5.9174389342421474,-1.5142382080794048,-3.3790422948534671,0.11523764922714078,1.4269963086608533,1.3928388350062133,-0.71654171676813061,1.1259426159890578,negative,3
19930803,-11.194847616230271,2.1697580453327063,2.3544576291689836,-0.88500721312255459,1.558956796121487,-2.0014994571015738,1.6061945838373386,-0.39339037595712828,negative,1
19950306,13.625013252993663,3.1815832589943835,2.6846335466632238,-4.3443841055519616,2.6406146799589938,-1.0508260418881015,-0.29834462275867635,0.4308202676007164,negative,4
20080566,1.2012401723896098,1.2239682560129841,2.3497179036205482,-2.6426943707531705,2.7245790359241204,0.031489334820716385,0.49517665365271729,0.39330965959441722,negative,4
20030086,-7.9416414937793292,1.243451149726498,0.50662428065164444,2.2590910304398184,1.1903480373868196,0.77141300752580033,0.27274083873237348,-0.5305791073066487,negative,1
19811036,-5.8941591781515177,-0.021335315251068968,0.69924930710577793,-2.3512668824665091,-1.0465032694374918,-0.5307329931641358,-0.94386454945280185,-0.45636132939831764,negative,1
19880627,0.7264628063568026,-1.0683845531072693,3.6879799197096066,-2.3238502297966988,3.2730232067932263,-1.2693084509293073,-0.13009490996746711,0.11135487853963789,negative,4
19891075,-7.443233657593737,1.0903032064620224,-0.63459391039948976,0.19017313947181966,0.26495247334230826,0.63156525356182103,-0.32285892979122016,-0.94940658795279598,negative,1
19810414,-2.9034223766966822,8.8942834907734355e-05,-3.1226306621349433,-0.25885057010060519,1.2241355022338916,-0.97435443619982531,-1.4635149983872802,0.3198909069094612,negative,3
19970874,-6.4797039930262823,-3.9383545481966915,1.8634889495164675,-2.6067903895647131,-3.4204892960601225,-2.8032497484983079,0.79047165580926326,0.51094937520856176,negative,1
19891157,-1.9084489266124904,-2.0268907082667469,-0.056437706699815383,-2.4016705131191416,-2.0282644201709354,1.4329265636577655,0.15427861151151431,-1.4484107999573907,negative,4
19891102,-7.0683592842783654,1.9354747231969567,-3.2275811951367475,-0.014143827624512753,1.5810489230564178,-1.8374732714020732,-0.39974357189694276,-0.72790242440790953,negative,1
20101146,-0.1618833844447059,-4.850323306927292,-3.9436020577896751,2.2240924975773586,-1.0648838922972685,-1.4353643116559265,-0.038013377931851985,-1.0667307329801465,negative,2
19890809,-4.3502373913603378,0.43908054778981159,-2.3529078323970527,0.92969925520194741,0.82878568023377164,0.3126895607480964,-0.32543250091256454,-1.2563659442608306,negative,1
20000407,-7.5643992245339433,-0.89204733982795636,0.8091886914139087,-0.9580361081434593,0.35858189232284998,0.91510046553054969,-0.36295920063413345,-0.66530737017709618,negative,1
19980711,-7.7189114626374815,0.094854783163458745,0.38462578197151182,-1.155583149051373,0.047828444216647288,0.83421386110142171,0.068182583249186329,-0.33616478513594267,negative,1
20120998,-2.8731008678949945,3.0807673611342539,1.5830769207032214,2.7783192239323782,0.07304955640035439,1.0320219588963044,-1.670523368950408,-1.4623289204797101,negative,1
19950555,30.068396698907332,4.0881353967913858,-7.1872435962087202,-3.4860700426095734,-6.198815031882468,2.3164038744507311,-1.8551217411407837,3.3514971116948868,negative,3
20020587,4.2594592203180062,-11.064228872567872,2.0340884933445893,-1.1694056150007743,-3.9242047379851774,-0.76561183646040887,-0.84026293100965255,2.2074038325999257,negative,2
20160348,3.6498990648615548,-3.680754283257381,-1.9641946165134645,3.6399970023540646,-0.47032541008298323,0.20716812653787586,1.2244841143479037,0.2974696510078324,negative,2
19990398,8.3718655412941771,-2.2866231706794915,-4.7544839074283782,0.68093110686591463,2.4069353323610616,1.0805254210425528,0.34645054907632694,1.4064356345466984,negative,3
19880021,-6.606178177136834,0.1624404113226742,1.0182019837749046,-2.6834319458106872,-0.88263231749721738,-0.62048970033207929,-0.70784385672693906,-0.41626661150359084,negative,1
19960009,-6.6469980954733137,0.17533858758527315,0.59682137502454813,-2.4550092614837822,-1.2056558404220974,0.62804220481200634,-0.38106292340197073,-1.0103824994269197,negative,1
19860048,6.6918541293460461,-0.63680453783655566,-3.3228410043988368,-0.53573144581652588,-0.3425568454091017,1.1494648516422898,-1.3585730906681197,3.2399484119791828,negative,3
20110030,-2.2032113316861652,1.4463589630573945,1.3484397413019975,-2.5735183569665496,-1.0864323144354391,-0.20230247571224139,-0.12619963527867684,-0.93298137538560444,negative,4
19921103,-6.9746666180148109,0.061446757852970449,-3.2289677020912095,-0.95742356099650694,0.089110139583013726,-2.2431765598145801,0.4251844663371131,-0.60085030491274372,negative,1
19860299,-8.4664752026837853,0.65762332489179176,0.71402894282922857,-1.9699438316537998,0.034857641233873644,0.1914819147556733,-1.1327137889791545,-0.79906945207497049,negative,1
19820442,3.7854457323863016,1.8678933349015296,2.3021304094992954,-3.6251013967801922,-0.21694438172689248,0.71267301640971037,0.42499349358182992,0.55517212945202232,negative,4
19830710,2.362924688722492,2.9338274559060316,-3.5124168585092259,1.1102525752669874,2.2243571177381614,2.6478135746053399,0.8881861692496591,-0.033008119658131253,negative,3
19940877,2.3102378702072852,1.4390457894129405,-3.2052737637001321,1.4549719133243448,0.26552875315291619,-0.81499937164425817,-0.6077354958645339,0.0056009582288310787,negative,3
20160199,6.4274741094955834,1.0204700710495871,0.28453554746659909,-2.3980436690463418,-1.5652298274644894,1.6722746553910584,-0.075277521472188913,-1.0062663789096624,negative,4
19961056,14.197221223042124,3.1746165621737017,-9.6966925626958069,1.4278523557412739,-2.8840134970074836,-1.6803495989077182,2.5737837545021036,0.034155567915179742,negative,3
19880581,12.38155702564096,0.2434574312408154,-5.7889044467452093,1.9558775899838055,1.7979408697822985,0.42310900585561118,0.10351318550337725,-0.27802667669113457,negative,3
19980595,-2.2861769430334959,-0.52122132068004601,-2.7237158030044926,1.2823590145778372,-1.7806144016860286,0.17634689246471988,1.1887812542520677,-1.6131913869771233,negative,3
19970604,3.8858987351758505,-7.8444635831330123,5.598943434056439,0.25951703486885197,2.3000025181830259,-2.643465832521589,0.037051905222526882,0.0087692896575883601,negative,2
20190927,-2.4013133126124622,1.1602927146707804,-2.6966129484920778,1.4095489872553264,0.81829688791334265,-2.0429247324196469,-1.6236768541655262,0.89924725730901933,negative,3
20140191,-2.5136302093586007,-0.041126009082904695,-0.062069665758800886,-2.0185877663702896,-0.91942948761074672,-0.73221388406346644,-1.8920535329755406,-0.48193173355973162,negative,1
20111118,-6.5681618154274286,-1.6261583516855782,0.34289971527661245,-2.2710973996705648,-0.82121574854918644,-0.12629691365774109,-0.88761774353664635,-0.9287410869185615,negative,1
20170432,-1.4656887047957088,-5.0000627267493014,-8.4336321881078309,-1.2368032360062746,1.9892371097199399,-0.29697402032610692,2.7901491075921516,-0.42276041267849518,negative,3
20160760,22.660422805456026,-4.9118562550299396,-1.4683417269028467,1.3702489352551495,0.043381180663115769,0.74905477767665207,-0.14898243947344014,1.0112371087696539,negative,2
19960350,-3.3455496025905664,2.9395488805842578,3.1320966962130403,3.9272803978832829,0.49280491206537103,-1.8208493325221087,-2.2240094588121666,-0.6395385559141088,negative,1
19860344,-3.8991700533841458,-1.0466070788889661,-1.3347941185902348,-0.98082857650277822,-0.65203780171094716,1.079553114598889,-0.082138785048598353,-1.2358403531335875,negative,1
19830698,-4.4275749768859756,-2.0869178728111009,-2.5304845788142005,-0.25698268466084079,-0.22941138529742125,0.35749223808408964,-0.77735373628651994,-1.7265897118082851,negative,1
19821060,-6.0787993237772247,-1.070765399411268,2.544075929967037,0.4227504068520247,-2.4080588460064987,-2.3799828908324145,-1.081773428709919,0.16246321248500709,negative,1
19810096,14.129713492309778,4.1997240948378831,6.4039545732719745,-2.7342256325836467,1.6789924260093709,0.25012474963890424,1.1081331646096695,0.27534735903250934,negative,4
19840914,1.3234841697659783,1.0747438068744126,-2.7177032366515705,1.2976349218605874,1.7090906232367444,0.48244782211770498,-0.19963081547700731,-1.9159957676627115,negative,3
19860261,-2.6925452439074484,-4.8051269468107218,-0.6256503256103354,-1.4015214890668852,-3.2564047789178203,-3.9257583611356912,0.75295272062903384,0.66109459005869464,negative,2
20150836,4.9076318737806304,-4.8773587480743039,-0.67919732724832704,3.0179954893016796,-1.0651160468494423,-3.3342199133515025,0.38477191152343648,1.1599996867805527,negative,2
19930756,-9.8324507278160773,4.2450310990935822,2.0335936929101375,3.8660544315907823,0.8952901074297277,0.85099311748822692,0.23706846752575797,-1.1208720019475149,negative,1
20010258,-5.7700070705988837,1.8882160082451585,2.257458210436079,0.95510234879672051,-0.38072649530410613,-1.6164447095938257,-1.4534169351116621,-0.22867992423870578,negative,1
19920404,-1.02445694547485,0.70636071605927242,-3.3481846986489789,0.65658746275295565,1.6221959486243984,-0.36177910067821373,0.23231232981256691,-0.62576596264780304,negative,3
19970127,15.134356900008388,0.748427300048084,4.2238429713477661,-3.363492301656017,0.85976697037621996,-0.23119201532554365,1.1629731759486479,-0.44368766898838458,negative,4
20070227,-6.6929631004875301,0.71355958972717726,2.6506066012383336,0.2331666097402065,-0.89888563430628232,-1.8983741640496086,-1.6089606019172624,-0.5139736665180723,negative,1
19940870,0.88225723816647161,0.55788383573336653,-6.7746167772625032,0.0011807438667800732,-0.64556371755816355,-0.91994419611855804,1.0166418011117184,-1.0476981357592594,negative,3
19870642,-2.0123350740066317,2.898838156522868,-3.3272326023834631,-0.17473955480719458,-1.3526449483631531,2.4012556287183138,-0.18653430012167441,2.0252081351039637,negative,3
19880579,-3.7552452958799503,-2.992170246105939,-4.2223166778548888,5.0949095218487708,2.678386841057204,4.0366222636637454,2.3375047873804715,-0.73405634067944769,negative,3
20100690,11.418390840534075,-4.0110933952766663,5.4380522352857099,-2.1883152029441133,5.0772778809202146,2.3169694812146662,-1.0680763162231413,-1.8311476180483088,negative,2
19901084,11.018159471863232,2.4278182999031683,-6.17164328140582,3.8237422727918129,-4.3814825465765175,0.023995891041871473,3.8227530227300255,-0.6021587555376029,negative,3
20180686,-1.9115539163865491,-0.74363905982174239,-3.1956017021702077,-1.0726560461366137,-2.0357148671391454,-0.41667124092875896,0.89206578918881274,-2.3683454773642674,negative,3
19960887,-3.2637582195449863,-4.9480974754935021,-1.5897281900568563,-0.22539993150983831,-1.0418458964767934,-0.49826588250122256,0.19215797934677589,0.15095200211159671,negative,2
19830144,5.6578130510682705,1.010433341710836,-2.5817313676003195,-0.43342450039573865,3.2346538670649538,-1.9978989982704336,-0.46130122556042702,0.29904360168740157,negative,3
20130211,0.29439487187082869,-5.4659678218310468,2.5767583824213949,-0.67071059863732552,-0.16940677904634552,0.2832762878782164,0.04188430191900689,0.83874559729721043,negative,2
19950185,-2.4860361888915792,1.1718313681801538,-4.1833270569960694,0.29816654805327542,-0.65986655200321398,-0.46522965301976599,-0.5215574308894223,0.10393189007204773,negative,3
20190857,-4.2136236095438164,-3.2099411852184265,1.2404465599846453,-0.63144723901728084,-2.1600132993637748,-1.0005525337433532,0.40057748752316596,-0.47429737239554898,negative,1
20120116,-7.6017922729617107,1.6572716480553749,1.2399757296078004,-1.7205542196150005,-0.79645571608262222,0.30946793205323236,0.46798403457002341,-0.17667854002318087,negative,1
19920573,-2.5973055212194547,-4.7235910738857472,-3.1405405915396627,-0.31184933537631909,0.51256419978248813,-0.085381071715556631,0.4455690339930935,0.087004742723150313,negative,2
19830635,2.8382008455006966,-3.1660622126198028,-0.67353538287404835,-0.0079980328430970492,1.2286564468462413,1.4196524573513061,-1.8890710266325028,-0.74626666932728236,negative,2
20140618,4.6511797294691943,1.2348349045966951,-2.6796559433968214,-0.14484109682076632,-2.153108305265707,1.8221465758636948,-1.4695503960316341,-0.58848494791693773,negative,3
19940952,3.0793679589953169,-2.8186125729246676,1.4919189413989284,1.4830363992466773,-2.5904289686326671,-0.5688249503470707,-0.54642058668810567,-0.3093590375553919,negative,2
20070305,10.784747297856645,2.0497213603396096,-7.9240446361675483,2.2662772907919884,-1.1529244278939115,-1.9273496559604433,-0.8358589000561456,-0.69132922744388858,negative,3
20030521,-0.050720459290441333,-0.79003272130869651,-5.7925184588835803,0.1600438955268072,2.6431816443344531,-2.4123739761064669,-2.3906781761994798,3.7485965238795171,negative,3
19940559,-4.8277108011782657,-2.548460193859269,-3.4271584173463947,-0.54162065074066135,0.6946501200364853,-1.7237663471114293,0.33083561266847838,-0.70244817868079357,negative,1
19840518,3.8214183791290299,-5.5906873182471237,-0.95932432350497876,2.8278549244166999,-2.0293630866420704,-0.93730409982780771,0.38292013222209387,0.77925872927065987,negative,2
19970594,-3.5713526622592133,1.0708709359065924,-4.1932395686675195,3.0159741549835348,0.84973234660134467,0.33413383336034957,1.3687497258673496,-1.1006088497063899,negative,3
20100959,-0.75504248464928181,0.46239275973433674,-5.1199267873411962,2.2868543670223778,2.0638210547560312,-2.9735440659681243,-0.89287328075070149,-1.1509162222510525,negative,3
20150024,2.3446648189777992,-6.1560917738739986,4.8181043548100568,1.0539778630333163,-1.5536640765088359,1.7379711737193377,0.17470359982744005,0.88774908752487303,negative,2
20100507,-7.1192728820443172,1.5349469253024608,1.1286135949742375,0.80875025702485781,0.49672201169158697,-0.92944174494124987,-0.76557844857574964,0.13418258331678271,negative,1
20160587,15.109765357537109,1.1593293514305714,-0.33404003114119674,-2.390788680403086,-1.5070229182298629,1.314284074665131,0.56769247817089508,-1.1105310053095916,negative,4
20100223,-9.7526065863379934,1.1416206598168368,2.3936617128488531,-0.62246682177764212,-1.3535537063369056,-1.5673998423874309,-0.021505700580369238,-0.23259779106796219,negative,1
20010130,-12.606402065165685,3.9737324179522111,0.70539823224514209,2.8352629084353449,1.3799998000102249,2.7579131384824862,1.8677962890977091,0.91063311700316052,negative,1
20140525,-8.7558862072009269,2.2511450781275668,3.0626603861396058,-0.70110078546160326,0.078032506471466381,0.4921573757360076,0.43390649371402995,0.54196311839339639,negative,1
20120951,-8.0881798215375156,1.2137057355707612,1.5438210733777191,-0.0048778316204827208,-0.38457441342464699,-0.84457493242753412,-0.42543272913438168,0.039476349059595336,negative,1
20070038,-6.4120395779428305,-1.2839081156728849,1.5176475687276643,-2.1546436474978719,-1.4020765727288838,-0.38233542804675186,-0.49535782930773398,-0.51409186737550772,negative,1
19900040,-10.007567222036942,-1.9416763795723555,1.7358082509821799,1.1646075237424425,-0.32472703518689083,0.58371045602461269,1.8941541585308106,0.4891575555625205,negative,1
19900015,-4.9035157732850072,1.6281725337756092,0.83611323822933337,1.1730519095818706,-1.7391517919585697,-1.7699758390286049,0.19871403399773757,-0.76899873017626674,negative,1
20050112,-7.4661551365573269,-0.11079701896880897,1.7790165980537984,-0.97517628593716144,-0.77778758274663762,0.12833789457452202,-0.61274397213139786,-0.76821514779488098,negative,1
19790384,4.1838273755794511,-1.4272933344055956,3.9014476374359237,2.1286147147245673,-0.15314287705205024,1.1449421276816403,-1.3022972245709905,-0.79544554538559942,negative,2
20001131,-8.7385497006936923,3.4741686962657057,-0.26516014321476011,0.94463999518244524,-0.18134368770085479,2.0613191226345777,-0.02423970868696897,0.95397882797555111,negative,1
20181133,-8.341203619304169,0.7740864459918827,-0.96861394072824336,-0.46601066998091051,-0.075482955825607698,0.92397241169849809,-0.90839686762817451,0.020236191722491279,negative,1
19940115,5.3783141992517169,-1.2642059959585028,-0.08702588829364348,-2.2047400000213444,1.0680948304331548,-1.3507361167761616,-0.98787856975178079,-0.57798904518536143,negative,4
20101055,7.667874124445798,-3.1376598602405767,-3.6771737447381296,1.0279276164166329,-3.2456818639227776,3.737656875016913,-0.37048358552675847,-1.6252509035296856,negative,3
19971093,-8.5134803842544375,-8.5338083092378554,0.12771911794422505,-1.022540134579655,0.88278419405923625,5.1000206678428777,0.79599919289573495,1.1450718015402781,negative,2
19900641,13.100398209164339,-6.1956738209945676,-1.2653061773332885,-0.93283144103965676,1.7893668830920493,-0.50927439473477465,0.99473912134520015,-0.12860479176173056,negative,2
19910918,19.494133978420908,3.1818971930111988,4.8283541192086972,-3.3316581035110184,3.2698643496558084,-0.84049646672101197,-0.68400328870795857,-0.19477009062406805,negative,4
20170687,-4.6739082139139398,-2.7154263951281097,3.7823140734253582,2.8815526808992602,-1.7708037007544446,-1.9387191606432808,-0.77075539209820509,0.87610334057211969,negative,1
20080909,2.2021998266621576,-2.6900534647594734,1.5704208923009184,0.59555796251098814,-1.0205356633868388,-2.0170247212377146,0.40015376986339318,-0.0019741257828581626,negative,2
19880167,-6.3715902924046492,-0.23103395577795824,1.3037368350264913,-2.2080578192232854,-0.56920386731556594,-0.22329436125069616,-0.5573831802479029,-0.20362738131293254,negative,1
19790585,17.531410845975007,-2.4972267828570662,-1.8535531298675787,-2.1909087254881912,1.4978039587166787,-2.1051951706502638,2.4254974052647054,0.51341624454755419,negative,2
19930493,-6.0170205624037356,-0.21695453189754063,-2.5579022943458281,-0.5177223129566022,-0.14394632223170994,0.52305996336640892,1.4260701415362547,-1.0952683986930085,negative,1
20030793,-0.69377596125697039,-5.8185220302420833,-4.9070413168745919,-1.1292224657367187,-0.28634333678752905,2.2094026410473884,-0.55976481815996593,-1.3332298702254988,negative,2
19790806,16.585609075136261,-9.2767085662489031,-5.2914716221614313,0.8285683088730712,-2.5338066470652807,0.477205281333339,0.63081096583952079,0.20117434795580758,negative,2
19890342,19.005385320639753,-4.5113982307498111,5.3444085637376322,2.2604814754426212,-0.93369143242826014,-1.5124864816642003,-0.72473388175976572,0.72902916918290372,negative,2
19900047,0.51336462306364639,0.88257665327560531,-3.2763866838511881,1.7201408576454813,1.6560156116291789,-2.0160465081592527,-0.53568188265851124,0.68697030955652849,negative,3
19800006,-1.8356461252482801,1.4029821970619079,0.90124255243266371,-0.75220820429653223,0.13570472527784677,0.085220806148681674,-1.4213919054722872,-0.037606305768010606,negative,1
20020917,-13.01199139161919,3.1774388417283701,2.8551629428047725,3.7254883588711603,0.2420438092412312,0.34826884441875594,2.1992548760429038,0.22718323282592234,negative,1
19810354,-2.6234669078947879,-2.7787923342401069,3.1955072121844585,-1.9914847517343142,1.052359596708083,0.24117105535667663,-0.75675434372277184,-1.4776733637212336,negative,2
20060338,13.83208636371015,-1.6628314497620373,5.5178951110403576,-1.5568607626754924,3.3971886541520235,-0.94719984129229828,-0.10336150588871365,-1.4786585520800839,negative,2
20110770,11.070142635571477,-2.1691765508867373,4.4507805007711578,-1.1265390481477844,-0.70508654462106823,-1.8142231794391848,-0.32064226405156943,0.74999625184776142,negative,2
20140253,-7.1197657194652111,1.0695161438322811,-0.24496255951992355,-1.2070003391730058,-0.18755213179272195,-0.16853928549170022,-1.6995307673473232,-0.57897631658836779,negative,1
19891133,-0.20351824289020901,-4.1980929359978623,-0.85907921438550761,-0.15045681546747883,-0.092150620632008517,0.055019166613016077,0.3597719213895037,0.62645098850965963,negative,2
20000897,-10.444503561190784,0.48915659235279701,1.9875055794660703,-1.0121294658046149,0.21852217286595108,-0.9930911192404196,0.97135838862813284,1.6083126244923247,negative,1
19930295,6.0424588609360574,-1.9239152279425487,1.3835270961386059,-2.6234969449374437,3.9292275986385281,-2.434581623152519,-1.9097163514897546,-1.8186287628738165,negative,4
19990879,-0.030970565341167683,0.22498733990769129,-4.4339511168400625,-1.4938962072103983,-0.5529432184140427,1.3365021501483991,-2.4501004890851474,1.3618961198202002,negative,3
20130181,-6.7262998374805925,1.3501098576866684,-4.878414045314198,0.85338942375990756,2.230720924137537,-1.9342754709537584,-1.123387001710479,2.8825861876608441,negative,1
19821027,-3.0436923644834359,0.52456284828186917,-5.5064773605328776,-0.438976381221796,-0.55013851777736189,-0.818089379028619,1.1286468333736315,-2.0395280082241531,negative,3
19930634,-9.914395593550136,3.4893415689495089,-0.30752532962436829,0.15218315707732044,-0.3792448231740318,1.2568331888442199,0.017071266388698193,0.92618066002390897,negative,1
19840906,4.3825212038634769,0.57938898954924378,-5.1413594912432101,1.2085550906540545,-1.0095009666588897,-0.11591675759795887,0.40181525867995482,-1.3188487277316729,negative,3
19900397,-6.832366872693993,6.5160990039002433,-0.20376944070677872,3.0175068772221536,-0.023376965763048617,-1.166575449132059,-1.3062210158970839,0.76151869926435345,negative,1
20031034,-8.8367811059220784,-0.28556207355464186,0.05703541407956552,-2.2646701278948953,1.6468014886385827,-0.70517041832176464,-0.23261977385302163,0.50722880521468927,negative,1
19941019,-3.2260591239641987,1.7560884064379905,1.8326451594001076,-2.5540293302722632,-0.55327470252566513,-1.2820238516935532,0.73197217180085616,1.2267473473556261,negative,1
20090379,-6.2799119547430555,8.1784063750448457,2.8645397618637674,3.7127547118557045,-0.21428723028129071,-2.0264502383125533,0.12992447143627084,0.028701871610123539,negative,1
19960892,11.381521056393918,-2.9342138404099587,-1.6836660754490289,0.43379572557649398,0.12586247253472388,2.1864786410682733,-1.8191703768026091,0.59266532295345531,negative,2
20050290,13.039483190842992,-4.0155208027362814,1.5362131640608157,1.1478163696782315,0.2678011937234997,0.49761515968704723,-0.39558623044784885,1.4146676901740483,negative,2
19900812,2.3877077121705126,-3.3103727259644615,-0.60077025711776266,-0.73746090017209831,-1.683829736218823,-1.3404899639659651,-1.0861142872440519,0.88172667691989448,negative,2
19840229,-0.18849773637880837,0.16529984957131022,-3.5569576499958915,-1.1692083629705448,1.2104291492424313,0.57491228110886394,-1.2386128741831524,0.64784680996859512,negative,3
20120103,-6.1801617255751298,0.090705854250966764,-0.86064678528136596,-1.16535046867921,-0.17436338272497409,0.15399411353571923,-1.5204358937211713,-0.30950193841352375,negative,1
20070434,6.5972048849566214,-6.369661944883326,-2.1029730844196739,-1.5112002387656052,-0.14581696978002018,-0.97317442917602759,0.75043480063897028,-0.13634900147934653,negative,2
20071134,-1.3989208269198501,0.14437896953811483,1.5901150450465225,-2.9029168267789203,-2.485338824526599,-0.86250379799838517,-0.4093707111843044,-1.1398355040226724,negative,4
20150359,8.7091281363830877,2.8229614827634899,-0.93835353086622741,-3.2469540388517153,-2.2115318988843393,-0.65648181635631797,1.7945558738732676,0.13681082538847233,negative,4
19881039,12.40731494050349,3.5496870372768261,0.16211626818486569,-2.3152536881169845,0.70389679501733549,1.6305175396265514,0.55146626470896054,-0.33784621677004567,negative,4
19980587,5.8339661557842311,-5.0180448824226733,-3.5472864709728715,-1.301685742857811,-1.6057114226415639,3.9338401076335727,0.24810224243127896,-0.42202654649320331,negative,2
19880967,-8.0696221940338049,-3.2430415358064755,-1.4835438370417893,-2.9212061573956838,3.246567381667171,-0.27854602164715747,3.5242720213005247,0.48884028499891463,negative,1
20170909,4.7613063641179334,2.4553063868584495,-3.2772377519428506,-0.75639878701435403,-0.11787405216623321,0.70990706566966744,1.5710948877963951,1.835899739206942,negative,3
19910669,0.53996367960199299,-3.3213025937005631,1.9898850687650391,4.3841866696169012,-1.7125712346447937,0.42406062824512752,-0.59918222736863902,-0.56734903599013242,negative,2
20110259,-0.9496638846590727,4.3038999729222409,2.7214966350306042,-2.749603008724061,0.064664826280046522,0.79340679360504152,4.4004578584809355,1.377958827695644,negative,4
19970167,-4.6788702966526232,1.1628397258015615,0.035643274129225327,-2.5003891994933123,-0.78683030844155266,0.79161653774788376,-0.44781672698571778,-0.43159108223498732,negative,1
20203686,-7.2692719473547411,11.169685071075275,1.3738735975923895,-0.61983947230636283,-1.2201143375028292,1.1008970462446106,5.0671876702209744,6.6115565673455965,negative,1
20180148,-3.1148899309548965,0.88403606210238139,1.8612956488211236,-2.5107735351480143,0.24798772202897637,-0.44490669346217382,-0.59386792917979536,-0.31633466868955673,negative,1
20050912,-3.1823105901163795,-4.9851160904812515,0.59053903491463133,-0.3216355155129787,-1.174559007391631,0.27852429698805403,-0.40170242686777646,0.043253928984698251,negative,2
20000090,-2.8421101826929287,0.17556054216738107,-1.264568012784391,-1.1715096559926776,-0.041227154024111465,0.45589919308882715,-1.6515944417818365,0.34683249853331743,negative,1
20010397,-5.1252174080785409,-1.9849095425773726,-2.2842811950405655,-1.7196046552721258,-0.25919709422130044,0.22016402699449261,0.2247601181333867,-1.2151297685806413,negative,1
20060045,-5.2221209416781287,1.0089535559446796,-6.5522928728343919,-0.48364668428882668,-2.2985220769663375,-1.6908560165393729,2.9260566263889594,-1.8862694551091588,negative,3
20031066,-7.31373636897382,-0.86727950518578201,0.83334039775467472,-2.0894747959200917,-0.79440458387307877,-0.94758656271385722,-0.63272806950237803,-0.19293542535234556,negative,1
20120675,20.852403510108569,-2.1253988716340646,2.9784296862663044,0.63019089639585224,-1.3962949346043412,-1.9283493110435572,0.41637445487496799,1.7664223616936927,negative,2
19920245,-1.9391212984914996,0.34699876903541899,-0.26184102947424642,-1.5801071983399173,-0.74347682130045878,-0.77046652543972149,-1.871623652904244,-0.76059730222106992,negative,1
19980803,6.9234871023327749,-3.4287640457926609,-4.0337570496232988,7.3656656146032322,4.0365784852903035,0.55441204492912266,0.49552799574965706,1.9425770424408102,negative,3
20120151,-5.322002953517166,-4.0821804332508149,2.6290550377883197,1.0304053956925538,-2.4084665014360276,-2.5316912667381617,0.51855560214297458,1.4063200743109576,negative,1
19940290,1.0414519314807142,1.3694080588387201,0.4479196003083738,-2.6366648520193423,-0.21592587606578029,0.16318202562255515,0.17258829578198834,0.0079046541321050826,negative,4
20060761,10.382111735119404,-5.0779708576416756,-0.17263122997750352,-0.267646929764979,-0.84283667971912157,1.5449393502234057,-0.72944310396502998,-0.25664556913429498,negative,2
19881094,-7.3165602033546353,0.63490163778384956,0.35173706488749684,-1.2596212563018341,-0.48203351214044388,0.23476951026901957,-0.45674055749417147,-0.7131075608319013,negative,1
19990687,-13.26982321502558,8.4976554601416669,-2.0490532445533041,5.3986745198144801,0.46142786356943466,2.8305982774636025,2.3717622601494228,1.230038812406405,negative,1
20130321,5.6170489715621139,-0.42930836676742429,3.3701675421757309,-3.9336572250702666,4.6282087956629656,-1.6868710187521667,1.2328661779704631,0.40133042724822771,negative,4
20060616,-0.87540375818794247,3.2427210714960726,-3.6743704338671894,-1.0411981760080751,1.0381421164003579,-0.72798446203880673,0.74420831503985629,0.44499855123402066,negative,3
20120073,-7.4029365165611143,0.92323809684217217,0.16665588243595411,-1.3856682729121872,-0.79332851247391289,0.2350357090296683,-0.89120016627377041,-0.72267583161887106,negative,1
19960232,-7.4862048872833711,-0.81237346227043938,1.6312290446446835,-1.6700797141507624,-1.3487697513165031,-0.47604932858654825,-0.92536262369311484,-0.58072536926015939,negative,1
20150871,15.812058362109696,1.8802472427916903,-2.2984530827456022,-0.35509724738592002,-2.1879980913645292,-1.3143572687980998,2.0924196270998445,1.6371497481947106,negative,3
19840823,-2.0442119442020572,-3.3091370233870339,-1.2101634563027819,0.035268610316285823,-0.87041181573025217,-0.42760146593537712,0.4252128377665777,0.3039388340433245,negative,2
19800259,-6.5585891908570044,-0.60777084556090999,2.0928711780112712,-0.78085961014095373,-0.52449012378106119,-0.32454325210327689,-1.4334652817628237,-0.6468262118967314,negative,1
19840876,0.029537914890284355,-2.829341642643048,-4.9695766541593356,5.658096258077884,-0.11166149383827023,-1.3261114922645909,1.1765559952900022,0.4983402579992357,negative,3
20131105,-2.3027324520276271,-1.4367310741319821,4.869176727104283,-0.17497918225572134,-2.0809675540107904,-2.1712134010860114,-0.007928730939048112,-0.19408218762865923,negative,1
19890473,10.992465353777822,-4.5898274427060004,-2.6627536937061262,1.1227783959426123,-1.3220391316955271,0.16144738944870651,-2.7570816039067645,1.3754796093274575,negative,2
19991132,-4.0649230603425561,-2.8132989358825338,-1.4523287213339986,-1.950503364440068,0.19734131250722339,0.7406033957095165,-1.7801686419295892,-0.30263930189258403,negative,1
19980760,5.3574176635275084,-3.3869379839006184,-1.3472091094893759,0.85722975058661699,0.028956442389459398,-0.50971779629459768,0.37632552645494721,-0.30440018937063845,negative,2
19991198,6.0858469573437723,0.4120983559718584,3.8445249579266338,-3.168878463057502,2.012024313537339,-0.62673100858706177,-0.41982891715286463,0.92677552083862036,negative,4
19880721,12.278816260397457,4.5030146228807251,-4.703690859296394,0.80630037588976777,1.6023334777199836,0.65860593893383901,0.41733428977944304,-1.1527911429195623,negative,3
20050155,-2.2286150123879507,-1.0019823882069681,0.31351719270111572,-2.8893003187343211,-1.1562700776195267,0.05682449878125885,-1.0816479617122299,-0.59378860411862722,negative,4
19930280,6.4445544009966964,-2.297355585696085,2.3254922850461623,1.0992945589414544,-1.213700310911408,-1.7280054221569952,-1.0985398650780693,1.0392096657489369,negative,2
20061109,1.6494253477968925,-0.12303173048597199,3.3831247385013943,-2.7956253037684742,0.15678204916340255,-0.080966583705926562,0.38425814697845839,0.08833915040525625,negative,4
19810430,2.7556655194396171,0.46198698826206314,0.93224550567769504,-2.3824070255656551,0.89521933749698224,0.039041119793500674,-0.95118031811131332,0.48950530574671647,negative,4
20090732,-5.1336528866798048,0.77299721162141799,-1.0186410023921681,-0.13697136725529896,1.1188084486865701,3.0326814254156642,-0.12032343006964377,-1.4334350522467405,negative,1
20080894,-1.6677430004712466,-1.5377161598083702,-2.0408232883125628,-1.52526588172107,1.3988755077233099,-0.73753685498671118,-1.7267067659791195,1.0552110822613097,negative,3
19980044,-8.0224533546157506,1.9386584485774561,-1.6628295732125808,0.69957719805737539,0.15194614907353546,-0.56114700430345987,-1.0618811002823039,-0.78756654762098743,negative,1
20040928,0.6318302118240201,-2.1734719509680605,-8.224383758571765,1.8801758586453943,-0.18051839615574547,-1.7163985620040967,-0.43334117198036487,-1.7924966712181281,negative,3
19951024,-2.5740953252396168,-6.4489066840669125,3.2344138601167063,3.3709575231955062,-0.40210440026537442,1.0484130613114997,0.12276367076228066,2.317867030270083,negative,2
19940689,10.442442200035915,1.4518704471879402,-4.2330615937203646,-1.5725105353803683,-1.2250140056383783,1.4329805962618594,1.6694807477592035,1.2792543277704382,negative,3
20080344,-7.6299472659574077,0.44857360714094185,1.169366932208622,0.13172880485491298,0.07600361399515268,-0.59183668208227214,-0.088181209013832446,-0.43575429806866173,negative,1
19850565,1.5138327055786389,-5.5781635286092062,-5.2838798486415373,1.3277506860996231,0.7399446743087732,-1.9339380945830884,1.7699242090233254,0.9563293649525656,negative,2
20020902,-6.1253395390952301,-0.89367326132796343,-0.1880198032755272,0.19478979462518378,-0.2900579995825921,0.55761631725523275,-1.3744308810069323,-1.0093468436014947,negative,1
20060378,-8.2354389905732237,13.439376776675719,-0.57808867480912129,2.7286054704963267,-3.8339343810205486,1.8323577022447155,3.7220761602649519,3.6566431917309021,negative,1
19920781,-3.9342857124187378,-0.36311784158492849,-3.5900433775344829,-0.53201485859957476,0.38755655906892517,0.29936668996781596,-1.4147814437784849,-0.64169724228730207,negative,1
19980199,2.3509605831536029,-0.56953845316184704,-3.6454124160493389,0.045115285708069122,1.020252213020389,-0.84672262813827204,-0.43146066359315105,0.58643188789901579,negative,3
19790931,8.5611936817493675,-2.3547847481889366,-3.0920091995624071,1.5427768018638803,-1.0811548407083178,-0.19987425027070591,-0.20087147664286678,-1.2523879227268857,negative,3
19931186,2.1516216306264955,-6.2512338124161619,-0.31597238395087091,-0.68024276631160518,-2.9769106920456787,-1.5749787168350702,0.40628378911558205,0.57387615955623483,negative,2
20190120,-8.4448245215129827,2.0161117737392362,0.94649332974974321,-0.43896149568415893,-0.16701876458909984,-0.48872594451001194,-0.83670184846205331,-0.42414559721348793,negative,1
20070108,6.316816269689479,-0.86573947515995797,-4.6501717439539973,-1.0072238830823881,-3.1422848175095424,1.9353074338905243,2.3491513688106678,-1.9652115294571473,negative,3
20100540,-7.5832024683311596,0.10163235205139093,0.38519616658865985,-0.13583574412302674,-1.5492173000730058,2.6674886016032571,2.5577046561769765,0.0047378221105800868,negative,1
20000501,-6.7328783700258663,1.8599315250604636,-3.1755069359679631,0.23750111037468333,-0.96134804190564638,0.29420572986027754,-0.36246675904710629,0.53243660551838945,negative,1
19871092,-7.8676402667315362,0.39578250580218127,0.40959245815843848,-2.2057175700812812,-0.51981227738070979,0.32935320425269143,-0.99669741689804991,-0.81513775054402526,negative,1
20140331,-1.2067453263127097,-2.1754797757040607,-1.5006899582531112,-0.77420955152684834,-2.0280174799370076,0.53903892994410807,0.5098487627722732,-1.2355251440202131,negative,2
20140364,-6.7402901817638741,0.68752488265340206,-4.5592331332972069,0.45753920360955874,1.5184845399639206,-2.3102901465595274,-0.70037763771507278,0.89109634328952225,negative,1
20080542,1.2189281600591464,2.495243393994441,-2.0188202131525901,3.1898880619368337,3.3761171165492749,-1.9737134258709839,-0.8714874260783636,-0.25858882559610324,negative,3
19911053,-7.4920861703806221,2.925566296270067,2.2514580341087367,1.0372697403841946,0.0349921153921538,-0.1676514039922562,0.41869976179770102,-0.56553579389435571,negative,1
20209489,-4.3841371103519817,-1.1805629940078237,-3.0525440072852925,1.0132880367708585,1.8132706566681378,-0.21057676066762243,-1.8215901473163076,1.3825241837298206,negative,1
19970409,3.0919081088560314,-4.2697151040773251,-3.3634549255916659,-1.5657565091868109,4.232708718753325,1.1902578020881369,-2.9094878214631961,-1.5328252221280663,negative,2
19971109,2.4727177583830997,-5.6228628203294999,-3.7402728995093719,1.1205435079636923,3.032125290860439,4.1038399292715653,-1.522925394704107,3.7770161285549793,negative,2
20110762,-5.02648507661912,-0.1125755832001212,-3.7375610974555875,0.25971873840543297,-0.88754793644353525,0.69730516073291626,0.88518714711915747,-0.65270559902809633,negative,1
20010723,-2.7340154541219786,-4.2557296031299625,-3.9787510240375177,-0.60341915355388109,-1.4038946236875265,0.90262508275809461,1.9288179730209705,-0.48592951939806117,negative,2
20160844,-2.0574942635601303,-1.1125349694194162,1.815025800931416,-0.32110947049831468,0.4150809248090726,-1.1087388863533159,-1.3318953511051443,-0.38996071665100346,negative,1
20081132,-3.2047268854467648,0.099796963745045167,-0.12699823001796265,-2.3945389030013176,-1.2826928550776684,0.24218298211893086,-0.40914477210518319,-1.2747344584721039,negative,1
20030187,-2.8204849333546229,-2.0331742976376646,0.27176888535678967,-2.3581916784254791,-1.9282363781506777,-0.77290091310763887,-0.62156378149811731,-0.62514675436029765,negative,1
19800730,-8.1668733531102902,-0.66142937717945005,1.6232906911318472,0.67723739808051964,0.54194382534978514,0.82989682197245485,0.28031802215498541,-0.02591630091340651,negative,1
20206447,2.6971944529480343,-7.1756525657284875,-1.1888257389307297,0.71315300474077181,-0.77825810089086134,1.9307785652504272,-0.22374810209368162,0.47119222738852645,negative,2
19840141,-4.5139109520964595,-2.2680565973133535,-0.10631123462889529,-2.8969300039538961,-1.8290336028296961,-0.51696353243276905,0.78477897944408959,-0.17972063368098054,negative,1
19830548,0.76203990624958806,-2.137421449422868,0.81733182646221336,0.51965075487381707,-2.0220085999018367,-1.3118419497086677,-0.55404187369714986,-0.16210283728911601,negative,2
20140991,7.1097349478729273,-7.0899905346395453,0.35516801595648873,1.3826723676874404,-2.1244311837202585,2.7966867064091168,0.13404233354665598,0.13527529176747727,negative,2
19990311,6.4281742913646758,4.5674469038314349,-4.4551276221622436,0.58968471624043828,-4.4354042832727201,2.4252572425867105,0.31454293675853762,2.000139302372578,negative,3
19930902,-8.1443594488214544,0.2240108795313375,1.0366379873750209,1.1000702119353492,0.45483976267657317,0.78698879232643271,0.17655761905170442,-0.12794560292340404,negative,1
20150637,-3.2713264403786591,0.31844289953367788,0.30436590781653367,4.2295507521022833,0.058710973381177575,-2.5055725528688453,-0.18804021091502995,2.2458563475947728,negative,1
20050676,-6.1550243997460532,-2.1801922263538271,-8.8851516856498076,1.1726865130488966,0.64587405419362109,-0.72000238599608257,4.1756311931058594,-1.8935539446110108,negative,3
20120911,-3.8131867473342411,-0.63818367925862163,-3.1575068381640321,1.319845072806088,0.072614870718125626,0.31946144020544159,0.12653028637356958,-1.2062999087153008,negative,1
20170039,-3.9496634248138904,0.90450138361984767,1.0458185424727529,-2.3894054401345159,-0.84869337442842008,0.85775479377356434,0.20152012669257086,-0.21667657770426682,negative,1
20141147,-8.1105865922612814,2.3875340831632288,0.40420281759228294,-1.4975303316846591,-0.69585801789050739,0.93541256876609236,0.055038872925346413,-0.18789669364418671,negative,1
20090133,15.376144037222971,2.0652700762650316,-2.7463210393027122,-1.8327366364741884,-2.5814320754251945,1.8855955291977984,0.1649290335754495,0.30530421580705625,negative,3
19990542,2.1584055421974075,3.4803266299251279,0.54761036764708981,-2.6304234881285318,-0.064721304042097333,0.91493293885086502,-0.5629780416092417,2.5111570268013472,negative,4
20000958,4.9724020920479424,-3.3841038547475248,0.17222783739924036,5.2976308305003741,0.71065820781360833,-1.1218128183745835,-0.35816780296236056,0.13269968789539535,negative,2
20140363,-6.4092229523466866,-1.6798941856448468,2.1865423411763967,-2.4094854658119358,-2.9723306772197717,-4.5357335373736678,-0.16328998587741783,1.086869170165446,negative,1
20160999,3.3732086944853994,1.1414436882705377,-1.0294676166202057,-2.0629782471798479,-1.6957214454006682,0.85231065675116646,-1.5342018796166983,0.60281504425705412,negative,4
19840883,5.7993838259045249,1.5210023571553382,-5.0726142379870005,0.43346808345827037,0.041138876979019905,0.6767154686195731,0.038999841381674359,-0.18416693021684472,negative,3
20060138,-7.5706958124443204,2.0734433429118706,-0.14736604407310261,-1.0369163229083902,-0.92103852445670176,0.73939088479355597,-0.72451455056607583,0.56958753281351726,negative,1
20020749,-5.0275660400287618,-0.47865531125711314,0.098538327494252662,-1.4479887803174314,-0.20104982685709447,-0.56380760022661813,-1.8723666500299183,-0.38797145861333293,negative,1
19821108,-2.7755246985178101,-6.8612577791350065,3.0269727552756049,-1.5391461515597,-2.7045261652785744,0.43810947985737775,0.10137045313181099,0.87373769577353055,negative,2
20051131,-10.606598436911661,-3.0282988039909862,0.2957568034863336,-2.7360197272887876,2.3938987004777048,1.5676475916528794,5.3433792927642694,1.313779676461539,negative,1
19920449,-0.60662575232853899,-4.312260728620851,-4.5486790915603619,-1.7240686013793292,-3.3114960387370127,-2.7625713927757634,2.0129285020905456,1.1985570730938337,negative,3
20120079,18.053575672411863,-5.5691866493740427,3.4951226487011078,-0.81396137561385129,-3.9545595216896778,1.3711779062449982,-1.1297407471106509,1.094964186713586,negative,2
20080675,3.349201012135492,-5.9829705569986933,2.2841053957525261,-2.2786141160918381,0.17100359898835715,3.4489061188298473,0.83902858079423681,-0.27717510122170219,negative,2
19801088,-10.754725391703872,-0.45299957630214926,-0.25376817363035536,-1.1086109800316855,-0.98555938079118133,2.5602910479567154,1.128976421350748,0.38176975899097504,negative,1
19980520,0.20197065944460096,0.67566797944379908,-3.8562975985725267,-0.38835864861221814,-1.6262483534751064,-0.76663524395614357,0.67762779798776807,1.442927765398472,negative,3
20140006,1.9945625169274543,-0.88314056021775078,2.2872357141907411,-3.3907452803454752,1.1764566059598218,-0.22417889793717186,0.81898871698085984,-0.55199292002954825,negative,4
20130209,3.1930145879356187,0.059667625396312297,-3.925636009703608,0.99003840234322427,2.0554701581793737,1.4672454802152861,-0.32821256666809739,-0.73714594305113712,negative,3
19800455,10.165740769048448,-2.4206888314647816,1.4165775863525085,-0.72495529507003209,3.4395942604018037,-0.4083480266474811,-1.4810541949135252,-1.1671350576614845,negative,2
20070439,2.3310414699269737,-1.8148832887725341,7.8191536806110973,-5.6046794628103846,10.378583578929131,-3.4312709293282038,7.3340036718164434,-3.1988414667919529,negative,4
20110407,1.657441814583966,-3.3127946156956627,1.4779317107252965,0.11813027293649322,0.10294568923819974,1.9351672909321929,-0.063466504811749924,-0.012940180546199827,negative,2
19860480,-2.3180375199818291,0.33593786369337209,-3.4117817850720966,-0.047071594991494735,1.0122971194718204,-0.92504708284677195,-0.36274434669893391,0.064417606862655297,negative,3
19900330,-3.3813385027146117,-3.7991010655085611,-1.4161049262673739,11.198016302690048,5.2110547017540361,4.2684387572650913,-1.4811756766580999,3.8909494926364685,negative,2
19810023,-8.0506654608245736,1.628949666927175,1.0740858168703427,-0.49850686302503688,0.61095353360243754,-0.55096652787752831,-0.80952941844520321,-0.22946910562087355,negative,1
19941014,13.277216814257738,9.2613650580878311,-3.8759226824067579,-3.0358254561526694,-2.8805282446567202,0.66428026819508645,0.2403829582095271,2.5624608580963586,negative,3
20040614,7.3985329074852908,-3.9713423442196518,0.21580510911479878,-0.026017343016674573,4.8274380139195561,0.65434998243851861,-0.66599064385890483,0.052496697721782705,negative,2
19890060,-3.3948175342898601,-2.2552443938695359,3.0425362955540889,4.9794063128698678,0.14707094797782849,0.64395467138891194,-1.7937428225063881,0.30165532701396353,negative,1
20180117,-6.4020432245004386,3.1163815412267102,3.2965168900158495,1.901982612947434,0.60544024411963693,-2.3102283757096065,-1.954476394407308,0.23469621402612192,negative,1
19941164,3.4399269667304453,0.49745646844538027,-1.7450564838840645,-2.7642216535166857,-2.0574011615095196,0.75418795748241496,1.0965869241997608,-0.58921213805993444,negative,4
19910112,-4.400279698626397,0.16659469947475453,-2.0489482474768757,-1.4447621001120758,-0.88342664707758345,0.85204428558622936,-0.45318412860038887,-1.1591411732317818,negative,1
19880217,-4.7357269452308799,-2.2296749715347737,1.5418001158895318,-3.133674214591494,-2.7137103552006141,-0.52430243054259573,-0.24924243485024886,-0.50202607943266175,negative,1
19860281,-3.5207955664884771,-4.1245385507781771,-8.8276179225440607,1.9864628519503715,-0.12241556961059233,1.4313100858116157,2.6011870242372557,-0.73851641189925077,negative,3
19820851,-9.7881080097573889,1.4579363433878512,2.2801072953947683,0.40430567687571917,0.49474623918073357,0.0061034218827739775,0.83352550571559147,1.498095229618521,negative,1
20150829,1.2139834265297764,0.35449807285871349,-3.3514246761792643,-1.0250468290890107,0.71129669126648276,1.3495070469132247,1.299972232365409,0.81579871139489346,negative,3
19800525,-4.0154866238852414,2.3903036510583506,-5.2490683742498696,1.2316587599908675,1.4541896753823302,-1.4170934705943068,-0.31579284188681578,-2.1197522893043903,negative,3
19900990,20.902901883195653,1.8264537936395997,5.6722357276700093,-2.9959877086648152,3.45641994544195,-1.0084556212873124,0.70794621088103227,-0.088094920734230114,negative,4
19990620,12.155639515323582,-5.6138354687360854,5.6498731788224736,2.5740983292271973,5.4035803694539899,2.3369650310858225,0.59443227902421281,1.6274602455623295,negative,2
19970649,4.7572015831651635,1.4198267828984505,-3.7287980939624781,1.2579481867302389,4.200026726552748,-0.26759193925062386,-1.2095138070425189,-0.96028654263715063,negative,3
19881033,-8.7105699302625545,-0.84285458771465593,-8.1142359595205011,1.4073940525969431,5.5711806805316835,-2.6683307610100462,-0.5720519480155547,2.9004411628646602,negative,1
20120109,4.1460248098691705,3.9445920756722028,-5.8576922361917783,4.2309647966258446,2.9085636020586101,-0.9363198448186365,-3.8262794424051538,2.7561326962320618,negative,3
20209664,-7.4154557477893999,0.45148985070583164,0.42021953463802658,-1.4940192211827366,-0.54022847470963287,0.8842225440420004,-0.34029093922544701,-0.63472352026772705,negative,1
20070835,-0.96585222677794857,0.42680786560437128,-2.6726859583026377,-2.4885362076523836,-0.46105327472330354,0.62291038881621075,-2.5958806069857276,0.77542535409449653,negative,3
19880444,-3.3520347895547711,-1.3537828668530005,-0.25987425815347215,0.53934041149717005,1.4647179020213486,0.71791862243016002,-1.7250629240795086,-0.16982295921149854,negative,1
19920248,8.6366509722166374,-2.2216000482526548,3.30588658968566,2.2283815115164796,-1.3648256356552602,-0.16650748187300379,-1.339943727904056,1.2660199618936396,negative,2
20050230,5.4802240791526113,2.7906942377838093,2.5734398560308454,-2.1914594933279088,0.9059012178378022,0.85277439984248882,1.1858464191909768,-0.40896817910493694,negative,4
20111100,-3.8272900399365617,1.9000843380743961,1.7232834178440626,-2.2256284502417714,-0.6684331581610844,-0.29221083727545555,0.53819502175364087,-0.34615532605530908,negative,1
19870780,-0.38664000117740771,-3.5289663787844385,-4.47122579340878,0.40800834902956307,-1.0109858158255567,-1.4237793650262296,1.3425063359231231,-0.18818018410647935,negative,3
19910030,-7.0746063326231523,1.8178237758577269,2.9409586522307043,0.10352957790812611,-0.12135509894699782,-2.3017695949441985,0.2570637082581651,0.37776209718412856,negative,1
20190332,-3.7024903144216812,0.41250590021666961,2.1188687918724249,-2.3533484553269033,-0.40507082243180798,-0.74716430175589621,0.43231497462054935,0.30767792337983257,negative,1
20080021,-8.2783089212854559,-1.0377788822972713,3.569774144422567,-0.25023706742285096,-0.90889038704474179,-1.3763958810702865,0.21664055799972565,0.66237955744460941,negative,1
19920967,-7.1855529428665283,3.1536778731728798,0.24628913678097872,0.95003513371378545,0.60028472357873386,0.28340870368499632,0.55349903769802655,1.167044409027052,negative,1
19840096,-8.4513121404805336,0.63837252343256223,1.1547679485478393,-0.07788519327647507,-0.53335122859267603,-0.39018834678181735,-0.6106201794748698,-0.76953800893265056,negative,1
20161098,-0.73813270331905301,0.73676887469292951,1.7121554636801453,-3.1393495028547376,-0.50092511570989739,-0.22109386622647734,0.41235761035393848,-0.11696384912187277,negative,4
20090648,-17.04865717767067,3.0060008394300799,5.3367616790175623,2.0811881448559992,3.2533651787443225,-1.0656557838032261,4.963054244240988,1.15052499771037,negative,1
20060573,13.843570982967652,3.0974445012185465,1.4932692955748754,-2.7812178638118672,-2.3521254772359375,2.2978373784588122,0.94906290161375051,0.53940205802826369,negative,4
19970521,-0.87200669183761037,0.24967331035988952,-3.1703217089577769,7.0660649505975544,2.4425711838910651,0.7925073419448736,-0.050135388575484496,-0.30361513691855596,negative,3
19971074,-10.741053141375112,0.41799745819957468,-2.9628654985574383,-0.1642804504360196,0.75272028238493305,3.3020681567193457,2.444793636882312,2.6316519527136468,negative,1
19870560,0.0055233807678439998,-5.0832804757370349,-0.6165422423814817,2.6232731821336448,-0.75985427838982134,1.8487686491080819,0.87917525713853928,0.26309006589939699,negative,2
19991048,-9.5447484060925873,0.25933158292914804,-1.1160664718097579,2.169177571426673,0.24782802255324721,1.1811288535525113,1.5226185614607513,-0.31722021435861031,negative,1
19890509,-1.515230782716777,-3.7232810050390981,-2.7771745033783795,-0.44021764852665002,0.11315460176136956,1.6067884873071243,0.81522770210122486,-0.99915474287960537,negative,2
20190178,7.5220256390154034,-6.6580033695818495,2.5390331389048399,-0.36212919845366365,4.6049200571267672,1.4804174472239573,0.55009593086389674,-0.16196468288877278,negative,2
20120893,-4.235857700970092,-0.80084570316371961,-5.3902489877529289,1.2886100341275792,1.7414824933843671,-1.0489393422648212,-1.052933151481463,-1.967481761692055,negative,3
19830894,-7.3536924833339139,-5.3993627281526679,1.0188923553554894,0.43222119842846535,0.83615301992215396,3.9442608032114395,1.6432766888560368,1.0398130969186767,negative,1
20041159,-5.0841521153983402,-1.2078191093211759,-1.5746561632764677,0.17260679085343852,1.092079913380267,-0.48113092640684774,-2.7634590642739449,-0.62807880421000895,negative,1
19860143,-0.88268991061422952,-4.5363404357621961,0.16108535225744094,1.0133594756442481,-2.0786565695365535,-2.7849224426643557,-1.606652285069168,0.75463872348060557,negative,2
19931121,-8.4203763472695847,1.4764544979499548,2.6821623574422238,-1.4237357625192013,-1.1798199541776564,-1.1013917403697244,0.56324920328822348,-0.32035914736312993,negative,1
20100269,0.32890110432084518,1.9875026431561869,-4.8322106905024977,-0.080651705760565948,0.75784007995011504,-1.467195376910543,-0.20246041057694475,0.66413218323545786,negative,3
20208782,4.273990327348467,-4.0483068019810382,2.8850733154956134,-1.4954106597098733,0.30045032675604894,-0.61315872765065771,-2.4656258421045307,1.3458524401897016,negative,2
19820645,-7.9079251046920671,-4.3593875585681037,1.3363442572499455,1.6596774552211966,0.81239083977945892,0.15160032863355272,2.849053875296669,1.7059903802432501,negative,1
19980049,-7.916471164909975,0.57125586386570126,1.8699438693644765,-1.8562851350569656,-0.14090045259495168,-0.7706546989475257,-0.23273012969410348,-0.46256368068377141,negative,1
19830949,14.433458044888287,-1.8684177414292862,-4.9378924828053163,0.23643702789175131,-0.60999132519994004,1.908122925272622,2.3249824521158202,-1.9675541043564819,negative,3
20170717,-7.6739563980432077,-2.3703325478802748,-1.1994746176380406,0.71361072154917737,1.3619526049397359,-1.2005209427289183,0.52076803507657188,0.049154585790081098,negative,1
19910483,3.1643351802100805,-4.2374175740012507,-0.06195874489615448,-0.66017862401215099,-2.2294469815906739,2.5962200323112095,0.94998736324148514,-1.1506965753109912,negative,2
20204603,5.029359166502311,-1.6981079419338603,-3.3468701959281142,1.4098383066253186,0.91343183647133785,1.5209259341503698,0.65838937856366553,-1.1835826299624317,negative,3
19911059,-4.578349397587349,-0.22592485594007869,2.4826025116290529,-2.9543124162703185,-2.6132012219881151,-1.8543237297647355,-0.0054623674073155182,-0.016531505025832352,negative,1
19850396,-1.8887852817450257,3.7121805374618631,-0.12810149709315852,0.16714191791432104,-0.36522946745832519,-1.7863587093254214,-1.0671799050342681,-0.55078284785088771,negative,1
20061021,-4.2429008413249134,-2.168232421170837,0.25004900564586252,-0.35691513781387296,-2.9065879559803451,-2.4227971817947789,-0.39458919917830382,0.35332147971104561,negative,1
20160994,10.113257531792273,2.3705649509068598,-3.1655276303940618,-0.99772796568022315,-0.33702634533385101,-0.67376162402129924,-0.77430562330969477,0.44078059985597046,negative,3
19910952,10.738764819070864,-8.6788282663431993,2.5070401358458838,0.18781873494977491,-2.9647861869518293,1.8311754937257068,-0.92426319556252812,0.41547693133004732,negative,2
19820011,-5.3777970160738615,-4.0254073722777006,1.0989610336956301,-2.1699839076371505,0.4782958253139542,-0.069865976591073298,-1.3135112227654955,-1.2785945844390738,negative,1
20150069,5.3338132660805613,2.6414810757181493,0.72175245183336989,-2.8051255865895404,0.93439158393984179,0.55852750261070938,2.3856716026442975,-0.56783774236335838,negative,4
19880609,17.265400539351258,-2.5138478002887621,10.404071654752817,-0.91002892004502844,4.873745111826298,-1.4126478233095661,-0.048675697291430481,-1.7000132034681619,negative,2
19950459,-7.6117131227247246,-1.551943407202222,1.3232340161742615,-0.96824011412608568,-0.47434963763355775,1.2278168694603684,-0.59016231891948612,-0.61282227219955754,negative,1
20130767,-0.88004462628289992,-3.7589329878485893,2.8794693704391392,0.87701711629380963,-0.24879783545154779,0.48568022642289166,-0.17314548363705889,0.38941453738881793,negative,2
20040855,-4.0803736836857709,3.3338363271218876,-5.6735907071868708,2.8349337777808739,2.1168229793301787,-5.6635799250237904,-0.6995709940145366,-0.67852152184079551,negative,3
19950584,18.670821152500771,-1.6602110058103035,-4.0331256367837396,-0.6454920981798753,0.77955754892151541,-1.0544955561600458,3.6678711325823623,0.22632373366813791,negative,3
20090049,3.7561896496112972,-0.76837276646240427,-6.8224911656871692,0.90852651634128156,2.3927318443235293,0.32230951481780273,-3.4799830257182331,2.2100081684270894,negative,3
20190008,10.214303250604122,0.67981515724533048,-4.5316088116314335,0.97646126704770975,3.0454741811785189,1.2052380551839244,0.76756351181158966,-0.56451913647427376,negative,3
19940683,-4.6332406922790002,-4.8579949182704381,-1.5020175417134471,3.5215289911118801,0.26501436909210774,-1.6683133655726992,0.48978292078498359,1.4111436966723885,negative,2
19900058,-7.110020952637008,1.164964928862005,1.6786514019397871,0.84008625138963855,-0.082081748371677962,0.20558050543324941,-1.0159374932272511,0.086048840881288988,negative,1
19930551,-5.4532331335204782,-1.8568225803302334,3.2274570271733047,-0.14501972763804405,-2.6544320940196142,-1.8140642468703063,-0.12735363862914606,-0.034500926408263084,negative,1
19931051,-4.642221255370365,-2.7177410563146536,-0.13504447018901491,-1.935666266687379,-2.5041177466374958,-2.0391523309735584,-0.032029227912526555,0.6692480697234211,negative,1
19860066,2.0811831928397462,-4.4180648215182901,-4.7777034142543382,-0.63017500353220968,-4.4479550442149138,-2.2265626840426522,3.7481032821134317,0.97988993290205606,negative,3
20140963,-7.1016133106592036,4.1908711274288262,-0.44957464859175872,2.6192821210663437,0.19810649266030983,2.1386005627200904,1.3470611185351153,2.4875413461513345,negative,1
19870361,-7.1170960665752272,3.3609674869993671,0.74405450856711985,0.41076141029182095,0.57781672433828135,1.143242126651923,0.11341602378155578,-1.1774609921336123,negative,1
19920172,-11.833533472111714,2.1542251020240535,3.7034948832562518,-0.69551050514876855,0.86144142969128534,0.74439882589120632,2.6796304553266985,-0.68717611838508907,negative,1
20101168,-6.1425876345897112,-0.22078038093629951,0.38646864049922341,-0.86367577623398462,-0.36933345894626596,-1.8774552439858725,-0.83679391502121636,-0.20180770875520915,negative,1
19890872,7.1307981835688423,-1.1477490349926622,0.98872269793424705,-2.1233966294654936,0.72661358753015615,1.3123509209813653,1.7797569442045966,-1.7633153058503177,negative,4
20090333,-8.6456401612696503,0.75758619705799291,1.0714348880197817,-0.41757915159868453,-0.24004630892276438,0.36660970826751044,-0.6006939981853946,-0.41691642341388224,negative,1
19940553,19.290184465620314,-2.5850845614080784,-3.6749202037834259,0.93271627523212919,-3.0348488094345201,-0.20707895518325045,-2.5155360163228968,-0.17877804122060117,negative,3
20207514,2.7202355088117103,-0.17621207873400749,-3.7413668307211996,4.3793229141492853,2.1475794207769296,0.94735625627315767,-0.15834328971799966,-1.0148464360277956,negative,3
19800336,-4.0807300959878843,-5.9401337914103181,-3.8359498368748368,-0.2184116449593618,0.71264799257808287,1.537185349655799,-0.042202602128203107,-0.72935074302387304,negative,2
19950654,5.9427609232128846,-4.4029146325469375,4.3350495764083137,9.6811927351745375,-1.3107143939451642,-1.0344186415352532,-0.43606385718025931,1.3730198686736219,negative,2
20040653,3.8900085365683168,-4.2988373596504559,-1.8672826718875513,-0.26210716723980221,-0.8112485369650283,-0.30455709297437056,-1.0906836023603377,0.54514736147665466,negative,2
19960308,-0.1972342260697921,0.41063618895438192,-4.0488501607095602,0.96411114083149152,1.3972567483366767,-0.43831160491967713,0.59208465905051477,-0.39645323386795223,negative,3
19920579,-4.8271567546380609,-1.4317025561268475,-4.5668825127677364,1.3092032929143855,1.9902311690782146,1.1265889012083909,-0.11670433898224297,-0.74125989183775942,negative,1
20150515,20.340238258048654,-6.2363359499757793,-1.2707706095725586,5.1817794501095857,-2.9968820078301124,3.3393769965962576,0.49632184057393997,-0.30038687140595277,negative,2
20202994,-9.175329991937355,-0.77116945981683227,0.13559208780274598,-1.2391094688203206,0.10387670821669594,0.92940081823444465,0.12508421770692585,1.6881593821759815,negative,1
20090417,6.0698169663273678,-6.0021753606031591,5.1445435436307996,4.0213142687259076,-3.2443132324761943,-2.3318874393863727,1.7036641733648941,0.12518331233794305,negative,2
19960827,7.3054581033930868,0.37007551567486402,3.7576950941969596,-3.0866806509391198,1.2472235149453565,0.11727282434494854,1.0190205176032392,-0.56503831642761582,negative,4
20150231,7.7796073761791957,-3.2900627359048582,0.53453104092308423,-1.2448105140975338,-3.1680936278958782,1.7853736492691163,-0.66430821536959916,-0.49934844260127031,negative,2
20010454,8.102794986379962,0.76583529238691006,-7.4520979897845558,-2.197014258324828,-3.7138338279549297,-0.50212215738817489,1.116837000266321,0.037366607537792071,negative,3
20170548,3.922337724833779,-4.003709878577725,-2.1622225910181152,-1.0424695483784636,2.7445123348886127,0.3903748108231353,-0.35383399817369515,1.0387748460081312,negative,2
19900985,-1.3487697439060895,2.1151674267783318,-4.1913637023768606,1.3907607335257413,2.0210614037770602,-0.88271767400133783,-1.6211872776334246,-0.62543750707005008,negative,3
20071009,-0.5033972740186009,-4.318203275367523,4.0489930499709796,1.5277799611717164,-1.7083051622932628,1.1166144315559887,-0.3521542641295759,0.67313178980777766,negative,2
19981098,-0.61406252970699549,1.0395971026334083,-0.34314047875057779,-1.7424082437044726,1.3871966215407621,0.20136134929548022,-1.3900641750865177,0.82233060087054743,negative,4
20140041,-7.6743222422456965,0.045136408991455296,0.66724656195475707,0.51639542315010245,-0.054260029020793465,0.32229071438684503,0.42681616898160041,-0.35005992032159117,negative,1
19920380,-5.3526570611074895,0.32653257698970933,0.95357697617352144,-2.5807356535743002,-1.3029772282790273,0.33849973282321261,-0.18454913228863498,-0.24164543467608293,negative,1
20111062,1.8746124210459025,-2.0107780220610634,-0.40579285063730242,1.8224277351077154,-1.369765295983433,1.404669449516001,-1.2976392126372056,-1.3329629573307877,negative,2
20090211,2.4410685985410168,-2.3052485811843213,1.068852677821005,-0.28557566438718818,-1.045594478396799,-2.1260068009350603,0.16995707525002182,0.77920288456093645,negative,2
20151162,-3.7926375985795771,1.5948062327948929,-3.0690667014888264,-0.70012899595480005,1.6297668956548457,-1.6125079007582364,-1.7895660372018654,-0.3180286555316254,negative,1
19970178,-6.302607712697351,-4.0859360601425525,-6.5078412848991807,-0.018705180276188962,1.5020807910939407,2.2445375444445022,0.88440014698743197,0.69418312302129448,negative,3
20130933,-0.20903062258433494,-0.68303363323849786,-0.33870568899302483,-2.8426741643708637,-1.6664127384679066,1.0653008780969959,-0.43323888002785771,-0.46507743196715884,negative,4
20070308,-9.4929409209292626,-0.6046012613894598,-5.9968757694149941,0.88978261255969027,4.6239696883499271,-1.2091982228702078,1.3007984429538271,1.7308735896400615,negative,1
20131038,-4.1512386003396804,0.15571260519735522,-0.59429772559835625,-1.5005034725796826,-0.22691359332738287,-0.38011613771754632,-1.7674318376323357,-0.26134225017334101,negative,1
19810063,-2.3542013517553158,0.25601324055981356,0.044521442892692706,-1.9807443132213638,-0.97268661921295851,0.70400235185311166,-1.3446065146710866,-0.71646372191764784,negative,1
20051053,-2.6576152302034615,-2.5577161744705585,-3.5063056162520718,0.54553560502649456,1.0417721093351842,2.0734003408033077,0.92899292155072977,-0.037087381375475188,negative,3
20100064,-6.9195019681206489,0.055654321726941874,0.73718255502326124,-2.4397591022407932,-1.1076480679043472,-0.030939648137691414,-0.92068197003830143,-0.91690345259507922,negative,1
20140615,5.4357138036216321,-1.6136890890348723,-4.3610124088766833,-2.4710733834315248,1.4784981541226712,-1.0792157596197411,1.1211820863888413,-0.43166416533393487,negative,3
19930679,5.407663591422943,-4.7687425801671983,2.8601006316973838,7.3500494634697251,-2.7396087791541621,-1.3810416202261315,-0.58146720036052568,0.16013786958207138,negative,2
19810712,-7.5253548275859012,-0.68784240524138551,-0.33242330505478834,-0.32492265915191232,0.082912341769779629,-0.28964432232093096,0.56810623443478669,0.34373754437593246,negative,1
20170492,10.33451454277894,-0.61747651160398476,-4.0521061391060202,-0.2642406610539606,1.6392392515640657,-0.2452033883220891,1.3066334583159598,0.45541624408471232,negative,3
20091145,10.24788171720078,0.42484713428938548,1.5336967405310722,-2.3883641177960815,1.3872876268051786,-0.079745760756318493,1.0734896898307236,-0.79215133608971855,negative,4
20080717,5.7664794019347108,-2.1323177021454782,-2.7367102735344742,-0.077814198214416819,0.96610518151482649,-2.4123049291072944,0.31421578764324071,0.80800534384832756,negative,3
20170438,14.667390438202085,-1.598276199276828,-6.2643764654462153,-0.2533567163856939,-2.3014241826000266,1.3272871709412082,-1.0107702642977197,0.52553836630039341,negative,3
19901154,-5.5844923433015508,0.16399129485681427,2.3021907762028295,-2.4654624835430883,-0.77786761684123207,-0.92387990644193285,-0.10029564466298001,-0.51905363820009076,negative,1
19800440,8.0228664495629172,-1.1004511663452354,-2.8457836334786841,-0.57791099272635793,2.739468977359981,-1.7661772460479364,0.52586195412631287,0.72536208019615134,negative,3
19830149,-7.3648192632299692,-1.4469872747505532,2.546521487182849,-2.2849912270498871,-2.1345607526293038,-1.556288718692419,0.004967059882862882,0.24684274562969741,negative,1
19970779,-0.91124940276432997,-5.0067896377108383,1.1409529526455684,1.1184524684554287,-2.320201185169378,-1.5383752705074338,0.2386304446712777,-0.071820151409978591,negative,2
20090598,7.1606140799818716,0.44323955369345108,3.552238653238379,-3.2293232725006682,1.6210964583986829,0.07963867596521898,1.3318876916169744,-0.4467618702105331,negative,4
19901076,7.1679813338681573,3.0438146409941473,2.2869967228430603,-3.1305188503025172,-0.076289152033606158,-0.88056379557865394,0.79585094548383495,0.5326674128287866,negative,4
19910624,5.4557209743835307,1.7757505624573822,-6.5471977684197844,-1.670868985043847,0.2864123685368985,-1.7713272975069414,0.16015960802406026,2.3801025367205222,negative,3
20207340,-10.626079074765631,1.6466407693398168,0.68891920349164515,0.36552213606345019,-0.57066917220540292,0.24817931354006137,1.6432360935718322,-0.027884047967970001,negative,1
20190987,-5.7477596947734755,1.8066462280916151,-2.1942331697354605,-0.74521200569569057,0.021516580092581988,0.51185286433660604,-1.3396756795377021,0.96118696050494568,negative,1
19930080,-9.8541708156295176,1.3587503194442367,2.7082116447578297,2.6855397149875828,-0.021841632831217695,-0.75178872514851891,1.4158450194314267,0.45009133458976258,negative,1
20011071,-10.000701421892275,1.2823874457946678,1.067968922125099,-1.2136538012123699,1.1311595875216769,0.7185168938017058,0.53535418861844131,-0.74870543858049932,negative,1
19910100,-6.0314797986343516,-1.2705135596787458,2.7019772576595686,-0.023028187646161189,0.18630828384072137,0.082664967527700098,-1.8048398214294534,0.57622128024778851,negative,1
19940882,-2.5395623313419717,0.9297477391253951,-4.8527064779636087,3.1984298013431425,-1.3154319645187884,-1.0371283570482221,2.2203392456105284,-1.6129764195470899,negative,3
20180105,-13.200369308859131,2.2597129603681712,2.805814524447293,-1.3052987603326045,3.2890789228577448,-2.5510988104377055,3.7044514924422471,0.57269118166632471,negative,1
19800213,-4.8103533055980243,2.2586158748603844,-6.2377581393441712,1.6944256515531031,2.6374432926909446,-3.7866925397163711,-1.1844436964765028,0.11150482598488572,negative,3
19900207,-3.5027777603112575,-1.1678022955181069,-0.077277788224328611,0.57037762571160688,-0.68618236165793289,1.1613355410610107,-0.015938660959290495,-1.3513981529474308,negative,1
20060187,-8.5539788029804633,1.4010342815375867,1.6380791514593815,-1.2942309797354647,1.0806732312765981,-0.30288971018939598,2.0264389823884779,0.90958110578987283,negative,1
20110241,-9.2783723877874777,-4.4297363827542044,1.5129194314331118,-4.4960934422405829,5.0009209810403572,-1.2103572728817966,12.362958805791152,-0.78142050305318422,negative,1
19890157,-3.2763214169999495,4.6388044781637685,-1.8037698148223584,0.84773523162781794,1.103149992977716,0.092513745773507641,-2.9557288106740822,2.4624962975480682,negative,1
20181194,-6.7935097305106424,0.20798912825398438,0.48018803726874787,-2.327996482347892,0.090168410424981735,0.81375758283285493,-0.93488293811137957,-0.45440867914169902,negative,1
20060443,4.454518474178732,-6.7040290960944464,1.4864002417913482,-1.8443868984248004,1.226991051022766,-0.10553852071120062,0.78775716200671353,0.34754328311106986,negative,2
20010791,-8.8222136767438979,1.5385700424274147,1.6134916952633747,-0.045800776905196815,1.3013582837988666,-0.11385498104954143,0.69120466559838656,-0.3475589427824306,negative,1
20090009,-12.157225213630309,-0.93374342874560257,1.0112596760586889,-1.4232168988303422,2.3472396403057729,0.48780992750637792,3.806804118659874,-0.12766166622888572,negative,1
20120557,-8.9253544597993635,4.5481892046786996,-1.4497519648807997,3.7489338211619265,1.7369801537235532,0.16307464407575439,0.42700654012692324,-0.17556792900496607,negative,1
20120502,1.6299542052492788,-8.40907262142224,0.79601323605078289,3.3894984083016979,-2.9914423687152754,-0.12331889823754845,-0.8082000502291794,0.50050550743907174,negative,2
19860073,-6.5649661177154188,-0.17474268770237034,-4.2927457680841847,0.77235089422453418,1.2385081156854407,-1.0245145664748663,1.1572847741005055,-1.3752126450475557,negative,1
19830505,7.0961353138817787,1.4873923335692691,0.4222809904987827,-2.9032167043898665,0.14015407584139686,-0.098315287014045322,1.6372342173187362,0.35471524637820995,negative,4
19790407,-0.50921662233391396,3.8562198369098639,-6.3552153925493506,0.6549524450461145,0.17856614927890219,-1.7367193563829117,1.6430273776592352,-4.0215857119085099,negative,3
20040937,3.3466764990031295,2.6452991573785516,-2.4395875362427701,-0.017672581137807199,1.1409959911840908,4.17196898454422,0.5471026330827794,-1.3413125896867737,negative,3
19950847,-9.6863203057144514,3.0315509579706239,1.382722664498325,0.24988466078081209,-0.50237463527126169,-0.16993681559577492,2.6387019562394198,-0.15982823652839609,negative,1
19950812,-4.7382673770279649,5.1390540690921283,0.66530449498400068,5.5205252375466607,0.50570061824795998,-2.0519597316726608,0.42428944221394738,-0.98915844697239352,negative,1
19930466,2.5428048333750919,-0.0058491410695437878,-8.9952939113617347,1.5697826836431445,3.5136147058639176,0.12949174708860645,3.3697589840469813,0.43154422889624994,negative,3
20061034,5.0097954029304139,3.4506920981901916,-1.3596534676599437,-2.4523967748739599,-1.1075827574347794,-0.15431644668235062,0.90536864216549551,-0.0051952525695309259,negative,4
20060534,-7.4400058748982589,-4.0518760059396675,1.5984276132518305,0.27074601575868729,-1.883279101315082,1.1330930295023263,-0.069938555639608949,0.88595687971919213,negative,1
20180942,-3.918785138704274,-3.4758416847945361,-0.83818341526710149,-1.4177485700444297,1.1685761061774842,0.53481920127520255,-1.2439694274926609,0.04150500837686872,negative,1
20100954,-8.8293980447580793,2.0447344853782305,-2.0661541862089763,-0.46919981350786855,1.0181897967061997,-1.1476967544148284,-0.34409627632948186,0.032610043995600836,negative,1
20030132,-3.1241691301391641,2.5835853200887704,-1.5922280740485291,-1.4200309386396615,-0.38419352331840123,0.16637462434096362,-2.1856348928076534,-0.28375442255620237,negative,1
19811128,-5.8918835959709419,0.80466542390672058,-1.1462128784264003,-2.0179930755229596,-3.1996017095489266,-1.1500345500059661,-0.53179367716192705,0.86187193164396481,negative,1
19810823,-6.4176932440433596,0.21279269045580934,-0.95593385115103879,-1.1764010663834141,0.39747780427313312,-0.61011580581138425,-2.0739734265897494,-1.1435696020259485,negative,1
19960744,-7.0849270355796277,9.1161007600064199,1.4444276222280064,6.9544027550650753,-1.569490090862357,-5.4959554980319041,1.4280062206772086,-1.028067606625324,negative,1
20070032,-5.6686284730239533,2.929843822764135,-4.8772534713710112,0.35990009739265166,-0.51131334175388699,-0.17052214891004491,0.46647026549499615,0.83228814187049027,negative,1
19951096,9.7543958384234664,5.5175183211982857,-0.21374233621295366,-3.210217412936017,-1.322778185456875,1.0944121467306194,1.1130879934633411,1.6089627072917281,negative,4
20130657,25.513297647702935,-8.322483572897168,10.214488083575739,-4.5964369304770871,8.7600646234233395,-5.1774670709421171,-1.9957256586738115,-4.2747417629584632,negative,2
19850923,-8.1798735079002967,2.8792822273777614,0.49745280334091418,0.50351626441812769,-1.1983344051769969,0.60856685006437905,1.7299953233510337,1.0225289740790895,negative,1
20041091,-9.8997804663274529,1.8877513661354415,-5.0678254084189396,1.3169652727097954,2.5675788518603642,-3.2491960072399846,-0.46786746712448335,1.1518195257908321,negative,1
20150682,2.5576571769265803,-0.74068119259950038,-5.020366554394605,-1.0565483242166911,-0.35147228909564432,-1.0836552653415708,0.089763800882506753,0.04308147913155453,negative,3
20120886,-5.2095625018436067,-0.29465363399748423,1.0909818876320903,-2.2895536715039526,-3.1128840747160518,-2.9173159749740702,1.3627946880227586,0.25835961957699149,negative,1
19830881,5.6283979339639414,-3.7246418075661527,-0.81010172625923438,1.326004221157667,0.56673387327456237,-1.3492876175528619,0.12598550336106465,0.50766394231479905,negative,2
19960117,-4.4169658346767138,3.3507661544900205,-0.2626163540315809,0.04943638177089988,-0.33101315672513199,-0.33833171377396232,-1.4831107978796974,-0.091054784857674292,negative,1
20000268,-7.0762512290530646,-0.21663169996950457,1.8946366654255775,-3.1467433820587849,2.1872439186075678,0.13351034287019517,6.1614561722684353,0.59380980997060051,negative,1
19920766,6.4737610363166542,-9.0817447748442497,5.498116970424566,1.8974029351540458,-3.5611948373555533,-0.39915979996070083,-0.053209071735741471,2.032613451474599,negative,2
19990286,-7.4542636952913774,1.7968668068370166,2.5860602853468606,-0.41494966945404105,-0.59171893615433901,-1.044784687973692,-0.60641932802658238,-0.08077785940681087,negative,1
20180910,8.629708943319665,-3.2430474802302767,-2.4672126055639789,2.785058188105531,0.20269763542789757,-0.56772370579569109,-0.17168337385858623,0.39187031724410731,negative,2
20130051,3.2430468304559192,0.6290053979071768,1.6195849925120758,-2.9241918353257681,-2.3495711149088598,-0.52387959954166408,-1.1600144558547956,-0.52029550421864112,negative,4
19850384,-4.4393517611301405,-0.96503481401850544,3.3692824372726449,1.8706146276505122,0.35769935220787352,0.14935059208474796,-1.8289588225380067,1.2459951223505343,negative,1
19960699,-5.5759611000347924,3.5300196051619035,-6.710597639763078,0.26268106068604052,1.5161050142806116,-1.4979212456233755,-0.51022634901762831,0.17830176393546271,negative,3
19970995,-5.0372423607103327,-3.7364175638909738,0.93431490652018168,-0.6606957460308851,-0.38212504918587481,1.7460381168835959,-1.2917145413990072,-0.013742395223356111,negative,1
20050090,8.9054155163054833,-0.21261325244793841,-2.4284873610265136,0.68165712910465048,-0.93188723532824069,-2.3353040587027212,1.238448642507584,0.35736523463156006,negative,3
19980880,-5.1807281938792649,0.58128493059896369,2.3984643177072527,-0.10576738460909402,-0.47154744604968596,-1.740127467219782,1.0608380470651235,0.095632543040686968,negative,1
19880894,-2.2135115314742686,0.079750957080192017,-2.0844212662361721,1.9044986272021092,0.16847752730270593,-0.92232041602053649,-1.1648079976554364,-1.5171011261596874,negative,1
19920293,5.8220309062456321,3.4758791180669553,2.5577217785770094,-4.1131583601458175,1.2099242867300595,0.009030842056281612,2.1957080637769177,0.78171482091586708,negative,4
19860409,19.448251626598687,-1.2185378173360113,-6.9607424450128814,-1.4159539231348546,2.6162835641719573,-0.27986418579389011,1.8635803877588293,1.1908293795207583,negative,3
20080721,5.754308557436711,-3.7989942080054231,0.47915936615353849,1.7673935740481732,1.2631226916226139,2.4129194213784513,-0.52502852304626491,0.43028785501632838,negative,2
19800423,-7.4788250800780398,-0.36534448594930341,-4.3712668913078856,-0.24519785001216113,3.5055731818584537,-2.2792594538704489,0.0087067203307604271,-1.8055930839215406,negative,1
19900437,1.455542438811116,3.1520674648583249,-0.3391671462711619,-2.1441218798856951,0.83179614832795601,-0.34926833899676646,1.1945384128117713,-0.40828880671474543,negative,4
20120178,-1.8207383120231349,-4.6418780236212767,2.732784913211304,0.69140728523562833,-2.6863298114385481,-2.9543476888303446,-0.340521541712342,1.1635220346694164,negative,2
20190467,-3.5378178281232597,-3.5559093113566709,5.7420712316888212,2.1708690186449626,-1.4046492195042442,-0.74957591041342353,-0.83878684366306611,0.59661876073584452,negative,2
20190893,-12.680545619160323,3.4998769618826699,4.541208164719996,1.6869052122647488,0.23911095964714535,0.081411212187555634,0.88203745902182473,0.44116763102465151,negative,1
20090887,6.3516552449102246,-5.3222095793510835,-0.5680966892757906,0.58743056722166331,-0.41646366738660484,1.2774753199738755,-0.17059787543253163,0.3734881121540381,negative,2
19940213,3.3337067941504892,-8.9463650539629942,6.0973012624920235,2.0813382543219929,-3.5146980224020363,2.3788735018711709,0.15721785873251445,0.45155146532084173,negative,2
20080005,-7.7020400508973097,0.95217262601528319,0.57723959016243376,-0.74803106066654668,-0.091369086782819853,-0.39533712870673687,-0.10715073418291753,-0.5372869363827516,negative,1
20080050,-4.3465907025683821,-3.8532205027975657,4.704315343150137,2.8338467991097995,0.95661947222756138,0.33964704089412145,1.5468446062414212,1.4268158998059388,negative,1
19941140,0.7066791491098654,2.1984353634480471,-6.0559976071101724,0.0070760030629573936,0.46679190106675111,-3.1993838712711193,-0.73223582593707026,0.16405843766988679,negative,3
20120781,-8.8140574792207431,0.87791543983138209,1.5823486326713991,0.28006666992604029,-0.43440804784513254,-0.8040584508130989,-0.21842051524243344,-0.0059374716806768384,negative,1
20204833,-2.1864294854491959,-5.4269052927182022,1.5920215250547625,0.1288445879726868,3.3166894490623977,3.5464816130387633,-0.050349405820548788,0.43509721097113951,negative,2
19961095,-7.0766254747442163,1.1482439297502489,-0.90640109529222457,1.4515130714702265,0.02227055949902192,-1.1911684376374774,0.57242671983817239,-0.30373905310259808,negative,1
19861081,-7.0433110701425923,1.8705640151282066,1.729237067670915,1.0647456713785215,1.6560018390354945,0.1155366173144575,0.071429979098821039,-0.2601234878011508,negative,1
19840325,-7.894330287263049,-0.35652458194364639,3.1157022791157143,1.3773127758281938,-0.5707281113915007,-0.16448220051510443,-0.75958708181357903,-0.047875103606903828,negative,1
19940331,2.233318131317187,-1.2876144065544124,2.588169864437841,-2.0880687931186195,1.2374733365678954,0.42444255523096713,0.94221765082521292,-1.5836747132708811,negative,4
20010437,-5.9211891698839558,-0.35820628472174093,-3.1214895487328893,-0.92449642726468584,0.87276601385334063,-1.238815572659943,-1.3136544351067894,-1.5415649712976942,negative,1
19990774,-4.5317929824676586,-2.1723072289453529,-0.89406792304977556,-0.98709844041773387,0.66859938244856498,0.20361520583106704,-0.83626175905128641,-1.1926911777791358,negative,1
19870709,-4.2680240739320183,3.9737022532274366,0.78687149183448268,3.4449765080366141,-2.5255123936786772,1.6296333450841467,1.5008734980385696,2.3534915219996018,negative,1
20090880,-0.12697625710071006,1.5319401572529614,-1.7974791799882519,0.17656524380915636,0.43737045512040362,1.8188213557808837,-1.7132141322844359,0.071050165797399992,negative,3
19950146,-2.276061265239421,-3.6422358871454494,4.3803971499628123,4.1228156663965638,-1.0671224879462191,-0.16728900533988003,0.20246134307465466,1.5568157897186212,negative,2
20080726,1.3416416886540103,3.5775910101370401,-2.6668947154755784,-0.58432160813019207,-2.4750712431973549,2.0318808818931968,-0.028998751019752467,2.9389050312738636,negative,3
19880316,-7.0968643737821688,1.1242851845636226,-1.7038897660669703,0.52014400822168183,0.47463932891817612,1.3177798972096881,-1.3689783454593818,-0.74827864032650937,negative,1
20151076,-7.1022984446207547,0.64767358769134187,1.1425031597058091,-0.24902125910689996,-0.31482726670859218,0.64676527089833857,-0.59975993588742826,-0.45077255921280135,negative,1
20000014,3.3344338116294985,1.1643740091573276,0.32385915545279198,-2.5669764914176074,2.1372092025452574,0.77777017456319009,3.5489392708526637,-0.86888997969488968,negative,4
20151023,-3.0684860425854756,-1.5603276007395268,0.033519520476779474,-2.9177974608831563,3.3438023381456983,-1.5291989853232355,0.26086626360848086,-0.19064146245706315,negative,1
19860380,-7.88465572954025,0.024802710003959484,-0.41729377535784662,-0.90573161335969343,1.0477146728319593,1.2346977684389877,-0.8935725056185353,-0.3451232545490045,negative,1
20010346,1.0991635245109974,2.3918773114366987,-3.0042552044048993,-1.9196220828849191,-2.7783301112371461,3.4220035933106328,-1.7514131187308928,2.3847464014463484,negative,3
19800300,-0.98783404543708786,-4.0920184786871276,-4.398646727200421,-1.2429070680644674,-1.1898075404008579,0.56075900056735672,1.3210038088756468,0.051461407791889367,negative,3
20180016,7.0233886299651047,-0.058068240302086523,0.33263710661928925,-2.6907811364943695,2.4752528718376028,-0.17153111993335626,-1.3721657730352026,-0.60305000927077101,negative,4
19950637,6.2561519668871313,-10.371949993141286,-3.9517197325103743,-0.37034126861399086,0.48721702010416751,1.1114132187522379,0.11117904925676762,1.2881871276249741,negative,2
20160080,-4.2177720514031263,-0.24061227427492754,0.28761317065946634,-2.2007895692186445,-0.21843274418014094,0.63061168828747416,0.73502919034720471,-0.20215833905266825,negative,1
20130902,-9.229847112396028,0.46248339123739768,-0.39120798834568427,-0.14944066938288134,-0.13836111861719827,0.27247972863979131,0.66042922913949043,-0.035202579147016633,negative,1
19941065,-7.3263068753908591,3.1627792440759435,3.5959988501023634,0.77243537502022319,0.30017116559097234,1.382137903432122,-0.61789353777008371,-0.31314854309665735,negative,1
19841071,0.35925102890208899,-2.6819228375168565,0.93863685125421659,-0.64293570446888448,-2.149330294427557,-0.90524385741272373,-0.95239613489154284,-0.11792113595337038,negative,2
19810052,-0.36395446147222699,2.0829688950340768,-2.9625012350764846,-0.33729569235815909,0.067531371423711101,1.1801830423610984,-0.22448899960344834,-1.6219709040436372,negative,3
19941030,-3.5847151006559517,1.2105723455578499,-4.6968676094827408,-0.038071418267515859,1.9926308728701405,-2.3578013772438906,-1.6873276485631878,-0.88796785305152737,negative,3
20140706,6.8738337000643819,-3.3389701336602489,-2.1623452324642245,0.45329418684580991,-0.50119228827463314,-2.0367096304695198,-0.38922796309361779,0.23697560544624896,negative,2
19920438,8.1703985625921973,-4.3103014234266253,-1.7146969548246997,5.009859290782952,1.0830715123138788,-0.032755158784844397,-0.6929816219267404,-1.0042142039261297,negative,2
20000136,-0.22815735655751027,0.66818607904109861,1.8161425490466281,-2.2525366113211294,0.27476701186066305,-0.050062146457980961,-0.46324247802974161,-0.9931291843070571,negative,4
19800288,-2.5293428309048243,0.25559111836594267,-2.6860794700231732,-0.26975986741128138,0.011076601958048276,2.3762076033311414,-0.52863696030236351,-2.0019114428543241,negative,3
19881010,-13.588087551179241,-3.685523807339524,-0.58943319425494667,2.0094485372935162,-0.64783948838480976,2.2986968221755273,2.2692137472614902,2.1005423784032411,negative,1
19861086,-8.7340977941644091,-0.38301675840668364,1.2221220135173201,0.94118138870124435,-1.0878620782882991,-0.098916054975088305,-0.056514032516182991,-0.38589884207948849,negative,1
20110501,-4.3294320819517527,-1.0445662861553608,1.3380463418134505,-3.1637602199730988,1.2024889962514407,0.4970749803995253,3.7433151481123708,0.27901656798186264,negative,1
19960538,5.0866172572995447,-5.2792411111386093,1.083364638501306,3.8341984712861854,1.7985438931429221,2.4660267332538246,-0.82183524157475407,0.57372125031850818,negative,2
19901012,-13.525608971364774,0.68840488949452461,0.78534420657720727,0.4319542044889772,-0.25400884972978788,2.0545164784186825,2.65913894219337,1.5826758216016443,negative,1
19800553,13.41365974639977,-0.95505369463484213,-5.1882948590503197,-2.280239696120796,-1.0457055230313281,-0.31440076999025141,1.334498561677578,0.17841385027903855,negative,3
19901047,-4.5287722196224411,3.3043099902179689,0.7426762617030408,1.5828685371669295,-0.76016839169472405,-3.5555326524215243,1.377587343438806,-0.62405401463222487,negative,1
19831061,-8.9334634635581036,3.2317620349343117,1.0264594934776039,-0.99578313757691006,-0.72543339160512588,1.1193569892662598,0.32850222407029966,0.63108826902632664,negative,1
19820699,-4.6458263025047009,-3.9987891063840695,-4.1030207477874159,3.1732745119239922,-0.45309677572991747,1.6927438235176289,1.957120659970538,-1.8724903344408885,negative,1
19950954,2.368327248548546,-5.8863124844055585,-2.8373446060304564,-0.83459220902249465,-1.4919826426365748,0.96189894781144947,0.0095498414091635484,-0.36431231533535507,negative,2
20121099,5.7568747660901272,2.2020785581309457,-5.4502860543420555,0.24639399988043342,0.081613594951936319,-0.02178932488063768,1.1371526890929622,0.43764509697045201,negative,3
20120992,-7.213551646058761,1.0740385423872063,-0.53224539270219606,-1.0693405180845832,-0.47854502333988946,0.53924776167028654,0.015141242637539621,1.1642727248782718,negative,1
19800068,2.7827790322905561,-0.86738780903753199,0.13172050654130812,-2.2236188786902398,-2.0974853325880214,1.4748755977915196,-0.67247372567072705,-1.137550419235396,negative,4
19860799,-0.06436994919836371,0.92592207128413473,-4.0306413851343557,-0.5385688629339529,0.24520292693253154,-0.72801151853273838,0.56002848604738731,-0.014248520873802696,negative,3
19990449,-5.9787639927589753,1.0519349108166003,-2.3242630192753948,-0.94137277216717941,0.91761892055323546,-1.539702036059724,-1.7552247771930527,-0.55191445904448566,negative,1
19871016,22.237695682032481,-0.024390668724301019,-3.1212556180309559,-0.082860557920951511,-1.8940639223597107,0.76794182586549076,-3.0087261056440826,2.234462753211568,negative,3
19820035,-4.3136915629042543,1.2013848863838621,0.020666692130557076,1.1475700339373947,0.054550145111545441,0.51234500772488689,-1.9020821124125891,-1.3260179845424198,negative,1
20010682,-0.53041491854098111,0.68100833226501245,-4.2253705189782345,-0.25573180688135738,0.062617324804000146,1.0290432592469416,2.4135093987220966,0.063659269438592792,negative,3
20080967,-2.300022308499531,-1.1627421249510819,0.65597015047236862,-1.9602916215400366,-1.9779634598788378,-1.1261677574274098,-0.63824529223675575,-0.17336756750717949,negative,1
20180578,-1.4083428055290905,-3.0720908674407483,-0.38182797535821317,-1.816986612183807,-2.0832479675913,0.18773441148114292,0.22201532113100611,-0.36807999831414284,negative,2
19911082,-7.5018315710202854,-1.4435272297619279,1.223582623208278,-2.0040297875232831,-1.1973578650574115,0.58306169382188588,-0.54361405193644363,-0.33762365653075432,negative,1
20170643,-1.4305911841860708,0.27816517526750972,7.5107618552038344,-3.7581200606518257,3.4039381652753198,-2.8231589798835799,6.8619382129575053,-3.4066412284212992,negative,4
19830416,0.00080841581603654426,1.112002946164462,-2.9212830605056896,-2.2458413025544801,-1.0856977538487089,-0.12436738495579588,0.41069017749997683,0.13334864704737603,negative,3
20110118,-6.623847195831579,-1.6669986698938664,-3.2887996781010633,-1.4903930810477228,0.40989826646879923,0.1333575510912669,0.79203855641951926,0.041403893986787565,negative,1
20170167,-4.2115192060741773,-2.6387108891534234,1.2885929968219207,-2.2140428036548978,-1.6177446907491759,1.6880764356491123,0.33263882921130944,0.20873498677581792,negative,1
19831099,-10.092332169886788,2.3566165764659393,1.5288640798989277,-0.9097444989531368,1.6818078941906112,-1.4121678759882001,0.43043660070678358,-0.54058960184141769,negative,1
19900084,3.6733991179958267,-6.9513144537062503,-1.3533657469498688,3.2676829110469865,2.0195662330441699,-0.94699840024334958,-1.9153495791334276,1.7395302522140006,negative,2
19871133,1.274183949677917,-3.7557910753042911,-0.70580349409419874,0.067721014699079568,-1.6860331031639295,-0.3490086891212445,1.8125773161894281,-0.90716035466644573,negative,2
20180803,4.5710561291430336,-3.3071936012660186,-2.7233766911022692,-1.5058915136855857,-1.0062539120957985,-1.0406746672707061,0.69744356378363659,0.8647810435672223,negative,2
20160895,-7.0922673922478969,0.8692144640336571,-0.10641289733615299,-1.3357275778624658,-0.78556796737834833,0.81764725960528672,-0.44355139063251919,-0.38801313434099782,negative,1
20130117,-7.2978483419098694,-0.29114185819278776,0.00052125902289193622,-2.020514699546641,-0.99113740297817299,0.085844626392983597,-1.0170348584562963,-0.88505647141191357,negative,1
19910806,-7.9728925259595149,4.2481350694040145,1.2717608453163851,3.7940260204183804,-0.74408030264999614,-1.1895933041189082,1.3784057251890796,-0.6705856086191192,negative,1
19871044,-0.33583000737015473,3.852124316823919,-0.38835061712060581,-3.1413212814071958,-2.1548089515015261,1.2561637632967244,0.82724060938868738,0.510496752013752,negative,4
20100937,-2.5506542041682145,-6.2690749488895214,-0.47162646814178771,2.3550409493502693,-2.2334353631151411,1.1189959281218207,1.2671735122096683,-0.0627339745736748,negative,2
19910585,-7.5064428483465155,0.78255991822779281,-1.2404621728468581,0.21947192083163289,0.88233289207822885,-1.001379367236588,-0.87012982259850313,0.33536928625834578,negative,1
20160516,1.7691766059204146,-8.0277599894491445,-0.84127009535985975,0.28311600058717845,-0.68736533745094819,1.6090916566675284,-2.4682224628057337,0.38850233726510552,negative,2
20050785,23.622906629689023,-0.7200104254006483,-5.8340850604946102,3.8412354567436147,-4.6834925822506319,-2.0144993432584619,0.2169442067276896,-1.6779852157418402,negative,3
19831111,-8.0283777732331263,1.5086763518270634,2.9244831391955337,0.018512171689454248,-0.89744628289233064,-1.6330273124137902,-0.30828545572480098,-0.25144717531735683,negative,1
19791013,-7.0925014629228631,-0.39264994580132651,8.5914801414846167,6.1560351538452718,-3.3625098355894423,-1.6871893711806993,0.54059628994256936,1.2709261250065134,negative,1
19790513,-4.5411248726974671,0.36408599740683534,-3.8774954131051089,-0.43740245406826028,0.61011368711249825,-1.6288143941686415,0.34591970718009563,-0.13676159690056991,negative,1
20140862,4.9211573548589858,-9.0097994022403469,4.9467446812671749,0.30436951056505857,-4.3522716231029968,-1.8199361489324961,-0.13413179988175411,1.9413398650976659,negative,2
20140496,-3.6881069293125748,0.28282313299652262,-4.9394087575233883,1.2878138878384238,2.400974658748444,-0.49031897236495742,0.71887418103226108,-0.25197728486738818,negative,3
20060226,-6.0594552457128312,0.3148718008360894,0.67617486694252038,-1.859139801739303,-0.2095880877532123,-0.0585486450487782,-1.6811118703166485,-0.72899989968136036,negative,1
20170135,-9.2479468520175203,-2.5260163553629655,-2.4411897593805998,1.4611440932172475,1.2739989252611446,-0.30946416948326538,1.3361475137236449,1.5226781921620856,negative,1
19900159,-3.7028109265527651,1.9003807288133754,1.6566367477743695,-2.486157959070006,1.1192441485609737,-0.45617325032416295,1.4322026306030298,-0.60522031098574869,negative,1
20020402,0.26351765854339604,-3.6827592707999721,-2.4023822839388118,-1.2580145103232117,-1.5044424236583869,1.0184485103977223,1.7471480100792804,0.77045678694736774,negative,2
20050324,-2.6275535134406316,1.4618061261212489,0.78451496771876783,-0.9819388569674925,-1.1528595505915944,0.25441397560749801,-0.3590631190536534,-1.3581158396614847,negative,1
20200685,-3.6533209414077135,1.9124403968424648,-2.1243073695801726,-0.25644861655534779,0.22906830327268857,-1.2055609641213201,-1.5156833042046922,-0.48815191396751323,negative,1
19950024,8.8511831724666195,-3.5847530802808607,1.7954880851870743,-0.86509762101674459,2.1150493417996827,-0.42217367622526236,1.8473313364106798,-1.4224625880685491,negative,2
19810641,-12.083842621582223,4.2714707002063692,3.5979248737445602,3.7324189902776062,0.17595143111179107,1.3568602749578411,1.5893212916633908,0.34450612749609116,negative,1
19910655,4.5178748914778835,1.7152998185759976,-3.8858985066456593,2.4455702282077811,0.29759015181200299,-0.82894561662199884,0.51049000086664531,-0.18170777727016924,negative,3
20170960,6.602565519346264,-7.9694628159119016,0.52513288658892388,1.3249835758306177,-1.8399926955195003,-0.46278125528104547,-0.52784933852342952,2.3872429641450941,negative,2
20191057,0.3738931027388197,1.4547451739862842,0.14024538667806336,-2.6752656377174788,-1.6427648811828761,0.30733269481585324,-0.056330447577498832,-0.18542911457205158,negative,4
19790669,-0.45824609886080103,-1.5774991199802164,-7.0909709309397613,1.0115049255179172,2.5080034946054703,2.2523366150031143,1.2169628951842124,0.021323737060938364,negative,3
20150441,-10.887215293906424,-1.5588483204001358,0.67786064976983895,-0.85779674808595063,0.711529515164118,1.8657148789585181,3.2609878083746175,-0.27421191178408849,negative,1
19830794,-2.7077429426091006,-1.935901924697385,-1.9864317851508129,-0.46744243327020973,-2.4853433355252039,-0.47311124602931998,1.308197678758626,-1.114453549983748,negative,1
19820898,2.4130169593604611,-1.2145876900848305,-3.7137339201932251,-0.047941436893334882,-0.43683118217482764,0.40946822993223397,0.13815269300487712,-0.89725598634872294,negative,3
19910124,-0.87355013116375557,1.7739185233400108,1.7733307769352029,-2.4067214952611247,-0.88215690579404094,0.77008583842447653,-0.24056741453320044,-1.2100507451159503,negative,4
19800237,1.0760942732377679,-0.27179058386018884,-4.6098306437666459,-1.7633583735473579,2.4415220446808346,-0.52528484741362458,-3.6611219602672809,2.7701984485418785,negative,3
19850741,-0.92070357395182023,-4.7056543988632447,0.039265048433426694,2.7183701135311229,-0.81307289365223401,1.5533412717232808,0.78539028600987448,-0.02292775500144504,negative,2
20130835,0.89445796486234275,-7.5894438709603032,-0.60264795421240624,2.4654915283114218,-1.1396747030632806,-1.1930066336798326,-1.119843549555021,2.2401094922738212,negative,2
19900276,-4.9952779414050186,4.7779805482492357,0.52504938070329421,1.9915259620913266,0.68369652933120428,2.0431179874907652,0.25763351714338162,-1.226091505209036,negative,1
20000054,-7.6067207017677694,-0.8408246113623854,2.7763409170528655,-0.43848119845877181,-0.78813504882621688,0.30423405466485876,-0.42979939487596769,-0.61388969683862904,negative,1
19920951,1.287387010640975,-3.5452230655215513,-5.1627653088275416,-1.2497349680715122,1.5202828386976857,-0.60349614372159988,-4.2086133879289447,4.4812703799293585,negative,3
19970086,-4.4164666192632618,-1.6320172453775197,-0.54933182469257558,-2.8281434433010175,-1.7469921216959621,0.71090566548568646,-0.75859529036054796,-0.68818465361064296,negative,1
19870092,-2.0738451687114177,3.0285776299672467,1.372413305204859,1.7948551960077186,0.25431024905132948,-0.090173883856956016,0.035111555842129077,-1.4119292874404838,negative,1
19840531,6.055727322320422,-1.9679360719609928,-3.3710432701594959,1.4579389396522993,3.6136988213002623,0.41971434136017771,0.26825283391711657,0.26256546199711117,negative,3
19830138,4.8346923359715914,-4.9182730165663893,1.684450251667829,-0.44085088558432933,-2.5382202607070008,0.014009049232447611,-0.86605655201146148,0.59846548991162085,negative,2
19990734,7.5252375506182263,1.2193348607217815,4.363214516995761,-2.5668321166814541,2.2165012223323828,0.86577988816864648,1.1497612321961015,-0.7781421239111268,negative,4
19930179,-2.2246026120667053,-0.051322027706383763,0.4986862578133483,-2.086342414751523,0.93279537503992049,0.24864080959347343,-1.5729201733908074,-0.047367449160946963,negative,1
20100731,-1.5300628391825362,-6.0493744630608104,2.1847794675141898,1.4406509817677526,-0.9981442388231635,-0.29881007485502903,-1.2235833113827068,0.13763735192660784,negative,2
20150212,-5.4843374607140625,2.6180358029651654,-2.736026227578606,2.8203482334349608,-0.66708059153911392,1.039830863860367,0.053730489595511952,-1.6681182065653781,negative,1
19810736,-1.9580125664745509,-4.4279595047073146,-0.72784434162087219,-0.0059157490958980001,-2.1031955136737341,-2.1548373679978883,1.3834878170519556,-0.29998245280388425,negative,2
20120195,-5.7064542067825919,-1.1298101430999743,-1.6374713915628103,0.080402803584724375,0.8774744802891703,0.10509509912849389,-1.8699396542932141,0.041777233493553362,negative,1
19910777,-7.4305347755210009,1.6278624949873284,-5.5195672416082742,2.4872821190094396,1.2786912025438391,-2.9428669395443787,0.7504414343026693,-1.3561179999829447,negative,1
20180772,17.440625958415197,3.2509240836448003,-0.29067626385911099,-3.193069933433669,-0.063954990489962837,-0.72835574978676942,-0.6956418515681092,0.75472991545738577,negative,4
19850112,-3.7046204918026659,-1.4256877164143364,5.1888858685676116,-0.71678888123748097,0.61208647294942742,-3.5084314809134884,-0.50679578564863093,-1.4435217314081477,negative,1
19800464,13.124800336420195,-3.1896509737248362,-0.6309024158745522,-2.5377733735410923,1.8800605286134424,-0.37103835126706952,-0.58885339725024066,-0.79720131464571786,negative,2
20170932,-2.0846499011761477,-3.8414957528297133,2.451724559144989,1.8519827316555701,-1.3146239392942689,1.2790157750593969,0.48681178407096043,-0.66006787744523909,negative,2
19840365,3.8770834680282378,-3.8726600694208426,-5.3289062118441022,-0.23578726590141785,2.1179069101849293,0.17834124752137528,0.82349292885176739,-0.062737009339788888,negative,3
19850062,-3.571252904010866,1.8541093315378061,-1.1591510710623028,-2.2760363362571021,-0.2306928579043499,0.35057057859082197,-1.7826935497562124,0.40758261031664728,negative,1
19830793,4.4567227003919081,-2.77576925505823,-3.7710527761921133,0.9535935342784253,2.3887651143559778,-2.5927169122642901,1.5868395161457367,-0.6899160514001148,negative,3
20051107,-5.5564599256543845,-0.091090819707428744,2.9028142670219257,0.6664413782730676,-0.91222047448789434,-0.92080838361780659,-1.4453554662381165,0.017586337818468731,negative,1
19980298,3.7372870836890399,-5.3746341089635727,-4.5515470566096496,-0.070044464672923717,0.6442603458600562,0.84414365925766122,-0.68478222930087562,0.62048181736929209,negative,2
20040700,2.55566069254261,3.5823339418173488,-8.3355075095700517,4.3800507638761399,4.6421105000613263,0.17217351122229771,-1.2824847468081435,1.5254528176705302,negative,3
19910123,-5.5563921592481247,0.73298435525698102,-1.6145533898295201,-1.2585410785793016,-0.19617369332525933,-1.891159323926846,-0.027570864927536611,0.19646578831518918,negative,1
19960386,5.5071751646318061,5.0435309278385336,-9.6272364469755498,-1.1429825777962901,-0.72748116794643669,-1.3390074105560859,-0.6440685182603979,7.8346961702590203,negative,3
20020608,-13.076327191298205,0.98671482237051622,-1.5395724565257118,-0.79240987572272581,0.75831690411216801,-0.24580458282392934,3.6866139673465828,0.66969185695104805,negative,1
19800347,14.106725248825381,-8.4186578677481663,-10.321367972692622,1.9665828585374703,4.5898064894608437,1.1805852758708659,0.026052261384346326,1.3402390339710006,negative,3
19980434,-10.680905744062491,1.6453648003302122,3.8137708486300923,1.8452352217704531,0.47180861836436083,-1.3341717145786474,1.9562542840736226,0.48567612743517319,negative,1
19981161,-0.68459603664347546,0.95081315003571187,0.67709394088379238,-2.890011086427192,1.4696249262837693,-0.23879017333857111,-0.23154469108768144,-0.14603547933619435,negative,4
20011170,-5.3578194389765716,-5.3640617440581773,-1.8360881761309436,-0.57334583200249478,0.542783524896846,3.011389411998513,0.28360373083576373,-0.22156933893673475,negative,2
20120138,-2.644992907192012,0.21051302876622482,-1.1431008401827574,0.20585187051226483,-0.70576943601906095,-2.4152782697674193,0.0083073109960798731,-0.37143636278393455,negative,1
20191127,-10.757594791450861,0.23216886924714422,0.71625273515229304,-0.58856940638713928,-0.91378248665125206,2.4786984547507127,1.1689468094826341,1.0881212422748563,negative,1
19910770,-1.5620897333466988,-0.89978479313992543,2.744526984407631,-2.1471684583446105,4.9382893678417776,-2.0022616652640508,-0.01228883753999056,-0.60812969507613057,negative,4
20060708,0.17365108443067429,0.50283662360764159,-2.4366642705186177,0.91721368885489629,-0.45921572599477556,-0.37908737757033667,0.80238737299825713,-1.655710764034718,negative,3
20190886,5.9011380781482998,-3.8347022444247965,-0.73512927048597621,0.41710016008478606,-2.6756370728172154,-2.6850067688355539,-0.99409838215597679,-0.3562514939075056,negative,2
19790506,-11.534637908706371,-2.8534285931915577,0.90948582436865455,-0.075390752703307418,-0.097809200436026006,4.0572337198530608,2.5835130306327576,1.6251670165656058,negative,1
20204034,-0.39204249040965777,-0.74522127066715449,-4.3154688401332866,-0.0111638677350247,-0.04387279648083104,2.17866335458567,-1.172541354755916,-0.48200228300587378,negative,3
20040497,15.239851386481753,1.3249291514161228,-3.4410069917587101,0.90651867240477402,-0.88774551408100344,0.61225510464454558,2.9503286352610512,-0.63492701095948867,negative,3
20140877,5.3111001401741458,2.0656526685377417,-5.8806893632416726,2.1424796123866554,2.8821864900410663,-0.35229762343619775,0.85580208529963275,0.071561752496174066,negative,3
19790958,-4.1300924453823153,1.4542365059123796,1.9759347258629063,-1.4760583277687831,-1.5255141000874561,-1.8952578619056137,0.42541250108514889,-0.40634181742670894,negative,1
20021142,-7.5874197589148871,-0.055804753144127799,-0.85631192410580692,-1.2540710396973134,0.32090784136469092,0.40054591583625115,-1.4366741523221502,0.6326634922571549,negative,1
20000568,4.8506200827158361,-2.1515031220774099,3.7214777728732105,1.344510255288845,-1.1375811135784977,3.0392070662317829,0.88998793408133303,-1.4213094973546354,negative,2
19830375,10.007175250227636,1.099854370655682,-0.0020322927359114869,-2.7646294974525021,0.54715799053876579,-1.8541653768222799,2.0049397174934782,-0.093523752704043436,negative,4
20000963,-8.2659068466950227,0.038725550037157511,0.68859821585190739,-1.5606692042249135,-0.070785565530625663,-0.29199343586617821,-0.75429814002494089,-0.16587534188030273,negative,1
20100583,-18.289421550373788,5.9858512362579344,1.5335846276824436,0.61102988307304229,1.8584835652446039,-0.16669012787266538,5.6705007089118435,-0.18383141151239629,negative,1
20070645,-16.095252688786758,0.24658476690779743,-2.7843521860403611,-0.52470842346023616,5.386836664108003,-1.3473360597174675,3.8112397857275719,0.94698686495296391,negative,1
20090679,14.90222942828083,3.8342365489880139,-2.4659108330343438,-2.3500483657670959,1.2079855146026395,-1.4864413080666152,4.4528446713619818,-0.043502557337526393,negative,3
19800683,-6.8749613338226148,-2.3229378303578221,1.2331269673696155,-1.1305840604552968,-0.017029958849650931,-2.6894820838723206,0.65348615637016438,1.4990296030570542,negative,1
19830257,-4.5645988789543699,-5.1147379784201661,1.2869803565355589,-2.5067423365299253,-2.5026521021420765,-1.5957608707698878,-0.45008990306126762,0.67810166986385134,negative,2
19871173,-5.5203221707979218,0.15382862932906982,1.5903303575086529,-3.1689966347850742,-2.2025045816863797,-1.4870545903588093,0.22277194516364002,-0.6713184292550316,negative,1
20070798,2.4316277927019119,-0.19045386217275156,-3.8137045402299186,2.697136869257688,2.9489684114148669,-0.71053776134326629,-0.23607989455969666,0.98889626895690108,negative,3
19850282,5.6097481323874909,-5.2995976981861626,-0.80356331106723489,1.2014434557704927,-1.7329212195248023,-0.68744479303075268,0.46426262716313749,0.74755989613763441,negative,2
20060435,-3.6160579800596993,3.7525475886687305,0.78231918974468884,7.3403716049226757,0.33955024420237645,-2.4877636555039482,-3.1771761768738576,0.28116803795164996,negative,1
20030116,14.671760986403015,7.1354203429810132,3.3848422463637537,-4.2380862214856903,0.26735436034891563,2.9624468515745859,0.52641516923664344,2.8437301436499509,negative,4
19820674,-3.1938974932303039,0.41404744115607189,3.6026574191859422,-0.78278461662600973,0.69648870317007516,-2.0693858253160862,-0.43157973153187551,-0.0027228600740211218,negative,1
20040941,0.29693522293572677,0.50337107899165145,-3.361564576380299,-1.5032516581319302,-0.2063653958605699,2.2601823628057529,0.023932433471566317,-0.90107726871801141,negative,3
20100385,-8.7866468123720836,1.5223443059699224,2.0604333157930492,-0.55942813977694816,-0.26274600545762045,0.5711103999558641,0.01860987452408144,-0.54173325811750217,negative,1
20180339,-9.0305831540151047,-0.018501758457471928,2.6600911206072628,0.19254379010517894,-0.092141450249513077,0.50552829802170673,0.087569913986950215,-0.16933022832109834,negative,1
19850559,-4.0900546741540307,-3.5274930661579633,-0.71352876407302301,1.1641246436375634,0.12595274889087182,0.48065853148519228,0.4053138069909486,-0.35489319785542983,negative,1
20060344,-4.5386923808281621,1.7698560150408955,0.13921859526803668,0.25762620432273953,0.0078665337866052724,0.091392037109221766,-1.2555442877961764,-1.2602784096114534,negative,1
19900091,-2.5643082494386635,-3.599433720213832,-0.94344690800844677,-0.61763138562289877,-1.3416750402552455,-0.63000773884396655,-0.49478747667093465,0.1795541798105339,negative,2
20130626,0.56464146580389929,0.094838207720807449,-3.6938102661626435,0.39788837168012775,-0.45688782532055916,-0.61015406929687199,-0.36695759364779251,-0.75451234165919501,negative,3
19970233,10.440941435627957,1.7503288482843167,0.83021642299877274,-3.1975854812632662,-0.55033090466487178,0.30290923533991915,0.50315360102762563,0.81191397071602722,negative,4
20150783,-4.7153738500523028,-3.2755938984345212,5.4873083220285164,-0.9187871733751346,-2.0067544996795164,3.3671971934319469,3.2269251114378714,4.2946039245982739,negative,1
19830456,6.3850786165339199,-7.1689395338680244,0.80156914924289169,-0.03929580170876653,-4.2057276611539498,-1.3030748338395688,-0.1024485853771219,0.44716126743070778,negative,2
19840784,-0.69042484935205894,-7.6248865606323175,0.82619840782503806,1.1329380976518191,0.22072712991878657,1.2838024779233697,0.50731751377302292,0.76975062426118079,negative,2
20170127,-4.2272628023675418,1.1848042283877354,0.37869277889807168,-2.2157667704655961,0.0020153355481012493,0.48620090689841172,-0.96698604209108685,-0.80250858361683652,negative,1
19951168,0.14020051268148603,-3.1428376731140366,5.6549597773654217,-2.6771902050568439,-0.11272396756333651,-1.1183605264393726,0.53341431733154021,-0.47703755501337619,negative,2
19930366,-6.0415712150414418,0.94084988069608233,0.29110064321905144,-2.2674096286683745,-0.87118093319676793,0.67667250129173606,-0.49090846812864031,-0.44389747712161048,negative,1
20010668,-3.4552848779527787,-0.22493890343673109,-2.0400933605909217,-0.44315517893733342,0.89596036500498089,0.79925942045386655,-1.3556497864789376,0.24230572791815266,negative,1
20110629,17.769932778188366,-10.622612760504639,-1.9938785050270964,-2.9759073962554092,-0.032353899793375884,-0.74330988344629367,-1.0045597351700741,0.38949222949975748,negative,2
19920061,-8.3578480287872026,0.1459527307839607,1.2163533019033972,-1.5544757115899102,-0.64250312204717897,-0.33684179843475243,-0.37116359087172685,-0.5525518810294765,negative,1
19820020,-3.1274051477955935,-1.189105586041072,-3.6809833117122999,0.16252881355112,-1.2319046026533138,0.22846496623334253,1.9254682302127835,-1.4394808808316821,negative,3
19990975,8.2818548583696554,4.2742651465144563,2.4103780117129947,-2.5969789490064166,-1.0848563654926715,-0.55346584197567972,0.66090650948951757,0.45790426917526683,negative,4
20061010,3.1455239374883757,-0.8962377639430783,-4.8611645603891169,-1.558153476050061,0.63929191767049542,0.69165117045509072,-1.6372522067052135,0.11010988394989407,negative,3
20202709,-3.1316493713926259,-0.36041381623409896,-1.3163925797326304,1.5308574484054791,0.47134096850724655,-2.030808331215344,-1.0008407418326679,0.15672141288393895,negative,1
19890816,3.4787744672050684,-5.1305188629243998,1.2347025585336853,5.232442082614094,-1.1545264770000285,-1.6370748824653121,-0.74431474147943433,1.4692334845468713,negative,2
20101159,-10.991968540970969,-0.6293039847251618,-2.3325797221202862,0.23029788288867684,0.90264681321248363,1.407039390330348,2.2977450402732722,1.7806586290224624,negative,1
20001118,-7.3315978162795341,1.9128914162621315,-1.811266463457007,1.3339339244876773,1.0640205774371958,0.40484314379331737,-0.19536014596971571,-0.74156881175027778,negative,1
19891148,-3.8837020252352064,-3.9294947509072609,-2.417917290238992,1.6723259283261258,-0.39071741951900552,0.67868157673251273,-0.045548852736087914,-0.26108370162011535,negative,2
19990409,6.1108745657163883,-2.4241766782192391,-0.44324692937367083,-2.3937681009584266,2.1835112107407761,-0.040719489730857671,-1.4184758184212443,0.79794841194637156,negative,2
19930211,-8.3166880227054687,-0.015392150347495102,1.1283732574923853,-1.547383485355337,0.10752876232501923,-0.23799611054924019,-0.92630751037551273,-0.13472125565100587,negative,1
19830205,0.015174260850286411,-2.2363072845428409,-2.1665329503248469,-0.18737570669247483,1.0208811720310835,-0.50415123183136057,0.91022507848147671,-1.2547313713975603,negative,2
20060498,-1.565706407426164,-0.49690654641997006,-0.16155191065949162,-2.3496071754879835,-0.25087487164278888,-0.94045271564658017,-0.64884263996260061,0.83231202704610063,negative,4
20020243,-0.63681123454650579,-0.19275004312675389,-4.1166601385573118,1.0950276551063332,-1.1913217368769335,0.35640964060851588,2.2097301401817462,-2.6144626412987404,negative,3
20061132,-0.87923772468984174,1.7954940466554155,-3.442771689848652,-0.71753289431888923,1.2226031906171728,-1.4588349938583129,-3.3543995054853095,2.224117307304522,negative,3
19831021,-3.0121116581355332,-0.23053677788464816,0.97740001827847134,-2.5476082326851128,-2.3773050915167593,-2.4913825669568195,-0.17409420494085737,-0.32754659575273226,negative,1
19850955,3.7115982425635834,-3.6118409806513876,-6.6349982463106922,0.73351582551441108,1.1766544239820829,3.2907965501883987,0.40179623737327597,0.51006973613336359,negative,3
20090078,2.3169117469453924,0.086820324601167537,-3.851013298112377,0.14637580171097536,1.9045898529864194,-1.5408743298185241,-0.78325610483505415,2.3345891484184014,negative,3
20170005,-7.2399368947158189,0.49567086004494026,1.2945380701624365,-0.90367852996188358,-0.34753160671000333,0.13120911178184527,-1.0055832094847892,-1.0630016497985906,negative,1
20010570,-7.5076640221270274,-0.65476223556940172,-2.7831942885706229,0.80322475191875475,0.82824692395899424,-0.66036365510534978,1.2873140298196351,1.5046369007316194,negative,1
19790168,-7.7069042626985551,0.40382947949711284,0.58065349041714343,-2.4339710509888253,0.20418530053465747,0.20200642186685394,-0.73031786332599524,-0.6969073955118158,negative,1
20011025,-7.3030115826113766,1.2080999345233876,1.0741199824321328,-0.83179252994860908,-0.22062233854055263,0.35862167330287387,-0.50275192587450213,-0.2402090998734174,negative,1
19860942,-3.2884368945229419,-3.2810651220496543,-0.37865640775099391,-1.5920726206068627,-2.3448063302691384,-0.60965577763411627,0.71517000500926264,0.62857334936732601,negative,1
19990699,-2.07968117165036,-1.1963946846617985,3.6720558565943149,2.1276142623881844,-1.4310784320803922,-0.93870676403748876,-1.64630659404598,-0.15040990649639183,negative,1
19940353,-1.6788464220384631,-1.2221408986517448,-2.5028043931343462,-0.29259385002800858,0.045415007533981873,-1.8683792379137598,-2.2281068211877293,-0.57262892708060487,negative,3
19960286,0.050289308520035457,-2.2078260139799735,-1.1217827120735728,-2.256755374580496,-0.001358057027740194,-1.3780820208512914,-0.069005578505519527,0.63213413731868295,negative,4
20151164,-2.8969003151698973,-1.7696005767813063,-0.14192142579404671,-0.92510726995320847,-2.266902559108761,-0.89556656582116545,-0.81365345628472552,-0.61282778276555572,negative,1
20100112,6.4717255758660572,5.6166887658758711,-3.1817083726240178,4.3463194133231848,-0.80095091724403789,-1.9377280288167167,-0.080253076001273849,-3.0420394337334997,negative,3
19870195,-7.3814082375378947,0.16099814915444002,-1.3907958909052673,-0.24511998699185689,-0.11947779665488868,0.55042333609048488,0.24072047446759476,-0.45323340785004013,negative,1
19970181,-3.1878609119826971,-0.70690688937551049,-3.8019437795129405,-0.21044753277415926,0.29479407421170778,-0.92927631435695157,1.189127717333575,-0.092842067375943138,negative,3
19900253,-2.4013442734574548,1.8181853171625397,-1.7432888831333737,-0.91860165431528373,-0.94741800885157279,1.0780014351390161,-2.3303437018628022,0.99413357214678777,negative,1
20203660,-7.3269881480312042,5.1704010800358029,1.5002537127361733,-0.10494484149781955,-1.801569265138669,0.47583932910726795,2.738509104608787,2.1069762300031205,negative,1
20110362,-6.0700275565131356,-0.25962914218816135,-0.6861487790891575,-1.2747101487360077,-0.13008039227534532,1.4294688548345549,-0.37825819449374176,-1.3648161160346479,negative,1
19830693,-0.89290257233444836,-3.414259550628485,0.21402227623275338,2.1510531811586895,1.5812857401031073,3.2327209742499026,0.16169117378906492,0.47218133416145397,negative,2
20150546,0.047553149443260147,3.7642400783311341,-3.5554111104630155,3.2215330775552156,0.079742628131780707,-0.39781809583562017,-0.80555991266403859,-1.3948373874738691,negative,3
19910023,-8.0318255294715701,1.0872217439171845,-0.802032131593576,-1.1893608106054532,-0.28676475232833198,-0.78562616961652154,-0.64797003508467588,0.0088831715632442174,negative,1
20170348,8.8878410333540767,2.7588008257410674,-2.624819931989216,-2.9199076801132589,-1.2411369080910819,0.82457942804456541,2.3887085866830504,0.95399248273419046,negative,4
20100714,-10.425652280230532,1.0273588878672693,0.83693253794593292,0.14001431396294167,1.3972271031931096,0.50631510116735212,-0.93760599254327515,1.0494048730270404,negative,1
20080743,-10.009798469047105,2.0404028804455061,0.93128733561984756,-0.30879692376829249,0.40409216044411872,0.0063533200537908615,0.53429717474808869,0.97131951682800599,negative,1
19901100,-1.5574672664225804,1.5461045297643949,-4.5061476429088101,2.6509106293811819,1.7202800302528325,-0.3642173365841026,0.84002760825138156,-0.012570937481302486,negative,3
20203066,-5.1651484250247259,-0.96170694441953763,-1.6412118621074954,-1.0555350823460741,1.6862095141344193,-2.2720088447931306,0.29280949216453606,-1.1044577295501039,negative,1
19870649,16.742762534254485,1.783152708974129,-3.5662495840691442,2.6236658635137209,4.5062273826223151,0.2293262554936738,0.64422902998216824,1.2073069744594782,negative,3
19930079,4.08046097261398,-0.45768512486870683,-0.9685466741615526,-2.4136587309422208,2.3082075658031433,0.14796551606651653,0.16797257865720511,-0.81937576374135157,negative,4
20040054,2.9198004205144281,-3.3823111555806511,-0.82372056515729797,0.54552226990496566,-0.20054800659375843,-0.63973541767342301,-1.9064112091580807,1.8085959637761202,negative,2
19840315,-4.6551488460147787,0.73994640385120558,0.90586441813766794,0.079277004194008349,-0.67768700474065058,-1.3162317926482201,-1.4888299187298601,-0.39960029012019199,negative,1
20191020,-5.8462816477147648,1.089729266871921,3.4034672241785668,-2.3824701975117315,-0.8354651203441138,-2.9909758294760143,1.7903305109635492,1.9292296128924971,negative,1
19870138,4.8787097622079587,-1.9232160387694914,1.735286241452648,0.091515813664016371,-0.096339867484400057,-1.7061881019064709,-1.2429106818964739,-0.031583694204724684,negative,2
20151136,1.8128370625372243,-4.7309391135401153,-3.9077748069971436,-2.4834628377953019,-2.5795502112084447,1.9374557721664776,1.009560384727219,-1.3909729765114047,negative,2
20201429,-3.5344655868167352,2.3825090902097195,2.9858692446180286,0.31218627475924088,-0.44270103181342535,0.37548657599611945,1.050160090448935,-1.5068721656577468,negative,1
19930680,14.813330518923797,-2.3548912632410275,1.9602913466125969,-1.0205084678866552,3.5523884995728783,-2.0808203717471447,0.53582517511294214,-0.47085614027868589,negative,2
20150541,-3.9692465958270624,2.0068252191259974,-1.9155175834674776,1.2088389627652605,-0.3561541619262249,1.5021824776286359,-1.310498289164576,0.82431388298920871,negative,1
20030921,-3.5041243594523319,-0.59086447291444655,-1.0179625653889286,0.96225487060357084,0.21662067411076724,-1.3037218567283875,-0.20090565330189888,-1.1052639236099913,negative,1
19910071,-1.6824625837850975,0.61089287309648788,1.572087730576089,-3.0960608823596902,-0.24423644481385856,-0.75404905403795297,0.32471251516571292,-1.3800451248997245,negative,4
19841013,-0.30711188473465706,-8.0263570304011633,2.1483960535566275,-0.069082381632866396,-3.8744214538252484,-3.6651494448646744,0.15291399394404975,1.0296907659479193,negative,2
20120693,-16.770199787824296,5.3604976163663993,4.5307001936921969,1.7281899686755382,2.1708105294661642,-0.7838366866758496,3.1346369365544819,-0.33280938631205864,negative,1
20160048,0.43554806058112389,-1.3580030140036936,1.7668101197486636,-2.9010388680493988,-1.9955093807103292,0.84119009349451068,-0.038370759848834222,-0.97127389134988906,negative,4
19970780,-14.633143589532031,-1.1301586395482861,1.9996255657952875,2.6123352333545156,-0.15907227609551458,-4.1551302489433972,2.4493004236021974,4.499715038603985,negative,1
19991216,0.21211277210181159,-0.94975404048884604,-4.0152212237852911,-1.0388410015956409,0.71324904046869364,-1.7386534237748383,-0.29902556386209694,0.35247311051732688,negative,3
19940276,17.746729038467631,1.1857395397971049,1.9980290557230893,-2.5613832435255297,-0.15329248638448054,2.3461549839447264,0.38012055736801542,0.79860476088918952,negative,4
20060787,9.4096849462869354,0.0047870126755054547,-4.3331157494100916,-1.7903642701319842,0.54116272964238221,1.3710451418049769,0.4938377563232732,1.0374594485375872,negative,3
19850130,-6.896569294068442,-0.50940799180784169,2.0680858518348573,-2.4740490196554452,-1.5406000558461903,-1.4460359053708665,-0.17947921130520994,-0.21065998544048486,negative,1
19790589,-9.6709954248895791,2.3799245586028404,3.5417962262640641,0.31742063346525307,-1.3095943512819352,-0.16087545475347925,2.4098290859277887,-0.11477870603637835,negative,1
20040846,2.2404683234694294,-2.2856226757286335,2.2377827803914641,0.90878584092647607,0.4634616113084073,-1.0260958431013056,-1.4715632800039413,1.0871319654307467,negative,2
20170105,-7.0419560600772977,-0.76588392143595008,0.46777672124481706,-1.5069423647426472,0.30429224320559611,0.45431865647147518,-0.90232167259062157,-0.84282949326846845,negative,1
20000913,-6.5036359534955084,0.67251033133914973,-2.444368296380123,-0.97741877328492155,0.48019149670375316,0.43847914299375751,-1.6618117718075958,0.8604671599004573,negative,1
19930344,-2.4201000078245052,1.0383468000448919,-2.9818276276288662,-0.81159869268791363,-0.32514450792552907,0.78592837272038774,0.33788700883646594,-1.441613672129832,negative,3
19820057,-10.913708257583643,-0.85102812339186928,2.711168373060691,0.44114833025518152,-0.59040043494412509,-0.21124618831932346,1.5395636086816005,0.1027403252271107,negative,1
19970535,-7.374512036744119,-2.5501157304763153,1.2604003964810286,-1.3926113067079198,-0.26319087954385212,0.93711036399117809,-0.37661419142612784,0.24202589573173602,negative,1
20030044,2.3925593452520357,0.38413738093402572,-3.4031250791577454,-1.0564700732704009,3.278597036939912,-1.236000055292183,-1.1015181573504766,0.60961402957778466,negative,3
19910914,-4.797437479327221,1.1537790389457652,-0.43083886327026039,-2.1514304174456322,-0.34914911770993673,0.85346012661370274,-0.80512676897082436,-0.044271379122287173,negative,1
20061098,-7.2090052358373038,-7.2378979428279777,-0.82675730107114109,-1.8472465184694562,0.6175363355990906,3.6456913793587282,2.3345415335706643,2.1586873723632163,negative,2
19890495,7.2134860431648917,3.6472008487118992,-3.5343735371941367,-0.62858330734292978,-0.12819985293645908,-2.2920849527707166,2.2180770973476021,2.8954133424027972,negative,3
19810877,-1.4710261563872644,-5.3693260216016494,0.14081241130791813,4.0961738964083008,-1.2123568767974342,0.092575949011857797,0.43448868743182145,0.78003059796832341,negative,2
20170756,9.8321853111784261,-1.6691733895981158,0.71737605537532045,-1.8761589302357129,2.7948584981209761,-1.4087881256436496,1.0455483024596859,-1.4427068344906118,negative,4
20020261,8.2506378232886508,1.4455634600601617,3.1208900764009813,-2.8543389761741249,5.1192786275941966,-0.92318067889972422,0.68974131459563837,-0.8285870510313208,negative,4
19910836,8.016422727592051,-8.0744385381142401,-1.2925947557577009,-0.3431268559143556,-3.9666970173191238,-2.6860905866032931,1.274197974643595,1.5872577641316588,negative,2
19931042,-2.0979849479984338,0.25387290096683496,-4.1739055343839553,-1.2572589555281313,-1.0753025800132483,0.51382846529071891,0.90030916386828641,-1.2134157733933695,negative,3
20150629,-8.0705733521526763,0.26264745819649671,-0.24654084350566807,-0.087515911696009183,0.32537298600087106,1.1284493732999477,-0.086307607564656427,-0.028688162752332946,negative,1
19920645,-10.589253559559209,2.3733825527119716,-0.95259248209212866,-1.9294615588587101,0.16091894585611224,1.2468386433416443,1.3986667300686362,0.66854913909411717,negative,1
19950963,-10.781338706874006,2.8587100580132798,1.1161689488038642,-0.49639072882598367,-0.11506908708503528,-0.34253173487913025,0.89213990586676828,1.094828259164274,negative,1
19790985,-1.5659626373731368,-4.0335969681272594,1.7274264030577362,0.96315382491162849,-1.1953014332371374,-0.79667559717469194,0.037735134614099025,1.0956316143632405,negative,2
20140855,-5.6501932311580392,3.0920884118698528,0.065414636262559667,0.26070439743869434,-0.67389622817072137,-2.6794145804395413,-0.27894079624363355,-0.96387488723044001,negative,1
19950418,-8.2856076853052159,-1.071598354260648,1.676053618701538,1.7844149373460869,-0.65424572198693842,0.63138776562084353,0.28867222751370597,-0.43494964488624777,negative,1
19971067,3.5766052456076021,0.76205001422207119,-1.3942943025960743,-2.7214236511081098,2.0870951166278471,-1.1029776212865641,0.70837847716669788,-0.89360194757546418,negative,4
19990905,-4.682413872031888,3.0199947997809589,-1.0574439605168999,2.3050033354308299,0.43983249326555018,-2.2968689018076374,-1.1909142656974878,-0.40190563079875929,negative,1
19971098,1.5229837889381268,2.4169091854538873,-4.2771350685567917,0.94964276371324041,-1.8270569425627248,-0.93712016392083608,1.3287140014320082,-0.1847379536709311,negative,3
20110659,-3.5948729406161011,-5.874522277931935,1.2148826583201138,5.4232129407221583,-0.60126287194045547,-1.9087803586225862,0.91380004774210066,1.4515302321284731,negative,2
20170673,-4.378152232106749,1.2322009813007313,-7.6786986511676432,3.3725489460665501,2.6880961276966042,-4.322016531022232,0.65971652609104081,1.7376054925929916,negative,3
20181048,-7.953597545471645,1.5308662139349816,1.3004407149174699,-0.047155187506869894,-0.085800532263648741,0.18441197927215858,-0.34510480984417208,-1.0287582177462604,negative,1
20160980,-8.2378831202433656,0.88941617053875111,2.2219223442891956,1.2172847782535283,-0.6675660732382207,1.1636475970384943,0.44104019604304218,-0.14816463833899884,negative,1
20130057,-9.0274286113619979,-1.9955728787734421,1.1226082910641604,2.5543660830531256,-0.24727298077030971,0.77612735102705399,1.2612877157569411,1.3574957991606598,negative,1
20161021,3.3792220717903803,0.50389302586699147,-4.205488881985378,-0.89615740422497892,-2.3357509067899476,2.232748326906083,0.44008880676712797,-1.1369473619461428,negative,3
20100877,3.1562589292001029,-4.751155778873283,3.6393281545191791,3.7049744643649349,1.2299483166216081,0.59147734323348655,1.0344064673013103,0.79757693691788178,negative,2
20000863,11.791506660658646,1.2800683127542816,-6.075869646270954,-0.070738606208374952,1.0546227094216829,0.13284281915240362,1.5781071206683417,-1.0669458790603115,negative,3
19930261,-8.4963240897523811,1.1028231243507709,1.416353787338716,0.13469052912251731,-2.3360392447201943,1.2133867962394451,3.0752652966332117,1.2224930846311506,negative,1
19991186,4.3413240560591113,-0.53611847680879299,-2.2215166276713081,3.1864675396522841,-1.5089863310663378,-0.39029744347120932,-0.26084511149075795,-2.0596056214022069,negative,3
20060442,3.7878520578348014,-2.2332895743155072,1.0261867469473993,0.31988680138328862,2.0767008322951508,0.084264649770784655,-1.7373573026906985,-1.423567179306511,negative,2
20030134,-7.3977484563690634,-0.40513216966590726,-1.1487799439548201,-1.7703954181995301,0.13219315085890446,-0.008345282401330251,-2.2827345173134019,-0.5722653274871492,negative,1
19811184,-1.0876399584023315,-0.73564933983579317,-0.9480135122807628,-2.4045030155194262,1.0277063906715749,-1.3863301076434142,0.4822930731282537,-0.85221833696255567,negative,4
20020233,-7.044383454936237,1.600073821350376,-0.81337581514703783,-1.608656494772756,-0.05387743971433813,-1.9421254465102622,-0.70122111082397975,-0.73167396529740514,negative,1
20120227,-11.521440715282896,3.1013726340698025,0.79782206067490069,0.40719532350264065,1.3184013310764946,0.032945264506002922,2.877845437233113,0.36334035903903134,negative,1
19810825,-5.3587131914865012,1.5429771122996663,-1.6995975552062481,1.7481498735166423,-0.00042608020731311553,1.278580790571993,-0.053573511906018008,-1.3435275963295603,negative,1
20070034,-9.1543960911568085,0.75325417442771914,0.43046802443890914,-1.6947262540856975,0.50937252673127875,-0.78090591993799774,-0.84785752418785343,-0.80686389564372074,negative,1
19840683,-1.454754002514816,-3.4805488812090668,-1.1564778931647284,0.64066833364755871,0.077859138724194976,-0.5068223998784267,-0.65867492794724047,0.68431722873481771,negative,2
19940668,2.407798616220052,-0.60181381770046027,6.5144336204215278,-3.7920963701946144,3.2709622331472175,-0.23962139792904683,3.0910539182804748,-1.0797492804800528,negative,4
19951090,15.608309109655446,6.5008509461864339,0.88260666661520693,-2.7112293083233374,-2.5718468225679656,-0.06852479345458419,3.6796593687821062,-0.34786911664794623,negative,4
20000747,-4.0242863863898091,1.0923174647470451,-0.90928591537055936,1.3756091214764716,-0.091657113418800382,-1.8752008087928169,-0.89673576944054911,0.041166819153615371,negative,1
20050264,-6.8527897287360329,-2.1057897547841828,0.5734493936358328,-1.230603518877615,-2.4206565420316286,-0.71320231443085824,0.86971335284770157,-0.077124407397639913,negative,1
20070495,-9.8659387115004513,0.78997646309891423,0.39087006064463109,1.1150910256349313,1.0414257363355957,1.098190132703142,1.1009753116238696,-0.50337652936900357,negative,1
20070861,-0.96127799858405416,-6.2226517405864827,-1.8431227242978121,1.0740151997530623,-0.34454309055761984,1.095549864499372,-0.20043519214454444,-0.093009565024882612,negative,2
20170820,-3.4807240588891681,-1.6520921322003452,-1.4593053731571821,-0.82642681164335996,0.37263350439159559,-0.62906536406676883,-1.5050425503915179,-1.1245993840370394,negative,1
20100077,-3.249172985721986,-0.25046546778845036,-0.54614847895865448,-2.3045430401659406,-2.1265152059428098,0.5506838504275342,-0.013885134234212579,-1.0858576899199197,negative,1
19821079,4.4394359336671734,1.6918154827651142,0.63692395592180473,-2.3355003718257406,1.9726541877923738,0.21750247964987643,-0.71342271236407706,0.91696991021414853,negative,4
19790783,3.6405025341584594,-1.6191744987497771,-4.1185511650034758,0.80765830490067081,0.40401946332693073,0.43862568159616727,-0.51128067122526455,-1.0053963686895551,negative,3
19890066,-2.4151271352902137,0.069504690369269179,1.1382939188734886,-3.0906638239008912,-1.5257441643655822,0.398985488677776,-0.44629805847165532,-0.57968095859089808,negative,4
19790729,-8.8203250287938815,0.033872243351554018,3.8151466552171827,1.8804171727424401,-0.57957282675723909,-0.36519759088175369,1.4745503269695146,0.88040204246931597,negative,1
19800322,-9.6534775709046539,-0.46469270681217656,0.67404532823212049,3.7157314645997088,2.1683530670082125,1.8105581508236857,1.6325005339486378,0.56755662367955251,negative,1
20060049,-7.3883176187179584,0.56822058847921308,0.14384407957198458,-1.9587254916605981,-0.36659372797861051,0.52946821616721074,-0.95316626085811218,-0.8162042393231782,negative,1
20050462,-3.7645019814311897,0.65361641849593721,-6.2915519102120872,1.9487737978644661,3.3157437804853194,-2.0478849600893665,0.044209646755145472,0.43966737719070847,negative,3
20180143,-9.791338773342332,1.8061715088627039,1.620440996758421,-0.45818012207929554,0.32357617185053605,-0.084848984299967456,1.1927192317217239,-0.12527577416786992,negative,1
19900241,5.0374734314165073,2.9913962662415008,2.7743093949754223,-2.4192469620673602,2.0475426285933711,-0.65968813405394322,1.2379795476070525,0.21599503783345067,negative,4
19800200,-9.9906525332792313,-4.2034874879197739,0.68901470862032321,1.9114348931768605,-0.12086305215287549,3.138440990795432,2.5820217184790994,2.5932046108828377,negative,1
19860905,-8.7371090639493314,3.9792545537306609,0.18654599628702365,3.442236163037323,1.0298863629276895,-0.071887859192794779,-0.71805744636678004,-1.2724488011123558,negative,1
19830078,-3.2924591944285475,-5.8285153904767499,4.0902449082922523,1.8790327476595308,-2.0495285578158842,1.1996551804056352,0.061973995169424881,0.34051725419876205,negative,2
19930039,-8.2168585141366428,-0.48089948995986681,1.9935920684154715,1.7446962579661318,-0.22924940230181387,-0.1664802533556477,0.81323173318980213,-0.26335218239232,negative,1
19880598,-9.7588659869630021,1.2626382933528002,2.4004327026295726,-0.32041241630023676,-0.16779284048500995,-0.28480943569850586,-0.44098535934276151,0.56671613286867561,negative,1
19881098,3.0521100634162597,1.2336962875214572,-3.7604964066624542,-0.35051091543426066,0.040740157236820319,0.2676809566965328,-1.4246325691686621,0.094436232129121112,negative,3
19900530,-0.29241476614353018,-0.43099514413076057,-3.2621655403099368,2.5092264708146685,1.1533853854285465,-0.22605787786489298,-0.97397852734477552,-1.7571348737258756,negative,3
20020094,-4.2108844528096494,1.5324335397356041,0.30483288106762568,-2.3579401559719146,-1.6517276968501609,1.5591636346389413,0.26741087535055896,-1.3185835447365146,negative,1
19980456,20.016781194895543,-7.3092499432118707,2.7055751370629459,1.4772580872349577,0.21552942284514187,0.32204389060315813,-2.4656897270744782,-0.16023654274985699,negative,2
19980808,2.7717847164749831,-2.5827364863739586,-3.8515136393282998,-1.4171368172364422,-2.8186113864856721,-0.23582724173426883,1.9803328535439753,-1.5517606454475579,negative,3
19850122,0.97363104059596384,1.9978118128999725,-2.1859244654048502,-2.0393081519977816,-2.1440518006490437,0.089797982369081819,1.8118366659167837,0.9957356963202203,negative,3
20170479,-4.8150192862182717,0.93350712329137497,-2.6953262404750493,0.86031571969538478,0.062233851634763505,-1.7656817287195608,0.28263865818968847,-1.6529524053641034,negative,1
19800401,-1.33948145228975,4.4558566597105376,-3.90412253667979,-1.1833444854395043,-2.4074287067021687,2.1901928527478192,-0.56305768164240189,1.8651614999705439,negative,3
20190445,5.0434886921445639,-3.4800180760393475,-0.75198528379323604,0.28182516906749322,-1.4912500827791997,0.29685808257881852,-2.0944343493795974,0.034515945934269966,negative,2
19940231,-5.9351821437319749,-2.9261761282954977,1.3963724024300939,-2.3057319147539888,-1.8509773563186269,-1.0773311556264509,0.527193543932716,0.24573967798015753,negative,1
20171186,-6.9849145322399657,2.3644101774180442,-1.3778914833661076,1.3679307699474315,0.26887697090734314,-0.23959286941498364,-0.54112058162285293,-1.7038686082336756,negative,1
19990020,-2.0464425011484817,-1.0484197856116175,-4.3243991942411695,0.32882730882130917,2.3568971326189412,-0.51669385794530787,0.29046006667234259,0.29316138107680839,negative,3
20150553,-1.052296558424795,-3.287144810012018,2.7781964194498285,1.6198830319501312,-0.33610815995201337,-1.0941376830762619,0.64408992397411413,0.12470969192580152,negative,2
20180099,-4.4501209904145229,0.87254748502540835,-5.9829945684402865,1.2910849536771443,2.9177225977438237,-2.9672550938895208,0.65526719292311464,4.0189023635941288,negative,3
19810022,-7.3584788117471938,0.035716201366667005,0.71748854076497504,-1.1753118275815351,-0.4352097694249944,0.51681276394935682,-0.77496431782203412,-0.48798458942836337,negative,1
20130927,-3.5032723657214131,0.39139200033093591,-1.9733695508722551,1.2851925927906165,0.62622308171020913,-0.40544740807840085,-1.4696906637570879,-1.2374840211009648,negative,1
19980250,8.9184647911058423,2.7597277443658776,8.053126594816657,-3.1981965192229453,6.3571408246929577,-1.0201159557854007,1.9145063514778351,-1.7305996866319673,negative,4
20110255,-1.7755847957544653,2.7163524136128188,-1.7904223584594572,-0.18118986173264656,-0.83750296683326453,-0.23147069192144981,1.3283491120587803,-1.1927766161982205,negative,3
20130850,3.9250438866409736,1.3207932863911356,-5.1247744903571384,0.51306291645984881,-0.7715004648588174,0.86400533862290085,0.053041135879569039,-1.6664352701288152,negative,3
19810100,-3.381209587394101,-1.0853060639941963,4.8192678023375191,-1.4221831303025445,-1.5866041049863704,-1.8662154708195904,0.012054885238069444,-0.27167013870518364,negative,1
20010991,-2.6924317233437245,0.50703327907125539,2.0999140755581234,-2.9761722955342682,-0.97336910511731367,-1.3693183541344047,0.40383970084786364,-0.040117752295597629,negative,4
20010530,2.0329470441129058,-1.3734189185987871,4.6052775503216274,-3.190715650358587,0.68446601429901222,0.22675939874158529,-0.010175120727692697,-1.7085428180553193,negative,4
20050341,-6.1733648256595206,-3.7826714203247356,-0.92344150169947992,-0.27451377460150234,0.43101190681792034,0.31152973671690543,0.26491897001055165,-1.3423560293820564,negative,1
19830080,-1.8650493886256905,-4.7895570674144192,-3.0694978903076464,-2.366757352975275,-2.7024016254120209,-2.2694210154116683,1.4266944312326877,-0.091175515828608333,negative,2
20190532,5.8712905480929471,0.22974142400339465,-3.2493310841193668,-0.26490060234557633,2.0326193369764756,-0.66552248787425505,0.97836731161050916,-0.08535910763363741,negative,3
19950014,-2.0225831712935873,1.5405022161381876,-4.0281546098377348,0.4319086215176452,2.5753429095110136,-1.3629324331121793,-2.0627389300293717,-0.72605260341466371,negative,3
19950041,-7.6574669971283686,-1.6272855660428058,0.8863004939576975,-2.2919576003661022,-1.088953313269813,-0.0076526181461453067,-0.67607738189152566,-0.2464931834862584,negative,1
20080621,-7.105014719988934,-0.20068638803160566,3.0495965001066891,-1.7416092634413796,-0.20201574439768,0.22934093000443978,0.88455053777654724,-0.55466752520784302,negative,1
19930505,6.1197597088116158,2.5656553347435027,-6.0329415560524557,-0.53981387304670336,0.41245677750292981,-0.50941637754239255,1.7023705710414785,-1.1821665672815698,negative,3
19791146,-3.1934717608008887,0.56261714548137165,0.065540050356220583,-2.1079642068296134,-1.3094465517530509,0.64865898055677396,0.12552121350989368,-1.1475007599057976,negative,1
19831044,-1.3617511719544981,0.016674979731316764,1.0535205351794614,-3.3344396336274471,-2.8712589399258541,-1.7993803557618069,0.78230288758729583,-0.29000720646275813,negative,4
20020557,4.8842269065421196,-1.4393527361720768,-4.7762612386235705,3.0530439692042193,0.59126936080348036,2.2320591169483763,-0.28343452712215012,-0.81492029349950257,negative,3
19890478,-2.0708735664919842,-0.012656490555415251,0.4031773177598979,0.53676929751322511,-0.75165151414628573,1.883871066555139,-0.0084171130773501839,-1.786283098373352,negative,1
20201100,1.9974762520302594,-3.7750419096224159,1.3759530224456764,-0.71792331196125336,-0.56682058640132227,0.38189180198904493,-2.2158635923737151,1.0369783114411089,negative,2
20101169,-7.3205718006617451,1.9135561374607724,-2.2245087463435667,-0.26715408232067656,-0.69315075583955776,0.26555676722399557,0.16581931818209161,-0.75853204917682993,negative,1
20130135,-1.6529952791075508,1.5439101653538818,1.8673332842265349,-0.50691130567623821,-0.58647438619666659,-0.17261078237407393,-1.4322975265918216,-1.065104125903481,negative,1
20161143,-8.8750878117809435,1.5696281339543812,-0.35072392961574322,-0.45348963701867917,-0.67715620950079891,0.25838251109913057,0.32381830940324385,0.56748789034690728,negative,1
20150097,-3.5471826685411232,1.5867453888288512,0.83801325920303849,-2.9176255900743557,-0.6149985671620527,0.47606121839737625,0.049608979226572987,-0.065591764819288231,negative,1
20120345,-3.6076795281509497,0.30104457782803401,-0.26816529281094331,0.35830167412195879,-0.1769308852350189,0.56857875423697402,-0.82633741440019537,-1.1488881802385786,negative,1
19930472,13.688556915703755,-5.2297613174021533,-5.8378280240358489,1.7644338926117908,0.010426102417767891,0.5798850256365401,2.4812930313157859,-0.53339936055532511,negative,3
20150719,11.228501769002634,-10.27319514461284,2.2515865201091625,9.4090114718372266,-1.9653223421008361,2.5244130672045495,-0.75961575834242034,0.30414277631786879,negative,2
19850812,-7.2491697582818837,0.71709470404428977,1.8559645427272835,-0.62253667701183013,-1.1378018203033353,-0.26073689851686677,0.63818735298538731,-0.46188485848296368,negative,1
20030772,6.1963967907320114,-7.3909099344733855,8.0042261064887033,-2.821994404735976,2.4622316767342438,2.0336772369798908,4.9122401427056639,-0.17224592137693137,negative,2
20170117,-4.8380861590900768,0.038201307795214433,1.0958091448117273,-2.5920461581155552,0.50031839950710244,-0.37309966984390541,0.2305849254135004,0.17867813650624439,negative,1
19830516,-7.5425570530786219,3.9901820214263313,-0.56064939021223537,0.0878340093249112,-0.20053976444111751,0.61689993742502092,-0.79783241606903776,-0.12432459566703727,negative,1
19930502,4.4473862673297813,-1.4835696361949258,-1.164897192800104,0.8686933323695647,0.98511873354646473,0.57021031482359397,-0.91500987764798725,-1.2758221240836802,negative,2
19870367,-2.7736136440556485,-2.1011310000150991,-3.3256268393458952,-1.5117793105006074,-1.8684974069818818,-1.6084529568899397,0.37261742818976368,-0.72900234727987567,negative,3
20060321,4.2603450616437106,-3.493881768689814,1.3985447588494178,5.3022154294324384,-0.4178704238579013,-0.061905336301597003,-0.52619543657842971,0.65757898034377604,negative,2
19850962,1.8261090125747981,-9.3788422307242705,0.48679874430094761,2.4641833733588903,-1.4659179139877425,-0.48356718492356371,0.43733772857346298,0.93551440264332242,negative,2
19890480,-7.1373820100492118,-1.783557577760694,4.0409317024811546,0.98424321641441792,-0.20873565114896828,-0.41624001030617125,0.87383116986654286,0.23759180917156852,negative,1
19930273,0.21711268499357292,-0.1954799580258593,-0.28965891574456526,-2.2074565637772907,1.217106343262758,0.3143751203831448,-1.3032830840229641,-0.2588231744637341,negative,4
19870848,11.735695306927461,-3.2569768551392526,-1.2899205725189105,-0.651386578290861,2.8971134921244257,-1.9475110176434749,-1.3518327701562924,0.52004564456238511,negative,2
20070757,-5.5628145164841776,-0.96776181356769619,0.69172788848283628,-1.5636463114006205,1.5572645181556994,0.22569953600269882,-2.0966777766833635,0.74091843991694817,negative,1
20170743,3.6775404672886793,-3.4549065927711036,0.30015270095511393,-0.3011851857250144,-0.36691615316497894,1.0418762316990626,-0.81135105590184764,0.35649124148182237,negative,2
20050084,-5.6448834057515453,-3.9804159987820231,-1.621491011939022,-0.69932711742460107,0.97186781024934044,-0.27533636799332595,-2.3817737688472036,1.3756605442103551,negative,1
19990942,-2.8667251617640002,-11.728361272705515,0.60900341706120487,-0.53623788477335754,2.6211178942010145,2.8352599319062466,1.2838589358306609,3.320126671444386,negative,2
20101019,5.8386500965240122,-1.6154817287092542,0.98845515496365932,-2.4731965361857942,4.6349185793745473,-0.91435876179190856,-0.19526670174430164,-0.86118658399509362,negative,4
19871061,-7.267819231241301,-0.082360230385716118,0.51971093319091832,-1.3217483161174775,-0.057912257948880351,-0.30158598931252439,-0.84460310846014852,-0.34635598886834434,negative,1
19850390,-1.9608709207241244,-5.1356310969133521,2.5615791435835331,2.9822758960127849,-0.77940127671702775,1.785100625971858,0.60070898769464798,0.23086805982073277,negative,2
20120317,-10.161326877520503,0.10688692803148921,-0.24144170700648751,-1.2514047283723595,0.87973881336966064,0.22144978639379737,-1.4985711789574045,0.05989516946345301,negative,1
20206591,9.7666936982419497,1.1553854537520731,-7.0208506665909969,3.5766120688899763,0.63873913655287584,0.70799964523976933,1.576175606844187,0.44209991240401075,negative,3
20000283,-4.3708657130277055,-3.3439990429200837,-0.322154196323718,0.78670255021554636,-1.2705403605872554,2.2497939449509547,-0.10577216164811777,-0.90779303234574493,negative,1
20040458,-0.72784511567508114,0.2976362654902992,0.41493286135611346,-2.2938457429009831,0.040098645320068793,-0.68465888451973034,1.1874142405411132,0.41979464975547737,negative,4
19791063,-7.4320741648737148,1.4931231044445648,0.59196000580815988,0.58854213858521565,-0.474099959297896,1.3664382860083373,-1.0964233534861636,-0.52464636303314183,negative,1
20170145,-4.7039212033674636,2.3615886915130666,2.7638520282913754,5.635498371902834,-2.2599427147446511,-0.099312405277017957,0.74230919919027061,-0.13473485892361695,negative,1
19800168,-5.4809878698722168,-1.3806070466456013,0.00037086758724789982,-2.1377126793747774,-1.2792229863174343,0.61500743039999428,-1.0011194792233153,-1.0285303817682969,negative,1
19850815,10.202338277676134,-3.184264144554549,-3.7691560794965899,-2.5924583873499705,-0.06111251453737189,-0.6819373725624176,0.24401210536003543,0.096303360015779688,negative,3
20030775,17.863735970089078,-11.208813828224592,-6.1885572152455488,3.2156105448545942,-3.0333089523283823,3.0547188529837985,-0.047996797086371029,-0.079872687017960922,negative,2
19840969,-2.9788556039067879,0.80879660269349829,4.2846673148686989,3.2448875447387389,-2.1933386132262438,-2.4666602404167679,-0.77059431116557353,-0.45643510828114919,negative,1
20209125,-7.670770712068788,2.9051526304366555,-1.9620973075072334,1.6495203965488678,0.31476184993601775,-0.52631680372512613,-0.21737204430318618,-1.8619503963897963,negative,1
19941076,-1.8681675584118251,0.955108276924302,-1.374703785864601,-1.8556158708474646,-0.059002931606336864,0.27239865873807029,-1.5191398932668325,0.26713886521716418,negative,1
19810014,8.2133594260709728,1.3328977939706803,0.45391482386154741,-2.4988054153081007,-0.22697691731843689,0.90747775663642316,-0.16038544218555409,0.17216538447644489,negative,4
20000052,-3.147728778392513,-0.16580038775389613,4.0429816230124489,0.5540594843512805,-2.3564920981891047,-2.4747115113835849,-0.44383115202594287,-0.5010326440480326,negative,1
19990043,-1.2896822643278547,-2.6293130116259245,1.9234711398144426,-2.7015782837331743,-2.2123164073455936,-0.8010259353742093,-0.56080211959369097,-0.063846317630673541,negative,4
20040676,9.9301993426402042,1.3893048414125377,-3.5499843007474525,-2.001473366538816,-0.88530653965982831,-2.5092826816175551,0.88230770271412595,0.96933536512529839,negative,3
20160748,-3.0237242449158881,-3.9675316759654962,-0.71096741084078297,-0.15861178396608436,0.31611125855898575,1.8529858132977577,0.029030806787638374,-0.31875399495192253,negative,2
19950100,-2.1348357370337743,-2.190786329424923,-0.50550117983877019,-2.2414401915899473,-1.6844202138554361,1.3736833762011147,0.0091155022018647343,-0.73540597561711318,negative,4
19900423,8.391993683539507,-0.926861796156494,0.21287041707875051,-2.225340723904933,1.6553148735184138,-0.17891813917450167,-0.47270710431754687,0.21759293649194672,negative,4
20091198,-3.5704984705996092,-0.34729325373946079,-2.6861617947584708,1.0804089276262669,0.23255107989463344,5.1671641466814098,0.95421387971257854,-1.7825482205757275,negative,1
19860448,-4.9112211633816329,-1.0316725134676723,-4.1350386037022027,-0.45291523278001017,0.67322334456643174,-1.5822760205606958,0.49174950299972192,-0.34931633123662464,negative,1
20000776,5.5846278527676008,-9.3256016103589374,-0.5314479792369371,1.1115866944569799,-2.8111169875735631,0.34033002551967434,-0.18219630457410269,0.79076137274459335,negative,2
20080642,-7.2284933087434879,-1.4783424636969487,1.7317791401078153,1.11867016950765,1.3039281843710913,-0.16979829825931897,0.55417911696582278,0.46343142130133919,negative,1
20091045,-1.8276201864707844,-4.2649042399478283,0.70523705102764533,-3.9728159272069887,3.3677616445308005,-0.10676138395465608,0.59244474058717655,-1.8889649909815691,negative,2
20191004,-7.1633675249942206,1.6381137523135916,-1.037178476370362,-1.1580696324171715,0.48129122440599342,1.0784570480864868,0.008772920568564567,1.2581036168869779,negative,1
19840364,3.1333418469759287,-4.2572570190725569,-0.35013310394402114,-3.1385217934178895,2.8755443203250972,0.22953861580467971,-0.85693315715852514,-0.29617401215031147,negative,2
20000654,0.93086467175918597,-1.41908646914638,2.5373974792136669,-3.2421635259830279,1.8497030663592859,-0.50054754949879998,0.54168046201901021,-1.9323655788132725,negative,4
19981042,2.7835842604719234,-3.9538636947520418,2.8638670891352245,0.5539473583625325,-0.30889502666620733,2.293834573220555,0.62335766485216348,1.1914582706066226,negative,2
20111047,0.55960423076184695,1.4995121725396849,1.0179734398331473,-2.7695139827014099,-0.060478847753208602,-0.3244259613393724,-0.13931261436653014,0.6114194462575071,negative,4
19990645,1.2878665065458594,-0.8174992959500389,-4.5241053208519526,0.016241776739896855,0.22817895658278559,-2.3367794256868262,0.66250102305684666,0.53855565586916176,negative,3
20111012,-2.2353560617963484,-1.0271470744151237,-3.0926377791376387,0.93151390413556023,-1.1823688579304794,-0.28088786883944339,-1.8552107236940796,0.1330570005850811,negative,3
20130866,2.003737849516845,-4.4255275657798929,-0.71569708333426019,1.1175346315916219,-1.5471020575387915,-0.12591382518812891,-0.54710304079371652,0.40167053568120892,negative,2
20010222,-0.4083477169182832,6.7406613929492014,-1.8882258990419569,1.1300234892270153,0.54034405089575899,-1.6646509840530084,0.11180637315899765,0.41437620615513571,negative,3
19820861,-5.9140549559009896,-0.76114082591689503,-0.043480895104865504,-1.1344818496081657,1.6516805668087613,0.17765412354709162,-1.3038426038107962,-0.24655835023889253,negative,1
20110236,8.5884821812740917,3.2571930681935286,-2.9178383839232809,0.95457179784443613,3.6040079222479715,-0.99989632520346117,-1.9182087319669761,1.2370642174098199,negative,3
19920481,0.61664019436558104,0.18396156931881238,1.0878023243624075,-2.1790959975095294,3.3354151874022198,-1.8882193840500849,0.31278008492614634,0.14038908050102675,negative,4
20000170,23.111207312427343,2.7127853997272755,-8.7721859606281658,-1.8096402377830465,-3.2080187224201895,-0.58374057326492534,4.0714805362129676,-0.93703929556845689,negative,3
19910052,-7.186152332200078,-0.34180407214330155,-2.0520443265712887,-0.10920768443846403,1.3969751077804342,-1.7258365085712508,-2.1363565477590467,0.82269683477911415,negative,1
20070387,2.9872412469003193,-4.9519184144896142,4.8996342939199051,-0.98096333470131347,6.3400748291809492,-1.0988088331758561,4.9699221747574969,1.651471675782328,negative,2
19940571,6.4899668772302066,-9.0252241877724977,3.6902009225452659,-0.48468410589953803,1.0272268144949883,0.67934732783165863,0.81749211852288806,1.0314446584534451,negative,2
19820911,2.3392154025422225,-3.7506371532343183,1.8409718228099428,-0.24350093796883823,-2.6159336932899113,0.6061798261406528,0.28293293680655851,1.8530810032015921,negative,2
20050523,8.4812810782315147,-5.0267689482621378,-1.3005610855642964,5.2296190472440784,5.3311788084551113,2.5829024606244744,0.94080784323005306,1.2945904354296125,negative,2
20100041,-2.9751652371867343,0.91928385277373781,-0.46443932995765774,-2.3274059962849396,-0.89098990967084135,0.17100323238777523,-0.36685732401394217,-0.37188199463275523,negative,1
19980316,-4.6214228711695018,-1.3010372776974155,-1.6452036491807884,-0.68686598341325444,-2.1370121237982831,-2.1314682799011857,0.24701712607368512,-0.075183874946182061,negative,1
19880302,-0.10312127498679689,1.9681022987038228,0.36043225992514777,-2.5888297231557842,-0.3938212740867863,-0.20203882962979494,0.13317234635006148,-0.23801380006529557,negative,4
20090894,4.3247487140110232,-2.0034704406762303,-3.9058097651070529,1.4302345215834125,0.25910907375445991,-2.4905197930441627,0.47811341384943484,-0.81712711701180363,negative,3
20091135,-3.2136488114813129,-2.4430156418688527,2.2275309708515234,-2.2062194263153101,-2.3079637103395987,-0.4680836889776408,-0.05523551019262099,-0.21884110367543935,negative,1
20020180,-4.216616403723271,2.9236764535085373,2.3475135691734423,0.30142098590855626,0.52430736285807988,-2.0034867025971308,-2.5837280090778854,-0.61135321211309723,negative,1
19910723,-5.2914937544250158,-0.2012909812730708,-0.50634574699046797,-0.19601403160517838,1.2668626082267325,0.65124152336312136,-2.11334884983322,0.071701240841330241,negative,1
20150213,-3.2088162783005072,1.0802691674229523,1.4480313234365239,-3.0373856437800404,0.43992596236544212,-0.2483971487742247,0.10202700276743616,-0.83155179485272313,negative,1
20040100,9.2995842449840644,-3.1448179210733498,3.8103344195051356,-1.7917163541863832,-2.1922950770713587,1.5796549747433961,0.2935331972714727,-0.39791563163775856,negative,2
20040155,-1.0459180799233494,-0.20485835688095472,0.015995440776844418,-2.9006582992972696,-2.1529227085083353,1.1835173220023905,-1.7801183294616907,-0.38158600670912662,negative,4
20170595,-2.4839892239810619,-0.41505858564387205,-3.2478011395449395,-0.64981974842135093,-0.055744452397033607,-0.3491679686821168,-1.4699860456560141,0.070553804241240539,negative,3
19861092,-1.2968481354800943,0.67793297658700613,0.45458507455035674,-2.2115182731044314,0.038166019312632748,-0.42645587086368258,-0.68920646929512941,0.16761407308984649,negative,4
19920308,1.6592783100125883,2.3366363043482226,0.74578844472026717,-2.5116111244922288,-1.6529234751853794,-0.20140696512319431,0.29776455499636306,-0.53053671939882574,negative,4
20050370,5.0748868922335344,-5.6972278263808622,1.6223590971001216,-3.7701208840842964,5.3628311991181015,0.1644834798789066,-2.5880530482773967,-2.4224262178551106,negative,2
19820833,-1.9225125297498076,0.028189857773792112,-3.1628796055428654,0.81212911843875668,-0.09997619944744382,-0.18888887998083681,0.045299142824336551,-1.4732958290214491,negative,3
19810854,-7.9916825661397093,0.82102489558711156,1.813955923762864,1.3043051666987955,-0.49538850476844554,-0.81718171101654891,0.73702488662793975,0.19659626179285875,negative,1
19990856,4.2702499011368538,-0.83764485581029635,-5.6032611902913825,0.14023748957126653,1.8715985412255016,-0.40488848933318972,0.49999711513483736,-1.1841397701559326,negative,3
20021033,-0.78174462574578618,1.0691405864047796,0.045865154095156666,-2.6650734445433835,0.26997713593122391,-0.23707643373999907,-0.23408986471617077,-0.71694482473459265,negative,4
19970345,-1.7065538972150647,-6.5185194224196641,-1.8015374069937113,0.001146949963773943,-1.71855365755556,-2.3163326729945868,0.96883604403552692,0.76130871556649926,negative,2
19860056,-6.1633737801892456,0.34692809341491004,0.93496828043137814,-2.1430307826343928,-0.72392375701656342,0.094108504101210272,-0.71955431456872965,-0.51248002461194075,negative,1
19960042,-4.9295162367714873,-2.6018119864009983,2.7755148119592281,-3.1021937789258853,-3.0436984611830153,-0.048534666046474217,1.1502884141454692,0.25561899263742233,negative,1
19930561,9.6205875771184708,-3.8883722320621175,0.4980461590010013,-0.98108124516860584,-1.2349912259670701,1.3215442161006434,-1.392809584949926,-0.31925424481966974,negative,2
19830575,9.2681832534885462,4.0104279824503966,-4.5664183817384121,-0.57837938884956897,0.095603767370272791,2.1039514373584276,-0.42754799600881221,1.4364120354669354,negative,3
20030716,1.1991684557256093,2.8211543804214174,1.8791085796287823,-2.5646369149370867,1.6969466188891409,0.11616404685819536,2.6218355276940266,0.42847897318395256,negative,4
19910218,-9.3887676259932018,3.2291571424840089,-2.1464674351437094,1.2729826361872072,-1.0262757383309129,2.7321738731627869,1.099386069588367,2.0203892018388419,negative,1
19850823,-7.7813762925429364,1.1161551452665446,1.105402637398049,0.1469643156898012,-0.26644080220743449,0.18621525422682586,-0.35653963454678905,-0.41007886565429252,negative,1
20060260,-0.59076443439317683,1.9443321060442225,-0.46967962026199522,-2.2016434672010661,-2.0368439681114583,2.1197500896933783,1.5530253582158942,-1.6378339482418822,negative,4
20070132,6.5017122359505111,0.81197611120920665,-5.4670775788760793,1.5716900358853445,-1.0828245949513773,2.4002904514572565,0.57861373708578634,-0.30150184362904081,negative,3
20020444,1.0806227429850885,-0.83012432323116203,-3.4975428652955278,-1.2343359377730412,0.25983986565537354,0.50235453219707404,1.7241510801451954,-0.6264220951867645,negative,3
19830402,-1.6997160543069882,-1.0286299877365941,-0.299372756044753,-0.060324418800638234,-1.4166278564601014,2.3607603374170694,0.031622222153666064,-1.5704118961265634,negative,1
19791000,4.5837954944916657,-1.5026073334288526,-3.3126325540039732,2.2711924552847083,1.9949628325038216,-0.96339580717231044,0.91147402723342397,-0.040251791028185907,negative,3
19930443,-10.308218726838771,0.23400841148945503,1.5580706440923726,-1.0659404655484761,1.6644749814302489,-1.9199762382493393,0.9176183317943325,-0.25435589745164899,negative,1
19831157,-8.2575848345794736,1.1286737016705872,-2.7226877861054737,0.50040984244420528,1.5452429137736536,-2.2458940771764837,-0.44690399902696493,0.11560769857249623,negative,1
20181039,0.13634960431030443,0.36207126052598798,-3.9034409778330614,-2.0679770755771032,-0.12653137431755987,-0.63137188392497678,1.4920026736492487,0.090230683207995432,negative,3
20030098,-7.0452200883914751,1.1221855262450502,0.8771148033559083,-1.479742585085889,-0.57387130880703807,0.052677585484840007,-0.4448612784238804,-0.6226710826672045,negative,1
19800685,4.2895668267567348,2.2831068592471997,-1.2494604961070988,-2.1339338601027911,0.84527303437269619,0.25571295077431222,-0.16813269456301563,1.142672996105303,negative,4
20130073,-8.8848545172972919,0.18779469114275474,1.0527272286249025,-1.8738231971695438,-0.60216197488207623,-0.17238006872483594,-0.43726041521811809,-0.69848520760624488,negative,1
19891094,0.8366745421293198,-3.8222568684577647,-4.1584301073959828,0.36885673489764542,1.4931142882400406,-3.7669629989709912,-1.4881175169206957,2.0437024519102902,negative,3
19870909,-2.8162328241800374,-7.9089812773433614,-0.37172692048775613,-1.0921081839803877,-1.3635994894597196,1.4334823502205738,-0.12679135089583127,0.81662174272901777,negative,2
20100924,-7.2081846269973306,5.2463515880482738,0.7753806639037738,7.0440572656522153,-0.63921776249295492,0.29630089741484289,0.33941559729204451,-0.7208195742147171,negative,1
20170727,13.670918353342099,3.4627534305469281,-7.9936566847676964,-0.54395005761380366,-2.8788394611397461,-1.0707706701970663,2.6217299507437204,-1.565469683928512,negative,3
20180842,-7.2403709506397389,0.35650058327407008,0.34789975857325528,-0.83838730973363795,-0.41721309829190445,0.50579886241744509,-0.27851367410737438,-0.29808249881746229,negative,1
19911119,-0.28002761556419453,-4.80378359053213,2.7744365609716888,4.5353728213869298,-0.24135087041627099,1.3082204838225977,0.14551782705646871,1.3448081885046597,negative,2
19811158,-3.8906643589410748,-5.1151994427524059,-0.03143221636746165,-0.93342703595593435,-0.20634065935275148,2.0044909305041272,-0.17754432355706357,0.28657537578672665,negative,2
19970892,0.0066917596769504829,-3.9102583505168793,-8.1011546340517704,-0.7523067253039496,-2.6015537820393879,-0.67745310193548136,3.6342062943072282,0.042142748787505777,negative,3
20140284,-5.3289999288745671,1.8073343568046545,-3.1682420789982975,-0.77360737012936232,-1.1759637081386036,0.23537984868964543,-1.2081738400711959,-0.018051890090923433,negative,1
19970433,6.152856753231295,2.5982950191671428,-1.3741548387738238,-0.34620436005741784,-0.55347928121780288,1.8488287489800272,-1.3183934208034818,-1.1706164706926006,negative,3
19960734,1.7904263427590303,5.4342004874854517,-12.621710999378458,3.0611493167061017,-0.65735035781441087,0.74219431104368461,3.5234179705552928,2.1182533872867721,negative,3
20070042,-3.6128885705215912,-1.8912484328953327,1.2437665411987828,-0.60009480068478283,-2.3148107162037412,-1.9919049905506527,-0.85268198608807155,1.0221057250594476,negative,1
20021061,-7.9020853231853323,-2.2457390801326911,0.42987113840541941,-0.77329815904726085,-0.08218425576396915,1.7900521506873937,0.45714148332354942,-0.20067614539523884,negative,1
20000390,-7.4809046818905411,-0.095039761328415087,3.6420924621392912,-0.22550721213651542,-0.72812492163497666,-0.49073124711821386,0.44925179509670066,-0.32876655504083085,negative,1
20070135,0.0063306869259367755,-0.35109676471600981,-2.5288643548278196,1.0772459899963449,1.2206267500684636,-0.26019291772041592,-1.3147824486155486,-0.63982316640365444,negative,3
19970260,-2.439336872621082,-0.75352401477309583,-2.4966086719220297,-1.7757978626150099,-1.2333020858194077,1.3482823666805162,-0.095153128335405221,-1.4104239779684604,negative,3
20040837,-11.307010588352373,2.496741231470665,-0.18513227781051103,0.82507150025605736,0.04057213231886652,-0.030688382736749349,0.85946413195645055,0.89224610201463572,negative,1
19930411,-0.2705131533205864,-0.39121864935846629,-4.2257859089335286,-1.1732700781241945,1.177128350480976,-1.4326264980303123,-1.0436270379063848,-0.56962586745839772,negative,3
19860173,-2.2751052176996565,-2.9016576277165433,-0.34248439065727815,-0.038719782175166632,-0.62265985261842494,-1.8132421914055412,-1.9654288479323108,-0.37318953705734115,negative,2
19960132,-2.4600895319814953,-0.87695812494953373,-5.0741806328762999,-0.56530409849658836,-2.1620210987380855,0.80221414713073058,1.0841493538730247,-0.72786929016092272,negative,3
20030035,-7.1987817144209272,3.6049859248223215,-0.16537820840362538,0.54416499732542123,-0.96668723308706472,1.649124986007136,-0.042378298560765373,-0.85662375890323827,negative,1
20020332,-2.7413708295578849,-1.8091422472019971,0.90761049637441293,-2.7092940125523475,0.76263357942217569,-0.28853379085016606,1.5469237375005149,0.32644556066704439,negative,1
20001096,1.6171573855424624,-5.6912551076124211,5.0185450457710337,-0.33197241496863739,1.1336161060371521,0.079949875448701024,0.40714163481840815,0.6345729320033725,negative,2
19820026,1.0672773663425135,0.10090955636952434,1.4635094691604296,-2.6027397850605998,0.89662800512405716,-0.13408664255051078,-0.35897823014052094,-0.13619315898852166,negative,4
19820073,-7.2479331457874183,0.85847583837908847,-0.30543070724348675,-1.8915678327152952,-0.476494527206966,0.25332683604746586,-1.454467985807482,-0.75463194124742505,negative,1
20180160,-2.887189956853482,-3.3579514454433381,-0.5239714751985336,-1.6195287753645868,1.3084080571088381,0.71560927090622262,-1.1842335635331505,-0.2464371233868399,negative,2
20030835,-7.6396440391569218,1.0722988433661065,-0.32108859596223971,-0.23760121061782466,0.029642059335071063,0.44995942417713036,-0.4534681674472768,-0.68422539036518382,negative,1
19941113,-8.4794906381061192,-0.56636526464531534,-0.30808899255794014,-1.7410626811356817,-0.36844225166350536,-1.4589105792075316,0.32923380007368902,0.41787962170254761,negative,1
19820478,-3.6070741491110625,-4.8725572333779033,1.0204712296549809,1.014808370419841,0.11162521688754135,-0.36053091501310869,-0.16659670957721281,1.0463155344567947,negative,2
19920898,19.920572342870688,-4.1570204664408079,-1.8607678858654759,-0.77444001360959136,0.9917179321166788,0.69727831116908223,-0.093668354963487799,0.55662978502343885,negative,2
19930794,-4.3629639148907513,-3.2391670469179044,0.97925950073558687,0.93523850108936168,-0.031917749497434242,-0.71417776969632585,-0.34675729545964346,0.54678032409910615,negative,1
19980221,-4.2729333226342607,-2.0674576232879374,2.8524211761463043,-2.1313334645987982,0.89776757334416346,0.14983943858929347,1.4155433748325743,0.85035423591293369,negative,1
19880235,-5.5433009809335383,0.12799161395726019,-1.1161286209129633,-2.9496529259422353,0.34356887767081518,0.97445349685815152,1.1137738050511936,1.2031048390211259,negative,1
20040713,2.806667687026676,-1.9276866863213529,5.8612573088902762,-5.0013565167518701,4.4964507181060132,-2.021419789714118,3.1421963865826088,-1.7157479521998189,negative,4
19990173,-7.1366070712947218,1.0391160634938177,0.47400419618571321,-2.5161116253364781,-0.41283059039082015,0.51484799002365988,-0.7255535895722548,-0.31969548095471395,negative,1
19820487,13.249872068302151,-1.1312139465351847,2.5566959785706564,-3.9166040310736072,1.4874564996317852,0.41816161914585293,-3.3980426397788546,-2.0286886256467724,negative,4
20010230,-2.0764159535938487,0.74827177190533356,0.89852233253894176,-0.52307660017518265,0.78921496550651959,-0.28423562906817385,-0.39434896142058273,-1.1177049828426702,negative,1
19810655,-8.971843703126094,-8.9116797264423635,4.6071736017421898,5.2066758625664171,0.95959084916687709,4.6963055047439486,3.906930512028902,4.7861282639673695,negative,1
19940337,1.9665375363161763,-2.8592157491510388,-2.4654182683632389,-0.70063897291279376,-1.3863219830084135,1.4075339027877452,0.43769787392874154,-1.1291623103760686,negative,2
20171080,-7.3048249470099584,1.711442824349221,-0.43387087545268882,1.4102332966415301,0.64436217161041676,-0.53413222859910736,-0.72332903064222287,0.69985850238112712,negative,1
20090502,-7.8856675908445357,-0.16973746645187407,1.8231428617945267,-1.261518124953082,0.29255468842091209,0.47563101825585596,-0.17022506953720745,0.02796734724979185,negative,1
20070935,-8.0606924113842027,1.1537671601652475,1.7591836695310707,-0.95652376025894326,0.30731730461050444,-0.36557528315156312,-0.081354555422756825,0.21158635226453668,negative,1
19960998,11.274996317162573,1.9059989655152856,-0.49625946056799053,-3.624984173138146,-2.1697003980969094,-1.7024603506155207,1.2265251709997838,1.3676389355273566,negative,4
19860973,0.24798011610610943,-0.85499826358902886,-2.8703608511748104,0.71714879593435132,2.9554234366342147,-2.2133164566462167,-0.22817430085478257,0.27178003953249286,negative,3
20130286,-9.0449381842527021,-1.1959099167139471,0.58011692988861263,0.03421976308088321,0.62668104586161388,1.2919572763489018,0.81945659143326621,0.078927878035202931,negative,1
20090475,-9.4559499878472444,4.6740182109201749,0.46466766584620428,2.3142490626662324,-2.0055598925368652,0.72394860964611607,0.58941665528421949,1.7486288861583059,negative,1
20010897,0.56369446356829056,3.3405614173506675,-2.2054652105191468,-2.7762578575547585,-0.50645017459870167,0.4381693821906234,-1.0094993436889343,1.2790295928919524,negative,4
19940564,6.080616369158534,-7.6811432178051184,-4.0642767359203313,1.0615861472863517,-4.628791802486961,0.87468142877235655,1.9331619269830111,-0.68107906139787544,negative,2
20030942,1.3001922890266411,0.32350765912816498,-2.2166384004393787,-0.17913583185044951,-1.0626270847188952,0.045449659329419204,-0.90517729795852786,-1.2732936087504803,negative,3
19930649,-1.8509584416654465,-0.097983252592416553,4.1138095373701233,-3.0655674093807375,2.1119104074920814,-0.41452092151899717,3.0701501144710996,0.11797407303453974,negative,4
19990004,-6.4094344494898783,-0.54524119932057336,2.9181592112619654,1.8677641013376884,0.49062569093239528,0.50685872827606915,-1.4928665008586548,1.3929062585201928,negative,1
20051036,3.6800552453559336,-1.4981827369026517,-3.9967971686211272,0.44721805741133086,1.8124986008085833,-1.6607103432769008,0.30402410263957586,0.84252266724646563,negative,3
19840455,-7.636074887684007,2.3787741303323973,0.11002945788474272,1.5356024715648147,0.50824527764716521,0.84814760251243759,0.15266200690529824,2.0073510735408804,negative,1
20150407,-5.8442156392652924,3.5899564385143474,-1.4055855314352272,2.1585685828601209,2.5838023232616942,-0.69972618014230903,1.7502269267721668,-1.2361750537953717,negative,1
19900541,-8.2662503394196332,0.086636007929863507,1.2893480683148066,-1.1983421229763962,-0.037932645464600734,-0.20710611147507857,-0.52587960023536073,-0.27897044212428895,negative,1
20171078,5.8889158807380175,2.3220804773152346,-1.5647959123540798,-1.2819965963257021,-0.4654516355086889,-0.37863585403277106,1.4497555928886503,-1.3785055703545124,negative,3
19960960,-1.58912090214937,-3.4848846877427939,0.94788942110233476,-0.89261002777931475,-2.8532617355006815,-0.44599818197011648,0.43595970029415515,-0.45799338459072036,negative,2
20100655,9.584337992945656,-4.3477979789692309,-0.66482155596726733,2.9687978010925069,-0.46940321161328735,0.0064012182447014494,-0.42082642196620973,0.035659603327406697,negative,2
19860921,-0.23492435380472199,0.14801027564710625,-4.4845024337198538,-0.22881847175522527,-0.47977914765548824,0.79162936574340992,1.5595470814359624,-0.43341058070861105,negative,3
19870687,8.9856826795478213,-0.51902173868473112,2.3537140575544298,-2.9506985945031614,0.94037146078530132,-1.7299931162028552,0.1226319242829563,-0.34576238038923163,negative,4
19990605,-3.9108190069969924,1.4277348582263347,2.5929288714263494,-2.5427486061823723,1.418927742878664,-0.51765325720267064,1.3938825210281574,-0.78770405462183457,negative,1
20070810,3.3711926638041052,-2.163329994423838,-3.5389566899034004,0.1626785941215021,1.0342650230702961,0.03776680699717111,0.56444410454178418,0.23346766292399942,negative,3
20060749,8.689769862858288,0.98459670164444979,-4.0247875125591017,2.1479192247834464,2.8141418981044608,0.4078170327251891,0.53473627372756605,-0.22026022978655913,negative,3
19901136,-7.1575857990380385,-0.075960115209458112,-1.2113646461698147,-0.2043800372633543,0.45983507093037207,-0.99540205856755126,-0.42365032978914391,-0.78884539304114953,negative,1
19860803,8.6088605775356051,1.1273264304681829,-3.2850360436726906,-1.6064238313917041,-0.41054685420048664,1.0075630131991262,-2.6001918243055075,-0.050517238464221174,negative,3
19830181,2.5067945681602475,2.636991474335864,-0.047128558935346572,-2.4199245963058895,-1.405659965625166,1.2673508982624229,-0.14515964265521616,-1.2057738625240322,negative,4
20190342,-19.438289670952603,-2.2546047277710022,1.5526278921770189,-0.90601482060527705,2.7498082836382229,-2.2290134991785235,3.7740291926631078,5.3067302476127365,negative,1
19940536,8.864090699991392,-5.0744390215849995,-3.5811757804377913,-0.54353615311675507,0.73065072699375144,1.8224752615708666,-1.8587853740239104,1.2342861704671844,negative,2
20170381,-6.9993500994313438,0.1453754810265587,1.2966373796789745,-2.5175424061427063,0.48412228139983099,-0.5224926515496483,-0.38358216877977608,-0.20050642775364746,negative,1
19840983,0.56835804557930536,-5.7988681104154294,2.2202843090921043,2.8275243538427586,-1.1559996504468768,-2.3619015814548261,-0.951582731133649,1.5040025008195212,negative,2
19841077,1.9123245756224054,-3.6779770813006847,2.7796045326595782,-2.0224550090943199,-2.3792146403035348,1.2123353278787599,-0.4378577545484521,-0.019069400565084649,negative,2
19921049,-7.7791853844310968,-0.80553885607885689,1.7133683319341482,-0.89393331816368893,-0.44945281254986763,-0.34723480764488146,-0.70609582326698339,0.30221178947936017,negative,1
19880345,-8.2533710489174315,-9.10630463653996,0.00029502799636330356,-3.0764937798586982,2.951430527194709,1.5162104812113146,2.1346782170000944,2.8275565383512742,negative,2
19980304,5.5354472804974408,2.6840833614233555,-0.91143104975313116,-3.0052185717843196,-0.96863372194340225,1.1390100690026794,0.14617623739759961,-0.30939773225702605,negative,4
19990056,-4.3181388108618677,-4.2355891910849834,4.2870735575130849,-0.50260521295480765,0.3673353331555827,2.2020285274616094,-0.5307392012251092,2.0533294088000722,negative,1
19790758,14.34947380246293,-0.29207158493580021,-4.7635979955227663,-3.0706956913891434,-2.1676120668169827,0.93938784069861347,0.97092212885611451,0.5825995868741588,negative,3
19890017,-2.5633657400271885,-0.39877639540855114,-0.75640573640156439,-1.5977566495294,-0.92230120316236797,-1.0828358765946084,-1.4050311198249941,0.88593081247650718,negative,1
20061056,-7.8314482736473181,-0.71875829839192307,-5.7603958102042547,0.63822701657102465,-0.71019570285890143,-1.6786675264282271,0.66157586990487804,0.19240550494084355,negative,1
19940058,-8.9324565781841105,0.16481925289643024,1.5579254052503637,-1.2092829859586343,-0.018271823734191679,-0.41387851498164896,-0.49317814826307993,-0.79769352730389764,negative,1
20120333,9.4704680551807758,2.3132495040662082,3.5121078578360216,-3.3530737453106561,3.7713280409085259,-0.28803481671851477,0.34904199182680568,0.20618099060765169,negative,4
19820099,-8.9011956837988251,3.5014485466852356,-2.1307485962887722,0.21786658736796008,-1.2588743673276279,0.71899311815378453,-0.68770586213675777,1.3939130593133739,negative,1
20140319,-2.0806868510805914,0.16384847401819339,-0.99962620412565262,-1.3915952308611419,1.062846517295809,0.43151240331128687,-2.0803505500684714,1.9009664282635861,negative,1
20000988,-9.4305988461256138,-0.099501863283170427,2.8151494782543938,0.18553037339344594,-0.72456642114347225,-0.33673540733160884,0.39303352484978477,0.91935269808939635,negative,1
19920072,-6.940338393003664,0.091499743540997339,-0.8440952894867404,-1.2254573347240181,0.72867190350945232,-0.35059078786580328,-1.4174361666948603,0.24284389045514509,negative,1
20060272,2.9909333979007289,4.3308995057856015,2.9547396660174159,-4.4786770081081064,0.71989608947731232,0.40853837653915143,3.1213513393159631,1.0375862834490857,negative,4
20100219,-1.6014903446593336,1.3899514160929829,0.35209696835976023,-0.57564159083778521,-0.77172486850098854,0.55421180185557761,-1.4356854579466916,0.27512571867104046,negative,1
19990249,8.4381329517019186,-6.7640167492706826,-0.11826061774952105,-1.2041332443458437,-0.16258951129202992,0.96390360529514008,0.31288412913463892,0.92830179191766649,negative,2
20160344,-3.9956461265551018,-0.7376215844037789,-2.1855978435219487,-1.1157046194615243,-0.087581760117654048,2.4296660761896578,0.68229644260631583,-1.0970709713254363,negative,1
20130667,-1.5049113561210892,5.4004057206867238,-5.4080679204389028,4.5760422185003495,0.78712569316847503,-2.2210641847628629,-0.85976722517916271,-0.64248096513028408,negative,3
20020521,6.1407940260524789,-1.2392625575716285,-6.9868865099786639,0.81547757647023433,-0.3788011123426,-1.2010490056657825,2.2429902399679831,-0.04703231809372449,negative,3
20020574,0.00050398696429959091,-2.6902725053499728,-2.3240283567152864,-1.6881603580368234,0.15332952352594292,1.9540311527365828,-0.74214026524740306,-1.5018562068618402,negative,2
19790430,5.1810331896047757,-1.2478789946013051,3.8536819000711855,-2.5729576680534678,-1.7066328118885057,0.59733612040508477,3.0584001810015726,-0.03610963349757601,negative,4
19830532,-0.48581653275118841,-0.9636018988923245,-4.2298204432526543,-0.52341994260015312,1.4441300926385654,0.043868284110794555,-0.45615149127237475,-0.88528534814615534,negative,3
19930987,-0.13526187890054747,-4.8722872820484433,1.7101973922856306,-1.3936182187967514,-1.9235653256598104,-0.066930576122001401,-0.31628204744259769,1.0266633041418376,negative,2
20161135,22.776490492070682,-2.7334113853860016,10.485667000083483,-2.0318125832207508,7.149184866610609,2.3111760910258528,-1.404580576627996,-2.4884205010560252,negative,2
19970473,2.9394459971113678,2.4276151064131244,1.0375147318123752,-2.2433688629128605,2.9943331462019378,-0.41645933993007644,1.3443210603667066,-0.24652148251919143,negative,4
19890805,-7.4828851789590285,1.9460470542155834,-6.6146195778132295,1.6920838136133698,3.8217988721428733,-0.72642795748632705,-0.47603025240628538,-2.6025344786493867,negative,1
20010759,7.1924254987321357,2.0283289501348167,-6.4563475233583265,1.6452626110613546,1.0634798026663488,0.62573540072059597,0.37570289524824396,1.612482392993186,negative,3
19810597,-2.7239381918931875,-1.54670676885164,-4.2009932081555776,1.0049893833536825,3.2425733879488332,-2.7639876340070457,-0.33042999345787311,-0.20568622981814527,negative,3
19800690,-5.0729979226074784,0.58988844350784153,-2.0835682878613229,-0.10102063489916766,1.1028174308528342,-0.34902556893260106,-1.4394080458450926,-0.38416049238140276,negative,1
19871042,-2.7789342966080275,5.3861505964718344,-2.2697195576111957,-3.3655760487318882,-2.9690335562289465,2.2114467282978603,-0.36296599525552348,3.1459975843589882,negative,4
19791015,-1.0642779513903915,-1.227947249412239,-5.861552591172801,5.8387990479023584,4.3188324523921935,3.6698019267384394,0.89525076701846307,0.81637346665765553,negative,3
20200288,-7.556990233855073,-0.4227080630176227,0.91099252695424748,-1.3927652478512735,-0.66316161390324213,0.5602404900436263,-0.73768014529892156,-0.78404744959490746,negative,1
19831117,-6.8970303547196679,-1.6247694034823741,0.67582110685484775,-2.2704904776937158,-0.97370071882455278,0.56664104243178204,-0.6563408246006518,-0.70839728979385608,negative,1
20140864,-4.1343379841649597,-1.4486857268271418,1.4639305919516947,-2.0451414363781621,-2.982448353258361,-2.9745441438905873,0.7132258333082081,-0.012745263186763826,negative,1
20090093,-7.0921564569503559,-0.1955810598592255,-2.3867288331550358,2.6887095171342166,0.41272727822113492,2.3300760836327359,0.49603454632814087,-0.43260147129099602,negative,1
20190087,-3.5401469157268628,2.6069385784858898,-0.06926231625562515,1.141341969125145,0.94927033061142452,0.38385963490398944,-0.94114962646153877,-1.5957256952470482,negative,1
20120567,-2.1432827466456326,4.1581965472216655,-2.7969444260007812,3.2243211152096687,1.0489926841585353,-0.60578568217008366,-1.4462843740750377,-0.90103896249238313,negative,3
20160343,6.970407582877737,-3.5423353087282856,1.9396586589811442,1.1287732831640698,0.39777456106601711,1.8395778176550783,1.9757287820643439,-0.96218648435031018,negative,2
19820667,-2.6921275360527179,0.72140930455719188,-0.07156721446055872,-0.87053105161014133,1.3067914533449925,0.20415363779958559,-1.4230109159711957,-0.48987406993035831,negative,1
19920673,-0.74048646803474216,-2.1104743642777284,0.31183572532667725,-2.2607090522229405,0.23864259572707933,-0.259168707678471,0.76713936582095421,1.0158290184937615,negative,4
19960057,-3.6842210044211212,2.0274689769734038,-1.9545303787330588,-0.36723652692541525,-0.86039525412578333,1.667574896631985,1.0797702398552069,-1.7789743816260624,negative,1
19960002,-8.0375527786807712,0.78137639832728012,-0.85460118466710744,-0.95674304318659864,0.31282910325643509,-0.4258100835509907,-0.50885498578949184,-1.0452509397950362,negative,1
20030105,-6.9254855760806953,-1.3413731946221708,0.58201924810593642,-2.3960640056343818,-1.6318155336274229,-0.10867508619962987,-0.60086683200567037,-0.51978534784998487,negative,1
20070721,5.8240855366094495,-7.4962760001338111,4.8755865749225142,-2.4948012695393778,8.1779815923727543,-1.2195919678155029,0.028286291594041491,-1.4670447502542805,negative,2
19940182,-8.5435791238819903,2.3445692870187411,0.78427644890818027,0.30185200320033562,-0.51562677301133131,0.19756319233492547,-0.65346856756544702,-0.9178522511092756,negative,1
19870894,4.0821961034519267,-8.1578214832125795,2.4494735927280029,-0.31242146094340983,-5.0113473901244392,-1.3318257798771782,-0.28739878877488839,0.84611741894721071,negative,2
