track_id,PC1,PC2,PC3,PC4,PC5,PC6,PC7,PC8
19790001,-0.2008583,0.12179581,-0.086687576,0.64912129,-0.11264119,-0.08714424,0.51294648,-0.75126106
19790026,-0.13187488,-0.34894952,0.1904607,0.32494779,0.28837005,-1.1737857,-1.2418518,-0.43483022
19790048,0.66968225,-0.5822937,0.94309871,-1.1053144,-0.68947997,0.27357937,1.2682212,1.417556
19790063,-0.88642657,0.51345455,0.72480606,0.18782776,-0.31999435,-0.36746757,-0.46104661,-0.11006752
19790079,-0.90116209,-0.24400347,-0.20275134,-0.74373326,-0.9426904,0.10210829,1.302361,0.79982856
19790087,-0.4312422,0.37498863,-0.94316615,-0.48309484,2.0074608,-0.95353176,0.60484912,0.43482703
19790094,-0.50328547,-0.60572751,0.64475475,0.53912096,0.48961711,-0.45818856,-1.5645977,0.16703342
19790097,0.081571949,0.31063037,-0.15372732,1.098622,-0.87835211,-0.68697336,-0.055503929,-0.1824161
19790101,0.41865119,-0.17487866,0.35182509,-0.2914009,-0.79516505,-1.3269213,-0.33530017,-0.14429619
19790119,-0.44978749,-0.92094471,-0.09176351,-0.26303317,-0.7678125,-0.31964174,-0.71148961,1.5609413
19790135,1.3671397,-0.022996218,0.26155826,-1.2507747,-1.4783519,-1.3647907,0.77512291,-0.27730374
19790140,-1.279079,-3.4124764,-0.65404641,-0.0053830366,0.80384739,1.1590546,0.69282135,-1.5328742
19790144,0.2107931,0.021593818,0.38233228,-0.83740907,-0.33148546,-0.4336955,0.17313489,0.1157636
19790166,1.6999428,0.10025093,1.7043215,-2.885921,-1.717504,-0.27223061,1.6451318,-2.8104069
19790168,-1.0675233,0.46691242,0.95951886,-0.31326705,-1.0149036,-0.67985177,-0.28966304,0.070902093
19790178,0.1313401,-0.057370874,1.6357384,0.13173074,0.80666972,0.0089367803,-0.16300499,-1.4267267
19790194,-0.16511131,0.94766262,1.4389877,0.45995587,0.081201464,-0.20182577,0.34048449,0.061747646
19790205,1.2472334,0.014687626,-0.72424032,-0.94661825,0.3089602,0.31447158,0.31581824,0.21945266
19790213,0.00436274,-3.8316907e-05,1.0285668,0.060562973,-0.36398252,-0.48146229,-0.079252181,-0.8471617
19790236,-0.54924333,-0.87530632,-0.66608021,-0.68116801,-1.0041721,0.092695618,0.15133895,0.50307482
19790237,-0.24214448,-0.44036871,0.12647293,-0.056976809,-0.067337249,-0.71421603,-0.83350408,-0.046802407
19790256,0.14085626,0.31106728,0.23414577,-0.54319354,-0.36252545,-1.2305277,0.050122286,-0.19828865
19790273,0.32861998,0.3945607,0.57163012,-0.29873231,0.61500998,-1.12777,0.095388642,0.61101971
19790300,-0.39771837,-0.23201715,1.327665,0.59611626,-0.23438175,-1.1727666,-0.0016737296,-0.42662854
19790304,-0.6767584,0.34835217,-0.33103487,-2.1002534,-0.23462314,-0.61840677,0.23371883,0.52937059
19790322,-0.54408372,0.26568312,0.1725745,-0.19697352,-0.73336692,-0.75160881,-0.31046296,-0.29498357
19790339,-0.98943972,-0.77133865,0.18763395,0.50845587,-0.53033458,-0.56766286,-0.39532453,0.27651785
19790369,0.039532089,1.362847,1.1097971,1.0181491,0.042675372,-0.42992114,-0.50813937,-0.25342019
19790385,-1.3974894,0.63321683,0.43371408,0.44744768,-0.51381215,0.66957061,0.49405545,0.6762845
19790391,-0.033912052,-0.42820231,0.36919251,0.5559389,-0.0016475161,-1.0856954,-0.054087972,0.72859555
19790394,-1.3959652,-0.038140843,-0.6318637,-0.083182607,-1.4853136,0.74196415,-0.028608981,0.37282382
19790406,-0.54247733,-0.40249744,-0.20433075,-0.0058395946,-0.44865827,-0.53324596,-0.078883243,1.0457177
19790414,0.70593266,0.054905023,-0.18754972,0.24937996,1.2011054,0.97270763,0.31358235,-1.1171614
19790455,-0.79575156,0.61524486,-0.51958996,-0.46943219,1.2466002,0.85175204,-0.51748377,0.12127174
19790473,-0.40193736,0.18026899,-0.029836354,0.38408318,1.1265068,0.35775757,1.0929857,0.07494296
19790483,-0.40982194,0.44839329,0.10162074,-0.43778736,1.5648588,-0.27820593,0.11994019,-0.39822144
19790497,-1.0085208,-0.38947366,0.050087924,0.58235181,0.43424976,-0.31478993,0.26895581,0.95965726
19790535,2.0129121,1.0905373,-0.92950325,0.24937817,-2.3045697,0.5094838,0.077958549,-0.39827695
19790550,-0.21302106,-1.5582805,0.50471092,0.29296217,-0.368894,-0.7411771,1.0917806,-0.24549523
19790561,-0.78245753,0.70579054,0.9593316,-0.34177784,0.40934839,0.41046735,0.15605398,0.55898253
19790585,2.8883155,0.84621237,-0.57336369,-0.047665399,-1.6779675,2.1658243,1.3761134,-0.96997825
19790594,0.22256489,-0.060875956,0.6482343,-0.8941291,-0.22793395,-0.38182566,0.041948721,0.19557673
19790613,0.86691842,-0.91382888,1.0661349,-0.98897231,-1.1435483,-0.41663145,0.087077313,0.16759859
19790618,0.87529831,0.9224462,-0.33506435,-0.43219218,-0.41883521,-0.99840448,0.12747192,1.3332847
19790637,-0.88939729,0.69341486,-0.036959049,-0.35441749,1.0158079,-0.85212594,-0.26460247,-0.17868923
19790644,2.7646958,0.08480187,0.42695984,-1.5910155,-0.67708678,0.78836973,0.45120054,0.15588453
19790664,-1.2558465,-1.6736667,-0.33649617,0.79687677,0.50404772,0.27229054,-0.30121971,-0.63996838
19790669,0.13589497,0.77820427,-2.6027569,1.3913142,-1.0831642,-1.8318929,1.1062008,0.77441108
19790689,-0.43005913,-0.12171941,-0.22234409,0.53650744,-0.61216957,-1.1303629,-0.38899455,1.0348894
19790690,0.75030194,0.038446615,-0.17170957,0.78146183,-0.2512553,-0.14527659,1.0487406,0.3871541
19790691,0.49783695,-0.24509476,0.07517111,-0.28896434,0.8704829,-0.00064564972,-0.076434415,-0.17694138
19790697,-0.50401083,0.14533514,-0.22632569,0.30318139,0.010860846,1.0474857,1.042329,0.52201109
19790752,-0.37268477,0.63018392,-0.20090476,0.39635163,-0.080322805,-0.91354658,0.92459188,0.40005816
19790770,0.0098314386,-0.16850383,-0.77315821,-0.58559578,0.33245279,-0.10579389,0.15227611,-0.36285868
19790802,0.22699341,1.199857,-2.4279732,-0.0012764152,-1.8027507,-0.67784951,0.80590939,1.5445121
19790820,1.1666384,-1.9142625,1.1129712,1.3822075,-1.0352279,0.8290649,0.78061651,-1.7994198
19790824,-0.26651683,-0.42526778,0.50429676,0.04894338,-0.41299976,-0.32884008,-0.32146734,-0.63164497
19790835,-0.95361287,0.32920631,-1.1467183,0.43127587,-0.3464755,-0.54310154,0.13904912,-0.34045637
19790842,-0.27920488,-0.84725537,-1.3651025,-0.74491194,0.16823067,-0.20249754,0.74596083,1.5840555
19790847,-0.76806556,0.99010738,-1.2397881,-0.046525181,-0.57120382,-0.067552729,1.4480112,1.4754429
19790898,-0.39541019,0.82413625,0.24865178,0.13596494,0.82410949,-0.31216761,-0.86547062,-0.29031143
19790903,-0.009501861,-0.47409557,-0.22821291,-1.4863343,1.0679615,-1.6100558,2.4484092,1.3681849
19790917,-0.021734599,-0.2425508,0.34638618,-0.14696548,-0.52379617,-0.80673189,-0.059262393,-0.27047223
19790918,0.53912892,0.39458851,0.074907695,-0.4103459,3.0508839,1.8585196,-1.427268,1.181721
19790931,1.1329963,0.46145569,-0.22745508,0.56165771,1.5268137,-0.17643196,0.12384818,0.87171142
19790933,0.86419466,-0.46006642,-0.77332722,-0.75468228,0.20847747,0.50887972,-0.76611767,0.24246019
19790946,0.71656843,-0.23974113,0.70215812,1.3798848,0.16775145,0.075372103,-0.1353875,-0.57791798
19790957,-0.95225488,-0.87974513,-0.90411492,-0.96493113,1.7265122,-1.0550305,-0.17253406,0.015833248
19790958,-0.86340221,-0.39070129,1.4581596,-0.34856208,-0.04657336,1.4215676,0.35219598,-0.7770379
19790971,-0.40592974,0.33617285,-0.098950715,0.44495931,0.47756271,-0.80155146,0.58176816,-0.22834357
19790972,-1.1001517,-0.34102821,0.30638615,0.63989152,-0.63118039,-0.73140836,-1.1194467,0.69403651
19790977,-0.96342292,0.030518233,0.60190166,-0.054905348,1.027857,0.18862526,-0.49136573,-1.7102555
19790985,0.032437447,1.7852188,0.37570665,-0.087819935,1.2544832,1.1244788,-0.53697756,1.2510295
19791000,0.78546827,0.5517319,-2.0734211,-0.58596355,-0.16315878,0.27170092,0.38387974,0.30102833
19791008,2.1058715,-1.1623362,0.7271612,-0.32235066,4.3081503,1.2613699,-0.70432318,-0.72879899
19791011,-0.30172222,-0.16642768,1.2624075,0.67081275,-0.46534206,0.10632661,0.81857878,-0.67168291
19791015,0.27867432,0.67833548,-4.8295,0.86460276,0.35499149,-2.8274887,0.74318761,0.43607153
19791038,1.2880983,0.88628109,1.1290276,0.86211736,0.44463313,0.92341526,2.1421129,-1.2395219
19791045,-0.088285081,0.2640839,0.6505734,-0.58927945,-0.89874648,-0.27447251,-0.6632439,-0.24278699
19791063,-1.028918,-0.32186999,0.20340041,0.022585634,0.50449539,-1.2788732,-0.87962826,-0.81567372
19791068,-0.62977522,-0.79547212,0.50118903,-0.33311698,0.72007582,0.36281793,0.16418742,-0.24802891
19791072,0.28730814,0.50724828,0.24123431,-0.48911337,-1.103778,-0.55374234,-1.0129739,-1.4516176
19791086,-0.60467311,0.46085407,0.62153049,0.19365838,-0.2734052,-0.59409213,-0.11614101,0.15795257
19791091,-1.5108258,-0.2889189,-0.91620341,-0.40260852,-0.76889216,-0.37957671,-0.18202847,-0.037107935
19791097,-0.10154248,-1.1749859,0.48989859,-0.66433871,-0.21191794,-0.76351088,-0.64757135,-0.19094869
19791133,-0.78839348,0.43109913,0.12020972,-0.049419035,-0.92951234,-0.22538562,-0.18808105,-0.014316734
19791146,-0.50966449,0.13986359,1.2498933,0.74556404,-0.30370396,-0.46680587,0.74299273,-0.3908892
19791150,1.5182284,-0.76887183,1.1157876,-0.51742078,0.24739796,0.095949828,0.77747491,-2.0334852
19800005,-1.0624229,-0.089130774,-0.032644772,-0.58236683,-0.68985496,0.30804027,0.29120616,-0.0650043
19800006,-0.27152754,-0.33436681,0.59903874,-0.17802197,-0.11538959,-0.44826273,-1.07243,-0.43694505
19800015,-0.67426913,0.54926238,0.70330103,0.44289255,-0.40134444,-0.68073402,-0.19929148,0.020638267
19800016,-0.70238736,0.10501356,0.1238214,-0.63554665,0.40015685,-0.11683698,0.17710909,0.11829225
19800021,0.39287554,0.46413758,1.8751348,0.93435079,0.14413722,-0.34627843,-0.013781836,0.049458709
19800028,-0.039403854,-0.16578516,0.12411652,-0.38255646,-0.40313045,-0.67051708,-0.45237,-1.089386
19800033,-0.80817252,1.4492361,-0.18960193,0.10658687,-0.91286559,0.66480935,-0.9480546,0.4436551
19800064,-0.22007757,0.14601251,0.090317632,-0.23061426,-0.91718829,-0.77550792,-1.5197669,-0.49728364
19800068,0.57308672,0.49962016,1.5867658,1.4658051,0.14574884,-0.98258518,0.15760204,-0.77098105
19800073,-0.40239332,-0.75808957,-0.10123138,-0.52530276,0.6366837,-0.3054697,-0.12824279,-0.088194885
19800085,-1.0038108,0.38779193,0.017945668,-0.15388905,0.43293666,0.14234117,0.45997835,0.14047911
19800090,-0.81496857,0.13745138,0.42537644,-0.16887663,-0.011385814,-0.35710265,-0.8707483,-0.17050648
19800094,-0.46624384,0.051774578,0.81862988,1.0636896,-0.43488283,-0.37615837,0.7937963,-0.72724581
19800097,-0.64742473,-0.26852613,0.64132121,-0.55067706,-0.90916131,0.20822412,-0.8371682,0.71865
19800114,1.7885651,-0.79988283,1.0662512,2.6400782,-0.24483903,0.71295836,0.91389976,-1.618741
19800123,-0.70417235,-1.1851804,0.34837342,-1.2173442,1.4979355,-0.029533824,-0.44026759,0.23545983
19800134,0.42621293,1.5693423,0.94973699,-0.87737233,-0.75822257,-0.50078394,-1.4006637,-2.3438059
19800155,-0.50893021,0.5345007,1.1834273,0.73065304,-0.62552587,-0.4389672,-0.37185837,0.074598384
19800157,-0.84762112,-0.27563137,-1.6679239,-0.51342449,-1.4721272,0.92893217,-2.4915734,-1.3009288
19800170,-0.025809587,1.8128845,-0.54492741,0.42884691,1.9246204,-0.12517156,0.033214544,0.15822735
19800184,0.029537354,0.71432888,0.16217987,-0.17397482,-1.0537524,0.26904899,0.37819957,-0.55768158
19800192,-0.035658103,1.281325,-0.43653258,-0.65572316,-0.21315159,-1.2055969,-0.71408293,-0.75196301
19800204,0.04141541,1.3441035,1.580636,1.4320975,0.17812611,-0.74739908,0.90544977,0.045565588
19800213,-1.2049175,-1.1506812,-2.5001302,-0.3774226,-1.2200276,1.649125,-1.6955257,-2.7083647
19800221,-0.14227251,-0.63226276,0.73473038,-0.23134753,0.24413096,-0.44126738,-0.56367284,-0.72055065
19800232,-1.8855305,-0.69240889,0.28356728,-0.62390901,0.18575606,0.8699416,2.9582547,1.9150517
19800237,0.15843795,0.22608037,-1.2294626,1.1713387,-2.5848552,0.17213787,-4.0727026,-1.4669323
19800256,2.3460001,-1.3127417,0.96802545,0.71074087,-0.43997534,-1.2884292,-0.070583599,-0.025030292
19800263,-0.89029594,-0.21265594,0.90597584,0.1666662,-0.40816513,-0.7993363,-0.11784224,0.14525289
19800291,1.4614255,2.1604232,0.57706488,2.0538711,-0.21575772,3.3450694,0.15503029,-0.36710499
19800296,0.9447045,0.41127117,-1.0058552,-1.6918161,-0.30283407,-1.7951117,-1.1067976,-1.7169521
19800300,-0.015052049,1.7961214,-0.42929679,2.0336188,-0.50638137,0.35505328,1.1637344,0.10981466
19800318,1.9498398,-0.54391662,0.79338615,-0.55435455,-0.25441894,-1.5738699,-1.0566722,1.0203039
19800361,-0.95347858,-0.3181631,-0.015050485,0.79152874,-0.33185048,-0.11562425,-0.25937717,-0.090879949
19800370,-0.16653726,-0.25290297,0.7489675,0.12030603,-0.82280574,-1.0643567,0.026061396,-0.20020099
19800401,-0.56152069,-1.8326899,0.023957568,2.7389115,-0.50190054,-0.30767799,-0.91700818,0.8360124
19800411,1.9403924,-0.56568381,-0.86656919,-0.50271769,-0.85718041,0.3598082,1.323612,1.4163146
19800418,0.53903769,0.39532495,-0.069596164,-1.1535967,1.0239922,0.94669383,-0.9621509,-0.99661413
19800423,-1.6106656,0.38910187,-1.5058256,-0.65914178,-1.4087838,0.29291989,0.29625774,-2.9782055
19800440,1.3496377,0.52722392,-1.3482455,-1.0024326,-1.6413809,0.98143941,-0.14307958,1.270565
19800448,0.05921279,-0.17908205,-0.67474064,-0.41670919,1.1424421,-0.57011548,-0.11179872,-0.11253612
19800455,1.5609305,1.0238621,0.34634895,-1.6263727,-0.27413192,-0.90900016,-0.4681327,-0.73219801
19800464,2.1101458,1.202306,0.71811988,-0.092727629,-0.98722321,-0.51368359,-0.2757049,-1.5939358
19800550,-0.93985532,0.15376292,-2.0707684,0.087617222,-1.0778351,0.29640561,0.014961826,-0.30889463
19800580,1.0513525,0.35764456,1.4327598,-1.8027653,1.3083837,3.9577739,-1.8867147,-1.0252358
19800590,0.44703181,1.550461,0.97878068,-1.6428584,3.2859827,-0.88302677,3.1328455,2.0993929
19800610,0.27075241,0.47937599,-1.1017374,-0.020148593,1.4755125,-1.6138619,-0.25401692,2.223178
19800614,1.1126125,-0.5631502,0.06223896,-1.4143831,0.099681035,0.60502866,-0.50177648,0.62882449
19800621,4.2963029,0.51183896,-2.1075132,3.017666,2.0059852,3.6484363,0.53521289,-0.91957015
19800636,-0.49622635,-0.12466285,0.15427288,-0.59941533,-1.1458815,-0.5930749,0.18545265,0.3386649
19800640,1.0813867,0.28210312,0.016126709,-0.656928,2.5320215,-1.9332132,-0.61645514,1.7259326
19800646,0.12206668,0.10392354,-1.2922145,-1.024869,0.87466454,-0.16597423,-0.69819163,-0.083244949
19800657,0.69174778,-0.83948553,-0.65596619,1.9878963,-0.68799025,0.15255615,0.25705256,0.68851835
19800683,-0.98370691,1.2903784,0.48933609,-0.38062172,-0.39668981,2.4613579,-0.39577997,-0.11674557
19800695,1.159461,-1.5490613,1.5664214,0.57666023,-0.016605033,-1.0488721,-0.38278527,-0.48324378
19800703,-0.38484752,-0.210408,0.23347588,-0.093545894,-0.13038265,1.2204811,0.11562768,0.54725131
19800725,1.8547963,0.45929785,0.073786147,-1.2669468,-0.4224152,-0.66788794,0.47658989,0.36624195
19800738,-0.89109586,0.66020708,0.61176254,-0.33949433,0.25166081,0.72926612,-0.086273883,0.45834294
19800740,-0.51624743,-0.44838628,-0.88650118,-0.4984927,-0.15371482,0.3551002,0.28283288,-0.24231392
19800759,-1.2357009,-0.25401682,-0.28590222,0.16534756,0.81857778,0.9268017,0.49152253,-0.27470198
19800805,-0.94227399,0.081445465,-0.38432275,-0.21233085,1.058394,-0.81823571,-0.2127344,-0.6036748
19800811,-0.67471889,-0.42535861,-0.57115969,-0.078764061,0.29323993,-0.78783868,0.15872057,0.35966055
19800829,-0.22915627,0.26751136,0.58093123,-0.48221838,0.032246784,-0.0015460854,-0.13834001,1.1386022
19800870,1.0877412,-1.1450546,-1.5632629,2.1855805,0.27442007,0.40733557,0.64741009,-1.8268082
19800887,0.6652196,0.33820773,-1.4140489,-0.10623062,2.1296301,0.041114002,0.056030416,0.04969511
19800898,0.38159933,1.0590828,-0.75967705,0.097719996,-0.22226809,0.4800178,0.010566442,1.4329711
19800918,-0.98020797,0.33231882,0.68279822,0.044340345,-0.14992457,0.22957398,-0.15104035,0.18788055
19800936,-0.75604164,0.29265449,0.50304842,0.22035321,-0.2251245,-0.039222224,-0.73560112,-0.3058986
19800948,-0.4768547,-1.5372992,-1.0895575,0.11098811,1.1520082,-1.1227238,0.9572699,-0.21919106
19800961,-0.49327787,-0.74215488,1.5721154,-0.31634639,1.295226,0.1501871,0.98695427,-0.13085426
19800993,0.34515443,-0.8134805,-1.2325113,-0.62203863,-0.11985158,-0.046909149,0.34154585,-0.2095221
19800999,-0.35307996,0.29998787,-0.0019927052,0.13861441,-0.5564719,-0.20205665,-0.10173108,-0.61278764
19801009,-0.90552498,0.37171173,-1.5748355,0.38909371,-0.94867158,0.97017285,0.042624972,-0.46016279
19801016,-0.88339451,-0.018640695,0.21697235,1.026039,-0.49058453,0.40763665,-1.3948459,0.29972592
19801032,-0.24534711,-0.26817324,0.27821728,0.4243878,-1.029988,-0.26406367,0.88281724,-1.4855471
19801046,-0.21615703,-0.18751817,0.57805507,-0.50703932,-0.23191487,0.076293747,-0.21424,0.24127113
19801052,0.2886971,-0.30123546,1.3332165,0.98538384,0.23973269,-0.73502259,-0.86742387,-1.7000842
19801067,-0.79247397,0.38507536,1.5474124,0.27898049,-0.78350993,-0.10303507,0.32654588,-0.33130253
19801082,-0.35560462,0.40625188,0.083221337,0.063496381,0.16052512,-0.36794041,0.02120832,0.50227119
19801085,-0.44188542,0.34115823,-0.1991351,-0.48566587,0.45587439,-0.28173882,0.041086793,-0.22710225
19801101,-0.87928165,-0.49106232,-0.17483208,0.44230205,-0.25338424,-0.45649612,-0.35665666,-0.16054079
19801105,0.65659777,2.5706757,1.6236266,-2.5891164,-1.1307064,-0.84448717,3.062286,-0.96109506
19801135,-0.93582627,0.49851059,1.3305325,-0.13176012,-0.56704668,-0.31786,0.24576326,0.067259247
19810002,-0.41222063,1.1001981,0.73098213,0.44532299,0.43331683,-0.66975581,0.26571374,0.17949522
19810014,1.2791883,-0.50362423,1.1231256,0.84942408,-0.62674069,-0.59251547,0.03363055,-0.38807983
19810023,-1.2373594,-0.14851574,0.24072788,-0.66044707,-0.45686021,-0.1076578,-0.62146741,-0.4632339
19810063,-0.28001649,0.18639301,1.1439425,0.54895018,-0.42988911,-0.91141855,-0.73326217,-0.52349131
19810093,-0.6341574,-0.024294579,1.2508057,0.85152492,-0.22721522,0.088496577,0.13935101,-0.62315365
19810096,2.0451916,-1.7237735,2.4209411,-2.0621709,-0.40853723,-0.42005557,1.3407848,1.0639947
19810109,-1.1258187,0.55714072,1.0322648,-0.17481318,-0.38506534,-0.3187254,-0.53647368,0.056253762
19810133,1.0981511,1.5110069,0.078936433,2.2782228,1.0220797,-0.26735536,0.034908051,-0.13650399
19810142,0.82050794,-1.2655944,1.848877,0.32019355,0.072578977,0.035507637,1.4833336,4.3603278
19810160,-0.6961341,-0.03815971,-0.31578835,-1.1797106,1.9952514,-0.42371693,0.78428643,0.36452339
19810169,-0.66031291,0.058298282,0.47201206,0.28769316,-0.17138588,-0.44066046,-1.0247319,-0.0085355851
19810179,0.52264607,-0.55024144,-2.0515296,1.2340705,-1.1128933,0.15856488,0.013708308,-0.63747674
19810196,-0.28498192,-0.85515748,-0.80699496,-0.0056745631,-1.0530693,0.42790578,0.57157209,1.5985812
19810219,-0.97345025,-0.13363778,0.19420428,-0.28179263,0.75120164,-1.102438,0.18737737,-0.24244544
19810227,0.66788307,0.39867919,0.43478893,1.719903,1.0352356,-0.28622091,0.9736556,-1.2994098
19810241,0.10788094,-0.18596002,1.7105778,0.7297807,-0.98142144,0.98271714,-0.032232274,-1.0246737
19810260,-0.22522045,0.167668,0.2521624,-1.0045299,0.22757223,-0.72110648,0.64194501,-0.36565954
19810279,-0.11527483,-0.17892273,0.87659028,0.16572498,-0.39443912,-0.97386631,0.29440086,0.12152876
19810292,-1.2180467,0.36718107,0.28443362,-0.21055815,-0.58836295,-0.33923618,-0.64744715,-0.27645852
19810300,0.36855227,0.23308323,0.42215678,-1.1643001,0.53037475,-1.4618434,0.048278921,0.36481768
19810303,0.69507614,0.49565034,0.57922866,-1.6201114,-0.70144291,-0.24498397,-0.28804326,-1.2141037
19810315,-0.51808087,0.52147816,0.79750683,-1.2394215,-0.8240681,0.26261544,-0.2852097,1.2393413
19810332,-0.45113365,0.88900445,0.29784657,0.68703855,0.16278303,-1.2000357,-0.097895755,0.43691896
19810349,1.5352948,0.77788336,0.81613467,2.5417009,-0.056899837,-0.97652823,2.368289,-1.114095
19810367,-0.89442246,0.22358378,-0.10414441,-0.30590992,-0.37337503,-0.86075864,-0.21596699,0.23756772
19810370,-0.62139795,-0.56896667,0.23862682,2.0031158,-0.21959637,-0.14394588,-2.1954875,0.94815251
19810388,0.10452202,0.51689651,-1.9911402,0.19872687,-1.9807265,0.2417026,1.1917919,-0.21760509
19810394,1.0550301,0.13968355,-0.36076599,-0.88543004,-1.453546,0.3791485,-0.18110599,0.14769145
19810409,-0.61939838,-0.045806018,0.25787138,-2.3050873,1.8969494,2.1534082,-1.9935901,0.13200507
19810414,-0.43858997,0.12747022,-0.76841002,-0.21644394,-1.0370041,-0.040659267,-1.5927322,0.17282697
19810417,-0.2353789,-0.44458617,-0.34704484,-0.58633924,0.84526489,-0.84843856,0.49643061,-0.61071109
19810450,1.2594524,1.8042935,-0.099182531,0.52536922,0.93103819,1.4382146,-0.46171998,-0.18254963
19810462,0.37616834,1.0905516,-0.93590615,0.35266911,-0.45341731,-0.78962205,0.30929441,-0.4980702
19810473,3.019778,0.59545364,-0.26838771,2.6079498,1.9825383,0.044907145,0.3592474,-1.0879707
19810475,-0.51529214,2.4533402,-0.15042092,0.13435122,-0.64447983,-2.0503128,2.5752234,-0.31776512
19810519,0.11848652,0.12366036,0.59402871,-0.9565765,-1.1111022,-0.54389378,-0.67479594,-0.24099551
19810554,-0.22322481,0.80879402,-0.81350066,0.53948534,-0.652827,0.88880089,-0.15944208,1.1550437
19810568,-0.19768582,0.060643354,-0.36856661,0.010811258,-0.88023858,-0.24611773,-0.088446242,0.79648143
19810586,1.5840322,-0.3014316,-0.96083094,-0.84926869,1.0564381,-1.9428966,0.75677707,-0.58144831
19810597,-0.896951,0.58775982,-1.7880718,-1.1731491,-0.86399009,1.2910441,-0.46782111,-1.0230885
19810602,0.54860946,-1.2656337,0.29109891,-0.56970963,-0.50888661,0.74019113,-2.8333818,1.6655486
19810609,-0.46726601,-0.86654136,-0.19560932,0.38468088,0.87846919,-0.56352049,0.62179804,-0.13735476
19810618,0.95053845,0.75336868,-2.0877706,-0.35993066,0.41118283,-1.269313,-0.043760399,0.93753521
19810626,1.9773098,0.31035692,-1.0222349,-1.6835703,-1.7123541,-0.90067313,0.04392296,0.048967551
19810650,-0.26524622,1.9493573,-1.5050807,0.37825613,-0.34034086,-0.7284091,-0.39954298,-0.93538604
19810659,0.6244297,0.60303827,-1.1823799,-0.57238416,-0.71610389,0.7065961,-0.2757383,0.76398643
19810666,-0.81584166,0.40993019,-0.37592689,0.39388317,-0.52292688,-0.16873391,0.073767071,0.16344857
19810667,-0.8395762,-0.54269674,0.27631753,0.31954287,-0.35969332,-0.98794834,-0.31771287,0.6320453
19810712,-1.1286402,0.69735335,0.011619763,-0.049230574,-0.41266518,0.29177874,0.32312947,0.4342655
19810721,-0.50294524,-0.92213723,-0.87445004,-0.46625234,-1.1755792,0.47374026,-1.8146435,-0.27797484
19810733,0.30952402,1.9667687,-2.543504,-0.73441689,-1.0549571,0.91581996,-0.88146857,0.96763275
19810742,0.88410146,-0.16847643,0.054741139,-0.60683531,0.39243708,-0.19470715,-0.75308066,-0.3950587
19810782,-0.99080387,0.39600692,-1.1869597,0.33856029,-0.5072654,0.24558082,-0.64031013,1.2943602
19810790,-1.4358591,-1.2338704,-4.1115379,-1.7294024,-1.7315548,2.3020957,-0.94265039,-0.87973948
19810825,-1.1661444,-0.731337,-0.56215984,0.14599141,0.75562814,-1.2958718,0.41743443,-1.3049889
19810854,-1.1997891,0.011183464,0.072656732,-0.77862231,0.6046189,0.70475833,0.36150061,0.41619196
19810858,-1.1384223,0.5045442,0.83305767,-0.054117671,-0.73840757,-0.070475265,-0.26180033,0.45923864
19810863,2.7841821,-0.99886171,0.063991961,-0.48744092,1.4778664,1.2185193,0.062975782,-1.28961
19810871,-0.98336816,-0.12068258,-0.80487317,-0.47849727,1.0698155,-0.23311855,0.49743724,-0.30877258
19810877,-0.073892901,1.964245,-0.75917504,0.15098995,2.9041696,0.70402295,-0.11279719,1.1796023
19810938,-0.27627027,0.31764121,-0.013954169,0.08023203,-0.17773848,-0.13803807,0.035364609,-0.090572623
19810971,1.3618143,-0.21797131,0.80485076,-2.8908821,-0.67520865,0.77454704,1.6139375,0.83120605
19810979,-1.1919068,-1.1004482,0.064009912,-1.1196188,1.0948062,1.4499339,-1.0632116,-1.6454251
19810994,-0.2082065,0.35358292,-0.14676446,0.31689356,-0.384494,-0.19617568,-0.31403267,0.056888116
19811003,0.22772614,1.7481593,0.41379183,1.2536861,0.55205064,0.22993448,0.39364931,-0.095805365
19811013,-0.47838402,-0.51810181,0.42253279,-0.088416185,0.56309042,-0.25829799,-1.3200789,0.18614734
19811021,-0.52371225,-0.83353038,-0.26192171,-0.1141145,0.12652456,-1.150402,0.028112432,0.086596611
19811035,-1.5211433,-1.2364248,-1.3616506,-0.0031532112,0.043640141,0.036276503,-0.3812572,-0.76764574
19811036,-0.93201123,0.43592919,1.3000482,0.29066774,-0.53886533,0.14026456,-0.64698229,-0.67219426
19811042,0.0069316236,-0.17023826,0.1921035,-0.077656181,0.13678337,0.15646936,0.090262321,-0.77950929
19811049,-0.45253003,0.098786116,0.69721734,0.98111107,-0.2266612,-0.85351557,0.19362919,0.065764853
19811066,-0.091326954,-0.25558028,1.5367956,-0.64435479,-0.87632143,0.028023682,0.36425649,-0.44861436
19811079,0.4749038,0.67758746,-0.11984137,0.42661308,-0.15931712,0.1667039,0.33305519,0.78058457
19811086,1.0818082,0.61885584,-1.7052578,0.36831017,0.85713648,0.39805973,0.77544522,-0.43517057
19811090,-0.65942307,0.89324124,0.97769548,0.022083785,-0.24960648,-0.62500899,-0.49681143,-0.08362548
19811096,0.50288167,0.23543276,0.051503547,-1.1499295,-1.1442397,-0.64526415,-1.2293606,-0.87958314
19811097,2.3025215,-2.2443445,1.3819211,2.5149451,1.3059203,0.52573172,2.7477576,0.91091297
19811105,-0.18771359,-1.1634186,-0.13643538,0.72812706,0.22241393,1.1186396,-0.66072432,-0.6162169
19811108,-0.68964903,-0.32585548,-0.25297068,-0.52800276,-0.91507154,-0.19552723,-1.2063819,-0.2475964
19811117,-0.93975101,-0.20502404,0.24755822,-0.29194833,-0.7250653,-0.10636371,-1.1550127,-0.060546875
19811128,-1.1368706,-0.10554109,1.0499959,1.5099119,-0.31484663,1.8124414,-0.89477237,-0.0067703854
19811134,-0.50198065,-0.49901222,0.59565241,0.13755546,-0.67973298,-1.0248317,-1.9528633,-1.3767675
19811145,-0.80958624,0.56841606,0.27923142,0.41747767,0.094171237,-1.0121047,0.31628748,0.062182802
19811153,1.4853498,-0.55494764,-0.085434692,-0.91840842,-1.3169758,0.81698931,-0.36468418,-1.5531012
19811176,-1.0623761,0.061403811,0.74153985,-0.35585178,0.14109354,-0.44674947,0.19406565,0.38646121
19811187,2.0043141,-1.7144352,1.7704433,1.5338655,2.7061296,0.44434831,0.39410815,-1.1972264
19820005,0.042754166,0.35170893,1.2926916,0.72675338,-0.14889676,-0.090405333,-0.099753554,-0.30317301
19820023,-0.84170218,-0.13243839,-0.46344685,-0.45563937,0.47870131,-0.71069585,-0.452399,-0.88307961
19820026,0.28198727,0.22292985,1.2242499,-0.40267408,-0.82738889,-0.40437391,-0.26782817,-0.64687233
19820038,-0.50384194,-0.71150714,-1.220224,1.93627,-1.3911837,3.4833977,-0.66565018,-0.55755
19820050,2.3885678,-1.4391902,1.763525,0.82134759,1.3054601,0.54434813,-2.6796684,0.78971518
19820052,-0.68560616,0.30837135,-0.09463613,0.50944146,0.32778156,-0.75749772,-0.037598473,-0.21939111
19820081,-0.071525144,1.9970292,-0.68300503,0.39650334,-0.46165808,1.5938607,-0.71533359,0.72843695
19820097,-0.27490278,-0.17569103,0.7442511,0.097070907,-0.63761989,-0.69373126,-0.55090351,-0.36962659
19820099,-1.7398191,-1.0088888,-0.66345816,1.5206526,-0.23821178,0.5958733,-0.81115046,0.51671598
19820102,-0.49012907,0.26218545,0.25732289,0.4679848,-0.26190176,-1.2866771,0.48767492,-0.22515446
19820109,-0.29201,0.99787279,0.77354046,0.74851847,-0.015338196,-0.40765821,-0.63964351,-0.28774431
19820112,-0.27584688,0.50305251,-0.010582084,-0.47395754,-0.96526443,-0.24624921,0.3010099,-0.59196944
19820128,-0.22321711,0.30736298,0.43851516,-0.63479751,-0.37421074,-0.51355072,0.067537579,-0.26623506
19820130,0.5508758,-0.28793538,2.3108238,1.5213801,0.30109004,0.37676615,1.3900979,-1.8792251
19820143,0.821513,-0.21062392,1.1933218,1.0071095,0.18995529,-0.43200991,0.61941296,-1.1419612
19820175,-0.53609567,0.34625581,0.25369619,-0.79890744,1.8574283,0.14256267,-0.51014595,0.11444965
19820206,-0.68442174,0.85169139,1.0885377,0.10310947,-0.055697091,0.14613366,-0.32840247,-0.030836401
19820207,-0.012838454,2.1186696,0.34474672,-0.24290767,0.97402674,1.3955449,-2.0494254,1.3194815
19820231,-0.33373178,0.013282297,-0.12153587,-0.14010542,0.19138086,0.62794203,-0.31021959,-0.80100941
19820253,0.72809329,-2.9080676,-1.5276057,-1.1457601,1.0836153,-1.928319,-0.51806893,0.71546454
19820256,0.42704751,-1.2194478,0.97769105,-0.93978674,-0.20217877,-0.19844533,-0.26798392,1.2216142
19820266,-0.92550956,-0.04164923,0.75251703,-0.20108731,-0.79577206,-0.33467318,0.35320963,-0.11335583
19820292,1.0735927,-2.7486184,0.18748581,0.55002866,0.68074136,-0.6914432,-1.2236468,1.1656622
19820323,0.97726308,-0.11534558,0.2307788,2.3826201,-0.76678408,-0.35833537,-1.2627469,2.4161466
19820337,1.2150271,0.05102959,-0.16572769,-1.3753012,-0.73594211,0.015486008,-0.66162146,0.83701019
19820401,-1.0028589,-0.58090866,-0.52918144,1.0814116,-1.0593648,1.9504584,1.6851367,-1.2873133
19820426,0.67414158,-3.1667612,0.16927007,3.3389937,-1.2017048,-0.07809272,-2.6552176,3.0177404
19820450,-0.049240451,0.82048826,0.76294921,-0.42493998,0.057486781,-0.50393759,0.042599958,-0.36781546
19820452,-0.70617814,-0.58492699,0.054185214,-1.13989,1.1003774,-0.44289833,-0.18548394,-0.53684183
19820453,-0.36557798,-1.1930996,-1.003832,-0.87611599,2.9745196,-0.06115993,0.51861806,-0.4202598
19820471,1.2703337,-0.16423605,-0.18083903,0.10920091,-0.74303143,-1.1760154,-1.6613535,1.5719782
19820482,-0.039617937,0.61574262,0.53081365,1.4185709,-0.064441119,-0.052456757,0.48605364,-0.88563678
19820514,0.11490221,0.954242,-0.53428716,0.787001,0.78987385,0.38318214,1.3079452,-0.26038814
19820516,-0.0061120222,0.42460457,0.32649471,-0.88986653,1.4892743,-0.31066136,-0.57092208,-2.176592
19820519,-0.46666173,-0.081366956,0.87755154,-0.96932555,-0.37392231,-0.55897477,0.10964324,1.4853081
19820527,0.28375674,0.99388704,-0.28306687,-0.65071125,-0.15720669,-1.582217,-0.30165497,-0.68049724
19820538,-0.67512023,-0.37571984,0.77397165,0.38318463,-0.68500161,-0.29682307,-0.54237423,-0.16770829
19820549,-0.15473371,-0.27445116,-0.027752571,0.15813914,-0.93483228,0.94186279,2.0348171,1.7284723
19820563,-0.96584639,0.12211657,-0.40762572,-0.9549697,3.0547247,0.78861583,-0.0084011865,-1.2154155
19820578,0.2069546,0.85330379,-0.22173392,0.27026976,1.9785222,-1.8314487,-0.20037131,0.12951477
19820602,4.0459948,-0.1838881,-1.4499836,-0.43673248,-0.54153294,-0.41398821,-1.0282254,1.7620356
19820645,-1.0142247,2.2054935,-0.68334071,-0.29489241,0.60560458,0.89202571,1.7933504,1.2851892
19820652,-0.21179282,0.081408386,-1.1310323,0.15038348,-1.0539063,-0.8751954,-0.58749305,0.037837153
19820660,0.9708375,-0.52231737,0.63907325,0.09727169,0.31280213,0.70580373,-1.2580697,0.96718507
19820667,-0.51754926,0.07867516,0.1528772,-0.13694412,-0.41054938,-0.8188297,-0.92521382,-0.66563654
19820671,0.19036354,-0.47062422,0.56796078,-0.37156195,-0.53706306,0.93806853,-0.41782828,0.7040604
19820676,-1.1996522,-0.030201107,-0.61685216,-0.20865791,-0.302783,0.059492992,-0.24091057,-0.91424524
19820677,0.72906551,-0.88096712,1.653887,-0.70040247,0.18024427,-0.1699699,0.60790159,-0.11385408
19820684,-0.99393428,-0.7352912,-0.7080234,0.29040881,-0.60685067,-0.65186971,0.61912642,0.28090438
19820697,0.16633628,0.054364794,-0.31372206,-0.94339039,0.97954328,-0.7856775,0.84241439,0.90009831
19820712,1.5286486,1.647957,-2.2462463,-0.97771047,-1.9390306,3.5941336,-0.85775024,-1.9052776
19820765,-0.0072596834,1.4900818,-1.803994,1.038093,0.1420244,-0.56716608,1.5920543,-0.61314616
19820786,0.72549319,-1.3987892,-1.2375074,1.0602458,0.19210486,0.39099717,1.9001539,2.1083439
19820805,0.3031376,-0.50279434,0.77996258,-2.2348811,-0.20839932,-0.42200716,-0.30529339,1.1035819
19820808,1.3480739,0.67217487,-1.2962182,-0.93865813,0.49897397,-0.23743855,0.45091039,0.077431594
19820816,-0.72463592,-0.53860799,-0.80414676,0.65067369,-0.11068144,0.13403454,-0.51494607,-1.5831704
19820822,0.10021444,-1.2183033,0.76675174,0.86043899,-0.90412374,-0.14478109,-1.4345185,1.4048271
19820831,1.4530827,-1.4097814,-0.14784541,0.78448058,1.0597849,-2.1195527,0.87028594,-0.028496367
19820833,-0.66595564,-0.10828703,-0.44609142,0.25968797,0.39763677,-0.39238628,0.41558175,-0.45924623
19820835,-0.95788805,-1.2421229,-0.25146849,-0.78515966,2.5561955,0.82351498,-0.1992399,-1.3714828
19820861,-0.71778669,0.76374044,0.015663483,-0.48362873,-0.93098986,-0.81548734,-0.95179155,-1.0466199
19820863,0.053460547,0.93132514,-0.72223966,0.48665475,1.23282,1.3355891,0.29934845,0.5573456
19820868,1.2629352,0.99895915,-0.73711143,1.4206327,0.73574388,-0.2232381,1.1270998,-0.74006075
19820881,-0.95955878,0.40341252,0.16437641,0.0084420455,-0.58053944,-0.92519419,0.009418261,0.58586112
19820888,-0.92323996,-0.53324082,0.95121108,0.65459932,-0.51400732,-0.38292306,-0.27565905,0.59825368
19820891,-0.40459458,-1.4044143,-0.50652424,0.27965657,-1.2382274,1.2948308,-0.12770538,0.5209751
19820898,0.19364835,0.36638768,-0.28196662,0.66396245,0.16974563,-0.59807217,0.26154061,1.1415373
19820917,1.5324367,0.29205001,0.66859762,-0.44833704,-0.92662041,0.7337979,-0.52820255,-0.20223334
19820928,-2.0724881,-0.22184198,-1.0042823,0.19083861,0.61198677,1.0568221,2.4979757,0.95183713
19820953,-0.30006019,0.022915571,-1.3240647,0.028698391,-0.48318246,-1.6136063,0.80189939,-0.18080718
19820972,-0.31382717,0.079670728,-0.50725948,-0.09346473,1.9323333,-0.70921815,0.33523583,-0.029021046
19820983,1.8126921,-0.77690248,-0.56349798,0.9468757,-0.51800708,-0.77619158,-0.70507623,1.3700624
19820985,-0.57877574,1.1001804,1.7249393,0.26633472,1.5708877,1.9069048,0.89385842,-0.64068987
19821001,-0.60938873,0.13841457,0.28558327,-0.51160257,-0.25844421,0.43400275,0.43636619,0.75662957
19821022,-0.0005146754,-0.31268191,0.98606622,-0.48890947,-0.69828513,0.18056151,0.086755319,0.087923281
19821048,-0.95449341,0.42842436,0.12623383,-0.12390399,-0.11418062,-0.322185,-0.53227143,-0.2272209
19821068,0.38594926,-0.64510086,1.442996,0.4528941,-0.23815099,-0.2547201,0.2256044,-0.19299816
19821079,0.85105205,-0.47301242,0.53736436,-0.791412,-1.5344625,-0.69734084,-0.96330281,0.37706902
19821085,-1.7895396,-1.4133498,-0.027759566,-1.362821,2.1543779,-0.5875205,0.55719408,-1.2506052
19821089,-1.0719279,0.51364339,1.2635728,0.33584576,-0.52475384,-0.64635942,-0.00027394846,-0.12641078
19821101,-0.65718463,0.60839294,0.4288556,0.34951134,0.86780121,-0.37101813,-0.22787128,-0.077218655
19821107,-1.2357576,0.15527227,0.33496758,0.028184935,-0.76069842,-0.49324383,-0.47611145,-0.13576655
19821108,0.066365346,3.2237145,1.6593291,0.93738512,1.0382876,1.0426594,-0.09606275,0.84510877
19821113,-0.87126916,0.55059091,0.64231787,0.46473759,-0.18914738,0.64601479,0.012326198,-0.62729113
19821115,-0.81896232,0.53913165,0.4216974,-0.14213808,-0.54468801,-0.066796383,-0.38446734,-0.22203736
19821122,-1.5092911,-0.28795186,-0.33227819,0.31080914,0.21617419,-0.53883049,0.22154886,-1.3729732
19821126,-0.6711617,1.3968861,0.12646369,-0.17265809,-0.2806224,0.6535692,-0.55052822,-0.18294099
19830021,-1.0460635,-0.067761396,0.43322255,0.095644337,-0.55843806,-0.19169487,-0.32952682,0.082788732
19830034,0.034509807,0.86365199,-0.24579877,-0.40695248,2.7006819,0.1944608,-0.30466862,0.12936581
19830040,0.35694545,0.14522018,0.70513728,-0.44341863,0.13480648,0.16050043,-0.19922821,-0.46125559
19830050,-0.54059055,0.39131616,0.11931795,-0.48006807,-0.32168107,-1.7588557,0.241114,-0.54486249
19830065,-1.0357808,0.17985992,-1.1787882,-0.21094601,-1.1020957,0.16398266,0.013628507,-1.1033118
19830093,-0.59681936,-0.37995873,0.2534607,-0.40479129,-0.042293107,-0.57327491,-0.70024322,-0.008121902
19830126,-0.4345055,0.21320572,0.68779975,1.5552469,-0.42685858,1.1405023,-0.25497006,-1.3815521
19830133,-0.67563088,0.82268161,-0.62337073,-0.058652056,0.9854988,-0.46992636,0.67056343,-1.1088758
19830149,-1.032546,1.1303876,1.7322289,-0.19027888,-0.21970862,1.6294178,-0.2185497,0.39909365
19830152,-0.94569912,0.07299337,0.16787856,0.6376122,-0.91131366,-0.26002303,0.25611557,-0.68619923
19830163,0.88322404,-0.04992747,0.78280913,1.7620201,-0.13708156,-1.2230139,0.49106292,-2.3920109
19830179,-1.1697678,0.063484639,-0.10688021,-0.17100104,-0.50558481,0.39598294,0.38661437,-0.034744625
19830181,0.19435176,-1.0780198,1.5749109,1.3111998,-0.18867461,-1.062778,0.70115333,-1.6378005
19830185,-1.1798768,0.60840091,0.99249668,-0.015477076,-0.68925568,-0.35516223,-0.4387311,-0.48112207
19830187,-0.12292376,1.2787714,-0.15520815,0.37144647,-0.1145692,-0.13912733,-0.48958692,0.86224472
19830202,1.0184856,-1.8577428,2.024813,-0.27211945,5.0067148,1.5158185,0.5110934,-0.37117973
19830204,0.11177573,0.13173874,-0.62542927,-0.64559357,1.4274404,-0.41011062,-0.11977687,0.53300408
19830215,-0.17562323,0.21226396,-0.030119817,0.093395547,0.023050836,0.65943906,0.53059023,-0.029310558
19830218,0.653439,0.40249714,1.2607396,1.4806732,-0.511745,1.5184342,0.41783782,-2.4017963
19830250,1.4593586,0.099647508,0.17167916,-0.75385421,0.29904631,-1.2771898,1.044023,0.2623206
19830281,0.079413315,1.1573807,-0.25637256,0.17914573,-0.1285147,-0.96564644,-0.32677685,0.52208721
19830286,-0.75211181,-0.00077689649,0.69726036,0.41887492,-0.48227312,1.0507237,0.91138867,-0.85868254
19830293,-0.3564814,-0.83417683,0.66749575,0.25720647,-1.1471653,-0.42493409,-0.26774161,2.3505382
19830313,0.32076154,1.1385468,-0.22741259,-0.57089462,-0.33885054,-1.2604665,0.12957217,0.9474414
19830333,-0.9031126,0.58458151,0.12600027,0.43599086,0.034692988,-1.1408959,0.23519999,-0.13725612
19830358,-0.836109,0.52842401,0.63663426,-0.13297764,-0.40409634,-0.90641415,-0.33160826,-0.20764275
19830362,0.9033545,-0.98251049,-0.40185687,0.58237426,-0.74883724,-0.66950711,0.99691374,-1.6129108
19830375,1.3341704,-0.45585247,0.84526911,-0.08472474,-1.1087374,1.85192,1.8371427,-0.18340357
19830382,-0.45899296,0.6288018,0.48917618,-0.85152771,-0.026445222,-0.20884194,0.41347457,-0.13909315
19830386,-0.15353166,0.78463643,-0.0016105926,1.7860018,0.041310835,1.8004444,1.1477482,-1.3424231
19830399,-0.10544633,-0.32648262,0.29506045,1.2435743,-0.98654984,1.5001959,0.84624482,-0.90456921
19830416,-0.32954263,-0.37728414,0.35002721,1.5711992,-0.98197833,0.6850637,0.56402185,-0.42795733
19830417,0.12308773,0.3876886,-0.017251126,0.027612397,-1.0167191,0.44969048,0.0049830518,0.48615942
19830428,-0.94442398,0.36438621,0.45298054,0.34974145,0.20572525,-0.48870815,-0.33974476,0.013430276
19830443,0.6511566,-0.15369437,-0.19236128,0.60992781,-0.13334479,-0.37114137,1.0561462,-0.97225539
19830459,1.2484158,1.3081702,-1.2037789,1.8865962,0.89016486,0.36828073,1.2109911,-1.4638198
19830490,0.20243379,-0.74033277,-1.1906949,1.8825679,-0.10229561,-1.2114467,1.2718452,-2.2090226
19830505,1.0926974,-0.65432307,1.3093017,0.1522457,-1.0904502,0.23140424,1.5208254,0.093256448
19830515,1.3318871,-1.3157952,1.1413556,-1.7226844,-0.86714634,-0.3485134,0.38633377,0.19522351
19830534,1.120036,0.95349935,-0.27974318,0.32571472,1.3882128,1.3889164,-0.63761309,-0.98481128
19830536,0.50883384,0.24375306,-0.27455923,0.058454177,-1.1876497,0.5927449,-2.5201237,1.6556047
19830540,0.26477876,-4.0648689,-4.3658307,1.0792809,0.71527145,-1.4728882,0.05782003,-3.5612128
19830575,1.6285302,-2.6176149,-1.0604758,3.3498999,-0.74081707,-0.85050523,-0.57471993,-0.80376708
19830581,0.63009348,0.35680052,1.5832244,-0.73112204,2.3370155,0.76592992,-0.32432824,0.55541088
19830591,-0.56537552,-0.3614163,-1.0855869,0.16474781,0.68391955,0.20452936,0.0081534591,-0.83274555
19830635,0.48231243,1.1728057,0.10688496,0.04987428,0.32485723,-1.6232767,-1.0144589,-0.35778031
19830683,-0.32486642,0.76120278,-1.5207223,0.41635599,0.12904055,0.48637296,-0.032397771,-0.16607693
19830689,0.09310863,0.29006989,0.58954513,-1.1544867,-0.56250962,-0.49548994,-0.079244068,-0.34557946
19830693,0.20276281,1.7045998,-1.0505192,0.48723213,1.3472396,-2.0510145,0.46714122,1.193726
19830710,0.029719877,-1.3624611,-1.5157897,0.9709715,-0.21175837,-1.9076948,1.1641729,-1.1292459
19830754,-1.1674972,0.32103876,0.8886653,-0.5833737,0.66726511,1.4546566,-0.71954798,-0.50027425
19830760,0.30734834,-0.15441489,-0.74635727,-0.22201425,-0.2553334,0.089996087,0.31640169,-0.97045158
19830780,-0.75005068,0.07217611,-0.28227449,-0.24301452,-0.92885879,-0.24354274,-0.70859885,0.78165113
19830793,0.57865844,0.98108723,-1.3858081,-1.3340966,-0.57476845,1.102277,0.95595873,0.63614846
19830794,-0.65714133,0.62267667,0.71470508,1.0436294,0.73402353,0.69104077,1.2439287,-0.37477754
19830808,-0.73141551,-0.23599532,-1.1650074,-0.31940064,-0.085737765,1.124567,-0.057331213,1.2383822
19830818,-0.30681087,0.5964132,0.01816322,0.68411033,0.02204597,-0.97023149,-0.9926099,-0.80217649
19830822,0.69360038,0.67907999,-1.6031058,0.84210207,-0.45327489,1.3077057,0.18979598,-0.11301205
19830824,-0.63599795,0.63968079,0.87449392,0.36805426,-0.16177626,-0.12978041,0.37168435,0.19842512
19830832,0.82499193,0.30829227,0.039807284,0.60988116,-0.54525895,0.094366908,0.26337268,-0.16733783
19830837,1.3509557,0.28656432,1.2021806,-1.3683655,-0.41920523,-0.52211287,0.078487077,-1.59942
19830845,-0.29925523,0.59953686,-2.9886699,-0.76793202,-1.6942369,0.88324884,-0.90389452,1.595983
19830855,0.61400238,1.5935771,-2.5988275,0.55772433,-0.69844862,1.2695399,0.35104701,-0.50868814
19830875,-0.38391329,-0.056059315,-0.54618506,0.80342929,-0.45314732,0.0329689,0.10489218,0.33319281
19830888,-0.10498123,0.93202702,1.1464731,-0.080439993,1.4290295,1.7430584,-0.6051665,-0.72878078
19830893,0.66897473,-0.015975272,0.34961834,-0.99563126,0.70557218,0.47126356,-0.15408996,-1.8421582
19830908,-0.66388595,-1.1785044,-0.088687686,0.27426814,0.32983322,0.046926773,-0.064061203,1.6683967
19830915,-1.1451246,-0.20603132,0.47212078,0.024534807,0.48886453,-0.093637307,-0.02368391,0.094680701
19830921,0.92516754,-0.36720196,-0.30851802,-0.23190907,-0.6415433,1.4799912,0.92832926,-0.53871521
19830934,0.10625848,1.14595,0.7932111,1.0013694,0.43597308,0.11542942,-0.076842084,-0.24010183
19830944,0.96344569,1.0535116,0.86265748,-0.38337804,0.24269141,0.79258342,0.04257581,0.88123037
19830982,-1.396035,-0.15666283,-0.48586737,-1.011691,-0.1351028,-0.15011322,-0.70528902,0.51596758
19831002,-0.27791886,0.035915319,0.5744154,0.16082007,-0.28017361,-0.098974819,-0.45121911,0.051411327
19831015,-0.91050059,-0.3404745,0.55560395,0.052709916,-0.47969911,-0.93628217,-0.49736361,-0.0016072566
19831039,-0.76366969,1.5596123,-0.82335779,0.78255887,0.66468945,-1.1265209,0.56533988,-0.075764596
19831044,-0.40247013,0.25020237,1.990715,0.59911782,-0.54838561,1.9224095,0.62598673,-0.17567708
19831052,1.2414463,-1.3113141,0.80694698,-0.28458312,-0.52929084,-0.12347875,-0.086968267,0.67602169
19831054,-0.43847607,-0.69159042,0.64261864,0.95526279,-0.25858147,-0.95870883,-0.68995064,-0.46836129
19831059,2.4135855,-0.40475868,0.23483679,1.914673,-0.38515249,-0.93221411,-0.58893298,0.32569261
19831065,0.76755851,-1.0889295,-0.14859565,-1.3604098,-0.16753204,-0.62956392,-1.3269785,0.52096468
19831094,-0.75709171,-0.20553531,-0.51176931,1.1909515,0.30996547,-1.3845193,-0.32134491,0.34243128
19831099,-1.595927,-0.40216798,0.22893654,-1.5676496,-0.91211811,0.36392711,0.34975689,-0.86232926
19831112,-0.60688353,0.32764669,-1.9977522,0.21113141,0.30069399,-0.85376042,1.3347616,-0.60106572
19831117,-0.8892132,1.255004,1.1933242,0.37549686,-0.45709162,-0.52383858,-0.11385332,0.1180453
19831131,-0.9271448,0.3284258,1.0045701,-0.14107758,-0.049278518,-0.19968689,0.12650776,-0.31216525
19831140,-0.71135723,0.33054808,0.30616187,0.47656395,0.3564234,0.36417884,0.14551874,0.4245207
19831145,0.16413342,1.531142,-0.56828948,-0.062327266,-0.74889579,0.34705531,1.5649363,1.0101255
19831157,-1.5011787,-0.17384507,-1.2627845,-0.73862538,-0.99756725,1.0753682,-0.70687067,-0.75189096
19831165,-0.48684546,-0.11092292,0.14101659,0.41927853,-0.54287934,0.32144182,-0.14513852,-0.95590966
19840004,-0.55968724,0.34201015,0.087689683,-0.13486889,0.42500265,0.067358318,-0.30759719,-0.024339137
19840010,-1.0960316,0.073278745,-1.2159032,-0.2164049,0.2946824,0.65108423,0.58437422,-0.28145458
19840018,-1.0417779,0.29184684,0.55051651,0.61494118,0.18565761,-0.22051577,0.7638711,0.41331803
19840031,-0.52026279,-0.10034505,-0.13783735,0.023311674,0.394372,2.210011,0.50885506,-0.9882341
19840033,-1.0063571,0.045787971,0.64817425,0.28534959,0.85638116,0.13301647,1.186001,-0.69172515
19840045,-0.30906155,-0.41265899,-0.010361073,0.15222731,-0.88505069,0.51523021,-0.47470607,0.12520143
19840054,-0.90384202,0.25861994,1.1593047,0.25284567,-0.4727844,-0.30487205,0.079384912,-0.36646633
19840073,-0.76211655,-1.4592572,-0.45657536,-0.22138561,0.32182701,0.0013471483,0.61021757,-0.46406182
19840077,-0.55985038,-0.27113778,0.097013386,0.84989082,-0.24548516,-1.1496468,0.27055418,0.47221525
19840093,0.010865356,1.5508651,-0.54004006,-0.49417514,3.0498298,-0.50475397,-0.73158892,0.067848097
19840098,1.9856981,0.10632993,0.49727802,-1.6436229,-2.8385515,1.6801208,0.54508889,-1.2430609
19840114,0.37322749,0.059358761,-0.39327949,0.46962361,-0.11992846,-1.2926513,-0.84243865,-0.15345964
19840141,-0.70422418,1.2859665,1.4263577,1.072067,-0.59381704,0.82193179,0.80106054,-0.23127536
19840159,0.1250443,-0.97287437,-0.01866022,0.46563604,-0.40078833,-1.0517463,-0.3604761,-0.043011096
19840167,-0.12793939,0.18702695,0.25070434,2.6714738,-0.0071379657,1.0286063,-0.94029173,-2.2189695
19840172,0.68347142,1.8828942,0.45576816,1.0471611,-0.79114458,-2.0869553,-0.76746879,0.72224284
19840174,-0.71535014,0.67619785,0.45862334,0.95273244,0.10388832,1.208672,1.0958001,-1.0597831
19840188,1.6265842,0.48722327,-2.5946932,0.47671219,-0.88013039,-1.4014441,-0.04299206,0.69125215
19840205,-0.63912234,0.56120045,0.45700521,0.023595515,-0.69688031,0.044884189,-1.2298476,-0.29188084
19840222,-0.22527315,-0.051590989,1.1781773,-0.31003424,-0.46222814,-0.59236149,0.023742575,-0.33343962
19840229,0.15112743,0.081500057,-0.57760355,0.80947402,-1.3993173,-0.94946799,-1.0507914,0.66760497
19840303,-0.28749491,-0.94427188,-0.013920517,-1.4182394,0.41313237,-0.79859421,-0.24697321,0.1044416
19840320,0.23489625,0.57977766,1.7377529,-0.14858874,0.95649666,-0.32449234,0.38008374,0.8617659
19840350,-0.44400882,0.5098319,1.0677713,0.22349055,-0.056218044,0.16134323,0.58974756,-0.26975825
19840365,0.84276236,1.6816233,-1.5349269,0.97428003,-1.1510712,-0.49969045,0.75704809,0.043283942
19840379,0.94471418,0.80325945,-0.92679873,-1.3503418,-0.68209097,-1.5070765,-0.19318454,0.62036352
19840402,-0.77147875,0.81696411,1.2231248,-0.10360063,-0.0033915057,1.4247595,-0.51441499,0.0245098
19840433,0.31250206,-0.36746315,0.61153755,-1.8186212,-0.31437511,1.3005508,0.41781082,-0.14850754
19840478,0.5177006,-0.53877019,-0.42545505,0.53447566,-0.40579394,1.8090929,-1.5283268,0.81510895
19840505,-0.04717042,-0.58157526,0.34872964,1.106819,-0.40148239,0.53889307,0.49001503,-0.026867783
19840518,0.67037146,1.9597146,-0.63315159,0.87047428,2.2840397,1.7411379,-0.30864497,0.55302623
19840520,-0.28883349,0.1436063,-1.51682,0.51098063,-0.13389239,-2.1156955,0.93647513,-0.17599293
19840531,1.5088204,1.3397748,-2.2924355,0.18330624,-1.0280894,-1.4157465,-0.34322647,-0.50143283
19840533,-0.41371123,-0.22003103,-0.51202101,1.0120001,-0.47906401,-0.7865812,0.24309013,0.02527865
19840547,-0.75723764,0.42600699,0.71450758,-0.49914207,2.1552333,0.3409374,-0.965051,-0.7969582
19840557,1.6612817,-2.6820346,-1.0417841,1.7649825,0.75447535,-2.462764,-0.55636775,0.077879478
19840570,-0.7462851,-0.71764897,0.45263801,1.3342509,-0.19148544,2.489967,1.0353271,0.509457
19840588,-0.41530446,1.0665802,0.066398835,-0.024009029,0.42672575,-0.46918085,-0.28169543,0.593867
19840606,1.6127291,0.65827872,-0.52673555,-1.974116,0.52582055,0.36630111,-0.25094258,-0.031346236
19840635,0.37782435,-0.62580281,0.7319228,-1.3622693,0.062674575,0.19044375,0.30872945,-0.056571463
19840674,0.0066038202,0.58869825,-0.13483288,0.80520135,0.196929,1.866977,1.8644563,0.11230426
19840730,1.1123671,1.1563287,0.74330676,2.4100408,0.42254824,-0.27379598,0.72500169,-1.043909
19840746,2.5495488,-0.9865721,-0.23542119,3.1171675,-1.2799641,1.6519234,0.22638531,-1.4752458
19840766,-0.31905706,0.87004488,0.45208404,-1.2343475,0.78573955,-0.20717131,-0.063518551,0.28362964
19840791,0.25976323,0.73718568,1.0208887,-0.69083828,0.13648987,0.045192268,1.3055451,-0.59654408
19840812,-0.37704238,-0.051401771,0.058640361,-0.90486534,-0.28332019,-0.44747627,0.61512873,-0.24471754
19840819,0.00051716702,0.46961013,-0.016697268,1.1674468,-0.18040823,-0.38154353,-0.66815584,-2.0627182
19840820,-1.0976715,0.0079943535,0.22039007,0.93047736,-0.35240649,0.070119674,1.1526367,0.6159069
19840823,-0.15405957,1.4934884,-0.036757822,0.41858552,0.35107937,0.67700281,0.04190352,1.0957424
19840829,0.74025788,0.59726558,-1.2928865,-0.29826543,0.063678839,0.21952248,-0.53951337,0.51679732
19840832,-0.85916322,0.40659258,0.29008118,-0.43344366,-0.37963665,0.89250076,-0.65301907,-0.12068866
19840834,0.58106202,-2.3728256,0.86910422,0.28544903,-0.96228723,0.012297151,1.8062804,0.52691952
19840860,-0.39104182,1.6233098,0.76576079,-0.45377092,1.7462543,1.0416059,-0.88683104,0.79553944
19840873,-1.7772618,-2.72684,-1.0003887,-1.3796305,1.6057284,2.2211707,-0.073264823,0.62567749
19840876,-0.02179345,0.63591777,-2.809051,0.51676632,2.1501646,1.3029371,0.044359899,0.10618996
19840883,0.66374596,-1.0200296,-0.98595591,1.5178072,-0.36019198,-0.51070873,0.12544615,-1.3092339
19840890,0.41680589,-0.079475116,-0.04707012,-0.60259184,0.66234994,-1.7183188,0.2100744,0.83507426
19840892,0.31346231,0.65480257,-0.72650053,-0.13189329,0.019178679,1.9238083,1.3266549,-0.59852177
19840897,-0.7861318,-0.11140109,0.63055195,0.03426379,-0.62131746,-0.3606633,0.40775284,0.3927992
19840903,-1.0360561,1.2359844,0.16232951,-0.38810607,0.27905813,0.30993959,-0.029758899,1.1463568
19840906,0.32991487,-0.54321685,-0.99018212,0.68817467,0.54017195,-0.030659972,0.50448854,1.2504128
19840943,-0.15111717,0.86289028,-0.63595966,-0.47486485,-1.6365483,0.35203823,-0.52422899,-0.69569353
19840975,1.2906127,-0.71774889,-1.5052487,-1.4366764,-2.0666756,-1.6459876,0.14061909,0.44138688
19840990,0.5372946,0.1507375,-1.3412719,0.022464493,-0.22583325,-0.37720771,1.3199881,-0.23238101
19841013,0.2259992,3.2130442,1.5995141,0.19928177,2.0060187,3.6993353,-0.85872647,1.3084063
19841041,0.73492681,-1.593484,1.0139681,0.54383693,-0.23377159,0.32693663,-0.59698365,1.7016679
19841071,0.094960824,1.1107985,1.1764987,0.62965759,0.85414666,0.90264865,-0.8813809,-0.71426178
19841073,0.36453224,-0.6080897,0.31149125,-0.10608864,-1.0697733,-0.72499318,-0.62334508,1.1931202
19841077,0.54608964,1.8344155,1.9509127,0.793251,0.76094304,-0.14385633,-0.058735203,1.3141438
19841096,-1.1704048,-0.7676346,-0.26009292,1.1185671,-0.070059589,-0.029484067,-1.830494,-0.12121205
19841112,2.8563952,-1.5352211,0.20539424,1.1511566,0.50161974,-1.9036021,0.41402988,-3.0222982
19841134,0.076830389,-0.13887157,-2.2380496,0.77475552,-0.83263941,-1.1951078,1.2491477,-0.71018303
19841148,-0.17310813,1.1101613,-0.3846725,1.5856304,0.47909259,1.8456445,3.0613313,0.23745754
19841156,-0.25697034,-0.33912949,0.50959592,0.27893771,0.068867552,-0.33323374,-0.0045295372,-0.29993828
19850005,0.13677633,0.53344548,0.21831456,0.27242541,-0.37027832,0.93190041,-2.5689187,-1.4586126
19850012,-1.1704673,-1.3458235,-0.049420562,-0.58571321,0.082861094,-0.053511961,0.63213754,-0.26578929
19850021,-0.40418828,0.153749,0.42122816,-0.43532424,0.38858656,-0.64208123,-0.5616219,-0.8945261
19850038,2.0691117,-1.4050339,1.7198991,2.4018268,-0.4911841,-0.35604274,0.88377047,0.28073829
19850045,-0.91716114,0.49943061,1.2901588,0.045629585,-0.55853358,-0.1604094,-0.44184867,-0.35356954
19850063,-0.70190101,0.33980364,0.51536946,-0.08516111,-0.0090827807,-0.64477368,-0.074209811,0.32544131
19850087,-0.1917056,-0.62568981,1.2115406,-0.35864391,-0.71858635,-0.79090219,0.076367082,0.5712307
19850089,-0.38307389,0.10323088,0.72688499,-0.14514889,-0.45223783,-0.66138495,-0.56179898,-0.59577186
19850099,-0.62148695,0.020914901,0.080693401,-0.13593301,-0.94673993,-0.62777123,-0.065350126,0.57280985
19850118,-0.79191105,0.092471094,0.96768549,0.1486085,-0.2909754,-0.37888928,-0.2898596,0.021655827
19850122,0.028110003,-0.79777606,0.5724955,1.2607067,-0.85445949,1.1396155,1.1401256,1.6260941
19850130,-1.0484892,0.68815399,1.6079583,-0.22311656,-0.45474383,1.1942822,-0.23007831,-0.42382072
19850175,1.9097392,0.83267736,0.77055127,-0.53465004,3.1741091,2.5332311,-2.1995315,-0.36131898
19850185,-0.50794624,0.019002927,0.55555541,0.70068453,-0.59872982,-1.0874811,0.22029372,-0.2544702
19850231,-0.90257186,0.26174282,0.54145826,0.20792399,0.049885509,0.34049759,-0.095145587,-0.4130974
19850238,0.038888791,0.39940313,0.95648754,0.61497394,-0.21487667,0.89103445,-0.31468143,-1.3787618
19850248,-1.0141616,-0.62013698,-1.0172493,0.64960815,0.75209515,0.25160766,0.14523534,0.67678819
19850253,-0.2100639,1.0944311,-2.1588717,0.070869388,-0.21436566,-0.46672035,1.3399944,0.16414998
19850265,0.91200246,0.51556387,-0.084528109,1.4987903,-0.80135214,-0.54460083,-0.20516055,1.5549143
19850270,0.37611823,-0.25290337,-0.11042337,0.1096108,-0.79334849,-0.35959673,-0.72012773,1.1346447
19850271,-0.15123488,0.52702641,1.1769036,1.1337209,0.24131341,-1.4102516,0.21056473,-0.020403986
19850282,1.0148332,1.8392,-0.33567216,1.2500467,1.3893202,1.6840459,-0.18758417,-1.1609971
19850286,0.28322638,-0.57946957,0.095132683,-0.085407272,0.37213193,0.13299632,1.6442389,0.21028813
19850296,-0.7881959,-0.21362432,1.066094,0.93426652,0.090929682,0.59973933,1.0981211,-0.49675162
19850310,0.33907604,1.2530202,0.015088046,0.64882474,-0.79763055,0.047127826,0.40388418,0.69839349
19850316,-0.26668455,0.36805067,-1.9244105,-1.3059842,-2.8680073,1.789148,-1.1516444,0.9061276
19850329,-0.75666475,-1.1936273,-1.1767324,-0.43739836,1.0736286,0.21948849,-1.0637577,-0.32549185
19850342,1.4979838,0.36038266,-2.3936597,0.67294131,-1.0372064,-0.86871042,0.96593034,-0.5198412
19850343,1.837859,3.6519776,0.4887283,-2.1638189,-2.2289705,-2.5747625,1.3604535,-1.6088298
19850348,0.56168633,-0.53067713,0.017075546,-0.5265449,0.49255934,0.19069942,1.0124467,-1.9401462
19850359,-0.8806096,-0.77993468,-0.059791761,-0.18399841,0.48361219,-1.0340368,0.033575723,0.024682201
19850375,-0.72662805,-0.71927251,-0.56625476,0.14022157,0.50980723,-0.47835965,0.48410308,0.76404033
19850402,-0.60092144,-0.35742222,-1.0059862,1.4618255,-0.06128857,-0.66091331,1.5241794,0.32589842
19850438,-0.51360537,-0.022221971,-0.73143012,0.33363239,0.00711521,-0.2501212,-0.010585743,-0.80300096
19850442,0.75970285,1.4768583,1.8704563,-2.3359936,-0.66225005,-1.1484759,3.5932423,0.31427
19850454,1.1150448,0.60422659,0.34740499,0.88805071,0.39078905,-0.23333484,-0.86442963,-0.76994506
19850479,0.51415715,0.982413,-0.45181595,-0.35003859,0.57076957,-0.27099299,-0.97795526,0.68566882
19850499,-1.1903642,0.31727534,0.53976613,-0.43972357,0.583668,0.72773202,1.0076591,1.6678805
19850509,1.6818729,0.8130309,-0.27869236,-0.01721194,-0.62410157,0.33151638,0.10124529,0.47314754
19850529,1.1897798,0.28331625,-0.43195836,-0.28143236,0.23242795,0.80514407,0.2079816,0.86244541
19850534,-0.36378755,-0.48949294,-0.7494872,0.57383405,-0.52048936,-1.1169837,-0.027960322,-1.6142315
19850560,0.10394514,-0.32144869,0.45376745,-0.26289706,-1.4193779,-0.87330368,-1.0109275,0.19462503
19850565,0.31775183,2.2607542,-2.0078899,0.59541441,-0.23622415,1.9555106,0.72231935,1.2961235
19850575,-1.41312,-0.33523379,-0.20464832,-0.17630895,0.1573365,-0.59300292,-0.10812488,-1.0783693
19850605,-0.87843821,1.4431479,-0.00065332217,-0.24290405,-0.059661573,0.76505351,0.21431638,-0.33674068
19850615,-0.40831438,-0.4807683,0.54381369,-0.15076974,-1.0266694,-0.39829643,0.61947342,-0.49137241
19850639,0.30490236,0.044409803,-0.00089686961,-0.82984185,0.68639261,-1.0967759,-1.125466,0.083767474
19850648,-1.2666729,-1.3980867,-1.1137808,1.0866856,1.0693605,-0.75291288,0.74920302,-0.74820437
19850703,-0.49992696,-1.3266507,-0.33917816,-0.55812363,0.11835439,1.5487764,0.60330257,0.29019029
19850710,-1.2079147,-0.52257998,0.5031833,-0.73110657,1.2439268,0.94082545,-0.16654684,0.34008136
19850738,-0.23484723,-1.7785418,-0.53633744,-0.041182961,1.9247527,-0.80590718,1.1022094,2.7707284
19850741,0.17208972,1.9102456,-0.76431493,0.58967239,1.9302715,-0.36169338,0.60885803,0.42674167
19850784,-0.85983389,0.4117933,0.087057289,-0.35905873,0.17596629,-0.48595889,-0.76609081,-0.23515302
19850785,0.69232636,-0.27148423,0.62073604,-0.21250871,-0.048133904,0.39331026,0.36960846,-0.24247922
19850797,0.16822428,0.0059951157,0.15184963,-0.34336421,-0.19936848,-0.57418789,-0.50512439,-0.11279235
19850812,-1.1194375,0.17463518,0.90394911,-0.50488076,0.34751094,0.37585553,0.48739816,0.98902882
19850815,1.4565209,0.88678037,0.44634632,1.146504,-0.91716846,0.60370701,0.25032912,0.072133524
19850845,-0.59731602,0.41675457,0.41668108,-0.26151655,0.045862928,0.1137722,0.68274813,0.32971377
19850849,1.8112583,0.16202664,1.013389,-1.2640732,-0.052698494,-0.68568074,1.2588104,-0.80753539
19850852,-0.19065693,-1.8058065,-0.17584795,-0.24845579,-0.45459481,-1.1907258,-1.3943762,1.2011505
19850885,0.26374159,0.68162996,0.64623867,2.1932153,-0.66208173,1.228857,0.74035602,-2.5884562
19850897,1.8352772,1.9794996,-0.39008829,-0.17920209,2.3524619,1.9972935,1.6260395,0.37155743
19850905,-1.0883077,0.3419649,0.82205225,0.2251023,-0.5149308,-0.49238825,-0.50368994,-0.0001264326
19850923,-1.3721401,-0.7600419,-0.057494704,0.46635254,0.1072471,0.59311044,1.2599158,0.84427993
19850971,-0.87461253,0.79155445,-0.72523294,-0.10880935,-0.94831209,-0.45138009,0.83243493,-0.54833745
19850973,0.53762044,1.4202502,-1.3499667,1.4578562,-0.092732477,-0.084560357,0.49741282,-1.0380676
19851003,0.16330962,0.51853321,-1.1594303,-0.14570307,0.82537218,-1.1160084,0.74094208,0.014498821
19851026,-1.3184257,-0.39525416,0.053475289,0.60359826,-0.11453557,0.13894016,0.2764367,0.98917292
19851050,-0.33522845,0.34222982,0.68916859,-0.51337538,-0.86009653,1.1694246,-0.24881727,-0.33330625
19851084,-0.95032318,-0.96386886,0.78942255,0.28078527,0.13864388,0.28183051,-0.89397085,0.23854917
19851086,-0.41086228,-0.37971748,1.2462287,0.49204137,-0.55337612,-1.0275551,1.0078323,-0.16752185
19860006,-0.61892273,0.20303123,0.31456857,-0.40440278,0.57605081,-1.5109274,-1.1446342,-0.04916884
19860007,-0.064306612,-0.66360859,1.6994466,-0.10020929,-0.90699845,0.32536058,-0.44243728,0.33838816
19860008,-0.32033367,0.22463929,0.8391983,0.012049065,-0.23902683,-0.024598729,-0.5948167,-0.38119564
19860009,-0.62505765,-0.14531438,0.63630488,0.015282328,-0.56198415,-0.44841566,-0.4902143,0.42962863
19860029,-0.24153294,-0.30917641,0.0058059781,0.40203198,-0.16240378,0.22329708,0.24464033,0.029369835
19860056,-0.87847108,0.38343105,1.1736563,-0.07018936,-0.57799191,-0.335977,-0.32731625,0.31063009
19860073,-1.4391589,0.17636507,-1.2887073,-0.22677615,-0.41962177,0.18759787,1.1978946,-0.44139182
19860076,0.40352192,-0.4490006,-1.302454,-1.2355361,-0.86031035,-1.2179497,-0.031682979,-0.95783633
19860092,-0.9953736,-1.6789279,-0.42846344,-1.0187933,1.7707452,-1.2374426,0.93425568,-1.3992911
19860095,-0.24935893,-0.33330666,0.22497753,4.9149968,-0.2124792,-0.96645929,-3.8578394,1.1629664
19860114,-0.82933299,0.074790645,1.0975319,0.73855353,-0.39261689,0.65219362,0.37061078,-0.23510237
19860129,-0.38179661,-1.0405466,-0.29306416,0.93782425,-0.0067854204,-0.78002421,0.18580007,-1.1924449
19860138,-0.40357521,-0.95048148,0.21598253,-0.2693554,1.2056072,-0.0059631464,-0.67199781,0.43551097
19860139,-1.1560656,0.62419201,1.2457127,0.011218889,-0.64222601,-0.1847024,-0.25409558,0.45974336
19860146,0.15268941,-0.55948714,-0.14201104,-0.60684085,-0.46936309,-0.67908536,-0.025684116,0.13555568
19860154,0.98998441,0.53166375,0.40600054,-0.62963199,-0.18957375,-0.40968924,-0.9008053,-0.2004276
19860162,0.098763055,-0.22176488,0.087867137,-0.017696618,-0.87732727,-1.044637,-0.22104098,0.65426078
19860171,-0.7486829,-0.087084111,0.70084067,0.1410376,-0.1965043,-0.58756232,-0.51932647,-0.44909139
19860178,0.63859588,-1.2166198,0.27110161,0.99197955,-1.0338546,0.56068581,-0.23118313,-0.11544002
19860195,-0.37177258,-1.2622951,-0.083607506,-0.50488545,0.59713068,-0.26016005,0.0090585698,-0.35664548
19860202,1.1621727,0.79777079,0.55301462,-1.9449788,-1.4589423,0.38027015,1.1276944,-0.67698198
19860208,-0.7829609,0.20541941,0.20580411,-0.89597061,-0.8143087,0.23959239,1.1397512,0.3301549
19860218,-0.42242688,-0.73538108,0.83895726,0.044283573,-0.042229384,0.73623279,0.50508933,2.1407133
19860229,0.526393,-0.31298186,0.20700801,-0.6202752,-0.35247443,-1.042087,-0.65392206,-0.18412574
19860238,-0.38351,-0.80587661,0.66553177,1.186207,-0.7331665,-0.33611589,-0.0040002449,0.61635421
19860251,-0.64941918,-0.60523319,-0.46882809,-0.37489921,1.1826635,-0.11551221,-0.066518652,-0.43628944
19860265,-0.28894633,0.11042496,0.88072192,0.42469699,-0.10336596,1.2898942,-0.016039135,-1.842427
19860278,2.0752815,0.1231558,0.73761415,1.0235296,2.2154813,0.98125378,0.90360893,0.69863024
19860295,1.2090851,0.90871602,-0.86884859,-0.78136441,-1.1702517,0.60052212,-0.78535442,-0.91650061
19860298,0.66651393,0.1732518,-0.37177374,0.68625877,-1.1262174,-0.26193664,0.39124124,0.23814517
19860306,0.48422161,-0.054619903,1.8458021,-0.096439326,0.74282798,1.0832241,0.39527131,1.3469664
19860313,-1.0332534,0.24469176,0.94388711,-0.11359201,-0.80292708,-0.72152185,0.017966697,0.19604444
19860314,-0.63253919,-0.37390662,0.56785546,-0.36229847,0.78117867,0.73547978,-0.75742156,0.44208542
19860330,-0.31227569,0.24625133,0.28515591,0.34922553,-0.029792016,0.59129655,-1.2629473,-0.64415418
19860345,-0.41540125,0.71655994,-0.068254168,0.74282731,-0.2961242,-0.66022961,-0.57570482,0.84521637
19860346,2.0097366,-0.10919418,-0.79448653,1.2023424,0.74897084,-2.0509338,0.2843086,-0.018918412
19860349,-0.38563703,0.012664028,-0.43628022,0.065521509,1.1974214,-1.0215,0.77127201,-0.87053676
19860384,-1.2385537,0.34997798,0.12110585,0.12790483,0.70338245,-0.72280379,1.4652128,0.1769824
19860409,3.0505037,0.4256158,-2.6055716,1.3679876,-2.5252504,1.1456588,0.94639496,0.37556307
19860410,0.29633667,-1.8062319,0.4791733,1.4146611,-1.3107692,-0.2330668,-1.0399123,0.41264214
19860417,-0.60857279,1.7553264,-0.2649233,0.52456154,0.75099492,0.50900511,-0.40572347,-0.6811855
19860430,1.1953109,-1.1476089,0.55543381,2.5116253,-0.73012695,0.95850631,-0.29631708,-1.4485996
19860443,2.1142734,-0.5005432,-0.086402269,-1.9519833,0.14756022,-2.144889,0.9407367,-0.68079832
19860448,-1.0371902,0.63061897,-0.82798758,0.51303086,-0.90812325,0.93991124,0.39866623,-0.48708438
19860462,-0.7153347,0.071175361,0.1250917,-0.17471307,0.17542195,-0.36517341,-0.18804319,-0.1305198
19860469,-0.69183679,-0.33170542,-2.251725,0.8420295,0.12018244,-0.74026794,1.3624167,-0.83601097
19860482,-0.26080711,-2.0639892,1.3195473,-0.041714988,1.9778556,3.0054466,-0.31676037,-1.567702
19860491,-0.56378078,-0.20548547,-1.2942807,-0.69085121,-0.48424368,0.37203619,0.54049874,0.55347563
19860512,0.29822389,-0.38595528,1.1003933,0.63706634,0.21481638,-0.69035725,1.5047469,-0.3139789
19860513,3.4763688,-2.1051709,-1.1425317,0.14990179,2.1564276,2.5627466,-1.9859049,0.87216035
19860526,-0.33155063,-0.71090974,-1.169787,-1.1114983,1.0884234,0.17121492,0.30702793,0.31804218
19860529,0.057640863,-1.1153159,-0.95570783,-1.2696318,4.0289366,-0.84496709,-0.20623313,-1.0619346
19860541,0.18539324,0.56990863,-0.15497545,-0.76780549,-0.71629821,-0.39395677,-0.41948937,0.22935346
19860551,-0.53977083,0.15896798,-1.8853531,-0.42381183,-2.2607599,-0.44814934,-2.7045349,1.4645475
19860563,-0.22827629,-2.126293,-0.75056519,-0.69312454,1.2972785,0.0040454589,1.0866714,0.21280316
19860584,1.2583979,0.45721818,-0.87198808,-0.67949601,-0.21655938,1.5495269,-0.87346984,0.56890879
19860591,-1.1034708,0.57683116,-0.57895033,0.11152824,-0.64321878,-0.091242425,0.48703309,0.82286058
19860599,0.12136206,0.060780686,-3.5096133,-1.1122632,0.99453315,0.42857717,1.0893684,0.19495227
19860601,1.3145203,-0.77667295,0.4883163,-2.6351743,2.3984956,1.6209805,2.1224164,0.48864632
19860608,1.2904732,-2.7845546,0.59369426,-1.9612535,0.95353317,-0.42668104,-2.3419011,1.9435072
19860610,-0.29296058,-0.80186346,-1.2709942,-1.9018823,1.2907893,0.98567634,-0.59102053,0.12303668
19860622,0.78630885,0.022891031,-0.84583119,-1.5915107,2.9096345,-1.707848,0.65572421,0.97575108
19860667,-0.72708733,0.90301516,0.77603085,0.33737993,-0.0518645,-0.01416392,-0.13966557,0.14250315
19860681,-0.21596752,0.18677026,-0.52498109,0.21182669,0.53789794,-0.26077841,-0.28660287,-0.55144659
19860733,-0.33187165,-0.11755374,-0.64627719,-1.1859744,-1.6564077,0.70009829,0.58469051,0.55696907
19860758,1.0234927,-0.28828324,-2.2056922,-1.4953668,0.63190789,0.21311286,-0.15605771,-0.029338415
19860766,0.70285066,0.39089628,-0.94283247,0.72790524,-0.19621576,-0.54103323,-0.14757232,0.51009927
19860771,-1.2724994,-0.76868579,-1.4279907,0.3605887,0.95912226,0.14595415,0.5759405,-0.46602643
19860773,0.76716729,0.073033785,0.26199558,0.6652079,0.32147776,1.315247,-0.63143907,0.191105
19860777,2.8626634,5.1139904,-0.026547991,0.86015301,2.7448764,-2.3691301,0.50101276,2.3002377
19860782,1.2436032,1.3199595,-1.3714757,-0.21667088,0.17701035,-0.073964107,-0.40316094,1.1299717
19860784,0.66629059,0.92758349,-0.6927098,0.9855201,1.2004695,-0.99390059,0.110882,0.48048868
19860799,-0.31338763,-0.46634539,-0.7196493,0.47380855,-0.66954601,0.66904626,0.24386909,0.60770492
19860827,-0.93251379,-0.80015226,0.24895641,0.80214589,-0.23480648,-0.93896682,-0.21730875,0.96479166
19860832,-0.70684269,0.62905005,1.0392273,-0.65508098,-0.53988443,-0.092286638,-0.37734832,-0.25458772
19860849,1.1123821,2.5650714,-0.71046762,0.12058269,0.35270316,1.7560412,-0.2043001,-0.31818841
19860853,2.377597,0.90939952,-1.1276618,0.93720957,-1.0393012,2.4333241,0.25813603,0.94913487
19860864,-0.96297918,-0.48927981,0.46282202,0.46710011,-1.0060315,-0.098086834,0.44315614,1.4037449
19860874,-0.39460305,-0.65261278,0.38825532,-0.22096546,-0.30098761,-0.13116474,0.19548241,-0.39334616
19860879,1.5760839,1.5462409,-0.20551361,0.023335656,-1.4314879,-1.0906967,0.090809833,0.88867765
19860892,-0.88551132,0.8918291,0.49500475,-0.09897871,1.0134114,-1.0065075,0.29836049,-0.30411998
19860894,0.014518738,0.87811047,0.73421519,0.40971641,-0.18311517,0.1258013,0.34281847,1.1295459
19860900,1.9602561,-0.45366586,1.0510614,-2.8663179,0.094951527,-1.5385487,0.28161168,0.070030273
19860913,0.46355557,0.34049882,1.61373,0.21410788,0.76869339,1.1026467,0.42616027,0.38400093
19860918,-0.039922619,0.49321688,0.9909166,-0.19451703,-0.75555434,0.50679457,-0.060203113,-1.6053975
19860921,-0.20354803,-0.11680268,-0.8019274,1.9600789,-0.32760909,-0.15248371,1.6632251,-1.0516982
19860942,-0.3448521,1.5460366,0.91459456,1.1213864,-0.080608635,1.3298216,0.29856578,0.25470871
19860954,0.49185661,-0.47309446,-2.5913051,-0.90918314,0.23768967,1.6784104,-0.973245,-1.1661407
19860963,2.5918271,-1.5585272,1.4815227,-0.83299471,-0.96780267,-0.35769867,2.0040616,-0.65407259
19860964,-0.80206798,-0.060938559,-0.18640113,-0.44814205,-0.23850507,0.13360223,-0.074707948,-0.91012119
19860973,-0.092361921,0.43121936,-1.6740529,-1.0248176,-1.3050147,0.98975847,-0.59230369,-0.90421855
19860987,-0.15064474,-0.045037701,-0.15356697,0.499782,-0.34966495,-1.0922424,0.47771966,0.72010423
19860998,-0.62361044,0.90171834,0.79349395,-0.2483406,0.80350516,0.45125726,-0.93119498,-0.10446392
19861011,-0.59105642,0.7452305,0.55057515,0.23432776,-0.62099122,-0.84980035,-0.33370834,0.73497059
19861021,-0.43962166,0.30370016,0.95065771,0.15775473,-0.50838138,-0.61103833,-0.35246196,-0.61925004
19861027,-1.2707579,-0.53769678,0.27075103,-0.82974015,0.67520454,0.46137373,-0.47073081,-0.86176104
19861054,-0.33034836,0.022141414,0.33885852,-0.70438572,-0.29085198,0.11029775,-0.04712123,0.32518465
19861059,0.0070463898,3.0966578,-0.30237018,0.79799669,-0.88829648,-1.3904545,0.71693689,0.87512414
19861068,-0.80773415,0.76036691,-0.94072888,0.26908661,-0.60340681,-0.22886261,0.58647856,0.10939733
19861076,-0.73651184,0.038011536,-1.2766512,-0.38333491,-1.126315,-0.63694657,-0.35189475,0.022061411
19861086,-1.2305755,0.5410899,0.12476401,-0.082758364,0.858844,0.30153575,-0.13142496,-0.58573536
19861089,-1.3060537,-0.014099266,-0.76922027,0.1186439,0.24681526,-0.080565644,1.0486749,0.16713959
19861094,1.9095076,-0.16962288,-0.39826053,-0.86057578,-1.637464,-0.10803305,0.89058487,-0.61642282
19861098,-0.55741461,-0.090347668,1.1766958,-0.17495207,-0.10606067,-0.055988001,-0.15267628,-0.51827479
19870011,-0.45995201,-0.29132372,0.22718596,0.62200227,-0.29941276,1.513227,0.027867271,-0.21777983
19870019,-1.0621616,-0.011847149,0.22115769,0.11602817,0.33799145,0.11501704,-0.0074784817,1.0890056
19870022,-0.50472943,0.55072751,1.0934873,0.39373814,-0.51405054,-0.064038874,-0.45382071,-0.21018648
19870025,-0.38695992,-1.6423334,0.72393098,0.28341765,-0.10714751,0.40674129,0.25398707,0.90952437
19870031,-1.2102803,-0.064224845,0.42279168,0.036414948,0.34243217,-0.079698727,-0.13668122,-0.50846657
19870052,-0.95038086,0.17525067,-0.19389444,0.10468371,-0.60056305,1.3105673,1.3384765,0.93545029
19870092,-0.59734092,-1.205291,-0.019529116,-0.93130738,1.0981006,-0.52768186,0.48684104,-0.83183456
19870104,1.6288328,0.7122615,-3.4566357,2.1519304,0.25699713,0.53380092,0.29668434,1.7719236
19870138,0.76293069,0.68969463,0.82225129,-0.58006977,0.74385506,0.80009309,-1.1417846,-0.86953314
19870150,-1.1365423,0.87079108,0.66958627,-0.077454044,-0.51083152,0.041264692,-0.16808789,-0.055484582
19870162,-0.54431659,-2.6599403,-0.20526093,-0.64075566,1.776262,1.1180144,0.17323919,-1.8517919
19870195,-1.1700567,0.34254849,-0.16686108,0.44628825,-0.24833905,-0.44093555,0.45306534,0.14111787
19870214,0.96778876,-0.99679823,-1.2206461,-0.50242232,0.60553987,-0.80309478,-0.62978045,-0.50493145
19870237,-0.64940625,0.27585117,0.35812891,0.44672947,-0.806071,-0.11401664,0.061587539,-1.0072347
19870253,-0.28872473,-0.91678012,-1.0832473,2.7502021,-0.49071875,1.0102583,1.4584446,-1.6470894
19870280,-0.77449513,0.083635133,1.0227934,0.055042814,0.02909358,0.82940633,0.1205242,0.59282602
19870288,1.9391314,1.6489664,2.5285089,-0.84762741,-0.83545875,-3.0611912,-0.069137822,-1.3997596
19870297,-0.26628228,-0.36233929,-0.1499263,-0.18475248,-0.84365155,-0.65457654,-1.0541147,0.4158014
19870300,1.3826572,-1.8951124,-0.55804765,0.031404105,0.41340063,0.20610867,1.5202703,-2.4330491
19870310,-0.57067332,-0.2362789,-0.13215793,0.58179757,-0.53441444,-0.46526051,-0.31448859,0.76610516
19870318,-1.2139545,0.21433219,1.0940302,-0.39562709,-0.87172483,0.1983789,-0.43974019,-0.21917045
19870323,-1.2170481,-0.29199259,-2.5766701,-0.95454313,-3.1073185,2.3306506,-0.4960448,1.6853894
19870394,-0.66295214,-0.35321995,0.078355091,0.48327145,-0.6573059,-0.95814973,0.53101119,0.85411042
19870413,-0.6366298,0.62207845,0.36115919,-0.018020819,-0.059391388,-0.32493765,-0.52088088,0.081173981
19870459,-0.58269274,1.6143851,0.68599546,0.72427696,0.12091858,-0.058551647,0.018915281,-0.012658962
19870477,-0.32515653,0.081279129,0.85818066,-0.2422488,0.07065338,-0.38184645,-0.56867633,0.32608307
19870481,1.1761313,2.5343255,0.87133706,-1.3342097,-0.33001412,0.5761173,1.3077566,-0.092146017
19870483,0.83373364,-1.0472936,-1.8526114,-1.8264774,1.6535266,-1.6301361,-0.2213154,-1.990857
19870495,1.3163289,0.17820643,-2.1562071,1.4357771,-1.5334255,0.92996925,1.8785215,-1.1561102
19870533,-0.10770305,-0.74409101,1.6219442,-2.5216011,2.1830165,3.337293,-0.79880904,0.20786269
19870548,-0.25679975,0.48557746,-0.52833824,-1.6514531,0.17478403,1.0248055,1.0433618,1.5854284
19870586,-0.58545792,-0.19568417,0.98981381,0.40355407,-0.89112661,-0.0017155951,-0.16812282,0.0085578268
19870588,-0.54555357,0.90621634,-2.0323738,0.90667855,0.093232129,0.019256387,1.6032533,0.32091524
19870604,-1.0591328,-0.54610764,-1.1924488,1.2051625,0.36075015,-0.34387716,2.5964436,0.38057932
19870641,-1.7104475,-0.051746001,-1.2931124,1.1438465,0.46478699,0.10866749,0.4754512,0.26322096
19870642,-0.53425816,-1.0551238,-0.6723231,2.6043396,-0.41108144,-0.38988145,-0.44305998,0.83239319
19870646,0.58817743,-1.3719436,-3.7336509,1.2554586,-2.2779311,2.729355,0.070033437,-3.0719943
19870649,2.7562479,-1.0807469,-2.9179235,-0.93455256,-0.63149636,-0.47719819,-0.076517011,0.98514341
19870656,1.2828924,0.11114616,1.3279554,1.2523189,-0.37584465,1.0022362,1.1509399,-0.19184029
19870666,0.21122303,1.6013034,0.26784803,-1.4133752,1.1124043,1.7473428,0.94993896,-0.2331425
19870679,0.081514878,-0.40296066,-0.076301209,0.70956409,-0.44540133,0.14120851,-0.24387091,0.18934755
19870687,1.4504951,0.37773276,1.4768049,-0.33383276,-0.76437855,0.82224344,-0.0083862899,-1.5192862
19870701,-1.5559731,-0.85652029,-0.82225197,0.90261355,0.20486231,-0.30362958,0.59169227,-0.75084723
19870709,-0.90398268,-1.5900107,-0.78959335,1.016587,1.9599769,1.0005856,0.49315149,1.7445997
19870710,2.3421622,-1.8439794,0.86066638,1.4345388,0.082121711,0.38038355,-0.42619095,0.59392828
19870714,0.21380896,0.56470514,-2.3950378,0.37979275,0.2532107,-4.1613654,0.89047051,-0.57502475
19870741,0.55869303,-0.58155548,-0.39146573,-0.17083114,0.41633323,-0.66392343,0.54947853,0.14565853
19870744,-0.49908763,0.18255698,-0.64284568,0.88080676,0.8573454,-1.3508987,-1.4003622,-0.83353387
19870748,1.8398147,-0.75442532,0.32681458,0.063600095,0.60000348,-1.8502801,-0.94196957,0.40578359
19870780,-0.27748013,1.2879715,-1.0906008,1.7014444,-0.034669143,1.9902393,0.80599396,-2.4694008
19870786,-0.57609282,1.0064008,0.14664179,0.21659746,0.23570803,-0.0018293524,-0.53902696,0.34581627
19870793,-0.033715833,-0.61831563,0.29459512,0.50417775,0.23742686,1.2301918,-0.58423599,-0.51213377
19870818,0.81668035,-0.96989967,0.14453414,2.1487981,-0.80969356,0.6345151,-0.18123932,-2.6416867
19870825,-1.3220861,-1.0414506,-1.0772405,0.38417448,1.1716768,0.81614782,-0.49577794,-0.09425159
19870833,-1.3059355,1.3599808,-1.4378555,-2.0828518,-0.25274943,2.4851909,2.2491396,-0.97083172
19870848,2.0700527,1.2454029,-0.43358448,-1.0951185,-0.94612458,0.35747072,-1.7073966,-0.17105743
19870862,-0.70752769,1.0433238,0.19816719,1.2515059,0.1420244,0.8743037,0.9924999,-0.68538981
19870884,0.14062292,0.25794328,1.1491666,0.41523604,0.13236074,-0.50680523,-0.069863818,0.60717162
19870912,-0.30860036,1.1983534,0.56832743,0.35958489,-0.098976461,0.12078218,-0.21313451,1.5689479
19870926,0.60825964,0.48996123,0.21080427,-0.06023833,0.36528726,1.4662517,-0.21155821,1.0972683
19870927,-1.6007785,0.78809444,-0.052051998,-1.6935208,-1.3039138,0.56138662,0.92410893,-0.022740938
19870942,-0.12248775,-0.3874851,-0.81306233,-1.2274908,1.7236781,-0.98585481,-0.75731737,0.57882677
19870962,-0.4391382,0.5624996,0.89890325,0.41480113,0.41418955,-0.33394715,0.16379454,-0.007296926
19870963,0.56263449,0.43928475,-1.5863667,-0.17393348,0.096699964,0.89470551,-0.83066507,0.1227264
19870978,-0.71075255,-0.22415819,0.12680149,-0.8490032,-0.72232371,-0.56746961,0.43778491,0.40597073
19870993,-0.80888817,0.62947959,0.71697646,-0.19043937,-0.2227751,1.2419921,-0.47392461,-0.48928884
19871054,0.29234247,-0.49724194,1.8084967,-0.4417683,-0.35431361,-0.065468272,0.2242391,0.069128415
19871063,-0.5420926,0.33146143,1.0427319,-0.095257802,-0.62891479,0.54777227,-0.049927789,-0.092333335
19871082,-1.7254663,-2.609051,-1.5838093,-0.43861963,0.12320547,-1.0355923,0.31273272,-0.1571057
19871086,0.10226601,1.8713241,0.78943333,-0.19264437,2.2012634,2.4702302,-1.1669736,1.2739404
19871097,0.71601744,-0.19412472,1.3943959,1.3861496,-0.56343391,-0.51984845,-0.86440292,-1.5357635
19871122,-0.076747627,-1.5584519,0.92881169,1.4594536,-0.4365943,0.3984371,-0.37068533,1.67353
19871136,0.86725361,0.73183011,0.48270187,3.4796708,0.53076487,4.3995453,3.0775924,-1.1054299
19871150,0.28939952,-0.10543029,0.98944092,0.16500956,-0.099425537,0.060770782,0.27807416,-1.171942
19871160,-0.1911255,0.38760767,0.96022295,1.2096915,1.6167949,0.72369873,2.1782269,0.97030608
19871173,-1.1235691,0.25507909,1.7363476,0.17254362,-0.44661287,1.1051597,0.52969924,-0.82088397
19871177,-0.55328739,0.17815522,-0.55446996,-0.22001389,0.41395063,-1.1205496,-0.17783981,-0.45602348
19880009,0.39376806,-0.98999903,-1.4199349,0.17056547,1.3324955,-0.61124907,1.5333856,0.53475353
19880012,0.85611104,-1.2841134,0.86477227,-1.1226214,-0.0908597,1.0660665,-0.90279187,-0.71694958
19880021,-0.94468998,0.49699678,1.3537912,-0.055517292,-0.87014621,0.22891615,-0.4190777,-0.094382676
19880033,-0.15720954,1.9190842,0.33304954,-0.7685449,-0.38186481,1.7114916,-0.97921846,0.07812787
19880042,0.57195533,-0.33495116,0.6078267,0.45370595,0.36423058,-0.77543619,-0.86023286,0.53071235
19880051,0.092420015,0.95095288,1.0173451,-0.68825945,-0.61973435,-1.3403621,-0.53124507,-1.3319367
19880056,0.24754808,1.0345986,0.16392611,1.5809766,0.41961226,-0.87013706,2.2793343,0.44364843
19880066,-0.08993448,0.6687264,0.27577961,-0.12792641,0.14265789,-0.68891015,-0.6127962,1.1433883
19880067,-1.2538464,-0.16830459,0.66411673,0.35205747,0.23553469,-1.0165794,1.0615226,-0.10477481
19880068,0.15583221,0.44704339,0.32046199,-0.43632862,-0.947799,-0.15913689,-0.050066248,-0.37782566
19880079,-0.5508117,0.54358877,1.204814,0.083511916,-0.088277084,0.067380333,-0.56078222,-0.39026292
19880103,0.50851403,-0.34117068,0.34947274,0.61328137,0.42283305,-1.4840194,0.26679185,-0.28049969
19880154,-0.60325001,0.65888061,0.92398735,-0.02157327,0.45765616,-0.44903766,-0.38533383,-0.25372023
19880163,-1.1790669,0.059086369,0.53961367,-0.10542285,-0.60812679,-0.28151965,0.063967022,0.83426544
19880167,-0.9733664,0.61318282,1.189342,-0.10304129,-0.52280701,0.047218061,-0.3563217,0.20221459
19880173,-0.029810099,-1.212122,-0.22313889,-0.94990059,0.10888298,-0.31104136,-0.52118588,-0.26371564
19880179,1.1825769,-0.084009407,0.7765765,0.71726353,-0.32466758,0.42324264,-1.8792343,0.21473094
19880191,-0.67897214,0.38569563,-0.49543293,0.89016167,-0.96237513,-0.47780443,-0.76073418,0.8755154
19880194,0.0091262697,-1.2155873,0.5491723,-0.97651705,-0.5178477,-0.56762477,-4.0675253,1.5638324
19880215,-0.86124413,-0.16355849,0.413698,0.16398172,0.13472128,-0.011358459,-0.36649205,-0.48137878
19880225,0.15545252,-0.21223288,-0.036531372,0.40674823,0.18366337,-0.57541511,0.3049427,0.015427656
19880235,-0.73208837,0.62526792,0.54703589,0.23278198,-2.0835807,-0.073954049,1.5355388,1.6618305
19880239,-0.70640252,-0.016745291,0.50612009,0.45215788,0.91926132,1.1368346,0.44311993,-1.3865221
19880249,-1.2411986,0.0072440992,-1.1097504,-0.93012587,-0.90690038,0.84458361,-0.71312769,-2.2217905
19880256,0.81742153,0.088320539,-0.47594877,-0.56403587,-0.119598,-1.783289,-0.33724514,-0.59831988
19880272,0.66066383,-0.20915435,-0.33872057,-1.2367878,0.032252764,-0.48446581,1.3199943,0.091052631
19880286,-1.3324098,-1.734971,-0.39725244,-2.0966119,0.94832277,-0.53301232,-0.39152227,-2.0933834
19880299,3.4769811,-0.046479192,0.38754999,3.2865256,0.94362172,-1.1469156,1.3230045,-0.44105491
19880302,-0.10760063,-0.64461953,1.2714186,0.069821037,-1.0004864,-0.027309801,0.32109745,-0.54840541
19880333,2.3603633,-2.8226752,1.228008,2.419349,2.8780075,0.26324925,2.6483796,-2.889969
19880341,1.9041989,0.33106349,-0.59029477,-1.2156192,-0.55969513,2.5580751,1.3408023,0.18084537
19880364,-0.52736379,0.38749254,0.42248029,0.26887865,-0.74142489,-0.74134342,0.049231913,0.84827123
19880395,-0.51415928,0.94806914,-0.52473157,-0.1701373,0.34437234,0.41598076,0.018121393,-0.024858239
19880407,-0.34226865,0.16814616,-0.29710211,0.46306084,0.42477188,0.16030843,-0.59659186,0.48154198
19880411,-1.1213365,-0.80166366,0.38021732,0.48031996,-0.90480441,-0.45636828,-0.070978068,1.5786193
19880434,0.24174645,-1.3548139,1.0684057,-0.27923114,-0.56515863,0.31218408,0.044765471,1.1630113
19880438,-0.22031177,-0.19458841,1.2048452,1.2331014,0.63894257,3.2474588,0.96942842,-2.1012128
19880444,-0.27308124,0.9158081,-0.4941141,-0.10965269,-0.026962333,-1.2514127,-1.3873633,-0.65718763
19880481,2.8063493,-2.017088,1.4582473,2.8308967,-0.1258008,-0.72211924,-2.268477,-1.291119
19880490,0.5755252,0.050155772,0.5087645,0.73292845,-0.067673277,0.1326588,-0.10995946,-0.31390224
19880496,-0.33682695,-0.014214005,1.0057064,-0.85197681,-0.35425899,0.6135558,0.071279237,1.5910237
19880513,-1.3944887,0.20756528,-1.6274459,0.38856508,0.015077885,-0.52600998,0.99236668,-0.59176948
19880525,-0.85106251,0.20979505,0.24712667,-0.1178774,0.37703027,-0.41253409,-0.034247427,0.49582964
19880528,-0.032600959,-0.28058015,-0.0022436418,-0.48614414,0.35689639,-1.1691511,0.014218481,-0.39074376
19880558,-0.6323734,-0.16126828,0.33768546,-0.50412713,-0.23505124,-0.18688528,-1.151506,0.17671148
19880563,-0.69441847,1.5028583,-1.3450609,-0.80415287,-1.0011487,0.3134267,-1.16831,0.31489833
19880621,0.28739528,1.0415228,-1.2321473,-0.20942237,0.13151053,-0.50071104,-1.3411494,-0.035066528
19880648,-0.82273037,-0.15688913,-0.46773387,0.012086807,2.1133796,0.86524579,0.25577024,-0.046123738
19880650,2.3142072,0.42634929,-2.2269517,0.72362201,0.077688567,-0.93919286,-0.0068887538,-0.002566773
19880666,0.10378547,-0.10283548,-1.3708718,0.79150766,0.12814327,0.080304638,0.35982658,-1.3307683
19880667,1.3421094,0.65649362,-0.18493809,-0.21725566,-0.52359559,-0.42846082,-2.514714,0.6778204
19880698,-0.32367852,-1.3521852,-1.0900841,-0.43566295,2.3733529,1.367662,0.47126726,-1.1716904
19880740,-0.81550112,0.71159877,-0.099425709,0.60785069,-0.74587939,-0.33964833,-0.012096361,-0.22050175
19880742,1.3151939,0.37020661,0.35522045,-0.79063566,-0.039872897,0.32633674,0.38874072,-0.30131351
19880784,-0.67345776,0.92797322,0.71140903,-0.5406828,1.1355632,-0.85123974,0.099799274,-0.027952543
19880788,-0.91767691,-0.32205597,-0.31227451,-0.42671506,0.072586015,0.47671251,0.82265844,1.1474449
19880800,0.16964393,-1.0209913,-2.1849547,2.2744381,-0.82492049,-0.67877427,0.88138331,-1.5907077
19880813,-0.22670884,-0.38582178,0.99857151,-0.71849033,-0.25106192,1.028887,0.50221149,-0.49833768
19880857,1.2485276,0.84337708,-0.19768168,1.0458723,0.90656994,-1.1527552,-0.38977368,-0.61966669
19880869,0.036698351,0.57955167,-0.51152319,-0.7260591,0.31833671,-0.20747981,0.27512356,0.62542947
19880874,-0.45731687,-0.51144172,0.84933338,1.3927002,-0.71627971,0.34855479,-0.22132426,-0.64059095
19880931,-0.81001509,0.11932046,0.19195767,0.23387884,-0.69573606,-1.4060975,0.70388094,1.0569445
19880933,0.94597984,0.1955373,0.59062275,0.22209848,-0.25519629,0.059262536,0.13191118,-0.8423706
19880938,-0.35136344,-0.50298518,-0.74971008,-0.77016345,-0.36545641,-1.0958551,0.6948467,0.80062002
19880946,-0.28520729,-1.1023829,0.27827315,1.3634928,-0.49380055,1.7050856,-0.43968988,0.0087077955
19880957,-0.40622846,-0.28595751,-0.30847041,-0.37555796,0.47156146,-0.42265076,1.0978551,0.84733652
19880964,2.6051548,-0.75397319,0.28544221,1.8593087,-1.3461136,-0.71788838,2.3983451,-0.68326346
19880984,-0.17076537,-1.2090486,-0.40796585,-0.2244913,-0.48362812,0.76760505,-0.85232478,0.23994046
19880989,0.82113521,1.6087543,0.65156981,0.90075596,1.168483,1.5372246,-1.2893556,0.37879003
19880992,-0.63894738,0.59727172,-0.13081841,0.26009096,0.18275423,-0.14583815,-0.17060784,1.6549361
19881004,0.70090801,-0.75247987,0.25896013,1.3169695,0.015416966,1.0687121,0.16724717,-1.0227931
19881012,-1.6606635,-0.24984305,0.17367067,-0.39887857,-0.2969567,0.36637401,3.3141018,1.0638081
19881033,-1.1064439,0.88658916,-4.8240152,-0.71877548,-3.4581767,1.5777122,-2.0260917,-0.1482626
19881039,1.6110699,-1.4720119,0.6192468,1.2823978,-0.72202729,-0.91015164,1.199092,-1.3606179
19881046,-0.39927326,-1.3856775,-0.28797873,0.40351718,0.63842307,-1.3137581,-0.32799836,0.19557703
19881053,0.28562541,-0.38913843,0.2081532,-2.4444091,-2.0015633,0.11630764,0.096303843,0.10901265
19881062,0.24339399,-3.4153173,1.5221945,-0.11763026,1.2564545,-0.4014343,0.38009396,3.9146071
19881112,-0.25373358,-0.23625333,0.68856327,-0.36797756,-0.674556,0.66933598,0.48877011,0.79604555
19881128,-0.64422159,-0.15271211,0.33927255,-0.55851652,1.4768692,-0.75558048,-0.26176317,-0.92937141
19881132,-0.19817303,-1.3106438,0.32607189,-1.1832491,0.70180122,-0.48402066,-0.25149468,-0.78985225
19881135,-0.70596573,0.95558294,-0.24267157,-1.6581853,2.12917,1.0965414,-0.99938,0.39059963
19881142,0.65308125,-0.43509773,-1.2863916,0.39237084,-0.36024762,-0.8767232,0.60196038,-0.9485381
19881145,-0.39963123,0.58564873,0.10759839,-2.6403361,-1.5621467,0.50134413,1.7237082,1.1662098
19890014,0.3131497,-1.1791592,0.40370642,-0.53507637,1.7849946,-0.20257287,-1.7380147,0.16897479
19890017,-0.37221774,0.3681107,0.61626113,0.5904161,-0.61126506,0.89674803,-1.6782068,-0.4122765
19890023,-0.036180742,0.11686902,1.6907527,1.112153,0.020068196,-1.5138325,1.3231517,-0.017508453
19890028,-0.83670743,-0.049464216,0.13571585,0.64172172,-0.093310605,-0.53261447,0.18615751,0.74470989
19890032,-0.81664874,1.0395724,1.1697286,-0.32457858,0.095526909,0.67435356,-0.51008153,0.04336057
19890053,-0.30599066,0.38907042,0.057417906,-0.38952199,-0.86068863,-0.77016604,-0.94625767,0.10935083
19890055,-0.95198845,0.22632613,-0.041060826,0.45059423,-0.5061511,0.0058733914,0.94849881,0.92520396
19890066,-0.34231032,0.39393708,1.7236036,0.71594865,-0.54681999,-0.18781215,0.097617593,-0.29794016
19890075,-0.97082962,0.2912301,-0.66458889,-0.76407255,0.37667646,0.39303448,0.086517582,-1.3324226
19890079,0.14979771,0.069148038,-0.035095009,0.32070926,-0.062163575,-0.3813233,-0.82868856,0.24939296
19890082,0.61954053,0.042384491,0.333169,-0.13976754,0.26398099,-2.1721782,-0.71339603,-0.10835625
19890100,-0.85032362,0.18807167,1.3062742,0.042245808,-0.49519146,-0.36548933,-0.15390386,-0.30857804
19890108,0.079560809,0.16965377,0.39463177,-0.69258326,-0.70235522,0.34926261,-0.24771293,-0.56162971
19890138,-0.16659215,1.8041776,0.75493285,0.63098741,0.50628068,0.090090747,-0.75553741,0.2516091
19890139,-0.34268643,0.94417479,1.6696472,0.44895053,0.54887324,0.14206617,0.69852061,-0.11317521
19890146,0.013354558,-1.0487949,-0.21333556,-0.80393925,0.16668919,-0.94573945,-0.36833478,2.3478895
19890152,1.3925952,-0.25226386,0.32030622,0.7724732,-0.93470261,-0.049843822,-0.84075275,0.49143927
19890164,-0.45877369,0.17612394,0.7825752,-0.090097147,-0.93655984,-0.27980774,0.34672833,-0.24244151
19890178,-0.85904622,0.51324323,1.4300651,-0.50943109,0.10568928,0.2801445,-0.33794951,0.85072213
19890180,-0.57663493,0.2705975,1.3064348,0.52580514,-0.44821467,-0.3924053,-0.079398982,-0.63945759
19890206,0.17568527,-1.3375854,-0.59916656,-0.020475154,0.32209951,0.037640449,-0.47339735,0.22189244
19890269,-0.11419001,-0.88154749,-0.65795388,-0.22792002,-2.2669922,1.3090324,0.16379011,-0.11834355
19890281,-0.18390397,0.51817938,0.023649245,-0.55421949,-0.43063426,-0.61624682,-0.23556071,-1.6242224
19890284,-0.28298587,-0.17066563,0.31981202,-0.041482605,-0.13641816,-0.98058723,-0.03118297,0.068177477
19890304,-0.075403705,1.5662671,-0.48314525,-0.38162492,0.79107345,-1.2059658,0.13170831,0.21165063
19890312,1.4773193,0.97994055,0.70757103,-1.3409215,-1.0721554,-2.5457953,-0.28863621,1.1639973
19890324,0.55702755,-0.44910458,0.14596808,-1.1128426,1.0990045,-0.066350013,0.20529642,0.22090268
19890330,-1.1658902,-0.23347096,-0.011275693,-0.15884276,-0.14725443,0.32456955,1.1457966,-0.48532421
19890340,-0.082674936,-0.20285014,1.4846109,-0.079020748,-0.59603586,-0.18313227,-0.05734282,-0.53074064
19890342,3.0018296,1.7534445,0.24760462,-0.84637548,2.8130898,2.622545,-0.81696153,0.82367309
19890372,0.30700477,0.96163744,0.6407052,0.16600808,-0.76111553,-0.88592242,-0.27754345,-0.98833315
19890381,0.48391307,0.088650821,-0.23551992,-0.52675779,-0.19784461,-0.53733769,0.22536951,-0.24916442
19890383,0.35675647,-0.38637066,1.5793402,-1.0976557,-0.094737201,1.3212922,1.8857772,-1.8374734
19890398,-1.1319507,0.47109944,-2.0715438,0.38817376,-1.3310118,0.43531751,0.91332114,1.0051065
19890430,1.4843637,0.54429821,-0.17064051,0.49849029,-0.65549478,-1.0510271,-1.718901,-1.3995122
19890441,-1.671143,0.35206777,0.031199179,-0.46593985,0.3155424,0.47011563,-0.19625317,0.44698686
19890452,-0.71638667,0.21859963,0.057842328,-1.0076964,-1.0191268,0.21807326,0.27517148,-0.2278198
19890465,-0.49523056,-0.71183697,-0.17388442,0.49394412,0.34468922,0.43720789,0.87850175,0.73858925
19890504,0.15136754,0.12095255,-1.2292736,-0.5357904,0.57328349,0.54620696,-0.93295028,-0.49872046
19890509,-0.089676021,1.723995,-0.29549815,1.4991445,0.010699993,-1.218149,1.3716461,-0.47359416
19890513,2.6477877,2.1380957,0.39829886,-3.0234634,-0.72357815,-0.34185646,0.19748172,0.48841049
19890529,-0.90284961,0.21255917,-0.33951474,-0.065696409,-0.72164557,-0.0042145695,-0.26371365,-0.36921319
19890534,1.2523748,-0.52542756,0.96939884,-0.30256392,0.28593016,-0.52291878,-2.8966975,1.9547717
19890540,-0.80369637,-0.32646963,0.52071415,0.18059407,0.20360788,-0.98119652,-0.48244949,-0.04119493
19890559,-1.2166833,-0.13412414,0.71306454,-0.076434866,-0.50185609,-0.17515275,0.14557604,1.1986161
19890568,-0.11485523,1.2491286,-0.7775271,0.85372465,0.23715638,0.54522587,-0.34295456,0.80491336
19890577,0.1136071,1.2189303,-0.029903333,0.19756311,0.91931026,-1.521372,0.54857401,0.30644642
19890594,0.2365856,-0.37369905,-0.47505843,0.53383016,-1.5545654,1.5826982,0.6602597,-0.56297834
19890611,2.0221692,1.371427,-0.60550014,-0.84371084,-0.61973337,-1.4695261,-0.86721752,0.22355693
19890626,-0.88201803,-0.43432409,0.27702192,-0.1988107,-0.50934177,-0.7792826,-0.85892424,0.96101951
19890646,-0.6993431,0.34451531,-0.43347819,0.75404591,0.35211927,-0.83876097,0.78394924,0.6244924
19890683,0.59135147,-0.84546892,-0.31868458,2.7562731,0.096002864,-1.3352841,-1.5652557,-1.0413519
19890691,0.26876812,0.39317654,-0.75155063,-0.50593353,-0.61277408,0.13002528,0.65427849,-0.53624983
19890706,-0.59191192,-0.59209696,-0.3063049,1.4091336,-0.37897042,0.38840695,0.48705149,-0.19830644
19890738,-0.350419,0.25748853,-0.91433574,0.28564457,0.52367358,0.075094393,-0.40595221,0.34954148
19890770,0.098583816,-0.99919945,-0.38495742,1.523629,-0.9844742,-0.087783734,-0.81140989,-0.17963276
19890781,0.78854228,0.95602878,-1.0822616,0.54135766,-0.4990536,-0.38949205,-0.41582978,0.22371924
19890797,0.66131798,-0.16814349,0.56596776,-0.089780419,-0.28340228,0.75604114,-0.46053038,-0.89265941
19890809,-0.9235593,-0.16917967,-0.55309916,-0.38901671,0.1277626,-1.0716712,0.011544131,-0.31441766
19890810,-1.3087676,-1.3093906,-0.94855944,-0.35080601,1.2096604,-0.50629776,0.76699693,-1.4417786
19890816,1.3521919,1.9398423,-1.3222384,0.091476319,3.6143157,2.316745,-2.5911358,0.06893394
19890818,0.32533091,1.8064222,-2.0165312,1.7606171,-0.16347132,-0.75753687,0.8468321,0.018980179
19890827,0.8887531,-0.7344417,-0.57267862,0.68492977,0.25339431,-1.2956074,0.81791276,-0.023490871
19890832,0.3200198,-0.0034178921,-0.25613781,0.096376987,-0.11349497,-0.19807134,0.15374158,-0.5085988
19890844,0.85251228,0.69046442,0.25649623,-1.2538672,-0.86601122,-1.1800133,-0.098568048,-0.7942585
19890872,1.1611245,0.61011638,1.1121287,0.2458719,-0.1973287,-1.1173644,2.5855742,-0.753844
19890904,0.80938772,1.1090608,2.0758866,-0.38506107,-0.077487626,3.0427883,-1.432137,-0.86788412
19890906,-1.0109531,-0.49238666,0.21310399,-1.2978391,-0.38609481,1.4251539,0.97173547,1.4664142
19890911,-0.54249149,0.79301644,-0.13351919,0.1184863,0.78922548,-1.0036363,1.2618217,1.4353398
19890925,0.70276149,0.71840885,-0.22547551,-0.078303859,-0.83754043,0.40827336,0.25160432,0.20037697
19890963,-1.094987,-0.10532929,-0.36957556,1.0976799,0.14249564,-0.16458596,1.4620356,-0.82381944
19890971,1.2086433,0.75744028,0.62004436,0.5230685,-0.97466841,2.7865227,0.92745883,1.3841404
19890979,-0.90276398,0.4218744,0.25527144,-0.55630225,-0.24054456,0.75964845,-0.070810044,0.45736211
19890988,-0.33277011,-0.8848429,1.0354203,-1.0031,-0.85685585,0.55395462,1.3432356,1.6396957
19891001,-0.073315982,-0.28328041,1.4031301,0.41270833,-0.33919855,-0.40732902,-1.0891932,-0.07950056
19891007,-0.81966933,0.4790308,0.84243328,0.27493838,0.016821267,-0.16202538,0.26360986,0.1076381
19891031,-1.0401017,-0.095901475,0.53427337,-0.12780979,-0.58682884,-0.84695378,-0.33699385,0.20710985
19891036,0.30862179,0.53138719,0.48425357,0.88998339,0.26642372,-1.9340938,-0.11095115,0.13931788
19891045,0.28470693,-0.84428092,0.79662118,-0.9710865,1.1810703,-0.19153987,-2.1918293,0.86934552
19891057,0.47633689,1.321442,0.15747951,0.98938621,0.55549234,-0.68719553,-0.45134854,2.0308932
19891063,-0.01674244,0.34297195,1.172519,-0.039445683,-1.1060454,0.79940433,0.86664662,1.0569599
19891066,-0.019161727,0.4455071,-0.1689119,-0.45659048,-0.38207981,-1.074103,-0.81011729,-0.061288488
19891075,-1.1888348,-0.098603934,-0.099356835,-0.14756771,8.434971e-05,-0.98398256,0.086016876,-0.2277754
19891087,-0.90217082,-0.12289716,-0.38512261,-0.41569801,1.8418776,0.829094,0.24369789,-0.15405602
19891092,-0.48276643,0.57372411,0.43913967,-0.25874615,-0.46911761,-0.39160527,-0.41302653,-0.11253218
19891107,-1.220201,0.47285116,0.96929375,-0.4541404,-0.59426794,0.069665508,-0.44160556,0.41468789
19891122,-0.63062431,-0.027668897,-0.13944139,-0.29889405,-1.0630869,-0.71232503,-0.6865625,-0.19800522
19891130,0.75302083,-1.0865244,1.7567889,1.2792898,-0.97731513,-0.48605728,-0.25493441,-0.67825252
19891133,0.099715881,1.8592969,-0.17504794,0.5262272,0.21639089,0.41765031,0.15060541,0.91060408
19891150,0.28910495,1.1288882,-0.31228164,-0.065926213,-0.97970294,-1.1076801,0.72336102,0.12717411
19900005,-0.99739311,0.21694385,0.39352792,-0.20801296,-0.51616251,-0.54233405,-0.36970309,-0.10635676
19900006,-0.7480457,-0.059506133,0.42368021,0.43762827,0.024160325,-0.79731037,0.24697551,-0.88351874
19900009,-0.80372639,0.11436492,0.68956193,-0.26945243,-0.17855479,-0.2736797,-0.14347582,0.33233958
19900015,-1.0784584,-0.65166726,0.34847821,-0.36727066,1.083964,1.3485086,0.033271549,-1.1165227
19900026,-1.2559628,0.058006085,-1.2342761,-0.024730454,0.64373997,-0.75550619,0.077137434,-1.8029154
19900032,-0.58884716,0.98462059,1.6831275,0.75836133,0.11141379,0.8592402,0.39936525,-0.3142436
19900037,-0.17166134,2.16272,0.88578867,0.18393455,0.64039878,1.5684558,-1.0237051,0.93459853
19900047,-0.045934656,-0.36833449,-1.9805393,-0.54994138,-0.62748025,1.2171034,-1.0054742,-0.4550341
19900058,-1.0247147,-0.16995807,0.29271369,-0.36720866,0.69206857,-0.4587882,-0.90487952,-0.37474217
19900063,-0.44128344,0.12641364,0.29154986,-0.40832601,0.27563084,-0.62539132,-0.35815874,0.43167204
19900066,0.29324071,-0.19109535,-0.21425635,-0.5018711,0.16141036,-0.10944918,-0.20523072,-0.43835636
19900067,-0.73127041,-0.17814852,1.3004844,0.24718368,-0.47561174,-0.39574871,-0.1939052,0.097763697
19900070,1.3764622,-0.93278407,0.85530495,0.12679272,-0.6242459,-1.2049562,-1.0343062,-0.023320626
19900100,-0.27789701,-0.39777857,0.33759403,0.38930557,-0.82922321,-0.88498187,-0.67358004,0.2869598
19900112,-0.79122325,0.36999231,1.2873232,0.68592681,-0.6070918,-0.25679562,0.38541287,-0.99617948
19900123,-0.82616894,0.40719185,1.031682,-0.48803303,0.26799905,0.084986446,0.043468267,-0.23531567
19900146,-0.29639778,-0.17292025,-0.90394259,-0.042108591,-0.47884811,0.26825519,-0.34849906,-0.41375855
19900180,-0.31256381,-0.97794041,0.67131072,0.68074162,0.63392485,-0.36754597,0.31898376,-0.91252002
19900228,-1.5427542,-2.5926576,-1.140417,-1.776346,1.4428099,0.74319267,-0.25426678,-0.51359834
19900231,-0.20995974,-0.049276725,-0.40812801,0.83318021,-1.5051357,0.22692647,0.62004727,-0.97645588
19900241,0.70890269,-0.93407553,1.0164345,-1.4800995,-1.1531915,0.20609852,0.93562002,0.59123081
19900247,-0.77231108,-0.053944015,-0.83414151,-0.5968041,-1.5145095,0.10375478,1.0555884,0.70594806
19900253,-0.35966346,-0.51754533,0.089925467,1.6638254,-0.49305933,-0.59036926,-2.3145747,-0.93678542
19900267,-0.47320054,-0.25407606,0.090063002,-0.015134668,-0.42592593,-0.95851787,-0.34328013,0.32406942
19900276,-1.1186079,-1.3588867,-0.7421394,-0.12410179,0.75352526,-1.776675,1.3142096,0.50562095
19900290,-0.90635022,0.80759934,0.56865833,-0.23289512,0.98127265,1.2020839,-0.0073639824,-0.030687913
19900326,-0.93950467,-1.6344702,-1.2854085,0.6923756,0.26739104,0.69704882,0.8501892,-2.5778821
19900332,0.016910373,-1.0982494,-2.2199927,-0.29753537,1.2542986,0.85425041,-0.7224022,0.38514974
19900337,-0.14149606,1.3409036,-0.37858001,-0.14216469,0.53684055,-0.79499539,-0.39893413,1.0172039
19900345,-0.73641731,-0.19284247,0.072763842,0.074487767,0.26006142,-0.8774459,-0.15783069,-0.24545635
19900349,-0.067295199,0.39344708,-0.46645722,-0.19425951,-0.78360465,-0.30723877,-1.3020366,-2.4789863
19900356,0.50410334,-0.12125205,1.2945738,-1.3509224,0.99912251,0.56433366,0.99764985,-0.46878217
19900390,0.73414178,-1.5032042,0.24113781,0.42092343,-0.11116366,1.237094,-0.1087528,-1.4302682
19900400,3.939241,-1.1628334,0.89270688,-10.118983,-5.8509214,2.7072482,2.2356654,-3.6166783
19900409,2.8403954,-1.2286807,0.81325504,-1.4632703,-2.2455013,-0.84614374,-3.1796553,0.55652279
19900423,1.5025434,0.54489235,0.52658889,-0.56126644,-1.1997883,-0.30132686,-0.50943096,0.38658474
19900437,0.055240555,-1.1286841,0.66853674,-0.36091312,-1.239761,-0.061678222,1.2749345,0.047949313
19900443,0.66153771,1.7367009,-1.6269118,-0.12113881,2.4628801,0.32538279,-0.89388099,0.49178288
19900451,-0.38184452,1.8617375,0.57420385,0.90144006,0.57557392,0.94794927,-0.013271843,0.12315292
19900488,1.4599144,-0.52891031,0.43261124,1.3871866,-0.070009351,2.3435066,1.7843863,1.3600785
19900494,4.1196273,-2.3492184,1.4650135,4.1503589,-0.36997096,1.5129053,-2.4149974,-0.93072466
19900502,-0.32229548,-0.121627,-1.5759055,0.19856931,-0.85229497,-0.29306009,-0.66597749,-0.19006984
19900518,-0.49340092,-0.12112932,-0.74977449,0.35403951,-0.11718039,0.268545,0.31068763,0.035757833
19900520,1.0739201,0.67767119,-0.014900604,-0.44836585,0.8099419,-0.86507761,-0.92266049,-0.25651246
19900528,-0.24080605,-0.92414989,0.76248891,0.17013504,-0.68937251,-0.49151027,-0.68334861,-0.10212379
19900541,-1.1750161,0.51395043,0.76519371,-0.51039729,-0.33959326,-0.2391955,-0.33746223,0.342226
19900557,-2.212986,-0.90395336,-1.7456992,0.16348242,0.84173639,0.13710218,2.1297756,-2.0895371
19900579,-1.3278647,-2.363738,-0.1617369,-1.4823893,1.385325,-0.31935804,1.0533834,0.35776571
19900583,-0.47790316,0.735793,-0.7078853,0.67595266,0.029513311,-1.4267845,0.51722609,0.17483136
19900597,0.1015253,-0.85154272,0.61732261,0.89377858,-0.26156978,-0.072748729,0.71899825,-1.3444033
19900624,-0.44986648,0.42511945,0.53043468,0.28710803,-0.42881,-0.51759393,-0.37895118,0.34672883
19900641,2.1530212,2.481221,-0.5395592,0.094332679,-0.49203799,0.85780386,0.98670472,-0.78731593
19900661,0.76561235,0.66308098,-0.27010694,-0.70447582,-0.052100076,0.030773614,-0.63757238,0.38499326
19900687,-0.26758468,0.45359218,0.28714318,-1.448154,1.5613374,1.2374832,-0.86756611,-0.063206499
19900697,-0.55346677,0.88645345,-0.57880759,0.80210776,0.19705726,1.8727312,-0.073726474,-0.95898017
19900709,0.48881446,-0.049303321,-0.32964055,1.1540842,-0.46325427,-0.44017887,-0.12507296,-0.64839229
19900711,-0.45629844,-0.16168582,-0.096551132,-0.70137943,0.41796877,-0.12398092,0.3653365,-0.22175387
19900720,0.81094353,-0.0013417947,-0.85085695,-0.53830258,2.0873879,1.1144702,-0.77374469,-0.28826602
19900742,2.0359482,-1.7777913,0.29782162,0.47044945,-1.7261621,1.4344225,2.8204403,-0.65062155
19900755,-0.1335176,-0.73697002,-1.4412476,-1.5287608,0.91124171,2.6076601,-0.90391153,-0.034636263
19900790,1.4364992,0.98179266,1.4843546,1.3541087,0.4487548,-2.0402061,-3.506101,-2.2462886
19900812,0.41909599,1.4322636,0.48637445,1.0686506,0.39667719,1.6831777,-1.3129446,-0.027378924
19900816,0.90770151,0.44507217,0.6865195,1.228375,0.8007521,0.2650657,-1.2740562,0.54947853
19900818,1.8503865,0.62504829,0.32259857,-0.77730379,-1.0824787,-0.38153608,-2.5379961,0.004160538
19900839,1.2048943,-0.17893282,1.9548889,-2.059404,-0.85534259,-0.32005365,4.5942654,-0.41782744
19900847,0.074344208,0.60375342,0.42840488,0.042325999,0.094301306,-0.39063957,-0.66581133,1.2481616
19900875,-0.6493373,-0.43392746,-1.0288098,0.40044546,1.1621544,-0.71950778,0.88482577,0.043334557
19900879,0.64555152,0.58725459,-0.06490982,0.80227188,-0.15836276,0.61951628,-2.7624334,0.081336334
19900919,2.1257617,-0.97720025,1.1093004,-1.4720316,-0.43870448,1.1127492,-0.11966856,1.3368398
19900931,-1.0468841,-0.061819785,0.2296913,-0.54436177,0.92703247,-0.02462184,-0.34582631,-0.44997963
19900940,-0.16942108,-0.35008,0.50581429,0.05519826,-0.5397938,-0.24823813,0.51636157,0.46228408
19900953,-0.50420924,1.1963948,-1.7229764,0.82859447,-0.88319806,-0.053896449,0.64398306,-0.14520228
19900966,-0.7822802,0.52175582,0.060168699,0.85073191,-0.45575321,-0.60721882,0.64109245,-0.27820994
19901007,-0.93885535,-0.40772404,0.46952091,0.34999695,-0.17501026,-0.41650365,-0.22741081,0.91049218
19901017,2.0704203,0.92596507,0.054769091,-3.2073748,-0.12334742,-0.61305127,0.60278226,0.69231039
19901020,-0.74221128,-1.2854954,-2.7785375,0.18734193,-1.6774702,1.4731131,-2.3870262,-0.28451438
19901027,-0.45338207,-0.17989875,-0.70931899,-0.17577721,-1.0105563,0.12702787,-0.29853464,1.3238681
19901038,1.7967216,1.4349398,0.21112095,0.59984792,-0.35110416,-0.24848196,-0.21815866,2.8035741
19901047,-1.2421545,-1.3327471,0.020687988,-1.6035069,0.68186461,2.3908413,0.90031757,0.42119776
19901076,0.94585713,-1.1853594,1.4778883,0.24981581,-0.89682272,1.1233424,0.74419009,-1.5960569
19901100,-0.40765694,-0.53186219,-2.4334516,-0.22123279,-0.22629548,-0.011556266,0.47011149,0.82387562
19901102,-0.067838633,-0.60887743,-1.5910751,1.9240589,-0.43336718,0.16192513,-0.14854791,-0.99286221
19901114,-0.6627924,0.22405604,0.32865259,-0.23866463,-0.77099497,-0.85358233,-0.27725197,0.45102583
19901116,-0.13017036,-0.99058783,0.39093575,1.31535,-0.46223833,-0.34394045,0.29407817,-0.56778747
19901130,0.0085031158,-1.7849715,-0.047004399,-0.12165292,1.535443,0.10653919,-0.8143744,2.3764238
19901136,-1.2726276,0.3528923,-0.18783858,-0.30173747,-0.32914536,0.18618943,-0.24186513,-0.53851109
19901142,-1.0804389,-0.69493675,-0.13549587,-0.4329198,-0.46157824,-0.62370219,1.1930463,0.76500497
19901154,-0.78995228,0.43719683,1.5729094,-0.51611188,-0.50967118,0.49589708,0.054983591,-0.19448526
19901161,1.7834366,-0.87885817,0.53372341,0.50903433,-0.041951504,0.11963554,-1.4407834,-0.35381071
19901164,-0.56685423,-0.52115464,0.18421457,-0.72973964,0.3121813,0.02202931,-1.281595,-0.022341329
19910003,-0.20401687,1.6863887,0.11414474,0.39630075,0.98809701,1.0561756,-0.78251547,0.71660506
19910008,-0.61774216,-0.0063749541,0.58255788,0.58974071,-0.77565119,-1.4784844,-0.85711407,0.57931051
19910030,-1.159891,-0.37774256,0.61958382,-1.425688,0.053639034,1.5234591,-0.21154135,0.079992525
19910034,-0.64401692,-1.7068246,0.52388278,-1.0095326,0.58152628,0.85413519,-1.1855227,1.0430519
19910041,1.1424207,-1.140006,-0.28896547,-0.95094201,-1.6291591,-0.75437807,0.53682018,-0.049071341
19910052,-1.0262732,0.42508944,-0.83916271,-0.7199541,-1.0933641,0.53207088,-2.3853587,-0.2264478
19910057,1.0847079,-2.3638862,1.4744032,2.1580207,0.24183408,0.40245978,1.351329,-2.2765225
19910068,1.0286163,-0.038300949,0.75591021,-3.0135601,0.14840307,-1.9770365,0.11653635,-2.4294931
19910081,-0.78861801,-0.88510749,0.3916143,1.353107,0.024725518,-0.72896321,-0.89491551,1.2103252
19910094,-0.78779737,1.0488565,1.3435754,0.46069858,-0.28318264,-0.36219302,0.1324326,0.13812602
19910096,-0.82857866,1.1383317,1.5437725,0.6274462,-0.40201734,0.31149488,-0.16786974,-0.17231476
19910105,-0.57351288,-0.67642929,0.64893485,0.14401957,-0.8270321,-0.71327081,-0.15563534,0.92059999
19910123,-1.0444371,-0.082025118,0.10686683,-0.14133174,-0.94288307,1.4078314,-0.41909875,-0.2754195
19910133,-0.33921235,-0.39020412,0.077713666,0.34500247,0.039136104,-0.072930575,-1.4154587,0.1970772
19910151,-0.012416012,-0.23764405,0.89362004,1.2349922,-0.18258263,-0.73804097,0.76631257,-0.12613722
19910183,-0.43704788,0.31358841,-0.44621375,0.059024361,1.2797617,1.8830024,-1.36609,-0.84097995
19910194,-0.65131835,0.76587736,1.0659051,0.48166557,0.0015876324,0.11156941,-0.092092448,-0.30545365
19910214,-1.2660132,0.17229184,0.61421463,0.057402066,-0.46308931,-0.91993293,0.12084289,0.5972902
19910222,0.43601131,-1.0842533,-0.53573706,0.8972173,-1.2134111,-1.4071546,1.6135923,1.2054803
19910251,-0.80709104,0.40452079,0.27047578,-0.085552412,-0.36729941,-1.0433013,-0.10487672,0.13420755
19910260,3.0731903,0.64637596,0.88458215,0.32443123,2.8789972,-0.00074905248,0.88661531,0.46453136
19910293,0.39867464,0.91290449,0.56072747,-0.63804739,-0.8354166,-1.1521581,-0.94806114,-0.26111318
19910298,-0.66362141,0.92863892,1.1075625,0.25717464,-0.4829638,0.72649808,-0.01500032,-0.14312642
19910306,-0.66227454,-0.38151997,-0.44385573,-0.16228209,-1.0194496,1.5076707,2.2752474,0.79576939
19910310,0.67216521,-0.23690186,0.018137698,-2.9180999,-1.5065713,0.34372555,1.0042441,0.93527171
19910317,2.4620995,-0.41144579,0.33873198,-1.7645004,-2.91343,1.0431077,-0.98006845,1.3788333
19910370,-0.85681556,0.85067248,0.80987984,-0.14326358,0.24976151,0.62427292,-0.82121782,-0.23347738
19910374,0.25472226,-0.037894133,-0.36190724,0.61835893,-0.2100826,0.48577846,-0.7895859,0.044009032
19910380,0.94105074,0.021817228,-2.373949,1.5089232,-0.44878999,-0.30370599,0.54259067,-1.5860322
19910397,-0.82139231,0.0428925,0.41599078,-0.067605014,-1.0028068,-0.33061508,0.60429992,1.063954
19910409,-0.9597269,-0.040222364,-0.16800147,0.042141316,0.10406879,-0.74520485,0.34386848,0.44903123
19910416,-1.3318252,-2.1873318,-0.80963742,1.3766651,-0.57688656,1.8506486,1.3971035,0.29094593
19910421,-1.0238418,-0.76342834,-0.82476693,2.121828,0.57864071,1.9062525,-0.83261335,-0.42179787
19910446,0.21991145,1.2694904,-0.39394925,0.20452142,0.33905502,0.88604403,-1.3355755,0.29289419
19910449,-0.20912277,1.2708345,-2.2345727,0.33691325,1.6429389,-0.80585414,1.421058,-0.44933023
19910454,-0.21431181,-1.4003273,-1.8614404,-1.0199625,1.2283337,0.82382289,-1.501091,-0.43081238
19910460,-0.88481596,1.0245825,0.08337442,0.081354556,0.28217704,0.19393087,0.32695584,0.33910275
19910496,-0.64180789,-0.63566796,0.26927511,-0.85814357,1.0857123,-0.65507511,-0.2580525,-0.57932238
19910524,2.201771,0.097222343,-1.4506192,1.3935138,-0.20669118,2.6445367,2.469453,3.4817607
19910541,-0.120084,-0.52479728,-0.41499095,0.45193775,0.59743212,-0.54337685,0.48124496,-0.33961122
19910571,0.07258031,0.71592494,0.9408243,-2.2859507,-0.70787933,0.13586379,0.59605238,-1.2624973
19910585,-1.0895138,-0.025656988,-0.72519835,-0.54225,-0.73990433,0.36386026,-1.1388808,-0.83906646
19910603,2.9030421,-0.85874433,-0.79993856,-2.6859105,-0.19432931,-0.13816174,0.89579795,0.4734736
19910624,0.56751019,-0.98382148,-1.5416921,1.8679695,-2.3210006,2.2950794,-0.98420641,-0.98344491
19910643,-0.46175725,-0.33607764,-2.369306,-1.7681597,-0.44313433,0.72289746,-0.56631892,-1.1274418
19910662,1.8415019,-1.14258,-1.4691579,0.35627111,-0.28779572,0.45896231,-0.97035415,2.7676972
19910683,1.2494127,-0.17697125,-1.688301,-0.87614255,1.826416,-1.2107624,1.143392,-0.28569763
19910691,-0.55646128,-1.1109138,-0.97490631,-1.0401953,0.41896407,-0.55879463,0.64034143,-0.10512737
19910698,-0.82251423,0.80523241,-0.35996276,0.40117427,0.59702454,-1.2768769,-0.29885282,0.64240637
19910710,-0.74373072,-0.55214106,-1.1166908,1.6567965,0.16473462,-1.2615275,0.088122131,0.14131021
19910739,-0.28531902,-0.69416066,0.915651,0.12660482,0.52435089,1.7427121,0.26908455,-1.1810487
19910747,-0.039879105,-2.1384236,-2.3693657,-1.0122031,2.440899,-0.42283906,-1.2780669,-0.37696858
19910770,0.11505089,0.81557417,0.49178915,-2.8041874,-1.6142053,-0.39180919,-0.17975374,-1.9830926
19910777,-1.9689096,-0.98900415,-1.992611,-0.54674589,-0.025968556,1.5160406,0.56716008,-2.4370277
19910787,-0.32148489,0.63278609,0.52207494,-0.89622741,0.59240243,0.51408967,-1.543958,-0.1651062
19910806,-2.0689748,-2.0729516,-0.47820668,-0.81126638,1.9989387,1.1542723,1.1664432,-1.7339289
19910825,1.6444179,-1.5472308,2.0378032,1.2495766,0.91343598,-0.17774866,-1.3423558,0.8182598
19910826,-1.587878,-0.24598382,-1.3365537,-1.1855847,-0.53981722,0.89794505,0.58217807,-0.81890015
19910836,1.413857,3.0398742,0.73006336,1.6620959,1.3296467,3.9291351,0.2005217,1.4592538
19910886,0.90343907,0.039187879,-0.46626628,1.5343625,0.25236373,1.1086687,-0.16921877,-0.82093851
19910914,-0.69353869,-0.15063078,0.83869252,0.39237927,-0.97521293,-0.67683714,-0.42341023,0.54654099
19910919,-0.69015752,-0.20766594,-1.2835031,0.77400352,-0.2749463,0.55806388,0.88063593,-0.32456502
19910934,-0.95538637,0.14363459,1.041225,-0.97769804,0.013492585,2.6695679,-0.42293443,-0.44585268
19910944,-0.3551062,1.0203617,0.91019126,0.95362818,0.80637487,0.24620892,0.23925051,-0.34279931
19910975,-1.5196834,-0.58120562,0.13817679,0.0699235,-0.069249232,0.70082884,1.1645154,-0.63476895
19910986,-0.76179088,-0.11689959,0.55091087,0.80440768,-0.30083399,-1.0744048,0.38998827,-0.70187227
19910995,-0.67388803,0.055505573,0.85426931,-0.29610672,-0.6841302,-0.7969051,-0.20980481,-0.066649312
19910996,-0.43630651,0.64116212,0.94367303,0.0021070557,1.0719592,-0.85137473,0.67637131,-0.33017398
19911037,0.87059872,2.0342935,-2.7102876,0.19005578,-1.9947235,1.5956247,0.4752108,0.18823631
19911042,1.0483277,0.54905512,0.19343321,1.0695422,-0.69730331,-1.3724201,-0.81807443,-0.23491796
19911055,-0.22218938,0.034215757,-0.74173542,-0.46267531,0.94106505,0.31205053,-0.012444552,-0.66795884
19911059,-0.71663866,0.45125839,2.1506685,0.24321398,-0.27321933,1.7938903,-0.17255125,-0.80911203
19911060,-0.64500099,0.43328595,-0.41783505,-1.2346704,-1.7406133,0.59575335,-1.5331112,-0.034718892
19911070,-0.57218723,0.021637685,0.61597787,-0.23761727,-0.094968163,0.010730319,-1.0693897,-0.32104287
19911075,-0.85074229,0.94360444,0.41574622,0.28789456,-0.09722029,-0.3983069,-0.02995358,-0.72312707
19911082,-1.0566148,1.1365632,1.2131781,0.2769955,-0.24117829,-0.24629831,-0.20468737,0.33429182
19911089,-0.68793194,0.86886728,0.32543243,0.56632435,-0.17682617,-0.44169268,0.23796866,-0.35308951
19911108,-0.91286627,0.34973498,0.10948652,-0.16616715,0.40092451,-0.41893769,0.32195509,0.17889757
19911114,-1.0247222,0.43381897,-0.077848829,0.47363522,0.96842669,0.61389152,0.36677426,0.047414631
19911115,-0.58661817,-0.48283522,-0.59981844,-0.78473674,0.68468071,-0.14841464,-0.51510905,-0.39677686
19911126,-0.8686007,0.13653568,-0.065783785,0.8608153,-0.11526714,-0.44776565,0.93823728,-0.76218301
19911132,1.8889062,0.38576964,-0.45435736,-0.0065896011,-0.27945645,-1.3281727,0.95962589,-0.34069608
19911145,-0.52525989,-0.14356474,-0.87925698,-0.12788372,1.5999039,-0.60517644,0.63956327,-1.5590363
19911146,-0.88924474,1.6510227,-0.65991452,0.48028657,-1.6626613,-0.14774615,-0.034374485,1.0895109
19911148,0.069704672,0.40615637,0.6192332,0.29414678,-0.53682498,-0.88955984,0.28577173,-0.031972176
19920029,-1.131721,-0.27491455,0.11429121,-0.026133362,-0.68302663,-0.099050034,-0.11683578,0.39539295
19920043,1.9527851,-1.5088447,-0.26854192,-1.9216308,-0.22671247,2.4097657,3.3413157,1.6136784
19920068,-0.71352752,0.24755913,1.6965918,0.098043312,-0.75060339,0.35726278,0.09604291,-0.66162181
19920072,-0.89985013,0.42264372,-0.068576352,-0.173744,-1.1157649,-0.21901821,-1.3307831,-0.36926073
19920084,0.22022406,0.79413236,-0.63491525,-0.49048373,3.6685201,0.29317357,-0.30744021,0.046286527
19920090,-1.3466563,0.77775056,-0.7258511,0.8474579,0.91684398,-0.24293111,1.7416934,-0.22613823
19920107,0.59921325,-0.020920691,-0.28937672,0.47546003,0.53263917,-1.1282066,-0.61757152,2.0335537
19920112,-1.1175259,-0.47522848,-0.020699346,-0.13091884,1.1923897,0.14713505,0.5365136,-0.070474829
19920133,-0.011706671,0.27438368,0.47075194,0.37775647,-0.48281182,0.30029706,-0.23342034,-0.019137444
19920145,0.35025618,-1.2103851,0.55074402,0.1365152,1.4255155,0.5155304,-1.4102053,0.61129148
19920157,0.99587895,0.0021966718,0.048878209,-0.52517641,-1.1804402,-0.76375928,-1.0460316,0.32935391
19920170,0.23299967,-0.31951671,0.021858969,1.1866592,-0.38813581,-0.75805756,0.17756121,0.046122041
19920172,-1.9008908,-0.16067564,0.70815966,-1.247737,-0.375487,-0.12718652,2.80731,-0.14153149
19920186,-0.99266076,-0.71415648,-0.46759851,-0.54951271,0.023694949,-0.49153181,-0.21919339,-0.66928078
19920189,-0.13985256,-0.58599754,0.39093152,-0.94777728,0.3133768,-0.61941274,-0.57868218,-0.49516086
19920197,-0.015677178,0.80167381,-0.22767771,-1.2973623,-1.9808187,-0.38052988,-1.8830505,-0.7406583
19920207,-0.049314511,1.0028405,1.1898919,0.074424293,2.0663703,0.13073458,0.36912159,1.3930972
19920209,-0.045838148,0.57380378,1.0136888,0.59715492,-0.13200238,-0.54633057,0.4600805,-0.39389725
19920229,-0.33400326,-1.239909,-1.8615415,-1.6662927,0.44311149,-1.6953876,0.15296689,-0.59295802
19920245,-0.3422419,0.11437678,0.97050393,0.4358726,-0.24075043,-0.085945791,-1.3199087,-1.0960921
19920248,1.5933316,0.60217142,0.61794809,-0.2917295,2.3119457,0.41601819,-1.7923117,1.34988
19920253,-0.58611654,0.33141044,0.61181102,0.09745591,-0.66308228,-0.38616188,0.063887785,0.085960722
19920268,-0.70785825,0.88958806,1.275038,0.087194827,-0.19264185,0.010136252,-0.33174204,-0.20826326
19920295,0.61907969,-0.25557384,0.69922172,0.22000213,-0.53489964,-0.52151783,0.12069977,-0.30909939
19920308,0.30324006,-1.3344761,1.8297113,1.0863304,-0.75175115,0.61537925,0.64739143,-2.0022272
19920330,-0.94978428,-1.2920231,-0.22497664,4.2681432,-0.44422215,0.046452504,-4.4339602,0.12744435
19920345,0.076091469,-0.38994356,0.90770021,-0.12732699,-0.03382702,-0.59721758,-0.40497767,-0.2710789
19920346,-0.2985266,0.652286,1.0326143,0.99854344,0.13313282,0.30126819,0.098003948,-1.3841251
19920370,1.6446252,-0.98432822,0.76230302,0.10014928,0.79035997,0.13749426,0.26317533,-2.1585935
19920379,0.064624069,0.37557911,-0.62656378,-1.0424508,0.38167808,-0.44010751,1.0066079,0.21831877
19920380,-0.78333373,0.35543062,1.4047602,0.37246517,-0.58182921,-0.13452504,0.082405283,0.45246237
19920391,-1.5574801,0.028237519,-0.83278503,0.37575646,-1.4069218,3.8024103,-0.0028308823,-2.1248473
19920404,-0.45710927,-0.19657858,-1.1970484,0.28831875,-0.41749295,-0.12236852,0.48519467,-1.1649401
19920411,-0.42033756,-0.2441342,0.026487253,-0.48784691,-0.49090719,-0.33596841,-0.50270533,0.2664153
19920418,1.7082515,-1.008856,-0.14323083,-1.1774151,-1.0361885,0.55000524,1.3494459,0.19638173
19920424,0.0043944546,-0.42322007,-1.46778,2.4567273,-0.52457035,2.2946724,1.5166184,-1.2112235
19920433,0.43481172,0.84621513,-1.5431613,0.15150462,1.5236661,0.0031438994,0.45966172,0.26214325
19920442,0.37858095,-1.0773438,-2.3250792,0.29654008,1.7364205,0.24870408,1.6253257,-1.2588245
19920451,-1.1065931,-0.27673724,-1.2073968,1.1734785,-0.10747134,1.4068612,0.27754917,-1.0015817
19920455,-0.50152523,0.68795734,0.18869152,0.38118053,0.23524289,-0.6538608,-0.66373056,0.50318264
19920456,0.24892499,-0.14271545,0.1630642,-0.57286826,0.95985939,-0.35907768,-0.55161479,0.35062601
19920460,1.6672421,1.0180328,-0.67391906,-0.47779491,-1.587574,1.314228,-2.425916,0.36780439
19920472,2.8396514,-1.4898977,-0.77950666,1.2158255,-0.42882332,-1.1060413,0.17993337,0.22707308
19920494,-0.86744723,-0.11352419,-0.31753946,-0.31323482,0.96976833,0.83630145,-0.70998283,-0.38096135
19920501,1.6901966,-1.4505152,0.59550761,-0.66007281,0.66539038,-0.14777997,2.1929799,1.319338
19920507,1.3427555,-2.7550525,0.31357347,0.3399303,1.5200363,2.716027,3.2717743,0.36635749
19920521,0.20385917,-0.039002215,-1.1614059,-0.17584013,0.70191478,-1.0437824,-1.0017554,0.82964631
19920528,0.85349424,0.80460335,1.0821016,0.19260059,1.8450501,0.86712815,-0.5995428,0.52132868
19920543,-0.70328843,-0.20847615,-1.2663114,1.6781427,0.10839264,0.47558819,0.89432584,1.2558199
19920579,-0.77370279,0.68431822,-1.6569513,0.60376561,-0.36576301,-1.5905171,0.16975584,-0.92541899
19920606,0.41735812,0.89004181,0.086308304,0.80157851,0.063466119,-0.47511286,-0.79544022,1.3039696
19920614,0.56886929,0.31834044,-1.4098752,-1.1334744,1.5647631,1.6455847,0.048938275,-0.14643999
19920628,-0.36054992,-2.1623715,-0.37074421,0.86004146,-1.440884,0.97444562,-1.565401,2.2908596
19920670,-1.1762584,0.45745327,0.74469723,0.24914276,-0.15698568,-0.1226567,1.0920772,1.6028124
19920679,-0.084399865,-2.3158054,1.8246022,1.4608459,-0.88970954,0.53454965,1.9731262,3.7542781
19920685,0.18534549,-0.35335911,-1.6967965,1.1359647,-1.07296,1.6222306,0.66115552,0.42785449
19920696,-0.23433639,0.49351206,0.8707882,0.40624407,-0.78884044,0.097585162,-0.35072267,0.14197933
19920697,-0.6776037,0.48103113,-0.18759484,-0.67178744,-0.097836165,0.84399808,0.30742401,0.85224972
19920700,-1.5616488,1.227089,-0.032998668,-1.2250093,-0.12603777,1.0005199,1.4983494,-0.36277109
19920709,-1.6941298,0.023869211,-1.1636266,0.51499102,1.1748938,-0.18723354,0.43165695,-2.0537555
19920714,0.74718702,0.63159402,-0.93569196,-0.30522337,-0.35450505,-0.87275331,0.21051316,0.4506629
19920719,1.0462378,0.92442109,-0.5988805,-1.1306475,-0.041282342,0.388402,0.19355129,0.38925495
19920727,-0.60280067,0.1170059,0.57911527,0.65617201,-0.28335974,-0.57451461,0.22533374,0.032773048
19920759,0.454882,1.8768237,0.59246868,-0.20273695,3.2421298,0.79447478,-1.3196222,1.262559
19920791,1.0144256,0.57800473,-0.031687965,-1.8632236,0.70771897,-0.11786934,-0.49318003,0.6633035
19920829,-1.0922955,-0.3110506,-0.4357278,0.12415773,0.45824757,0.78041035,0.020746979,0.2340893
19920832,-0.95221016,0.17262995,0.74703572,0.28785607,-0.17623988,-0.81009159,0.19432644,0.024079121
19920864,2.4278522,3.8969618,0.024072378,4.1650937,2.0250473,4.0081519,1.5974271,1.360266
19920877,-1.1786371,-0.14628746,-0.069769027,-0.85444866,0.60335,-0.012860406,-0.23761285,-0.13595721
19920879,-0.010575801,0.29130385,0.70660931,-1.3617358,-0.38096287,0.1614272,0.34112435,0.37824493
19920890,-0.35272248,-0.029626835,0.85699343,0.34352841,-0.20196977,-0.22623202,-0.40390711,-0.78501372
19920898,3.3173242,1.3288295,-0.20053073,1.1366852,-0.10229331,-0.28366421,-0.097239888,0.16077393
19920919,-0.70892374,-0.53445814,-0.002306372,1.2816861,-0.76563246,-0.53730497,-1.2557985,1.0645052
19920925,0.32611015,-0.49847632,1.2197029,2.0483488,-0.45758511,0.18569409,-1.268168,0.25167894
19920931,-1.5957987,-3.5754354,-0.078985228,-0.2801634,1.3145475,0.85774733,1.0831324,0.36011116
19920951,0.60066575,1.1693476,-1.0998053,1.1756744,-1.8491278,0.37861745,-5.4200895,0.58914071
19920953,0.96349142,-2.6298102,1.3462095,0.16711504,-1.8846815,-0.33618247,-1.1830377,1.8877365
19920960,-1.1450451,-0.93266006,-0.0021515646,-0.86523199,1.5352001,-0.49951871,-0.068949834,-0.92305884
19920967,-1.3444757,-1.0713277,-0.42405671,-0.40104383,0.13005256,0.035224208,0.028948412,1.1999585
19920971,-0.029452287,-0.55306887,0.09119849,0.085782337,0.41847976,0.11762014,-1.0391381,-1.3768122
19920976,0.83681624,-0.36671327,-0.3561477,-0.69721464,0.86836781,-0.3115713,1.5532145,0.76334684
19920980,1.2182958,0.61967235,-0.16598132,2.1387329,0.73324089,-1.0342498,1.1944675,-0.36394203
19921005,3.4204487,1.9201225,-3.6498701,1.8298752,-0.81830297,0.48297055,2.0478693,-0.21304317
19921015,-0.16269231,0.42812615,1.1974354,0.81521405,-0.39074278,0.053254922,-0.41532987,-0.29073128
19921017,1.241251,0.94023616,-1.0347344,-0.77234176,4.5100011,-0.035825247,-1.1761951,2.576764
19921027,0.960104,1.2491751,-1.1689416,-0.36183805,1.5188695,-0.55398872,0.085916257,-1.1842877
19921029,-0.81606066,0.45980387,0.30503607,0.40975104,0.0067606308,-0.90866872,0.38216091,-0.47796474
19921039,0.081070161,-1.1321422,0.73009063,0.89607689,-0.49977434,-0.070203118,-0.83739908,1.3384265
19921049,-1.0471861,0.79871692,0.78800418,-0.20001217,-0.10766312,0.23457474,-0.70881203,-0.25259062
19921072,-0.80333122,0.22381454,0.71105504,-0.3201059,0.0074324222,-0.75691866,0.26208006,0.65920955
19921093,0.11050251,-0.20056617,0.43476061,-0.36102464,-1.1873334,-0.31451408,-0.090938104,-0.27718513
19921100,-0.19083975,-0.29630522,0.92974661,0.63892435,-0.17241426,-0.23496772,-1.507264,-1.7455737
19921138,0.19694113,-0.79074964,0.34387555,0.32154253,-0.40868517,-1.3618403,-1.5349491,0.27208368
19921140,-0.56955316,-0.58925873,1.5136457,0.39791758,0.65446748,-0.41817306,4.135073,3.642422
19921142,0.10780467,0.89039941,1.3541344,1.0978996,-0.1981595,0.30861324,0.052470836,-0.62824232
19921146,-1.5011922,-0.40487123,-0.34395169,0.9209706,-0.55094491,-0.4408223,0.05366113,0.71712702
19921160,-1.2361811,0.15898824,1.0264571,-0.51291121,0.097047595,1.6202302,-0.90431516,-1.4656566
19921171,-0.46081762,0.14348209,-0.29233297,0.4729767,0.51047091,0.98861183,-0.11841287,-0.95670547
19930007,-0.92253041,1.0228403,1.0922048,-0.25189841,0.10040525,0.2293413,-0.3208046,-0.02237725
19930012,-1.2444423,0.86948352,0.035600919,-0.3430573,0.23405393,0.62961918,0.1460289,-0.13808262
19930018,-1.2608179,-0.92085787,-0.1751504,-0.78427642,0.39798598,-0.9305837,-0.70847552,-0.28348424
19930022,-0.28496072,-0.62331951,-0.36039757,0.68280985,0.13156338,-0.46721624,0.4730792,-0.63788268
19930027,-0.88756496,-0.034167659,0.39841834,0.44690218,-0.26092716,-0.4180828,0.68498356,0.28355435
19930039,-1.3114808,0.43467147,0.01290132,-0.69566665,1.0651581,0.21447356,0.69497748,-0.42195187
19930045,2.2927179,1.481307,-2.9329905,0.39258986,-1.4273773,-1.2506365,0.87789075,0.41920887
19930052,-1.7861417,-0.21991088,-0.63709625,-0.78611912,-1.3537191,0.57566582,-0.15441106,1.4748787
19930061,-1.097038,-1.0149932,0.65525828,-0.60257622,-0.24992688,-0.15962146,-0.69112535,-1.474281
19930064,-0.81230732,-0.10853975,0.7532885,-0.40306061,0.088701939,-0.16661102,0.37483128,-0.32959926
19930071,0.8641543,0.5029201,0.38385707,0.6841869,-0.43501199,-0.84334902,1.27145,0.51783126
19930079,0.76320982,0.41675193,0.25925599,-0.59859781,-1.5210266,-1.0501015,0.46581026,-0.26526403
19930080,-1.5462602,-0.29873904,-0.29103415,-0.96702583,1.4376421,0.84472284,0.78830212,0.02903376
19930095,-0.81831937,-0.10833948,1.1267499,0.11398507,-0.60371281,-0.56152037,-0.14742961,-0.59659991
19930124,-0.35090711,0.12492802,0.81405406,0.86028094,-0.85997892,-0.57103558,-1.8121172,-0.38351308
19930146,-0.7297901,0.395873,1.3513655,0.046045562,-0.3426103,-0.16447631,-0.13148159,-0.61113899
19930155,-0.10749725,2.6093077,0.93366123,1.1132139,1.2625608,0.18619064,-0.44141892,-0.20574909
19930158,1.7899917,1.3700153,-0.0043421922,0.2277622,4.1684719,0.77225056,-0.39221772,2.1074703
19930179,-0.13806851,0.4036658,0.79754832,-0.21687794,-1.0243973,-0.90501461,-1.1825481,-0.65844854
19930184,-0.32624948,0.15098428,0.85267861,-0.24777543,0.94655113,-0.01607503,-0.59249111,-0.23912346
19930191,0.72473607,0.82377507,0.34588468,-0.73833794,-0.17730431,-0.81864929,0.40511326,-0.28648544
19930211,-1.1625909,0.5880684,0.79026277,-0.42498927,-0.61994582,-0.2752888,-0.74537738,0.10416997
19930246,-1.2756003,-0.25814162,0.31450986,-1.3083159,2.0208461,-0.60749813,0.19129006,-0.37373886
19930261,-1.2798292,-0.062359282,0.42973546,0.59392541,0.54948312,0.89346052,2.339716,2.1054556
19930273,0.17305272,0.36670037,0.61290652,0.043069216,-1.0637019,-0.92314395,-0.91365269,-0.97439862
19930275,-0.23683034,-0.43662428,-0.97675271,-0.36403293,0.14535798,-0.87234362,0.037281583,-1.3380886
19930289,-0.94410115,-0.39492348,-0.57823127,0.6048133,0.23067028,1.1936698,1.3163792,0.82837976
19930293,-1.289195,0.51533453,1.0719235,-0.18283348,-0.72583641,-0.44938412,-0.43389834,0.25938018
19930298,-0.40700323,-0.2514143,-0.67358646,0.031790393,1.0998291,-1.6264135,0.36280266,-0.62477697
19930314,0.32046469,-1.5247322,1.01771,0.35561357,-1.184847,-0.91595248,-0.40926756,2.9676064
19930344,-0.54990722,-0.48991215,0.16038835,1.0978159,-0.26868636,-1.0181581,0.93105856,-1.7876163
19930349,-0.90543483,0.10642933,-0.47402775,0.10066928,-0.81478789,-0.9137474,-0.20948914,-0.5880896
19930356,0.93489445,0.28862489,-1.4768206,0.24103043,0.66771678,-0.66657295,0.071273305,0.13057425
19930364,-1.1235875,0.78812296,-0.13461374,0.25651415,-0.26181969,-0.94374868,0.53962854,-0.21430244
19930366,-0.90896252,0.10840242,1.1213416,0.22567919,-0.68854953,-0.66231983,-0.070832956,0.68986855
19930375,1.5276836,-0.63250097,1.4072717,0.5213325,1.5488282,-1.9986563,-0.9777308,0.75665912
19930382,0.094150889,0.87861548,0.23749978,-1.0332399,-0.13921866,0.16189049,0.10648041,-0.27982778
19930392,-0.92692221,0.40427483,0.99740563,0.55032097,-0.66967843,-0.69155843,0.27279056,0.71176767
19930396,-0.1058031,0.38662719,0.37085585,-0.11870781,-0.58673035,0.25328348,1.5514031,0.80422825
19930411,-0.26736339,0.13666225,-0.53885454,-0.02524245,-1.3966493,0.15525645,-0.8863821,-0.78596729
19930419,0.38994232,1.2381828,-0.2566,0.59394935,-0.93633196,-1.4913386,0.62071429,-1.5727742
19930443,-1.6190973,0.50124055,0.24256792,-1.6333463,-0.95054641,1.0161406,0.61879109,-0.43636957
19930472,2.0778631,2.0200016,-2.3704401,1.9559102,0.78831835,0.98495692,2.4271757,1.7522762
19930476,3.2579225,2.1779627,2.4629509,-4.3095713,-1.631362,-2.2176549,-2.5172263,-3.9047099
19930505,0.59308612,-1.3511128,-1.1100155,1.2760243,-1.0146899,0.33457937,1.7079233,-1.7487851
19930515,-0.019391157,0.6093407,-0.37871341,-0.18274819,-0.070983831,-1.1753953,-0.66369706,0.18566391
19930531,3.1606042,-3.0129977,-0.23222331,0.9567069,0.05804105,-4.0793047,0.62869941,-0.13772637
19930561,1.6465206,1.4001539,0.96538685,1.4137639,0.9835695,-0.58104711,-0.94286554,-1.1088789
19930571,2.7321669,0.65102886,0.57591378,1.0053156,-0.94951239,0.030293299,-1.4773723,-1.4737142
19930572,-0.99306393,-0.44474296,-0.13758361,-0.55992646,-0.16302159,-0.63292962,-0.65422132,-0.87749469
19930584,0.55772287,-0.92083242,0.19096925,0.017643411,0.62231066,-1.087329,0.11226825,0.95835091
19930602,0.20333204,-2.226443,0.15853286,-0.68220696,3.7537568,-1.7808757,1.9725801,0.25553934
19930649,0.080619224,0.71900454,1.326921,-2.1443947,-1.4991739,0.24362864,2.5084994,1.3649671
19930650,0.53894139,2.8758149,-0.08864028,0.37837878,3.4488683,1.0302852,-0.96876308,0.9228304
19930654,1.2811734,-0.54397422,0.74045182,-1.5001184,-1.2492867,-0.48311185,-0.025470358,-0.5678737
19930666,2.7262007,-2.2974102,-0.26550744,-0.45659364,1.8953809,-1.2968757,-1.8194515,2.7211889
19930680,2.3272926,0.82067778,0.21220381,-1.9278958,-0.62775353,0.81470078,0.5424122,-1.5397903
19930687,1.595742,0.59149202,-0.12276521,-1.4093851,0.36310765,-1.4787052,0.71956858,0.94536699
19930695,-0.33759848,0.80031341,-0.39903518,0.85439119,0.32428062,-0.55380901,0.79268127,0.79559036
19930700,0.71857563,-0.61381709,-0.77237082,-0.31142664,-0.62687702,0.93275592,-1.7934289,0.086324405
19930722,-0.43365898,0.46451814,-0.44341986,0.34783755,0.21411507,-0.34691882,-0.083104425,0.55732556
19930733,-1.5885445,-1.0797204,0.21883088,-1.200888,1.1797932,0.41422306,0.46083385,-1.1352063
19930735,0.39687088,0.31750062,-1.1619637,0.20633422,-0.66672367,1.1460932,-1.0642321,1.5041203
19930755,1.0026369,0.63060484,0.030605934,-2.7835836,-0.82335168,-0.65892515,0.18985705,0.048615174
19930756,-1.9012195,-1.6368146,-0.66636011,-1.2681369,1.8428173,-1.1418195,0.43526823,-1.2723808
19930762,-0.41028105,0.73705263,-2.1258324,0.46159053,-0.40850246,-0.38159295,1.3625616,0.14853311
19930790,-0.23312714,1.3555994,-0.14384296,0.45917896,-0.47940344,-0.59024139,-0.34231713,0.56174685
19930793,-0.068855661,0.68858822,0.95560979,0.36348853,-0.37777734,-0.85822276,-0.69678282,0.39030493
19930794,-0.35226674,1.6350185,0.043098243,-0.19877781,0.69244586,0.44078911,-0.57544764,0.45412846
19930798,-0.95884372,0.83472856,-0.056386969,-0.14587634,-0.0215203,0.52393602,-0.36786764,-0.074006992
19930817,-0.83719803,0.35781492,0.060314906,0.5464089,0.13768167,-0.39998348,0.54383033,1.024128
19930886,-0.034142767,-0.17753918,0.012517401,-0.14415319,0.45460274,0.18661442,0.0027717691,0.36560653
19930902,-1.1948815,0.28529377,-0.22512766,-0.42726868,0.39479355,-0.74352903,0.31432026,0.0050350559
19930909,0.78313519,-0.72288988,-0.79652448,-1.6913948,2.5353205,0.56135753,-0.063337704,2.5802098
19930911,0.36673741,-0.98753417,1.0283611,0.33088968,0.50686797,-0.13493091,0.40254915,-1.4414295
19930925,0.5322755,1.1745158,1.3619695,0.17852503,1.4484143,1.0661753,0.61067041,0.40255622
19930943,-1.0870039,0.37847673,0.68215882,-0.59817527,-0.26204379,0.25332679,-0.92495829,0.23257085
19930952,-0.3739769,0.51695123,1.1419056,0.72476608,-0.61824437,-0.73526613,0.08305854,-0.009742867
19930958,2.0363487,3.5810539,-1.8557738,0.76270934,1.989931,1.3286556,-0.86492924,0.94022637
19930961,-1.0077476,0.83465849,-1.5613995,-1.3601626,3.8611002,1.4453565,0.021559837,0.27524082
19930970,2.0625064,0.65723033,-3.6980939,1.2729398,0.9052164,-0.15557385,0.26101301,1.1529537
19930975,-0.84281682,0.083892361,0.16868784,-0.38071528,0.87853143,-0.46502346,0.33634102,-0.30983224
19930998,-1.224059,0.40955891,0.40502929,0.19601244,0.12013916,0.10736635,0.59325928,0.26711823
19931022,1.3391956,0.65833508,-1.6268535,-1.3324507,1.4952383,1.9495199,-0.21661513,2.4133612
19931037,-1.1827071,-0.95530438,0.35733406,-1.207844,1.8166917,0.49331175,0.34476004,0.10374545
19931042,-0.84709533,0.13655623,-0.26713518,2.3194525,-0.42796276,0.22040817,1.6456854,-0.96702977
19931068,-0.5976963,0.22923128,-0.0057181243,-0.35813298,-0.68346453,-0.20606185,-0.39314657,0.20519233
19931070,0.28761944,-0.079455777,0.25374119,0.057041314,1.0094688,-0.68973256,-1.3597943,-0.48411286
19931078,0.17366192,0.21894416,0.98739887,-0.76349288,0.019580569,0.071924735,-0.038365969,-0.086473817
19931081,-0.46159362,-1.2653413,0.85854996,0.98714347,-0.20056096,-0.55184247,0.43009589,-0.25357033
19931090,-0.047362395,1.2808746,0.51087386,0.015887903,-0.18634644,-0.35523098,-0.79369137,0.32396464
19931096,0.2422066,-1.5876392,0.67260223,1.2772965,0.93119248,-1.0527689,0.3523386,1.4495597
19931108,1.178959,0.68092317,-1.3047706,1.3309212,-0.89563593,-0.96289387,-0.84024441,-0.043204345
19931114,-1.4268538,-0.66930812,0.1934276,0.27830337,-0.043168792,0.53394759,1.0233488,-0.036801226
19931133,-0.58675203,0.082926483,0.23036827,-0.70828178,0.97919694,0.42936546,-0.17200875,-0.20454415
19931147,-0.41760126,-0.3440361,-0.24249869,0.31686043,-0.31061673,1.0051004,0.5491711,-0.85499062
19931162,1.6598988,-0.56825314,-0.54135966,-2.1348806,-0.79679538,-0.46577146,-1.2465612,-0.4206869
19931164,4.5410683,-0.047385974,1.8148817,1.0608159,4.7434309,2.5796644,-2.4755781,2.2432051
19931174,-0.2525973,0.41096825,-0.72021217,0.34439044,-0.80545315,0.49518884,0.18770473,0.70786192
19931177,-0.27506843,0.9662546,0.0435717,-0.20421746,0.98651203,-0.77974697,0.0050962871,-0.57608906
19940008,0.076563633,1.4522283,1.6158273,0.39354134,0.63247058,-0.0001977969,0.3468638,0.018753241
19940010,-1.1332746,1.043945,0.79824158,-0.039403067,0.21260795,-0.25604634,0.79597799,0.14405795
19940020,0.81152036,-0.85459692,1.6888353,-0.23719715,-1.256357,1.0532108,1.8078088,-1.2046244
19940029,-1.2935609,-0.46370173,-0.65256036,-0.25581248,-0.0080843517,-0.6446688,0.27679729,0.4626169
19940047,-0.6425683,0.2688833,1.0044785,-0.34106151,-0.48743524,-0.1240512,-0.13343489,1.0546223
19940048,-0.6268599,-0.49720763,-0.49729817,0.086942552,-1.0308314,0.86847531,0.0047651498,-0.28651352
19940051,2.1056579,-3.1175795,0.85886335,0.98646786,-1.5025661,2.2766916,-1.9960921,4.2285213
19940058,-1.4274626,0.46768432,0.81077081,-0.57146501,-0.23436445,-0.0349547,-0.082695957,-0.57754626
19940060,-0.80437313,-0.71972265,0.29003837,-0.39675796,0.87586857,-0.30209179,-0.25286521,-0.65350806
19940067,-0.26631588,0.42171397,-0.1575942,1.1528374,-1.0048993,-0.20463235,0.46151095,0.078257071
19940081,-0.83501083,-0.15104831,-2.0901893,0.65171545,-1.6837726,2.4491937,1.688754,-0.05606134
19940089,-0.14250985,-0.29181092,0.17649346,-0.50685756,-0.0047041588,-0.68774149,-1.6076039,-0.90753074
19940106,0.12104089,-0.73861778,-1.7615008,-1.1048673,1.8262881,-0.046080886,-0.8737959,-0.17159056
19940115,0.93243878,0.57350675,0.74065304,-0.41156786,-0.93700285,0.13795307,-0.77004028,-1.4340035
19940122,-0.053813223,-0.37443024,0.16145868,0.23194085,0.59644678,-1.6457036,0.88340539,1.2066279
19940134,0.86473949,-0.50657798,0.68357516,0.2396023,-0.039676199,-0.47159458,-1.4727777,-0.87747292
19940160,-0.066414501,2.0447943,-0.57923694,1.2137546,1.1311859,-0.71019092,0.6485139,0.92800968
19940163,1.7706769,0.77386416,-1.01245,0.4721257,-0.95858019,-1.1312514,-0.98055359,-0.49721065
19940182,-1.440445,-0.60374126,0.4008161,-0.50370111,0.26643843,-0.62542502,-0.3597417,-0.30916189
19940195,1.0665448,-0.0037576251,-0.50816001,-0.51290833,0.10478326,-0.31799088,-0.23157188,1.6310749
19940216,-0.4478865,0.068534426,0.88604196,-0.52237135,-0.93308181,-0.70048013,0.3868737,0.15805499
19940237,-0.48747558,-0.52950042,-0.68157701,-0.22007645,-0.24516101,-0.12304157,-0.1318174,-1.2106179
19940246,0.027509619,-0.79403066,-1.1472639,-2.4291731,-0.1582394,0.63313894,0.14316518,-0.76322688
19940266,-0.52007268,-0.63319305,0.70463595,1.3626827,-0.28120013,-0.032506862,0.77375883,1.6957944
19940268,-0.93607777,0.28643822,0.016939093,-0.89327314,0.73331533,0.33473335,0.09291305,1.4166999
19940272,-1.1457895,0.36193997,0.17444883,0.020208184,-0.6605804,-0.75805609,-0.29352081,-0.66461187
19940276,2.6850703,-0.62140028,1.4446859,1.39397,0.15571097,-0.85248127,0.65931323,0.23094275
19940310,2.0510676,1.3734637,-1.162217,-1.3932049,-0.67590532,-2.0175649,-0.19205809,-0.24300967
19940325,0.30077821,-2.5254208,-1.8703604,-1.0418437,0.35103606,0.74657781,-1.3908421,1.0338144
19940337,0.3664933,1.2040053,0.33537686,1.1554414,0.42829726,-0.79116589,0.83131982,0.9697603
19940367,-0.31409406,0.017619947,-0.046496423,-0.66839322,0.293275,-0.93816962,0.10576174,1.2057465
19940368,0.11686344,1.174616,1.246802,0.18020477,2.142367,1.6519831,-0.78794929,-0.25101422
19940373,1.3336309,-0.125076,-0.1747054,1.757402,-0.11909509,-0.1464659,-0.92989314,0.62841349
19940374,-0.19383516,-0.79054899,-0.30629767,-0.90970897,0.8274597,-0.082616012,-0.3237218,-0.34038534
19940383,1.0098914,1.0716069,-1.4274341,1.7724764,0.53535164,-1.5783612,0.57056086,-1.6888001
19940385,0.035742764,2.0139858,0.18559497,0.39024034,1.4706391,1.7826112,0.34585099,0.76138726
19940392,1.1273434,0.040012468,1.0632558,-0.4568658,-1.4862256,-0.2450359,-1.0704975,-0.99298276
19940398,-1.0004273,-0.071610835,0.25574329,-0.53996534,2.6107362,-0.093438816,-0.019970447,-0.98830926
19940408,-0.71263883,3.0574824,-1.3489209,1.0146261,1.0641713,-2.2859319,2.6250319,0.17126431
19940422,-0.041707063,-0.65317667,0.38585266,-0.62646296,0.35543245,-0.22605641,-0.26144439,0.70349145
19940431,0.42343803,-1.5350692,-0.68866541,-1.5613646,1.8564118,1.533691,-1.7213763,-0.80254272
19940445,0.00521142,-0.37932652,0.1872902,0.51364766,1.7141525,-1.8012726,0.57721168,-0.9425117
19940461,-0.65511647,1.6827779,0.75297363,0.40116989,-0.070679692,0.037436405,0.2057312,0.83566195
19940463,-0.57574404,-0.38142272,0.78696892,0.15463594,-0.77867664,0.91027251,-0.22467389,0.010222065
19940466,-1.340293,0.57726015,0.067743736,-0.27026263,0.83281133,-0.17492347,1.5779372,0.4485297
19940472,-1.4520805,-1.8266068,-1.1988225,-0.47624146,1.9862225,-1.0113459,0.8701852,-0.84001151
19940477,-0.93891434,-0.22828506,0.74864195,-0.14013429,-0.22677422,-0.12493536,-0.76767522,0.71225719
19940479,1.3260717,0.045757575,-1.7337658,-1.0885749,-1.8348514,0.45281508,-0.046606098,1.1783707
19940517,-0.12248082,-0.45483582,-0.57349185,0.78139837,-0.4805999,0.1559363,-0.41930783,0.64191126
19940536,1.5625976,1.9417817,-0.79101753,1.9403509,-0.26853592,-0.99328569,-2.0183495,-0.30933097
19940548,-0.77697096,-4.1379478,-2.2258614,-1.3695323,2.1188175,0.48415215,0.10930888,1.654614
19940559,-0.86537583,1.1867183,-0.59741527,0.010796625,-0.70693268,0.81914052,0.23672072,-0.52388048
19940605,-0.83316109,1.8837987,-0.54433379,1.0006963,-0.77065095,-0.36863965,0.17101757,1.5163352
19940617,0.19505698,0.47630377,-1.1709088,-1.0159141,-0.450642,-0.12629776,1.4488079,1.1094446
19940621,-0.31734601,0.81344577,-0.49512641,0.38360088,2.032297,0.22326936,0.98090912,-1.6843252
19940640,0.22018997,-0.37001896,-1.32539,-1.1523153,0.53624455,-0.50532638,0.34200385,1.2953042
19940674,0.69036481,-1.5836661,0.76160914,-0.98323368,-0.95858237,-0.59509294,1.7003105,-0.56703515
19940689,1.3138308,-0.91133123,-0.10122787,1.9904835,-0.55802226,0.27909626,0.97979239,2.5978074
19940726,0.97988585,-1.0682578,0.30658688,-0.31312637,0.53188837,-1.6423189,0.24109494,-0.24150648
19940739,-0.95124694,-0.75647827,-0.74521255,1.0297614,0.31519321,-0.30404564,0.30908423,0.94356981
19940764,-0.74432772,-1.6047909,0.84249457,-0.17106489,-1.0954779,1.1373343,0.69939649,1.8962383
19940769,-0.30131155,0.37524804,-0.44452679,-0.9797937,-0.54924517,1.9517664,-0.81005639,-0.54958845
19940773,0.39394607,2.7636648,0.44979094,0.90307431,-0.8448115,-1.1169585,-0.2080135,0.39476341
19940776,-0.09048777,0.72086458,-0.29569381,0.94636273,-0.031445057,0.17742895,0.10795782,0.076010904
19940801,0.11375576,-0.18117529,-0.97941767,-0.04394473,1.9280813,0.32086045,0.58339525,-0.31317027
19940804,1.1072275,3.389896,1.416721,-2.6239947,0.87286514,0.24048792,1.7423954,-1.8265908
19940817,-0.8571218,0.52253493,0.44767357,0.38389988,-0.45682153,-0.59986564,0.51360557,-0.70566413
19940844,-0.57144123,0.99900905,0.24499379,-0.4068011,1.1207083,0.08153384,-0.39203594,0.26828355
19940862,0.36064359,-0.74251474,0.080889555,-2.9521027,1.1895677,0.26038509,0.19484973,-1.3158857
19940870,-0.46866764,-0.54865812,-0.94023667,2.0469252,-0.35352792,0.69915199,1.2545665,-1.5228771
19940877,-0.065722174,-0.8281034,-1.1589593,0.41560895,0.22680593,0.61562281,-0.68583639,-0.80701103
19940881,-0.48384007,-0.24373642,0.72220183,-0.63757998,-0.32308235,-0.37668158,-0.54512388,0.32419948
19940882,-1.0435686,-0.80381768,-1.7053674,0.27158446,1.3848683,1.1276698,1.7547697,-0.20021325
19940891,-0.43807629,1.2461593,1.0857579,1.177254,-0.19890003,-0.17431708,0.56883102,-0.5307944
19940894,0.43564295,-0.20106344,-1.0074945,0.10786883,0.72885529,0.65762576,-0.037001666,0.71881908
19940899,1.9779145,3.5034567,-2.1128249,-0.0094561977,1.4320837,1.3393301,0.21686093,1.9579171
19940900,0.29276177,0.536374,-1.1666485,0.27183186,1.0822857,-0.36797062,-0.71673109,0.0091287856
19940917,-0.45902667,0.50149873,0.47742395,-0.1725205,-0.038134203,-0.071057237,0.088993527,0.7478201
19940925,-0.17730086,0.03835825,-0.41703379,-0.73585539,0.046447019,0.054016778,0.070862448,-0.45254596
19940933,0.1081541,-1.2477884,0.16730106,2.341403,-0.83190426,-0.76077918,0.79391108,1.4073293
19940943,0.21264109,1.4880558,-1.4576069,0.2378669,0.36961234,1.3223386,1.1299126,-0.55173463
19940952,0.39590453,0.79394863,0.7845382,0.72159351,2.2270788,1.0331173,-0.52060085,-1.7570434
19940954,0.27486621,1.4630655,0.43999235,-0.049655713,0.30737746,-0.16439275,-0.61062418,1.1751731
19940960,1.2860227,2.7312876,-0.58228015,1.0649431,-0.6967217,-2.1177738,-1.6343948,1.4990345
19940990,0.83820739,0.76585616,-0.40642285,-0.46259099,-0.0073621009,0.60879488,0.30055887,0.57934961
19941019,-0.49043801,-0.39540575,1.3854112,-0.40080324,-0.90922254,1.2102363,0.024727553,0.8342198
19941023,-0.34104995,-0.35604245,-0.44651759,-0.14278429,0.067385546,0.65143402,-0.65185403,0.96646004
19941030,-1.0409193,-0.59210743,-0.74964131,-0.87156493,-1.0405436,-0.03368117,-1.3283585,-0.37229054
19941031,-0.89029515,-0.076389418,-0.41990295,0.37543066,-0.20649814,-0.044958738,1.2872827,0.90364934
19941038,-1.1159107,-0.26452861,0.10567596,0.22339728,-0.021669969,-0.97571761,0.27379855,-0.71666831
19941045,0.36074797,0.66726598,1.4486241,1.0467295,0.41466839,-0.76488782,0.54416195,-0.1022209
19941055,0.63760081,1.3351952,-0.5562153,-0.40390406,0.60546245,-1.4337086,-0.70407269,0.34998133
19941069,0.319271,0.85280662,-1.5605582,-1.2061235,-1.4477421,-0.065409151,-0.31599687,-0.25873049
19941076,-0.30323934,-0.18269635,0.51072692,0.42079607,-0.93864032,-0.5099989,-1.4321706,-0.049498028
19941113,-1.3020716,0.67119826,0.37643713,0.028150457,-1.113991,1.2416443,-0.020574622,-0.78768754
19941127,-1.0836126,-0.47625031,0.43347175,0.29031997,-0.57276184,-0.3209266,0.26079991,-0.038607351
19941137,0.67981637,1.3131055,-1.1683236,0.16260142,0.31514937,0.19178723,-0.0080506805,-0.56143021
19941148,-0.17729179,-0.7992122,0.47792991,-0.17630129,-0.023413734,0.38277199,-1.5790534,-0.41928689
19941156,-1.4658034,0.14562513,0.52407079,-0.52086673,-0.075888606,0.30322495,-0.030809692,0.58704957
19941164,0.34047078,-0.2463816,1.2661765,1.6942507,-0.36144796,-0.0061303903,1.2829227,-0.19131037
19941166,-1.0848984,1.427796,0.71883487,-0.41860201,1.4994791,0.51010637,1.6623321,0.45914196
19941178,-0.36614145,1.6061916,0.030665775,0.62711793,0.18727157,-1.5777005,0.447992,0.82948951
19941186,-0.43633585,1.7111237,-0.89242252,0.62324314,1.8423207,1.9078272,-0.39857955,-0.35828862
19950017,1.8502185,-0.48202089,0.75524038,-0.74640322,-0.79522653,-0.63942745,-1.0892512,-0.42039722
19950022,-0.70957064,0.64274917,0.31392955,-0.42855232,1.328975,-0.39528987,-0.32894347,-0.25825418
19950024,1.2992697,1.4860007,0.030080805,-0.9665801,-0.25339466,0.57142704,2.1626148,-2.6563545
19950040,-0.44664504,0.50684721,0.029952331,-0.25353197,0.030751648,-0.33387395,0.45533754,0.3067644
19950051,0.63280138,-0.14976256,0.48443253,0.52394088,0.94135641,-1.6094896,0.84225412,-0.73905906
19950057,-0.52158341,-0.45351976,0.67662945,0.18945742,-0.46164233,-0.54671028,-1.1161664,0.47759062
19950064,-0.66697192,0.3855177,1.198119,0.19039721,-0.40261537,-0.44144182,-0.20084343,-0.25543795
19950079,0.00020406473,0.55499162,0.50974761,0.39716438,-0.83594255,0.45707207,-1.4700899,0.48526963
19950093,1.0392782,-1.1144685,-0.77404331,1.5972761,-0.64589849,-0.24669706,-1.4412646,-3.2061201
19950100,-0.23521568,1.2738311,1.5114994,1.4976052,-0.42448158,-0.41285444,0.39959407,-0.68645738
19950111,-0.8380692,0.8230331,0.17831691,0.01810886,1.2540559,-0.23494242,-0.076743678,-0.024149396
19950116,-0.49943987,0.76720269,-1.8780776,-0.46388299,-1.441715,-0.12878513,-2.5990097,1.6206213
19950131,-0.080826446,-0.90048229,-0.096857047,0.42622698,-0.31851053,-1.1372374,0.78588859,0.30592953
19950142,-1.2233455,-0.1050126,-0.48385993,0.77680948,0.17809259,-0.43970141,1.7155704,-1.1502071
19950165,-0.64178443,-0.017737573,0.24860243,0.17177779,-0.312715,-0.27638886,0.29200377,0.40897872
19950185,-0.70036708,-0.40354755,-0.97457599,1.2353043,-0.19279391,0.7398397,-0.60872695,0.077202469
19950191,0.11941485,-0.83592559,0.63912486,0.54684194,-0.86322821,1.3980029,1.4264372,0.064001355
19950231,-0.85771648,-0.30547291,0.69707528,-0.73276944,-0.0084190483,-0.2054661,-0.077734617,-0.13579194
19950238,-0.81868271,0.013692346,1.0820773,0.47574492,-0.55239971,-0.75200137,0.048536144,0.26857272
19950240,1.2834988,0.099658992,-0.69632698,-1.1035787,4.1741717,1.2208074,-2.0162895,0.64915356
19950248,-0.15047722,-0.15693251,0.50193729,0.2265346,0.011293198,-0.0055735514,-0.16624296,-0.61061375
19950251,-0.87396255,0.22107316,1.258502,-0.090953712,-0.51898685,0.33769553,-1.0354232,-0.87431241
19950255,0.36119642,-1.4000748,0.40240172,0.56929756,-0.19570894,0.09811227,0.30721133,-0.54796589
19950265,1.223083,-1.0401349,-0.35408195,1.8628534,-0.28899633,-2.2194099,-2.2042658,-0.92273493
19950277,-0.76248261,-0.32069702,0.59404587,-0.13879325,-0.10872089,-0.4181958,-0.22723618,-0.22049237
19950289,-1.5665132,-0.20415802,0.33069008,-1.3366032,0.38720427,0.08654519,1.8007663,1.9126051
19950291,-0.49175624,-0.29333573,-1.075039,-0.00062137238,-0.75544668,1.2112342,-0.24007681,-1.0987977
19950299,1.0899756,-0.91356264,0.025059408,-0.67497081,-1.0654808,-1.2323019,-0.57255702,-0.57326586
19950300,1.8538894,-2.2113842,3.1738334,-3.3486247,-1.0777732,3.2386938,4.7129289,-2.7464803
19950306,1.9334176,-1.287261,1.6272652,-0.67251723,-1.819556,0.34582143,-0.19864819,-2.2330654
19950322,-0.89733295,-0.26754246,0.7907514,-0.37705635,-0.56220285,-0.075855392,-0.087896108,0.51345571
19950380,1.4811792,1.4807821,0.038136449,1.1132989,0.40793811,0.18301477,-0.30122549,0.56940694
19950399,-1.4018247,-1.0114378,-0.48823823,-0.30967393,0.22152355,-0.85500127,-0.2562701,-0.64115364
19950418,-1.1722453,0.76000277,-0.05875378,-0.3830296,1.4170195,-0.22289296,0.22542344,-0.021879478
19950448,0.45735483,-0.7048153,-0.63841876,-0.21479371,-0.020463429,-0.23676664,-0.17093158,-0.17220534
19950500,-0.42830981,-0.99568231,0.41564592,0.39204718,0.44100474,0.49612022,-0.39305707,1.5651074
19950507,-0.18363139,-1.3658389,0.11826625,0.18951742,-0.32658947,-0.82343952,-1.6401994,-0.42456565
19950512,0.18608773,-0.16032881,-2.2133349,-0.40540682,0.12253145,1.4347883,-0.44348932,-0.56128308
19950547,-0.52394005,-0.7928021,-0.46532194,0.12744246,0.081059146,-0.3410501,0.070735278,0.87345361
19950549,0.84352888,0.058255132,-3.3445992,0.17604265,-2.2124895,0.5454657,2.5482389,-0.35815236
19950558,0.15911484,-0.077278948,-0.59389776,-0.44606147,-0.72744006,0.04411626,0.70986231,1.9906485
19950580,0.056129783,-0.11839699,-0.54284392,0.34895193,0.12478011,1.0805057,0.96791548,-0.090930339
19950584,2.8984064,0.46415855,-1.5409901,0.4751702,-1.0776718,2.0788555,2.7939273,1.1821788
19950592,-0.59613527,-0.0012448269,-0.58302269,0.34743788,-0.014025532,0.25425875,-0.094048781,1.1228478
19950629,-0.025609091,0.26590663,-2.3035116,1.3128181,-0.21070342,0.16651022,0.30992894,-0.77097264
19950636,-0.2576955,1.3497749,0.32397001,0.14510034,0.88716808,0.8938744,-0.22377796,0.82329703
19950656,0.097199608,1.3367561,-0.11524131,-0.22125498,-0.22836732,-0.095830983,-1.4681148,-0.034222621
19950658,0.063826431,0.1105932,-0.59380548,-0.064937718,1.0318943,-0.31177594,-2.045667,-0.65323642
19950672,0.24804191,1.5573639,0.16968557,-0.40796252,1.557612,0.073890801,-0.38300741,0.34425757
19950699,0.68445175,0.37816229,-1.0241103,-0.53446902,0.40176674,0.46872625,-0.30631656,0.8963697
19950704,-0.84327539,0.4907293,-0.069241545,-0.061429342,-0.27415973,-0.38822037,0.59926582,0.20424415
19950708,-1.2598258,-0.30513073,-0.27408201,-0.8095447,1.0279014,-0.40991492,0.36429344,-0.39793685
19950720,-0.27075421,1.8433745,0.061150573,-0.1719618,1.2959092,1.0026494,-0.67975954,1.5815769
19950728,0.7686778,1.241993,-0.63587753,-0.46591303,2.6768208,1.6639892,0.23916007,-0.042456515
19950734,0.33936737,-0.30399147,-3.4307314,-0.37806876,4.0148118,-0.17237389,0.38420781,-1.5804099
19950766,-1.5050078,-0.15945834,0.035971575,-0.43258006,-0.28953896,-0.85979619,0.67109676,0.50612162
19950770,0.58461812,0.63922061,-1.765167,-1.6497841,0.39438809,0.096641666,-1.2120194,0.51593225
19950774,0.31934257,0.012823686,-0.99284562,-0.84663752,1.9870294,1.8273433,-0.36443052,-0.64798779
19950794,-0.88075918,-1.72746,-0.77879184,0.81800241,-0.79344857,0.076531443,0.71563802,0.98063115
19950812,-1.523093,-2.4283608,-1.362755,-1.8197345,2.2544483,1.0010101,0.2620999,-1.3849878
19950852,3.7618609,-1.6235082,1.5321251,-1.8907707,-0.16372057,2.3747569,4.198497,0.27055025
19950872,-0.33051216,0.17056706,0.48471948,1.1739612,-0.47934813,-0.32564826,0.35846433,0.14953032
19950910,0.039715181,-0.95729044,0.0031324648,1.4946195,-1.4016782,0.92328232,-0.62648098,-2.8214434
19950921,-0.69186622,-1.1236118,0.089222369,0.17423724,-0.038641439,0.19162824,-0.34012111,-0.9677638
19950962,-0.11956791,0.7357831,-0.061716801,0.30238644,0.69148352,-0.64659684,0.8207965,-0.082028158
19950970,-0.06735813,-1.0434599,0.49349041,1.6659734,-0.54170372,0.53289748,-0.27091275,1.9122144
19950995,0.035972586,0.21783967,0.47758767,-0.72751183,0.24039728,-0.37891302,-0.43166222,0.304187
19951006,-0.072267279,-0.20198365,0.38764515,-0.054686189,0.20611172,0.55392955,-1.0265778,1.2230692
19951016,0.053767362,-0.8013351,0.69358298,-0.039040948,0.60672214,0.56667941,0.26783234,0.68335118
19951024,0.66618213,3.3342015,-0.69024712,0.62621428,1.7452201,-0.14425903,-0.89740414,1.2434591
19951044,-0.83140889,-0.018319126,0.20815454,0.49133619,-0.40428508,-0.2829714,0.54047946,-0.76361179
19951060,-0.023162937,0.71090016,2.9694297,-0.21615198,0.80798735,3.0557153,-0.5540432,-1.265856
19951082,-0.68766447,-1.5814715,0.13282722,-0.012609092,-0.40618123,0.09967821,1.0956813,1.2115898
19951096,1.0071803,-2.565711,1.6122334,1.4600725,-0.74504341,0.32496531,0.91849986,1.2779066
19951098,0.65941716,-0.26533539,-0.64903184,-0.46974492,-0.29630479,-1.6779231,-0.4395497,-0.23944151
19951109,-0.87115963,-0.011680629,0.4210452,-0.87727593,1.4521756,0.16632361,-1.0447931,-0.20753891
19951115,-0.50145671,-1.1792191,0.18688574,0.011636357,-0.12756692,-0.7598667,0.11453199,0.40136361
19951122,2.4433707,-0.55765766,1.5107943,-0.91100256,-0.35277144,1.842602,1.1934472,1.6094077
19951147,-0.90312189,-0.89604857,-0.4038674,-0.74334449,0.62466539,0.41691693,-0.98710512,-0.70255146
19951163,-1.0881588,0.47597568,0.37126061,-0.25349341,-0.84409541,0.13249152,0.42821242,-0.76295612
19951167,0.53113233,-1.0702599,0.71650589,-0.36965894,-0.62070822,-1.5535451,-1.6234106,-1.340703
19951168,0.1874372,1.8342234,2.136547,-1.0286033,0.22874117,1.1168127,0.78139732,-0.37431624
19951172,-1.0701889,0.081926574,-0.3513543,-0.10620565,2.601719,0.47621129,-0.54306001,-0.62484297
19951174,-0.077191904,0.30078423,0.25900006,0.12217181,-0.77437159,-0.4599216,-0.17420798,-0.025077426
19960002,-1.3615228,0.15712945,0.1258664,-0.18604832,-0.62238721,-0.26539583,-0.026644874,-0.46759651
19960008,-1.7292305,-0.89444557,-0.24566871,1.0897347,-0.25685365,2.2569348,0.86656754,3.2553599
19960009,-0.99549686,0.46508783,1.3600937,0.34258548,-0.50806543,-0.62074845,0.27439249,0.21770831
19960016,-0.42303845,0.51699466,-0.43140109,-0.35513841,1.0843944,-1.1194614,1.0485025,1.0501447
19960027,1.9305365,-1.2267085,0.68751525,0.28115777,-0.099772195,-1.0612564,0.14812009,-0.4541359
19960038,-0.83807018,-0.10505318,-0.40016497,-0.19308838,-0.1662228,0.31997243,-0.41109187,0.77814009
19960054,1.5004428,-0.32641645,0.65979965,-2.1381679,-1.4521594,0.48919707,1.3223298,0.9663374
19960063,-0.78198303,1.0948953,0.94938282,0.72128526,-0.078199362,0.8292606,-0.0043680434,-0.22696686
19960066,0.22059414,-0.3478466,-1.0664216,-0.90480686,1.1088797,-0.2881921,-1.0362584,-0.19931437
19960074,-0.95842076,-0.62310369,-0.058834997,-1.2070418,1.8704149,0.26396683,-0.86696092,-0.8207306
19960096,0.22390235,-0.88073642,-0.48298914,0.45329409,-0.25248619,-0.42191714,-1.5280251,0.95446005
19960111,2.3630131,-0.94685285,0.32317292,-2.9840095,-1.5409665,-1.5511194,0.95483577,-0.93563087
19960141,0.54476474,-0.26448578,0.31155634,1.1309648,0.022235368,-0.36608171,-1.9996193,0.58130599
19960155,1.0274055,-2.5520099,0.50324676,-0.037170202,4.2670252,-0.89768317,-0.17263947,0.075705365
19960160,-0.10491249,0.23631724,-0.49132621,-0.38358299,-0.35003824,-0.48388845,-0.56213378,0.88729672
19960165,1.795643,-0.74868159,1.5556139,0.11736931,-1.1574263,-0.43865319,0.52417359,-1.1746753
19960175,-0.77259583,0.6653781,1.1726645,0.054632767,-0.18433097,-0.046704176,-0.63713375,-0.5484252
19960185,-0.73856746,0.27506458,0.31950436,0.058835416,-0.49577722,-0.40923137,-0.88288217,0.080588321
19960197,0.33976318,-2.1463973,1.1521643,0.2103156,0.30045451,-0.56311483,-2.2840297,3.6675423
19960202,0.50026074,0.6192551,-1.4699532,-0.42745497,-1.0224305,0.63648711,-0.45015233,0.20826229
19960209,0.83598849,-0.55815632,-0.19610206,-1.0809578,-1.7658986,0.65585781,-1.0388238,0.43033202
19960232,-1.0672664,0.87046791,1.2819934,-0.068925884,-0.049973897,0.23545945,-0.59303417,-0.15057241
19960242,-0.25593856,-0.80734738,1.1035251,0.81360729,-0.31865173,-0.63056144,0.66985639,-0.40419946
19960258,-0.6258643,-0.44616619,-0.11854604,0.4954002,0.15580163,0.00086393513,-1.6278689,0.027875137
19960264,0.68692637,0.44513191,1.2742029,0.30921307,-0.11717014,0.2468992,-0.056814717,0.15061045
19960269,-0.19798347,-0.79778036,-3.5868713,-1.1376311,-0.25983128,2.2365282,-0.7680534,0.30209201
19960284,-1.2279109,-0.47126335,0.57124275,-0.80992944,-0.41152958,-0.48948572,-0.070714588,1.0330427
19960286,0.040897638,1.2743332,0.30617002,0.31878621,-1.247008,1.3050073,-0.31202697,0.22375359
19960290,0.83522462,0.052242561,-0.48822412,-1.1368998,0.74915115,-1.5127338,0.77500471,0.65230094
19960308,0.1000793,-0.091245635,-2.1110122,0.34738146,-0.87231828,0.19927196,0.71298312,-0.52082741
19960347,2.391155,0.22231958,0.048889317,-1.8252711,-0.41391798,-0.032290862,0.6334832,-2.537684
19960356,-0.29543509,0.092590548,0.21894273,0.16922962,-0.3740076,-1.2792944,0.30012668,-0.83409368
19960363,-1.560288,0.30573001,-0.41176631,-0.35460926,-0.69361557,1.8833609,-0.80216169,-0.92630272
19960379,-1.3196978,-4.5152236,-0.13674304,2.0808089,0.37035852,1.5187748,0.15646701,3.6089679
19960383,-0.98523926,0.52188602,0.66583039,-0.45250933,-0.030808277,0.19530991,-0.14478456,0.094942146
19960386,0.49880547,-2.6055746,-2.5376079,2.7677079,-3.2629544,3.6653558,-3.5081809,4.340564
19960414,0.90422793,0.20117863,-0.83828731,-1.4065509,0.35108881,-0.73118705,0.59426709,-0.41005766
19960418,0.50031757,0.18566135,0.68498578,0.73045856,-1.0326279,-0.72581881,-1.4340781,0.23679028
19960426,0.30771226,-0.84945162,0.51638609,0.27735821,0.46329768,-1.3857997,0.71529671,-1.4051958
19960450,-1.7019821,-0.17267357,0.076710836,0.41778329,-0.4316905,-0.37237894,0.16052418,1.7346827
19960472,3.6889218,-0.11627659,3.23409,-1.9074857,-0.40592411,0.4966166,0.42753625,-2.8071711
19960490,-1.0024238,-0.58074149,-0.55054651,-0.51952303,1.9927606,-0.77643737,0.35372673,0.070543004
19960496,0.24035499,-0.51519957,-0.75574943,-0.72588519,0.42499129,-0.8055036,0.080980414,-0.21112362
19960501,-0.53152877,0.96162189,-2.1100947,0.74852604,-0.74915215,-1.2528048,1.9120321,0.57743924
19960518,2.5865721,0.37718415,1.1341243,-0.017390104,5.930956,0.48633327,-1.6815274,1.1931697
19960528,-0.95823989,0.44291741,-0.029721115,0.70065558,0.52450348,-0.30896397,0.4327694,0.38255508
19960530,0.85199064,-0.16141963,-0.95646645,0.30462995,1.6484315,-2.2064358,-0.10148102,-0.061813898
19960557,1.4147197,-0.058417735,-0.72859596,1.9509749,0.09377587,-0.19681026,-0.41361399,0.53400128
19960577,0.32603371,0.11623413,-0.54558796,-2.0604383,0.28337324,-0.30533502,0.13269429,0.41566328
19960612,1.6258059,-0.81916884,0.98478366,-1.7645835,-0.63159333,0.097329333,0.80405334,0.30687429
19960625,5.2044032,-0.8609457,-3.649602,-3.5600302,-3.3678863,0.56211613,-0.17194961,2.9116546
19960627,1.5535429,-0.51966387,-0.95330249,-2.4655292,-0.37978253,-0.47088382,-0.36958866,-0.35964033
19960631,-0.50737046,0.6982634,0.53408806,-0.69593487,-0.83573792,0.44438807,-0.093109975,-0.36901836
19960652,-0.53016413,-0.34741497,0.90640309,-0.23476641,-0.86812695,-0.0040275996,-0.074842933,-0.029608473
19960665,1.3973009,0.60523993,-1.2167779,-0.86374783,-0.40930687,-0.57876793,-0.70413112,1.260185
19960679,1.8826499,1.2128605,0.23771807,-0.83621926,0.1985373,1.4533322,0.38261991,1.1749235
19960715,0.56400532,-2.7412291,1.8512882,1.880127,-0.52065762,1.4322413,0.92291999,-0.24989861
19960734,-0.53041839,-2.7773104,-4.4630432,3.3742581,-0.82798859,1.7610966,2.1624121,1.8438428
19960752,-0.56562154,-0.60817086,-2.569587,0.67301555,0.42999407,0.646077,0.3902491,-1.9470841
19960774,-0.043859716,0.0037105876,-0.83357968,0.18804874,-0.33614787,-0.6517882,-0.29355088,0.1708742
19960782,1.7968918,0.31530887,0.045810793,-0.69511466,0.097785293,1.3541119,1.1553041,0.50664054
19960792,2.3147241,0.48763335,0.90404602,0.68974786,-0.74534052,4.1346113,0.19866582,0.51536982
19960804,-0.65559904,0.009187753,0.52973206,-0.17071677,-0.6196974,-0.010838968,-0.57945717,0.23029692
19960814,-0.15026812,0.24084635,-1.3648657,0.4071858,-0.48483045,0.34632995,0.84518449,0.63207459
19960833,-0.55432215,0.40482552,-0.24084429,0.029013929,-0.39870717,-0.53324759,-0.70204124,-0.10918886
19960865,-0.89923285,-1.6174529,-1.7369902,-0.68131543,-0.66660064,-0.41324676,0.59244939,-0.45479345
19960880,-0.5668424,0.194046,-0.11062514,0.064107404,-0.62981873,0.7315173,-0.94054283,-0.32977946
19960887,-0.49160239,2.081587,0.037023933,0.81714324,0.31158373,0.85993197,-0.016084108,-0.017598005
19960892,2.0267014,0.71854308,0.18940992,1.0828186,1.1270645,-1.8668701,-0.90640962,2.4962298
19960896,-1.3326407,-0.29830877,0.83033892,0.0253001,-0.34508501,0.051645466,0.013404595,0.46058169
19960906,-1.0135082,-0.16505852,0.59673813,-0.70669438,1.0501439,-0.37949933,0.33733995,0.42762964
19960915,0.46669092,-0.10815627,0.44963526,-0.86546074,0.013058465,0.398912,1.4382679,-1.1730826
19960945,-0.17863445,-0.22749544,0.84504461,-0.63002765,0.36674529,0.42912605,0.10075579,1.0652612
19960953,-0.24515078,2.2027601,0.31102748,0.5360233,-0.089730789,-0.53890382,0.34238571,1.0049523
19960978,0.78922362,-1.3618149,2.1984713,2.3766228,0.34693087,0.16952334,3.38198,-0.061277803
19960988,-1.2241696,-0.406598,-0.7857341,0.20328097,0.49991476,-0.3810221,0.32646727,-0.22368796
19960993,0.43335762,-0.39006445,-0.99353187,0.52759252,0.066390455,0.045733633,0.46037387,-0.48028601
19960998,1.2338234,-0.93081272,1.4208087,1.8100507,-0.83664992,2.6877416,0.72890721,-0.14050711
19961013,0.43233705,-2.7221786,0.052192674,-0.18418139,2.0813082,-0.22043411,-2.2319524,0.82102591
19961015,-0.018578212,0.0029869914,0.78639855,0.50386352,-0.88856304,-0.50944505,0.041500725,0.06695174
19961045,-0.51058651,-0.14382987,-1.6079575,0.43412586,0.15626677,-0.063862,0.0042199052,-0.46320326
19961064,-0.19560648,-0.65821482,0.17732083,-0.56104966,0.73416752,0.71267003,-0.69388457,0.19613113
19961070,1.4267793,0.6063006,1.228077,-2.4587106,-0.13027145,1.1143065,0.051707641,-1.3379643
19961091,1.2083588,-0.88900162,1.1116881,-0.17128202,-0.20992848,-0.55328344,0.066817892,-0.20298076
19961095,-1.2482194,-0.20448323,-0.8366052,-0.31490656,0.12692928,0.8160208,0.31730799,-0.70191615
19961096,-0.37106307,0.027342775,-0.69966201,-0.3503228,2.0770479,-0.14400166,-0.42428952,-0.16306494
19961099,-0.069118201,0.2780513,1.2088679,0.26923826,-0.12154115,0.07363347,-0.073437366,-0.40817171
19961104,0.093088108,-0.4589937,1.5636458,-0.095704934,-0.44221146,0.51874017,1.279876,-0.92043893
19961112,-0.59984933,0.16269785,0.62715896,0.4175195,-0.053129254,-0.73358344,0.16812135,-0.53238546
19961114,-1.0739077,0.30556268,1.3254461,-0.45287752,-0.82830728,0.69269211,-0.30940214,0.43560256
19961137,-0.75731894,-0.068876712,1.2396326,0.3885138,-0.60627728,-0.080837761,-0.21822314,-0.63483155
19970004,-2.1578797,-0.52242422,-0.72162072,-1.6416778,-0.6465524,0.77764866,2.7762707,-0.48620766
19970010,0.2290184,0.035452217,0.67251569,-0.49984156,-0.65788726,-0.74012973,-0.62734972,-0.18877526
19970027,0.1343889,-0.036620278,0.26132736,0.62638672,-0.43510521,-0.23792309,1.7147042,-0.63529164
19970029,-0.33702817,-0.062880225,0.90071376,-0.019364791,-0.39893689,-0.12898043,0.52878471,-0.28871464
19970030,-1.8331242,0.013463071,-1.336176,-0.51590456,-0.9088013,0.088615031,-0.057006246,-0.42732122
19970031,-0.62246539,0.51433114,-0.17020309,-0.31470007,0.65962588,-0.24459282,-0.12404597,-0.076406632
19970033,-1.3522189,-0.34215074,0.4747399,-0.47918607,-0.28478336,0.23473995,-0.35739885,-0.61093144
19970037,-1.0077149,-1.0897549,-0.16379161,0.45551182,0.081464611,0.73813851,-0.44192023,1.3170824
19970064,-0.16452431,0.33524813,-0.47014115,0.16643645,-0.99280571,0.44312645,-1.0417543,-0.2118876
19970072,-0.21917597,1.4956645,0.19678783,0.19393222,0.51438462,2.0283578,-0.49754412,0.96073342
19970078,0.57907413,0.33960065,-0.049376503,-0.4272746,-1.3861345,-0.6497079,1.002256,-0.20813018
19970081,-0.44686584,0.27091264,0.0025493102,-0.38573089,0.16589259,-0.84050128,-0.29598309,-0.31448798
19970095,-0.95606272,-0.86422952,0.57798149,-0.81687768,-0.078279149,-0.15980761,2.2658077,0.68936884
19970115,-0.73491043,0.28305354,1.0670295,0.29678597,-0.66201162,-0.49379119,0.079181986,-0.083802273
19970120,0.082671132,-0.54532454,0.921322,0.31382946,0.40974165,-0.72499934,-0.78161097,1.0353257
19970126,0.00077144881,0.0013384779,0.46626003,0.10523936,-0.37780979,0.75136666,-0.2604014,-0.001059278
19970127,2.3734955,-0.1613515,1.919852,-1.1899713,-0.82896379,0.22595761,1.3731322,0.50275438
19970130,1.9300087,-0.98144544,0.0025794417,-0.072343062,-0.36696493,-0.65605325,0.49864901,-0.17008485
19970138,-0.8821109,-0.62756048,0.23206737,-0.17058229,0.075178394,-0.89436445,-0.57351434,-0.042514652
19970140,-1.3258089,-1.8562771,-1.8353325,1.9793303,-0.52419799,1.1289739,-0.30125687,3.6074951
19970147,-1.0449702,-0.72960863,-0.19791874,-0.72340759,1.1279876,-0.70569699,0.44374116,-0.90806331
19970153,-0.52942302,0.16431343,1.2521191,-0.1397008,-0.66745602,-0.49866055,0.11670396,-0.41189954
19970167,-0.81073413,-0.071424154,1.159613,0.71595546,-0.69609981,-0.54835525,0.094894699,-0.29513118
19970181,-0.5658385,0.47491839,-1.1183363,0.36804779,-0.78160743,1.0511591,0.694893,0.39535383
19970186,-0.074237007,-0.90586321,0.2852342,-0.42683594,-0.59782747,0.76669798,-0.74567042,1.1244178
19970197,-0.22817489,2.002672,-0.71968046,1.8560356,-0.25333156,0.65610156,0.83980901,-0.23275768
19970217,-0.50004826,0.47467642,0.45337107,0.24956581,-0.25307959,-0.8153452,-0.34183735,-0.46983485
19970233,1.6099366,-0.63123382,1.2738141,0.54665369,-1.0267933,0.50845901,0.44117723,0.72476313
19970234,-0.71431819,0.53406198,-0.056269891,-0.5933909,-0.16962988,-0.51255204,-0.3270496,0.38428767
19970239,-0.97622668,-0.70795199,-0.25095357,0.53780621,0.32760052,-0.97273806,-0.60193665,-0.93077987
19970260,-0.4273576,0.42867437,0.72237026,1.3966255,-0.21262436,-1.2032636,0.61440277,-0.51192251
19970289,-1.0289518,0.42880101,0.80007228,-0.64665205,-0.14543355,0.043003159,-0.42683291,-0.11361536
19970349,-0.22617444,-0.82946515,0.20617589,-0.32191951,-0.45194289,0.17589242,0.77780945,0.048875528
19970364,0.031760871,0.085889547,-0.71684594,-1.2213883,0.81517847,1.2550321,-1.6340328,-0.97626693
19970391,-1.3966101,-0.61631651,-0.26692933,-0.059810748,-0.21083952,-0.42380456,0.013741407,-0.28918744
19970397,-1.0449877,0.80474997,0.57174084,-0.036760893,-0.17249352,-0.09009878,0.01539383,0.25871689
19970408,-0.54792415,-0.54153262,-0.8662851,-0.41874965,0.90748818,-0.27390823,0.63519426,-1.3680282
19970417,0.085361416,0.99646205,0.90765322,-0.027049168,0.7196484,-0.57714168,0.42823832,0.7819677
19970421,1.9051229,0.0014549171,-0.18910284,-0.25858434,-2.1556489,2.0505377,-0.42435885,-1.2882327
19970429,0.1629453,1.5722156,-1.6443345,0.71622879,-1.061102,0.79807653,0.99560114,0.12030962
19970465,-0.60820358,-0.40149085,0.061694193,-0.13558594,-0.041375019,0.15117219,-0.88214576,-0.1244839
19970470,-0.55484323,0.99035061,0.5816989,-0.067189539,0.62853118,0.27416351,-0.25695806,-0.077336652
19970472,0.37914934,0.9086626,0.11165138,-0.41112514,0.42186924,0.41539396,0.23691121,0.49144742
19970476,0.94334929,-0.10447817,-0.029201801,-1.2941549,1.7998328,-1.1908253,0.73182803,0.19400285
19970518,-1.007748,-1.0828479,-0.40346198,1.2069795,0.12804528,0.73401244,0.80722464,-1.14798
19970525,0.86708993,1.2787727,0.47242698,-0.58940063,0.2799009,-1.9158202,0.013722802,0.46749299
19970536,-0.34632037,0.12929226,-0.12748994,1.2346475,0.56905178,-1.0320602,0.81134035,0.04590962
19970544,0.87332089,-0.078824006,-0.83830109,-2.3054946,1.1368437,0.1530304,0.55485216,1.6914989
19970555,0.74941153,0.93376803,-3.5443032,-0.45685108,-0.73636746,0.1086818,0.69757485,1.1022677
19970568,-0.8025123,0.96016139,0.0792187,-0.17919696,-0.42945204,0.074471816,1.0764443,-0.32921542
19970579,3.0834437,-0.58178483,0.0099141568,-1.219111,0.054136938,0.81529354,-0.79137934,0.18364236
19970585,-1.0448607,1.258263,0.47897084,-0.69212585,0.63363209,0.35558056,1.4546897,1.4552736
19970594,-0.82792954,-0.57128876,-1.9731888,0.35281166,0.50197809,-0.47219388,1.3476921,-1.2722732
19970596,2.1130694,0.19673404,0.061278482,-0.89299609,-0.16945391,0.56780688,-2.9163682,1.3754736
19970614,-0.027991186,2.1628099,-0.70909904,1.0526338,-0.19188884,0.13941984,-0.63717383,0.81253887
19970638,0.2164699,0.62658128,-1.4999368,-0.047915442,-0.40415223,0.014787176,-0.33816879,-0.026773031
19970649,0.36260254,-0.71873147,-1.651157,-0.95800438,-0.86958069,-1.5134677,-0.41875125,-0.45505965
19970661,0.32493924,1.0768559,-0.20336245,0.15885998,-0.39142559,-0.43600819,0.53065694,0.78972628
19970674,0.36933891,-0.34411389,0.61091225,-1.4670888,0.060024564,-0.31048615,1.5364804,-1.2174752
19970687,-0.27084973,0.72991949,-0.11665449,-0.45255698,0.66461265,-0.53697106,-0.53203699,-0.63685542
19970690,-0.57323324,0.59110048,0.06349915,-1.14623,2.2615494,0.30208072,0.0413518,0.46032386
19970698,-0.2395715,-0.27407827,-0.33995187,0.17107877,0.58690066,1.7311124,-0.25455354,-0.4730076
19970724,0.81970922,-0.45440376,0.1532636,-1.5154568,0.23712603,-0.52196324,-0.4264008,-0.20028844
19970726,-0.079420479,-0.42185702,0.39161227,-1.4953833,0.38740831,0.28614625,-0.21640481,-0.089707392
19970727,-1.1860471,-1.1556716,-0.74173073,0.12351684,1.193869,-1.7957381,1.6689593,0.8356532
19970735,-0.99666879,-0.49185407,-3.2318671,-0.27644381,-2.4120454,0.80428895,-0.35516445,0.066025209
19970755,-0.43808953,-1.12649,-1.1691606,2.15161,0.045188634,-1.7744031,0.0995015,0.16830288
19970761,0.28489453,0.66036576,-0.20324292,0.6928342,1.5094241,-0.6702782,0.1775678,-0.21769204
19970767,0.36068081,3.2160157,-0.54353353,0.43214818,1.2536205,-1.9563498,1.6431714,0.00043435912
19970797,1.1205586,1.8772314,-1.0972837,0.89178581,-0.97322565,0.83080363,-0.84074051,1.4575036
19970833,-0.6031273,1.1384107,0.16166634,0.00095963084,-0.049269443,-0.15426897,-0.021710436,-0.032133922
19970836,-0.10175871,-0.35110084,-1.2258867,0.13605208,0.29653898,-0.49581595,0.32932943,-0.38342533
19970844,-1.3128412,1.0656071,-1.0034622,0.19013363,1.3475962,-1.2299018,1.1051121,0.63492909
19970846,1.0643197,-0.16850689,0.065872795,-0.84968671,0.47783579,-1.2106955,0.11888484,0.7749605
19970858,-0.29951294,0.5256844,0.11821467,0.48488645,-0.52349946,0.15086632,-0.34976434,-0.030794539
19970867,1.5003475,-1.5857833,-2.5787944,1.4868253,-2.0850771,-1.9751187,-0.061239687,-1.3955487
19970874,-0.97248225,1.9611925,1.9450108,0.38118303,0.020559739,3.1002619,0.052885423,-0.025793312
19970875,0.55137088,1.1671672,-1.8571561,-0.33205026,0.054469885,-0.67725755,0.46629361,0.68375483
19970884,-1.2305573,-1.2901033,0.63500144,-0.48304019,0.14625445,-0.40491415,0.94148512,0.79720526
19970901,0.85312208,0.21890748,-0.38447145,0.74459664,-0.66005259,0.88729635,-1.7473027,-0.41610329
19970912,-0.70963858,0.30787104,-0.12224173,-0.31104961,0.40907522,0.14331943,-0.61988579,0.20803269
19970913,-1.1520082,0.48380268,0.7066045,-0.41425266,0.18555407,0.29454638,-0.16686211,0.51145717
19970927,0.51918671,1.6280417,-0.75765529,-0.34745276,-0.9805836,0.071835689,0.19899476,1.083268
19970942,0.13969565,0.90139831,-0.40278689,-0.90961681,1.9740213,1.6275697,0.10576202,-0.95471578
19970960,0.52288756,0.05843564,-0.37825465,0.22136838,1.5755487,3.204603,-2.4730524,1.869571
19970965,-0.27413777,-0.24802792,0.98747973,0.3715085,-0.0095502315,-0.082853019,-0.42364073,0.1517822
19970967,-0.34528773,0.580711,0.38338198,0.17662747,-0.93174892,-0.5670243,0.049640969,0.78808844
19970974,-0.056204788,2.0914581,-0.13103011,0.7424431,0.30016611,-0.39782189,-0.21370915,0.70956616
19970994,0.93675246,-0.25166921,0.68987395,1.0982842,0.23716941,-1.164573,-0.27915358,-0.69136664
19971006,-0.98921826,0.55727351,-0.29270947,1.4269708,0.21916142,-0.98920558,2.7799828,2.3056792
19971013,-0.95592058,0.34763231,0.51993471,-0.49890889,-0.70533671,-0.34617419,-0.1278479,-0.18907581
19971033,-0.58039779,0.33597511,0.15040388,0.041215761,-0.54520156,-1.2947423,-0.35144267,-0.22413214
19971047,-1.280088,-0.43290904,0.34543601,0.47330826,-0.35490641,-0.85616596,-0.68833024,0.67445354
19971054,-1.0340256,1.1578392,1.4083369,0.12920284,-0.23401704,0.55085722,0.0030618445,-0.0029241939
19971055,0.67090095,-0.51793849,-0.27850031,-1.3995983,0.310195,-0.45449145,-0.34506449,-0.75838803
19971059,0.231676,0.58918758,-0.094816042,0.20044757,-0.60042212,-0.03127588,-1.1505143,1.313971
19971061,-0.79352093,0.12763343,0.54452494,-0.50477994,1.1816844,0.13003459,-1.1895701,-0.33435423
19971065,-1.3029107,-0.95556475,-0.070512857,0.21436947,1.1082575,-0.46978667,1.4550659,0.59596181
19971067,0.58825805,-0.15472789,0.35138281,-0.40799277,-1.7578049,-0.073544159,0.83878693,-1.6307472
19971070,0.69289659,0.88988304,-0.46855448,-0.2118771,1.2265892,0.8811124,-0.87314129,1.8364058
19971088,-0.027609758,0.078486127,0.210352,0.020093731,1.5276505,0.83930568,-1.3558833,-0.70444205
19971094,-0.45006763,-0.20370546,-0.52584026,0.004808192,-0.20866357,-0.024716281,-0.95127548,-0.93156283
19971096,2.1748459,-3.8026577,1.3741666,0.046173957,4.8456075,0.037033725,-0.2965023,-0.69760035
19971098,-0.23824326,-1.0734873,-1.0528806,1.4183725,0.23607583,1.5534159,0.83315428,0.027471119
19971108,0.98805172,1.1182586,-0.89084207,0.24597137,-0.061959616,2.8328956,-0.13329614,-2.196079
19971109,1.2213042,2.3990342,-2.2375773,1.3349651,-0.59389526,-2.5736923,-2.9598633,1.5064978
19971116,-0.67535744,1.285097,0.24238922,-0.034883789,0.72397124,1.4433455,0.71731636,0.053717334
19971118,0.71590309,0.38758024,0.74775919,-1.3761506,-0.5847612,0.11142863,0.2509541,-1.3794611
19980008,-1.1851921,-0.40036919,0.26283911,0.03339731,0.43648767,0.07760996,-0.025952386,0.76488536
19980017,0.056140427,-0.47065419,0.52009566,-0.70564648,-1.3108085,2.0068609,0.28323506,-1.0307936
19980022,-1.4501093,0.63435358,-0.70862424,-0.10524402,-1.3239541,-0.2895945,4.0752959,1.4193584
19980031,0.012590605,0.53648743,1.2171978,1.028149,0.054362626,-0.69977059,-0.090289372,-0.71990942
19980038,-0.97506954,0.16666805,0.32729401,-0.10008982,0.35816385,-0.13897872,-0.93239018,-0.12392693
19980055,0.54366687,-4.3695202,0.38091318,-1.0460787,-0.079082513,1.3738576,-0.66904386,4.6008541
19980061,-1.2997975,-0.3873762,0.1326494,-0.14712929,-0.036639521,-0.37430527,-0.076297097,0.029553383
19980063,0.34838281,-0.27937647,-0.43770124,-1.4544704,-2.4693586,0.85284787,-1.314541,-0.34113817
19980067,1.1841148,0.32153693,-0.14714479,0.11715838,-0.99464926,1.0109448,0.17008287,-1.4746648
19980071,-0.87893368,0.4754679,0.52082216,0.2020755,-0.36527344,-0.11878866,0.48835707,1.2226292
19980074,-0.38149603,2.2652276,0.54632462,0.11023335,1.6278481,0.83488659,-0.80070987,0.074420467
19980076,-1.3146858,0.34595061,0.90149691,-0.17655402,-0.41779444,-0.31208282,0.034721412,-0.088283455
19980077,-0.85944801,0.23575718,0.10042727,0.1461285,-0.40798157,-0.22458634,0.37389214,0.13454142
19980096,-0.24644624,2.4489541,-0.30774717,-0.33152857,-1.1496301,0.044249615,1.4950875,0.51799996
19980144,-1.2213104,0.46176354,0.80973343,0.052930598,-0.86280962,-0.67864796,-0.3009285,0.65116058
19980158,2.4299358,-0.22596578,1.5559249,-3.2771929,-1.8583975,-1.4118615,3.0066559,-0.0099621099
19980168,-0.13029196,0.37164413,0.28415698,-0.099082921,-1.2761805,-0.6975061,-0.019475209,0.40636194
19980178,-0.86465048,0.70546417,0.95154316,0.52536177,-0.0386971,-0.81635507,0.43106978,-0.62010557
19980184,-0.62974036,0.107083,1.0964066,-0.39682818,-0.61488698,-0.043806499,-0.31390863,-0.18570739
19980188,-0.94426335,0.3426555,0.88540673,-0.22576593,-0.66049994,-0.728994,-0.25679294,0.32492134
19980194,1.9478654,-0.11642427,-0.19629657,-0.46991626,1.3099168,1.0428817,0.4040262,1.8126863
19980199,0.51152605,0.24717614,-1.2611483,0.57230894,-1.1119622,0.42805221,-0.73745579,-0.87356345
19980204,0.51438521,0.27605114,0.13562142,-0.16535039,0.73771357,0.07048596,0.29960262,-0.33030135
19980208,-0.50288595,-0.33751345,-0.12262209,-0.021549058,-0.64903401,0.17260255,-1.4690836,-0.075989438
19980211,-0.77382418,0.022514452,0.92565026,-0.26825976,0.31648846,-0.49924106,-0.062207625,0.061414991
19980221,-0.14951555,1.4187783,1.0271075,-1.0153763,-0.7891476,-0.031366073,0.76928769,1.2935312
19980224,1.1968768,-0.12397711,-0.21998546,0.25819465,-0.99371829,-0.97646624,-0.41481933,-0.13087962
19980228,-0.94035301,0.72835157,0.48598155,0.037769745,0.17479006,-0.84881878,-0.16376351,0.17401699
19980244,0.48950387,1.3700359,-0.094725868,0.75656781,-0.88680591,1.425255,0.1194332,-1.4808644
19980249,-0.84806252,0.13677075,1.2744038,0.53360624,-0.34597889,-0.12090784,0.09542858,0.087783713
19980259,1.5710219,-1.6797413,0.81557363,-1.0140016,-1.1829358,0.12341966,-1.7459385,-1.691123
19980263,-0.81470659,0.11300518,0.6691105,-0.07971692,-1.2868642,-0.35966351,-0.45812506,-0.0074692202
19980293,-2.2306086,-2.6210805,-1.1580399,-1.135926,2.9275084,-0.37651536,-0.048281215,-2.0829409
19980304,0.7390043,-1.1227964,1.3093975,1.5199916,-0.7752571,-0.75520157,0.4978395,-1.1404754
19980311,-0.66100155,-0.1584359,0.77946087,-2.0772191,-1.1271631,0.038911744,2.4512725,0.40193523
19980316,-0.85766842,0.40550153,0.60175083,0.81260052,0.076637921,1.8524175,-0.035427451,-1.7452374
19980388,-0.62747912,0.61115659,0.49642725,-0.051626671,-0.74611211,-0.83328303,-0.078896388,0.38009296
19980389,-1.0714719,0.65255235,0.89099314,-0.042164364,-0.77911809,-0.62424385,-0.16872173,0.13021917
19980415,-0.56378768,-0.7292204,-0.098330566,0.35643274,1.1923053,0.37848613,-0.37776537,-1.131638
19980424,1.2578144,-1.0150874,-0.28685811,1.0895075,-1.3357202,0.78497021,-0.56101016,-1.5156687
19980459,-0.11599639,1.8369687,-1.4316391,-1.4442199,1.4238847,-1.2295238,0.96152074,0.77392716
19980471,-1.4665023,-0.98619303,0.45875703,1.823765,-0.39896392,0.24545895,1.1020377,2.8126251
19980479,-0.33807753,1.640176,-1.1144138,1.6546222,0.36039138,-1.7829075,-1.1778794,1.8129271
19980484,-1.6968309,0.24403898,0.13532509,-0.49581662,0.36269765,1.1263858,0.64969246,0.094096857
19980485,1.7003843,0.14213398,0.48559543,-2.4409159,0.67733491,-0.99118787,1.2125276,1.6961317
19980520,-0.26846231,-0.41344347,-0.57155239,2.0794717,-0.38309134,1.7773989,-0.15162846,-0.76238417
19980543,-0.72602988,0.47204599,0.87639648,-0.38093395,-0.54893853,0.4636152,-0.1040922,0.70770178
19980553,-0.45578011,-0.16189961,-0.44310698,-1.5241542,0.78731763,0.90281169,-1.2398562,-0.75248209
19980606,-1.1521684,-1.361432,-0.90888226,-1.0960449,0.9717467,-0.29752586,-0.090858682,-1.4704678
19980652,-0.19665244,-0.18543502,0.69072626,0.9024003,-0.25064006,0.32569543,0.37939499,0.054528407
19980679,1.5171283,-0.23837181,0.72811974,0.90970917,-0.38062146,-0.062284405,-0.009664861,0.72514806
19980693,1.5954506,1.3043629,-0.0046506674,0.29353079,-0.52738224,1.0311716,0.30838087,-1.3530007
19980702,-0.2059053,0.16579055,0.15574366,0.64199534,-1.1503127,0.44677564,-0.74142339,0.90633591
19980743,-0.40236727,-0.17334985,-0.591817,-1.7493392,0.25611072,0.44490189,0.045058368,1.1394749
19980754,0.81471728,0.11976346,-0.7325203,-1.0514412,-0.0097460064,1.1119287,-0.65964409,-0.1476763
19980756,1.694841,-0.6710019,0.040202973,2.0158903,0.2566923,-0.24946968,-1.4715281,1.5197579
19980760,0.91353654,1.1949131,-0.13312911,-0.044542331,0.85009441,0.17495748,0.12401918,0.71941195
19980778,0.44478388,0.62601422,0.92333298,0.21004579,-0.35937618,-0.83083996,-0.7714773,-0.27449249
19980785,-0.9411907,-0.32979498,-0.64982652,0.084600237,0.2205577,0.16760011,0.25311277,0.50842945
19980790,-0.40961325,0.11978849,-0.95939104,1.0531526,0.15988628,0.11068695,0.42084151,-1.6984484
19980801,-0.66453495,-0.92114856,0.89270671,0.39593371,0.14374967,-0.16551536,0.23392888,0.026006277
19980803,1.4329271,1.3094187,-4.925371,-0.64983889,1.4965364,-0.22680335,-0.53998885,2.0530328
19980807,0.86898163,-0.032251549,0.22460723,0.60020084,-0.49489435,-0.028862241,-0.40338684,1.4578148
19980808,0.10504201,0.80701313,0.5314753,2.2996392,0.27176176,0.97317154,2.1890103,-1.3520456
19980819,0.58005639,1.858433,-0.863032,0.86692444,0.13525544,-0.20119253,0.063815511,-0.10485826
19980822,2.2499335,1.349497,0.043861961,0.8096525,0.38119104,-3.9923981,0.29370693,0.97828243
19980850,0.84683333,-0.021024546,-1.8171987,0.026004225,0.64229575,-1.4465301,0.19872289,-0.88121058
19980852,-0.36442718,1.6974791,0.26468564,-0.78494043,-0.46086891,1.0895303,0.60348744,0.51256423
19980863,-0.39323262,-0.11732548,0.46479557,0.11500832,-0.30689286,-0.2065905,-1.2127247,-0.17523891
19980887,-0.79526412,0.89329556,0.88310533,-0.19179455,0.36532628,0.10233362,-0.49099382,0.33235162
19980894,-0.43992935,0.091362394,-0.45625192,0.14014015,-0.68984975,0.33289276,0.1859382,-0.025277206
19980895,0.68770308,0.72202856,0.15407249,0.14667999,-0.42721732,-0.63121624,0.68500583,0.82103381
19980900,-0.45987388,-0.083718288,-0.0050905091,-0.22262752,-0.018508314,-0.017863514,-1.0951954,0.58535043
19980901,-0.75720092,-0.30670833,0.80324638,0.69193076,-0.059291196,-0.46948448,0.097685919,0.26176256
19980922,0.58614974,0.6363722,0.25053998,-0.89671122,0.061558807,-0.82002787,-0.40908339,-0.18111276
19980932,-0.46443587,-0.80460893,0.053277839,0.86358211,0.051812175,0.34329153,1.1266572,2.4905776
19980966,1.4357979,-0.28446539,0.2350712,-0.51118657,-1.3972627,-0.99040332,0.16868045,0.32435065
19980982,-0.20507343,-0.38299904,0.64593324,0.24930734,0.34990577,-0.96330548,-0.31936509,-0.42303428
19981042,0.99241309,2.0362852,0.34664786,0.23830968,1.105315,-0.70120352,0.56594669,2.9433519
19981046,-0.11276551,-0.11859322,-0.15182048,-0.3310953,-0.088780054,0.55366546,-1.1530454,0.94956114
19981053,-0.57438776,0.47398272,-0.92886803,0.36124308,0.89333233,1.1736424,0.57735912,0.0096414799
19981054,-0.081949448,0.66656515,1.2214373,0.3782206,0.013385307,1.01,-0.16707833,-0.89831985
19981064,-0.699841,-0.80513787,-1.3286194,1.0229189,-0.80225125,0.33243809,0.16725486,1.3231685
19981085,-0.57450413,1.0667702,0.59061419,0.17825622,0.14199312,-0.90135747,-0.48213557,-0.42967159
19981089,1.8013915,-0.55211572,-0.7913011,-0.2964989,-1.290956,0.33038017,-2.2080645,0.24776741
19981098,-0.0080177611,-0.08918069,0.21056374,-0.058992678,-1.1213747,-0.50936182,-1.4282315,0.029361901
19981100,0.12818737,0.33610555,0.46732941,-0.68877626,-0.2418285,-0.76413964,-1.0750743,-0.45682845
19981108,-1.2469363,-0.77168843,-0.47125651,-0.7813193,0.51543111,0.24776412,-0.36342141,-0.33613227
19981110,-0.17786623,0.65869764,0.8410697,0.038661437,0.20385224,-0.28293273,-0.56486457,-0.18631713
19981153,-0.75569485,-0.76300926,0.081512991,-0.95174549,1.1132849,0.39680033,-0.49464204,0.23450472
19981154,-0.99623784,0.015535442,0.3476557,-1.2761027,0.92422381,0.89218894,-0.59700664,0.39268155
19990014,-0.38221378,0.16024841,1.0590561,0.30865744,-0.1802597,-0.53423893,0.16848683,-0.8642876
19990020,-0.24175057,0.73712715,-1.8121556,-0.21953402,-1.4199715,-0.15206178,0.011130264,0.8304302
19990023,1.1708208,0.55609045,0.41171214,-1.7511439,-0.88357594,-1.0737914,-0.66881051,-1.211526
19990055,-0.48680968,1.4475664,0.41163857,0.53793035,0.56731056,-0.68005349,-0.2146022,0.39756754
19990069,-0.82288894,0.61782313,-0.06411016,0.43784761,-0.11877952,0.96098718,0.88758653,-0.20108373
19990083,-0.17302986,-0.0083286159,0.41274162,0.48765207,-0.093575121,-0.82905404,-2.0138392,0.15749061
19990098,2.1039587,-1.7058717,0.21884257,3.2223585,-0.12793058,-3.6474815,0.74894353,1.0775294
19990103,-0.42297432,-1.9512098,0.79954989,0.20867554,-0.66523456,0.25344077,-0.57627009,2.1223123
19990119,-0.41360436,-0.34531822,-0.41143563,-0.51011608,1.0720192,-0.96685209,-0.46459601,-0.26634215
19990127,-0.015202355,0.52946843,1.9524821,0.86793356,0.21893904,0.44446029,0.31641618,-0.66838604
19990128,2.5519861,-0.69980116,2.461456,-3.4659496,-2.0025761,1.3946645,0.84039504,0.95993803
19990145,-1.1023346,0.26293293,0.56916147,-0.10573825,-0.61236473,-0.22942186,-0.38737867,0.091292373
19990153,-0.8634657,0.39403321,0.60065483,0.27363304,0.1365796,-0.93742339,0.10132832,-0.090413717
19990164,0.63864571,-0.19762754,0.038829429,-0.78208002,-0.86645132,0.1902739,-0.51594743,-0.47396429
19990173,-1.0782962,0.15831875,1.0788625,0.14489339,-0.88471357,-0.57324327,-0.26778946,0.40149162
19990174,-0.59051738,-0.019423167,-0.53332726,-1.0903519,-1.0830525,0.012405879,-5.7819852,-1.0877689
19990180,-1.0435267,0.36654521,-1.0045792,0.43905253,-1.4851323,-0.048262886,-1.468074,0.3387543
19990183,-0.59157791,-0.73472679,0.49153518,1.4511229,-0.28931258,-1.0355461,-2.1276821,-0.23642293
19990186,-0.7870263,-0.56437632,0.19461372,0.53035536,-0.34288784,0.1218657,0.56021673,0.40861211
19990192,-0.18471664,-0.10125768,0.20591627,0.26483952,-0.61265324,-0.067870823,-2.2066138,0.54184226
19990206,-0.30832386,-0.021450479,1.3708205,0.44088184,-0.22071037,-0.8813035,-0.13468746,-0.81944675
19990216,0.41082612,1.8746866,0.56172766,1.4058276,0.28237384,0.34824836,0.29525513,-0.44419213
19990230,-0.56649583,-0.58218835,0.69259177,0.030035841,-0.40200108,0.6169697,0.29272883,-0.35394615
19990244,0.15342404,0.085967088,0.091801169,-0.76991811,-0.45513836,-1.1347455,0.82335092,-0.0026980938
19990264,0.37699803,0.1805573,0.14052759,-0.11328573,0.48281864,0.94598153,0.35654571,-0.82975694
19990271,-0.37353529,0.94044844,0.053316227,-0.099499731,0.25325453,-0.90707973,-0.28038684,-0.39651933
19990275,0.79178123,1.1762904,0.64726508,-0.79995768,-1.1180148,-0.035073509,-0.02071884,-0.43094555
19990290,0.18065492,0.24599903,0.028591918,-0.1407769,-0.3907379,-1.0859024,-0.32101681,0.34864892
19990304,-0.83191656,0.22485679,1.0815513,0.20892104,-0.3670508,0.1108379,-0.14236621,-0.18714835
19990317,-0.72277794,0.0013622126,-1.17672,-0.1154434,0.8978959,0.073836771,0.473691,0.10201892
19990320,0.54021845,-0.247766,-1.0337335,-0.82204767,-0.14659886,-0.34924099,-1.2203431,-0.67157266
19990329,1.4931649,-0.1224699,0.79610243,-0.45677934,-0.91258514,0.12874118,-0.23335469,-2.1850481
19990355,0.86344796,0.2761451,0.56430014,-1.0092978,-0.23528552,0.2986044,-0.93422543,-0.74021207
19990385,0.90648296,-0.28871369,0.73377601,-0.46283527,-1.0970214,-1.0269257,0.066909872,0.19543183
19990398,1.6102159,0.80273515,-2.1400576,1.0474403,-1.158276,-0.64471617,-0.28022,-0.20610429
19990409,1.1158299,1.129314,0.49195965,-0.24786477,-1.4473995,-0.5719187,-1.2905603,0.33450665
19990438,0.001307276,0.36652665,1.2073398,0.18159717,0.56737414,-0.069575223,-0.29453212,-1.0664123
19990464,0.19683833,-0.52881472,0.34478928,0.40075197,-1.1728755,-0.15132648,-0.37976362,1.4590948
19990483,2.2635221,-1.2815233,2.0430353,1.3396108,-0.10797959,-0.45683638,0.56505925,0.40937262
19990509,1.14641,0.57411329,-0.54357906,0.77287087,-0.26567098,0.91357599,1.4309022,0.85396955
19990517,-0.94755295,-0.15093016,0.49540799,-0.044410308,-0.81574227,0.3904889,0.58571706,1.2630535
19990525,-0.035079894,-1.4050001,0.72169975,1.7260907,-0.73427549,0.66678176,0.1115606,-0.10820847
19990542,0.35693206,-1.3459926,1.0768247,0.77964419,-1.0794799,-0.14118462,-1.2967841,0.72292228
19990549,0.091335218,0.14091155,-1.2759524,0.2881435,-0.46421069,-1.3433912,-0.33026863,-0.18305035
19990563,-0.64575173,-0.44280576,0.68483459,-0.27087269,-0.21783107,0.69071773,0.26052146,0.67449642
19990583,-0.52500282,2.3370905,-1.7234902,0.89254167,0.11628027,-3.084289,1.9141262,1.7111928
19990625,1.3094978,-0.79867694,0.60492112,-1.0189897,-0.25775786,-0.76567828,-0.45855136,1.5765656
19990640,-0.11823522,1.1159277,-0.5911764,0.28169688,0.59610477,1.4750814,0.026600202,0.51177081
19990647,0.84936102,-0.26744023,0.5543724,-0.10351239,0.18672666,-0.76719094,1.439242,-0.65780085
19990668,0.59744607,0.46481021,-0.095554373,0.71307811,0.98510593,-1.0265056,0.62791712,-0.11388627
19990712,0.7521649,-2.0726151,0.56837011,1.7048723,-1.5476994,0.010534416,-3.3204688,0.33170055
19990731,-0.78865662,-1.3831711,-3.1200249,0.088831166,0.17233363,1.1816143,1.0410047,-0.099597846
19990740,2.1681598,0.3583155,-1.3396508,-0.20472973,-2.1311551,0.92540546,-1.1655495,-0.57674378
19990755,0.58731759,1.5264155,0.27429531,-1.2810751,1.5252908,-1.1677206,0.938626,1.3685737
19990774,-0.63776008,1.2661037,0.35067236,-0.061213949,-0.19350823,-0.91372306,-0.18823851,0.043973034
19990784,-1.4118218,-0.85123797,-0.65493042,-0.12568679,1.1260682,-0.2532694,1.5842627,0.53729395
19990815,-0.49627354,2.0009325,0.027805139,-0.28013945,0.030984391,0.028767124,-0.72507883,-0.52085796
19990817,-0.1744326,-0.02062598,0.8478452,-0.80388193,-0.38641393,0.13900232,1.0155797,1.1355234
19990823,0.51599996,-0.1271377,-0.81006097,0.9259045,0.20226439,-0.0017961783,0.79959728,-2.1105794
19990828,-0.10333102,2.6407442,-0.087223469,0.80385983,0.99608649,-0.7064428,0.46999016,0.43440357
19990848,-0.66868551,1.2793367,0.31300803,0.5307248,-0.48724336,-0.65860367,-0.19803995,0.47677596
19990856,0.49250383,0.45986303,-1.4243754,0.72522927,-0.84840684,-0.33025245,0.80858969,-0.24827971
19990862,-0.29793085,1.726224,0.3668578,-0.14783737,0.018893267,-1.8867869,3.2191185,0.11121267
19990863,0.8299123,-0.95214226,0.19843643,2.1165478,0.77377426,-1.3386942,-0.017574573,-1.0731714
19990879,-0.24464885,-0.070502133,-0.20898463,2.560629,-0.77867218,-0.64620608,-2.1435769,-0.12191607
19990885,-1.3026102,-0.96549373,-0.71879119,-0.10049577,0.051308034,-0.83299977,0.52198954,-0.45314955
19990893,0.34318275,-0.39560392,-0.19386471,-1.3750536,1.5101835,0.33737721,0.18220008,0.21486461
19990896,0.90149603,-0.25500684,0.76293631,-4.0004136,-0.46080975,0.37476714,1.2626068,-0.17746429
19990905,-1.2356925,-1.3539736,-0.87138337,-0.88539572,0.51356037,1.0792594,-1.2411155,-1.7315705
19990926,3.0672775,0.23734277,1.5632632,-1.254734,1.1909737,0.70288516,-0.64685316,1.6019911
19990928,1.4037313,-0.77370217,-0.098606259,-0.44202453,1.2346916,1.0566272,-0.72014358,-0.33559509
19990942,0.90710099,5.8292925,-1.075893,1.2652352,-0.98008722,-0.7548635,0.68445228,1.7715361
19990947,1.3986387,0.068933673,-2.1701853,-0.20106487,0.032782067,0.10617915,0.50825444,-2.3716467
19990957,-1.0106887,0.19858053,0.52086111,0.075893831,-0.57129967,-0.72589088,-0.38963452,0.23107245
19990958,0.34356855,0.31456776,-0.59276195,0.32522412,-0.10404549,-0.17250684,0.50064093,-0.26661274
19990983,0.15446425,-0.57544273,0.41628982,0.85188261,0.76546146,0.80746467,0.32885616,-0.87212316
19990992,-0.86329618,-1.3253016,-2.1153466,-1.2604735,0.0051571082,0.74358596,-0.42476211,0.28210557
19991025,2.1361779,2.6628241,-2.3894951,0.10146372,-1.2336483,0.78462762,-1.6406391,1.1671595
19991045,0.3416669,-1.9538438,-0.29862767,1.3855499,-0.78461146,-0.51933009,-0.34091798,-1.141677
19991048,-1.5319034,0.34462313,-1.4884223,0.83854645,0.52929117,-0.054634133,1.590554,-1.3643769
19991072,0.21737841,0.23142847,-1.3782487,-0.36137313,-0.3433643,0.015127452,0.55956518,-0.32081879
19991088,0.46149437,-0.47415876,1.0200197,-0.55985229,-0.58170999,-0.70014382,0.67864112,-1.0585077
19991089,-0.18130941,-0.44970093,0.74840837,-0.52396884,-0.63358457,0.28118632,0.20560598,0.41667928
19991127,-0.40851073,-0.2737186,-0.18102341,-1.2383303,1.4032625,-0.23236493,0.088428034,-0.073789935
19991137,-0.085514141,-1.1240189,0.94879282,0.3340942,-1.1699058,0.04513361,-0.5540583,-0.20512952
19991148,2.4235083,0.30266592,-1.5208863,-3.4982791,-1.0648869,-0.10335432,1.2680122,-0.82402444
19991174,-0.85602619,0.0042285869,0.7672096,0.28616782,-0.56741621,-1.1390604,-0.18208156,-0.067818819
19991180,-1.0587101,-0.00016165398,0.68456676,0.0030443124,-0.15964858,-0.85181721,0.40841079,-0.40615854
19991185,0.34527938,-0.93139094,-0.069399441,-0.50873853,-0.43982392,-0.292567,-1.6466696,-0.22586234
19991192,0.090025762,-0.57375956,0.048713246,0.94468129,0.38772847,-2.1106595,0.098898434,-1.0502846
19991198,1.2980597,0.10152923,1.6015692,-1.3309841,-1.3195561,-0.14174239,-0.82000624,-0.59387488
19991202,-0.81107421,0.85216483,0.24800242,0.12478613,0.10317115,-0.28920643,-0.47902213,0.019849892
19991207,-1.1984992,0.055724621,0.53337362,-0.81491782,-0.51107885,0.65678672,-0.28454966,0.7505374
19991216,0.013834173,0.41035132,-0.74995875,0.36400988,-1.3467767,0.94520982,-0.65182945,-0.40853022
20000003,-0.28209381,-0.21032198,2.1220269,0.57578319,-0.64887629,-0.052412827,1.43695,-1.2912843
20000014,0.25661338,-0.14372744,0.67172323,-0.78859715,-1.2108052,-0.55028643,3.6718631,2.2288686
20000029,0.79554149,-0.37174734,-0.53326504,-0.35897251,0.34913797,-0.2560187,0.41816819,0.37703976
20000035,-0.71159162,-0.021574955,0.025240359,-0.56694385,0.40761746,-0.4890495,-0.36203456,-0.32021642
20000052,-0.77696959,0.0090851083,1.508013,-0.77202207,1.6785627,2.034313,-0.62284176,-1.5971437
20000063,1.0494389,0.60132845,0.48041071,-1.7525914,1.0237639,0.64417558,-0.30251875,-1.1880811
20000086,-1.2042833,-0.15446239,0.12805067,-0.77162304,2.0783951,0.27983238,-0.21896221,-0.30380299
20000093,-0.25921514,0.34284003,1.135509,-0.23038888,-0.73097135,-0.47711055,-0.22342793,0.065886914
20000104,-0.69741429,-0.44530011,-0.82802512,-0.49009034,-1.0369363,2.0357818,-0.78648435,-0.47620076
20000112,-0.35865537,-0.32052993,1.314156,0.046942249,0.064428,-1.7383847,-1.0275468,-0.67600184
20000119,0.41691947,1.2088236,1.1632609,0.54746992,-0.98379507,0.66285702,-0.084422242,-0.49463665
20000157,0.11847011,0.54656416,-0.5039967,-0.22104626,0.69621556,1.1325368,-0.38886505,-0.21826205
20000160,2.1652931,-0.54522945,-0.061574695,-1.7873696,-0.67505225,-1.0943584,-0.13650338,-0.86550783
20000193,0.3756832,0.41048387,0.5390353,0.18048809,-0.23299853,-0.0042979498,-0.17209256,-0.32219694
20000195,0.071265977,-0.023200452,1.5450447,-0.93712725,-0.90724094,0.54081976,0.71808126,-1.2909235
20000212,0.3445774,-0.83521566,0.92104604,0.26322691,-1.4549986,0.096792067,0.31762645,1.1899781
20000227,-0.35948028,-0.319144,1.044992,0.58320627,0.18542528,-0.77937463,-0.23485008,-1.7984086
20000245,0.33480188,-2.148475,1.7160685,4.1424218,0.10417383,2.2752745,0.14756199,3.056155
20000296,-1.0694072,0.18858132,1.4549915,-0.1612651,-0.36856328,0.60267788,-0.087330511,-0.59988044
20000314,-0.82733893,-0.0039035063,0.73736991,-0.65076774,-0.12612958,-0.11146898,-0.21120882,0.090049121
20000331,-0.14453691,0.42833029,0.50144596,1.0651672,-0.42351976,-1.207355,0.59219436,-0.98880717
20000351,-0.10059262,-2.8747018,-0.18944368,1.7691214,1.0993299,-0.29811619,-1.3269344,3.8651449
20000354,-0.35944916,-2.5111909,-2.1637652,1.0486103,-2.0906011,1.4519943,0.244263,-2.8717198
20000362,-0.12056362,-1.0887328,0.71635763,1.4596383,-0.010343241,-0.28716539,0.83174416,0.077791414
20000366,0.3311458,-1.5367045,0.14652985,1.1358834,0.91781443,2.2850053,-1.0331848,-0.29812832
20000407,-0.92375709,0.68705243,0.64036105,-0.14373877,-0.53117852,-0.95581345,-0.42228703,-0.41225777
20000420,-0.042110175,0.80141465,0.36949858,-0.31203714,-0.48303725,-0.39449981,-0.27587107,1.1836056
20000429,0.16624239,-0.48508091,-0.013139103,-1.2032523,0.51947126,-1.2245606,0.38038091,0.3508142
20000441,-0.49472507,0.15226988,-0.28819619,0.19276054,-1.1377512,-0.10547634,-0.8982692,1.1534561
20000449,-0.7285277,-0.10984368,0.38795982,0.47871978,-1.0438502,-0.3061217,0.47692237,-0.10481465
20000465,0.32461984,-0.024129618,-1.2401713,-0.68736367,-0.069147232,0.28126639,-0.18682747,0.37194291
20000501,-1.4142673,-0.68715461,-0.46092314,1.1417937,-0.088550923,0.23021537,-0.34008578,0.35583548
20000561,0.50893672,-0.89910622,-0.56889213,0.2682051,1.8803918,-0.74537132,-1.2479456,-0.15783515
20000580,0.76671117,-0.45208856,-2.9324955,1.2698303,-0.62265674,-0.16369436,1.4378999,-2.4545121
20000591,-1.1542484,-0.17277489,0.099996178,-0.16628093,-0.20365086,-0.34242197,-0.16246992,-0.58496421
20000595,1.6342897,0.37161953,-2.3860933,0.16568379,-2.3647342,1.7609146,0.63995128,-0.92712896
20000602,-0.085274045,-0.94148705,-0.33090919,-0.63768481,1.0179169,-0.18093208,-0.77716776,-0.77150507
20000633,1.4649273,-1.8926917,2.2348718,-2.3037052,-1.4715651,-0.19608168,1.9045891,2.795117
20000699,0.4279979,-0.76067285,-0.56293525,-0.16226805,1.2842041,0.75380427,0.078334349,-0.012453432
20000705,1.7871143,-0.85655666,0.79672924,0.4982048,-0.058124941,0.11261616,-0.90839566,0.58697193
20000706,0.070180404,0.77677544,-0.67646826,-0.79916233,-0.36415494,0.1053006,-0.030681798,-0.21087197
20000716,0.78127143,-1.2049469,-1.5073686,0.28803128,1.2039507,-0.64315036,0.20734712,0.81165189
20000720,1.7217753,3.3075076,-0.71480961,1.4305043,1.3330256,1.8204303,1.9916965,0.30556179
20000745,1.2428497,-0.60845035,0.30501069,0.99720539,-1.3221265,1.3711567,0.58080406,-1.0164857
20000747,-0.84409628,-0.42001817,-0.16968181,-0.63240429,0.60818201,0.77521245,-1.2183006,-0.016866136
20000751,-0.79607591,0.12419824,1.0354941,-0.48855215,-0.34554909,0.24819359,-0.38675463,0.41850533
20000776,1.2422569,3.5316805,0.25455098,2.0536587,2.297173,1.2655092,-0.54317764,-0.46707853
20000787,-0.65476793,-0.86279218,-0.74929863,1.3301028,1.0093528,1.0037412,-0.58536609,-0.42908458
20000789,-0.76233237,-0.72173418,0.41830211,0.51648117,-0.24444178,-0.90615083,-0.70363552,1.401958
20000849,1.3042958,0.76323075,0.36410048,1.1359727,-0.97997977,1.6573299,0.75953358,-2.0539407
20000857,-0.48271127,-0.78961392,0.83651247,1.1815645,0.68239127,1.8215428,2.041263,-1.7341627
20000863,1.6645637,-0.89280492,-1.4222385,1.7148935,-0.9193633,-0.37517621,1.6022328,-2.2216131
20000888,-0.22241463,-1.7028656,-0.98615503,-1.1285115,0.44536022,0.2133126,0.10210186,-0.53444377
20000897,-1.6350017,0.31202152,0.52744813,-0.65950737,-0.31635397,1.3175433,0.065527784,1.2776756
20000910,0.5078379,-0.015828363,0.40515763,-0.64497254,-0.59647348,-1.7426025,-0.20048283,0.023462986
20000923,0.78225151,-1.957996,1.4575132,1.7249986,-0.86912134,2.9721573,0.5573706,-1.9385963
20000934,-0.33671533,-0.79967896,0.71998272,0.22651533,1.7303162,-0.35732421,0.70810304,-0.90712377
20000939,1.7028708,0.29370007,-1.2065223,-1.1036524,0.40788594,0.086934883,-0.63254871,-0.27802784
20000944,0.20357886,0.031785984,0.050778177,-0.89508086,0.74591102,0.28106132,-0.12529524,0.65052498
20000957,-0.85845465,-0.21140087,0.86202293,0.29995175,-0.066202951,-0.87405602,0.13400814,-0.19180214
20000958,0.89192154,0.83969494,-1.3179097,-1.0668918,2.7142905,0.24044547,-0.86215609,0.17282104
20000963,-1.3121996,0.50822111,0.78742986,-0.42643858,-0.58112094,0.29046605,-0.47449006,0.046430401
20000967,0.03537318,0.065161545,-0.3876377,-0.71304385,-0.47243891,0.0055048976,0.67008026,0.36182284
20000975,-0.096803733,-0.21116272,-1.0868466,0.0049095105,0.82286216,-0.62917443,0.31223022,-0.87694004
20000981,2.2287677,-0.8166175,2.8317874,-2.576113,0.41206839,2.5357567,6.8210997,4.1257277
20000988,-1.1992218,0.54581871,0.57287367,-0.53113747,0.42945389,0.71711882,-0.20386723,0.68039371
20001012,-0.68770817,0.12876489,-0.56086807,0.78463838,-1.1838455,0.50530026,-0.33437934,0.003957038
20001018,0.89624969,0.16435904,-0.19554008,0.093418105,-0.61852584,-0.23986906,-0.10239031,-0.067816241
20001030,0.62401236,-0.30142961,0.28035309,-1.7012118,-2.2017047,0.54223803,-0.58255401,-0.7336737
20001047,-0.35990347,0.42128221,-1.7380181,-0.23695133,2.3147506,0.29790969,0.43053148,0.27033425
20001057,-0.50966585,-0.10524139,-0.30619409,0.38959541,-0.40551761,-0.22750522,-1.373593,0.9837946
20001064,0.58045455,-1.2590425,-0.67612933,-0.62353467,0.085278799,-0.0033722117,-2.4016102,0.94595317
20001070,1.3817798,0.34594005,1.8427482,0.91642266,1.9921238,1.7349109,-1.3586293,0.28297805
20001071,-0.4000415,0.35749614,0.54227615,0.39809132,0.34391299,0.52868076,1.4040907,0.6220597
20001086,0.17389696,0.43528091,1.0377566,0.42611669,0.29893222,-0.37629588,-0.1931263,-1.1138541
20001104,0.51298425,0.1554812,1.3549269,0.65346411,-0.63592602,0.25920945,1.1088382,-0.31062188
20001113,0.11121687,-0.55885985,-0.095908907,-0.1775672,0.14324899,-0.35044659,-0.13037189,-0.14536239
20001118,-1.4038086,-0.83658727,-1.0049184,0.11180602,-0.25839125,-0.82372567,0.34758347,-1.3882181
20001131,-1.4654633,-1.2853259,-0.39203649,0.53670708,0.014683534,-1.0273567,-0.27295754,-0.68943862
20001150,-0.20351653,0.48946114,-0.68795831,-0.18210269,-0.53332477,-0.45297299,-0.34010652,-0.4584008
20001160,0.25958077,-1.5810585,-0.27971802,1.151488,0.48111406,-2.287271,-1.4184695,-1.2184325
20010014,-1.186865,0.34282342,0.91527695,-0.046164039,-0.52088249,-0.67770461,-0.25131597,-0.02579002
20010017,-1.1897413,0.87451843,-0.71352021,-0.01585652,1.0934989,-0.12867753,1.1685238,-1.0953146
20010040,-0.72503709,-0.31286684,0.42731595,0.94160786,-0.032873638,0.32492001,0.97238398,1.151479
20010049,-0.46793156,-0.25290028,0.068696811,-0.61112728,0.53800397,0.41153124,-0.56671447,-0.25486457
20010067,-0.95809244,-0.50999683,0.11644264,-0.074203399,0.74217045,-0.92976394,-1.0404536,-0.15977319
20010069,-0.62741754,-0.60626744,-1.1825229,-0.40765504,-0.354973,-0.46250493,0.093988265,0.23040844
20010075,-1.2451475,0.3567894,0.61879755,-0.30612384,-0.43756471,-0.86212762,-0.18751439,0.48514959
20010076,-0.55852581,0.57361457,0.45427701,-0.18805211,-0.69319462,0.35838576,1.6351507,0.59870412
20010078,-0.17475121,-0.21797599,1.2370625,-0.0014334555,-0.34153291,-0.41380938,0.18757338,-1.082571
20010096,-0.19000829,-3.3278669,-0.098781747,0.53675262,1.5996614,1.5731415,-0.5504426,0.97715861
20010126,-0.35293353,-0.0066367039,-0.60694641,0.65836054,0.79757392,0.32978308,0.70202689,-1.8863235
20010130,-1.8838595,-1.2453587,-1.0753346,-0.27596401,0.70971468,-1.760175,1.3113373,0.6856192
20010140,0.49288266,0.72856272,1.4929203,1.0159733,0.94897712,0.92917708,0.91229369,-0.23061938
20010146,0.40885657,-0.1690808,-1.0831636,-1.3699383,0.19057241,-0.42388549,0.097202349,0.47298681
20010161,1.9253361,-0.65504732,0.056038033,-0.95908861,1.1285633,-0.66869248,-1.3873481,1.7189041
20010164,0.81813528,1.463625,-0.78755844,-1.0451174,2.3934979,1.6573576,1.0265835,-0.19683857
20010174,-1.3905733,0.62593135,-0.32129496,0.27242798,-0.040098598,-0.23215217,0.96435846,-0.10693595
20010179,-0.8705597,-0.68344189,-1.1364352,1.6796803,-1.4898596,2.0173281,-0.6120907,-2.3221972
20010196,-0.5473571,0.29330701,0.99194867,0.26577508,-0.048276612,-0.69562212,-0.34828105,-0.19760267
20010202,0.65289434,-1.0830329,1.4709344,-0.87150639,0.48733741,1.4463381,0.69057899,1.1192369
20010204,-0.8255224,-0.73080325,-1.87084,-0.5018226,-0.84693954,-0.91761109,1.3690885,-0.25280463
20010219,-1.2685344,-0.6383787,-0.45637552,-0.7385577,-0.53479979,-0.93180849,-0.48189639,-0.60876202
20010228,-0.76246892,0.65764664,2.069792,-0.84868434,1.1039025,2.8134806,-0.91207189,-0.58684729
20010230,-0.45190507,-0.059836843,0.48907467,-0.9261314,-0.15007369,-0.46235843,0.084162798,-0.66171981
20010235,-1.1134677,0.47348041,0.90347276,0.035703162,-0.62212104,-0.910944,-0.48483827,0.030458659
20010254,-0.10896938,-0.18586126,-0.41474157,1.0881267,0.030962277,0.59862681,-1.3441897,-1.1825496
20010270,-0.97110683,0.36900503,1.0668726,-0.096684832,-0.42568473,-0.5035096,-0.33213077,-0.21469182
20010283,-0.69649825,1.198419,-0.14623434,0.43616123,0.39390777,1.5589622,0.40066623,0.031618459
20010287,-0.11713917,0.50526339,1.5980317,1.1442586,-0.25800733,-0.96411337,0.14561332,0.25399111
20010300,1.3344359,-1.785062,1.1870294,2.6418132,0.13691143,-0.55839154,-1.2220743,-0.25438868
20010307,-0.27567529,0.26256304,1.1356765,0.52715511,0.17596515,-0.24758898,-0.0061482558,-0.32429363
20010333,0.3539142,-0.72219909,1.3693156,-1.3184745,0.09097027,-0.49408788,0.80421836,-1.2672238
20010337,-0.88193917,-0.048532868,-0.8585521,-0.25680454,-0.42280839,-0.64012771,-0.64894175,-1.4021528
20010357,1.0635606,-0.38836256,-0.036539396,-0.97111601,-0.53320051,-0.75762315,-0.49261011,0.80682392
20010391,0.4481035,-0.51190384,0.58272142,0.51979709,0.025344963,-0.78601828,0.52454531,-0.52639016
20010400,0.74281416,-0.35693443,-1.6679478,-0.46438244,-0.6267665,-1.7301914,0.4322636,-0.53718661
20010428,1.3885111,-0.44884215,-0.11273137,-0.4364191,-0.57240614,-0.89285652,0.46806642,-0.35311466
20010439,-0.76426109,-0.51503818,0.58928609,0.22832443,-0.42982267,-0.57087594,-0.12618318,0.1863218
20010467,1.8440355,0.05936691,-1.0797338,-0.30292856,3.8799775,-0.15417933,-0.81353323,-0.21724656
20010483,0.26531363,-1.4537676,-0.073748134,1.4849709,0.53172026,-0.3146051,0.077357121,0.14518272
20010499,-0.98182847,-0.094585552,-0.50389718,-1.273369,2.1145206,1.2285493,0.057994927,-0.93110041
20010500,-0.081383729,0.039842867,-1.0541264,0.22881484,0.74452867,0.98113232,0.55862354,0.85822957
20010503,0.26380642,-0.84578137,-0.082495315,0.73528412,1.2310608,-0.19375656,-0.28969141,-0.49930371
20010505,-0.22856976,-0.80377018,-0.25102737,-1.0617281,2.3898122,0.7236733,0.4216391,0.50508107
20010510,0.92035089,-2.7951761,0.39916589,-1.1360896,3.6806523,0.55035946,1.1091711,-0.4653854
20010512,-0.56427431,-0.75625249,-0.99099368,-0.0061589665,1.0752098,-0.3206551,-0.17668892,-0.19887488
20010518,1.2110486,0.57075967,-0.52301688,-1.5487793,1.3635359,0.21489881,0.62167943,1.500518
20010527,1.0605088,-1.3115195,-0.90839394,0.16478073,0.061545482,0.469773,-0.34981597,-0.11234424
20010535,-0.81798154,-0.55216166,-2.0033866,0.20350315,1.546418,-0.93840769,0.36946771,-1.9435707
20010567,1.946129,-0.75601934,0.63138908,2.9531554,-0.57713078,1.0615664,-1.0670263,1.3098254
20010570,-1.0612299,0.70669416,-1.81926,0.15880403,-0.83168336,1.4006209,0.34164873,0.93352182
20010573,-0.58974909,0.36123559,-1.4890327,0.3225622,-1.5884896,1.11901,-1.3423788,0.5528732
20010583,-0.4208483,0.59315419,0.54281493,0.56551404,-0.36745027,-0.95445735,-0.56830935,0.78865155
20010588,1.5659305,-0.17116866,-1.4828776,-1.7959305,-0.42773286,2.5361556,1.504068,-0.3168109
20010603,-0.77258154,-0.63895829,-1.1117933,-0.58068965,0.88873553,0.047491181,1.1718279,0.33854626
20010608,1.0455441,1.5145834,-0.70114917,0.14268689,1.0121099,0.89784433,2.0647279,-0.96656919
20010618,1.3687578,0.42623894,-0.54502643,-1.6302244,-1.4523235,-0.63760972,-0.032459129,-0.65392915
20010624,-0.31186079,0.16646436,-0.11781483,0.35719062,-0.55869306,-0.03883913,1.1694794,0.29138458
20010633,0.4484034,-0.41384983,-0.69660774,1.0915123,0.86488752,0.42443509,-0.99489608,-0.57069572
20010634,0.92792208,-0.59662966,-3.1085686,0.67922739,-1.0966012,-2.7979194,1.0027244,0.075733321
20010669,-0.117949,-0.27382846,0.48110508,0.11152806,-0.52053645,0.93107417,-1.019047,0.065765575
20010695,1.4165927,-0.86904298,0.60783145,1.8294959,-1.0813102,-0.64244266,-1.590253,-1.1091018
20010700,0.43675195,0.80035631,-0.80392922,-0.43710026,-0.076237735,-0.019842185,-0.60576038,1.6935351
20010722,0.11137039,-0.080148361,-0.89707235,0.42501459,-1.0101485,-0.34780658,0.31725543,0.37998771
20010731,0.6351757,1.2520555,0.050971245,0.78771995,-0.95122003,-0.76153692,0.56752268,1.0073724
20010743,-0.6819174,-0.27792869,0.82205624,-0.21711686,-0.70810362,-0.55842673,-0.30535014,-0.50292051
20010759,1.1798082,-1.0080662,-2.7744011,1.9514275,-1.029687,0.18089462,-0.31313124,-0.39289932
20010791,-1.3871258,-0.19334759,0.27362849,-1.0837718,0.024535448,-0.4054179,0.71193301,0.0074640396
20010794,-0.44609939,-0.17608526,0.95304916,0.17550028,-0.64588381,-0.11927995,0.95144179,0.55731623
20010796,-0.56686005,-1.8701725,0.18215462,0.414098,0.51601807,0.088465232,0.63074925,-0.71526545
20010798,-0.83770586,-0.21698817,-0.61725332,0.30106235,-0.68611693,0.25397118,-0.61691354,0.52237002
20010826,1.0821624,0.8050668,1.1830861,-3.5448631,-1.0609465,-0.52494545,2.6794623,-1.4335767
20010860,0.54115201,0.29879398,-0.55290128,0.12397612,0.065462808,-0.76997075,1.0773587,-1.1008896
20010895,-0.74499151,0.81799604,0.4751821,0.39950556,-0.35491855,0.23014484,-0.10214066,-0.64349414
20010915,-0.71464535,-0.036907942,-0.12051956,-0.42514131,-0.076952963,-0.44598996,-0.73738867,0.3454395
20010986,0.63218928,-0.096818285,-3.5551076,0.96009266,-2.5459117,0.053755226,-0.2746066,0.27649061
20010991,-0.44746592,0.13226685,1.8048761,-0.39282166,-0.722886,1.0004901,0.22169206,0.0088172196
20010995,0.66853799,0.58999562,-0.55116208,-0.36215771,-1.1889332,1.3955149,0.44286897,-0.36125823
20011010,-0.58932735,-1.6017276,-1.7427969,1.4465673,-0.83226076,-0.11828978,-0.018932616,-0.69352349
20011025,-1.0854323,-0.042813322,0.6545599,-0.28313056,-0.27737911,-0.49952479,-0.26804844,0.054712649
20011035,0.23198341,-0.38955637,0.61092676,-0.3989554,-0.84658976,-1.2837718,-1.1342006,1.0526906
20011044,-1.1289634,0.22563765,0.57362495,-0.20765245,-0.51001456,-0.56116574,-0.4676524,0.11015834
20011077,-0.055689735,-1.5887782,0.23681136,-0.88916265,0.68763567,-0.35116998,-2.4282226,-1.4739701
20011081,0.076936269,-0.95725784,0.63240511,-0.5666555,-0.38057837,0.17507366,0.16954892,2.3398671
20011092,-0.10229684,0.27961967,-0.31958304,-0.070588321,0.34132662,0.39020439,0.26842274,1.5888657
20011093,0.54297172,-0.078370889,0.25995708,0.83254099,-0.65774491,-1.145357,0.66016021,-0.59078044
20011114,0.48527718,0.23374939,0.17790961,-0.65577652,-1.1399921,0.45955756,-0.96292824,0.44561344
20011124,-0.95508557,0.28821246,0.28697046,-0.58356641,-0.39183855,-0.196742,-0.47279433,-0.25119579
20011130,-0.75832859,0.59830509,0.90934121,-0.063867874,-0.76856002,-0.3461765,-0.33994378,0.12117468
20011154,-0.10242301,-0.51599748,0.44993827,0.18940189,-1.2075424,0.54699733,0.47366422,0.59698577
20011177,-0.14231825,-0.34752458,-1.195628,-0.01696619,-0.38956916,-0.64786505,-0.21973373,0.56142209
20011187,-0.96960296,0.2832513,0.95753968,0.42085953,-0.79884735,-0.073245006,-0.45209547,-0.38342354
20020011,-0.4245038,-0.55065079,0.52826872,1.2692789,-0.59300414,-0.72726913,-0.094722194,0.0076339809
20020015,-0.54381055,-0.045210903,1.5582025,0.22657571,-0.51300209,0.79523972,-0.29020375,-0.5821712
20020021,-0.48891122,-1.0079257,-1.3157513,-0.76133868,-1.1736219,-1.2367487,0.055307234,0.012974652
20020028,-0.063775714,-0.75652255,0.98058451,0.10353707,-0.4130982,-0.21259653,-0.37378126,0.94141243
20020033,-0.51055407,-0.22665515,0.35376824,-2.170142,-0.20666467,-0.38173715,1.6882292,-0.23801894
20020038,0.88682482,-0.077520863,-0.40349851,1.3202959,-0.091484137,1.3167577,4.1644795,2.0778698
20020070,-0.80348992,-0.56326821,0.10872867,0.4797441,0.86341922,-0.31858834,0.94075819,1.0420216
20020077,-0.56545938,-0.099250363,0.6334247,-0.81111559,-0.40283429,-0.18176317,0.22326259,-0.078774896
20020087,2.1960196,-0.65727138,0.16502708,-1.2383766,-0.96638925,-0.53243875,0.34355725,-0.76893442
20020103,0.37236276,-0.049579065,1.4605092,1.3171974,-0.66656852,0.031672133,-0.50052405,-1.2909187
20020125,0.078058461,0.50946169,0.66914804,0.13488322,-0.25018871,-0.30037161,0.12538754,-0.59665402
20020129,-0.80003021,-2.0841586,-1.0928851,-0.55877371,1.7003284,-1.641381,-0.31145104,-1.0774487
20020131,-0.95376814,0.36979284,1.2677753,0.19368265,-0.53982247,-0.12229144,-0.30380354,-0.32776129
20020132,0.89619069,0.62871411,-1.3975046,-0.46568829,1.700781,0.43232529,-1.2436687,-0.33013041
20020135,1.1680332,-0.28382582,0.45577979,-0.81563144,-0.8568698,-2.0577541,-1.7504555,0.52676264
20020148,-0.77485888,0.217568,1.2674539,-0.12243207,-0.20076639,-0.00064575475,0.47351074,-0.37873622
20020159,-0.0043294496,-0.18962993,0.13709443,-0.60021718,-1.9443824,1.8454156,0.79304551,-0.2773187
20020164,-0.22456878,-0.25951693,0.62100897,0.72243652,-1.3970261,-0.29606047,0.89447411,0.24978446
20020182,-1.100554,-0.62030361,-2.1122269,0.2400335,-0.89495388,1.1418497,-0.68843544,0.069777688
20020197,1.9975327,-0.74779049,0.19298382,-1.0449349,1.1546628,-1.0326279,-0.10034745,-1.2462086
20020223,-0.48968046,2.7621371,-0.51170724,0.57324763,1.7896531,1.5073003,-0.6817051,-1.5033814
20020230,1.9810027,0.048539066,-0.35296113,-0.91727532,-1.8993768,-0.4420588,0.14000844,-1.2997602
20020254,-0.21539887,0.491944,1.0285838,-0.29435521,1.6010319,1.8198254,-0.52749183,-0.54102851
20020261,1.9092101,0.1848326,0.98676325,-3.6118977,-2.3687753,-1.2703016,0.10134659,-2.2012156
20020268,0.31694121,0.80734456,0.16508878,1.0931727,-0.34038536,-0.71056006,-0.67510615,1.0912036
20020277,-0.10319772,-1.7212064,-0.86106779,0.66972517,-0.17509605,0.31355703,-0.94132326,0.85442702
20020321,-0.3247678,-0.70888713,-0.52669211,-0.18575473,-0.97598339,1.2615915,-0.40921034,2.232404
20020328,2.0374021,0.61079542,0.67643731,0.40938863,-1.1397866,1.8232931,1.9421634,-0.46810102
20020335,1.0486428,-0.46216957,0.44504802,-0.64805923,-0.93799642,1.1438726,0.33408441,0.17857136
20020342,-0.45887875,-0.99512852,0.19373244,-0.14846632,-1.2152263,-0.4547243,-0.56299924,0.62918459
20020352,1.1439997,-2.2170668,-0.1898806,-0.61040113,-1.7995592,0.17432663,-0.46998471,3.445109
20020363,1.292863,-0.25136422,-0.028503093,0.82704343,-0.33470201,-0.71348671,0.49460038,-1.0575022
20020368,-0.28722284,-1.3423046,0.061806981,-0.26873724,1.0388567,-0.76687366,-0.68440995,1.356531
20020369,-0.66147661,0.050401939,-0.060381446,0.83415268,0.26564473,-0.25024743,0.94660832,-0.51025304
20020381,-0.096602248,-0.14133307,-1.718267,-1.0980848,4.3681215,-1.8777708,-0.079593062,-0.33439159
20020385,1.347299,2.7917484,0.11370068,-0.93598531,1.0421217,1.8758181,-0.057802455,0.83993049
20020394,1.1085229,-0.7374455,1.2792422,-0.6934347,-1.085563,0.63420478,-0.048465473,0.20068289
20020415,0.96880882,2.9555043,-1.4613006,1.4702898,1.1590405,1.0814547,0.15194469,0.24872629
20020423,-0.18375507,-0.79674514,-0.045496995,0.57415466,-0.39360901,1.4155344,0.93336745,0.57292667
20020428,-0.60629341,-0.0199828,-0.39019051,1.4391756,-0.14089839,-0.3544923,-0.31408787,1.3762475
20020429,0.98175033,-0.67923212,-1.7399074,1.2383268,0.89874701,-1.4650366,0.99795244,-1.5151166
20020457,0.54834273,-1.0947896,0.63667862,-0.38701756,-0.23628837,-0.061135142,1.0791311,-0.88945588
20020483,0.26875488,-1.7147866,-0.60165469,-1.5369484,-0.73937707,0.62885159,2.2681248,1.8110462
20020484,-0.50498279,0.90218659,-0.87118196,0.81528574,-0.034421724,-2.1301424,1.0764448,0.52454619
20020490,-0.40085858,0.072323463,-1.0465088,0.92927583,0.010121623,-0.79662734,1.3592638,0.55947992
20020495,2.7508517,-1.1716217,-1.3564883,-0.77029445,-0.22046584,-0.66849425,-1.390187,-0.09053524
20020503,-0.32225711,-0.13383604,-0.31309972,-0.13547852,0.06781057,-0.047296051,0.90239155,-0.33177419
20020508,0.91952454,0.51862145,0.75813414,0.31090021,0.040154965,-0.50993206,0.51126637,2.1628838
20020521,0.83986782,0.42207984,-2.4334469,1.7477043,-0.83756966,1.8027571,1.350735,-0.48877474
20020547,-0.21819271,1.545921,-0.37268313,0.79428376,0.31908942,-1.022669,-0.1156849,0.073761912
20020554,2.0000709,0.033868841,-0.0024159208,1.1804975,0.87898999,-0.4056786,-0.076911416,2.7091184
20020585,-0.21401674,0.077874546,-0.66581358,0.36136915,0.62994684,-0.63164871,-0.17176198,-0.42540051
20020608,-1.7268221,0.22264411,-0.83409563,0.076625538,-1.445241,1.009367,2.3732609,0.17694432
20020611,0.36243055,0.41569286,0.26151988,0.42778378,-0.26369503,-0.5123572,-0.5027735,-0.093733484
20020613,-1.1005426,-2.8915897,-1.5597474,-1.4058211,1.8020841,0.60911342,-1.2587461,-0.96530158
20020624,-0.36218882,-0.30549747,-1.0408867,0.23139022,0.80759598,-0.15508871,0.024005366,-0.19947084
20020646,0.63382901,-1.7388863,1.2104888,2.0171713,-0.074826604,-0.9447843,0.028128828,-0.48622023
20020650,0.08513179,1.8249759,-0.0091417826,-0.27869046,-1.0001843,0.060021446,0.2066892,-1.5856634
20020659,1.5419007,0.78941946,-0.21075868,1.6871696,-1.138483,-1.2930787,0.1274295,-2.1701716
20020688,0.32912213,0.78097285,0.16597731,-1.3612363,0.13544925,-0.560668,0.49821877,0.10336785
20020716,0.08795661,-0.40652096,-0.68638722,-0.16554996,0.42615299,-0.51999514,-0.052794482,-0.64199985
20020717,0.80333975,-2.9055339,0.16739497,1.6388189,2.2717531,0.097183918,-0.46214072,-1.0766115
20020787,-0.5801158,-0.96989735,-0.17773375,1.2090689,-0.20169734,0.53809649,-1.5273754,-1.3805145
20020803,1.6222024,0.38435536,-2.670952,1.6747642,-1.4228678,2.7003021,-0.22933994,-0.64944265
20020816,0.43050022,0.12400454,-0.37843079,-0.61312525,0.41129686,1.0300141,-0.82548198,-0.43884321
20020833,0.72227811,-1.2181006,-4.7397058,2.6277292,-2.5626479,2.6239971,0.30776261,-3.584282
20020857,-0.99203004,0.059897169,0.11976812,0.15060588,-0.42992458,-0.14998031,-0.47598169,-1.0338289
20020866,-0.37204325,0.53916829,-0.32700704,0.51657893,-0.61559195,1.3889134,0.24120421,0.26551444
20020877,0.52451901,-0.060397483,0.83267351,0.81465656,-1.1401322,0.60466599,0.0026292845,1.412744
20020883,0.97124887,-0.04949163,-1.4145855,-1.1387785,-1.1160171,2.4469727,1.4255509,1.5444315
20020891,-0.25576218,0.82307616,-0.073279572,-0.0014781436,-0.81054266,1.9261451,0.70070787,-1.128382
20020896,0.074518057,-0.13451727,-1.5573514,1.7365007,-1.2065343,4.0657937,1.6833602,-1.104002
20020906,-0.60368829,0.14792979,-0.90138612,0.24041262,-0.94891205,-0.20069679,-0.17483536,-0.26327533
20020915,-0.58983009,0.3901256,0.068605221,-0.63795763,1.8209549,-0.50484943,-0.69028942,0.3119102
20020916,-0.1931229,0.35297605,-0.31253881,0.46241164,-0.7500681,-0.26314338,-1.1759183,1.145004
20020917,-2.209558,-1.0257157,-0.75035801,-1.3469903,1.7380073,0.30757499,1.6789254,0.028305825
20020927,-0.95511159,0.16395195,-0.12648207,-0.21479991,-1.1658251,-0.22391303,-1.1697325,-0.529007
20020930,0.93006101,-0.72177208,-0.18480053,0.83850471,-0.82913974,-0.35780677,1.1846044,0.56433235
20020940,2.1520459,-1.0965338,-1.9449563,0.94176005,-1.7027328,-2.3674115,0.98709046,-0.05805202
20020954,-1.0916316,0.27889032,0.67227564,-0.311722,0.13644848,1.3836237,-0.69686195,-0.67099445
20020976,-0.67140109,0.43696009,0.95102546,0.045437876,-0.20232148,-0.52828829,0.012926253,-0.15599174
20020985,1.0543863,0.66139022,-0.20590021,0.32424733,3.539809,1.1395038,-1.2141108,-0.57283547
20020991,0.97152333,0.71541928,-0.48951053,0.11629753,3.5134375,0.67837516,-1.7471329,-0.49049883
20020996,-0.72125492,-0.94838372,-0.25600413,1.2847565,0.28174584,0.68577827,-0.42501955,0.94883426
20021005,0.31738006,-1.0147893,0.04764826,-0.47629978,-0.66555511,0.24827666,0.51176962,-0.89095423
20021017,-0.94782961,0.64373081,-0.32859896,-0.70944428,0.97816592,-0.10662857,-0.43948132,-0.21227241
20021019,0.16756936,-0.56293116,-1.2671236,-1.8068867,-0.54711393,-0.43545328,-1.1684581,0.016197658
20021029,-0.99099002,-0.45055919,-1.2823758,-0.08639725,-1.4809268,0.037995871,0.11042316,-0.51848563
20021032,-0.54630295,-0.35651266,0.71783687,-0.12085677,0.26476057,0.068997721,-0.69554413,-1.5185179
20021039,-1.1777347,0.30593411,0.11217251,-0.085672992,-0.77076172,-0.33279097,1.1542335,0.59155156
20021049,0.26905423,-0.17569597,1.3628323,1.5787144,-0.39054946,-0.62752252,1.0019256,-0.27496441
20021087,0.42548272,0.51142265,0.69303481,-1.1373261,-0.89411258,-0.38889166,-0.18140635,-1.5265176
20021093,-0.96308616,0.77936257,1.3214714,-0.047868877,-0.28961965,0.55735901,-0.43039178,-0.45619756
20021097,-0.57429624,0.41121539,0.59857814,0.33402723,-0.62400979,-0.84233746,-1.1200313,-0.04941667
20021107,0.64463833,-0.86289524,0.26338742,1.1617924,-0.78446994,1.1824107,0.77737654,-1.0153585
20021115,-1.3825595,-0.81361041,-0.35622518,-0.8052521,-0.73917072,-0.079041836,-0.55264141,-0.79710882
20021129,0.20565562,-0.26712395,-0.65954857,0.61001115,-1.3387914,0.12214783,-0.83674291,-0.048528465
20021138,-0.8915018,0.15531539,-0.029210865,-0.13784713,0.013780534,-0.43413119,-0.82371005,-0.30011082
20030016,0.14689377,-1.9247957,1.4362925,0.63620721,0.58909356,-0.58620166,-1.1799241,3.3184929
20030029,-0.85704054,-1.6239538,0.75260647,0.11006082,-0.48713455,0.10667528,0.91942206,2.2586088
20030030,-1.0928593,0.64542281,1.3078607,-0.49265625,-0.066199183,1.0891081,-0.78787158,-0.53753392
20030035,-1.4999978,-1.2320577,0.13438722,0.42078889,0.54894413,-0.95614943,0.62637601,-0.20558646
20030044,0.29061847,0.060636608,-1.4141241,-0.82349484,-2.3147466,0.23481036,-1.176981,-0.34521201
20030046,3.2185248,-3.6388008,1.0576622,1.4982602,1.1736456,3.2318278,1.0350263,2.4187778
20030057,-0.94391304,0.13758137,-1.0426196,-0.072267955,0.64692736,-1.4799388,0.93770735,-0.16328585
20030063,3.1717289,-0.33437412,0.36966882,-0.53429254,-1.6866772,-1.5220485,-0.34663873,-2.2250765
20030076,0.30025583,-0.38461688,0.81014416,-0.055489694,-0.29696131,0.20735286,0.25986184,0.026601669
20030086,-1.2834667,-0.17639811,-0.82323256,-0.51238427,0.72424904,-1.0035612,0.56666972,-0.6614785
20030090,0.7839157,0.89972839,0.065764156,-0.49863263,-0.24372855,-1.2679303,-0.57266753,-0.48089875
20030099,2.8326788,-2.5784412,1.1589965,-1.7569912,-0.71926927,-0.66251649,1.5578671,0.723981
20030110,0.47664056,-0.92346295,0.0034091168,0.073292215,-0.37290337,-1.8760056,0.24391887,-0.79714874
20030118,-1.4457348,-0.61654619,0.11187034,-0.41019188,0.10729213,-0.11877866,0.27229522,-1.1428011
20030124,-0.45132137,0.02431941,1.2822355,0.50418823,-0.73579357,-0.47122545,-0.53888725,-0.65114732
20030170,-0.13607598,-1.5434441,-0.2483011,-0.32612638,0.40601437,-0.9095624,0.052045096,0.60438454
20030219,1.0698575,-0.65719559,0.55656311,0.98737669,-0.19448332,-0.35349051,-1.4520588,-0.46569923
20030228,0.69193159,-1.5398882,1.2187848,0.10689184,0.46410575,0.16798471,-2.184008,-0.86045794
20030230,-1.4763126,0.50986696,-0.77046913,-1.8235685,0.066677761,0.67444167,1.4617425,0.020410578
20030246,-0.22597936,0.18715556,1.064884,-0.10788723,-0.69884224,-0.033506561,0.60632388,-1.2544893
20030262,-0.093101722,1.2307382,0.27936627,0.08134353,1.5124438,-0.059152532,-0.1422725,0.33990439
20030267,-0.61371582,0.40585622,-0.17507697,-0.37060675,0.81464842,-1.639237,1.3238686,0.2847233
20030319,0.6635078,-0.032548531,0.72663599,0.6974873,-1.0499862,0.12332719,-0.16659735,-1.063778
20030338,0.22539444,-0.10142322,0.79202355,0.15300354,0.3949051,-0.045482128,0.063085259,-1.0880441
20030355,0.089703083,0.075103526,-0.38932516,0.048322751,-0.6849539,-0.20022125,0.19635191,-0.01960734
20030369,2.6077611,-0.4325404,3.5360187,0.16932054,-0.51734792,2.4457535,-3.5181647,-1.9147884
20030388,0.38596658,-0.22801412,1.0647656,-0.89514234,-0.89339904,-1.2521273,-0.14209728,-0.91391768
20030392,0.24415196,-0.18539586,-0.027183603,-0.90363511,1.8677218,0.041491242,-1.5693467,0.30031818
20030396,-0.49731042,0.27389885,-0.28055674,-0.31161289,-0.45879333,-0.14754193,1.3371043,0.29791618
20030426,-0.21210617,0.75533477,0.57338419,0.19467615,0.93555081,-0.54212995,0.55307082,0.28795192
20030427,1.5766801,1.140703,-1.1964624,0.13876629,0.69950171,-0.60402064,-0.96414939,0.08611972
20030452,-1.2508953,-1.2449539,0.14496249,0.91313262,-1.271948,0.648246,-0.48344072,2.0422656
20030456,-0.75205907,-0.19249356,-0.24079582,0.41065318,-0.065428184,-0.2948447,-1.2494006,0.81205804
20030464,-0.98647563,-1.1750761,-0.58542883,0.45029286,-0.061344604,-0.43820192,-0.15866601,0.66644973
20030472,0.19474649,-0.098662654,-0.444313,-1.2596498,0.94230503,0.14210108,0.060107923,-0.40642866
20030478,0.98713988,-1.7479678,1.438921,-0.80617973,3.1323769,2.0221345,-0.49558471,-0.54076494
20030486,-0.32996528,0.25262179,-0.94585257,-0.24577073,-0.21415743,-0.4705509,-0.76412967,0.084781034
20030509,1.9719827,-0.21071145,0.84139164,-0.88739526,1.1592849,0.87824537,-0.38950519,-0.33869061
20030513,-1.0600686,0.92061396,0.23500434,-0.29483536,-0.81232128,0.50582064,-0.25965499,0.33119202
20030521,-0.024128935,0.24437286,-2.4102512,0.2351102,-2.2958068,1.9391909,-3.6780461,0.15011232
20030527,-0.84624954,0.55707805,0.64224191,-0.58875028,-0.2888782,0.25827139,-0.34176254,0.38341164
20030546,0.18923667,-1.1085699,0.37839579,0.33394251,-0.18821286,-0.38477275,-1.9057726,1.1996161
20030552,-0.063182677,0.59804001,0.39225353,-0.36638846,-0.8075607,-0.32358625,0.42643662,-1.0914054
20030573,1.420644,-0.72939267,0.025610099,-0.26332814,-0.55559849,-0.99657145,0.11433708,0.38968585
20030575,-1.0389112,-0.13142118,-0.74249681,-0.60275409,-0.18930726,-0.0095239993,0.52147454,0.72582625
20030577,-0.25456148,-0.209835,0.32965519,0.633546,-0.13122209,-0.11700359,-1.1215027,0.94888119
20030600,-0.78759395,-0.19035243,0.63786109,-0.16091571,0.27439954,-0.36467115,-0.087943349,0.63719331
20030625,-0.10652562,0.22918092,0.033575607,-0.69804238,-0.89946203,0.65408965,0.68764429,1.4462572
20030629,0.7888731,-0.33123366,-0.045940348,-0.10937925,-1.3689309,1.5226691,-0.28171928,-0.4962843
20030653,0.066095566,-1.6180953,0.89929371,0.87454845,0.44630236,0.51079507,-0.44718746,0.55496187
20030665,-0.42850044,2.0787521,-0.36630159,0.65053995,0.4933511,-0.42977518,0.10360718,0.88935168
20030685,1.2423658,-0.19299266,-2.2502603,-1.1999293,0.33905375,0.82844863,-0.97547206,0.87245212
20030707,0.0029595022,0.0069419932,1.2364037,-0.094745294,-1.3074697,2.4094203,1.1611476,-1.3612884
20030716,0.20900275,-0.89775315,1.043628,-1.3171934,-1.3854006,-0.026783196,2.2811142,1.5020915
20030727,-0.42601526,-1.9259239,-0.7612931,-0.82927145,2.5458717,0.023584643,0.31501065,-0.15953654
20030729,-1.0907684,0.36188081,-1.3238092,0.62306138,-0.19264949,-1.28418,0.69451021,-0.49059953
20030750,0.11416645,-0.15052216,-0.22879968,0.28239373,0.048704134,-1.059225,-0.62995429,-0.70464321
20030762,-0.21245186,-0.11327345,-1.1722439,1.2706271,1.0590923,0.20979805,0.99644574,-0.60111602
20030796,-1.1323045,0.041657267,0.71046907,-0.44852125,-0.47334805,-0.53136717,-0.67005373,-0.13774499
20030799,0.43319061,-0.73109863,0.54237433,-0.47836283,-0.26770253,-1.3229156,-0.43735968,0.16724493
20030838,0.88572513,-0.85147843,-0.34805904,1.6538938,-0.5806793,-0.25813307,0.1990897,-1.910229
20030853,0.35815039,1.5311067,0.59568488,0.86499016,0.55898273,-0.54294396,-0.24567171,0.50444571
20030870,-0.53836927,-1.7674103,0.16545724,3.1921242,0.57231365,0.94024794,0.79124305,0.73272541
20030893,0.0062622058,1.6773742,1.9663602,0.99890895,-0.19759011,2.5143598,-0.10493836,0.86306778
20030910,-0.85079868,-0.43691587,-0.082934343,-0.42219821,1.1372959,0.84736629,-0.24038225,-0.4483817
20030921,-0.86417512,0.17819333,0.0062627768,-0.72994953,0.61107382,0.17189754,0.0023048217,-0.29780113
20030923,0.49315632,-0.67956197,-0.66732161,-1.4053375,1.2224434,-0.26561535,0.019023434,-1.1656913
20030928,1.9099005,0.77081598,0.11035805,-0.46659922,3.1781501,2.7122648,-0.49121024,1.451151
20030936,2.9507057,2.8139634,-1.1364209,2.2249995,2.8305477,1.9781109,-1.4441537,-1.7774257
20030940,0.93058126,2.7487094,-1.1302686,-0.97517491,0.30570018,-1.1661903,1.204042,0.22031116
20030976,0.031615614,-0.51533992,0.99281995,0.11274417,-0.79657118,-0.27649902,0.38689256,-0.10852702
20031023,-1.0025346,0.10042641,-0.7878101,1.4771913,-0.46263282,-0.83503252,0.98903597,1.2701676
20031043,-0.36824795,-0.22231734,-0.33121969,-0.67110549,0.0023764505,-0.36781013,-0.012075056,-0.27093538
20031065,0.92433335,0.74931389,-0.34191387,-2.7554282,-1.4587882,-0.21153521,-0.62834855,-0.92511032
20031066,-1.1130587,0.9218461,1.0773667,-0.11782922,-0.63357509,0.59663176,-0.4887684,0.29713895
20031077,2.9650566,-0.1190354,1.4502535,-1.2756229,0.14953252,1.2604706,-6.5789343,-0.93923583
20031079,-1.0774466,-0.33301018,0.51315027,-0.91993668,0.65359137,0.96218125,-0.33761154,-0.43798542
20031082,-0.039066123,-1.034871,0.98144457,1.1853406,-0.34660602,-1.1361785,-0.338736,0.20005361
20031091,-1.0111371,-0.52805347,-0.078529766,-0.9121894,0.49262509,-0.0066738332,0.030323585,-0.34965757
20031096,1.2452929,0.86274378,-1.0993505,2.3528755,0.55219559,0.49714314,1.6097254,-1.1581184
20031101,-0.20649385,-0.1638548,-0.44656372,-0.38045578,0.72628519,-0.37831802,-0.72238144,0.1408528
20031107,-0.41577078,0.32784841,-0.052990435,-0.52841171,-0.11739223,-0.2350438,0.095710706,-0.34723446
20031115,-0.029764628,-0.33882304,0.014418378,-0.069827155,0.1208996,-1.2512609,-0.10759137,-0.43897845
20031122,0.0050695988,-1.1488565,-0.2716329,0.99980849,-0.080026598,-1.5821293,0.17855296,-0.23243828
20031138,-0.94604331,-0.02330801,0.19756526,-0.079203605,-0.95577765,-0.64406539,-0.85384046,-0.40334743
20031140,-1.2355568,0.051580883,-1.0733076,-0.34826524,0.17581371,-0.014227232,0.33432186,-1.3348519
20031149,0.018983924,1.4309622,0.20440099,-1.1752634,-1.0352248,-0.20141146,0.49432988,0.2812077
20031157,0.2234486,1.0580252,-0.38538024,0.49841061,-0.50907619,0.69545772,0.46042223,-0.35273555
20031170,-0.99338339,0.0052052706,0.85011937,0.85862218,-0.73653136,0.80240483,-1.7231146,-0.37636095
20031173,1.8158625,-2.7054935,0.13195017,2.1657328,-3.2381464,2.5659818,1.1570847,0.68496189
20031189,0.92338731,0.99365704,-1.8390353,0.56780795,-1.3383284,1.2692199,-0.18465054,-1.1726854
20040002,0.12783932,0.76398046,0.68517153,-0.12894145,0.61922888,-0.42451473,0.89851461,1.4143323
20040003,-0.37871523,0.54442815,1.3700999,0.093645114,0.0020493426,-0.15353586,-0.45114771,-0.61161528
20040020,-0.23927361,-0.72424631,-1.5628376,0.60754108,-0.70453652,0.6363289,-0.1034222,-0.44748137
20040054,0.81231536,1.5244795,-0.61306712,0.39459326,0.22803836,0.89024636,-2.4534205,1.2036867
20040067,-0.65039187,0.14655045,-0.2855474,-0.15594418,-0.83469867,0.061154861,-0.84595077,0.39577392
20040071,0.031085266,-0.085743968,0.93641918,0.6230824,-0.18537518,-1.019344,-0.73916969,-0.83182065
20040075,0.011227182,0.91921777,0.78932264,-0.077486369,-0.89981139,-0.59869505,0.21406737,-0.4573846
20040090,-0.47798907,0.96804885,0.69770743,0.0015331444,0.077675008,0.54396712,-0.12083199,-0.51559526
20040100,1.5655611,1.3692067,2.0911177,0.96860339,1.3762606,-0.10950633,0.91532364,0.32443106
20040105,0.27892086,0.31232827,0.62004847,0.13347149,-1.0128315,-1.1664045,-0.75735491,0.70856481
20040137,0.46996963,0.17068565,0.65609726,-0.75875362,-0.68572581,-0.78975945,0.093871772,-0.30235078
20040144,-0.3731594,0.48690262,0.6109622,1.164522,-0.58769911,-0.058095357,0.20685452,-1.660937
20040153,0.3499955,0.97074593,0.21629341,-1.9116846,2.2728885,-0.87937468,0.18412014,1.6165506
20040159,-0.063958972,0.019364042,1.2520218,0.030951912,-0.96620941,-0.88159502,-0.74979306,-0.014394299
20040167,1.3033182,-3.6011866,2.0380116,3.2651976,-0.90658557,1.2332743,-0.53729252,3.3348236
20040199,-0.87382004,-0.073778216,0.65441444,0.066061006,-0.64748629,-0.34652599,-0.6371488,0.13501018
20040201,-0.41229916,0.1220216,1.2890158,0.53251357,-0.60898641,-0.31502417,-0.26486703,-0.46629377
20040205,-1.0909957,0.40641447,-0.56656075,0.74851053,-0.12742961,1.5985067,1.4875616,0.80139325
20040217,0.4399999,-1.5565021,1.2712453,-0.021606356,0.59175258,-0.56364904,0.38020613,2.5454365
20040230,-0.97019038,-0.43788511,-0.16895733,-0.11999887,-0.52278802,0.18241185,-0.079630576,0.31112806
20040235,-1.0895664,0.81970428,0.13787849,-0.14125856,-0.048651919,-1.0508239,0.65238384,0.39357245
20040242,-1.1914559,0.22212566,1.0227061,-0.23178507,-0.77676531,-0.75378943,-0.08551024,0.12799038
20040248,-0.42932385,0.49753535,-0.23870459,0.44997813,-1.2321339,0.93769617,-1.3834297,-1.5622132
20040263,-0.42456196,2.1520176,1.409806,0.18606806,-0.47136079,2.3917866,0.24494396,0.041770513
20040307,0.1278255,-0.28887692,-0.35538487,1.2609333,0.17032691,-1.4007691,0.66937039,-0.52162872
20040347,3.538756,1.1727162,1.4804602,-4.3436187,-0.6243037,-0.065914729,1.3157439,-1.063016
20040366,-0.78478552,0.41965733,-0.86522994,1.0554104,-0.1683906,-1.0380727,-0.24077656,0.52193134
20040372,0.16745401,0.52185257,0.092576841,0.14899996,1.7973635,-0.61790106,0.33820803,-0.010980878
20040382,0.099767361,0.74272305,1.2305973,0.68685699,0.16370283,0.38282639,-0.3939269,0.10349585
20040393,0.63120042,-0.082278448,0.072383253,-1.8131138,4.7856225,0.013454913,-0.0025978425,1.5884128
20040394,1.0016694,0.22651329,1.1667675,-0.64051642,-0.040824308,0.50768116,2.1440366,0.25890946
20040443,-0.22091319,1.4040531,0.13110876,0.10318607,1.4066157,-1.5246472,0.99502317,1.0199952
20040456,-1.0318002,0.18735113,0.22715983,-0.68525169,-1.2793899,0.2826889,1.3089401,1.6641588
20040458,-0.16392981,0.17636445,0.83644683,0.060671636,-0.76291159,0.7616033,0.82979801,0.55605119
20040463,-1.1316848,-0.37843047,0.077293779,0.015796197,0.60423675,0.17843478,0.3954564,-0.44266694
20040471,-0.20013855,0.88579017,-0.75970964,-0.081213543,-0.54392713,1.2877378,0.14937795,-0.38121502
20040485,-0.026244862,0.32437884,0.58114817,-0.44479239,-0.66349153,-0.84386624,-0.16742084,0.48689313
20040498,-0.59876212,1.244527,0.033428297,-1.395835,-0.8859073,0.45481484,1.5074016,-0.99910549
20040499,-0.39198271,0.80418435,-0.16915177,0.020950299,-0.51487606,-0.1846468,-0.71057144,0.053284731
20040516,-0.57083783,0.039446761,-1.0615299,0.65964299,0.2825918,3.2351891,-2.9047806,0.78174528
20040526,0.75793828,1.3971528,-2.001324,1.7459025,-0.318479,-0.28006836,0.54646892,0.3102965
20040533,-0.83657031,0.21735523,-0.2639737,-0.11916868,-0.92805758,-0.44898858,-0.46516688,-0.64466564
20040557,-0.024344273,-1.5613483,-0.93958146,-1.4448307,1.7584968,0.70401945,0.06526197,-0.55152773
20040565,0.037959036,-1.3557479,-1.5473426,-3.0533471,-0.56050521,-0.64663715,2.444102,0.015024829
20040611,0.14640458,1.9283955,-0.93271116,0.64063149,2.2106353,-2.4165795,0.83026432,0.38464324
20040614,1.4121981,2.1182918,-1.2694425,-1.2447914,-1.0450037,-0.97533347,-0.095414664,0.049180668
20040615,0.51194482,0.43124932,-1.2810666,0.6998707,1.3268973,-1.4638412,-0.040647187,-0.68355836
20040684,-0.62147915,-0.080695492,0.30947222,-0.15193856,-0.89169187,-0.3784152,-0.90753032,-0.23874078
20040697,-0.61466225,0.89380407,-0.68197486,-0.52871566,1.2497121,2.3951029,-0.49770884,0.33667716
20040703,1.2730447,0.9425293,-2.2274418,0.82978996,0.72662903,0.48226417,-0.19459368,-0.43635074
20040715,2.0231225,-0.26944164,1.4519948,-0.077961924,0.69203447,3.3508833,0.17701332,-1.5485728
20040767,-0.32950404,0.3945093,0.090836571,0.81302419,0.78549421,-0.041887934,0.053124917,0.45283803
20040777,-0.62946015,-2.0746414,-2.3407258,-1.2902163,0.94739557,-0.64874506,0.53867781,-0.22683099
20040785,0.26803913,0.95035382,-0.21409264,0.40632941,-0.097310497,-0.45345278,-0.34416718,0.46348953
20040786,-0.46376888,0.62635115,0.12791566,-0.072090332,-0.2294323,0.47223525,0.50321476,-0.13631365
20040792,0.14334066,-2.0056068,0.1493063,-0.54105803,0.97877172,-0.21522872,0.84537199,0.39321099
20040795,-1.0378098,0.38168764,0.58875374,-0.27782119,-0.034113927,0.16209085,-0.32606752,-0.099295421
20040800,0.22690825,-0.78279363,1.4786303,0.077611585,0.12752614,1.0903043,0.98213073,1.0137702
20040832,-1.1438641,-0.098703894,-1.5044197,-0.064695412,1.7538778,-0.50985063,1.4817399,-1.4980583
20040843,0.78181976,-1.0947238,1.1714093,-0.11036367,-0.34913805,0.81877242,0.35418033,0.89893047
20040846,0.67051966,1.0316692,0.29005459,-0.8548462,0.69465681,0.49658597,-1.9544659,0.26094755
20040855,-1.4767341,-1.8458463,-2.143473,-1.7998559,-0.44666599,2.5834646,-1.3459016,-1.9280478
20040888,0.16971576,-2.4348151,0.095746931,0.00099891389,0.24262019,1.0193175,-1.5773709,1.66343
20040920,-1.411053,0.11827888,-1.1161343,0.94949719,-0.16510351,0.97001101,1.401324,-1.9104516
20040932,1.9442738,0.21350432,0.44386637,-2.7929194,-0.53704527,0.28961509,-0.13841243,-1.5225584
20040937,0.25275252,-0.89357649,-0.55096245,1.6798354,0.070925693,-3.0473273,1.8214671,-0.40495858
20040950,0.89679498,-0.82399219,-0.88873754,1.7697283,-0.89740267,-0.11778401,1.0651378,-0.88780965
20040957,-0.23829425,0.05452813,0.096069306,0.1532483,-0.14105612,0.12205658,-0.26668453,0.46120295
20040980,-0.72154754,-0.49107297,0.1138792,-0.36705541,-0.56389312,-0.25401012,-0.3856591,0.8303913
20040984,1.7101361,-2.4624793,1.3950896,0.81476002,0.91197839,0.13995883,-1.9370742,1.3717999
20040988,1.1159233,-0.876141,-0.30152583,-0.81853758,-0.035890407,-0.63290648,-3.9546554,0.96606535
20040991,-0.5501916,0.12300992,0.45972439,0.20862826,0.17203052,-0.75546061,0.43868183,0.75596452
20041006,0.887358,-0.80411267,-0.31533357,0.92474144,0.6092147,-0.55114393,-0.27879793,0.20608837
20041017,-0.3355292,0.47451397,-0.49171732,-0.78360763,0.80013646,1.2498691,0.26028967,-0.87949647
20041025,2.4047316,0.69123263,-0.70321951,-0.048574985,-0.012633362,-0.3238283,1.0010998,0.71034566
20041031,-0.9535822,-0.54984399,0.18663873,-0.88246443,0.021966764,-0.46761225,-0.78351657,1.207365
20041036,0.3575628,0.44148886,0.37826023,-0.28198085,-0.12269875,-0.047944597,-0.69720834,0.72975486
20041070,-0.98458095,0.51453975,0.61276139,0.1453699,0.31856439,0.55631873,-0.0097515168,-0.30182299
20041079,-0.89140846,0.97011748,1.4004929,0.20164577,0.043392098,0.66571177,-0.37283274,-0.021936282
20041087,1.5094642,1.4869851,0.27168255,0.61141971,1.0478582,0.26792985,1.4116899,-0.77994866
20041091,-1.7751844,-0.52026994,-2.6357015,-1.152984,-1.7262812,1.8781194,-1.5454363,-0.29963886
20041106,-0.083495621,0.24350288,0.39870292,-0.19997264,-0.065527097,-0.19051434,-0.51876063,0.038022697
20041117,-0.53446717,0.77106532,0.13862622,-0.42662271,-0.9816032,0.057513481,-0.69062762,-0.029983266
20041118,-0.77157288,0.93830812,1.1819772,-0.33609767,0.34924425,0.7734089,-0.34409766,0.16148418
20041126,0.14159498,0.048902657,0.72649134,0.11576341,0.2665568,3.9395625e-05,-0.4438113,-0.95905036
20041128,-0.68318759,0.96443118,-0.024737902,-0.1023475,-0.062281187,-0.29755042,-0.23897634,-0.89358335
20041132,0.99120281,1.4286971,-0.45420239,-0.71108682,-0.49997229,-1.0905736,0.35090731,-0.40685699
20041143,-0.50037257,0.76264457,-1.403621,0.25593745,0.68834601,-0.73748212,0.37103421,0.1193095
20050002,-0.56270542,-0.24521227,-0.86600468,-0.82594942,1.7534563,-0.35804534,0.44980788,0.99113007
20050007,-1.3516174,0.61230659,1.1207859,-0.28859576,-0.69748878,0.1400025,-0.36701159,0.24614024
20050033,-0.77726513,0.47246925,1.923896,-0.68303427,-0.54441026,1.1676293,0.44159851,-0.52890489
20050036,-1.2506644,-0.36881283,-0.44056358,-0.17932553,0.62158368,0.99563779,0.34068497,-1.3090593
20050057,0.0025091472,1.1010781,1.6463303,1.1272352,0.47146316,-0.27770516,0.088002749,-0.70513423
20050074,0.51793163,-1.3855993,-0.19181983,-1.9745841,0.91369279,0.060465709,-1.4243951,-1.2006192
20050084,-0.53032685,1.9942179,-0.5422018,0.2544837,-0.82188611,0.02681296,-2.5686505,-0.020566077
20050095,3.0594909,-1.5432791,-1.128843,2.029596,-0.33618578,-0.71356452,1.9055879,-1.489074
20050132,-0.98047096,-0.096324106,1.054858,0.56256723,-0.59669361,-0.31355325,-0.83710053,0.46770031
20050139,-0.70218071,0.23253039,0.092852715,0.31095667,0.25437825,-0.90255094,-1.1030486,-0.09129922
20050144,-1.0489654,0.34039496,1.0768669,-0.052586694,-0.41226714,-0.64861841,-0.037582997,-0.21877846
20050155,-0.14706108,0.74915055,1.5951037,0.94648046,-0.58303119,-0.3575256,-0.68484086,-0.76004616
20050161,-0.68324786,0.054509849,0.64856309,-0.25333802,-0.53317931,-0.71303464,-0.55398772,-0.11232126
20050162,-0.46998592,-1.2774651,-0.1507918,-0.3009883,1.2434749,-1.3278809,-0.59038056,-0.93555563
20050169,-0.96218477,0.39357393,0.95301577,0.53819346,-0.28820764,0.084924978,0.27276496,-0.39933044
20050203,-1.0233086,0.11130558,0.56188116,-0.30185274,-0.30772033,-0.12340014,-0.38326201,-0.71324963
20050206,-0.99464959,-0.95506804,-0.72139153,-0.47757742,1.9491158,-1.2404338,0.50084334,0.2486992
20050217,-0.19545701,-0.098456286,-0.89377985,-0.70659336,3.1119421,0.99002994,-0.07825149,0.36927148
20050222,0.54755166,-0.1978336,-0.47521584,0.27639819,-0.37133356,-0.8453327,0.21014034,0.1921135
20050230,0.85564876,-0.99124825,1.3085127,-0.79126473,-0.74731993,-0.87557547,1.3484717,-0.13041998
20050239,-0.0095549344,-0.0055619013,1.281217,0.78293316,-0.1433977,-0.69936199,0.13507179,-1.2007118
20050246,-0.56375412,-0.02201718,0.6266982,-0.033391436,-0.36238666,-0.4699799,0.25504648,0.82990189
20050256,2.6214585,-1.3544597,1.5276694,0.1907063,-1.1421934,-0.50729898,-0.28401528,0.98081762
20050264,-1.0235224,1.1704555,1.1083014,0.50909748,0.23034193,1.1628509,0.68218306,0.21096132
20050276,-0.045874005,-1.4551978,0.42761223,-0.49696033,0.33700726,-0.73635675,-1.4226992,-1.88728
20050282,0.40502001,-0.75618526,0.55472701,2.1203192,-0.067086615,2.5315853,1.8505904,0.22185863
20050290,2.3588811,1.803995,-0.47397168,0.12015007,1.0156223,0.58814665,-0.67411471,2.3117277
20050309,0.0062834742,-0.26311512,-0.076574354,0.058609085,0.11351337,-0.59200171,-0.33969718,-0.78416755
20050312,0.10851675,-0.1565798,-0.24976394,-0.77863942,-0.57459337,0.70200391,-1.1375859,0.30579598
20050317,-0.36962921,1.4395708,0.90734933,0.43051354,0.14328311,0.46432677,-0.4480908,0.69390061
20050326,0.64145712,1.3473545,1.6738576,-1.8991859,3.272027,-0.46383318,1.1883053,1.2619276
20050336,1.8428368,0.46992286,-1.339139,-1.211229,-0.76192555,-0.97718611,-1.2224196,-1.7129613
20050346,0.82989213,-1.641459,1.6173028,0.35299037,-0.266371,-0.40979027,-1.575143,3.2081131
20050361,-0.24600867,0.021073727,-0.61467793,0.24653341,0.59288114,-0.35901628,0.5507829,0.27534071
20050383,-0.59841318,1.0678093,1.0169725,0.19631991,0.56661598,-0.40382669,0.15158652,0.84304179
20050389,-0.63639173,0.014337218,-0.023780741,-0.20458961,-0.82457525,-1.0984321,-0.86374418,1.1496992
20050400,-0.2317357,-0.84968679,0.047031297,1.2264363,0.44112846,0.31446227,0.41133022,-0.37133987
20050420,-0.82751238,-1.064988,0.0029016487,0.58656896,-0.1642976,1.8294998,0.82997508,-1.6468209
20050427,-0.21378834,-0.74386284,0.49999972,0.18761372,0.40671508,1.0548402,1.1814158,-0.17702267
20050462,-0.64716518,-0.28828398,-3.0891602,-0.73875035,-1.6775227,0.647391,-0.77971239,-1.1721029
20050466,-0.21396804,0.030939288,-0.85653157,1.2537722,0.9164959,-0.21346173,-0.031125208,-1.1806849
20050471,0.30827815,0.15251834,-0.14842887,0.088239983,-0.39385852,1.4124292,-0.47709099,0.32947183
20050485,-0.83590522,0.12077253,-0.33988961,-0.32110117,0.23275242,0.8643479,-0.25521172,-0.13280705
20050489,2.4636719,-0.5078086,0.33756389,-1.0928949,1.7485893,-0.47686512,-0.80823098,1.2899144
20050496,-0.39608285,-0.17633927,-0.24181171,0.285,1.5678044,0.59888224,-0.84067289,-0.35264001
20050497,0.80227365,-0.20276988,-0.90253585,0.043967809,0.1431058,0.13543842,1.0172968,1.2402097
20050502,0.046707015,-1.0039409,-1.3522171,-1.685149,1.4407042,-0.28699475,-0.57240703,0.21036861
20050516,-0.21797008,0.075450622,0.42409311,-0.62906189,0.012845228,-0.44563,-0.010390271,0.023680037
20050523,1.8949619,2.1264186,-3.4446303,-0.64142348,0.78969546,-2.1971873,0.6339456,0.92197877
20050533,-0.58738918,0.58023539,0.12495909,0.095064963,-0.75577435,0.54837497,0.13944201,1.0940053
20050541,-0.59385518,1.4262166,-0.21018115,-0.71101152,1.8722935,-0.37248394,-0.21276055,0.062034494
20050550,0.24735397,1.4824784,-1.2215468,0.069154592,-0.20919157,-1.4374366,0.19996966,-0.42106853
20050558,1.8151029,-1.1165307,-0.5665404,1.2372913,-0.79975903,0.75972108,-0.97993495,1.1865935
20050562,-0.42542485,-0.0020260791,-1.3753217,-0.7058159,1.0751968,1.0857135,-1.415234,0.24945893
20050564,0.043196453,0.46975061,-1.4583803,-0.52066664,0.71784382,-0.42069522,1.1233005,-1.2381716
20050590,-0.91994382,-0.3132426,0.58405464,-0.28230727,0.40139911,-0.72233837,1.4009663,0.72168746
20050596,-0.53963788,0.44527838,-0.85494301,0.13232473,-0.26989278,0.12167154,1.0893703,-0.26741504
20050618,-0.0039505061,-0.61657691,0.54475641,-1.2159008,-0.45615065,0.44193612,0.044006754,-1.1259557
20050636,0.75700891,0.042687796,-0.79744933,-1.3783452,0.93254548,-0.37584326,-0.52234219,0.55970415
20050665,4.1017093,-1.1217815,-4.1996067,-0.44725886,-0.69889697,-2.5142099,0.88550192,-1.5136769
20050672,-0.56797656,-0.19310785,0.94840532,-0.61179565,-0.38186456,-0.075001169,0.11357203,0.60531241
20050694,0.46753323,-0.77013343,-0.23514589,0.07257316,0.80377017,-1.3313746,1.0746659,-0.14643377
20050708,0.51320194,0.19014703,-0.87548391,0.35935425,-0.59707745,-0.15589182,-0.13798297,1.1133742
20050721,0.52900258,-1.8673459,-1.0312239,2.1328653,-0.16901907,2.034921,-1.4960363,1.288147
20050729,2.1988134,-1.0150404,-0.41885047,0.74238298,-1.6655645,-0.3110385,0.26338807,-1.2746383
20050752,0.22045874,-0.61317912,-0.20580166,-0.18313086,-0.18455772,-0.45251794,0.1244085,-0.59816943
20050760,1.9138397,0.79351755,0.35795989,0.18182602,0.63366008,-0.63228095,0.44187079,0.077069215
20050772,-1.0579206,-0.3056993,-0.31253168,0.17541416,0.15292085,-1.6373116,0.16364514,-0.73231427
20050785,3.0372111,-1.0785526,-1.2953814,2.9133487,3.2142577,3.0274238,0.079618157,-2.8766079
20050830,-0.31781494,1.2508753,-0.14746331,0.3351004,1.0764491,-0.48843389,0.042736934,0.32321467
20050833,-0.25294077,-0.57802777,-0.8155993,1.0672208,-0.1751203,1.0962178,1.3585002,-0.55207531
20050882,-0.72146203,0.94222453,0.80604585,-0.18653308,0.2579962,0.12234791,-0.058974456,0.42145714
20050890,-0.73883456,0.44942736,-1.4389884,0.22596981,1.7558402,-0.25128942,0.49250802,0.064911777
20050893,-1.0284725,-0.62793586,-1.4999552,-0.81144861,0.29270612,1.2634774,0.19042447,-1.5530876
20050897,1.3867577,-0.097130586,-0.063673093,-2.2227896,1.1006844,-0.58070514,-1.4077674,1.0798887
20050912,-0.22020001,2.2697211,0.63901446,0.49923871,0.80518174,0.12641287,-0.36505973,0.62243014
20050919,-0.21300635,-0.35322403,-0.34307679,-0.92140839,1.4145555,-0.45385648,-0.87074316,-0.57817538
20050942,1.1460246,0.18889319,-0.29144431,0.99140976,-0.56270975,-0.32693584,0.53656528,-1.4198101
20050961,0.036414059,0.40148611,0.07013692,-0.15423107,-0.18644885,-0.85049693,0.11176758,0.92649629
20050967,-0.42201094,0.69513284,0.065021142,0.90429105,-1.4118049,-0.1439896,-1.346651,0.7538296
20050973,0.42932826,1.654713,0.10430458,-1.0423886,0.43244417,-1.1824371,0.38753009,-0.98744811
20050977,2.497767,-0.78117945,-0.89185985,0.23392203,-0.57812142,0.53588876,1.1636304,-0.72884234
20050978,0.75123498,1.4831941,-0.47868101,-0.61879306,0.73842902,-1.0743307,0.74391036,0.98713903
20050987,0.69871765,0.573759,0.24019745,0.26768517,-0.31523073,-0.79512003,0.069249341,-0.057323251
20050998,-0.5916776,1.052606,0.35555192,0.26561396,-0.49788308,0.16128039,-0.10898808,-0.59262397
20051008,-0.1553255,0.48180761,0.005402752,0.080542751,-0.21687799,0.2819038,0.15929325,-0.58723989
20051021,-0.77553522,2.3039875,0.69714388,0.1631814,0.4260763,0.70156771,-0.25294956,1.310227
20051025,0.44455626,-0.54639705,0.076485947,1.7177552,0.59409543,-0.39330542,0.024403549,-0.77430693
20051036,0.75941624,0.6145039,-1.7657858,-0.018379028,-1.14068,1.0754017,-0.58430439,-0.66452011
20051041,1.0560489,0.49277514,0.21577745,-0.92399937,-0.48778499,-1.9746065,0.13596886,-0.10770683
20051053,-0.31055979,1.2690175,-1.2876296,1.1985536,-0.36342192,-1.3525095,1.1032645,0.14724018
20051066,-0.53154097,1.658103,-0.94649587,0.063121467,-1.1243601,2.2155462,-1.4786912,0.32201347
20051069,-0.02090418,-0.17650992,-0.15215938,-0.63787844,-1.0676728,-0.40244561,-0.69823592,-0.77033797
20051083,-0.84845263,0.047889434,0.77965282,0.34840721,-0.34083572,-0.36256489,-0.80583707,-0.46969779
20051085,-0.2614245,0.89002028,0.041335745,-0.036583546,0.41481411,-0.25833688,0.46301314,1.9179905
20051087,-0.0013475002,-0.18968904,0.37212335,-0.36034307,-0.14017494,0.22649152,-1.0091217,-0.57907508
20051091,0.76676665,0.85818074,-0.32893579,-0.79563894,-0.99623963,0.84676087,-0.094102348,0.38893519
20051106,-0.41214106,-0.036180067,-0.62342382,-0.51584837,0.13650166,-0.28954492,0.35422572,-0.04082457
20051112,0.13993246,-0.27425211,0.45731928,-0.17953962,-0.042144103,-1.118898,0.50912618,-0.31921538
20051113,-0.019863506,-0.41696836,0.43349949,0.26734227,0.61494553,-1.3239893,-0.069611038,-0.75999129
20051116,0.36263414,-1.7763407,0.58716811,-0.73192897,-0.51377754,0.12834434,-0.35934121,1.4408281
20051124,-0.88892802,0.067960856,0.041274807,-0.35445457,0.25204975,0.19430445,-0.57243176,-0.55300905
20051130,-0.8467628,-1.2387773,0.18623348,0.34419656,0.83958714,1.0492376,-1.0033677,-0.75542783
20060004,-0.60708535,-0.1023339,0.91250183,-0.36790958,-0.70535954,-0.3641421,1.0833728,-0.29402446
20060016,-1.3942086,-0.60100747,-0.17873778,-0.85927791,-0.75927666,0.083755598,-0.50513876,-0.50241971
20060028,0.16667198,-0.27603089,-0.11674689,-0.067009693,-0.4487386,-0.91122888,-0.9424534,-1.0833369
20060035,2.1780119,0.46166274,-0.10801089,-0.15402539,-0.76125461,0.17282177,-0.93169572,2.0838744
20060040,0.6867749,-0.029889416,0.34550514,-0.82357795,-2.0659282,-0.27690466,0.64622766,0.24848066
20060049,-1.0763211,0.370762,0.95494977,0.11273498,-0.66771714,-0.8430971,-0.16953705,0.14023986
20060057,0.11770214,0.17204936,-3.3827405,-3.2446833,-4.9667665,4.6618864,-0.55073761,1.5490198
20060071,-0.48287044,-1.341487,0.22334769,1.0631907,0.083666681,-0.506051,-0.19516232,-0.72187713
20060088,-0.5889373,0.72667473,1.3159956,0.6635125,-0.473352,-0.89659151,0.51284925,0.54482131
20060099,-0.11648656,0.59668588,0.78375774,-0.19885672,0.18211154,0.079575515,-0.37979313,0.1228945
20060104,0.25075397,0.76911287,0.54911629,-0.40057074,-0.50896868,-0.61498901,0.38395074,-0.6113184
20060138,-1.1096369,-0.36018627,0.48648057,0.29608982,-0.49082837,-0.42097083,-0.8159416,1.0227038
20060146,-0.25998266,0.24923199,1.3238006,-0.50152634,-1.0988428,-0.38216048,0.21724722,-0.53960473
20060153,-0.30071478,-0.10135769,-1.9526061,0.30161006,-0.14385589,-1.6183673,0.79781479,-0.86135671
20060173,-1.3256396,-0.2507986,-0.51915108,-0.36012192,-0.83511078,-0.61511321,-0.8157675,-0.63343454
20060187,-1.0748056,0.088369039,0.12925748,-1.1015339,-1.1351527,0.59832702,1.2580783,1.1849846
20060192,-0.76030279,0.0090561186,0.85484962,-0.016726553,-0.19623861,-0.50115965,0.55759056,0.015889541
20060224,-0.10629649,-0.083422221,0.18434698,-0.85726416,0.43080589,-1.3253605,-0.21725699,-0.29230616
20060226,-0.90963694,0.38794651,0.93200498,-0.018282479,-0.55853095,-0.54837941,-1.0777961,-0.6743459
20060234,-0.9151631,0.019131174,0.63756235,0.4231183,-0.0014971594,-1.3231109,0.21993286,-0.23930002
20060242,-0.023190037,-0.6222745,0.53356489,0.49297989,-0.79919448,0.24291164,-1.4428766,1.5884695
20060246,0.29174337,-1.1836703,0.33673255,0.70965273,0.66680102,-0.67318556,-1.8331784,0.73918644
20060249,0.076710485,0.20411848,0.16180504,-0.80468094,0.81597814,-0.27404631,-0.30792446,0.040864352
20060260,-0.34893276,-0.57480287,1.3702427,1.5136996,0.12777711,-1.0495844,2.49884,0.20318639
20060272,0.50030418,-1.378818,1.9292828,-0.94298092,-1.9259283,0.34232317,2.5989025,1.9562539
20060280,0.51833382,-3.6536593,2.2322169,2.8669435,-1.2435022,1.7540973,2.0403255,0.060186128
20060295,-0.91323091,0.50993881,0.83177693,-0.30708141,-0.18249473,-0.56938237,-0.57376505,-0.3173405
20060301,-0.26895353,0.45325176,-3.8527689,-0.570262,-3.850133,3.2214745,-3.9995817,-0.37346323
20060312,-1.1634223,0.065963812,0.79364885,0.2804952,-0.40322685,-0.80864356,0.13555807,0.28536799
20060355,-0.62236366,0.90463557,0.2734996,-0.83864058,-1.1901112,-0.45120352,0.065939381,-0.22781608
20060360,-0.045036825,-1.9890345,0.52249739,2.6024195,-0.23449344,1.0704109,-2.2561269,-0.50615909
20060366,-0.7156695,-0.49756041,-0.094489566,0.35585382,-0.3875337,0.14283381,-0.93641084,1.8181071
20060373,-0.80259107,-0.079508824,1.0765121,-1.2308285,-0.88127059,1.0365275,1.3625176,1.1656035
20060378,-2.5533333,-5.740123,-0.45348498,1.5622192,1.292874,1.7165563,2.4923622,4.4239265
20060413,-0.19769508,0.015794147,0.076897675,0.17066964,0.47753822,-1.1703839,0.39571554,-0.92669485
20060416,-0.26916445,0.33235503,0.31429765,-1.2447824,0.32683104,-0.34044276,0.59760011,-0.032626256
20060438,-0.30567168,0.67511575,-1.192685,-0.79850536,-1.0059524,-0.21313989,-0.37311154,0.60192802
20060442,0.34395035,0.69276718,0.58002334,-1.08811,0.71129176,-1.3291088,-0.76855355,-0.96396909
20060451,-0.28693902,-0.39056546,-1.6830762,0.30777234,0.71798117,0.76744057,0.097488243,-1.1206976
20060482,1.6720041,-0.47585059,1.1729483,-1.1397112,1.0466045,-0.63364621,0.82498078,-1.7440457
20060498,-0.18192722,0.33562396,1.0153745,-0.012309788,-0.93352256,0.53082668,-0.97167488,0.52868265
20060499,-0.11260957,0.56538487,0.60810734,0.42896425,-0.60319781,1.0360643,0.80085724,-1.3324371
20060503,-0.61217994,-0.16413613,-0.19884023,0.9037503,-0.83833105,-1.0667351,-0.5948206,0.6694786
20060538,0.051115797,0.9055743,-0.16340561,-0.66965678,0.021035381,-0.55941903,0.92313596,1.3002881
20060564,1.1905977,-0.46927241,-0.72385577,-1.2658168,0.96803579,1.01479,-1.6756667,0.34840751
20060582,2.8014811,0.16027729,0.64940756,-3.33273,-0.050212582,0.27864296,-0.4937437,-1.6850441
20060587,-0.73618241,0.34653391,0.23891751,0.24462529,-0.35539975,0.090146095,-0.12324206,0.84542032
20060600,-1.1865004,0.96515517,0.92137369,-0.75208774,-0.88512212,0.52877053,0.9113007,1.0381515
20060620,-0.051031175,-1.8606419,-0.85335211,2.0828949,0.18451398,0.056217078,0.34453043,1.0050785
20060645,0.74604309,-0.4652139,1.2876366,-1.3090978,2.233151,0.89849827,-0.75517938,-1.3344672
20060654,-0.88880115,-1.1346178,0.81240406,0.80105535,-0.43010229,-0.19908001,-0.46916626,-0.35482877
20060661,-1.0785292,-1.1984093,-0.34599762,-0.78123072,1.6751592,-0.61828864,0.0042034685,-1.0839502
20060668,1.401672,0.6327666,-2.6445399,1.3114738,1.1985838,-2.7069397,2.1629761,-0.32748207
20060669,0.18806337,0.97226153,0.65224405,-0.32209586,0.13962601,0.79038534,-0.72735146,0.35070694
20060680,1.0435889,-0.61250129,0.35958609,-1.6456369,1.8524881,-0.51690095,0.98718608,-0.61751033
20060708,-0.28932584,-0.41480035,-0.78252066,0.48400183,0.46707111,-0.67167818,0.64815124,-0.87540682
20060715,-2.2410464,-0.89905106,-0.89138602,-1.3044533,0.17437207,1.2273828,1.5670433,1.6005248
20060731,-0.35446717,0.59964577,-0.71949135,0.82598334,-0.97257186,-0.6940034,-2.3492605,0.39202939
20060739,-0.12724723,1.1481186,-0.54480007,-0.15018131,1.0259709,-0.36846562,0.10316286,0.25974641
20060749,1.1914495,-0.54773913,-2.3793694,0.060540387,-0.33374527,-0.72227933,0.47706362,-0.58005297
20060761,1.764079,1.8371077,0.62164256,1.445308,1.2694256,-0.81362855,-0.32568727,-0.17311195
20060769,2.6893124,0.69065976,-0.86661321,0.1048945,-1.1682813,-0.34006743,-1.3240959,2.0014305
20060772,4.8179222,-0.28771694,0.38807457,-0.53705191,1.6543777,-0.0093952476,-3.7800669,2.4354852
20060783,0.18594795,-0.15006273,0.22458647,-0.89450669,1.0764158,-0.33315186,0.98280991,0.52682117
20060787,1.4136125,0.068590698,-0.85101896,2.1446744,-1.5360199,-0.31479042,0.26574144,0.086203251
20060799,0.086994938,-1.5126575,1.199943,0.71940112,0.29820151,0.97244714,-0.85596187,-0.027993924
20060823,-1.154261,0.44480377,0.23002488,-0.16823826,-0.27699229,-0.3581221,-0.042335141,-0.13456873
20060827,-0.98024834,-0.31304165,0.096937685,0.75282932,-0.038126297,-0.44347074,0.0023520766,0.64114585
20060829,-0.055949961,0.22479482,0.96247195,1.7439772,-0.1157195,0.023739115,-0.4196617,-0.58932197
20060832,-0.69013546,0.48409099,-0.13544754,0.2154973,-0.37176796,-0.88078005,-0.099196972,-0.64681868
20060849,-0.24206185,-1.5825198,0.089729641,-0.11316484,0.47861118,-0.63113805,-0.86500274,0.52474751
20060862,0.93918071,0.54172498,0.6402204,1.8859157,0.60411253,-1.7633004,0.57309475,1.3793523
20060872,-0.87277612,1.9311584,-0.40893496,-0.46632493,0.70047877,0.36308743,0.7273567,0.88127556
20060891,3.5496217,0.41776722,-0.44421773,-3.8763629,1.9058212,-0.18077659,1.152602,1.1033024
20060903,-0.37302143,1.241043,-0.8234735,0.67788716,0.97878495,-1.4887484,1.2587785,0.30736324
20060907,-1.0844557,0.95641692,1.7336629,0.41514489,-0.4954486,0.62079413,0.24397073,-0.30171309
20060913,0.65258804,-1.4500653,-2.9118055,5.269618,-2.0557522,1.0600477,-1.0068824,-2.991296
20060927,-0.32620093,-0.59725745,-2.0602772,-0.98945329,-0.7857681,0.1304712,0.54916559,0.73290234
20060929,-0.11080662,0.22398894,0.39908959,0.16343957,0.14118582,-0.69262117,-0.55550912,-0.27735526
20060942,-1.1020711,-0.17186392,0.22546509,0.32953894,-0.73715851,1.4447266,-0.031584556,-1.4409975
20060946,-1.1410081,0.5985629,0.96713126,-0.084764531,-0.48676423,0.02848094,-0.62998481,-0.088412764
20060991,-1.3311086,0.564786,0.096903754,-0.36097409,-0.64941544,0.34508163,0.015125877,0.624012
20061022,-0.24290112,-0.60956374,-0.6850703,0.90149118,-0.68323159,-0.17038329,1.7250777,-1.2265956
20061034,0.32415381,-1.4277672,0.79314699,1.660288,-0.74989954,0.81484526,1.2025047,-1.1564761
20061056,-1.6265173,0.2385999,-1.3701583,0.9716087,-0.39082551,1.6417977,-0.16317796,-0.36042063
20061067,1.1756053,-0.11221114,-0.021399981,-2.0046011,-1.2301497,-0.52102699,-1.7366596,0.14346598
20061079,-0.17478125,0.21786968,1.374576,0.18588214,-0.10576545,-0.40034039,0.218316,-0.38343621
20061082,-0.1271255,-1.1143822,-1.0662068,-0.54350456,-0.48603011,-1.0621253,-1.5128788,1.4156653
20061096,0.38756435,0.74695372,-1.0906823,0.1151335,0.94175462,0.30536016,0.464951,-0.79509305
20061098,-0.068591281,3.9420475,-0.56116089,1.8749906,-1.3298259,-1.1345783,1.832728,1.8138956
20061101,-0.81944807,-0.47176867,0.88118747,1.3766483,-0.02399326,-0.55828417,0.42830917,2.0912724
20061109,0.35151981,0.45052275,1.6517162,-0.50344471,-0.48781823,0.1537499,0.40960817,0.14492146
20061116,-0.86853593,0.41820512,0.58116729,-0.47928399,-0.11560498,0.50482782,-0.79396381,-0.240805
20061127,-0.76260155,-0.26334614,-1.0312193,-0.10778297,-0.66067589,-0.20433807,-1.0411946,0.36909795
20061128,-0.57878951,0.26318109,1.1092798,-0.19889043,-0.046386282,0.22018057,0.032288656,-0.39629263
20061148,-0.94490508,-0.35797288,-0.027749207,-0.3047431,-0.37096746,-0.31667572,0.36499106,0.75177205
20061156,0.28364124,0.57291457,-0.93395063,-0.89198164,-0.61522805,0.4705204,-1.8029855,0.75489485
20061157,-0.58855694,0.47454331,1.2682666,-0.19399464,0.24262554,1.1781256,0.2048297,-0.37672198
20061185,0.16288894,-0.51186142,0.34738591,0.44108912,-0.24658604,-1.5951322,0.23442652,0.27941596
20061195,-0.8543351,-0.32346937,0.23009373,-0.27996984,0.68938996,0.72779048,-0.17163649,-0.5388938
20070032,-1.2226063,-1.0325317,-1.5072249,1.1701555,-0.87177492,0.91961286,-0.031338131,0.58604614
20070046,-0.54214876,-0.70490646,-0.72787909,-0.40926675,0.032098471,0.52698186,-1.2962245,0.71187807
20070061,-0.04970607,-0.43250407,-0.24968163,-0.1424916,0.41541443,-0.70164617,0.50856203,-0.52873848
20070084,0.018353413,-0.013199352,1.1221821,0.53509375,-1.2811615,-0.27723634,-0.01293507,-0.0032080628
20070092,-0.037653353,-0.56490259,0.72620139,0.80470758,-0.26507549,-1.2967361,-1.2260623,0.27993674
20070094,-0.17452499,-0.5262672,0.3841894,0.73613947,-0.032354522,-0.28054544,-2.0958572,-0.011962611
20070106,0.16928057,0.45575581,-0.57332492,-0.2687928,0.20967623,-0.88752396,0.41342303,-0.0030735744
20070108,0.89179455,0.17404913,-0.078245428,2.9883291,0.51981212,-0.25052769,2.7628035,-0.41669242
20070131,-0.95157751,0.1485975,-0.19204676,0.53911166,0.39180878,-2.065302,1.208645,0.84792783
20070132,0.89796489,-0.70430534,-1.5581175,2.0560254,0.61475254,-0.9871363,0.57868277,0.40700819
20070135,-0.12369825,0.0080248872,-0.8191604,0.094626803,0.10618972,-0.72977465,-0.98049795,-1.3487336
20070139,0.15781708,0.77974282,0.6978997,-0.65608318,-0.91445504,0.23102879,-0.0060120904,0.090129468
20070173,-0.43074396,-1.927193,-0.64141463,-0.1533907,0.65797562,-1.2502708,-0.061240122,1.6364683
20070177,1.2361055,2.9843196,1.7119058,1.14324,2.9760454,2.6500436,-2.0350405,-0.067918689
20070187,2.395884,1.3321625,-1.5146107,0.03015265,-1.0538632,-2.7626867,-0.85655884,0.1537377
20070195,0.37966841,0.67382389,0.69420003,1.7928705,0.36520903,-1.4241038,0.73260832,-0.51815519
20070197,0.40559416,0.87784426,-0.26412613,-0.57950002,0.30376388,-1.615025,0.49282553,0.1300618
20070202,-0.37608151,0.9386467,0.18195561,0.46537115,0.29122234,0.12712997,0.66513389,-0.38094533
20070219,0.76560775,1.127678,0.63248661,-1.0120753,-0.95923939,0.24000336,0.6741945,-1.7150592
20070231,-1.0825063,-0.78892858,0.15475113,0.160469,-0.05819865,-0.085803023,-0.064090914,-0.34546693
20070250,0.33819032,-0.18755579,-0.016828351,0.15839324,-0.45107273,-0.69471834,-0.42088037,-0.76639985
20070262,0.48619685,0.67226428,-0.99283182,-0.25596325,0.67532946,-0.57300264,0.18713593,-0.2685172
20070265,1.6248887,0.20402906,-2.1035135,1.2840687,0.0012034088,-1.1967285,-0.92204615,-2.4981183
20070288,0.52700997,-0.20173654,-1.8785967,-0.59558271,0.22153847,-0.29537827,1.2217211,-0.13063352
20070296,-0.58918368,-0.88892192,0.23518576,2.1642076,0.30996281,-1.1459573,1.3357672,0.4128844
20070304,0.47235888,-1.0551723,-0.53369781,1.350794,-0.43169069,0.40533295,-0.021353148,-0.86490951
20070305,1.0315156,-1.637695,-2.4599059,1.9604383,0.35874855,1.7644626,-1.1595082,-2.6334437
20070308,-1.502943,1.0095106,-3.5411272,-1.0540154,-2.6574414,0.81726042,0.16577014,2.3168298
20070316,0.2908878,0.32167319,-0.5878653,0.85727927,0.63151329,-0.13884236,-0.88604504,-0.66551619
20070322,-0.44716456,-0.15206695,0.10786748,-0.34987096,-0.14280124,0.66231693,-2.082354,-1.0253427
20070327,-1.0599745,0.26390726,0.4108033,0.5448,-0.36377379,-0.48144079,0.53733295,1.0056965
20070340,-0.78165938,0.025454165,-0.65798911,0.67002048,0.38911746,-1.1351455,1.7963592,-0.64904684
20070346,0.67157316,-1.1162631,1.0200588,-0.86316578,-0.37358684,-0.83856825,0.019227066,2.9399921
20070387,1.3186914,2.8539657,-0.62834698,-2.958848,-1.4671017,1.0621189,3.7594559,1.3346048
20070399,0.58081151,0.17158254,0.74249724,-0.19095313,0.28241781,0.031453118,-0.57232007,-1.1420164
20070416,-0.019551664,-0.79941068,-0.11089546,1.2721029,0.5437465,-0.55624223,0.32697604,-0.32755374
20070434,1.2821555,2.4715441,0.051076452,0.9030175,-0.4959813,1.0076672,0.33210679,-1.7862645
20070443,2.4593196,-1.4190683,1.6544493,0.16754047,-0.81386099,2.5343215,0.025727747,-1.4604376
20070457,0.81680511,1.6279894,0.085784887,-1.3075487,1.0654111,-1.4615611,0.88786696,-0.72221192
20070458,-0.14905465,-2.0255354,-1.0208255,-0.16156943,1.7052967,-3.2676993,0.093949409,-0.88474426
20070474,-0.097512794,-0.86880217,0.40123891,-0.54228635,-1.0841735,0.61809614,-0.83526806,0.96051498
20070492,-1.0057761,0.45498797,0.3917721,-0.074868174,-0.34274588,-1.1628082,-0.28723471,-0.089675743
20070498,-0.85479708,0.79253886,-0.18080338,-0.22131286,1.0041582,0.48640136,0.63790117,-0.20870007
20070506,-0.21336429,0.49000689,0.767297,0.19422839,0.84822373,1.4148444,0.27836771,0.33402931
20070509,-0.52056973,-0.59634076,-0.81900646,-0.92906065,1.0559749,-0.031286877,0.0055131681,0.053582436
20070518,2.5499347,-4.2213365,0.47950784,-1.6069634,1.646326,-0.50547949,-1.1806702,4.6097677
20070519,0.77045808,-0.99462758,-1.6228332,1.8005151,-0.27260386,-1.895597,1.1447801,0.61289158
20070528,-1.0371968,0.23571832,0.3287202,-0.33322779,0.29526693,0.35657009,1.1000964,0.96582498
20070530,-0.36327305,-1.5230212,-0.69490646,-0.67723625,-1.0937886,2.1790379,-0.0073889574,0.30651637
20070532,-0.22871278,-0.80456286,-1.2056989,0.40912582,1.8803272,-0.0034902249,2.2218747,0.059460968
20070557,-0.98785386,-0.56230163,-0.0022583993,-1.0923355,-0.24240087,0.54530498,-0.50912157,0.35629271
20070562,0.34038831,-1.4238912,0.71017206,-1.5046021,2.4483832,0.23022585,1.5065448,0.43419162
20070573,-0.77754985,0.060959592,-0.063878885,-0.2403372,0.34348608,0.01246837,0.39441891,0.1678027
20070575,-1.2297623,-0.76808349,-0.87100095,-1.1729238,-0.2126214,2.1599047,0.222264,-0.19073136
20070584,1.9448788,3.1173975,0.26816323,0.037380898,0.45681176,-1.6840464,-0.63611609,1.3239051
20070608,0.48554514,-0.15104405,-2.0184574,-0.33375904,-0.22239102,-0.6233769,-1.273559,0.55584965
20070615,-0.82345375,0.97249255,-0.080768494,0.47620848,0.28868228,-1.1017535,0.051070423,0.87660293
20070633,1.5447598,1.1534877,-0.58694504,-0.62822843,-0.14786272,-0.15561554,0.54943956,-0.98175742
20070643,1.905669,-0.59906852,-1.1219342,0.78257169,-0.44717248,0.715669,-0.76347066,-0.47543066
20070648,0.83978504,-1.8473599,-1.7175683,-2.1282054,1.6166386,-1.7469586,-0.23293474,2.4464874
20070695,0.49485222,-0.079067564,-0.94015407,0.29724445,-0.14394634,-0.87039572,0.016992802,0.17998545
20070715,2.7958627,2.2224092,-2.0506089,-0.092948633,-0.59028506,1.6923267,1.1128392,1.402372
20070732,-0.012435171,-1.560516,0.11399921,1.148614,-0.37838758,-0.35699802,0.66643963,1.8376346
20070766,0.1639312,-0.25835828,0.30504457,-0.65225302,0.32859116,-0.50934934,0.028888258,1.0747761
20070774,0.39597285,0.380328,-1.5471068,-1.0292602,3.0273243,-0.86610493,-1.7261274,1.3650189
20070781,0.85721156,0.23183231,-0.81187827,-0.20920454,-0.39595133,0.81235766,-1.1908117,1.6010785
20070798,0.37206045,0.2200135,-2.7881012,-0.37977447,-0.4254256,0.30263395,-0.86563794,0.0098940404
20070810,0.64215067,0.79576636,-1.1045434,0.848491,-0.45264591,0.040198454,0.21861158,-0.64346225
20070855,1.3425501,0.12596326,-1.0251354,-0.72115058,-0.65824709,0.02831792,0.3800024,-1.1023385
20070882,-0.055473595,0.54504007,-1.5865345,-0.20438902,-1.8850002,-0.4277909,-0.81694555,-0.1204077
20070889,-0.88613075,-0.49040475,-0.71967665,-0.49775522,0.66640625,1.5594025,-0.22090831,-0.45086612
20070922,0.84087854,1.6699869,-1.4101635,1.1140665,-0.3358212,-1.215044,0.53642099,0.8740494
20070935,-1.2459032,0.17923737,0.51225405,-0.77914621,-0.59145442,0.42857674,-0.18903301,0.12146861
20070941,-0.54592086,3.5485835,1.5049818,0.67721982,0.46937129,1.6075565,0.30708268,1.1214145
20070960,-0.75629226,0.58767884,-0.034705824,0.3399739,-0.24529396,-1.4761902,0.3605516,-0.39629555
20070974,0.50776716,0.045530433,0.63626821,0.074785798,0.028531171,-0.18326975,-1.537168,0.68333842
20070989,0.91358718,-0.070810912,-0.062368221,-0.67839917,-1.570979,0.095300457,-0.72078466,0.28819277
20070997,0.85752423,1.4386639,-0.45962602,0.34539027,1.1529688,-1.3873594,-1.3396265,0.41219702
20071009,0.43515649,2.0143006,0.78810425,0.10152268,2.3113415,-0.073077654,-0.50798955,1.4107553
20071021,-0.59007786,-0.018096178,0.071334847,-0.47359839,0.88662479,-0.035110295,-0.65587319,-0.48724214
20071026,1.834553,1.3951582,-1.0645598,-0.029339092,-1.5998659,0.58802079,0.72026237,0.39614888
20071033,-0.93016113,0.51921044,-0.27937964,-0.045873232,-0.78133736,-0.37653777,-0.38694501,0.17614991
20071049,-0.57292504,-0.30577192,1.0315496,0.053395816,-0.61460412,-0.57873107,-0.63196129,-0.76464052
20071055,0.94667752,0.018209539,0.15323188,-0.62787452,-1.7087742,2.0493546,0.33496932,-1.4406567
20071068,0.26289159,0.090011841,-0.078029017,-0.64620367,-0.12171926,-0.53141065,-0.92553917,-0.43272342
20071071,-1.3302934,-0.48648894,0.29507433,0.31001592,-0.047871064,0.41549853,1.576889,0.87447411
20071088,-0.53670009,-0.025337238,0.10399167,-0.37799951,-0.067836377,0.42784795,-0.22132239,-0.76429482
20071095,0.4263949,-0.85799662,0.27258752,-0.66916227,0.92021106,-0.50843447,-0.99773046,0.70359992
20071099,-0.63756733,-0.42873711,-0.58741756,-0.62232585,0.71385812,0.22538843,1.459488,0.77044999
20071100,-0.48225434,-0.48780207,0.13881507,-1.0559789,-0.35118179,0.075871282,-2.6513544,1.0490854
20071104,1.3522292,-0.24692472,1.1792848,-0.95186484,0.35457519,0.87413016,-2.4576907,-0.50092108
20071109,-0.20042776,0.054095783,0.81324878,-0.12968153,1.7485532,1.4157827,-1.1078246,-0.89823711
20071110,0.29620944,0.34740944,0.81455396,-1.0475235,-0.65202023,0.30396532,-0.41670078,-0.75247765
20071134,-0.26024927,0.21521506,2.1337939,0.69076354,-0.096823241,0.61356004,0.061275499,-1.1755452
20071139,-0.17566806,0.32220426,0.33387383,-0.52950267,-0.5031858,-0.7396159,-0.43537546,0.38252855
20071141,-0.1190625,1.0248503,1.0559969,0.85056243,-0.37947727,-0.70165951,-0.76215734,0.10151682
20071149,-0.32204861,0.7910538,1.2342231,0.26342381,-0.0066152643,-0.55611852,-0.029171222,-0.2932624
20071156,-0.77899304,-0.10272202,0.79021475,0.90894075,-0.52970481,-0.33218885,-0.265913,0.36217381
20071163,-0.85275943,0.67593885,1.0868443,0.067718045,-0.35797073,-0.15879465,-0.76242108,-0.10486658
20071164,-0.95502813,0.44367675,-0.18893565,0.49957567,0.5398597,-0.06027894,0.32156199,0.66653204
20080009,-0.25951792,-1.4329468,-1.9010622,-0.73350288,-0.10610752,-0.099445019,0.38457656,-0.11035796
20080010,2.3178593,-1.2370268,1.3621917,0.4069634,3.2720586,0.52892481,-1.6854662,1.0686322
20080014,-0.35833986,-0.044542001,1.6743855,0.37892471,-0.18631846,-0.18038078,0.41590397,-0.65422673
20080015,-0.31392695,-0.45686723,0.028902241,-0.68967731,0.327391,-0.62658469,-1.3050724,-0.48311685
20080021,-1.114173,0.86086197,1.0946487,-0.59757714,0.54492502,1.2804257,-0.1881408,-0.068250917
20080029,1.0413308,-0.85658028,-0.12514969,-3.0650082,-3.0492655,1.8691321,2.0076314,-0.16772208
20080041,-0.41469315,-1.0975573,-0.60795982,-0.51619172,0.65752707,-0.21480403,-0.16291751,-0.82259217
20080050,-0.28155538,2.0994364,-0.45536688,-1.3961583,1.7394525,0.78882837,0.97386026,1.5239741
20080071,-0.54143505,1.2717822,-0.097268805,0.33856109,-0.075118956,-0.30044822,0.39473014,0.16168439
20080093,0.049153925,0.73104506,-0.51759619,0.3333957,-0.89797319,-1.1003721,0.82916381,-1.1342833
20080105,0.88861726,0.7102319,1.8588931,-1.6805638,0.40306863,0.84688285,1.0607928,-0.17967799
20080109,-0.33813973,-0.18504534,0.58072423,-0.70149656,-0.049965251,0.65696467,-0.028841872,-0.89710337
20080124,-1.3066286,-0.46188525,-0.73116215,-0.16801046,-0.23528045,-0.4834993,0.70688331,-0.57665051
20080126,-0.17253482,0.33281981,0.34514077,-0.49457104,-0.45246152,-0.5830783,-0.47536945,-0.16061656
20080139,-0.83531394,-0.53200864,-0.74905753,-0.099089937,-0.272532,1.0704649,-0.32095043,0.16652048
20080152,-1.1488497,-0.040904092,0.46483014,-0.40892921,-0.27068366,-0.99799767,-0.011419528,0.020351541
20080158,-0.64804597,0.22142048,1.3340426,0.18246198,-0.65895655,0.25690226,-0.19030248,-0.39612108
20080170,-1.0121474,-0.020217659,0.93334517,0.6970152,-0.56435842,-0.90305993,-0.0062997519,-0.31997164
20080192,-0.24358091,1.0983,-1.6223949,1.0353829,-1.4956326,-0.073298234,-0.27846854,1.3193888
20080197,-0.29423985,-0.13986436,0.39740506,-0.81539437,-1.0230238,-0.26597234,-0.88068967,-0.37266948
20080204,-1.3472813,1.0093992,-0.9600612,0.20304463,0.31471429,0.47415339,1.3421159,-0.31748019
20080216,-0.65672635,0.37705688,0.37070001,0.22224934,-0.12164687,0.21892821,-0.15515658,0.8888077
20080240,-0.3020265,1.5988839,0.52185898,0.38991513,0.76234847,-0.093558413,-0.91615765,0.2384722
20080258,-0.74604422,1.0219317,1.0166791,-0.11170893,-0.0010501466,0.58990312,-0.16233315,0.43221415
20080288,-1.054205,0.48991889,0.78920618,0.25182583,-0.43198595,-0.80819623,-0.24399124,-0.091859904
20080297,0.17688054,-1.0448588,-1.6438095,-1.0715209,1.5083474,0.20295534,0.71189631,-0.6146367
20080318,-0.90773169,0.24861193,0.66864706,-0.17263687,0.051003007,-0.65369253,-0.4371861,-0.20781165
20080328,-0.57650881,-0.04303385,0.91137145,0.25180496,-0.46840567,-0.84289726,-0.14373856,-0.31575193
20080344,-1.24354,0.19664351,0.3009991,-0.58385878,0.10207576,0.07545686,0.03815239,-0.38497316
20080347,2.6767259,0.31430072,-1.1270941,-1.0920598,-1.5167033,-0.53373427,0.39264763,-1.1760209
20080381,-0.98745926,-1.8046459,0.05153294,-0.10798595,0.44734712,0.10822487,0.041315991,0.28902832
20080393,-0.69348775,-3.917195,0.82341436,0.36634558,2.6671984,1.3797181,1.1568503,1.1335376
20080396,1.9924161,0.032159107,-3.76605,-1.679536,2.454783,-0.93792994,0.54239945,1.2123083
20080425,-0.45982218,-0.48677313,0.030511973,-0.16116041,0.053054448,-0.088512979,0.15904449,0.083572305
20080434,2.3276479,0.40750115,0.8670816,-3.3127528,-2.5545422,-1.4127596,-0.59835654,-1.9438126
20080440,1.3501953,-1.1308793,-0.96423942,1.3151341,0.42207037,-0.011065697,-0.11970118,-1.1519625
20080443,-0.11293544,1.5151239,-0.2649427,-0.79159219,-0.77551753,-0.48143224,-0.07675486,-0.85796742
20080468,2.841884,-0.74936094,1.1038224,0.53845769,0.7583825,1.1526003,1.4479899,-1.249584
20080480,1.77507,-0.56544733,-0.18254802,-0.9797424,1.3263287,-1.8490273,0.44976403,1.1046138
20080485,-0.073597342,-1.0634923,0.60865974,-0.22889554,-0.24998514,-0.71475257,-0.6057529,1.8124322
20080491,2.3403271,-0.36624059,1.2722946,-1.8700819,0.11171791,-0.096527182,0.99484086,0.98241708
20080501,0.087542912,0.68656395,-0.1959857,-0.40572599,0.33359426,-0.86249645,0.031028871,-0.20496594
20080534,-1.1036866,0.51720965,1.0017763,-0.7939426,-0.16202448,2.4443662,-0.48313958,-0.098962992
20080542,-0.11072503,-1.0993147,-2.1366965,-1.7387311,0.0033896389,0.17418956,-1.094415,-1.2751243
20080566,0.32579391,-0.096798146,0.92757212,-1.3709165,-1.2287981,-0.77678714,0.29342065,0.70861672
20080567,-0.39808,-0.69438887,-0.5843732,0.14105291,2.2669232,0.87215757,-0.17654067,-0.55585903
20080573,0.22165882,-0.15426756,-0.97798607,0.041882028,-0.55541248,0.25802152,-0.33602157,0.52345117
20080590,-0.19932907,0.73326378,-1.1793751,-0.52440177,1.0220947,1.4533239,-0.064465662,-0.94918798
20080640,-1.1522358,0.552789,0.1723084,-0.24619334,-0.48650159,-0.5463535,-0.9251884,-0.66206945
20080642,-1.0194839,1.0069824,-0.18120619,-0.92424105,0.66608651,-0.038042057,0.31711127,0.85191858
20080647,-0.77137165,0.44820384,0.4275894,-0.4340806,-0.31744973,0.29886371,-0.45786443,0.32905512
20080649,0.11824989,1.5650683,-0.51624359,0.31305102,-0.58756322,0.51699539,-0.40223655,-0.010849758
20080651,0.80543439,1.2636925,-0.59400868,-0.098376406,0.65362535,0.88266872,-0.63683292,-0.025902487
20080660,1.5629988,-0.04768513,-1.5322213,1.2859932,1.0689587,-0.99598487,0.33292461,-1.1875258
20080662,0.93631186,0.38086619,-0.21459993,0.043079281,-0.20082009,-0.57912767,-0.44249997,-0.56125184
20080672,-1.028227,-0.72012671,-1.6585951,-0.21592017,0.73254202,-1.0748965,1.0702496,-1.3659629
20080677,0.84701797,1.316221,-0.12540132,-0.15606871,0.36629609,0.74949179,0.36929798,0.75730942
20080689,-0.66669698,0.26790172,0.28042303,-0.001946115,-0.18799294,0.044456763,-0.22997349,-0.069959294
20080710,-0.52594648,1.4202358,0.67766586,0.98447305,-0.20552831,-1.0351937,0.36827186,0.35752873
20080717,0.77848803,0.97610187,-0.97264023,-0.13723246,-0.81733549,2.0321918,-0.27267471,0.72640817
20080726,-0.137926,-1.4369347,0.025969152,2.3752989,-0.080534776,0.32949951,-0.53006267,3.3658151
20080743,-1.7521095,-0.41388106,0.23641747,-0.57095387,-0.098499341,0.20587434,0.12045433,1.6473621
20080774,0.81815879,0.85599108,1.1671255,-0.52710244,1.259736,0.89269282,-0.40874575,-0.90269918
20080794,-0.7993086,0.51429759,0.36444374,0.23957563,-0.36588535,-0.62999862,-0.043919782,0.30409105
20080807,0.024590883,0.64935747,0.86875612,-0.69288487,-0.33014683,1.6414039,0.79671778,-0.32232083
20080823,0.34355914,0.25771044,-2.2014352,-0.45357462,0.47207021,2.3192232,-1.9855682,0.33095833
20080829,0.38732839,-0.36177902,0.64933024,-0.82735701,-0.89509073,-0.82187248,0.46961956,0.45635153
20080837,-0.99545619,0.10716781,0.15480785,0.36265004,-0.74336935,-0.38188137,0.96884428,0.2675158
20080849,-0.65979486,0.60107712,-0.1380817,-0.2338358,-1.211165,1.1939571,-1.8361211,-0.13636127
20080867,-0.24606736,-0.48266656,0.46205372,0.94021707,0.78748182,-0.757895,-0.28998907,0.50351109
20080882,1.9854977,0.4237245,0.74918512,-1.3807423,-0.31658259,0.51159949,-0.51201222,1.4625096
20080889,-1.0065857,0.33562486,0.53227477,-0.08732728,-0.072008588,-0.72545433,-0.36809465,0.049716321
20080894,-0.17520251,0.56253238,-0.64598688,-0.28253763,-1.9539188,0.13939296,-2.2325887,-0.54586124
20080898,-0.72962886,0.090952654,-0.27470837,0.20157223,0.33114928,-0.78914003,-0.092309533,-0.23518846
20080923,-0.61973462,0.77147656,-0.10199499,0.31973827,1.1517257,0.52752264,0.00019332963,-0.42739128
20080924,-0.15057565,-1.0312299,-0.52830097,-0.67694646,1.4175916,1.0815893,-0.15943597,0.70028158
20080943,-0.88780141,-1.9322714,0.8773504,0.80569162,-0.62029412,-0.020439302,0.37737305,2.9116408
20080945,-0.036536878,-0.17124388,0.55815962,0.3615978,-0.52971031,-0.84869127,-0.10683374,-0.039166013
20080959,-0.9835615,-0.5743635,0.026146397,-0.19526675,0.44129627,-0.74298519,-0.70414514,-0.64525997
20080964,0.35527701,-0.32440751,-1.303547,-0.77506852,0.087372924,0.6225435,-0.72217841,0.93442093
20080967,-0.28034159,0.75295148,1.368707,0.72187037,-0.077046757,0.95922159,-0.52590001,-0.63011724
20080969,-0.96391252,-0.92919106,0.20269795,-0.57965403,0.62059237,0.023825505,-0.61198834,1.0888295
20080975,1.0090668,-0.72381786,0.82360901,-2.1202306,4.5258391,1.8973321,-0.97851003,0.44860504
20080979,-0.7780617,0.72754742,1.3251911,-0.010888205,-0.2968779,0.63106034,-0.31147269,-0.046573309
20080982,-0.90821214,0.06503928,-0.72891895,-0.94660514,-0.83918055,-0.10807872,-0.78007655,0.11833645
20080986,1.0840418,-0.77939018,-0.79764208,0.62488106,-0.60537474,1.6958083,-3.9788355,-1.0175328
20080999,-1.1418997,-0.35750439,-0.1033008,-0.3364331,0.7859037,-0.23217568,-0.16445878,-0.57545157
20081004,-0.020922802,-0.43316354,1.5129625,0.87971461,-0.39460648,-0.37382821,0.085552239,-1.5940115
20081010,1.3240924,0.009401044,0.52578101,-2.108896,-0.4685785,-1.40523,-1.2320283,-1.0218402
20081020,-1.1099758,0.24469893,-0.029260886,-1.0286459,-0.73028218,0.74018508,0.95830639,0.10350428
20081022,-1.2243727,0.68432865,-3.7956969,0.22601573,-2.1292427,1.2945995,-0.28962153,-0.59601365
20081041,0.19154186,-0.074804018,1.0384194,-0.15373974,-0.08996049,-0.5311743,0.34934877,-1.0163964
20081078,-0.37008206,-0.12709467,1.3185861,-0.4493273,0.073180339,0.13105,-0.31204706,-0.54366665
20081095,-0.87536785,-0.32391684,-0.74384227,-0.033354171,0.7946932,-0.78940623,0.15764768,-0.25867792
20081103,-1.0927483,0.45527657,0.0406809,-0.40746938,0.044785567,-0.42022588,1.0433252,1.2292085
20081122,0.21348672,-0.87996,0.71855496,0.78674355,-0.95054718,0.19332602,0.099357428,0.55423999
20081132,-0.63121156,0.24931201,1.3338025,0.77851084,-0.36829499,-0.34640637,0.32751522,-0.99143204
20090004,1.1822351,-0.38665503,-0.60739683,1.0601441,-0.22274291,-1.2076161,-0.59859176,-0.71616697
20090014,-1.1511387,-0.9277676,-0.57193353,-0.77130905,1.3964734,-0.059282548,-0.4825645,-1.8708899
20090017,0.50122944,-0.35730321,-0.41244628,-0.28380394,2.1450568,-1.1548387,0.14006031,0.14436698
20090020,-0.11147143,0.62486789,0.31410266,0.0026883012,-0.025903989,0.16275765,0.085527865,0.52705594
20090026,-0.46044333,0.80336241,1.0929983,0.69797109,-0.45202421,-1.0813363,-0.6134123,-0.15862634
20090033,-0.49183382,0.26494271,-0.13621427,-0.21711176,-0.022792034,0.514024,0.060943682,0.62444396
20090041,-0.79302968,0.22555453,1.0206572,0.27427875,-0.55599225,-0.31125172,-0.67965932,-0.076990697
20090049,0.692109,0.25706375,-2.6921275,1.5856211,-1.3840957,-0.56542943,-3.878106,-0.66771233
20090078,0.58817257,0.07484258,-1.6365899,-0.073721,-1.5236986,0.8966588,-1.9465572,1.5580284
20090090,-0.75442418,-0.22614321,1.2445827,0.38520191,-0.67254598,-0.56555733,0.51826097,0.80322066
20090111,0.83096765,1.3215467,0.86081289,0.58916641,1.357917,1.2811824,0.50309434,0.14273304
20090130,-0.45221071,-0.37070424,0.59024681,-0.16713299,-0.38570492,0.41413738,1.6553306,-0.65206376
20090133,2.1107728,-1.3276148,0.70149423,2.9436537,0.10651781,-0.27448116,0.2458874,-0.56711764
20090164,-0.3068371,0.53068586,-2.5905311,0.63714256,-0.30937728,0.079358583,0.39897843,0.58040498
20090175,1.2105515,-0.68400632,0.52898407,1.2421331,0.16631997,-1.7243043,1.1656745,-1.1499028
20090187,0.63094687,-0.42124672,0.013916694,-0.71766909,-0.51846147,0.05228558,-1.131043,0.62336155
20090193,-0.63436618,-0.40248948,0.48558524,-1.1834075,1.7468545,0.62731729,-1.1823874,-1.048036
20090198,1.1407711,1.713489,-0.80199409,0.27859948,-0.38017235,1.03753,0.28269406,0.31108118
20090205,0.69234138,0.41934556,0.52776483,0.02366317,-0.87249621,-0.15228307,-0.29128793,-0.74583708
20090207,-1.5845108,-0.53468992,-0.88687581,0.50101966,-1.1200491,1.5144524,-0.37097803,0.38040745
20090211,0.48946444,0.83564117,0.56335382,-0.4508283,0.44179405,2.0359049,-0.61165836,0.010975627
20090224,-0.20740155,-0.082103948,1.4789532,0.90207011,-0.34403213,-0.54864049,0.033708496,-0.76306203
20090237,0.45958496,-1.5079997,0.51370521,-0.54161006,1.6158128,-0.69809272,-1.5441568,1.2471158
20090256,-0.53267329,-0.1258456,0.3551352,-0.35224463,-0.30246416,-0.89753202,-0.50703383,0.16015165
20090264,-0.66463374,-1.3446174,0.26512541,0.65685657,-0.61956072,0.23536438,-0.72724357,1.8402359
20090269,-1.4258048,-0.7681401,-0.54167387,0.33497822,1.1686994,-0.78376358,0.79627404,-0.71680398
20090270,-1.105265,0.33157157,0.67534908,-0.17166151,-0.35015114,-0.76917292,-0.18457506,0.059411889
20090272,-0.8413133,0.42565144,1.3322505,-0.060646067,-0.40273167,-0.016513782,-0.4030078,-0.166299
20090278,-0.38492062,-0.14209191,-0.62504747,-0.31222639,-0.48945541,-0.35989281,0.45122165,1.3022185
20090307,-0.55921352,-2.9956448,0.43832209,2.2028239,-1.961989,2.1117603,2.2040824,8.0277626
20090343,-0.71349557,0.58630466,-0.16978241,-0.16358505,-0.14493965,0.23092563,0.075927872,-0.33451501
20090345,1.6469161,0.5534058,1.3041942,0.24051432,3.5353428,0.86115302,0.24444318,0.6537056
20090363,1.7360584,-1.0740945,0.55398506,-0.79736291,0.88116298,-0.12048863,-2.8970152,-0.15317121
20090376,1.3533921,-1.2636832,-0.67769763,1.9774128,0.10793902,0.44552887,-2.7429729,0.24378955
20090379,-1.6946782,-3.445788,-0.1748129,-1.9355164,1.7751392,1.198887,-0.22155938,-0.10597235
20090385,2.1866053,-3.6746487,1.7878598,-1.0733708,1.0285253,-0.21101182,-1.5943434,1.4019635
20090393,-1.4221436,-1.0669458,-0.96056732,-0.028273252,-0.12178899,0.98328729,-0.17043983,-0.84116271
20090427,2.1113105,1.0349791,-0.38361116,-0.26720883,-0.15417526,-0.37749335,1.5863878,-0.67462868
20090447,-1.1685403,-2.531343,-0.6466742,-1.7926924,3.0660719,-0.32910719,-0.43297741,-1.8449691
20090460,-0.44831989,-0.15590906,0.21670701,0.062211831,-0.97164708,1.1499491,0.051163417,-0.72283492
20090469,-0.49698454,-0.51305435,0.16316786,0.24940404,-0.14174739,-0.043020476,0.61949423,-0.23736555
20090475,-1.7307259,-1.8072191,-0.25053667,0.5787359,1.3548561,0.58603417,-0.22754541,1.414442
20090477,-0.40308264,-0.47056184,0.6935821,0.38323578,-0.64516226,-0.19907539,0.36352015,0.57118971
20090502,-1.0033635,0.66196594,0.79714006,-0.44129035,-0.33817372,-0.53353048,-0.10893822,0.71622134
20090508,0.017011568,1.4527038,0.62972235,0.3170058,0.63501774,0.92431466,-0.84224475,-0.45350763
20090521,-0.61766633,0.39112866,0.45476331,-0.51983456,0.26464889,-0.25590222,-0.19270042,-0.06280883
20090537,0.32631224,-0.56468728,0.16300371,0.40187719,-0.47314282,-1.905883,-1.2924017,0.60270087
20090541,-1.2922063,0.22420218,-0.66584559,0.035508592,-0.39638045,0.92242791,0.64182027,0.48219196
20090553,-0.32695421,-2.9465101,-0.34340173,-0.78971344,1.6603543,2.3397614,1.9644324,1.6673011
20090588,-0.67275,-0.7539837,-1.6092545,0.10220532,-0.14530111,-1.1647101,0.45174632,-0.33172205
20090591,-0.47176881,0.88921689,0.49445407,-0.026505741,-0.27397363,-0.79903469,-1.1779693,0.07675484
20090598,1.1490153,0.10232829,1.5230772,-0.77359316,-0.92102853,-0.098870299,1.4840228,-1.0291275
20090612,-0.75868511,-0.26129416,0.056682949,-0.90274802,-0.81183392,-0.8929476,-1.3324913,-0.18413936
20090614,0.34853714,-1.4206433,0.12150275,0.90745576,0.1625354,-0.52584582,0.54663154,-1.0554509
20090615,-0.08768754,0.64148895,-0.19739967,0.015999358,-0.25896933,-1.3126683,-0.22963608,0.43478193
20090622,1.1774563,0.16887611,0.012602454,-0.52016361,0.15441561,0.026475429,-0.40335964,0.16873381
20090623,-0.13281512,0.67761205,0.63600064,-0.59829342,0.038978488,-0.45578263,0.59232673,1.5155263
20090636,0.75184807,0.79121917,0.25004012,-1.9037291,-0.44804895,0.039635759,1.9658302,1.1147874
20090679,1.985178,-1.7230019,-0.37587969,0.081195639,-1.8278997,2.1007362,3.7509397,0.04664797
20090712,-0.70168051,-0.51427873,-1.2817475,0.22833883,0.26346252,0.31488574,0.22287292,-0.89770784
20090719,0.48591555,-0.04401493,0.97974575,-0.17220036,-0.30889621,0.21626408,-1.2655299,0.35253684
20090723,-0.71914731,0.86847736,-0.28141864,-0.35405628,0.0076042502,-0.014115411,0.58738785,-0.49709288
20090736,-1.2308001,-0.45166231,-0.17691493,0.87355904,0.12200675,-0.78593744,0.78370026,0.53443919
20090774,1.2286881,0.22303355,-1.0852474,-0.69564605,-0.50433513,-0.10909022,-1.0037815,-0.23155529
20090787,0.5488509,0.81640504,0.5043669,-0.50022631,0.6674776,0.60358011,-0.38197685,-0.10756229
20090794,1.1633681,0.058461491,0.12084557,-1.0256521,1.57887,-0.89362418,-0.1833479,-0.32008663
20090841,1.20697,2.7142735,0.87976867,0.8498378,0.9130229,-1.9614842,-0.41496597,2.9813533
20090852,-0.29565386,-0.40222022,0.96837372,-0.50587164,-0.35734156,-0.3880349,0.23656714,-0.034273518
20090859,-0.91734578,0.088301075,-0.75967738,0.35682037,-0.34837197,-0.44442138,0.25718711,-0.010998237
20090887,1.3276116,2.1771617,-0.28054339,1.5387334,1.1857434,-0.13656717,0.021037091,-0.52473027
20090894,0.41783732,0.38917359,-0.95076238,-0.32009703,0.32016809,1.2188839,0.075299459,-0.16513876
20090910,1.629404,-0.61827581,1.1968185,-2.5380103,-0.19802786,1.0785401,2.2713887,-2.6594719
20090944,-0.47408772,0.52042956,1.286672,-0.17225164,-0.37667258,0.407413,-0.13981895,0.117691
20090950,-0.95367243,0.55296408,-0.72980439,0.091203222,-0.73077049,1.7432844,0.061350143,-0.54674134
20090969,1.5537571,-0.99187112,0.63209966,-0.60723765,0.35833832,-0.18426433,-0.19764888,-1.582815
20090973,-0.32795177,1.2969505,1.2204367,-0.22273672,0.84953754,0.63713978,-0.22516192,0.78095572
20090989,-0.43373907,-0.31781593,0.62699603,-0.36546067,0.0058683758,-0.66964182,-0.41223965,-1.1046442
20090990,-0.96628172,0.93735086,0.87987125,0.057919655,0.023323052,-0.23317379,0.26142814,-0.26064578
20090996,-0.7622042,-0.088290968,1.0559863,0.60849026,-0.559262,0.37504071,0.03223973,1.1077278
20091007,0.4968036,-0.79045974,0.59323147,0.67537998,0.061559042,-0.61403604,-0.65596565,0.2361053
20091018,0.1584957,-0.46637622,0.4704979,-0.93430741,-0.71403148,0.13931516,-0.54339234,0.93654471
20091022,-0.18023024,-1.7703818,-1.0614737,-0.59230495,0.38993385,0.30275927,0.33829578,-1.0115993
20091031,0.45548078,-0.14626863,-0.67691775,1.0248434,0.2193253,-1.3145976,1.7800042,-0.43032696
20091038,0.37193936,0.00027141799,-0.17716213,-0.94481066,-0.3975381,0.25656957,-0.69545427,1.1552609
20091053,-0.43880999,-0.10927938,-0.050401038,-0.25335742,0.41667295,0.38753968,-1.0103403,0.16198873
20091071,-0.14036559,0.4676468,-0.26731973,-0.22439822,0.67169187,0.46991373,-0.064785738,0.85435066
20091073,0.052919275,-0.65174216,0.57350608,0.10096961,0.040696504,0.41901947,0.7450246,-0.69406983
20091075,0.16053285,0.11633464,0.73451148,-0.71633682,1.5015211,0.963048,0.42792164,1.2276751
20091085,1.4454239,-1.3114776,0.51542815,-0.78014372,-1.0026842,0.044915885,1.1285143,-1.5197715
20091088,-0.88975902,-0.80602978,-1.1069387,-0.6149871,-1.1120752,-0.25762091,-1.1513612,-0.33614278
20091109,-0.70194459,0.44628851,1.271935,-0.99125807,-0.49720259,0.55988564,0.14592622,0.43528112
20091111,-0.055408324,-0.46838807,-0.39670911,0.1170064,-0.72664612,1.6864657,0.42215593,-0.021493279
20091124,0.44501185,-0.7958692,-0.27801029,-0.27684013,-0.32641063,-1.2733652,-0.51298071,-1.0687563
20091145,1.5963937,0.059195025,0.78385235,-0.053534402,-0.71624836,-0.02369469,1.4970589,-1.0479609
20091169,-0.51266906,-0.7702532,-0.85190501,-0.9695271,0.5447591,0.32575781,0.018387096,-0.74920971
20091172,-0.75406569,0.48139639,0.52057557,0.42003038,-0.23043292,1.2602681,-0.67560807,-0.57242824
20091183,-1.2033896,0.45112454,1.0637742,0.24852083,-0.49236306,-0.39697855,-0.23253889,-0.0049114278
20091192,-0.33250127,-0.51772715,0.39932166,-0.53617834,-0.38262739,0.22728832,-0.37135819,-0.86403506
20091196,-0.71276842,-0.92273531,0.44567049,2.0686443,-0.060064118,1.2236835,-1.5287059,1.4306139
20091201,1.2314374,0.41549466,1.3217402,-0.69957163,-0.30867667,-1.4396921,0.080524926,-0.02331111
20100009,-1.4075932,0.15195242,1.1799986,-0.13223235,-0.18375222,0.81973611,-0.18841201,0.14876138
20100011,-0.11081219,0.14456102,-0.95107377,-1.0869557,-1.0235281,0.85553077,-0.13442938,-0.14823408
20100015,-0.93217431,0.082943248,0.2087796,-0.55646033,0.64361458,-0.2254191,-0.083434317,-0.34073424
20100026,1.2179171,-1.9136417,1.1501556,0.74603674,-0.97507478,2.8418284,0.25062186,-2.3807461
20100048,-0.5011381,0.63792532,-0.1146483,0.52370243,0.01491304,-1.6727945,-0.46340997,0.47990736
20100050,2.1373115,-0.23735142,-1.1230936,0.70273519,-0.66608282,-1.318947,0.042812499,-1.072405
20100056,-0.59617931,-0.38379661,-0.19050244,0.21398752,0.049848497,-0.87206615,-0.40491206,1.1192404
20100064,-1.0296311,0.52141021,1.3463686,0.1819142,-0.59481866,-0.28693986,-0.32056417,-0.28805382
20100069,-0.78366541,-0.94519972,-1.6029651,-1.4146215,0.33885392,-0.26690442,-0.3116355,-0.33697179
20100077,-0.56696394,0.32186404,1.3818818,0.99654379,-0.13354876,-0.24033255,0.50295035,-0.17300014
20100079,0.93479447,0.37765377,-0.040596901,-0.88252303,-0.77906633,-0.30082198,0.82205194,-0.14741894
20100083,-1.0173857,-0.083092665,0.45888874,0.679846,0.72686797,-0.19270781,0.76463852,0.27443167
20100087,-0.38562987,-0.55626699,0.21914068,-0.91280286,-0.811167,-0.45753531,0.80387372,0.13870503
20100093,-1.2297346,0.14284845,-0.76307306,1.203494,0.56778474,-0.50173508,1.2521687,0.86658381
20100095,-0.80915156,0.4879052,0.48559457,0.3875444,0.10737375,-0.25791194,-1.572956,-0.3734153
20100102,-0.82054438,-0.23693987,-0.3625831,0.37557979,-1.2815972,-0.18772804,-1.4636918,1.0650051
20100105,0.059716598,-1.684827,-0.30797108,1.2571359,0.0017306288,0.81589838,0.83860024,-0.96621428
20100133,1.2805331,0.9363261,-1.6014193,0.99428123,-0.33671661,-0.15932834,-0.041599519,-0.27407988
20100135,-0.66833221,0.32101332,0.55263988,-0.064316567,-0.72534027,-0.19289361,0.4337984,-0.68437063
20100144,0.37110609,1.2247855,-0.82863299,2.0210808,0.62305129,-1.3014852,1.6663464,-1.5164186
20100149,1.8253062,0.48206263,1.209735,-2.0115704,-1.4779859,-1.1131883,-1.2825615,-1.2109622
20100173,-1.1084536,0.27012329,1.1638853,0.3250358,-0.60723043,-0.21427746,0.24950535,0.27381711
20100196,0.22770633,-0.14532574,-0.40046525,0.49932886,-1.4302238,-1.5318748,-0.84031197,-1.452419
20100209,1.0112093,-2.3449753,-0.37121443,-1.221561,0.8103863,-1.2968662,-1.4415808,0.71973087
20100222,-0.18671495,1.2490799,0.80435506,-1.0000591,0.4848957,1.0227222,-0.07210746,0.27500316
20100234,-0.48908794,-0.15918896,0.15800417,0.15000479,-0.62719553,-0.39249244,-0.46640889,-0.66915892
20100249,-0.72072438,1.3868824,0.33746367,0.31648882,-0.087806882,-0.65176863,-0.066071825,0.34009182
20100260,0.19592357,1.2498923,0.37981835,-0.97635088,1.2903391,-0.33308901,-0.10162023,0.7454885
20100269,-0.15559083,-0.84059295,-1.3996686,0.46779982,-1.2528876,0.92082995,-0.73354773,-0.068150134
20100290,0.010978838,-0.96838887,0.75817433,-0.085263302,-1.0190461,-0.43644497,-0.55609657,1.5798534
20100322,-0.12223587,-0.9461727,0.024873658,-1.1061439,0.33001741,-0.373493,0.40502985,0.026976459
20100328,0.20593402,0.78851823,-0.27764736,-1.0134159,1.444375,0.91744032,-0.0043264349,0.17498105
20100350,-0.36247144,-0.86242725,-0.010907509,1.224232,-0.93494202,-0.98813108,0.31016073,3.419678
20100437,0.60786055,1.1506517,0.020078368,-0.85939043,-0.67112571,0.020032126,-1.1127452,0.58192725
20100459,2.3876376,-1.4046725,0.51697314,-0.21535752,-0.64099486,1.5991714,-0.41343487,-0.85392256
20100502,0.46576509,-1.6297651,0.065944081,-0.29476188,-0.19851256,-1.1636698,1.2859682,-0.95417909
20100534,1.007316,4.0993981,-1.1101249,1.9331734,0.92325108,-2.3490249,0.06358654,2.4619821
20100560,0.57364356,-0.65052374,-0.03820866,1.6572848,-0.29052599,0.47227965,-0.23880534,0.60894218
20100601,0.52403794,-1.1870909,-0.86974767,-1.0756589,1.8861821,-0.70512954,-2.0436402,1.8627163
20100609,1.750939,-0.052697863,0.40296562,-4.4242025,-2.029294,1.5094444,1.802807,-1.4822192
20100655,1.3509307,1.219528,-0.82384673,0.82648075,2.4030036,0.85243617,-0.33489152,-1.4237926
20100664,-1.0228748,0.45591048,0.684917,0.16736115,-0.57275835,-0.92820393,0.16576903,0.015466339
20100675,0.5184271,-0.00089898195,-0.50471892,-0.3628468,-0.37754951,-0.62664688,0.68696855,-0.29683269
20100676,0.012692888,-1.2683991,0.02633163,-0.036330828,-0.14098432,0.16100624,-0.64514488,1.4136506
20100682,1.3449292,0.74876502,-1.0806995,0.096800395,-0.44032229,1.2506524,2.0541949,-0.34065451
20100690,1.9978035,2.1008951,1.6020346,-2.0295931,-0.35745813,-3.1600449,0.73140576,-0.30806228
20100705,-0.71250095,-2.019144,-1.2433338,2.5254049,0.79000961,-2.0912748,-0.5805148,2.1309724
20100707,-1.121163,-0.44785751,-0.007786084,-0.093829588,-0.50724038,-0.31929683,-0.14656459,0.33490101
20100715,0.34003325,-0.10234678,-0.83286081,-0.70553867,0.75096804,-0.50855616,0.29046578,-0.80949766
20100730,2.5483443,-0.5497481,1.0749965,-1.6923681,0.79580003,-0.13405606,0.14134623,0.81409673
20100731,0.012890011,2.4845246,0.61697938,-0.2266648,2.2062371,0.42118308,-1.2594867,0.54390764
20100735,-0.8835914,-0.14472451,0.90154332,-0.9486221,-0.10096009,0.99641804,1.1655004,0.097782135
20100803,-1.4016062,-1.2990853,-0.93972974,-0.37483827,2.00959,-0.89904395,0.84900749,-0.98221725
20100814,2.4174332,-0.55395287,1.0322915,1.1589512,1.6295401,-2.1543722,-0.51043642,3.4380126
20100822,0.068763677,-2.0117638,0.94651064,1.1191251,0.16981694,1.5685691,0.54034017,-2.6320106
20100833,0.4821356,0.77112808,0.026770011,0.5628827,0.2251936,-0.31175343,0.52348231,0.31291982
20100840,-1.1463772,0.22561607,-1.8927524,-0.10361759,0.77247358,-2.6103444,1.5852049,-0.56363999
20100862,-0.25771154,1.6238175,0.35628901,-1.3582047,-1.288284,0.53890253,0.99386273,0.82945092
20100867,1.3640302,0.045324879,-0.050383759,1.8806168,-0.53047912,-0.30565888,0.95470059,-0.3980147
20100872,0.76673008,1.0035775,-1.0545667,1.0769852,-0.32515965,-0.063424118,-0.70922384,0.53767171
20100880,-0.37438319,1.4647765,1.7964085,-0.081819875,0.87073222,2.2600426,-0.42563483,-0.34406755
20100896,0.35666238,-1.7972653,0.34559589,-0.090397554,0.55730638,-1.6135545,0.19434539,0.471247
20100897,-1.3477534,-0.28198403,-0.24698355,0.10658101,0.4528078,-0.31674222,-0.33984381,-0.56609035
20100901,-0.13454869,0.97674499,-0.80468927,-0.13530465,0.53582193,-1.3027904,-0.045564001,-0.182459
20100917,0.50076868,-0.58254508,1.2242276,-1.8384857,-1.7645163,0.4397039,0.4288527,-0.06432355
20100924,-2.1172866,-2.7005461,-1.6672293,-0.53336998,3.4588088,0.29744406,0.47896065,-2.5813285
20100953,-0.55868496,-1.016687,0.60577218,0.63387537,-0.20105011,-0.1323368,1.1079835,0.05934438
20100959,-0.62495145,-0.75297821,-1.6667648,-1.3636499,-0.13425737,0.56214588,-1.1372825,-1.6727596
20100974,-1.2512506,0.16246018,0.49621803,-0.45673054,0.29441953,-0.059418683,-0.14721527,-0.20400484
20100999,-1.3260672,0.12434623,0.19982446,-0.065297603,0.38299642,0.89967596,-0.027034502,-1.4057719
20101027,0.16249306,0.39900578,-2.5285023,0.90231386,0.24683528,0.30898603,0.61843797,-0.42303715
20101040,-0.79485653,-0.029403064,0.8988175,0.51197069,-0.6355584,-0.34207062,-0.024176152,0.15604135
20101064,1.0243223,-0.30289888,0.53767251,0.88256745,0.21416862,-1.111483,-2.6744202,1.0124477
20101068,-0.33304221,1.4254901,0.78016288,0.095385481,0.3771276,0.034576622,0.30669413,-0.26948518
20101091,-0.87431057,-0.46314147,-0.091903993,-0.22739048,0.44973896,-0.45490795,-0.13903705,0.47697376
20101110,-0.68021358,0.15738744,-0.0062372437,-0.28091126,0.63132001,-0.97575843,-0.06497713,-0.43136849
20101114,-0.30503297,-0.34379237,-0.36000173,-0.10480943,0.12803558,0.55986084,-1.3351555,1.1430164
20101141,-0.26407841,0.060206113,0.8470124,0.27401606,-0.39594491,-0.6016586,-0.45468227,-0.43684111
20101161,-1.7627464,-2.5336633,-2.1218884,-0.5041095,0.18409915,-0.11607153,0.19845904,0.58029337
20101166,-0.70499573,0.0073753394,0.53974554,0.40552836,-0.42853661,-0.025077211,-0.56500099,-0.20840057
20101174,-0.87902367,0.42254239,1.5769414,0.078783731,-0.42769089,0.37382141,-0.18048313,-0.40000403
20101185,-0.34845526,0.61133998,0.051557826,-0.25485722,-0.70685042,-1.1438084,-0.40009317,0.14167701
20110010,-1.2726241,0.21414093,0.17378863,0.12924213,-0.38189263,-0.26843026,0.30527402,0.27116311
20110013,-0.69219787,0.19782333,0.22922405,0.54965805,-0.52592705,-0.5022667,-0.3153793,0.10818567
20110017,-1.0691434,0.41944638,1.1792062,0.65498096,-0.57746658,-0.64689179,0.32644193,-0.50489174
20110030,-0.45828819,-0.38100763,1.728645,0.33017521,-0.3728347,-0.093026819,0.35667402,-1.5171442
20110037,-0.051144591,-0.086943658,0.44929716,0.055067272,-0.47310877,-0.36047547,-1.5482445,-1.101318
20110047,-0.10530865,-0.82394884,0.11668379,1.0599914,-0.86419984,2.2734823,-0.62967539,-0.95693384
20110051,0.4598165,-0.209106,1.0358723,1.7689598,0.34947853,-1.1695043,0.57425286,-0.48223988
20110056,-0.1074897,-0.15843853,0.7853788,-0.91754575,-0.7067968,-0.61566003,-1.8455397,-1.100881
20110060,-0.86352604,0.97470129,0.32500779,-0.29465961,0.67503205,-0.10154274,-0.86279165,0.44893183
20110064,-1.3576484,-1.6819286,-0.44737428,0.53167242,1.290239,-0.40429163,0.92386682,0.15596533
20110072,-0.027610848,0.86376831,-0.89869501,-0.21103672,1.2688209,-0.62747156,0.33584744,0.4949066
20110073,-0.53710495,0.90451803,0.86403664,0.20852171,0.051815652,0.4018407,-0.62862462,-0.51517294
20110080,-1.7078238,-1.6224248,-0.71520149,-0.85088137,0.82893722,-0.7799035,0.35015504,-1.1698487
20110082,-0.087143481,-0.28607588,-0.73361019,0.81472337,0.32823488,-0.27913501,-0.65125591,-0.46894598
20110093,0.048464196,-0.55598048,0.82747065,0.28049564,-0.49783557,0.4861814,-0.2484193,0.5499763
20110104,-0.27786854,0.15565174,0.98849306,-0.047891757,-0.66278749,-0.55364613,-0.29081755,-0.95934252
20110128,-0.32252248,-0.36377086,-1.0310844,-1.1758724,-0.041810838,-0.94118304,-0.98663004,-1.2496202
20110153,-0.9494749,0.54362068,1.1658871,0.43700826,-0.25214108,-0.3543127,0.6147407,-0.21352035
20110157,-0.45309592,0.034688381,0.80048946,-0.22039971,-0.8016614,-0.22528405,0.57510186,-0.020820161
20110165,0.063909088,0.21332816,-1.2764776,0.32701199,-0.14605216,-0.89888686,-0.92287557,1.3647356
20110172,-0.73654156,0.72767245,0.92597688,-0.24628864,0.068543546,-0.42404005,-0.39700947,-0.13621588
20110176,-0.1642528,-0.57808756,0.22009249,-1.0600392,-1.2139403,0.022253532,-2.9653126,0.46502405
20110219,1.5595488,-2.7876418,1.0887369,-0.3390874,-1.0160364,0.079210724,-1.0112252,1.0180412
20110235,-1.3396279,-0.70707778,-0.20719704,-0.85405919,1.0968516,0.69410355,-0.21346338,-0.63503152
20110236,1.3178027,-1.3931444,-1.8873656,-1.1552769,-1.5100669,-0.29266825,-2.2684857,0.47452635
20110244,2.3008038,-0.44068331,0.074358162,-4.4650023,-0.55960553,-0.89205455,0.85239258,-2.0140821
20110248,0.30944678,-0.0030131036,-0.085399824,0.79627353,-0.70203353,1.0815878,-0.67071799,0.45319038
20110270,-0.9140346,0.4722102,0.51749852,-0.10928899,0.18953734,-0.65257596,-0.2865536,-0.43190173
20110277,-0.27683861,-0.41811309,0.73183937,-0.4165064,-0.72805721,0.54721719,1.406444,1.243707
20110286,0.65033626,-0.40151225,0.74236721,2.1961789,-0.41835362,0.59224278,1.7689198,-1.5712893
20110294,-0.79969297,-1.065908,0.42748847,-2.3760433,-0.30865174,0.88015705,-0.22735726,-0.18978133
20110299,-0.96525471,-0.32133752,-0.56612285,-0.5373898,-0.0045613107,-0.51051099,0.30998459,-0.017631416
20110304,-1.009015,0.52512618,0.3020237,0.09167193,-0.52491583,-1.1255135,-1.595895,-0.45641942
20110306,-0.17847662,0.59663739,0.14622359,-0.031446428,0.85118677,-0.42517419,0.29256522,0.83760191
20110323,0.79350041,-1.0395429,0.55481561,0.059390512,-0.1478199,-0.82244205,0.1570938,-0.38137285
20110332,0.14183985,-0.67028128,1.4333942,1.8360554,-0.85037206,0.017181937,0.33255236,-1.1502749
20110335,-0.56374137,-0.79709498,-3.6849365,0.64331508,-3.3648679,3.0040114,-4.333182,2.273561
20110374,-1.2970245,-2.9969446,-1.3319175,-2.6722419,0.025189722,-1.0176075,1.8142284,-1.9179274
20110398,0.74717666,-0.36318487,-0.15008271,-1.0749407,-0.78608528,-0.85072142,0.7979639,-0.42445621
20110427,-0.41277725,0.18012197,-1.6693698,0.9537009,-1.3382844,1.3415256,0.15606561,0.038478212
20110443,0.2462341,-0.89145119,-0.14479022,0.40627473,0.25620612,-0.22696045,-0.42397256,2.3569489
20110445,0.89157241,-0.72436151,1.4542333,-0.56641793,-1.206089,1.0466358,0.20084008,1.1180685
20110485,-0.58255178,-0.92529789,0.20934734,-1.1386411,1.2272014,0.33547135,-1.9618351,-1.5568089
20110494,1.1425923,-1.67569,-0.48426669,0.15691063,-0.049955203,-1.8681521,0.24088145,1.4132486
20110503,-0.87051912,0.89886809,0.36804513,0.16366234,0.0073112478,-1.1443806,-0.63723491,-0.019894701
20110508,-1.5832514,-0.13462288,0.18752365,-0.25078022,0.072843359,0.17288044,0.2185403,-0.79467163
20110518,-0.69121625,0.68973016,0.062885322,-0.32476861,1.0723582,0.26919327,-0.41375234,0.49075641
20110538,0.68129322,0.034924889,-1.04989,-0.28378784,-1.4756707,0.50984164,0.53349718,0.074272894
20110541,1.9804427,-2.7754384,2.467272,-0.78532615,0.39840197,0.16727683,1.353487,1.4268469
20110550,-0.23994716,-1.3561879,1.1000685,2.1329413,-0.036234999,1.1347923,-0.10923827,0.38984273
20110573,3.0461242,0.36204384,0.17563904,-2.8664064,-1.3877966,2.3579264,0.072949252,-1.2564808
20110579,1.0328289,0.054124471,-0.12908442,-6.6744573,-2.476377,-0.034965166,2.7692304,-2.6816338
20110583,0.65373628,-0.46092705,-0.41017328,0.4679779,-0.95487406,0.3632891,-0.11610083,-0.64082458
20110587,-0.011539794,-0.188329,0.39589666,-0.024839288,-0.66006842,-0.032042158,-0.28506441,0.77526602
20110598,-0.080470839,-2.0868466,-0.047769881,1.5715652,0.51625762,-1.0863933,0.019127155,3.6280115
20110649,0.07308063,0.46250291,0.22563298,1.5926934,-0.095744906,0.92689712,1.1768271,-0.047120482
20110655,-1.0873922,-0.98815722,-0.64493139,1.23136,0.26335123,-0.94743594,-0.48568776,1.1033634
20110659,-0.4759838,1.9619203,-1.3293896,-0.92915692,3.1557055,2.3132968,-0.48344071,0.12156957
20110666,5.694565,1.533837,0.87359346,0.38802443,2.5170425,0.35841529,-1.7324457,2.3557813
20110679,0.8133625,-0.67435427,-0.71383053,-0.55907139,0.14045169,-0.014507671,1.9603145,0.36101659
20110695,0.56383567,1.9114977,-1.038937,0.76721489,-0.409121,-2.7931809,-0.31516391,-0.16288874
20110699,-0.63003257,0.59467744,0.018208537,-0.8606322,1.3659109,-0.44131989,-1.1433018,0.23269434
20110713,-1.3234323,-0.10985379,-0.23188628,0.038213709,-0.6737492,0.085168259,1.0148405,-0.60951186
20110715,0.81923118,-0.96306085,0.078666122,0.18302149,0.23427549,-1.4289352,-0.1113439,0.71227083
20110725,0.51456835,1.4304387,-0.7628733,-0.01754352,-0.37721603,0.44089905,-0.62645433,0.47419588
20110774,2.9099111,-2.3485346,1.4976885,0.34936396,0.070517401,-0.18130191,-0.84323684,0.09841237
20110785,0.63207171,0.5322738,0.077668689,-2.187432,-0.97840754,-0.62373008,2.0537119,-0.03460155
20110787,0.64339075,-0.23425239,-0.75925879,-1.3381385,-1.4125567,0.22427084,2.0425726,-0.67156028
20110802,-1.0113624,-0.73440098,0.057815936,-0.67911945,-0.58352748,1.7109305,-0.18347542,-1.6716089
20110804,-0.85536686,0.79041268,0.73539082,-0.065304248,0.15362779,-1.2032771,-0.50620329,-0.30005655
20110813,-0.19966657,0.31124932,0.59330391,-0.25077654,0.60873846,0.077930026,-0.45897853,0.021578699
20110838,-1.8114399,-0.038494254,-0.45265862,-0.39647131,1.5195082,0.057321663,0.93438332,-0.97113007
20110880,0.23869759,-0.66957225,0.67850276,-1.2925967,0.77840931,1.2203398,0.0064655095,1.6296641
20110888,0.1462822,0.28353764,0.4606153,0.11862538,-0.7943604,1.4509983,0.10680279,-0.26641565
20110899,0.80860117,0.047716999,-1.0956251,0.32964173,-1.2774323,-1.0675009,-0.53688755,0.075846315
20110900,0.74561432,2.7949902,0.71038524,1.4661531,1.0939181,1.4526243,-0.16242379,1.2820132
20110908,0.38807388,2.3458398,-0.044644945,-0.048645617,1.9379053,0.51074829,-0.8025369,1.2783636
20110955,-0.91025929,1.4443368,0.6728795,0.087712856,-1.2855015,0.64791161,0.92779129,1.2387939
20110959,-0.6849756,-1.9231373,-0.58015338,-1.4504456,1.4700838,0.27083222,-1.7620332,-1.4791938
20110977,-0.30339253,-0.36237908,0.90913073,0.54453213,-0.72273101,0.057048607,-0.27314696,-0.06759255
20110990,1.1712563,-0.62463081,1.361131,0.43606558,0.90687716,0.87227833,1.1431826,-2.1343119
20111005,-1.3537044,-0.016662576,0.62758606,-0.11871799,-0.34666487,-0.15445972,0.3096772,0.95011543
20111013,-0.87848345,0.015078375,-0.058787447,-1.3546474,0.22966065,1.3334762,0.74426287,0.27700846
20111016,0.21548,0.34848129,-0.0023358056,1.024198,-0.68317469,2.5456386,0.72955643,-0.84617366
20111020,2.7687434,-1.9505991,2.4016896,1.2852603,-1.2597868,-0.069536456,1.1369411,-0.47303667
20111028,-0.92087548,-0.72394677,0.87646589,0.58068834,-0.60754733,-0.31524002,-0.14767251,0.44259587
20111033,-0.35389702,0.92080575,-0.88323423,0.13309655,0.81285507,-0.22030081,-0.061313463,0.115784
20111034,0.44320645,0.26225226,0.52202835,-0.25679808,-1.6611302,0.39229933,-1.3282795,-1.1176594
20111053,0.20882572,0.36061911,-0.41171618,-0.68242237,-0.63667577,0.32748973,-0.46427545,-0.22167098
20111066,1.3075545,-1.5549778,1.4533576,-0.86540709,0.48538004,0.65581023,1.5643224,-0.80133425
20111075,-0.70229533,0.50126471,0.99334526,0.20567214,-0.19878671,-0.15061885,-0.65405051,-0.49005977
20111083,-0.34713001,0.15777627,1.0286026,0.45699941,-0.55286235,-0.45369354,-0.070504927,-0.12485316
20111098,-0.34441097,0.83382176,-0.064298621,-0.57329742,-0.51492572,0.92141186,0.47159068,0.45977796
20111100,-0.89700035,-0.30172721,1.2227618,-0.52034171,-0.60665784,0.4715235,1.0325136,0.62816105
20111116,-1.0173964,1.2903671,0.0072001492,-0.13745055,0.45311441,-0.040399002,-0.35965109,1.0151877
20111127,-0.48175463,1.179254,-0.6031123,-0.01810477,-0.22440929,1.0753955,0.12631939,0.38949682
20111128,0.29384961,-0.33509696,0.11631428,-1.4359524,-1.6950543,0.14277112,-1.2809431,-1.3411125
20111133,0.065166105,0.00075575384,-0.023132232,-0.4689507,0.20251951,-1.0185778,0.13869637,-1.107377
20120005,-0.51578281,-0.20378041,-1.620789,-1.175798,-0.025812486,1.2273153,-2.0537567,0.21203916
20120024,-0.19538258,-1.0322764,1.0773612,-0.52566436,0.9954423,-0.62023775,-0.92471879,0.46431001
20120046,-0.33868167,1.2882411,0.014835639,-0.44778773,1.8764811,0.86323079,-1.7392217,0.049870312
20120056,-0.98350232,0.1049033,0.89007743,-0.40831997,0.66927652,-0.32236311,-0.19674746,-0.35306068
20120058,-1.0333212,0.82318049,1.0018763,0.26514187,-0.59927497,-0.82288543,-0.13936396,-0.094389839
20120079,2.9480725,1.9993952,1.7462225,2.0820775,2.3579842,1.2852953,-1.198608,0.1053689
20120088,-0.058179158,0.75362052,-1.0262619,-0.78287112,0.67319003,-0.36388084,-0.12415501,0.81093952
20120089,-0.44521927,-0.023200183,1.5217716,-0.081957247,-0.6978862,0.43824532,0.30268472,-0.22499803
20120090,-0.36186701,1.2338305,-1.9337262,0.31087075,-1.2479143,0.21115543,-1.4315146,0.31012245
20120116,-1.2259617,-0.19625501,1.0718986,-0.24844801,-0.44772235,-0.13597714,0.60310051,0.97919925
20120120,2.3304817,-1.7169147,-1.9305223,-0.4763307,0.39246008,1.7380319,-0.35561741,3.276979
20120123,0.07775991,-0.37849029,0.547283,-0.014794219,-0.6538782,-0.36233225,0.51364332,-0.48855167
20120129,-0.51878361,0.62914252,0.062074255,0.20869091,0.73669086,-0.22754409,-0.52471716,0.60564856
20120138,-0.61828209,-0.0059927471,-0.07699736,-0.14520488,-0.045669691,1.5001292,-0.14765048,-0.68566498
20120151,-0.55910698,1.8026861,0.66577602,-0.045250442,1.3933387,2.806267,-0.57181455,-0.038880853
20120157,0.554219,1.0363847,-1.0477466,0.14514466,1.3782003,-0.62357096,0.80865687,0.18041388
20120172,-0.18940873,-1.0254707,-0.18550271,3.3292745,0.017240145,-0.76708162,-0.75629424,-0.74988063
20120185,1.0170943,0.30227586,-0.30563759,0.63093803,-0.68930029,-1.3844497,0.090879401,0.014972558
20120200,0.19192368,-1.4669891,0.86001475,-1.3066811,-0.43081886,-0.61505495,1.530688,2.4425385
20120206,0.56608573,-0.20558965,1.1775607,0.2196058,-0.78673182,1.3629868,-0.70851299,-0.18117042
20120214,0.4759093,0.67575514,1.032648,-0.59511179,-0.28375048,-0.25556336,1.4284403,-0.34699423
20120227,-1.8185326,-0.61551994,-0.61159447,-0.95902893,-0.72603158,0.35502589,2.3349019,1.0538752
20120239,-0.44553169,-0.7951054,0.0086283669,1.1868787,0.7033481,0.81565848,0.11107592,1.026402
20120244,-0.45301209,-0.028411925,0.088088908,-0.6401004,-0.44658371,-0.21265505,0.35138327,0.36550407
20120250,-0.57457839,0.81734482,0.24027541,-0.22296621,-0.12633321,0.34549474,-0.37283744,0.48534139
20120275,-0.33094993,-0.16698728,0.88939932,0.17995144,-0.19340185,-1.0485766,0.26242258,0.16024088
20120277,-0.34076706,0.28849117,0.23491199,-0.70635396,0.90707456,-0.39327668,0.42719912,-0.14633286
20120283,1.2406191,-0.864953,0.67478215,-0.23667917,-0.54194041,-1.7481084,1.2640619,2.332109
20120295,0.3828467,0.41976556,-0.6127916,1.2767198,-0.99178034,0.15829039,0.47141805,-2.4386792
20120312,-0.018318186,1.8969882,0.54325702,0.80721299,-0.076916376,0.9749156,-1.3279687,0.67718885
20120341,1.4943819,-1.1216264,0.71022604,-4.1760617,-0.73501784,0.61993605,1.8882091,-0.77518753
20120345,-0.59693257,0.073614698,0.23977527,-0.053651051,0.50951013,-1.0532822,-0.25845374,-0.26851046
20120353,-0.1079109,1.7942537,-0.22113251,0.39553942,0.18801894,-1.9154557,0.35702158,0.36443091
20120375,-1.4137947,-1.0407454,-1.3438103,-1.0530287,-0.41990747,-0.027179243,-0.36467627,-0.42618036
20120377,-1.3602868,0.68176049,-1.0163165,-1.6628795,-0.69846808,0.96795043,-0.049121395,0.53384016
20120392,-0.24564787,0.33582594,0.47535353,-0.52537031,0.56499635,0.63778744,0.55405892,-0.32838103
20120398,-0.582659,0.53729461,0.57202931,-0.21752648,1.219258,-0.64205344,-0.44641976,0.57011889
20120402,-0.11913053,0.30002266,-0.17031142,-0.22684374,-0.53375279,1.4146939,-1.4566838,-0.24665142
20120441,-0.22553724,-2.2894623,-0.42677488,1.6744977,0.35509872,0.46561176,0.88647313,0.30945584
20120443,-0.099601445,-0.30808392,0.73846509,-0.38720041,-0.39620262,-0.55703409,-0.99346256,-0.53136162
20120465,0.30161808,-0.0028279302,0.26785561,0.37766806,-0.014629737,-0.50826986,-0.53467531,-2.0403993
20120478,-0.30447926,-0.57431985,-0.68001311,-1.3865818,-0.63177196,0.65462308,3.4049887,-0.66950976
20120520,-0.32371833,-0.93463174,1.1185,0.40087033,0.4192355,1.1297925,-0.017733688,-1.2774877
20120530,-0.47995805,-0.50776953,0.26315922,-0.16724798,-0.84063768,-0.54654081,-0.084998243,2.5313202
20120540,-0.69732105,-0.24862782,0.34735845,-0.50967486,-0.27984136,-0.76685913,-0.84918776,-0.069935698
20120541,0.37007333,-1.9919559,-0.067570744,0.561917,0.39639793,-1.2186617,-0.72364104,0.074821156
20120567,-1.0008321,-2.0158588,-1.3039763,-0.66007817,0.93278334,-0.62236812,-1.1931629,-0.74199255
20120570,-1.5011041,-0.7498162,-2.0410711,0.32301336,0.50515047,-2.7574123,2.2289979,-0.58083857
20120582,-0.67571092,-0.22787724,-3.5817526,1.3350629,-0.74353037,0.58732714,3.3118568,-1.043813
20120596,-0.47738906,-0.023001936,-0.10040213,0.43758174,0.49314094,0.31990069,0.46083679,-0.90371028
20120612,-0.043195343,0.166128,0.67858294,-0.64185568,0.52551824,0.023038525,0.437165,0.7110404
20120613,0.28279291,0.51063672,-0.48136911,-0.47183047,0.39489887,-0.13672578,0.57634428,1.4301266
20120626,0.81207524,0.65171744,0.6154979,0.044298248,-0.10693058,-0.72918306,1.1945892,-0.54563909
20120628,-0.90100217,0.0052608258,0.060449525,0.44418342,-0.64152717,0.77330433,-0.19856909,0.33351736
20120642,-1.4771229,-0.66073077,-0.61200392,0.26895496,0.88575654,0.89098426,-0.81920821,1.1294725
20120705,0.17201025,-2.1991324,-0.78440421,-1.3770949,-1.4742015,0.7198029,-1.0941261,-0.1836265
20120723,0.46580868,0.89599555,-1.6554126,1.6491694,-1.0894028,3.0591725,0.91344572,-0.5193766
20120745,-0.14929293,-0.89655721,-0.49532809,1.4181082,-0.54617846,0.60771865,1.3287826,-1.06718
20120755,0.47981048,-1.1692776,0.67733066,1.9030032,-0.45749331,-0.86174135,-1.236824,-0.87600469
20120774,-0.21919604,0.92399688,-0.23266513,0.031996001,1.1544247,-0.091402579,-0.15320353,0.36541143
20120777,0.32450112,-0.12043286,-0.086663857,0.28015726,-0.045588504,-2.0547463,-0.17724744,0.5803881
20120789,2.0168958,-2.3277656,0.94433446,-2.8281287,1.1126681,1.049519,1.3713584,0.89786164
20120830,-1.5746902,-0.0041014435,-0.2826412,-1.0685161,1.2116627,1.2967738,0.57149402,0.4424478
20120837,-0.92184166,0.58061075,-1.3379719,-0.26840038,-0.6873443,0.70717614,-0.93691467,-0.23090515
20120847,0.076770819,0.54764991,-0.15820614,0.48680703,0.91204572,0.0080004341,-0.47307273,0.015101227
20120853,0.4718046,0.69797478,0.97985055,0.30960559,-0.74495726,-1.0582754,-0.073235622,0.66521266
20120890,-0.35554645,0.32763367,1.3467856,0.507942,-0.55972934,1.7445505,-0.25158264,-0.89732532
20120911,-0.8912944,0.28428966,-0.90946057,0.6693816,0.44218194,-0.47067505,0.5424098,-1.0258895
20120926,-0.50112075,-0.12650367,0.43043942,-0.63879159,0.21328269,-0.33488613,-0.17104688,0.38131782
20120955,0.79678834,-1.2701968,-2.2078063,0.19936516,-1.6378173,-1.7739007,0.2537444,-2.2394601
20120968,1.1041306,0.25720995,-1.2825273,-0.82720386,-0.012658175,-1.0595347,0.27704913,0.21365121
20120981,-0.44705078,0.87255259,0.45837204,0.071005238,0.56097574,0.19525716,-0.13780579,-0.025595821
20120987,0.026757815,0.011669535,0.39872665,-0.93066413,-0.62031108,0.20525144,-0.35350728,-0.10276947
20120992,-1.0587263,-0.06128329,0.26095508,0.54217065,-0.64035582,0.035343754,-0.321139,0.88726297
20121002,-0.9329236,-2.10314,-0.55484364,0.31379655,0.92921728,-0.0065434017,0.5214187,2.4105038
20121005,-0.11882344,0.25406665,-0.069241778,-0.76353456,-0.33513983,-0.62415239,1.2644085,-0.58361927
20121020,0.11374286,-0.097415595,0.75262032,-0.10718115,0.58832601,-0.93240908,0.79997198,-1.5472471
20121026,-0.02954748,0.107784,1.3933691,-0.42917268,0.32793971,0.11599214,0.12230579,-0.58211372
20121035,-0.56881679,0.18611619,-1.9685906,-0.25341988,0.79897509,-1.9486245,0.37713603,-0.014908843
20121041,-0.48788839,-0.29219841,0.72566137,-0.59728643,-0.75317198,-0.16313532,0.22153394,0.78482722
20121042,-1.0142622,-0.25972238,0.31806049,-0.66380008,1.5384721,0.21891651,-0.13658391,-0.66538867
20121090,-0.45235534,1.2448221,-0.66279581,0.043208995,0.76904502,-0.80756296,0.46212802,0.4821161
20121099,0.64407394,-1.0523245,-1.5659046,1.7780812,-0.63971164,0.65270101,0.72944421,-0.84122884
20121109,0.55060002,-0.040785073,0.74870718,-0.010917023,-0.55210867,1.3255236,-0.41129822,0.15595198
20121110,-0.77707042,0.75333509,0.24906769,-0.4817674,0.49230844,-0.76601318,0.10320302,0.21644678
20121118,-0.42224671,0.8654983,-0.10250501,-0.13429901,0.87984121,-0.15119477,-0.7024376,-0.59479066
20121119,-0.84170287,0.9239058,1.1593095,0.55105839,-0.4240131,-0.45945609,0.005735214,-0.072773945
20121141,0.21347737,-0.13714941,0.33499901,-1.3409837,1.0148057,0.064549772,-0.25976772,0.12503473
20121150,2.2249692,0.67985613,-2.092761,-0.34552667,-1.988277,-1.8223353,0.4439693,-1.4805981
20121155,-0.34882041,-0.0091329427,-1.3095186,-0.76085773,-0.67050055,-1.1399724,-1.5876255,0.091504542
20121159,3.1560088,-1.3013881,0.34000219,-2.096065,-0.95357592,-0.58546907,0.50372009,-0.069187804
20130004,-0.59095112,0.62976137,-0.6643446,-0.14920743,-0.24257523,-0.31726716,-0.49370189,-0.050033721
20130009,-0.94258202,0.24945398,0.87626098,0.23044189,-0.52726775,-0.078516865,0.0058296597,-0.19217188
20130016,0.40449346,-1.9874892,-0.33110217,-1.3886285,0.406832,1.0551528,-1.9355604,-0.17072059
20130018,-0.32097866,0.4660461,1.5597143,0.90227651,-0.17286195,-0.32970075,0.41171862,-0.96297571
20130022,0.37474994,-0.49328654,2.5024578,0.83810207,0.068687003,1.1558729,1.6629748,-0.4834957
20130043,-0.49544185,0.52040409,0.63853609,0.027429523,-0.39358315,-0.02104198,0.36185346,0.62567685
20130047,0.074253972,0.68466971,1.7177556,1.4418137,-0.10733491,-0.72532773,0.43276336,-0.44366188
20130057,-1.2681733,0.99948803,-0.58874182,-0.12649475,1.617571,0.22001284,0.44869326,1.3996299
20130061,0.12442698,0.082612705,0.50589561,-0.14323239,0.29607208,0.38361043,-1.4554676,-0.79709471
20130073,-1.3751135,0.51547389,1.0066937,-0.20302744,-0.54102371,-0.073474489,-0.018432225,-0.039598589
20130096,-0.86850201,-0.66441511,0.041183345,-1.021414,0.86171751,-0.20819183,-0.18169806,-0.33168906
20130106,-0.66697263,0.35038424,0.54757211,0.90764061,-0.51118194,-0.93258573,-0.30918523,0.4636796
20130123,-0.88038012,-1.1551185,0.26005973,0.085017014,0.34884973,0.14074611,0.57338554,0.013654163
20130135,-0.3043896,-0.37438515,1.1378562,-0.56340019,0.34414891,-0.61820559,-0.89000885,-0.41937337
20130143,-0.19511265,0.064434583,0.29633138,-0.78882228,-0.54173147,-0.5078256,-0.097881633,-0.94124722
20130162,0.3486204,-1.5871493,0.31677452,-0.95984409,-0.22587518,-0.10011265,0.44940752,-2.0954482
20130181,-0.97824283,-0.16875867,-2.6877155,-0.14924011,-1.9171668,1.7711516,-2.370233,1.3161167
20130191,0.35086116,-0.81056612,-0.25983323,1.4030519,-0.5250128,-0.25805185,-1.011663,0.42191787
20130201,1.0230595,1.3695621,-0.76359992,-0.60199799,1.9527145,-2.0839423,0.48879574,1.2268945
20130209,0.39198233,0.030568211,-1.5299111,0.57160592,-0.41105492,-1.659248,0.2438393,-0.43655552
20130211,0.50159439,2.5685431,0.89103218,-0.27180162,0.61094651,0.1695557,-0.19944696,1.1108735
20130253,0.77606835,0.24471532,-0.62588175,1.0099364,-1.491579,-0.34779286,0.62541871,-0.49917484
20130277,0.61330667,1.0203446,-1.4341542,-1.6158421,0.35717546,0.34440985,-0.7330079,0.099452908
20130281,0.072466584,-0.14434702,-0.085070426,-1.1292748,-0.8362917,-0.85640986,-0.28277752,2.643675
20130286,-1.1476104,1.0945023,-0.18808074,-0.034077151,-0.026896904,-0.79491086,0.88514993,0.70012637
20130297,0.30291113,-1.37803,0.52998227,1.0572212,-1.0965298,1.7448625,2.8117127,1.9741896
20130301,-1.0467779,-0.06736053,1.4500867,3.2945876,-0.3995664,2.9179062,0.09385375,-0.72739286
20130321,1.2494721,0.54820541,0.97181837,-1.8582084,-2.1966166,0.23178056,0.79060365,-2.1270161
20130332,0.50097819,-2.0836596,-0.078324449,-1.7942458,2.8788275,-0.8779382,-1.8479641,1.517857
20130340,0.082428325,-1.0394249,1.73616,-0.36715064,-0.44720725,0.44205104,1.3336546,3.2188673
20130350,-0.82292433,0.29956886,0.48693753,-0.35773803,-0.39151763,0.16505659,-0.29504276,0.25173146
20130368,-0.75306574,0.53647611,0.16601359,-0.37522201,0.26045484,0.69382631,-0.31493976,0.37670572
20130375,0.20294162,-0.770118,-0.38255651,0.49270216,0.17979008,-1.2350923,0.65329413,-1.2658756
20130385,1.025567,-1.3364979,0.091131582,1.4297835,0.4255751,-2.8589062,-2.9205133,0.65618476
20130387,1.1548445,-1.6958281,0.59858352,-0.59846301,-0.42836135,-0.76174898,-2.1729742,1.5316166
20130415,0.7334511,0.12878425,0.1177608,-0.5959587,-0.25299441,0.33728242,-0.52155466,-0.32380884
20130434,-0.59767967,0.16905838,-0.10432573,-0.26867013,0.032346951,-0.72180801,-0.70675461,1.1390613
20130444,0.14816156,0.93301971,0.51425557,-0.36401758,-0.34940882,0.3009887,-0.81533503,0.47381211
20130470,1.8257312,-4.3831113,1.1065011,3.6513466,0.5866576,0.54297942,1.4434046,2.3832528
20130501,-1.0327805,-2.4748256,-0.71941395,1.5119048,0.44135604,0.71522966,-0.0634799,2.751592
20130517,-0.9706825,-0.025229318,0.60108747,-0.066086839,-0.42633206,-1.0294699,0.024851672,0.77861485
20130534,0.67877651,-0.70459511,-1.0399161,-0.32626444,0.53679601,-0.25144655,-1.2687546,-0.5841824
20130536,1.5199499,-2.6319749,-1.7310795,0.12587862,-1.2853848,2.2964329,-1.3434619,2.3706391
20130540,0.3494642,-1.1967028,0.15282894,3.5112203,-0.084395558,1.3914945,0.92858141,1.3635382
20130613,-0.39486364,-0.31346773,0.22931963,0.43852843,-0.057095893,0.46195401,0.43916661,0.82641533
20130629,0.27956253,-0.7717121,-0.22312198,-0.040781538,-0.11305391,0.067590808,0.23449371,1.3093347
20130635,2.1555437,-1.9018045,1.0891377,1.8349723,2.3242099,1.9403486,1.7605863,-0.64307863
20130656,-0.87704908,-1.0347394,-1.1425505,0.201054,0.94166879,0.52405095,0.97219645,-1.6034498
20130666,0.66004998,-2.0905721,0.43359135,0.41463388,-0.44634408,-2.0748238,-0.20895243,0.26190003
20130667,-1.3018717,-2.9640138,-2.2235032,-0.26205445,1.150387,0.88185389,-1.0406719,-2.3045404
20130687,0.47116633,-0.085460559,-1.0581444,0.075406169,1.4450967,-1.9675252,0.031772068,-0.20752906
20130734,0.15544318,-0.11282364,-0.31237623,-0.11958897,-0.12509227,0.19636992,-0.51498081,-0.038840204
20130746,2.1422016,0.78554157,1.0568079,-1.2950825,-0.99033597,0.39806684,-0.44880008,3.1290895
20130777,0.35940435,0.2920399,-0.78724804,0.83956128,0.19499309,-0.34552215,0.0019399723,0.55424116
20130786,0.026500398,-0.32366413,-0.27507311,-0.32003376,1.1652185,-0.597391,-0.31544393,-0.5614935
20130790,0.46152642,2.0732785,0.71116753,-0.54549638,0.82447783,-0.8547416,1.42166,0.1916837
20130813,-0.39921345,-1.7572616,0.48760428,2.0902398,-0.062383397,-0.80131324,-0.22266491,2.3589909
20130825,0.57367865,-0.68859511,-2.3389438,-0.43926035,0.81986695,-0.47958565,0.25331475,1.5484939
20130853,0.34540077,-0.50571533,0.45147363,-0.067995443,-0.4523831,-1.2151424,-1.5871828,-0.63319612
20130866,0.59345254,1.7108983,-0.047027972,1.0346214,1.3813178,0.53992168,-0.81278962,-0.16330591
20130878,-0.31273103,-0.47429936,-0.18000852,-0.10858287,-0.068648682,-1.2176954,-0.2201119,-0.010739249
20130909,-1.3516475,-0.092635257,-1.0625092,-0.29908513,0.67312555,0.56276474,-0.07007824,-0.087153966
20130910,-0.11839591,-0.58311625,-0.59930603,1.2395149,-0.59888174,-0.7363983,-0.059441656,0.74835141
20130914,0.9593909,-1.1110985,0.9171921,-0.15924917,-0.48525302,-0.6376367,-1.8431975,1.5224974
20130920,-1.0518821,-0.13372362,0.77670243,0.13880495,-0.57262649,-0.34303681,0.11104483,0.26543159
20130927,-0.88182476,-0.25799256,-0.38693926,-0.24179056,0.50019838,-0.63469462,-0.88085369,-1.4915967
20130929,-0.67587536,-1.394561,-1.6336866,-1.1365757,1.1614454,-1.1783708,0.099806437,-1.389963
20130952,4.1120014,-0.1557204,-0.39269379,3.7900267,1.2331955,-0.11958626,1.2035993,-0.75828482
20130953,-0.38114382,0.30083564,0.27203286,-0.31549773,0.49961169,0.23928184,0.4479277,1.0483094
20130957,2.0460239,-2.0309496,1.1564969,0.70029397,0.17692997,2.099025,4.2337791,0.86321329
20130968,0.39138872,-0.92067944,0.88617239,0.46393246,-0.54713321,-0.026312673,0.27743686,0.13349771
20130977,-0.33093867,-0.11959555,0.67264598,-0.23551291,-1.1546476,0.53816822,0.32037956,0.89610484
20130990,-0.13921226,0.33479654,1.1508658,0.63970781,0.36561922,1.5134385,-0.47869753,-0.64571148
20130991,0.59025148,-0.59914298,-0.058179593,1.5586574,-0.6645477,0.10781032,-0.70118253,-0.75717296
20131001,-0.95051612,-1.2666725,-1.6206588,0.9157255,0.33932094,0.73199193,1.0567896,0.69420321
20131002,-1.3007494,0.50309809,0.79628211,-0.61103357,-0.16796531,-0.030134928,-0.15000543,-0.193861
20131017,-0.1889236,-0.45776431,-1.9897596,-0.72466097,-1.5239485,-0.4401142,-0.34232506,-0.56752963
20131018,0.42153346,-0.28834941,0.14219087,0.44438821,-1.2450269,0.69812056,-0.29154066,-0.64566244
20131031,2.5715382,-1.9762345,1.7431339,-0.80255312,-0.59129912,2.3535685,0.51067112,-0.34838319
20131038,-0.64807643,0.30924511,0.55943702,0.31902068,-0.61101105,-0.15511928,-1.480574,-0.92192328
20131050,-1.4356283,-0.38205896,0.43849159,-0.72539982,-0.37287229,0.18779632,-0.61907011,-0.55618423
20131052,-1.0594776,-0.20282361,0.79741402,-0.44703578,-0.063663425,-0.31655647,0.13389477,0.93795842
20131057,0.99163108,-1.058878,-1.7062758,-1.1148379,-2.5586347,1.0692683,-0.99174887,2.4195796
20131072,0.63721768,-2.1119319,0.23381022,-1.9720218,1.3278965,-0.96736675,1.6396806,0.94108261
20131083,1.4379108,-0.61217832,0.72195705,4.8589066,0.24269278,0.15793265,0.62732085,0.64872042
20131086,0.98387263,-1.5592401,0.70945587,-0.2263855,-1.465019,1.1734108,-0.56942128,1.7791952
20131096,0.46009421,-2.0522678,0.86508317,0.35889764,0.45864915,2.3614066,-1.4308534,-0.95858805
20131099,0.096604653,-0.25433556,-0.13444562,-0.47099807,1.2259473,-0.097110285,0.26441203,0.58607236
20131115,-0.40866449,-0.81342223,1.0217887,-0.29665642,0.54973708,-0.20912377,-0.19445633,0.80178874
20131147,-0.93610008,-0.061065166,0.0685764,-0.96004781,0.23800601,-0.35518537,-0.26910316,-0.60744372
20131158,-0.080606305,2.4290497,-0.30626967,-0.11473878,3.1544173,0.32222713,-0.20789042,-0.020550678
20131161,0.73379346,0.16501138,-1.0813798,-0.90995595,0.46044896,0.28761845,0.44976726,0.15205365
20131163,-0.75987461,2.4589946,0.91547629,-0.085446073,1.0538828,0.63285001,0.22253351,0.13811306
20140006,0.36830534,0.78019638,1.4884364,-0.58735267,-1.0911393,0.095600682,1.3354975,-0.20418461
20140012,0.035780313,0.83804849,-0.55329817,0.064402723,1.2957714,-1.3021778,0.038291522,0.61219447
20140029,0.69193763,-0.74048912,0.46967427,-2.1801937,-1.6547359,0.29859888,1.9055331,0.49724522
20140041,-1.1483816,0.35904379,0.0093833576,-0.14384002,0.33153288,-0.28213803,0.52560769,-0.28559783
20140045,-0.66735852,-0.89443166,-0.14114528,-0.73702248,0.57752439,-1.6802374,-0.5337741,0.62913747
20140052,-0.0036908087,-0.36091737,-0.23862136,-1.0674314,2.4617321,0.39721981,0.29496844,1.6661226
20140060,-0.64285385,-0.55989888,-0.056253542,-0.75855048,-0.80439862,-0.87215017,-0.56901846,-1.1289761
20140066,1.6130485,1.0981632,-1.120799,0.033107543,-0.9394159,-0.12611451,0.00087999108,-0.48621952
20140086,0.67358237,0.37407635,-0.41597215,-0.75193436,-0.11206398,-1.7950944,0.16630044,-0.11466147
20140089,-0.41778392,0.38537539,0.32933176,-0.39333569,-0.20257786,-0.74226883,-0.031030601,0.37255284
20140098,0.37228198,-1.0820873,-0.41808335,1.3016899,-0.60320257,1.8008452,-1.2234376,-0.21854582
20140104,-0.51395626,0.98325705,-0.4264973,-0.64617199,-0.9133917,-0.59603038,-1.2197401,0.14239516
20140118,-0.010784189,0.74693123,-0.80934516,0.13860255,0.15026967,0.57904386,0.92531013,0.1939593
20140124,-0.59285259,0.29649818,1.1135212,-0.27400768,0.34220554,-0.057586377,-0.674868,-0.13737329
20140139,-0.18592149,1.0273008,0.98263524,-0.15138654,0.56827877,1.4419419,-1.6643233,-0.63423897
20140156,1.0665208,0.25541173,-0.28826629,-0.42323986,-0.44151781,-0.70895323,-0.77725676,-0.49127473
20140162,-0.59967772,0.7465297,0.25238818,0.11121678,-0.5641131,-0.62289055,0.82010737,1.0839334
20140174,-0.584087,-0.53078716,1.3604967,0.52127337,-0.50795761,-0.44207686,0.50780327,0.33395101
20140178,-0.40083531,0.5596795,-0.66157765,0.42320055,-1.274008,0.048959537,-0.70922225,1.0442022
20140181,0.75813734,-0.41174771,1.7982486,2.3655137,0.0021066146,-1.2181821,0.39202448,-1.0873443
20140186,-0.21644501,-0.55282592,0.50076648,0.21364996,0.10421773,0.772095,-0.97031238,-0.37150981
20140194,-0.58548587,-0.84591766,-0.30839885,0.50701089,0.56260143,-0.93423079,-0.5370738,0.27478104
20140201,2.2293968,-0.19878997,-0.7814781,0.48814086,-1.788838,-1.5648364,1.3937255,-1.2879764
20140207,2.1181201,0.21775171,1.19616,-2.0472605,-1.0453581,-0.80284177,0.22703771,0.62044332
20140307,-0.14120588,-0.19784645,-2.0311206,-0.4223393,-0.21494515,-0.47675442,-1.2161295,-0.1614366
20140319,-0.15117746,0.14632874,-0.034898409,0.55308152,-1.1171276,-0.31199661,-2.4130188,-0.5448318
20140331,-0.12156715,1.0198367,0.67030776,1.2699561,0.60314447,-0.21495116,0.93912647,0.2377258
20140364,-1.3561434,-0.18737391,-1.6523551,-0.42337161,-1.2253254,1.4228983,-1.4416095,-0.22885858
20140367,-0.67339256,0.53203956,0.36788242,0.35450219,0.31128347,-0.49326808,0.095608169,-0.23654382
20140368,-0.64191193,-2.3715617,0.49210581,-0.26518563,0.22700647,-0.67701209,-1.4620488,-0.38038872
20140379,0.095150566,-0.094880388,-0.41647117,0.46081714,-0.098835214,1.6306723,-1.8240744,-0.1709181
20140385,1.0634672,0.5209281,1.1314326,-0.89561344,-0.29638592,1.1431448,0.15733297,0.64445213
20140418,0.82729425,-1.4343672,-0.43831622,0.91720063,1.1939894,-2.0583367,-0.17356928,1.6356436
20140438,0.9198138,-1.0054,0.81726268,-0.30234561,-0.76190528,-0.58725986,-0.97503027,2.7818164
20140468,-0.83402236,-0.36325647,-0.11783083,-0.71762089,-0.82502921,1.0813476,0.070978581,0.53433097
20140500,2.4693454,1.0077186,-3.2174283,1.6365298,-1.4475509,-1.0450977,1.6512165,-0.13275196
20140515,-0.63750106,-0.17071244,0.79384093,0.15299031,-0.48443837,-0.6354239,0.7599059,0.99640181
20140516,0.085861099,-0.69396656,0.16975707,-0.59964558,-0.13903425,-0.68092166,0.40574972,-0.10803319
20140532,-0.083227822,1.9007699,-0.19542603,0.58837428,0.68573728,-0.99882878,-0.5467502,-0.015898927
20140536,-0.29212372,0.25849246,0.18321881,0.20226065,-0.61089101,0.0084130926,-0.027487624,-0.23249742
20140544,-0.77837107,-0.017192531,0.31868966,0.012343857,-0.43247999,-0.91213939,-0.20486556,-0.31507591
20140549,-0.0196896,-0.86592425,0.66095963,0.23591545,0.12011494,-0.33148637,0.50747268,-0.62804554
20140598,-0.94747915,0.50250329,0.55858225,-0.039862076,-0.58055514,-0.49420779,-0.088123306,0.20621926
20140607,-1.1390088,-1.0770634,-0.196826,-0.47034692,-0.47093599,-0.66707114,-0.63464134,1.2565674
20140615,0.93999206,0.54444455,-0.24436416,0.59543117,-1.7418614,0.23712083,0.65624486,-1.0060138
20140623,2.950297,0.36367964,0.7441703,-0.44804445,0.48797116,0.097403027,-0.48939634,0.069075621
20140648,3.4807752,-0.97308743,-0.7084009,3.4882558,1.5094067,0.66455724,0.33820121,-2.8345197
20140651,0.04495716,-0.15322747,-0.8631389,-0.19741242,0.086148214,1.2860867,0.29832433,0.27926862
20140668,-0.58660219,1.1739622,0.33619651,0.35935084,-0.46598046,-0.84286653,-0.8023741,0.12811226
20140686,-1.2108337,-0.15758893,-0.90603529,-1.083656,-0.33391321,1.545844,-0.20182124,-0.45184477
20140692,0.73788402,-0.14975806,0.043149855,-0.50279059,-0.1763619,1.4754111,1.1310067,-0.2142305
20140706,1.1433669,1.1469583,-0.3215346,0.24062622,0.33231981,1.4536693,-0.83422533,0.14789815
20140710,-0.54047233,-0.60396489,-0.015796955,-0.51994134,1.0763946,0.51116314,0.66040699,-0.75556345
20140712,1.2111376,0.11412007,-0.0035025453,-0.46533391,0.22824782,-0.1955192,-1.4993231,0.68035543
20140726,-1.0904409,0.61328862,0.82246558,-0.55924037,-0.70338852,0.054439605,0.10101334,0.23423132
20140727,-1.1784066,0.046943798,-0.59130892,-0.63638167,-0.036857784,0.59624032,-0.66734739,0.53338656
20140736,-0.21211793,-0.31012097,-0.88466682,0.047734073,0.67743964,1.3944829,-1.132372,0.9563604
20140759,-0.0077189615,0.28554409,-0.042071408,-1.6922639,0.33846641,0.94794172,-0.92439535,0.021664206
20140766,2.0186524,0.38070904,-1.3676451,-0.20698197,-0.053005239,-0.90064025,0.42889601,-0.31981763
20140797,0.74236116,-0.23243237,-0.093456807,0.79261155,4.0226209,5.1968808,-2.4313597,-2.5624824
20140807,0.5285534,-0.014212038,0.69017316,-0.1385415,-0.5117021,-0.23454236,0.14407449,0.157344
20140822,0.08743634,-0.054734554,-0.21934316,-0.72870129,1.4246182,-0.99410956,-0.1171419,0.13835047
20140830,2.4472555,0.11264634,-0.109666,-1.9228643,-1.355453,0.33539739,2.4009208,-0.29053144
20140838,-1.2200758,0.34856628,-0.72542529,0.20889266,-1.1067994,0.79683349,-1.168239,0.2865444
20140840,-0.39485548,0.46710019,0.78683766,0.60891351,-0.59026066,2.5135193,-1.0329009,-1.376482
20140873,0.40357451,0.42512943,1.3816364,-0.074353222,2.1962259,0.59790854,-0.75384994,0.27811579
20140918,-1.2123357,0.2922881,0.22563266,-0.91908161,1.4455147,0.9573869,1.2981393,-0.079571935
20140932,-0.84279101,0.80493557,0.62254555,0.42351735,0.70567057,3.3057166,0.3867931,-1.4247197
20140935,-0.15484982,0.58107031,0.8478928,0.49045828,-0.22794016,0.33108668,0.42225642,-0.3368856
20140942,0.071140877,0.43730904,0.94878345,-1.1800249,1.0777423,0.20409796,-0.20807072,-0.26254688
20140950,0.0027624489,1.1844142,-0.24530157,0.23134428,0.69104549,1.1604339,-0.017311062,-0.18962323
20140951,-0.84893905,-0.43529639,0.32960303,0.83322684,-0.039663744,-0.29793549,-0.78321484,-0.079524374
20140979,0.57738683,-0.37742275,-3.3123362,0.264965,-1.8223232,0.40455006,-0.062044193,0.06414562
20140997,0.50458748,-0.18435881,-1.1187718,0.60142081,-0.53219097,0.068832347,-0.65182052,0.013026551
20141009,-0.57695393,0.83080568,0.10718074,-0.75397137,-0.61169756,-0.14188404,-1.7464463,-0.2533711
20141014,-0.35652712,0.30465948,0.37644842,0.37897253,-0.39423082,-0.13396457,0.2595136,-0.42754195
20141021,-2.846956,-0.6847973,-1.061128,-2.5226424,-0.85568781,2.6844357,3.8579136,2.8562874
20141035,0.91045714,-1.4695981,0.85229683,1.7426575,0.28057594,-0.83416122,2.0058158,-0.78879542
20141039,-0.66152161,-1.5052907,-1.3791362,-1.212552,0.5118491,-0.75893012,-0.3625738,-1.2352499
20141045,-0.41084889,-1.5836056,-1.2191464,-2.0474347,4.0609232,-0.68713049,0.22385929,-0.44078178
20141063,0.37210193,-0.16276076,0.83269883,1.0163517,-0.49990674,-0.70815844,0.11386567,-0.43180475
20141068,-0.60593451,0.061938111,0.034198424,-0.27705173,-0.48203729,-0.66672504,-0.1314079,-0.22018941
20141074,-0.12571381,0.76670195,1.3462568,0.88423536,0.94370212,0.15408238,0.5856434,-0.45134098
20141089,1.3091455,-0.90677189,0.63619954,2.4863308,-0.20572239,-0.71532662,1.7240152,-0.99807404
20141103,-0.18964886,-0.59487418,-0.24866739,-0.51748562,-0.73495007,0.33675847,-0.11069264,0.36157893
20141104,-0.92729818,0.15060171,-0.044029221,0.58392011,0.72829568,-0.47435918,-1.626693,-0.082909522
20141148,-0.41250834,1.882358,0.28639348,-1.0204026,-1.3670489,-0.037288032,3.04031,-0.44448613
20141160,-0.43216678,0.31826972,1.0997412,0.5279035,-0.20746628,-0.48429967,-0.36814704,-0.17304604
20141165,-0.84285154,0.24703443,-0.20260072,0.0095749478,0.57404367,-1.1193942,0.62229047,-0.18465722
20141169,0.20995568,0.13057386,0.4658357,-0.18102855,-0.32428656,0.080214228,-0.18728544,0.2008691
20141177,-1.0592139,0.4553514,0.55114896,-0.3706122,-0.7178798,-0.54379878,-0.032417973,-0.054705593
20150005,0.31916276,0.43216133,-0.049447968,-0.48669451,-0.67090496,-0.39008743,-0.57650516,0.38198022
20150015,-0.89243387,-0.68941375,-0.38350436,-0.49938424,0.84423585,0.093441746,-0.046412197,-0.90519199
20150017,-0.84169994,1.0427366,0.96738699,0.49808388,-0.29858374,-0.80652152,-0.58223692,0.025491295
20150024,0.7210874,2.6324424,1.1385752,0.33473452,2.4752305,-0.035193429,0.12844044,0.90293484
20150025,-0.39360128,-0.92614895,-0.42900638,-0.95404914,0.80749924,-1.1830091,0.11636735,-0.32582788
20150039,1.49915,-0.31374572,0.50834513,1.7188645,-0.75701646,-0.33980207,-0.72479624,-0.4052356
20150049,0.51454946,0.23708891,0.58847555,1.0891161,-0.083007019,-0.032744207,-0.73896217,-1.3552727
20150053,-0.82997713,0.87789414,1.7673244,-0.24616245,-0.26562477,0.77466027,-0.037567796,0.24944298
20150069,0.67916443,-0.86529411,0.92052434,-0.40124344,-1.2844891,-0.30865488,2.5156719,0.61436944
20150083,-1.1389112,-0.50410492,-0.73231591,-0.2101609,0.64407586,-0.47357289,-0.28652745,-0.92917403
20150097,-0.50058158,-0.22268598,1.3959705,0.21241028,-0.95597382,-0.34641598,0.27723726,0.30101848
20150100,-1.2458811,0.057484703,-0.48816393,0.53550642,-0.065222316,-0.06959343,0.30179147,0.21073068
20150108,-0.10012154,-0.047830627,0.29856503,-0.034972568,-1.1744112,-0.49235872,-0.25154978,-0.57724613
20150123,-0.19349086,0.10070504,1.2317485,0.53969325,-0.58201947,-0.30236683,-0.15789285,-0.41712873
20150135,-1.0179864,-0.13549296,-0.32297819,-0.032860236,0.006190964,0.34439906,-0.64555492,-0.50958278
20150149,-0.902421,0.18454717,1.0580867,0.059556568,-0.69864848,-0.65663313,0.15040728,0.57842249
20150167,-0.39576482,-0.53310671,0.82125839,-0.77807134,0.49057995,-0.19331711,0.11167203,0.48725032
20150175,-0.12514669,0.056757959,0.95140862,0.77287245,-0.20425495,-0.98832028,0.22532874,-0.6473874
20150185,-0.83921263,0.70068476,-0.9403324,0.044063754,-0.10079784,-0.34476481,0.63699747,-1.1545014
20150187,-0.95035626,0.44285148,1.1998521,-0.065545431,-0.6599409,-0.40303697,-0.26020137,-0.18081788
20150189,-1.1462049,-0.34487666,-1.0258575,0.32504901,-0.52946382,-0.63023131,0.54684672,-1.4589349
20150206,-0.53043323,-0.5109132,0.34377037,0.21552958,0.85519133,1.1901256,-0.21026858,-1.15064
20150231,1.4696412,1.3232512,1.4630341,2.1513383,1.2424557,-0.43198892,-0.029220205,-0.25838972
20150252,-0.54405556,-0.85940515,-0.25653732,0.37516454,-0.42963942,-0.17844865,-1.2310239,2.4720731
20150260,-0.22642762,0.087254302,0.048498284,-0.50508557,0.54577332,-0.86538813,0.42751844,-0.23605569
20150266,1.1482996,-0.30308235,-0.26264459,-1.9688407,-0.044065893,1.1406385,-0.45974698,-0.13134342
20150285,-1.3941613,0.69765469,-1.7453532,0.57755585,-0.60330447,0.15134301,1.6548947,0.062718827
20150306,-0.1169877,0.13168404,-0.1250157,-0.8553599,-1.2634011,-0.56991377,0.056206407,-0.32496974
20150359,0.9773202,-1.4190522,1.5004377,1.4170378,-0.81819619,1.6027179,1.5866656,-0.59345826
20150370,-0.60569306,0.31869568,0.10839558,-0.55697124,-0.25587707,-0.60212351,1.0490378,0.20783845
20150377,0.58812899,1.0939345,0.68687548,-1.6307299,1.8832695,1.5503433,0.33829509,1.080449
20150391,0.84681991,0.15767257,0.79884142,1.2603377,0.65374382,-1.3249493,-0.16640033,-1.4267126
20150407,-1.3550767,-1.2638851,-1.3829379,-1.1629981,-0.40640255,-0.27604599,1.9258889,-1.6009893
20150436,0.84080569,0.18428727,-1.1076067,-1.3733681,-0.28750154,0.92122547,-0.55543257,-0.17757482
20150441,-1.4480379,1.469912,-0.017881016,0.3593031,-0.18486965,-0.58882077,3.1434139,1.7199181
20150445,0.34721854,0.83676192,-1.4755927,0.32305029,1.6088923,-0.52104839,0.73855296,-0.22281526
20150451,-1.2053185,0.33004643,0.27257987,-0.083982269,-0.41219003,-0.094985485,0.59469151,0.97014962
20150458,-0.7867764,0.3330974,-2.3453052,0.4179206,-0.18582807,1.3218096,-0.19759738,1.133965
20150468,-0.20699734,-0.046605098,-0.3084277,-0.18374791,-0.7607,0.22856368,-0.043303097,-0.36749894
20150482,-1.1594211,-1.7052304,-0.48167839,0.087474295,1.5451435,0.31777393,0.30862032,-2.2934431
20150491,-1.1924263,-1.1983168,-2.1858298,-0.61111597,-1.1935988,1.6658779,2.8948814,5.3998232
20150499,-0.18782887,0.028130615,-1.0561811,0.90270599,-0.18776383,1.557645,0.74099696,-1.8705528
20150515,3.0430343,1.6506719,-1.3633401,2.8676347,4.6107483,-0.12428601,0.87377747,-0.084127381
20150528,2.730519,-1.1800165,1.1979121,-2.1770034,-1.2236899,-0.35177683,0.35339902,-1.1004548
20150532,3.6200512,-1.6460914,3.0327912,-2.4376919,0.38209445,1.2919496,-0.15173955,-1.7048198
20150537,-0.99231538,0.58311498,-0.10538814,0.024614648,0.03687235,-0.28060495,-0.3263053,-0.62039809
20150546,-0.73904711,-2.0067928,-1.2096349,-0.27016267,1.1458485,-0.38363715,-0.48282909,-1.2200397
20150561,1.6905806,-2.3141023,1.6334064,-0.017158708,0.32768585,-0.059189685,2.8239247,-1.7631109
20150566,0.31816812,1.9895788,-0.52684288,0.0072116551,0.32772009,-0.74114976,0.45550377,0.99198519
20150594,-0.25922161,0.94643933,0.99485537,0.63180158,-0.24618104,0.36769875,-0.73287562,-0.021794281
20150608,-0.041228053,0.0012439197,-0.16936734,-0.59307225,-0.0017213144,0.51597796,0.37925139,1.7737693
20150614,-0.3008686,0.059006815,0.73130551,0.13961575,-0.56617151,-0.23911824,-0.51750447,0.89129492
20150628,1.8747334,-1.9444646,0.077498325,1.8483429,-0.086288294,-0.38194867,0.31974885,-0.48192063
20150629,-1.1895798,0.3214497,-0.10513918,0.014992334,-0.19591143,-0.87397048,-0.013334969,0.5266432
20150637,-0.48880663,-0.10611147,-1.7695838,-0.93806737,1.3210201,2.5940802,-1.5968629,0.39965766
20150638,-0.76996764,-0.29823742,0.56850055,-0.50326644,0.095989523,-0.32147869,0.12309444,0.25363768
20150646,1.4677545,-0.2537755,-0.21424231,0.25093218,-0.080068301,1.1917621,0.41948381,1.7190056
20150650,-0.23445576,0.57825442,-0.31902119,0.78451719,-0.3852838,-1.7498967,-0.51452065,0.13111968
20150655,-0.39755629,0.47583743,0.53369906,0.34478706,0.6558344,-0.27888413,-0.97315441,-0.35778778
20150656,1.0620358,-2.0244054,1.140262,-1.0832144,0.21640774,0.59337849,0.34010795,0.7234705
20150682,0.24884805,0.028936187,-0.45196227,1.4939489,-0.86941198,0.7180076,-0.17794598,-1.386228
20150699,2.2593532,0.32821922,-3.262872,1.0163941,-0.38778737,0.46854584,-0.82093513,0.7377219
20150700,-0.37243237,0.22326417,-0.2758903,0.37849292,0.60883331,0.15880677,0.54336977,-0.98724736
20150717,0.12593533,-1.7344654,0.24542695,-0.089689434,0.46737089,-1.5453805,0.78241618,-0.11583323
20150746,2.1736457,-0.57980497,0.76770496,-0.78130404,1.3120901,-0.24641173,1.1001176,0.5389458
20150761,0.89986615,-1.6240456,-0.64078997,1.548446,-0.73613325,0.32237821,-2.1257874,-0.72798703
20150802,-0.34621636,0.34587931,0.14838913,-0.86431543,0.57439598,-0.41399367,-0.27513986,0.43652078
20150805,0.01517649,1.1934104,-0.95192816,0.47373243,-0.56398589,-0.18025663,-0.22819217,0.36034113
20150809,-0.20860586,2.1576098,-1.8843895,1.5376821,0.0082818369,0.3604187,1.0661984,0.12040453
20150821,1.7418281,2.0700888,-1.7720723,1.8657493,0.88816482,1.8727051,2.4833772,1.5038322
20150827,3.026245,1.0293274,-1.8183976,1.6267201,-0.60319572,0.17602212,2.3055504,-1.0012492
20150829,-0.004011956,-0.050646128,-0.55019699,1.3509529,-0.82094891,-0.51859595,1.1921298,1.3117566
20150836,0.69506582,1.559672,-0.83021797,-0.14040049,1.878431,3.0859148,-0.90648819,-0.01942858
20150843,1.7126017,-1.8801125,1.7544833,0.92406685,4.0315426,2.2113646,0.0014604933,-4.0940806
20150871,2.0465226,-1.1778147,-0.26866718,1.6858631,0.24553791,2.9318975,0.95464391,1.21029
20150880,0.23562176,0.31549835,0.065332305,0.034243943,-0.53054953,1.4741517,0.29389065,0.19024141
20150890,0.54149313,0.79023007,0.09210439,-0.20094611,1.1582988,0.63069018,0.076744878,-2.006882
20150908,-0.63430767,1.614914,0.68467326,0.51192261,0.33237148,1.4858575,-0.18623718,-0.79249123
20150942,-0.96351295,-0.30348512,-0.48351337,0.36862073,0.77454099,-0.29363932,1.5661923,-3.7224218
20150953,0.74892165,-0.27532233,-1.0023439,0.56153024,-0.36993572,-0.16505242,-0.22533886,-1.0313898
20150984,-0.4131751,0.07111568,0.25028123,-0.14791815,0.64349815,0.78392317,-0.29374528,0.27050856
20150992,-0.2701395,0.11519414,0.63885305,-0.72104026,2.1936179,0.842754,0.29652021,-0.56444389
20151026,-0.58970475,0.10746775,0.69630593,0.32430492,-0.49460902,0.55920711,-0.21134707,-0.24020759
20151030,-0.72415518,0.39841443,-0.77376965,-0.050871389,0.34567311,-0.1767748,0.29877381,-0.29097923
20151045,0.8608958,1.1534227,-0.28799862,1.7782674,0.52454431,0.13037269,0.59957435,-0.43922428
20151050,1.1576102,-0.10725078,-0.98548951,-0.2521012,-0.34038294,0.57680724,-0.21162493,-0.27980447
20151054,-0.53689255,-0.25200812,0.63009701,0.50483077,-0.70457127,-0.39706962,-0.30750986,0.29139859
20151076,-0.99261571,0.17801045,0.44330353,-0.19964944,0.11923776,-0.69075821,-0.28279008,-0.14947695
20151116,-0.37844187,0.55045766,0.76294645,0.014133673,-0.28038571,0.64368872,-0.49593827,0.26759958
20151119,-0.1035654,-2.0291589,-0.71483637,0.49607109,1.1218851,0.97938455,-1.3003254,-0.70556053
20151123,-0.47364634,0.66201204,0.83886982,0.45138726,-0.051729248,-0.40663021,-0.26547069,-0.20165937
20151130,0.57404288,-0.47946391,-0.60802316,-0.79951916,0.098275226,-0.74099551,-0.57826286,0.055319534
20151136,0.21888625,1.9413263,0.78150649,3.0377931,0.068066557,-0.6690842,1.7757442,-0.20524398
20151141,-0.91434785,0.7574956,0.82471656,0.776542,-0.16479804,-1.2304446,-0.02864296,0.25542314
20151143,2.0946209,1.8605442,0.84096104,2.7403648,1.8195264,0.063739841,-0.045100011,0.40779795
20151148,-0.75244528,-0.303814,0.42077227,1.1979441,0.50192282,2.7371751,-0.5088809,0.85698357
20151160,-1.1672164,0.3895716,0.2855967,-0.33216281,0.1177028,0.43056026,-0.17020935,0.1605201
20151170,-0.73209342,0.72950999,-0.81800496,-0.74435272,2.8555205,0.23287732,0.31153897,0.5364682
20151175,-0.58404163,1.2982179,0.48086506,-0.98744115,3.1069286,1.4230337,0.10454883,0.47095901
20151178,-0.17680941,-0.2119225,-0.92886483,0.15576566,-0.26515429,-0.66119599,0.68382919,-1.330078
20160006,-1.1414769,-0.093383392,-0.059748427,0.59570167,0.19141712,0.20117676,0.88569802,-0.55087778
20160030,1.4409008,-0.1387112,0.86527846,-1.8927465,0.089246085,-0.023099582,-1.3699356,0.17710983
20160051,-0.26098619,0.33862734,0.034036843,-0.1744753,-0.39638835,-0.29181615,-0.71087709,-0.22789314
20160080,-0.55025917,0.58785884,0.79715472,-0.090447719,-0.74639315,-0.26175133,0.75515446,1.2518577
20160102,-0.99620856,0.8612627,1.5917512,0.13076483,-0.20823518,2.0648406,-0.14805363,-0.18481703
20160104,-0.19643302,-0.19144374,-0.034603771,1.1401561,-0.175607,0.4448193,0.57915739,0.6140214
20160127,0.56372536,-0.31923966,0.56594587,-0.10821569,-0.048008082,-0.28018044,-2.0955315,0.20478315
20160132,-1.1085319,0.53633224,0.87630224,0.061571277,-0.69030731,-0.55809226,-0.2704589,0.31225479
20160139,0.44378867,-0.95865061,0.14841861,0.24771539,-0.82832036,-0.26932766,-1.3298373,0.17057946
20160145,-0.84519028,0.45008657,1.162871,0.38140985,-0.68832715,-0.94635076,-0.026643065,0.065035153
20160161,0.64460258,1.0419827,-0.018436541,0.12612253,0.028868146,-1.2404075,0.17666785,-0.89384203
20160162,-0.40516494,0.47684655,0.60595558,-0.70411411,0.57081357,0.17792682,-0.38483182,-0.48465331
20160176,-0.5140111,-0.33617923,0.5363529,0.81266919,-0.82761235,0.39015284,0.53892543,0.14835083
20160186,-0.71455139,0.57952866,0.76611978,-0.25132248,-0.78315835,-0.37458613,-0.12541423,0.25276986
20160199,0.93267964,-0.38716533,1.6273392,1.474794,0.08010236,-1.1211547,0.73353138,-0.5878682
20160232,-0.41282939,-0.18155709,1.4804501,-0.22503843,-0.2162059,0.48748733,0.74492514,-0.5247907
20160253,0.55593561,-0.1470684,0.90621689,1.0043313,-1.5236176,-0.29838653,-3.7259012,-1.2903078
20160288,-1.0860454,0.90391165,0.37516376,-0.025292502,-0.17460941,0.70604057,-0.20767724,0.8807351
20160315,-1.071902,-0.49950053,1.0310374,0.97383166,-0.42197641,0.34324754,0.94885044,0.71956854
20160317,-0.044559091,0.15693209,-0.46780341,-0.50792586,-0.17262692,1.0494979,0.96172329,1.6655322
20160330,-0.65453688,0.25628822,-0.28314812,-0.56039988,1.6844055,-0.90222929,0.27522386,-0.24461309
20160336,0.051824672,1.5281144,-1.1397736,0.54189903,-0.52941463,-0.37037582,-0.12861341,1.2940322
20160337,0.76226814,0.41875737,-0.45066127,0.68047101,0.5861646,-0.66342119,-0.62346803,-0.080181426
20160404,0.33396726,0.86749373,-0.75679113,0.65102498,-0.86058478,-0.15390067,1.3878668,-0.67965086
20160411,0.8045608,0.18053904,0.80634234,0.0086726637,2.4944826,-1.0063789,0.096283039,-0.04411431
20160414,0.71802683,-0.86359795,-0.54855526,0.19899237,0.54266505,-0.347067,1.2524244,-0.384467
20160443,-0.77973386,1.5965851,0.89048693,-0.23398858,0.78664322,0.26195805,-0.43862312,0.20176537
20160453,-0.88698169,0.14442914,0.67382826,0.52649729,-0.48007492,-0.48499535,-0.58451546,-0.062604317
20160486,0.65810418,0.77131274,-0.57007402,-0.82862787,0.12712001,0.082385781,-0.16054325,-0.80533621
20160487,-0.53964506,-0.11278595,0.71992949,0.5628348,-0.54642038,-0.028413206,-0.22994745,0.95279161
20160490,-0.08617935,1.7918846,-1.3657816,-1.0025902,-0.1382958,0.66837467,-0.11114536,0.17118771
20160498,-0.31933776,0.36423605,-0.012746199,-0.30937245,-0.61360089,-0.68843315,-0.59230999,0.30437423
20160523,-0.60660001,0.056132741,0.3750565,0.26435572,-0.099850255,-0.70118331,-0.12669287,0.21498591
20160527,0.092138583,1.0175444,0.098225956,-0.78855655,-0.66958944,-1.4618375,-0.18819229,0.42410016
20160539,-1.2126193,-0.020688662,0.92714969,-0.25363959,-0.36244503,-0.55908307,0.30836464,0.46740428
20160555,-0.24051301,0.52654466,0.92769791,-1.3723693,-1.3017164,-0.19419418,-0.36710669,0.4557523
20160579,-0.62922501,-0.70211834,-0.55766975,0.19885678,1.0925395,0.0049183514,0.50624442,-0.55230893
20160587,1.9441068,-0.97403876,1.6142139,2.0484896,0.42641023,-0.41368097,1.2078604,-2.087558
20160599,-0.47972485,-0.35031858,-0.88410407,-0.29922826,1.8119354,0.46733018,0.66900427,-0.78270456
20160609,-0.89540135,1.0146365,0.4152294,-0.016954654,-0.76860223,0.19771933,0.23013247,0.14519067
20160610,-0.28399412,0.21411324,-0.26760198,0.59012226,0.96693168,-1.492415,0.72872238,-0.33136819
20160644,0.17628108,0.33755843,0.13938793,1.0073249,-0.79243766,-0.5337323,0.17609899,0.37266094
20160647,-0.42229336,0.47343146,0.14218341,0.24009601,-0.68886838,-0.40339238,-0.76017094,1.0015212
20160649,-0.91302647,-0.23456941,-0.021100151,0.26955912,-0.097321905,-0.64107138,-0.57993133,0.18782628
20160692,-0.33491784,0.58186346,0.17476252,-0.33558635,-0.0010590439,2.0516682,-0.18400448,-0.24436753
20160696,-0.89790022,0.59788958,0.062629977,-0.097566751,0.42997486,-0.37706438,0.22064889,-0.710051
20160711,-1.1096272,-0.55497246,0.2263981,-0.47541003,-0.86682235,-0.64291344,-0.14383021,0.15111608
20160721,-0.5112117,0.14959127,-1.299164,-0.036768047,-0.57474027,-0.77713834,-0.69486357,0.99461744
20160729,-0.47255961,0.1324502,-1.3864721,0.29226799,0.80437641,-1.2614818,0.51744886,-0.35083355
20160735,1.0808445,1.2942341,-0.36848916,-1.8500363,-0.96443827,0.4249124,-1.2775235,-0.471477
20160742,0.11282747,0.57557436,-0.051439722,0.17335953,-0.27071208,0.38829714,-0.0018139529,-0.52080544
20160754,-0.49695313,0.38300786,-0.97125079,1.1917532,0.052738873,0.59324483,0.66030093,0.097886931
20160775,0.56702392,-0.7720121,0.98834106,1.1374461,-0.18858001,0.48234249,0.80851798,0.010675292
20160797,-0.29279281,0.26420703,0.1433643,0.44826089,-0.32245057,-0.5435205,0.21340767,-0.39135852
20160800,-0.074072866,-0.83555666,0.72522489,0.71970379,-0.49450087,-0.14513131,0.16482983,0.44757512
20160815,0.11738789,0.57227803,-0.44178237,-0.62859961,0.50035325,-0.13529137,-0.86820907,-0.70610684
20160861,-1.4011768,-0.89543102,0.45402538,-1.3877403,-0.011974996,0.67848115,-0.76980288,-0.99703685
20160881,-0.66851694,0.1565208,0.3708547,-0.48408117,0.025364995,0.49216654,-0.12364578,-0.77408653
20160903,-0.96095773,-0.22771411,-0.45199115,1.7082197,-0.393805,0.33740638,0.56955504,0.63534959
20160911,-0.33961353,0.41921419,0.7436451,0.37921557,-0.63516646,-0.62150003,0.31918126,0.31413616
20160922,-1.5622026,-0.4562724,-0.16124899,-0.7143935,0.60345364,0.28180021,1.1451327,-0.31285014
20160927,0.33749545,0.36090643,1.3093319,1.4527133,0.0075931861,-0.2588435,0.59932804,-1.0615347
20160980,-1.3832392,-0.10636367,0.4061539,-0.25301002,1.2141951,-0.48414618,0.48961388,0.072549619
20160994,1.4534728,-1.266148,-0.19210603,1.0932014,-0.78930404,0.46174673,-1.04577,-0.90987343
20160999,0.53632629,-0.38543885,0.95580872,1.6434579,-0.39343535,-0.3218885,-1.2946424,-0.018542405
20161003,0.08422351,-2.1674666,-0.39543059,-0.9729733,0.48836982,-0.53561258,-1.4873378,3.0676958
20161008,0.90441947,0.36366133,-3.8199564,0.42165589,1.0835216,-1.1897022,1.2049582,0.45811592
20161021,0.48306166,-0.39409074,0.18026528,2.5395645,0.2639155,-1.3061,0.80860757,-0.32111416
20161043,0.0094773197,-0.11307133,-1.9530095,-2.0451411,-1.3368218,0.69839718,-0.4800021,0.94216012
20161051,0.708126,-0.78924158,0.33378079,0.0087358115,-0.42097195,-1.0193016,-1.366919,-0.090830674
20161052,-0.48474767,-0.093839325,0.044061851,-0.34820327,-0.32155922,-0.64872768,-0.41881502,-0.32772232
20161071,-0.80317115,-0.60246067,0.18362508,-0.29669192,1.1427922,-0.78560631,0.29701999,-0.58072829
20161085,0.63440461,0.45793805,0.21651357,-0.32502361,0.14125104,-0.19370286,-1.0114123,-0.39460873
20161087,0.656186,-1.3963709,0.90402515,-0.98212222,1.3449074,-0.29933507,-0.88373017,2.1933707
20161097,-0.87771672,0.39352303,0.27278981,-0.69949633,-0.34789171,0.20021065,0.074222421,0.023168254
20161098,-0.082333424,0.050302943,1.601464,0.078025608,-0.82677649,0.22642542,0.55497069,-0.23963874
20161120,0.063607631,-0.025195993,0.20989131,-0.61076748,0.0049684779,0.095618823,-0.60581476,-0.77323074
20161121,-1.02559,1.181302,0.80660654,-0.0030262039,-0.12125888,-0.200644,-0.034083134,0.20942381
20161158,-1.0142566,-1.0946248,-1.3807025,-0.83183015,-1.0257107,0.9334829,2.1543564,-0.0053328291
20161168,0.060758774,0.92824235,0.94897522,0.098809428,-0.30638277,-0.76012567,-1.0102909,0.25257765
20161180,0.2402673,-0.12885228,-0.20182377,-1.1680468,1.4273634,-0.90945287,-0.075228759,-0.17166233
20170008,-0.64184349,0.47924076,-0.20136215,-0.33523759,0.24813338,0.60687488,-0.6200658,-0.73608958
20170020,0.34696613,-0.47008953,0.20308908,-1.3085773,-0.10646778,0.38834585,0.75548435,1.0231049
20170022,-1.0394129,-0.029817518,-0.04004284,0.10327966,0.67400847,-0.56547733,0.41752301,-0.19593147
20170023,-0.31513247,-0.89893237,-0.34208017,0.1468336,-1.311904,1.0549444,-0.23285062,0.24035425
20170033,-0.32990436,-0.0071465486,0.69242884,-0.53755546,0.012553203,0.47343099,0.87434256,0.20064374
20170039,-1.2595461,-0.15667042,1.2751944,-0.19689422,-0.62905407,-0.07791203,0.52544042,0.63730281
20170049,1.5466333,0.070645271,0.69678997,-0.39408501,-1.0655699,-2.3941631,-0.3488823,1.2504932
20170056,-0.82941408,-0.96263757,-1.0488535,-0.97598569,-0.13115182,0.14225207,-0.015375629,-0.92602118
20170082,-0.39370649,-0.61748655,-1.8188359,-0.58130943,-1.2256932,-0.18720764,-1.4288664,-1.1745218
20170098,0.90491196,-0.18184346,0.40245952,0.81582776,-0.53512964,-1.0089244,0.54010957,0.26228531
20170117,-0.64598895,0.46100498,1.0443909,-0.50748642,-1.079004,0.044202442,0.15444973,0.48154065
20170135,-1.2413594,1.2516073,-1.4942089,0.49449318,-0.14269543,0.43839694,0.37747926,0.12305098
20170154,0.3782746,-1.4378924,0.48271591,-1.1880863,-0.045442492,-2.3480322,-0.77023082,-0.67310067
20170193,-1.0072985,1.8340653,1.1223969,-0.22013621,0.86262965,3.5338126,1.1971081,-0.25484452
20170225,4.9637147,-2.8385893,3.4272734,3.7245866,2.8270834,-1.2633792,-4.4374544,-1.0131014
20170228,-0.75034933,-0.0049321859,0.38448686,-0.24546969,-1.0943275,-0.075557875,0.22568027,0.57902801
20170242,0.10266927,-0.28853719,0.4532234,-0.80557599,-0.44182589,-1.3250735,-0.96131448,-1.1414257
20170245,-1.2517987,0.38243295,0.63230216,-0.096010564,-0.09034483,-0.40721582,-0.22196207,0.24427089
20170285,0.97404737,2.7126669,0.26265015,1.3800658,1.8706992,1.7567324,-0.72039012,0.2642589
20170288,-0.094771087,1.1136632,-1.4141691,2.0277815,0.84154678,0.93221289,0.63299351,-0.03281807
20170296,1.3689422,-1.0711054,0.86051425,2.2276455,0.093274418,0.60924124,2.7251635,0.3635756
20170299,0.87418246,0.81380246,-0.51066822,-1.4231193,-1.2797182,1.3530562,-0.14099567,-0.69035372
20170319,0.7327584,1.932339,0.59755764,1.6101969,0.80352203,1.0642847,0.92397997,-0.040322829
20170342,0.84020962,-0.53409868,-0.546007,-0.73441367,0.80312039,-0.93208613,0.76711737,0.38156688
20170348,0.99392185,-1.2043038,0.66651454,2.022523,-0.91712358,0.84011768,2.2505603,1.4531031
20170375,0.0061807655,-0.062505681,-1.2627505,-1.0989888,-1.6896796,0.70427015,-0.5992765,1.2854988
20170409,1.313754,0.81946297,0.48642972,-1.265013,-0.31168726,-0.66837499,0.42887729,0.68511122
20170410,-0.17381976,0.30000238,1.2933407,0.21889675,0.1370654,1.0247033,-0.081429734,-0.34160023
20170432,-0.021572405,3.1633709,-2.5174635,1.8093237,-2.0850704,0.60925451,2.7590577,1.7015323
20170467,-0.8703177,0.55980515,0.35908985,0.30074944,-0.25948615,-0.71744172,-0.15282721,0.1741989
20170482,-0.47025531,-0.87736916,-0.14591622,-0.51278204,-0.33754306,-0.81971991,-1.5009278,0.17043622
20170485,-0.74845781,-1.0134517,0.020770192,1.420513,0.46387694,0.49161833,-0.22473501,-2.7416662
20170491,-0.41374408,0.73907874,0.63422791,0.037425486,-0.70376369,-0.68715741,0.60620327,2.2773343
20170504,0.59710669,-2.5212634,0.36575727,1.8865652,0.35912277,0.20063727,-0.44254558,3.3492032
20170510,-0.32976349,0.089400903,-0.68749138,-0.56649815,0.74152706,0.72529158,0.29391283,-1.1245638
20170514,-0.42757869,0.028794242,1.1017091,-0.15660111,-0.27700581,-0.12247994,0.53989291,1.1243532
20170520,1.5950259,1.1014206,-1.5544464,-1.1116564,1.6131139,-1.5937283,0.67291276,-0.85029397
20170534,-0.62662192,0.22146037,-0.94961645,-0.59049041,0.75847502,1.3290552,0.45770659,-1.3340741
20170548,1.069875,1.956552,-0.76147227,-0.23390768,-1.371696,-0.74868436,-0.61406605,1.65437
20170556,0.62371238,-0.2618317,-0.89690244,1.274364,-0.051400691,-0.78239052,-0.10632142,0.42309285
20170575,0.34458743,-0.071680054,-0.68278399,0.08245819,1.6699272,-1.1273249,-0.82294873,-0.30154848
20170587,0.75570547,-3.1581169,0.38742234,-2.0417266,0.19534356,1.0605,1.1571649,5.0234331
20170596,-0.6352947,1.1483435,-0.84731236,0.62857383,-1.0652477,-0.76299776,-0.85130354,-0.22493504
20170673,-1.008436,-0.43141802,-4.3099168,-1.4307536,-1.3405666,3.3345678,-1.2573494,1.7105704
20170676,0.17927539,-2.0190157,-1.5829284,-0.64225743,0.4293058,3.5157779,-1.2319923,-1.8422802
20170684,0.50434282,0.5274233,-0.60988963,0.90958913,-0.64065478,-1.4810865,-0.19703019,-0.34738153
20170696,0.5651288,0.34347735,0.032076128,0.34934315,0.20581525,0.17916017,-0.77683513,0.83558877
20170699,-0.62817711,-0.95173369,0.10596423,0.15374391,0.3304832,-0.7721702,-0.079666294,0.90254005
20170707,0.53436222,0.12393761,-0.55816799,-1.2473341,0.40828063,1.4283735,-2.1683944,-0.84458822
20170717,-0.89084236,1.0650092,-1.4470511,-0.25464344,-0.70680716,1.1393587,-0.0680304,-2.1274509
20170749,-0.86482889,-1.5431908,-0.60620472,0.7638105,1.4435311,-0.1928562,-1.4520326,-0.29846021
20170756,1.2634207,0.70323903,0.74143541,-1.6439357,-0.79533862,0.072116026,1.60323,0.30090995
20170760,1.6774872,-0.79187683,0.57535558,0.54149565,0.23110222,4.016749,2.5260864,-1.0527736
20170794,2.264271,-0.64186029,-0.92847165,-2.3118507,1.1265507,0.036902939,1.4074025,-0.87805272
20170824,-0.64843583,0.23898938,0.28514346,-0.31725882,0.30445831,0.026691918,-0.087544563,0.46087928
20170832,0.7573406,0.15875397,-2.0333004,-0.61113057,-1.0618282,0.29828887,-0.45646912,2.1588295
20170843,-0.42248939,0.36959005,-0.71640751,-0.63582509,2.5847226,0.54401098,0.96093626,0.10275107
20170845,0.17488077,0.045849655,0.54648535,-0.17116894,0.035942473,-0.26523648,-1.2932116,-0.77728129
20170858,-0.79530405,-0.12108693,-0.75615117,0.6110907,-0.43590757,0.79987823,0.42389232,-0.15807289
20170866,0.4499886,-0.4159778,-0.068559386,-0.062528229,-1.1627212,0.014383509,0.024539305,0.13731556
20170881,1.2568566,1.0584062,-0.42048897,0.42525776,1.7656344,0.94208575,-0.51408249,0.14841427
20170885,-0.27342029,0.90440502,0.65227918,0.23167372,-0.53601389,0.050720022,-0.054033172,-0.15892038
20170899,1.480696,0.38866318,0.54250848,0.20548879,0.40356908,-2.3979827,-1.4163561,-0.98607536
20170922,0.35485223,0.74976736,0.087062756,0.55013978,-0.65293672,-0.20621705,0.10088865,0.064842138
20170957,-0.95609607,-0.43451362,-1.5741997,0.4248782,-0.038480079,-0.56449386,1.6066181,-0.9002097
20170979,-0.10014101,-0.37458518,-0.10928388,0.15316169,0.25595476,-1.427093,-1.0391215,-1.2179247
20170984,0.9322987,2.7626951,2.3899319,1.5949442,0.32414711,3.9247457,0.17910343,-0.42664799
20170998,0.12521599,-0.40729895,0.14737225,1.1370167,-0.72875432,0.21413056,-0.48883527,-0.11334895
20171007,0.54423244,-0.26959035,0.044934186,-0.58378923,-0.8297492,0.21482363,-0.029862045,-1.0783874
20171038,0.35688775,-0.48098324,1.6586464,2.6593329,0.055471044,0.90036387,1.7540607,-3.3681167
20171054,0.023688676,-0.45548624,-0.62006202,-0.93252368,0.56708798,-0.37154721,-0.19240494,-0.74673167
20171068,-0.49627577,-1.1577129,-0.56207522,-1.0554967,0.87028484,-1.1526502,-2.3711751,-0.66992792
20171078,0.53697802,-1.069827,0.47973154,0.74154212,-0.2694996,0.22759289,1.9145247,-1.0944938
20171085,0.81354236,0.6992477,0.2462157,1.3273657,0.23368528,-1.4145839,-0.063725636,-0.45134936
20171097,-0.42015887,1.0496146,0.19173276,0.31299394,0.010475723,0.060600486,-0.75474211,0.42784213
20171104,-0.91466375,0.52067072,0.55184713,-0.24340721,0.078141614,-0.058003803,-0.81655801,-0.15167982
20171124,-1.0426489,0.69598741,0.28112897,-0.31898984,-0.064413136,-0.54209605,-0.1231638,0.04643165
20171126,-1.13554,0.66080939,1.2673382,0.22301295,-0.64704379,0.029024637,0.060374977,0.1324432
20171130,-0.26775096,-2.9808577,0.47914074,0.33038503,-1.0424689,0.48044304,1.8092886,5.4102937
20171155,-1.4211695,-2.240823,-1.1963514,-1.5837409,3.3567879,0.38364099,0.61831567,-1.1604205
20171171,-1.4970466,0.10094301,-1.2060884,-0.17820338,-0.12751012,1.4964455,1.2940776,0.65431118
20171179,1.1601676,-1.0177294,0.23120954,-2.1879427,-1.9786336,1.7250851,0.49917601,-1.6255344
20171182,-0.030454335,0.097796913,1.333813,0.013352611,0.43646541,0.36827711,0.097043565,-1.1807952
20171189,-1.1599723,-2.4869253,-0.45942003,-1.2901626,1.7809276,-1.0429697,-0.28502315,-1.9889592
20171190,0.50160005,-0.38778334,-1.1088468,-0.58495441,1.9166195,-0.044886896,-0.050239225,1.4668621
20171195,-1.0237872,-0.35422652,0.37567777,-0.47955612,-0.21267389,0.54613079,-0.36405204,-0.10463855
20171200,-0.76734667,0.34075751,1.2814729,0.30977975,-0.33828539,-0.4677982,0.12000494,-0.3470207
20180009,-1.2216764,0.079854986,-0.70913967,0.060395042,-0.48747851,-0.60330877,2.2754294,1.0271171
20180010,-0.58050678,-0.2264399,-0.2093239,0.951944,-0.16852277,-0.76507952,0.87238195,0.05406874
20180016,1.1888335,0.22943929,0.82695835,-1.0123357,-1.5231145,-1.1880086,-0.83611549,-0.24150778
20180039,-1.1477861,0.49127875,1.0712745,-0.01581415,-0.80923757,-0.33471454,-0.45759766,0.12450983
20180050,0.13291032,0.21069841,1.2091677,0.74692262,0.5888856,-0.12547326,-0.15488281,-1.1823841
20180082,0.6727877,-0.28617358,0.17288579,-0.082757521,-0.5680139,-0.76687034,-0.17831248,0.53142364
20180096,-0.7819743,-0.48519778,1.8924157,-0.568018,-0.66738762,1.3437774,0.80231485,0.67982517
20180099,-0.58751855,0.11433324,-3.7475212,-0.82780015,-2.4162119,3.160805,-1.6929213,3.4447953
20180117,-1.0013201,-0.99908244,0.1340459,-2.0438589,0.8327756,0.78964024,-2.1218932,-0.49464948
20180129,2.4576288,-0.91230656,-0.29720905,-1.0284271,-0.99388923,-0.26632764,2.1322552,1.6089002
20180138,-0.075209968,0.11977776,0.11015785,1.3376172,0.021086294,-1.8265579,0.27811052,-0.27762
20180148,-0.30823738,0.1221665,1.2963707,-0.70523334,-0.93698801,-0.22482532,-0.38810558,-0.11312864
20180154,0.071513151,0.62697055,0.56665807,-0.74953881,-0.058097168,-0.79916057,-0.33500949,0.34372087
20180159,0.36129684,0.15790075,0.31371644,0.69512392,-0.60408034,-0.86953021,0.081671158,-0.4945006
20180170,0.82967105,0.34245606,1.3693006,0.21293678,0.56199605,0.11415799,-0.2474807,-1.8902843
20180175,-0.6737128,0.94873934,0.45239057,0.52484805,0.48008529,-0.12146159,-1.0418501,0.25729521
20180178,0.3458221,0.89310449,0.91803775,0.55388945,1.8940515,0.0037650812,0.37305741,0.22422407
20180181,-1.0940584,0.71033143,0.77605063,-0.0034895709,-0.34021436,-0.66263046,-0.1873783,-0.1625742
20180182,-1.1691858,-0.82571205,0.27172383,0.56654676,0.32496208,-0.37877548,-0.67465672,-0.20667706
20180194,-1.1812688,0.49962869,0.95448854,-0.31380251,-0.20220129,-0.080035654,-0.23604986,0.075297295
20180196,-0.83515424,0.68541101,-1.1825381,-0.12097558,1.3531981,-0.29803738,0.37316508,0.90151945
20180200,0.42927364,0.3012415,0.57000359,0.29343131,-0.064339262,1.4851469,-0.33564579,0.92889805
20180203,-0.17573509,-0.28777906,0.26782666,-0.60905658,-0.84802717,-0.91190969,-0.39761847,-0.61401265
20180236,-0.43470172,-0.33470289,-0.78451842,-0.33058905,0.59643717,-0.66139916,0.24239576,-0.88705083
20180244,1.3721553,-2.1631402,-0.08393146,1.6784289,-0.01243185,0.57788309,1.8424376,0.15438238
20180249,-0.39083566,0.98304139,0.36173157,-1.59206,0.14353475,-1.3478434,2.0372624,0.5520218
20180263,0.53700756,-1.2056531,-0.14864245,-0.41518689,0.088416865,2.3609018,3.186861,-0.3991453
20180278,-0.14476655,-2.1059523,0.082477162,-0.75053933,-0.13106229,-0.34968087,0.12195265,0.67636345
20180287,-0.76297224,0.46094419,1.1927776,0.20088717,-0.2406523,-0.24675932,0.025905121,-0.65527231
20180300,1.025398,-0.5118388,-2.7600008,-3.953835,-3.2233497,-0.64306887,3.0970448,1.0138683
20180309,-0.62595321,-1.2234218,-0.3824136,1.0570063,-0.11583617,-1.2546686,0.84611617,0.28673374
20180333,0.7764013,0.71055757,-1.1349965,-1.4676966,-2.1540771,0.079718904,-1.7545213,-0.57092562
20180339,-1.2342063,0.60409826,0.4295741,-0.64117355,0.33632894,-0.23438738,0.29882448,0.087147691
20180346,-1.0837496,0.24585308,0.83115756,-0.29412528,-0.49614911,-0.25526037,-0.35673606,0.54835845
20180368,0.64749549,0.92030571,-0.80275412,-0.42217023,-0.92026294,-0.74292543,1.1827366,0.10156629
20180409,-1.0214144,0.43080006,0.78564168,0.22990358,-0.43199797,-0.17786944,-0.59736732,-0.026770208
20180415,0.55739009,-0.38623359,-0.17821008,0.63874866,0.089214679,-0.76141876,0.082173704,-0.98639001
20180435,-0.39189952,0.78712044,1.5484392,-1.1644721,-0.58759668,0.3237733,3.2114966,0.67522694
20180438,1.7667328,-0.45437542,-0.066812263,0.5929568,0.26743436,-1.8159063,0.50926422,-0.85300316
20180441,-0.79443965,-0.58481114,0.22721028,0.67990003,-0.77545091,-0.15994134,0.47618537,0.41780005
20180445,-0.56993248,0.68776576,0.57848843,0.12752848,-0.36428445,-0.80978843,-1.2841763,-0.57397451
20180468,-0.92531529,1.0830059,-1.2389329,-0.12283338,0.054030859,0.75632833,0.52495984,0.82956781
20180516,-0.02008374,-1.3678776,0.34659605,0.39753806,0.35152415,-0.64956218,0.47829566,0.21414111
20180545,-0.26346012,-2.6741985,0.032901117,1.8480822,0.10126575,0.92888398,-0.82412744,1.7430158
20180548,-0.52949735,-1.994404,-1.6818875,-0.22715645,1.7629251,0.17905043,0.48635068,0.49427205
20180558,-1.1122701,-1.8443026,-0.64153727,-1.7282167,3.6400388,0.91906091,-0.006019031,-1.3249392
20180563,0.57065377,1.7990149,-0.38135033,0.99786541,1.4116669,-0.39041402,-0.36746433,0.82848506
20180566,-0.81634085,0.61360621,-0.17885665,-0.14534074,0.09223807,-0.44050358,0.0058010543,0.14930983
20180576,-0.016569136,-0.30306689,-0.82988993,-0.21977833,0.50459868,-0.28024491,-0.29415116,-0.40056691
20180578,-0.25565169,1.3658929,1.3426511,1.2049515,0.3303129,0.23053527,0.36706641,0.42289512
20180602,0.31017953,-0.13995795,-2.7470977,-0.2398402,1.3552114,-2.625856,-0.64168141,-0.99672246
20180608,1.582995,-0.14724217,0.057500985,-0.99960865,0.39980754,0.40818374,1.2505863,-0.95308492
20180610,0.48458272,-0.82501163,1.2804465,-0.319369,0.77243545,0.04748747,0.66434554,0.28068435
20180628,2.000661,-0.30966222,-1.6899455,-1.20292,0.86335693,0.19335534,1.6391054,-0.48421151
20180654,3.3555735,0.28426858,0.42693672,-1.7737466,-1.703039,0.9683296,-1.0652313,0.39233027
20180688,1.4794293,-1.154329,0.38642199,2.301147,0.59322882,-0.24493432,1.2688629,-0.4725443
20180707,-0.19458459,0.84204622,-0.54119506,-0.91404355,0.18960893,1.4635483,-0.8868349,0.11036365
20180723,-1.0102961,-0.10146739,-0.47067778,-0.056525392,0.23618682,-0.39552379,-0.38435047,-1.018759
20180725,-1.1963873,1.249345,-1.1864497,0.70696872,1.1049033,-0.28780623,0.99354079,0.79968503
20180733,1.7104996,1.1662433,-0.32117073,-1.0161995,0.013413055,0.70655539,-0.2543379,2.1897004
20180747,-0.6840334,0.52202708,0.82450079,-0.94569056,-0.46705105,-0.16480388,-0.50997671,-0.33749217
20180759,1.6112487,-0.84823781,1.0202013,-1.6576854,-0.90376221,0.58875953,1.7696814,-1.4742973
20180803,0.66447206,1.3597226,0.086076774,1.2983914,-0.36649756,1.4766278,0.090590256,1.1704436
20180813,-1.5942673,-1.7360899,-0.74332826,-0.95946758,0.47588329,0.51634029,0.26163223,-0.29542684
20180849,1.6737336,1.0674898,-0.16726266,0.29557441,2.9301339,0.18381682,-0.9792522,0.8154417
20180864,-0.53213775,-0.19077648,0.46320807,0.048790319,-0.39747188,-1.4614143,-0.30155304,0.003169653
20180872,-0.17577002,-0.1269361,0.1915047,0.22166165,1.594717,1.6225408,0.36137746,-1.9242879
20180891,-0.84949167,0.20218799,0.6327627,-1.0822919,1.5085681,1.1062731,-0.63280829,0.29557441
20180897,0.055259235,-0.16141278,-0.6786426,1.420357,0.45916829,0.26301275,1.1928565,-3.2398443
20180898,0.78816589,0.63067655,-0.5960429,-1.2845204,-0.041329718,-1.1834409,-0.3567293,0.067161427
20180910,1.3453252,0.85651127,-1.2102765,0.33347995,1.3290727,0.43496451,-0.61577432,-0.11540755
20180941,0.33055818,0.43984562,-0.17791978,1.0954008,-0.10983233,0.23944938,-0.082847156,-0.45269311
20180970,0.4659143,0.55824522,0.71817443,-0.12918843,-0.43438983,0.42572185,-1.5387193,-0.5331904
20180989,0.45194927,0.58145867,0.18148979,1.4533543,0.20821672,-1.2016781,0.94358236,0.30864668
20181005,0.074679284,0.51346938,0.95003268,0.19413027,0.01692805,1.620213,-0.46314204,-0.54369299
20181011,-0.28299245,-0.05701117,-0.33441591,-0.34521289,-0.70463748,-0.24045743,-0.83563447,-0.82326885
20181039,-0.24292429,-0.043010966,-0.21728893,1.0559547,-1.2834872,1.0936633,1.2698998,0.07055934
20181046,0.58677528,-1.0983392,0.094187793,-1.5936553,-0.3269983,-1.3613399,1.6633486,-0.54182353
20181048,-1.3781262,-0.24445317,0.47403573,-0.5988558,0.1791846,-0.54109193,0.14274584,-0.57493296
20181052,1.5852679,-0.086538256,1.6662863,1.3010511,-1.2765992,2.6826333,0.055734754,-0.9659761
20181060,-0.52261122,-0.28403735,0.096892651,-0.18239297,0.45273754,-0.30535733,-0.044816871,-0.32084272
20181068,-0.7531382,-1.7214151,-0.074016455,-1.4159865,2.4884196,0.014202404,-0.4039405,-1.3218188
20181089,-0.97858409,1.3236733,1.2580174,0.13565207,0.24006948,0.82721752,0.15539478,-0.0083827142
20181098,-0.4656255,0.83881413,2.2947605,-0.037794601,-0.050450147,2.7791767,-0.63868779,-1.1771109
20181118,0.46716449,-0.25200351,0.41414249,-0.67662037,-0.13313895,-0.88539304,-0.54442306,1.0992013
20181128,-0.45989599,1.5883737,0.65081079,-1.0172061,1.3512508,0.098462928,-0.41624898,-0.16933797
20181134,-0.77960239,1.0970184,-0.46640512,0.21064911,-0.034611302,-1.3296014,-0.20082262,-0.27071093
20181135,0.26891761,-0.20116674,0.78429764,-0.2885761,-0.16231092,-0.10047099,0.2573687,-1.149621
20181141,0.15022687,-0.57481579,-0.26922814,1.5304401,-0.98360758,0.16630361,1.071227,-1.2705752
20181155,-0.44864199,-0.34727732,0.53446175,0.65768596,0.4776468,1.1786125,-1.3613054,-1.5861967
20181188,0.26451529,-0.22223446,-0.19098299,-0.58150956,0.68558704,-0.38393779,-0.035056132,0.38786709
20190008,1.5984027,-0.26567026,-2.3903744,0.91454201,-0.96520198,-1.2969353,0.80859484,-1.7114918
20190012,0.12796376,1.1340729,0.029151052,0.078824073,-0.95892403,-0.85905809,0.21855574,0.87311643
20190014,-1.3007918,-0.34028916,-1.0744708,-0.18268009,1.6539384,-0.45865287,-0.089014088,-0.2094463
20190028,-0.45039232,-0.070844104,-0.59251347,1.3333138,0.36021327,0.84892746,-0.075773291,0.11252176
20190036,0.52151018,0.76877677,-0.96301078,0.37079015,-0.18148807,-0.53838313,0.59156668,-0.022682876
20190042,-0.081319288,-0.13684875,0.52961925,-0.57536418,0.11144893,-1.0087554,-0.85091605,0.55001313
20190052,-0.11838819,0.40403061,1.0837786,0.51891055,-0.28094767,-0.11399811,-0.44512473,0.10417636
20190069,-1.547033,-0.084422398,0.84231069,-1.2570868,-0.47765417,0.80969487,0.30943091,-0.21619777
20190077,0.289124,-1.0793315,-0.82697848,-0.37415587,1.0802514,0.42560542,-0.48854605,-0.76555751
20190087,-0.79471749,-1.388617,-0.40721207,-1.0307642,0.6800374,-1.4320437,-0.06353053,-0.81807559
20190094,0.35896405,-1.2385651,1.2230724,0.088498014,2.7855459,-0.6082864,-0.42295403,-1.6271548
20190096,-0.68400803,-0.065675393,-0.66309953,-0.19541315,1.6547244,-0.88832729,1.2410174,-0.23345092
20190110,-0.81722519,0.13756582,0.70180734,0.34289819,-0.76329816,0.046634522,0.2238212,-0.49057087
20190116,-0.098662037,0.51809174,0.9444959,1.1732796,-0.37067486,-1.363012,-0.0370957,-0.49104545
20190118,-0.47416682,-0.068192457,0.12166642,0.045313354,0.73282878,-1.2348601,-0.23908872,-0.86312808
20190122,0.088194981,-0.62780978,-0.53238993,-1.2086454,1.4867756,-1.9396346,-0.056473451,-1.0255192
20190151,-0.98020603,0.84944575,1.376426,0.28011709,-0.77144114,0.44472104,-0.22191309,-0.52549289
20190156,-0.14225984,0.14441075,-1.7052078,-0.26976729,0.91673851,1.1329909,-1.3750022,0.22159383
20190160,-0.61441748,0.2871174,0.57664318,-0.039236372,-0.12261031,-0.4015224,0.25520675,-0.30308442
20190172,0.96122229,-0.48019893,-0.31783318,-0.32675611,-0.95939837,-0.96842973,-0.29264349,-0.34497021
20190190,0.34115938,-0.091187768,0.014258953,-0.0034341116,0.11457839,-1.489275,-0.35357769,0.84130273
20190197,-0.15602397,0.71449568,2.1518539,1.2621357,-0.86720428,2.9716384,0.080911213,-0.49280455
20190202,-0.22724434,-0.90616605,-0.2285644,1.1380349,-0.050512524,-0.29348891,-0.36203157,-0.48324503
20190237,-0.95311965,-0.085582482,0.64841549,0.75339148,-0.49255469,0.33893077,0.44237062,0.12184229
20190239,0.50357717,0.36304004,0.30323323,-0.8119843,-1.0121134,-0.56024013,-0.84570741,0.27417497
20190277,-0.38854982,-0.18931554,0.10912318,-1.024711,0.82513991,0.269005,1.5474296,0.65554814
20190325,1.674778,-1.5145725,1.7111415,0.64855891,0.034921737,-1.5307064,-0.64418531,-0.72398915
20190332,-0.68047165,0.26049576,1.3074237,-0.036427563,-0.44155001,0.79864802,0.37854331,0.029980108
20190337,-1.0711681,-0.36590244,0.030711939,-0.60353063,0.30764342,0.65768825,-1.656401,-1.7084708
20190348,-0.20766628,0.64108645,-1.5214982,0.35459421,-0.43865705,-1.1319153,1.8515478,0.0011154876
20190397,1.4318316,0.71673754,1.7915382,-0.38712592,0.0055915789,1.4821709,3.4542277,0.64634966
20190464,0.54997339,0.084883439,0.58761568,-0.33519338,0.10129538,-0.92083007,0.062755525,0.56674277
20190490,0.34452564,4.3814018,-0.77985133,0.43248799,1.0297784,-2.0043034,0.63537466,1.7031013
20190492,-0.3589377,1.6360696,0.51035244,0.18539963,0.42814521,0.054198796,-0.49020618,0.64291099
20190503,1.303594,-1.082902,-0.016373713,-0.13528715,-0.0054015163,-1.0161472,-0.24426144,1.213508
20190509,-0.80978454,-0.40215927,0.24719326,-0.51833792,-0.78805628,0.30883358,-1.4670546,-0.84293238
20190512,-0.66699493,-0.10798545,-0.38849076,-0.50567443,1.150051,1.5554149,0.91199408,-0.85893869
20190517,0.088476016,0.32645642,-0.17757249,-0.69449229,-0.088683942,-0.53840216,-0.12798574,0.94410683
20190519,-0.84410736,0.11320111,-0.36697478,-0.48302093,0.18342064,-0.52522144,-0.23334912,0.10578293
20190529,-0.078994777,-0.31252949,-1.1311004,0.18278626,0.8701802,0.80833336,-0.298319,-1.5516704
20190532,0.81295478,-0.14604147,-0.95528218,0.18658801,-0.88429985,0.11399341,0.78234809,-0.56723786
20190536,0.40355978,-0.43544031,-0.018774334,0.87762931,-0.55474662,-0.090465761,0.96868163,-0.7989806
20190568,0.71926125,-0.11869363,0.34871124,-0.55861685,-0.33411183,1.6614588,-0.99368926,-0.25010759
20190574,0.27224161,0.32618139,-0.17325221,-0.86332415,0.035287146,-1.323889,-0.44640205,0.36113127
20190580,0.14637269,-0.61932828,-1.3346157,0.34765738,0.1634724,-1.3597318,1.0715248,0.6045179
20190605,1.5077642,1.4255983,-1.0973079,-0.8591803,0.093810119,-0.32691719,0.44731145,-0.10264352
20190620,0.071473034,0.98600401,-0.12168086,0.19589218,0.33977745,0.5664541,-0.021921532,-0.00074825316
20190626,0.13498831,0.56236043,-1.4359024,-0.38822075,2.3736772,-1.7737904,0.11705043,-0.18548617
20190639,2.6265565,-0.78984056,-1.9650128,-2.3221837,0.60330111,-2.1046748,1.6887421,0.64010323
20190657,-0.44320344,-1.1499775,-0.83656716,-0.38015007,0.69192349,-0.071854107,0.052149689,-0.51831384
20190661,1.2448518,1.7123482,-3.7946776,0.87623335,-2.0388281,1.6688044,0.2600534,1.0467699
20190674,1.8534302,2.203025,-1.9184049,0.70609833,1.5466453,-0.42743117,1.3587767,0.43674864
20190677,-1.1667071,0.42994323,-0.44689212,-0.2325766,0.015078562,-0.011342346,0.32529254,-0.54274768
20190683,-0.72179632,0.79603636,0.77838699,-0.10168447,-0.11536343,-0.016790949,-0.45870298,0.30694913
20190687,-0.45981777,-0.69935175,-0.14884824,1.1685089,0.32546837,-1.0903639,-0.84052715,0.68691515
20190691,0.11395262,0.65496564,0.4506121,-1.8700131,-1.4756154,-0.64654335,1.3203673,0.058530105
20190695,-0.73595453,0.8780501,-1.2658844,0.36769769,2.0047378,1.2312051,0.97258588,-1.6531635
20190716,-0.0046109031,-0.17492692,-2.4942449,0.055584106,0.23138001,1.5704449,-0.87732457,0.7493423
20190725,0.45782327,2.7053122,0.28451219,0.62985236,1.4667253,1.7418765,-1.4270927,1.1209454
20190742,1.385857,0.73193613,0.12334874,0.56684393,0.045180953,-1.1331486,-0.050482859,0.39331653
20190746,-1.0823519,0.033679938,0.324636,-0.70320185,1.2689861,2.0175759,0.72051725,2.0603171
20190777,-1.1195248,0.24158996,-0.23973465,-0.019344836,-0.59461803,-0.32961714,-0.49875813,-0.86925585
20190785,-0.65331265,0.084052043,1.3837637,0.46442111,-0.58710929,1.4661398,-0.88956958,0.17852067
20190836,0.38815943,1.4207159,1.1738675,-0.72710826,-0.13374373,0.65621737,0.78945216,1.4548154
20190844,1.6118044,-0.84905736,-2.1954901,1.0369432,-0.57142125,-1.2378413,0.21362053,-3.002727
20190853,-0.24995432,0.76068488,-0.24387759,-0.016446898,1.6648971,0.97757945,-0.81030864,-0.78598554
20190857,-0.73247742,1.4645045,1.4417363,0.096525056,0.9804373,0.99631792,0.38084536,0.74107295
20190870,1.8949713,0.46663032,0.73887165,-1.9315544,-1.0171198,-1.1962804,-0.76525981,0.090271263
20190875,0.22995444,0.67121373,-0.54694342,-0.11493552,1.0970013,-1.3345222,-0.61244272,-0.46510698
20190879,1.936728,-0.34403613,-0.050796752,-0.84772209,-0.73896222,0.28157369,-0.083472875,-0.036947667
20190900,0.28906262,-1.0824423,0.97839432,-1.5105674,-1.0056576,-0.44036771,0.3444081,0.83906031
20190904,-1.0375397,1.0035227,0.37032889,0.13898959,-0.54439564,-0.19047569,-0.35565324,-0.22743771
20190943,-0.20508822,1.0339336,0.29072783,1.3309213,0.65670737,-1.3094099,-0.30176639,-0.34175752
20190968,-0.79454495,0.71314377,0.6582339,0.32355543,0.13757143,-1.1204256,-0.29881111,0.1727368
20190970,-0.68924945,-1.1589922,0.22804358,0.6513797,0.10252383,0.0024645828,1.5627168,0.2373635
20190987,-0.92492984,-0.42962432,-0.35449552,0.61705018,-0.90876142,-0.32483313,-1.4068246,0.47517126
20191004,-1.0270493,-0.28775089,0.035832026,0.27303658,-0.87114933,-0.78117725,-0.46100381,1.5061929
20191010,0.70173144,-1.8712712,-0.051338149,-0.39844235,1.4042517,-0.93427282,0.73282696,-1.7678564
20191014,2.5304292,-2.1714681,0.45596706,-0.33199635,0.04200676,-1.9011821,-0.75819803,0.71033762
20191015,-1.2194561,0.052274424,-1.2954277,-0.46974334,-1.0645913,1.0991354,-1.1183917,0.57176046
20191039,0.13840484,0.14353903,-1.80493,-0.73808011,0.26480842,-0.80707994,-0.0015980813,-0.93178347
20191042,-0.4084703,0.52822562,-0.33490613,-0.021180133,-0.22161612,0.17310895,-0.44845906,-0.37105401
20191052,-0.13987382,0.65676837,1.5857926,0.32432405,-0.78404864,0.80800145,-0.54745803,-0.082957595
20191057,-0.090795332,-0.4467306,1.4922974,1.1768221,-0.43308667,0.056754595,0.28412717,-0.63775545
20191070,-0.83463398,-1.5066036,0.48949513,0.41950334,-0.50668248,-0.25061502,-0.42734497,0.17054247
20191087,1.1654959,0.70215628,-1.4656322,0.02181615,0.2494578,0.75340305,1.4325757,-0.094667134
20191097,-0.42015133,-0.24047095,0.0081965418,0.61363245,-0.97580696,-0.047959677,-0.91208438,-0.70714683
20191103,0.12610975,-1.3925786,0.20786843,1.1223112,-0.49469505,0.40098546,-1.1589341,0.028438893
20191104,-0.0071871272,0.39435286,0.19541525,-0.97098521,-1.5140575,-0.15904422,-0.16792444,1.0254963
20191110,-0.032448385,0.82795794,1.2837804,0.86123716,0.48080937,-0.3132959,0.49104388,-0.54285944
20191150,-0.7729906,0.9177404,-0.063828355,0.084341935,-0.65990216,-0.43441516,1.1046191,0.76801856
20191155,1.3693284,-0.96885612,1.2426838,0.32041901,-0.92543084,0.37119491,1.4248246,-0.51658328
20191179,-1.3584064,-0.11435389,0.61327218,-0.79596428,-0.41451283,0.42007842,-0.93856261,-0.39164463
20200115,-0.38255116,0.49980966,0.29061109,-0.47363917,0.427236,0.50709476,-1.1303525,-0.63853533
20200222,0.36056909,-0.1946457,0.0099440195,-1.3016395,0.13235139,-0.1345522,-1.3884885,-0.67230569
20200367,-0.77418624,0.31392964,-0.033351636,-1.0687421,-1.2172549,1.031403,1.5847496,0.60310811
20200502,-0.58956789,-0.33028162,0.29333303,-0.78771861,0.84428254,-1.0408838,-0.55139604,-0.47543115
20200561,0.16788616,0.26773654,1.4105848,1.5156015,-0.36575857,0.2439003,0.79196459,-0.995083
20200598,-1.1582479,0.061055374,0.029491188,-0.63659095,0.063367759,-0.35406883,0.97444847,0.10568986
20200632,-0.30972967,-1.6641867,0.60801308,0.071340091,-0.93710298,-0.0018811272,0.56749139,1.2157567
20200759,0.025453084,1.3444274,0.92762672,0.46813875,1.0865105,1.224,-0.28658696,-0.6813747
20200790,-0.78667052,0.76702773,1.1001548,-0.18819196,0.20362538,0.43180495,-0.615921,-0.20366618
20200994,1.8670474,-0.080780807,-1.1522894,0.31039812,0.88053192,0.087514837,1.0927314,0.48068075
20201027,-0.8680059,0.32748697,1.104286,0.040302372,-0.010236882,0.21550161,-0.19795808,-0.45273734
20201113,-0.51407484,-0.21057876,0.71575641,0.058539337,0.5776615,-0.86885531,-0.23369542,-0.10923139
20201192,0.052569259,0.014329193,-0.70899388,-0.014322533,-0.078507737,2.1716704,-2.2829917,-0.62104985
20201245,1.5115793,-0.54720126,1.7844106,-2.6514501,-0.051733181,-0.054630874,1.0615695,-0.41669077
20201322,1.0049722,-0.19149985,2.0032612,0.96317338,0.48887695,-0.48406044,0.1115929,-1.212175
20201416,0.60155814,-0.65394126,0.52071775,1.8750287,0.048971764,-0.74942892,0.9326796,-1.8957063
20201535,-0.23995201,0.0072589323,0.52758594,-0.21234345,-0.23577454,-0.78215033,0.18473256,-0.47089378
20201732,-0.58367571,0.063583645,0.82522633,-0.040867322,-0.16362799,-0.2070665,0.16161381,0.57641865
20201882,-0.18737843,0.62152453,0.64427916,0.31849189,0.0036215985,-0.91936251,-0.80127307,0.90706032
20201884,-0.38306957,0.65333396,1.3935425,-0.11715657,0.16701488,0.26462001,-0.52844171,0.33188924
20202023,1.3963423,-1.1026789,-1.1494961,-1.262718,0.74379285,-0.80470841,1.2314764,0.75798143
20202177,-1.0338584,-2.2545697,-1.3522731,-1.183794,3.6526267,-0.63569275,0.0098759335,-0.66266171
20202267,-0.010732558,-0.25662753,0.85624928,-0.13329819,-0.062946182,-0.40467811,-0.016126419,0.0028144811
20202365,1.4495422,-0.96079307,0.26007277,-1.760007,-1.2064202,-0.81848809,0.024125322,1.196893
20202523,0.006777097,-0.34812826,0.53261325,-0.24271192,-0.35846964,-0.70695075,-0.60517568,0.23780081
20203146,0.24846883,2.6245363,-1.5895027,-1.2249828,1.9571638,3.8267609,-0.75984199,1.9048303
20203373,1.8132014,0.19689253,1.2765812,1.0231915,1.3851902,0.68982725,0.56896474,-0.95776105
20203389,0.54245107,0.60713277,0.43200665,-1.0597,-0.037003942,0.57847549,-0.10462391,0.0028912859
20203660,-1.4326348,-1.8198797,0.54444945,0.13824207,0.40219607,1.3524372,1.7984478,3.5723524
20203738,-1.7899873,-1.2420645,-0.79365029,-0.54573965,0.21394753,-0.36236105,-0.14035683,-1.7620436
20203778,0.30067391,0.26759849,-0.98560301,-1.2833417,-0.065835945,-1.1304213,-0.36589923,-0.65198303
20203947,1.1223769,-0.21761732,-0.23327555,-2.2304165,-0.43480544,0.44414689,-1.1472562,-0.014193488
20203983,-1.4258112,2.8536365,-3.6648116,-0.47265506,-3.4864032,2.8209723,-2.6033901,0.92193043
20204062,-1.0990327,-0.3240185,-0.35570452,0.21053458,-0.051560474,-0.89664625,0.44158345,0.065547365
20204069,-0.98439429,-0.58491691,-0.3305723,-0.38667165,0.1086025,-0.24049164,0.81096702,1.6877619
20204079,-1.2599694,-0.32493642,-0.00605385,-0.094121583,-0.28369261,-0.60115058,0.18148975,0.25495488
20204121,0.80523936,-0.66396366,0.43633712,0.84396346,1.3917088,1.2149739,-0.52034576,1.6145101
20204418,-0.69840279,0.5784595,0.85017426,0.30266974,0.419358,-0.18585586,-0.86889102,-0.53218557
20204458,-0.18560566,0.928681,-0.26490275,-0.67641128,-1.3424245,0.41870391,-0.18632905,-0.67036283
20204474,-2.0756133,-1.4884829,-1.3729322,2.2572444,1.0477861,1.8023331,2.5558248,1.5350694
20204603,0.66321481,0.49394291,-1.0994657,1.2384231,0.63441115,-1.335601,1.2605457,-1.1181273
20204655,3.1255643,-0.52469682,1.2692229,0.42403813,-0.73266785,0.18299291,3.0246843,0.35735925
20204777,-0.8839709,0.98111632,0.70988596,-0.091947561,0.49768243,-0.034814748,-0.20264341,-0.27335492
20204795,1.3372403,-0.57647739,-0.16188491,0.84278527,0.088452264,1.13768,-0.56099013,0.5364185
20204833,0.18881599,2.9359515,-0.50403274,-0.059359377,-0.25692906,-2.5303814,0.77243295,0.30290643
20205052,1.025301,2.028199,-1.12532,0.38382933,1.1045986,-0.58164821,0.42164389,0.130974
20205386,1.5008021,-0.25174942,-1.3115677,-0.32264886,-1.4274235,-0.16613076,2.8095723,-0.50187089
20205692,-0.46218884,0.56182238,0.71698112,-0.3699689,-0.63924189,0.42323714,0.32719984,0.61451471
20205754,-0.95093189,-1.1293892,-0.26155986,0.58554189,0.10338,-0.11091435,1.9190734,-0.25161363
20205822,-1.1476832,-0.91516478,-1.3396108,-0.94539491,-0.033441897,1.4657911,-0.57735401,-0.94798917
20206010,1.3254739,0.66129697,0.038845032,-0.27845471,0.26002353,-2.0959313,0.58653099,1.2348677
20206145,-0.29857213,0.39464178,-0.2996757,0.8158351,-0.11918857,0.6177524,0.41120762,-1.5445056
20206498,1.4500341,-1.194695,-0.89032002,-1.1248473,-0.87339355,2.1967119,-0.44333859,2.0267815
20206517,-0.82924111,0.90087562,-0.19684861,1.2099411,1.1363788,0.095536768,-0.26145993,-0.62445665
20206591,1.4588174,-0.78499238,-3.5009635,1.9077672,-0.20459992,0.13268073,0.75174967,-0.93956977
20206945,0.46054314,-0.6444198,1.2012379,2.3371656,-0.84798255,-0.64864696,-1.6618179,-0.95962363
20207012,-0.40586571,0.45899854,-0.48122433,-0.25748206,0.77937103,-1.4912844,-0.04224804,0.0037979476
20207084,-0.23307646,0.044571043,-0.91406123,0.40749637,0.21092359,-1.4591725,-0.65287538,-0.57550931
20207121,-0.53045119,1.2349506,1.0616001,0.26393837,0.02711129,1.7248433,-0.60688515,-0.24787685
20207167,-0.87194089,-1.1467296,-0.090247447,0.67668742,0.25829471,-0.26892165,-0.8659735,-0.65648054
20207340,-1.6861859,-0.23559935,0.0095806928,-0.28941446,0.21739401,0.28092633,1.3384083,0.79086864
20207440,0.52294054,-1.9344151,0.14519144,2.4808187,-0.71484844,-0.31014684,0.91964708,-0.20605836
20207514,0.18453156,-0.17257176,-2.4523051,-0.15249764,1.1784201,-1.3966961,0.20979825,-0.70830362
20207711,-0.36415014,0.79840064,-1.351199,-0.42737697,-0.66408555,1.0486952,-0.13813082,0.52450945
20207822,1.4866958,-0.48105768,0.33957985,-0.37534438,0.51362879,-1.4080941,-0.17590843,-0.54271609
20207824,-1.0514838,-1.4587231,0.48716685,-0.94436925,0.30537601,0.2110471,-0.80353726,-0.0036448155
20207954,-0.8799716,0.66236943,0.63755663,-0.64942184,-0.31697585,-0.085461932,-0.16055843,-0.074743475
20208066,2.330924,2.6969436,-1.5404585,0.61238101,1.3452093,-0.47395554,-1.4076005,-0.69646688
20208276,-0.25439357,-0.095081599,-0.41295412,1.1083129,-1.2102209,-0.22967019,-1.2879664,1.1518518
20208309,-0.28117294,0.1739108,0.31899752,0.58718944,-0.48102673,-0.92902981,-2.9312038,-1.2212541
20208517,-0.44665017,0.43730917,0.24738866,-0.17854507,-0.8039279,-0.17473268,0.232607,-0.97886263
20208688,-1.0481088,0.44026266,0.78686533,-0.067084455,-0.28396927,-0.33694189,-0.0099945339,0.35139843
20208758,0.091607139,0.46764026,-0.21809759,0.34211022,-0.11307063,0.047860121,-0.35862936,1.2029993
20208841,-0.24669656,-0.031498035,0.43439381,0.24544931,-0.090042611,0.33407606,-0.4505508,-0.54374121
20208961,0.21653847,0.36571431,0.40159185,0.10283877,-0.67857357,0.079366322,-0.45897418,-0.11618976
20209125,-1.7476511,-1.1471928,-0.58500477,-0.46742717,0.55112669,-0.44375771,0.39561439,-1.2908186
20209135,1.4236258,-0.0060249504,-0.35664376,1.0501618,-0.45585948,-0.82997569,-0.25640122,0.0054199529
20209220,-1.1065796,-0.13047812,0.67275707,-0.44132584,0.14974394,-0.33922502,0.44902543,0.68681926
20209245,0.59714148,0.11909307,0.85652243,0.49475714,-1.1795524,0.77463842,-0.72337066,-0.44146789
20209372,-1.5763515,-0.08542209,-0.71050135,0.71761357,-0.46827604,0.14739248,1.2470039,1.2490293
20209489,-0.54711313,0.74128547,-1.6733758,-0.31712002,-0.74074131,-0.13375494,-2.2714969,1.0676689
20209569,-0.12602565,-0.76532349,-0.62331275,-1.4880334,-0.82519009,0.24810064,-1.7197213,1.0456947
20209664,-1.1390815,0.30170789,0.7825284,0.15606284,-0.38204272,-0.78302953,0.12504748,0.1702447
20209676,0.66104097,-0.31147894,-0.2240741,-0.8308677,1.327708,-1.4051582,-0.70339342,-0.3820135
20209703,0.77561971,-1.130381,0.39017139,-0.22817533,-0.76732243,-0.19384222,2.4048858,-0.98903729
20209838,-0.84531376,0.38392937,1.4484319,0.19513918,-0.55592296,-0.027371441,-0.34819319,0.10313352
20210007,-0.48330541,-0.35699351,-0.61999797,0.10243858,1.587326,-0.87322889,0.14510991,-0.64042988
